config,neigh,comp,instance,run,lower,upper,midpoint
n1_TS,n1,TS,F0.15.0.abz7_06,1,642.0,725.0,683.5
n1_TS,n1,TS,F0.15.0.abz7_06,2,650.0,725.0,687.5
n1_TS,n1,TS,F0.15.0.abz7_06,3,652.0,719.0,685.5
n1_TS,n1,TS,F0.15.0.abz7_06,4,643.0,712.0,677.5
n1_TS,n1,TS,F0.15.0.abz7_06,5,655.0,725.0,690.0
n1_TS,n1,TS,F0.15.0.abz7_06,6,641.0,724.0,682.5
n1_TS,n1,TS,F0.15.0.abz7_06,7,636.0,717.0,676.5
n1_TS,n1,TS,F0.15.0.abz7_06,8,630.0,717.0,673.5
n1_TS,n1,TS,F0.15.0.abz7_06,9,634.0,711.0,672.5
n1_TS,n1,TS,F0.15.0.abz7_06,10,643.0,721.0,682.0
n1_TS,n1,TS,F0.15.0.abz7_06,11,639.0,717.0,678.0
n1_TS,n1,TS,F0.15.0.abz7_06,12,642.0,727.0,684.5
n1_TS,n1,TS,F0.15.0.abz7_06,13,646.0,725.0,685.5
n1_TS,n1,TS,F0.15.0.abz7_06,14,636.0,720.0,678.0
n1_TS,n1,TS,F0.15.0.abz7_06,15,642.0,720.0,681.0
n1_TS,n1,TS,F0.15.0.abz7_06,16,638.0,719.0,678.5
n1_TS,n1,TS,F0.15.0.abz7_06,17,640.0,717.0,678.5
n1_TS,n1,TS,F0.15.0.abz7_06,18,640.0,723.0,681.5
n1_TS,n1,TS,F0.15.0.abz7_06,19,635.0,714.0,674.5
n1_TS,n1,TS,F0.15.0.abz7_06,20,641.0,713.0,677.0
n1_TS,n1,TS,F0.15.0.abz7_06,21,637.0,719.0,678.0
n1_TS,n1,TS,F0.15.0.abz7_06,22,637.0,718.0,677.5
n1_TS,n1,TS,F0.15.0.abz7_06,23,643.0,720.0,681.5
n1_TS,n1,TS,F0.15.0.abz7_06,24,627.0,715.0,671.0
n1_TS,n1,TS,F0.15.0.abz7_06,25,633.0,714.0,673.5
n1_TS,n1,TS,F0.15.0.abz7_06,26,636.0,716.0,676.0
n1_TS,n1,TS,F0.15.0.abz7_06,27,637.0,717.0,677.0
n1_TS,n1,TS,F0.15.0.abz7_06,28,637.0,713.0,675.0
n1_TS,n1,TS,F0.15.0.abz7_06,29,639.0,717.0,678.0
n1_TS,n1,TS,F0.15.0.abz7_06,30,636.0,717.0,676.5
n1_TS,n1,TS,F0.15.0.abz8_05,1,651.0,722.0,686.5
n1_TS,n1,TS,F0.15.0.abz8_05,2,656.0,720.0,688.0
n1_TS,n1,TS,F0.15.0.abz8_05,3,671.0,742.0,706.5
n1_TS,n1,TS,F0.15.0.abz8_05,4,648.0,730.0,689.0
n1_TS,n1,TS,F0.15.0.abz8_05,5,662.0,729.0,695.5
n1_TS,n1,TS,F0.15.0.abz8_05,6,652.0,718.0,685.0
n1_TS,n1,TS,F0.15.0.abz8_05,7,663.0,729.0,696.0
n1_TS,n1,TS,F0.15.0.abz8_05,8,661.0,716.0,688.5
n1_TS,n1,TS,F0.15.0.abz8_05,9,659.0,722.0,690.5
n1_TS,n1,TS,F0.15.0.abz8_05,10,656.0,715.0,685.5
n1_TS,n1,TS,F0.15.0.abz8_05,11,653.0,721.0,687.0
n1_TS,n1,TS,F0.15.0.abz8_05,12,663.0,716.0,689.5
n1_TS,n1,TS,F0.15.0.abz8_05,13,657.0,730.0,693.5
n1_TS,n1,TS,F0.15.0.abz8_05,14,662.0,721.0,691.5
n1_TS,n1,TS,F0.15.0.abz8_05,15,649.0,715.0,682.0
n1_TS,n1,TS,F0.15.0.abz8_05,16,659.0,733.0,696.0
n1_TS,n1,TS,F0.15.0.abz8_05,17,654.0,719.0,686.5
n1_TS,n1,TS,F0.15.0.abz8_05,18,657.0,722.0,689.5
n1_TS,n1,TS,F0.15.0.abz8_05,19,658.0,723.0,690.5
n1_TS,n1,TS,F0.15.0.abz8_05,20,661.0,726.0,693.5
n1_TS,n1,TS,F0.15.0.abz8_05,21,650.0,718.0,684.0
n1_TS,n1,TS,F0.15.0.abz8_05,22,652.0,719.0,685.5
n1_TS,n1,TS,F0.15.0.abz8_05,23,655.0,719.0,687.0
n1_TS,n1,TS,F0.15.0.abz8_05,24,645.0,715.0,680.0
n1_TS,n1,TS,F0.15.0.abz8_05,25,644.0,717.0,680.5
n1_TS,n1,TS,F0.15.0.abz8_05,26,662.0,727.0,694.5
n1_TS,n1,TS,F0.15.0.abz8_05,27,659.0,731.0,695.0
n1_TS,n1,TS,F0.15.0.abz8_05,28,649.0,721.0,685.0
n1_TS,n1,TS,F0.15.0.abz8_05,29,657.0,726.0,691.5
n1_TS,n1,TS,F0.15.0.abz8_05,30,658.0,730.0,694.0
n1_TS,n1,TS,F0.15.0.abz9_10,1,671.0,734.0,702.5
n1_TS,n1,TS,F0.15.0.abz9_10,2,673.0,744.0,708.5
n1_TS,n1,TS,F0.15.0.abz9_10,3,681.0,739.0,710.0
n1_TS,n1,TS,F0.15.0.abz9_10,4,669.0,731.0,700.0
n1_TS,n1,TS,F0.15.0.abz9_10,5,674.0,734.0,704.0
n1_TS,n1,TS,F0.15.0.abz9_10,6,661.0,734.0,697.5
n1_TS,n1,TS,F0.15.0.abz9_10,7,665.0,737.0,701.0
n1_TS,n1,TS,F0.15.0.abz9_10,8,670.0,740.0,705.0
n1_TS,n1,TS,F0.15.0.abz9_10,9,669.0,740.0,704.5
n1_TS,n1,TS,F0.15.0.abz9_10,10,664.0,728.0,696.0
n1_TS,n1,TS,F0.15.0.abz9_10,11,681.0,746.0,713.5
n1_TS,n1,TS,F0.15.0.abz9_10,12,678.0,741.0,709.5
n1_TS,n1,TS,F0.15.0.abz9_10,13,673.0,732.0,702.5
n1_TS,n1,TS,F0.15.0.abz9_10,14,683.0,745.0,714.0
n1_TS,n1,TS,F0.15.0.abz9_10,15,695.0,743.0,719.0
n1_TS,n1,TS,F0.15.0.abz9_10,16,688.0,749.0,718.5
n1_TS,n1,TS,F0.15.0.abz9_10,17,671.0,737.0,704.0
n1_TS,n1,TS,F0.15.0.abz9_10,18,676.0,751.0,713.5
n1_TS,n1,TS,F0.15.0.abz9_10,19,667.0,742.0,704.5
n1_TS,n1,TS,F0.15.0.abz9_10,20,673.0,742.0,707.5
n1_TS,n1,TS,F0.15.0.abz9_10,21,674.0,736.0,705.0
n1_TS,n1,TS,F0.15.0.abz9_10,22,669.0,731.0,700.0
n1_TS,n1,TS,F0.15.0.abz9_10,23,675.0,743.0,709.0
n1_TS,n1,TS,F0.15.0.abz9_10,24,662.0,726.0,694.0
n1_TS,n1,TS,F0.15.0.abz9_10,25,675.0,741.0,708.0
n1_TS,n1,TS,F0.15.0.abz9_10,26,675.0,734.0,704.5
n1_TS,n1,TS,F0.15.0.abz9_10,27,669.0,736.0,702.5
n1_TS,n1,TS,F0.15.0.abz9_10,28,679.0,735.0,707.0
n1_TS,n1,TS,F0.15.0.abz9_10,29,674.0,744.0,709.0
n1_TS,n1,TS,F0.15.0.abz9_10,30,674.0,740.0,707.0
n1_TS,n1,TS,F0.15.0.ft10_10,1,890.0,990.0,940.0
n1_TS,n1,TS,F0.15.0.ft10_10,2,890.0,990.0,940.0
n1_TS,n1,TS,F0.15.0.ft10_10,3,890.0,990.0,940.0
n1_TS,n1,TS,F0.15.0.ft10_10,4,890.0,990.0,940.0
n1_TS,n1,TS,F0.15.0.ft10_10,5,905.0,993.0,949.0
n1_TS,n1,TS,F0.15.0.ft10_10,6,882.0,989.0,935.5
n1_TS,n1,TS,F0.15.0.ft10_10,7,882.0,989.0,935.5
n1_TS,n1,TS,F0.15.0.ft10_10,8,890.0,990.0,940.0
n1_TS,n1,TS,F0.15.0.ft10_10,9,890.0,990.0,940.0
n1_TS,n1,TS,F0.15.0.ft10_10,10,905.0,993.0,949.0
n1_TS,n1,TS,F0.15.0.ft10_10,11,882.0,989.0,935.5
n1_TS,n1,TS,F0.15.0.ft10_10,12,882.0,989.0,935.5
n1_TS,n1,TS,F0.15.0.ft10_10,13,879.0,999.0,939.0
n1_TS,n1,TS,F0.15.0.ft10_10,14,882.0,989.0,935.5
n1_TS,n1,TS,F0.15.0.ft10_10,15,895.0,997.0,946.0
n1_TS,n1,TS,F0.15.0.ft10_10,16,905.0,993.0,949.0
n1_TS,n1,TS,F0.15.0.ft10_10,17,905.0,993.0,949.0
n1_TS,n1,TS,F0.15.0.ft10_10,18,905.0,993.0,949.0
n1_TS,n1,TS,F0.15.0.ft10_10,19,890.0,990.0,940.0
n1_TS,n1,TS,F0.15.0.ft10_10,20,905.0,993.0,949.0
n1_TS,n1,TS,F0.15.0.ft10_10,21,890.0,990.0,940.0
n1_TS,n1,TS,F0.15.0.ft10_10,22,882.0,989.0,935.5
n1_TS,n1,TS,F0.15.0.ft10_10,23,890.0,990.0,940.0
n1_TS,n1,TS,F0.15.0.ft10_10,24,890.0,990.0,940.0
n1_TS,n1,TS,F0.15.0.ft10_10,25,878.0,1000.0,939.0
n1_TS,n1,TS,F0.15.0.ft10_10,26,890.0,990.0,940.0
n1_TS,n1,TS,F0.15.0.ft10_10,27,890.0,990.0,940.0
n1_TS,n1,TS,F0.15.0.ft10_10,28,890.0,990.0,940.0
n1_TS,n1,TS,F0.15.0.ft10_10,29,882.0,989.0,935.5
n1_TS,n1,TS,F0.15.0.ft10_10,30,882.0,989.0,935.5
n1_TS,n1,TS,F0.15.0.ft20_05,1,1106.0,1250.0,1178.0
n1_TS,n1,TS,F0.15.0.ft20_05,2,1106.0,1250.0,1178.0
n1_TS,n1,TS,F0.15.0.ft20_05,3,1094.0,1238.0,1166.0
n1_TS,n1,TS,F0.15.0.ft20_05,4,1101.0,1245.0,1173.0
n1_TS,n1,TS,F0.15.0.ft20_05,5,1109.0,1251.0,1180.0
n1_TS,n1,TS,F0.15.0.ft20_05,6,1111.0,1253.0,1182.0
n1_TS,n1,TS,F0.15.0.ft20_05,7,1111.0,1253.0,1182.0
n1_TS,n1,TS,F0.15.0.ft20_05,8,1106.0,1250.0,1178.0
n1_TS,n1,TS,F0.15.0.ft20_05,9,1094.0,1238.0,1166.0
n1_TS,n1,TS,F0.15.0.ft20_05,10,1106.0,1250.0,1178.0
n1_TS,n1,TS,F0.15.0.ft20_05,11,1101.0,1245.0,1173.0
n1_TS,n1,TS,F0.15.0.ft20_05,12,1109.0,1251.0,1180.0
n1_TS,n1,TS,F0.15.0.ft20_05,13,1106.0,1250.0,1178.0
n1_TS,n1,TS,F0.15.0.ft20_05,14,1101.0,1245.0,1173.0
n1_TS,n1,TS,F0.15.0.ft20_05,15,1106.0,1250.0,1178.0
n1_TS,n1,TS,F0.15.0.ft20_05,16,1101.0,1245.0,1173.0
n1_TS,n1,TS,F0.15.0.ft20_05,17,1094.0,1238.0,1166.0
n1_TS,n1,TS,F0.15.0.ft20_05,18,1094.0,1238.0,1166.0
n1_TS,n1,TS,F0.15.0.ft20_05,19,1101.0,1245.0,1173.0
n1_TS,n1,TS,F0.15.0.ft20_05,20,1101.0,1245.0,1173.0
n1_TS,n1,TS,F0.15.0.ft20_05,21,1106.0,1250.0,1178.0
n1_TS,n1,TS,F0.15.0.ft20_05,22,1106.0,1250.0,1178.0
n1_TS,n1,TS,F0.15.0.ft20_05,23,1094.0,1238.0,1166.0
n1_TS,n1,TS,F0.15.0.ft20_05,24,1094.0,1238.0,1166.0
n1_TS,n1,TS,F0.15.0.ft20_05,25,1106.0,1250.0,1178.0
n1_TS,n1,TS,F0.15.0.ft20_05,26,1094.0,1238.0,1166.0
n1_TS,n1,TS,F0.15.0.ft20_05,27,1101.0,1245.0,1173.0
n1_TS,n1,TS,F0.15.0.ft20_05,28,1106.0,1250.0,1178.0
n1_TS,n1,TS,F0.15.0.ft20_05,29,1111.0,1253.0,1182.0
n1_TS,n1,TS,F0.15.0.ft20_05,30,1094.0,1238.0,1166.0
n1_TS,n1,TS,F0.15.0.la21_04,1,1011.0,1142.0,1076.5
n1_TS,n1,TS,F0.15.0.la21_04,2,997.0,1141.0,1069.0
n1_TS,n1,TS,F0.15.0.la21_04,3,1016.0,1134.0,1075.0
n1_TS,n1,TS,F0.15.0.la21_04,4,985.0,1126.0,1055.5
n1_TS,n1,TS,F0.15.0.la21_04,5,996.0,1122.0,1059.0
n1_TS,n1,TS,F0.15.0.la21_04,6,996.0,1122.0,1059.0
n1_TS,n1,TS,F0.15.0.la21_04,7,996.0,1122.0,1059.0
n1_TS,n1,TS,F0.15.0.la21_04,8,1004.0,1134.0,1069.0
n1_TS,n1,TS,F0.15.0.la21_04,9,996.0,1122.0,1059.0
n1_TS,n1,TS,F0.15.0.la21_04,10,996.0,1122.0,1059.0
n1_TS,n1,TS,F0.15.0.la21_04,11,1022.0,1144.0,1083.0
n1_TS,n1,TS,F0.15.0.la21_04,12,1011.0,1132.0,1071.5
n1_TS,n1,TS,F0.15.0.la21_04,13,996.0,1122.0,1059.0
n1_TS,n1,TS,F0.15.0.la21_04,14,997.0,1141.0,1069.0
n1_TS,n1,TS,F0.15.0.la21_04,15,996.0,1122.0,1059.0
n1_TS,n1,TS,F0.15.0.la21_04,16,997.0,1141.0,1069.0
n1_TS,n1,TS,F0.15.0.la21_04,17,1011.0,1142.0,1076.5
n1_TS,n1,TS,F0.15.0.la21_04,18,1014.0,1138.0,1076.0
n1_TS,n1,TS,F0.15.0.la21_04,19,1019.0,1155.0,1087.0
n1_TS,n1,TS,F0.15.0.la21_04,20,980.0,1138.0,1059.0
n1_TS,n1,TS,F0.15.0.la21_04,21,1013.0,1138.0,1075.5
n1_TS,n1,TS,F0.15.0.la21_04,22,996.0,1122.0,1059.0
n1_TS,n1,TS,F0.15.0.la21_04,23,996.0,1122.0,1059.0
n1_TS,n1,TS,F0.15.0.la21_04,24,989.0,1133.0,1061.0
n1_TS,n1,TS,F0.15.0.la21_04,25,1011.0,1132.0,1071.5
n1_TS,n1,TS,F0.15.0.la21_04,26,1022.0,1132.0,1077.0
n1_TS,n1,TS,F0.15.0.la21_04,27,996.0,1122.0,1059.0
n1_TS,n1,TS,F0.15.0.la21_04,28,996.0,1122.0,1059.0
n1_TS,n1,TS,F0.15.0.la21_04,29,996.0,1122.0,1059.0
n1_TS,n1,TS,F0.15.0.la21_04,30,985.0,1138.0,1061.5
n1_TS,n1,TS,F0.15.0.la24_03,1,876.0,1013.0,944.5
n1_TS,n1,TS,F0.15.0.la24_03,2,876.0,1013.0,944.5
n1_TS,n1,TS,F0.15.0.la24_03,3,877.0,1017.0,947.0
n1_TS,n1,TS,F0.15.0.la24_03,4,876.0,1013.0,944.5
n1_TS,n1,TS,F0.15.0.la24_03,5,891.0,1015.0,953.0
n1_TS,n1,TS,F0.15.0.la24_03,6,880.0,1013.0,946.5
n1_TS,n1,TS,F0.15.0.la24_03,7,880.0,1013.0,946.5
n1_TS,n1,TS,F0.15.0.la24_03,8,883.0,1015.0,949.0
n1_TS,n1,TS,F0.15.0.la24_03,9,892.0,1008.0,950.0
n1_TS,n1,TS,F0.15.0.la24_03,10,879.0,1027.0,953.0
n1_TS,n1,TS,F0.15.0.la24_03,11,878.0,1013.0,945.5
n1_TS,n1,TS,F0.15.0.la24_03,12,876.0,1013.0,944.5
n1_TS,n1,TS,F0.15.0.la24_03,13,883.0,1015.0,949.0
n1_TS,n1,TS,F0.15.0.la24_03,14,899.0,1013.0,956.0
n1_TS,n1,TS,F0.15.0.la24_03,15,880.0,1013.0,946.5
n1_TS,n1,TS,F0.15.0.la24_03,16,883.0,1015.0,949.0
n1_TS,n1,TS,F0.15.0.la24_03,17,880.0,1013.0,946.5
n1_TS,n1,TS,F0.15.0.la24_03,18,888.0,1021.0,954.5
n1_TS,n1,TS,F0.15.0.la24_03,19,880.0,1013.0,946.5
n1_TS,n1,TS,F0.15.0.la24_03,20,888.0,1015.0,951.5
n1_TS,n1,TS,F0.15.0.la24_03,21,883.0,1015.0,949.0
n1_TS,n1,TS,F0.15.0.la24_03,22,881.0,1009.0,945.0
n1_TS,n1,TS,F0.15.0.la24_03,23,876.0,1013.0,944.5
n1_TS,n1,TS,F0.15.0.la24_03,24,894.0,1019.0,956.5
n1_TS,n1,TS,F0.15.0.la24_03,25,899.0,1013.0,956.0
n1_TS,n1,TS,F0.15.0.la24_03,26,888.0,1028.0,958.0
n1_TS,n1,TS,F0.15.0.la24_03,27,899.0,1013.0,956.0
n1_TS,n1,TS,F0.15.0.la24_03,28,876.0,1013.0,944.5
n1_TS,n1,TS,F0.15.0.la24_03,29,876.0,1013.0,944.5
n1_TS,n1,TS,F0.15.0.la24_03,30,878.0,1013.0,945.5
n1_TS,n1,TS,F0.15.0.la25_04,1,917.0,1052.0,984.5
n1_TS,n1,TS,F0.15.0.la25_04,2,928.0,1048.0,988.0
n1_TS,n1,TS,F0.15.0.la25_04,3,936.0,1050.0,993.0
n1_TS,n1,TS,F0.15.0.la25_04,4,935.0,1054.0,994.5
n1_TS,n1,TS,F0.15.0.la25_04,5,948.0,1067.0,1007.5
n1_TS,n1,TS,F0.15.0.la25_04,6,942.0,1050.0,996.0
n1_TS,n1,TS,F0.15.0.la25_04,7,936.0,1059.0,997.5
n1_TS,n1,TS,F0.15.0.la25_04,8,928.0,1048.0,988.0
n1_TS,n1,TS,F0.15.0.la25_04,9,944.0,1050.0,997.0
n1_TS,n1,TS,F0.15.0.la25_04,10,924.0,1045.0,984.5
n1_TS,n1,TS,F0.15.0.la25_04,11,923.0,1052.0,987.5
n1_TS,n1,TS,F0.15.0.la25_04,12,923.0,1052.0,987.5
n1_TS,n1,TS,F0.15.0.la25_04,13,917.0,1052.0,984.5
n1_TS,n1,TS,F0.15.0.la25_04,14,917.0,1052.0,984.5
n1_TS,n1,TS,F0.15.0.la25_04,15,942.0,1050.0,996.0
n1_TS,n1,TS,F0.15.0.la25_04,16,942.0,1050.0,996.0
n1_TS,n1,TS,F0.15.0.la25_04,17,923.0,1052.0,987.5
n1_TS,n1,TS,F0.15.0.la25_04,18,915.0,1045.0,980.0
n1_TS,n1,TS,F0.15.0.la25_04,19,942.0,1050.0,996.0
n1_TS,n1,TS,F0.15.0.la25_04,20,917.0,1052.0,984.5
n1_TS,n1,TS,F0.15.0.la25_04,21,942.0,1050.0,996.0
n1_TS,n1,TS,F0.15.0.la25_04,22,944.0,1051.0,997.5
n1_TS,n1,TS,F0.15.0.la25_04,23,923.0,1052.0,987.5
n1_TS,n1,TS,F0.15.0.la25_04,24,942.0,1050.0,996.0
n1_TS,n1,TS,F0.15.0.la25_04,25,923.0,1052.0,987.5
n1_TS,n1,TS,F0.15.0.la25_04,26,917.0,1052.0,984.5
n1_TS,n1,TS,F0.15.0.la25_04,27,928.0,1061.0,994.5
n1_TS,n1,TS,F0.15.0.la25_04,28,920.0,1057.0,988.5
n1_TS,n1,TS,F0.15.0.la25_04,29,942.0,1050.0,996.0
n1_TS,n1,TS,F0.15.0.la25_04,30,917.0,1052.0,984.5
n1_TS,n1,TS,F0.15.0.la27_09,1,1183.0,1345.0,1264.0
n1_TS,n1,TS,F0.15.0.la27_09,2,1183.0,1345.0,1264.0
n1_TS,n1,TS,F0.15.0.la27_09,3,1173.0,1335.0,1254.0
n1_TS,n1,TS,F0.15.0.la27_09,4,1175.0,1335.0,1255.0
n1_TS,n1,TS,F0.15.0.la27_09,5,1185.0,1329.0,1257.0
n1_TS,n1,TS,F0.15.0.la27_09,6,1192.0,1352.0,1272.0
n1_TS,n1,TS,F0.15.0.la27_09,7,1183.0,1345.0,1264.0
n1_TS,n1,TS,F0.15.0.la27_09,8,1179.0,1333.0,1256.0
n1_TS,n1,TS,F0.15.0.la27_09,9,1179.0,1333.0,1256.0
n1_TS,n1,TS,F0.15.0.la27_09,10,1186.0,1352.0,1269.0
n1_TS,n1,TS,F0.15.0.la27_09,11,1183.0,1345.0,1264.0
n1_TS,n1,TS,F0.15.0.la27_09,12,1194.0,1354.0,1274.0
n1_TS,n1,TS,F0.15.0.la27_09,13,1179.0,1333.0,1256.0
n1_TS,n1,TS,F0.15.0.la27_09,14,1179.0,1333.0,1256.0
n1_TS,n1,TS,F0.15.0.la27_09,15,1190.0,1338.0,1264.0
n1_TS,n1,TS,F0.15.0.la27_09,16,1183.0,1345.0,1264.0
n1_TS,n1,TS,F0.15.0.la27_09,17,1186.0,1352.0,1269.0
n1_TS,n1,TS,F0.15.0.la27_09,18,1173.0,1324.0,1248.5
n1_TS,n1,TS,F0.15.0.la27_09,19,1186.0,1352.0,1269.0
n1_TS,n1,TS,F0.15.0.la27_09,20,1198.0,1338.0,1268.0
n1_TS,n1,TS,F0.15.0.la27_09,21,1183.0,1345.0,1264.0
n1_TS,n1,TS,F0.15.0.la27_09,22,1186.0,1352.0,1269.0
n1_TS,n1,TS,F0.15.0.la27_09,23,1173.0,1335.0,1254.0
n1_TS,n1,TS,F0.15.0.la27_09,24,1183.0,1345.0,1264.0
n1_TS,n1,TS,F0.15.0.la27_09,25,1183.0,1345.0,1264.0
n1_TS,n1,TS,F0.15.0.la27_09,26,1180.0,1344.0,1262.0
n1_TS,n1,TS,F0.15.0.la27_09,27,1179.0,1333.0,1256.0
n1_TS,n1,TS,F0.15.0.la27_09,28,1187.0,1337.0,1262.0
n1_TS,n1,TS,F0.15.0.la27_09,29,1180.0,1344.0,1262.0
n1_TS,n1,TS,F0.15.0.la27_09,30,1199.0,1355.0,1277.0
n1_TS,n1,TS,F0.15.0.la29_03,1,1114.0,1275.0,1194.5
n1_TS,n1,TS,F0.15.0.la29_03,2,1127.0,1264.0,1195.5
n1_TS,n1,TS,F0.15.0.la29_03,3,1118.0,1275.0,1196.5
n1_TS,n1,TS,F0.15.0.la29_03,4,1100.0,1249.0,1174.5
n1_TS,n1,TS,F0.15.0.la29_03,5,1137.0,1264.0,1200.5
n1_TS,n1,TS,F0.15.0.la29_03,6,1118.0,1271.0,1194.5
n1_TS,n1,TS,F0.15.0.la29_03,7,1127.0,1268.0,1197.5
n1_TS,n1,TS,F0.15.0.la29_03,8,1144.0,1258.0,1201.0
n1_TS,n1,TS,F0.15.0.la29_03,9,1116.0,1247.0,1181.5
n1_TS,n1,TS,F0.15.0.la29_03,10,1102.0,1246.0,1174.0
n1_TS,n1,TS,F0.15.0.la29_03,11,1104.0,1253.0,1178.5
n1_TS,n1,TS,F0.15.0.la29_03,12,1105.0,1244.0,1174.5
n1_TS,n1,TS,F0.15.0.la29_03,13,1116.0,1260.0,1188.0
n1_TS,n1,TS,F0.15.0.la29_03,14,1113.0,1251.0,1182.0
n1_TS,n1,TS,F0.15.0.la29_03,15,1114.0,1266.0,1190.0
n1_TS,n1,TS,F0.15.0.la29_03,16,1123.0,1267.0,1195.0
n1_TS,n1,TS,F0.15.0.la29_03,17,1137.0,1264.0,1200.5
n1_TS,n1,TS,F0.15.0.la29_03,18,1120.0,1270.0,1195.0
n1_TS,n1,TS,F0.15.0.la29_03,19,1117.0,1253.0,1185.0
n1_TS,n1,TS,F0.15.0.la29_03,20,1134.0,1266.0,1200.0
n1_TS,n1,TS,F0.15.0.la29_03,21,1108.0,1261.0,1184.5
n1_TS,n1,TS,F0.15.0.la29_03,22,1118.0,1275.0,1196.5
n1_TS,n1,TS,F0.15.0.la29_03,23,1132.0,1270.0,1201.0
n1_TS,n1,TS,F0.15.0.la29_03,24,1118.0,1265.0,1191.5
n1_TS,n1,TS,F0.15.0.la29_03,25,1124.0,1258.0,1191.0
n1_TS,n1,TS,F0.15.0.la29_03,26,1111.0,1273.0,1192.0
n1_TS,n1,TS,F0.15.0.la29_03,27,1139.0,1299.0,1219.0
n1_TS,n1,TS,F0.15.0.la29_03,28,1126.0,1270.0,1198.0
n1_TS,n1,TS,F0.15.0.la29_03,29,1095.0,1257.0,1176.0
n1_TS,n1,TS,F0.15.0.la29_03,30,1133.0,1261.0,1197.0
n1_TS,n1,TS,F0.15.0.la38_06,1,1157.0,1304.0,1230.5
n1_TS,n1,TS,F0.15.0.la38_06,2,1161.0,1314.0,1237.5
n1_TS,n1,TS,F0.15.0.la38_06,3,1151.0,1306.0,1228.5
n1_TS,n1,TS,F0.15.0.la38_06,4,1157.0,1306.0,1231.5
n1_TS,n1,TS,F0.15.0.la38_06,5,1187.0,1293.0,1240.0
n1_TS,n1,TS,F0.15.0.la38_06,6,1151.0,1306.0,1228.5
n1_TS,n1,TS,F0.15.0.la38_06,7,1199.0,1304.0,1251.5
n1_TS,n1,TS,F0.15.0.la38_06,8,1144.0,1295.0,1219.5
n1_TS,n1,TS,F0.15.0.la38_06,9,1126.0,1283.0,1204.5
n1_TS,n1,TS,F0.15.0.la38_06,10,1154.0,1291.0,1222.5
n1_TS,n1,TS,F0.15.0.la38_06,11,1163.0,1316.0,1239.5
n1_TS,n1,TS,F0.15.0.la38_06,12,1166.0,1303.0,1234.5
n1_TS,n1,TS,F0.15.0.la38_06,13,1156.0,1308.0,1232.0
n1_TS,n1,TS,F0.15.0.la38_06,14,1151.0,1306.0,1228.5
n1_TS,n1,TS,F0.15.0.la38_06,15,1196.0,1332.0,1264.0
n1_TS,n1,TS,F0.15.0.la38_06,16,1187.0,1295.0,1241.0
n1_TS,n1,TS,F0.15.0.la38_06,17,1140.0,1289.0,1214.5
n1_TS,n1,TS,F0.15.0.la38_06,18,1187.0,1293.0,1240.0
n1_TS,n1,TS,F0.15.0.la38_06,19,1156.0,1308.0,1232.0
n1_TS,n1,TS,F0.15.0.la38_06,20,1166.0,1305.0,1235.5
n1_TS,n1,TS,F0.15.0.la38_06,21,1170.0,1290.0,1230.0
n1_TS,n1,TS,F0.15.0.la38_06,22,1167.0,1314.0,1240.5
n1_TS,n1,TS,F0.15.0.la38_06,23,1177.0,1307.0,1242.0
n1_TS,n1,TS,F0.15.0.la38_06,24,1151.0,1306.0,1228.5
n1_TS,n1,TS,F0.15.0.la38_06,25,1144.0,1295.0,1219.5
n1_TS,n1,TS,F0.15.0.la38_06,26,1151.0,1306.0,1228.5
n1_TS,n1,TS,F0.15.0.la38_06,27,1202.0,1292.0,1247.0
n1_TS,n1,TS,F0.15.0.la38_06,28,1187.0,1295.0,1241.0
n1_TS,n1,TS,F0.15.0.la38_06,29,1156.0,1308.0,1232.0
n1_TS,n1,TS,F0.15.0.la38_06,30,1151.0,1306.0,1228.5
n1_TS,n1,TS,F0.15.0.la40_05,1,1144.0,1323.0,1233.5
n1_TS,n1,TS,F0.15.0.la40_05,2,1165.0,1319.0,1242.0
n1_TS,n1,TS,F0.15.0.la40_05,3,1144.0,1323.0,1233.5
n1_TS,n1,TS,F0.15.0.la40_05,4,1174.0,1334.0,1254.0
n1_TS,n1,TS,F0.15.0.la40_05,5,1144.0,1323.0,1233.5
n1_TS,n1,TS,F0.15.0.la40_05,6,1165.0,1328.0,1246.5
n1_TS,n1,TS,F0.15.0.la40_05,7,1144.0,1326.0,1235.0
n1_TS,n1,TS,F0.15.0.la40_05,8,1178.0,1332.0,1255.0
n1_TS,n1,TS,F0.15.0.la40_05,9,1150.0,1344.0,1247.0
n1_TS,n1,TS,F0.15.0.la40_05,10,1144.0,1323.0,1233.5
n1_TS,n1,TS,F0.15.0.la40_05,11,1160.0,1329.0,1244.5
n1_TS,n1,TS,F0.15.0.la40_05,12,1153.0,1337.0,1245.0
n1_TS,n1,TS,F0.15.0.la40_05,13,1144.0,1323.0,1233.5
n1_TS,n1,TS,F0.15.0.la40_05,14,1148.0,1344.0,1246.0
n1_TS,n1,TS,F0.15.0.la40_05,15,1145.0,1328.0,1236.5
n1_TS,n1,TS,F0.15.0.la40_05,16,1156.0,1328.0,1242.0
n1_TS,n1,TS,F0.15.0.la40_05,17,1167.0,1328.0,1247.5
n1_TS,n1,TS,F0.15.0.la40_05,18,1148.0,1344.0,1246.0
n1_TS,n1,TS,F0.15.0.la40_05,19,1144.0,1323.0,1233.5
n1_TS,n1,TS,F0.15.0.la40_05,20,1153.0,1315.0,1234.0
n1_TS,n1,TS,F0.15.0.la40_05,21,1144.0,1323.0,1233.5
n1_TS,n1,TS,F0.15.0.la40_05,22,1144.0,1323.0,1233.5
n1_TS,n1,TS,F0.15.0.la40_05,23,1144.0,1323.0,1233.5
n1_TS,n1,TS,F0.15.0.la40_05,24,1174.0,1330.0,1252.0
n1_TS,n1,TS,F0.15.0.la40_05,25,1144.0,1323.0,1233.5
n1_TS,n1,TS,F0.15.0.la40_05,26,1156.0,1337.0,1246.5
n1_TS,n1,TS,F0.15.0.la40_05,27,1154.0,1325.0,1239.5
n1_TS,n1,TS,F0.15.0.la40_05,28,1172.0,1330.0,1251.0
n1_TS,n1,TS,F0.15.0.la40_05,29,1144.0,1323.0,1233.5
n1_TS,n1,TS,F0.15.0.la40_05,30,1144.0,1328.0,1236.0
n1_TS,n1,TS,tai15_15_01.F.15_01,1,1175.0,1332.0,1253.5
n1_TS,n1,TS,tai15_15_01.F.15_01,2,1162.0,1353.0,1257.5
n1_TS,n1,TS,tai15_15_01.F.15_01,3,1175.0,1332.0,1253.5
n1_TS,n1,TS,tai15_15_01.F.15_01,4,1175.0,1332.0,1253.5
n1_TS,n1,TS,tai15_15_01.F.15_01,5,1175.0,1332.0,1253.5
n1_TS,n1,TS,tai15_15_01.F.15_01,6,1174.0,1351.0,1262.5
n1_TS,n1,TS,tai15_15_01.F.15_01,7,1172.0,1357.0,1264.5
n1_TS,n1,TS,tai15_15_01.F.15_01,8,1181.0,1341.0,1261.0
n1_TS,n1,TS,tai15_15_01.F.15_01,9,1169.0,1334.0,1251.5
n1_TS,n1,TS,tai15_15_01.F.15_01,10,1162.0,1334.0,1248.0
n1_TS,n1,TS,tai15_15_01.F.15_01,11,1174.0,1351.0,1262.5
n1_TS,n1,TS,tai15_15_01.F.15_01,12,1175.0,1332.0,1253.5
n1_TS,n1,TS,tai15_15_01.F.15_01,13,1175.0,1332.0,1253.5
n1_TS,n1,TS,tai15_15_01.F.15_01,14,1175.0,1332.0,1253.5
n1_TS,n1,TS,tai15_15_01.F.15_01,15,1169.0,1334.0,1251.5
n1_TS,n1,TS,tai15_15_01.F.15_01,16,1162.0,1334.0,1248.0
n1_TS,n1,TS,tai15_15_01.F.15_01,17,1169.0,1334.0,1251.5
n1_TS,n1,TS,tai15_15_01.F.15_01,18,1162.0,1334.0,1248.0
n1_TS,n1,TS,tai15_15_01.F.15_01,19,1175.0,1332.0,1253.5
n1_TS,n1,TS,tai15_15_01.F.15_01,20,1174.0,1351.0,1262.5
n1_TS,n1,TS,tai15_15_01.F.15_01,21,1169.0,1334.0,1251.5
n1_TS,n1,TS,tai15_15_01.F.15_01,22,1169.0,1334.0,1251.5
n1_TS,n1,TS,tai15_15_01.F.15_01,23,1162.0,1334.0,1248.0
n1_TS,n1,TS,tai15_15_01.F.15_01,24,1150.0,1344.0,1247.0
n1_TS,n1,TS,tai15_15_01.F.15_01,25,1179.0,1348.0,1263.5
n1_TS,n1,TS,tai15_15_01.F.15_01,26,1189.0,1357.0,1273.0
n1_TS,n1,TS,tai15_15_01.F.15_01,27,1162.0,1334.0,1248.0
n1_TS,n1,TS,tai15_15_01.F.15_01,28,1175.0,1332.0,1253.5
n1_TS,n1,TS,tai15_15_01.F.15_01,29,1174.0,1351.0,1262.5
n1_TS,n1,TS,tai15_15_01.F.15_01,30,1181.0,1353.0,1267.0
n1_TS,n1,TS,tai15_15_02.F.15_01,1,1176.0,1351.0,1263.5
n1_TS,n1,TS,tai15_15_02.F.15_01,2,1179.0,1361.0,1270.0
n1_TS,n1,TS,tai15_15_02.F.15_01,3,1193.0,1360.0,1276.5
n1_TS,n1,TS,tai15_15_02.F.15_01,4,1175.0,1361.0,1268.0
n1_TS,n1,TS,tai15_15_02.F.15_01,5,1193.0,1360.0,1276.5
n1_TS,n1,TS,tai15_15_02.F.15_01,6,1188.0,1361.0,1274.5
n1_TS,n1,TS,tai15_15_02.F.15_01,7,1199.0,1366.0,1282.5
n1_TS,n1,TS,tai15_15_02.F.15_01,8,1184.0,1337.0,1260.5
n1_TS,n1,TS,tai15_15_02.F.15_01,9,1178.0,1361.0,1269.5
n1_TS,n1,TS,tai15_15_02.F.15_01,10,1178.0,1361.0,1269.5
n1_TS,n1,TS,tai15_15_02.F.15_01,11,1176.0,1361.0,1268.5
n1_TS,n1,TS,tai15_15_02.F.15_01,12,1194.0,1361.0,1277.5
n1_TS,n1,TS,tai15_15_02.F.15_01,13,1183.0,1349.0,1266.0
n1_TS,n1,TS,tai15_15_02.F.15_01,14,1178.0,1361.0,1269.5
n1_TS,n1,TS,tai15_15_02.F.15_01,15,1193.0,1360.0,1276.5
n1_TS,n1,TS,tai15_15_02.F.15_01,16,1184.0,1337.0,1260.5
n1_TS,n1,TS,tai15_15_02.F.15_01,17,1177.0,1340.0,1258.5
n1_TS,n1,TS,tai15_15_02.F.15_01,18,1157.0,1348.0,1252.5
n1_TS,n1,TS,tai15_15_02.F.15_01,19,1184.0,1337.0,1260.5
n1_TS,n1,TS,tai15_15_02.F.15_01,20,1186.0,1361.0,1273.5
n1_TS,n1,TS,tai15_15_02.F.15_01,21,1183.0,1349.0,1266.0
n1_TS,n1,TS,tai15_15_02.F.15_01,22,1185.0,1361.0,1273.0
n1_TS,n1,TS,tai15_15_02.F.15_01,23,1184.0,1337.0,1260.5
n1_TS,n1,TS,tai15_15_02.F.15_01,24,1183.0,1349.0,1266.0
n1_TS,n1,TS,tai15_15_02.F.15_01,25,1187.0,1362.0,1274.5
n1_TS,n1,TS,tai15_15_02.F.15_01,26,1195.0,1366.0,1280.5
n1_TS,n1,TS,tai15_15_02.F.15_01,27,1172.0,1351.0,1261.5
n1_TS,n1,TS,tai15_15_02.F.15_01,28,1183.0,1351.0,1267.0
n1_TS,n1,TS,tai15_15_02.F.15_01,29,1185.0,1363.0,1274.0
n1_TS,n1,TS,tai15_15_02.F.15_01,30,1199.0,1366.0,1282.5
n1_TS,n1,TS,tai15_15_03.F.15_01,1,1175.0,1319.0,1247.0
n1_TS,n1,TS,tai15_15_03.F.15_01,2,1167.0,1319.0,1243.0
n1_TS,n1,TS,tai15_15_03.F.15_01,3,1158.0,1319.0,1238.5
n1_TS,n1,TS,tai15_15_03.F.15_01,4,1173.0,1318.0,1245.5
n1_TS,n1,TS,tai15_15_03.F.15_01,5,1171.0,1317.0,1244.0
n1_TS,n1,TS,tai15_15_03.F.15_01,6,1171.0,1331.0,1251.0
n1_TS,n1,TS,tai15_15_03.F.15_01,7,1158.0,1342.0,1250.0
n1_TS,n1,TS,tai15_15_03.F.15_01,8,1175.0,1324.0,1249.5
n1_TS,n1,TS,tai15_15_03.F.15_01,9,1173.0,1317.0,1245.0
n1_TS,n1,TS,tai15_15_03.F.15_01,10,1183.0,1308.0,1245.5
n1_TS,n1,TS,tai15_15_03.F.15_01,11,1175.0,1324.0,1249.5
n1_TS,n1,TS,tai15_15_03.F.15_01,12,1152.0,1336.0,1244.0
n1_TS,n1,TS,tai15_15_03.F.15_01,13,1167.0,1308.0,1237.5
n1_TS,n1,TS,tai15_15_03.F.15_01,14,1176.0,1313.0,1244.5
n1_TS,n1,TS,tai15_15_03.F.15_01,15,1161.0,1308.0,1234.5
n1_TS,n1,TS,tai15_15_03.F.15_01,16,1173.0,1312.0,1242.5
n1_TS,n1,TS,tai15_15_03.F.15_01,17,1168.0,1335.0,1251.5
n1_TS,n1,TS,tai15_15_03.F.15_01,18,1173.0,1318.0,1245.5
n1_TS,n1,TS,tai15_15_03.F.15_01,19,1182.0,1310.0,1246.0
n1_TS,n1,TS,tai15_15_03.F.15_01,20,1183.0,1308.0,1245.5
n1_TS,n1,TS,tai15_15_03.F.15_01,21,1193.0,1314.0,1253.5
n1_TS,n1,TS,tai15_15_03.F.15_01,22,1185.0,1324.0,1254.5
n1_TS,n1,TS,tai15_15_03.F.15_01,23,1187.0,1302.0,1244.5
n1_TS,n1,TS,tai15_15_03.F.15_01,24,1173.0,1317.0,1245.0
n1_TS,n1,TS,tai15_15_03.F.15_01,25,1183.0,1308.0,1245.5
n1_TS,n1,TS,tai15_15_03.F.15_01,26,1173.0,1312.0,1242.5
n1_TS,n1,TS,tai15_15_03.F.15_01,27,1183.0,1326.0,1254.5
n1_TS,n1,TS,tai15_15_03.F.15_01,28,1193.0,1315.0,1254.0
n1_TS,n1,TS,tai15_15_03.F.15_01,29,1148.0,1315.0,1231.5
n1_TS,n1,TS,tai15_15_03.F.15_01,30,1168.0,1335.0,1251.5
n1_TS,n1,TS,tai15_15_04.F.15_01,1,1107.0,1279.0,1193.0
n1_TS,n1,TS,tai15_15_04.F.15_01,2,1128.0,1281.0,1204.5
n1_TS,n1,TS,tai15_15_04.F.15_01,3,1117.0,1280.0,1198.5
n1_TS,n1,TS,tai15_15_04.F.15_01,4,1125.0,1279.0,1202.0
n1_TS,n1,TS,tai15_15_04.F.15_01,5,1102.0,1274.0,1188.0
n1_TS,n1,TS,tai15_15_04.F.15_01,6,1107.0,1283.0,1195.0
n1_TS,n1,TS,tai15_15_04.F.15_01,7,1099.0,1273.0,1186.0
n1_TS,n1,TS,tai15_15_04.F.15_01,8,1102.0,1274.0,1188.0
n1_TS,n1,TS,tai15_15_04.F.15_01,9,1154.0,1293.0,1223.5
n1_TS,n1,TS,tai15_15_04.F.15_01,10,1109.0,1275.0,1192.0
n1_TS,n1,TS,tai15_15_04.F.15_01,11,1102.0,1280.0,1191.0
n1_TS,n1,TS,tai15_15_04.F.15_01,12,1128.0,1281.0,1204.5
n1_TS,n1,TS,tai15_15_04.F.15_01,13,1119.0,1274.0,1196.5
n1_TS,n1,TS,tai15_15_04.F.15_01,14,1102.0,1274.0,1188.0
n1_TS,n1,TS,tai15_15_04.F.15_01,15,1116.0,1290.0,1203.0
n1_TS,n1,TS,tai15_15_04.F.15_01,16,1122.0,1298.0,1210.0
n1_TS,n1,TS,tai15_15_04.F.15_01,17,1111.0,1279.0,1195.0
n1_TS,n1,TS,tai15_15_04.F.15_01,18,1109.0,1275.0,1192.0
n1_TS,n1,TS,tai15_15_04.F.15_01,19,1117.0,1277.0,1197.0
n1_TS,n1,TS,tai15_15_04.F.15_01,20,1107.0,1283.0,1195.0
n1_TS,n1,TS,tai15_15_04.F.15_01,21,1134.0,1294.0,1214.0
n1_TS,n1,TS,tai15_15_04.F.15_01,22,1107.0,1283.0,1195.0
n1_TS,n1,TS,tai15_15_04.F.15_01,23,1115.0,1281.0,1198.0
n1_TS,n1,TS,tai15_15_04.F.15_01,24,1145.0,1283.0,1214.0
n1_TS,n1,TS,tai15_15_04.F.15_01,25,1125.0,1279.0,1202.0
n1_TS,n1,TS,tai15_15_04.F.15_01,26,1122.0,1285.0,1203.5
n1_TS,n1,TS,tai15_15_04.F.15_01,27,1128.0,1281.0,1204.5
n1_TS,n1,TS,tai15_15_04.F.15_01,28,1122.0,1299.0,1210.5
n1_TS,n1,TS,tai15_15_04.F.15_01,29,1115.0,1281.0,1198.0
n1_TS,n1,TS,tai15_15_04.F.15_01,30,1122.0,1298.0,1210.0
n1_TS,n1,TS,tai15_15_05.F.15_01,1,1199.0,1331.0,1265.0
n1_TS,n1,TS,tai15_15_05.F.15_01,2,1190.0,1314.0,1252.0
n1_TS,n1,TS,tai15_15_05.F.15_01,3,1172.0,1344.0,1258.0
n1_TS,n1,TS,tai15_15_05.F.15_01,4,1193.0,1309.0,1251.0
n1_TS,n1,TS,tai15_15_05.F.15_01,5,1172.0,1320.0,1246.0
n1_TS,n1,TS,tai15_15_05.F.15_01,6,1178.0,1332.0,1255.0
n1_TS,n1,TS,tai15_15_05.F.15_01,7,1185.0,1330.0,1257.5
n1_TS,n1,TS,tai15_15_05.F.15_01,8,1171.0,1323.0,1247.0
n1_TS,n1,TS,tai15_15_05.F.15_01,9,1179.0,1323.0,1251.0
n1_TS,n1,TS,tai15_15_05.F.15_01,10,1175.0,1337.0,1256.0
n1_TS,n1,TS,tai15_15_05.F.15_01,11,1183.0,1335.0,1259.0
n1_TS,n1,TS,tai15_15_05.F.15_01,12,1191.0,1328.0,1259.5
n1_TS,n1,TS,tai15_15_05.F.15_01,13,1202.0,1333.0,1267.5
n1_TS,n1,TS,tai15_15_05.F.15_01,14,1173.0,1332.0,1252.5
n1_TS,n1,TS,tai15_15_05.F.15_01,15,1179.0,1328.0,1253.5
n1_TS,n1,TS,tai15_15_05.F.15_01,16,1193.0,1309.0,1251.0
n1_TS,n1,TS,tai15_15_05.F.15_01,17,1193.0,1309.0,1251.0
n1_TS,n1,TS,tai15_15_05.F.15_01,18,1193.0,1309.0,1251.0
n1_TS,n1,TS,tai15_15_05.F.15_01,19,1166.0,1320.0,1243.0
n1_TS,n1,TS,tai15_15_05.F.15_01,20,1193.0,1309.0,1251.0
n1_TS,n1,TS,tai15_15_05.F.15_01,21,1174.0,1336.0,1255.0
n1_TS,n1,TS,tai15_15_05.F.15_01,22,1193.0,1309.0,1251.0
n1_TS,n1,TS,tai15_15_05.F.15_01,23,1193.0,1309.0,1251.0
n1_TS,n1,TS,tai15_15_05.F.15_01,24,1177.0,1332.0,1254.5
n1_TS,n1,TS,tai15_15_05.F.15_01,25,1193.0,1309.0,1251.0
n1_TS,n1,TS,tai15_15_05.F.15_01,26,1166.0,1331.0,1248.5
n1_TS,n1,TS,tai15_15_05.F.15_01,27,1187.0,1332.0,1259.5
n1_TS,n1,TS,tai15_15_05.F.15_01,28,1185.0,1331.0,1258.0
n1_TS,n1,TS,tai15_15_05.F.15_01,29,1183.0,1325.0,1254.0
n1_TS,n1,TS,tai15_15_05.F.15_01,30,1175.0,1327.0,1251.0
n1_TS,n1,TS,tai15_15_06.F.15_01,1,1204.0,1341.0,1272.5
n1_TS,n1,TS,tai15_15_06.F.15_01,2,1181.0,1333.0,1257.0
n1_TS,n1,TS,tai15_15_06.F.15_01,3,1204.0,1341.0,1272.5
n1_TS,n1,TS,tai15_15_06.F.15_01,4,1178.0,1359.0,1268.5
n1_TS,n1,TS,tai15_15_06.F.15_01,5,1194.0,1340.0,1267.0
n1_TS,n1,TS,tai15_15_06.F.15_01,6,1174.0,1348.0,1261.0
n1_TS,n1,TS,tai15_15_06.F.15_01,7,1202.0,1341.0,1271.5
n1_TS,n1,TS,tai15_15_06.F.15_01,8,1194.0,1343.0,1268.5
n1_TS,n1,TS,tai15_15_06.F.15_01,9,1182.0,1338.0,1260.0
n1_TS,n1,TS,tai15_15_06.F.15_01,10,1178.0,1359.0,1268.5
n1_TS,n1,TS,tai15_15_06.F.15_01,11,1211.0,1349.0,1280.0
n1_TS,n1,TS,tai15_15_06.F.15_01,12,1178.0,1342.0,1260.0
n1_TS,n1,TS,tai15_15_06.F.15_01,13,1193.0,1368.0,1280.5
n1_TS,n1,TS,tai15_15_06.F.15_01,14,1187.0,1355.0,1271.0
n1_TS,n1,TS,tai15_15_06.F.15_01,15,1189.0,1345.0,1267.0
n1_TS,n1,TS,tai15_15_06.F.15_01,16,1189.0,1345.0,1267.0
n1_TS,n1,TS,tai15_15_06.F.15_01,17,1176.0,1350.0,1263.0
n1_TS,n1,TS,tai15_15_06.F.15_01,18,1194.0,1364.0,1279.0
n1_TS,n1,TS,tai15_15_06.F.15_01,19,1197.0,1342.0,1269.5
n1_TS,n1,TS,tai15_15_06.F.15_01,20,1207.0,1360.0,1283.5
n1_TS,n1,TS,tai15_15_06.F.15_01,21,1178.0,1338.0,1258.0
n1_TS,n1,TS,tai15_15_06.F.15_01,22,1174.0,1348.0,1261.0
n1_TS,n1,TS,tai15_15_06.F.15_01,23,1174.0,1346.0,1260.0
n1_TS,n1,TS,tai15_15_06.F.15_01,24,1207.0,1354.0,1280.5
n1_TS,n1,TS,tai15_15_06.F.15_01,25,1196.0,1368.0,1282.0
n1_TS,n1,TS,tai15_15_06.F.15_01,26,1194.0,1340.0,1267.0
n1_TS,n1,TS,tai15_15_06.F.15_01,27,1178.0,1338.0,1258.0
n1_TS,n1,TS,tai15_15_06.F.15_01,28,1177.0,1345.0,1261.0
n1_TS,n1,TS,tai15_15_06.F.15_01,29,1182.0,1350.0,1266.0
n1_TS,n1,TS,tai15_15_06.F.15_01,30,1176.0,1351.0,1263.5
n1_TS,n1,TS,tai15_15_07.F.15_01,1,1186.0,1340.0,1263.0
n1_TS,n1,TS,tai15_15_07.F.15_01,2,1168.0,1349.0,1258.5
n1_TS,n1,TS,tai15_15_07.F.15_01,3,1197.0,1337.0,1267.0
n1_TS,n1,TS,tai15_15_07.F.15_01,4,1153.0,1335.0,1244.0
n1_TS,n1,TS,tai15_15_07.F.15_01,5,1160.0,1324.0,1242.0
n1_TS,n1,TS,tai15_15_07.F.15_01,6,1191.0,1339.0,1265.0
n1_TS,n1,TS,tai15_15_07.F.15_01,7,1186.0,1340.0,1263.0
n1_TS,n1,TS,tai15_15_07.F.15_01,8,1185.0,1330.0,1257.5
n1_TS,n1,TS,tai15_15_07.F.15_01,9,1186.0,1340.0,1263.0
n1_TS,n1,TS,tai15_15_07.F.15_01,10,1191.0,1329.0,1260.0
n1_TS,n1,TS,tai15_15_07.F.15_01,11,1183.0,1332.0,1257.5
n1_TS,n1,TS,tai15_15_07.F.15_01,12,1164.0,1326.0,1245.0
n1_TS,n1,TS,tai15_15_07.F.15_01,13,1173.0,1337.0,1255.0
n1_TS,n1,TS,tai15_15_07.F.15_01,14,1186.0,1340.0,1263.0
n1_TS,n1,TS,tai15_15_07.F.15_01,15,1178.0,1342.0,1260.0
n1_TS,n1,TS,tai15_15_07.F.15_01,16,1186.0,1340.0,1263.0
n1_TS,n1,TS,tai15_15_07.F.15_01,17,1169.0,1336.0,1252.5
n1_TS,n1,TS,tai15_15_07.F.15_01,18,1202.0,1349.0,1275.5
n1_TS,n1,TS,tai15_15_07.F.15_01,19,1186.0,1340.0,1263.0
n1_TS,n1,TS,tai15_15_07.F.15_01,20,1189.0,1345.0,1267.0
n1_TS,n1,TS,tai15_15_07.F.15_01,21,1164.0,1346.0,1255.0
n1_TS,n1,TS,tai15_15_07.F.15_01,22,1191.0,1343.0,1267.0
n1_TS,n1,TS,tai15_15_07.F.15_01,23,1186.0,1340.0,1263.0
n1_TS,n1,TS,tai15_15_07.F.15_01,24,1180.0,1347.0,1263.5
n1_TS,n1,TS,tai15_15_07.F.15_01,25,1186.0,1340.0,1263.0
n1_TS,n1,TS,tai15_15_07.F.15_01,26,1166.0,1343.0,1254.5
n1_TS,n1,TS,tai15_15_07.F.15_01,27,1191.0,1339.0,1265.0
n1_TS,n1,TS,tai15_15_07.F.15_01,28,1173.0,1345.0,1259.0
n1_TS,n1,TS,tai15_15_07.F.15_01,29,1191.0,1343.0,1267.0
n1_TS,n1,TS,tai15_15_07.F.15_01,30,1151.0,1338.0,1244.5
n1_TS,n1,TS,tai15_15_08.F.15_01,1,1208.0,1346.0,1277.0
n1_TS,n1,TS,tai15_15_08.F.15_01,2,1213.0,1335.0,1274.0
n1_TS,n1,TS,tai15_15_08.F.15_01,3,1191.0,1335.0,1263.0
n1_TS,n1,TS,tai15_15_08.F.15_01,4,1182.0,1312.0,1247.0
n1_TS,n1,TS,tai15_15_08.F.15_01,5,1182.0,1312.0,1247.0
n1_TS,n1,TS,tai15_15_08.F.15_01,6,1179.0,1335.0,1257.0
n1_TS,n1,TS,tai15_15_08.F.15_01,7,1154.0,1324.0,1239.0
n1_TS,n1,TS,tai15_15_08.F.15_01,8,1182.0,1312.0,1247.0
n1_TS,n1,TS,tai15_15_08.F.15_01,9,1168.0,1313.0,1240.5
n1_TS,n1,TS,tai15_15_08.F.15_01,10,1190.0,1332.0,1261.0
n1_TS,n1,TS,tai15_15_08.F.15_01,11,1182.0,1312.0,1247.0
n1_TS,n1,TS,tai15_15_08.F.15_01,12,1182.0,1312.0,1247.0
n1_TS,n1,TS,tai15_15_08.F.15_01,13,1225.0,1339.0,1282.0
n1_TS,n1,TS,tai15_15_08.F.15_01,14,1170.0,1312.0,1241.0
n1_TS,n1,TS,tai15_15_08.F.15_01,15,1182.0,1312.0,1247.0
n1_TS,n1,TS,tai15_15_08.F.15_01,16,1182.0,1312.0,1247.0
n1_TS,n1,TS,tai15_15_08.F.15_01,17,1159.0,1316.0,1237.5
n1_TS,n1,TS,tai15_15_08.F.15_01,18,1182.0,1312.0,1247.0
n1_TS,n1,TS,tai15_15_08.F.15_01,19,1217.0,1343.0,1280.0
n1_TS,n1,TS,tai15_15_08.F.15_01,20,1180.0,1347.0,1263.5
n1_TS,n1,TS,tai15_15_08.F.15_01,21,1147.0,1315.0,1231.0
n1_TS,n1,TS,tai15_15_08.F.15_01,22,1158.0,1334.0,1246.0
n1_TS,n1,TS,tai15_15_08.F.15_01,23,1182.0,1312.0,1247.0
n1_TS,n1,TS,tai15_15_08.F.15_01,24,1176.0,1315.0,1245.5
n1_TS,n1,TS,tai15_15_08.F.15_01,25,1190.0,1332.0,1261.0
n1_TS,n1,TS,tai15_15_08.F.15_01,26,1168.0,1313.0,1240.5
n1_TS,n1,TS,tai15_15_08.F.15_01,27,1175.0,1306.0,1240.5
n1_TS,n1,TS,tai15_15_08.F.15_01,28,1182.0,1312.0,1247.0
n1_TS,n1,TS,tai15_15_08.F.15_01,29,1168.0,1313.0,1240.5
n1_TS,n1,TS,tai15_15_08.F.15_01,30,1147.0,1316.0,1231.5
n1_TS,n1,TS,tai15_15_09.F.15_01,1,1211.0,1421.0,1316.0
n1_TS,n1,TS,tai15_15_09.F.15_01,2,1226.0,1422.0,1324.0
n1_TS,n1,TS,tai15_15_09.F.15_01,3,1218.0,1397.0,1307.5
n1_TS,n1,TS,tai15_15_09.F.15_01,4,1279.0,1432.0,1355.5
n1_TS,n1,TS,tai15_15_09.F.15_01,5,1203.0,1412.0,1307.5
n1_TS,n1,TS,tai15_15_09.F.15_01,6,1228.0,1432.0,1330.0
n1_TS,n1,TS,tai15_15_09.F.15_01,7,1218.0,1397.0,1307.5
n1_TS,n1,TS,tai15_15_09.F.15_01,8,1204.0,1398.0,1301.0
n1_TS,n1,TS,tai15_15_09.F.15_01,9,1211.0,1413.0,1312.0
n1_TS,n1,TS,tai15_15_09.F.15_01,10,1218.0,1397.0,1307.5
n1_TS,n1,TS,tai15_15_09.F.15_01,11,1218.0,1397.0,1307.5
n1_TS,n1,TS,tai15_15_09.F.15_01,12,1218.0,1397.0,1307.5
n1_TS,n1,TS,tai15_15_09.F.15_01,13,1218.0,1397.0,1307.5
n1_TS,n1,TS,tai15_15_09.F.15_01,14,1218.0,1397.0,1307.5
n1_TS,n1,TS,tai15_15_09.F.15_01,15,1203.0,1412.0,1307.5
n1_TS,n1,TS,tai15_15_09.F.15_01,16,1218.0,1397.0,1307.5
n1_TS,n1,TS,tai15_15_09.F.15_01,17,1235.0,1421.0,1328.0
n1_TS,n1,TS,tai15_15_09.F.15_01,18,1203.0,1412.0,1307.5
n1_TS,n1,TS,tai15_15_09.F.15_01,19,1204.0,1412.0,1308.0
n1_TS,n1,TS,tai15_15_09.F.15_01,20,1218.0,1397.0,1307.5
n1_TS,n1,TS,tai15_15_09.F.15_01,21,1212.0,1396.0,1304.0
n1_TS,n1,TS,tai15_15_09.F.15_01,22,1218.0,1397.0,1307.5
n1_TS,n1,TS,tai15_15_09.F.15_01,23,1212.0,1396.0,1304.0
n1_TS,n1,TS,tai15_15_09.F.15_01,24,1212.0,1396.0,1304.0
n1_TS,n1,TS,tai15_15_09.F.15_01,25,1218.0,1397.0,1307.5
n1_TS,n1,TS,tai15_15_09.F.15_01,26,1218.0,1397.0,1307.5
n1_TS,n1,TS,tai15_15_09.F.15_01,27,1237.0,1422.0,1329.5
n1_TS,n1,TS,tai15_15_09.F.15_01,28,1218.0,1397.0,1307.5
n1_TS,n1,TS,tai15_15_09.F.15_01,29,1218.0,1397.0,1307.5
n1_TS,n1,TS,tai15_15_09.F.15_01,30,1218.0,1397.0,1307.5
n1_TS,n1,TS,tai15_15_10.F.15_01,1,1186.0,1343.0,1264.5
n1_TS,n1,TS,tai15_15_10.F.15_01,2,1186.0,1343.0,1264.5
n1_TS,n1,TS,tai15_15_10.F.15_01,3,1163.0,1325.0,1244.0
n1_TS,n1,TS,tai15_15_10.F.15_01,4,1198.0,1358.0,1278.0
n1_TS,n1,TS,tai15_15_10.F.15_01,5,1197.0,1361.0,1279.0
n1_TS,n1,TS,tai15_15_10.F.15_01,6,1163.0,1325.0,1244.0
n1_TS,n1,TS,tai15_15_10.F.15_01,7,1163.0,1325.0,1244.0
n1_TS,n1,TS,tai15_15_10.F.15_01,8,1240.0,1382.0,1311.0
n1_TS,n1,TS,tai15_15_10.F.15_01,9,1176.0,1348.0,1262.0
n1_TS,n1,TS,tai15_15_10.F.15_01,10,1230.0,1382.0,1306.0
n1_TS,n1,TS,tai15_15_10.F.15_01,11,1213.0,1377.0,1295.0
n1_TS,n1,TS,tai15_15_10.F.15_01,12,1186.0,1343.0,1264.5
n1_TS,n1,TS,tai15_15_10.F.15_01,13,1218.0,1386.0,1302.0
n1_TS,n1,TS,tai15_15_10.F.15_01,14,1197.0,1361.0,1279.0
n1_TS,n1,TS,tai15_15_10.F.15_01,15,1163.0,1325.0,1244.0
n1_TS,n1,TS,tai15_15_10.F.15_01,16,1165.0,1349.0,1257.0
n1_TS,n1,TS,tai15_15_10.F.15_01,17,1186.0,1343.0,1264.5
n1_TS,n1,TS,tai15_15_10.F.15_01,18,1163.0,1325.0,1244.0
n1_TS,n1,TS,tai15_15_10.F.15_01,19,1163.0,1325.0,1244.0
n1_TS,n1,TS,tai15_15_10.F.15_01,20,1196.0,1353.0,1274.5
n1_TS,n1,TS,tai15_15_10.F.15_01,21,1163.0,1325.0,1244.0
n1_TS,n1,TS,tai15_15_10.F.15_01,22,1163.0,1325.0,1244.0
n1_TS,n1,TS,tai15_15_10.F.15_01,23,1163.0,1325.0,1244.0
n1_TS,n1,TS,tai15_15_10.F.15_01,24,1201.0,1363.0,1282.0
n1_TS,n1,TS,tai15_15_10.F.15_01,25,1163.0,1325.0,1244.0
n1_TS,n1,TS,tai15_15_10.F.15_01,26,1220.0,1350.0,1285.0
n1_TS,n1,TS,tai15_15_10.F.15_01,27,1199.0,1374.0,1286.5
n1_TS,n1,TS,tai15_15_10.F.15_01,28,1207.0,1369.0,1288.0
n1_TS,n1,TS,tai15_15_10.F.15_01,29,1164.0,1325.0,1244.5
n1_TS,n1,TS,tai15_15_10.F.15_01,30,1201.0,1363.0,1282.0
n1_TS,n1,TS,tai20_15_01.F.15_01,1,1335.0,1531.0,1433.0
n1_TS,n1,TS,tai20_15_01.F.15_01,2,1300.0,1504.0,1402.0
n1_TS,n1,TS,tai20_15_01.F.15_01,3,1325.0,1515.0,1420.0
n1_TS,n1,TS,tai20_15_01.F.15_01,4,1356.0,1556.0,1456.0
n1_TS,n1,TS,tai20_15_01.F.15_01,5,1336.0,1540.0,1438.0
n1_TS,n1,TS,tai20_15_01.F.15_01,6,1299.0,1503.0,1401.0
n1_TS,n1,TS,tai20_15_01.F.15_01,7,1322.0,1502.0,1412.0
n1_TS,n1,TS,tai20_15_01.F.15_01,8,1323.0,1527.0,1425.0
n1_TS,n1,TS,tai20_15_01.F.15_01,9,1306.0,1506.0,1406.0
n1_TS,n1,TS,tai20_15_01.F.15_01,10,1315.0,1517.0,1416.0
n1_TS,n1,TS,tai20_15_01.F.15_01,11,1321.0,1543.0,1432.0
n1_TS,n1,TS,tai20_15_01.F.15_01,12,1315.0,1515.0,1415.0
n1_TS,n1,TS,tai20_15_01.F.15_01,13,1330.0,1520.0,1425.0
n1_TS,n1,TS,tai20_15_01.F.15_01,14,1309.0,1499.0,1404.0
n1_TS,n1,TS,tai20_15_01.F.15_01,15,1306.0,1504.0,1405.0
n1_TS,n1,TS,tai20_15_01.F.15_01,16,1315.0,1527.0,1421.0
n1_TS,n1,TS,tai20_15_01.F.15_01,17,1329.0,1522.0,1425.5
n1_TS,n1,TS,tai20_15_01.F.15_01,18,1318.0,1517.0,1417.5
n1_TS,n1,TS,tai20_15_01.F.15_01,19,1303.0,1515.0,1409.0
n1_TS,n1,TS,tai20_15_01.F.15_01,20,1305.0,1500.0,1402.5
n1_TS,n1,TS,tai20_15_01.F.15_01,21,1336.0,1527.0,1431.5
n1_TS,n1,TS,tai20_15_01.F.15_01,22,1305.0,1501.0,1403.0
n1_TS,n1,TS,tai20_15_01.F.15_01,23,1344.0,1491.0,1417.5
n1_TS,n1,TS,tai20_15_01.F.15_01,24,1369.0,1545.0,1457.0
n1_TS,n1,TS,tai20_15_01.F.15_01,25,1347.0,1534.0,1440.5
n1_TS,n1,TS,tai20_15_01.F.15_01,26,1311.0,1523.0,1417.0
n1_TS,n1,TS,tai20_15_01.F.15_01,27,1363.0,1540.0,1451.5
n1_TS,n1,TS,tai20_15_01.F.15_01,28,1356.0,1531.0,1443.5
n1_TS,n1,TS,tai20_15_01.F.15_01,29,1341.0,1554.0,1447.5
n1_TS,n1,TS,tai20_15_01.F.15_01,30,1303.0,1499.0,1401.0
n1_TS,n1,TS,tai20_15_02.F.15_01,1,1294.0,1489.0,1391.5
n1_TS,n1,TS,tai20_15_02.F.15_01,2,1311.0,1518.0,1414.5
n1_TS,n1,TS,tai20_15_02.F.15_01,3,1318.0,1494.0,1406.0
n1_TS,n1,TS,tai20_15_02.F.15_01,4,1312.0,1510.0,1411.0
n1_TS,n1,TS,tai20_15_02.F.15_01,5,1328.0,1502.0,1415.0
n1_TS,n1,TS,tai20_15_02.F.15_01,6,1315.0,1501.0,1408.0
n1_TS,n1,TS,tai20_15_02.F.15_01,7,1301.0,1521.0,1411.0
n1_TS,n1,TS,tai20_15_02.F.15_01,8,1319.0,1503.0,1411.0
n1_TS,n1,TS,tai20_15_02.F.15_01,9,1332.0,1498.0,1415.0
n1_TS,n1,TS,tai20_15_02.F.15_01,10,1332.0,1517.0,1424.5
n1_TS,n1,TS,tai20_15_02.F.15_01,11,1305.0,1486.0,1395.5
n1_TS,n1,TS,tai20_15_02.F.15_01,12,1320.0,1538.0,1429.0
n1_TS,n1,TS,tai20_15_02.F.15_01,13,1296.0,1489.0,1392.5
n1_TS,n1,TS,tai20_15_02.F.15_01,14,1314.0,1486.0,1400.0
n1_TS,n1,TS,tai20_15_02.F.15_01,15,1302.0,1492.0,1397.0
n1_TS,n1,TS,tai20_15_02.F.15_01,16,1326.0,1518.0,1422.0
n1_TS,n1,TS,tai20_15_02.F.15_01,17,1303.0,1495.0,1399.0
n1_TS,n1,TS,tai20_15_02.F.15_01,18,1308.0,1502.0,1405.0
n1_TS,n1,TS,tai20_15_02.F.15_01,19,1326.0,1503.0,1414.5
n1_TS,n1,TS,tai20_15_02.F.15_01,20,1303.0,1495.0,1399.0
n1_TS,n1,TS,tai20_15_02.F.15_01,21,1316.0,1503.0,1409.5
n1_TS,n1,TS,tai20_15_02.F.15_01,22,1328.0,1500.0,1414.0
n1_TS,n1,TS,tai20_15_02.F.15_01,23,1328.0,1492.0,1410.0
n1_TS,n1,TS,tai20_15_02.F.15_01,24,1313.0,1498.0,1405.5
n1_TS,n1,TS,tai20_15_02.F.15_01,25,1294.0,1489.0,1391.5
n1_TS,n1,TS,tai20_15_02.F.15_01,26,1305.0,1486.0,1395.5
n1_TS,n1,TS,tai20_15_02.F.15_01,27,1303.0,1503.0,1403.0
n1_TS,n1,TS,tai20_15_02.F.15_01,28,1290.0,1491.0,1390.5
n1_TS,n1,TS,tai20_15_02.F.15_01,29,1305.0,1512.0,1408.5
n1_TS,n1,TS,tai20_15_02.F.15_01,30,1305.0,1512.0,1408.5
n1_TS,n1,TS,tai20_15_03.F.15_01,1,1298.0,1500.0,1399.0
n1_TS,n1,TS,tai20_15_03.F.15_01,2,1274.0,1514.0,1394.0
n1_TS,n1,TS,tai20_15_03.F.15_01,3,1325.0,1485.0,1405.0
n1_TS,n1,TS,tai20_15_03.F.15_01,4,1330.0,1516.0,1423.0
n1_TS,n1,TS,tai20_15_03.F.15_01,5,1306.0,1498.0,1402.0
n1_TS,n1,TS,tai20_15_03.F.15_01,6,1310.0,1507.0,1408.5
n1_TS,n1,TS,tai20_15_03.F.15_01,7,1304.0,1497.0,1400.5
n1_TS,n1,TS,tai20_15_03.F.15_01,8,1270.0,1473.0,1371.5
n1_TS,n1,TS,tai20_15_03.F.15_01,9,1339.0,1502.0,1420.5
n1_TS,n1,TS,tai20_15_03.F.15_01,10,1279.0,1482.0,1380.5
n1_TS,n1,TS,tai20_15_03.F.15_01,11,1292.0,1491.0,1391.5
n1_TS,n1,TS,tai20_15_03.F.15_01,12,1316.0,1485.0,1400.5
n1_TS,n1,TS,tai20_15_03.F.15_01,13,1300.0,1480.0,1390.0
n1_TS,n1,TS,tai20_15_03.F.15_01,14,1318.0,1503.0,1410.5
n1_TS,n1,TS,tai20_15_03.F.15_01,15,1333.0,1507.0,1420.0
n1_TS,n1,TS,tai20_15_03.F.15_01,16,1324.0,1484.0,1404.0
n1_TS,n1,TS,tai20_15_03.F.15_01,17,1282.0,1483.0,1382.5
n1_TS,n1,TS,tai20_15_03.F.15_01,18,1351.0,1498.0,1424.5
n1_TS,n1,TS,tai20_15_03.F.15_01,19,1311.0,1515.0,1413.0
n1_TS,n1,TS,tai20_15_03.F.15_01,20,1339.0,1526.0,1432.5
n1_TS,n1,TS,tai20_15_03.F.15_01,21,1292.0,1501.0,1396.5
n1_TS,n1,TS,tai20_15_03.F.15_01,22,1324.0,1526.0,1425.0
n1_TS,n1,TS,tai20_15_03.F.15_01,23,1303.0,1501.0,1402.0
n1_TS,n1,TS,tai20_15_03.F.15_01,24,1334.0,1502.0,1418.0
n1_TS,n1,TS,tai20_15_03.F.15_01,25,1303.0,1490.0,1396.5
n1_TS,n1,TS,tai20_15_03.F.15_01,26,1331.0,1501.0,1416.0
n1_TS,n1,TS,tai20_15_03.F.15_01,27,1314.0,1518.0,1416.0
n1_TS,n1,TS,tai20_15_03.F.15_01,28,1332.0,1508.0,1420.0
n1_TS,n1,TS,tai20_15_03.F.15_01,29,1311.0,1502.0,1406.5
n1_TS,n1,TS,tai20_15_03.F.15_01,30,1308.0,1502.0,1405.0
n1_TS,n1,TS,tai20_15_04.F.15_01,1,1282.0,1450.0,1366.0
n1_TS,n1,TS,tai20_15_04.F.15_01,2,1287.0,1471.0,1379.0
n1_TS,n1,TS,tai20_15_04.F.15_01,3,1278.0,1467.0,1372.5
n1_TS,n1,TS,tai20_15_04.F.15_01,4,1295.0,1475.0,1385.0
n1_TS,n1,TS,tai20_15_04.F.15_01,5,1290.0,1470.0,1380.0
n1_TS,n1,TS,tai20_15_04.F.15_01,6,1285.0,1462.0,1373.5
n1_TS,n1,TS,tai20_15_04.F.15_01,7,1276.0,1464.0,1370.0
n1_TS,n1,TS,tai20_15_04.F.15_01,8,1306.0,1474.0,1390.0
n1_TS,n1,TS,tai20_15_04.F.15_01,9,1286.0,1462.0,1374.0
n1_TS,n1,TS,tai20_15_04.F.15_01,10,1282.0,1466.0,1374.0
n1_TS,n1,TS,tai20_15_04.F.15_01,11,1279.0,1462.0,1370.5
n1_TS,n1,TS,tai20_15_04.F.15_01,12,1282.0,1472.0,1377.0
n1_TS,n1,TS,tai20_15_04.F.15_01,13,1282.0,1450.0,1366.0
n1_TS,n1,TS,tai20_15_04.F.15_01,14,1282.0,1452.0,1367.0
n1_TS,n1,TS,tai20_15_04.F.15_01,15,1282.0,1450.0,1366.0
n1_TS,n1,TS,tai20_15_04.F.15_01,16,1277.0,1461.0,1369.0
n1_TS,n1,TS,tai20_15_04.F.15_01,17,1298.0,1463.0,1380.5
n1_TS,n1,TS,tai20_15_04.F.15_01,18,1306.0,1474.0,1390.0
n1_TS,n1,TS,tai20_15_04.F.15_01,19,1287.0,1461.0,1374.0
n1_TS,n1,TS,tai20_15_04.F.15_01,20,1279.0,1468.0,1373.5
n1_TS,n1,TS,tai20_15_04.F.15_01,21,1273.0,1462.0,1367.5
n1_TS,n1,TS,tai20_15_04.F.15_01,22,1282.0,1450.0,1366.0
n1_TS,n1,TS,tai20_15_04.F.15_01,23,1280.0,1462.0,1371.0
n1_TS,n1,TS,tai20_15_04.F.15_01,24,1282.0,1460.0,1371.0
n1_TS,n1,TS,tai20_15_04.F.15_01,25,1306.0,1474.0,1390.0
n1_TS,n1,TS,tai20_15_04.F.15_01,26,1278.0,1467.0,1372.5
n1_TS,n1,TS,tai20_15_04.F.15_01,27,1282.0,1462.0,1372.0
n1_TS,n1,TS,tai20_15_04.F.15_01,28,1273.0,1462.0,1367.5
n1_TS,n1,TS,tai20_15_04.F.15_01,29,1263.0,1442.0,1352.5
n1_TS,n1,TS,tai20_15_04.F.15_01,30,1306.0,1474.0,1390.0
n1_TS,n1,TS,tai20_15_05.F.15_01,1,1325.0,1496.0,1410.5
n1_TS,n1,TS,tai20_15_05.F.15_01,2,1284.0,1483.0,1383.5
n1_TS,n1,TS,tai20_15_05.F.15_01,3,1310.0,1490.0,1400.0
n1_TS,n1,TS,tai20_15_05.F.15_01,4,1321.0,1500.0,1410.5
n1_TS,n1,TS,tai20_15_05.F.15_01,5,1332.0,1498.0,1415.0
n1_TS,n1,TS,tai20_15_05.F.15_01,6,1311.0,1493.0,1402.0
n1_TS,n1,TS,tai20_15_05.F.15_01,7,1299.0,1491.0,1395.0
n1_TS,n1,TS,tai20_15_05.F.15_01,8,1297.0,1507.0,1402.0
n1_TS,n1,TS,tai20_15_05.F.15_01,9,1293.0,1496.0,1394.5
n1_TS,n1,TS,tai20_15_05.F.15_01,10,1282.0,1506.0,1394.0
n1_TS,n1,TS,tai20_15_05.F.15_01,11,1311.0,1493.0,1402.0
n1_TS,n1,TS,tai20_15_05.F.15_01,12,1288.0,1508.0,1398.0
n1_TS,n1,TS,tai20_15_05.F.15_01,13,1330.0,1496.0,1413.0
n1_TS,n1,TS,tai20_15_05.F.15_01,14,1303.0,1493.0,1398.0
n1_TS,n1,TS,tai20_15_05.F.15_01,15,1290.0,1482.0,1386.0
n1_TS,n1,TS,tai20_15_05.F.15_01,16,1292.0,1493.0,1392.5
n1_TS,n1,TS,tai20_15_05.F.15_01,17,1303.0,1489.0,1396.0
n1_TS,n1,TS,tai20_15_05.F.15_01,18,1290.0,1484.0,1387.0
n1_TS,n1,TS,tai20_15_05.F.15_01,19,1318.0,1508.0,1413.0
n1_TS,n1,TS,tai20_15_05.F.15_01,20,1284.0,1483.0,1383.5
n1_TS,n1,TS,tai20_15_05.F.15_01,21,1304.0,1490.0,1397.0
n1_TS,n1,TS,tai20_15_05.F.15_01,22,1300.0,1490.0,1395.0
n1_TS,n1,TS,tai20_15_05.F.15_01,23,1316.0,1491.0,1403.5
n1_TS,n1,TS,tai20_15_05.F.15_01,24,1305.0,1486.0,1395.5
n1_TS,n1,TS,tai20_15_05.F.15_01,25,1306.0,1487.0,1396.5
n1_TS,n1,TS,tai20_15_05.F.15_01,26,1294.0,1487.0,1390.5
n1_TS,n1,TS,tai20_15_05.F.15_01,27,1289.0,1478.0,1383.5
n1_TS,n1,TS,tai20_15_05.F.15_01,28,1306.0,1490.0,1398.0
n1_TS,n1,TS,tai20_15_05.F.15_01,29,1297.0,1496.0,1396.5
n1_TS,n1,TS,tai20_15_05.F.15_01,30,1349.0,1518.0,1433.5
n1_TS,n1,TS,tai20_15_06.F.15_01,1,1321.0,1521.0,1421.0
n1_TS,n1,TS,tai20_15_06.F.15_01,2,1313.0,1522.0,1417.5
n1_TS,n1,TS,tai20_15_06.F.15_01,3,1296.0,1498.0,1397.0
n1_TS,n1,TS,tai20_15_06.F.15_01,4,1297.0,1524.0,1410.5
n1_TS,n1,TS,tai20_15_06.F.15_01,5,1347.0,1527.0,1437.0
n1_TS,n1,TS,tai20_15_06.F.15_01,6,1334.0,1538.0,1436.0
n1_TS,n1,TS,tai20_15_06.F.15_01,7,1294.0,1490.0,1392.0
n1_TS,n1,TS,tai20_15_06.F.15_01,8,1320.0,1555.0,1437.5
n1_TS,n1,TS,tai20_15_06.F.15_01,9,1291.0,1496.0,1393.5
n1_TS,n1,TS,tai20_15_06.F.15_01,10,1290.0,1510.0,1400.0
n1_TS,n1,TS,tai20_15_06.F.15_01,11,1295.0,1529.0,1412.0
n1_TS,n1,TS,tai20_15_06.F.15_01,12,1308.0,1503.0,1405.5
n1_TS,n1,TS,tai20_15_06.F.15_01,13,1288.0,1510.0,1399.0
n1_TS,n1,TS,tai20_15_06.F.15_01,14,1320.0,1530.0,1425.0
n1_TS,n1,TS,tai20_15_06.F.15_01,15,1308.0,1523.0,1415.5
n1_TS,n1,TS,tai20_15_06.F.15_01,16,1326.0,1485.0,1405.5
n1_TS,n1,TS,tai20_15_06.F.15_01,17,1307.0,1520.0,1413.5
n1_TS,n1,TS,tai20_15_06.F.15_01,18,1320.0,1506.0,1413.0
n1_TS,n1,TS,tai20_15_06.F.15_01,19,1308.0,1493.0,1400.5
n1_TS,n1,TS,tai20_15_06.F.15_01,20,1341.0,1556.0,1448.5
n1_TS,n1,TS,tai20_15_06.F.15_01,21,1305.0,1535.0,1420.0
n1_TS,n1,TS,tai20_15_06.F.15_01,22,1335.0,1517.0,1426.0
n1_TS,n1,TS,tai20_15_06.F.15_01,23,1314.0,1552.0,1433.0
n1_TS,n1,TS,tai20_15_06.F.15_01,24,1303.0,1515.0,1409.0
n1_TS,n1,TS,tai20_15_06.F.15_01,25,1314.0,1528.0,1421.0
n1_TS,n1,TS,tai20_15_06.F.15_01,26,1317.0,1483.0,1400.0
n1_TS,n1,TS,tai20_15_06.F.15_01,27,1314.0,1515.0,1414.5
n1_TS,n1,TS,tai20_15_06.F.15_01,28,1288.0,1526.0,1407.0
n1_TS,n1,TS,tai20_15_06.F.15_01,29,1279.0,1510.0,1394.5
n1_TS,n1,TS,tai20_15_06.F.15_01,30,1307.0,1529.0,1418.0
n1_TS,n1,TS,tai20_15_07.F.15_01,1,1402.0,1634.0,1518.0
n1_TS,n1,TS,tai20_15_07.F.15_01,2,1399.0,1641.0,1520.0
n1_TS,n1,TS,tai20_15_07.F.15_01,3,1406.0,1626.0,1516.0
n1_TS,n1,TS,tai20_15_07.F.15_01,4,1398.0,1636.0,1517.0
n1_TS,n1,TS,tai20_15_07.F.15_01,5,1414.0,1652.0,1533.0
n1_TS,n1,TS,tai20_15_07.F.15_01,6,1402.0,1646.0,1524.0
n1_TS,n1,TS,tai20_15_07.F.15_01,7,1402.0,1646.0,1524.0
n1_TS,n1,TS,tai20_15_07.F.15_01,8,1426.0,1637.0,1531.5
n1_TS,n1,TS,tai20_15_07.F.15_01,9,1406.0,1634.0,1520.0
n1_TS,n1,TS,tai20_15_07.F.15_01,10,1402.0,1646.0,1524.0
n1_TS,n1,TS,tai20_15_07.F.15_01,11,1402.0,1634.0,1518.0
n1_TS,n1,TS,tai20_15_07.F.15_01,12,1420.0,1648.0,1534.0
n1_TS,n1,TS,tai20_15_07.F.15_01,13,1404.0,1637.0,1520.5
n1_TS,n1,TS,tai20_15_07.F.15_01,14,1379.0,1606.0,1492.5
n1_TS,n1,TS,tai20_15_07.F.15_01,15,1380.0,1611.0,1495.5
n1_TS,n1,TS,tai20_15_07.F.15_01,16,1404.0,1630.0,1517.0
n1_TS,n1,TS,tai20_15_07.F.15_01,17,1393.0,1626.0,1509.5
n1_TS,n1,TS,tai20_15_07.F.15_01,18,1382.0,1632.0,1507.0
n1_TS,n1,TS,tai20_15_07.F.15_01,19,1392.0,1607.0,1499.5
n1_TS,n1,TS,tai20_15_07.F.15_01,20,1371.0,1621.0,1496.0
n1_TS,n1,TS,tai20_15_07.F.15_01,21,1425.0,1651.0,1538.0
n1_TS,n1,TS,tai20_15_07.F.15_01,22,1451.0,1645.0,1548.0
n1_TS,n1,TS,tai20_15_07.F.15_01,23,1431.0,1667.0,1549.0
n1_TS,n1,TS,tai20_15_07.F.15_01,24,1405.0,1648.0,1526.5
n1_TS,n1,TS,tai20_15_07.F.15_01,25,1370.0,1626.0,1498.0
n1_TS,n1,TS,tai20_15_07.F.15_01,26,1383.0,1632.0,1507.5
n1_TS,n1,TS,tai20_15_07.F.15_01,27,1408.0,1631.0,1519.5
n1_TS,n1,TS,tai20_15_07.F.15_01,28,1402.0,1634.0,1518.0
n1_TS,n1,TS,tai20_15_07.F.15_01,29,1399.0,1641.0,1520.0
n1_TS,n1,TS,tai20_15_07.F.15_01,30,1405.0,1629.0,1517.0
n1_TS,n1,TS,tai20_15_08.F.15_01,1,1344.0,1550.0,1447.0
n1_TS,n1,TS,tai20_15_08.F.15_01,2,1341.0,1533.0,1437.0
n1_TS,n1,TS,tai20_15_08.F.15_01,3,1375.0,1577.0,1476.0
n1_TS,n1,TS,tai20_15_08.F.15_01,4,1389.0,1582.0,1485.5
n1_TS,n1,TS,tai20_15_08.F.15_01,5,1347.0,1575.0,1461.0
n1_TS,n1,TS,tai20_15_08.F.15_01,6,1378.0,1563.0,1470.5
n1_TS,n1,TS,tai20_15_08.F.15_01,7,1367.0,1565.0,1466.0
n1_TS,n1,TS,tai20_15_08.F.15_01,8,1366.0,1563.0,1464.5
n1_TS,n1,TS,tai20_15_08.F.15_01,9,1358.0,1566.0,1462.0
n1_TS,n1,TS,tai20_15_08.F.15_01,10,1394.0,1570.0,1482.0
n1_TS,n1,TS,tai20_15_08.F.15_01,11,1350.0,1558.0,1454.0
n1_TS,n1,TS,tai20_15_08.F.15_01,12,1357.0,1573.0,1465.0
n1_TS,n1,TS,tai20_15_08.F.15_01,13,1360.0,1573.0,1466.5
n1_TS,n1,TS,tai20_15_08.F.15_01,14,1366.0,1568.0,1467.0
n1_TS,n1,TS,tai20_15_08.F.15_01,15,1364.0,1574.0,1469.0
n1_TS,n1,TS,tai20_15_08.F.15_01,16,1372.0,1568.0,1470.0
n1_TS,n1,TS,tai20_15_08.F.15_01,17,1354.0,1531.0,1442.5
n1_TS,n1,TS,tai20_15_08.F.15_01,18,1363.0,1575.0,1469.0
n1_TS,n1,TS,tai20_15_08.F.15_01,19,1371.0,1564.0,1467.5
n1_TS,n1,TS,tai20_15_08.F.15_01,20,1392.0,1583.0,1487.5
n1_TS,n1,TS,tai20_15_08.F.15_01,21,1355.0,1577.0,1466.0
n1_TS,n1,TS,tai20_15_08.F.15_01,22,1342.0,1558.0,1450.0
n1_TS,n1,TS,tai20_15_08.F.15_01,23,1365.0,1554.0,1459.5
n1_TS,n1,TS,tai20_15_08.F.15_01,24,1389.0,1586.0,1487.5
n1_TS,n1,TS,tai20_15_08.F.15_01,25,1362.0,1570.0,1466.0
n1_TS,n1,TS,tai20_15_08.F.15_01,26,1383.0,1578.0,1480.5
n1_TS,n1,TS,tai20_15_08.F.15_01,27,1379.0,1593.0,1486.0
n1_TS,n1,TS,tai20_15_08.F.15_01,28,1350.0,1563.0,1456.5
n1_TS,n1,TS,tai20_15_08.F.15_01,29,1359.0,1566.0,1462.5
n1_TS,n1,TS,tai20_15_08.F.15_01,30,1370.0,1567.0,1468.5
n1_TS,n1,TS,tai20_15_09.F.15_01,1,1302.0,1495.0,1398.5
n1_TS,n1,TS,tai20_15_09.F.15_01,2,1320.0,1525.0,1422.5
n1_TS,n1,TS,tai20_15_09.F.15_01,3,1299.0,1464.0,1381.5
n1_TS,n1,TS,tai20_15_09.F.15_01,4,1313.0,1492.0,1402.5
n1_TS,n1,TS,tai20_15_09.F.15_01,5,1303.0,1489.0,1396.0
n1_TS,n1,TS,tai20_15_09.F.15_01,6,1304.0,1524.0,1414.0
n1_TS,n1,TS,tai20_15_09.F.15_01,7,1315.0,1527.0,1421.0
n1_TS,n1,TS,tai20_15_09.F.15_01,8,1296.0,1506.0,1401.0
n1_TS,n1,TS,tai20_15_09.F.15_01,9,1312.0,1498.0,1405.0
n1_TS,n1,TS,tai20_15_09.F.15_01,10,1324.0,1510.0,1417.0
n1_TS,n1,TS,tai20_15_09.F.15_01,11,1304.0,1483.0,1393.5
n1_TS,n1,TS,tai20_15_09.F.15_01,12,1327.0,1504.0,1415.5
n1_TS,n1,TS,tai20_15_09.F.15_01,13,1309.0,1497.0,1403.0
n1_TS,n1,TS,tai20_15_09.F.15_01,14,1290.0,1480.0,1385.0
n1_TS,n1,TS,tai20_15_09.F.15_01,15,1306.0,1531.0,1418.5
n1_TS,n1,TS,tai20_15_09.F.15_01,16,1305.0,1515.0,1410.0
n1_TS,n1,TS,tai20_15_09.F.15_01,17,1330.0,1478.0,1404.0
n1_TS,n1,TS,tai20_15_09.F.15_01,18,1309.0,1501.0,1405.0
n1_TS,n1,TS,tai20_15_09.F.15_01,19,1332.0,1529.0,1430.5
n1_TS,n1,TS,tai20_15_09.F.15_01,20,1293.0,1475.0,1384.0
n1_TS,n1,TS,tai20_15_09.F.15_01,21,1305.0,1478.0,1391.5
n1_TS,n1,TS,tai20_15_09.F.15_01,22,1321.0,1507.0,1414.0
n1_TS,n1,TS,tai20_15_09.F.15_01,23,1272.0,1462.0,1367.0
n1_TS,n1,TS,tai20_15_09.F.15_01,24,1342.0,1500.0,1421.0
n1_TS,n1,TS,tai20_15_09.F.15_01,25,1320.0,1492.0,1406.0
n1_TS,n1,TS,tai20_15_09.F.15_01,26,1307.0,1517.0,1412.0
n1_TS,n1,TS,tai20_15_09.F.15_01,27,1292.0,1500.0,1396.0
n1_TS,n1,TS,tai20_15_09.F.15_01,28,1315.0,1516.0,1415.5
n1_TS,n1,TS,tai20_15_09.F.15_01,29,1299.0,1505.0,1402.0
n1_TS,n1,TS,tai20_15_09.F.15_01,30,1309.0,1499.0,1404.0
n1_TS,n1,TS,tai20_15_10.F.15_01,1,1304.0,1507.0,1405.5
n1_TS,n1,TS,tai20_15_10.F.15_01,2,1291.0,1492.0,1391.5
n1_TS,n1,TS,tai20_15_10.F.15_01,3,1291.0,1507.0,1399.0
n1_TS,n1,TS,tai20_15_10.F.15_01,4,1280.0,1489.0,1384.5
n1_TS,n1,TS,tai20_15_10.F.15_01,5,1313.0,1508.0,1410.5
n1_TS,n1,TS,tai20_15_10.F.15_01,6,1307.0,1493.0,1400.0
n1_TS,n1,TS,tai20_15_10.F.15_01,7,1311.0,1497.0,1404.0
n1_TS,n1,TS,tai20_15_10.F.15_01,8,1272.0,1495.0,1383.5
n1_TS,n1,TS,tai20_15_10.F.15_01,9,1276.0,1491.0,1383.5
n1_TS,n1,TS,tai20_15_10.F.15_01,10,1317.0,1514.0,1415.5
n1_TS,n1,TS,tai20_15_10.F.15_01,11,1297.0,1496.0,1396.5
n1_TS,n1,TS,tai20_15_10.F.15_01,12,1290.0,1502.0,1396.0
n1_TS,n1,TS,tai20_15_10.F.15_01,13,1304.0,1508.0,1406.0
n1_TS,n1,TS,tai20_15_10.F.15_01,14,1277.0,1497.0,1387.0
n1_TS,n1,TS,tai20_15_10.F.15_01,15,1300.0,1490.0,1395.0
n1_TS,n1,TS,tai20_15_10.F.15_01,16,1312.0,1508.0,1410.0
n1_TS,n1,TS,tai20_15_10.F.15_01,17,1295.0,1491.0,1393.0
n1_TS,n1,TS,tai20_15_10.F.15_01,18,1292.0,1503.0,1397.5
n1_TS,n1,TS,tai20_15_10.F.15_01,19,1313.0,1521.0,1417.0
n1_TS,n1,TS,tai20_15_10.F.15_01,20,1273.0,1494.0,1383.5
n1_TS,n1,TS,tai20_15_10.F.15_01,21,1304.0,1509.0,1406.5
n1_TS,n1,TS,tai20_15_10.F.15_01,22,1313.0,1506.0,1409.5
n1_TS,n1,TS,tai20_15_10.F.15_01,23,1338.0,1520.0,1429.0
n1_TS,n1,TS,tai20_15_10.F.15_01,24,1308.0,1503.0,1405.5
n1_TS,n1,TS,tai20_15_10.F.15_01,25,1312.0,1494.0,1403.0
n1_TS,n1,TS,tai20_15_10.F.15_01,26,1319.0,1489.0,1404.0
n1_TS,n1,TS,tai20_15_10.F.15_01,27,1312.0,1507.0,1409.5
n1_TS,n1,TS,tai20_15_10.F.15_01,28,1294.0,1496.0,1395.0
n1_TS,n1,TS,tai20_15_10.F.15_01,29,1292.0,1501.0,1396.5
n1_TS,n1,TS,tai20_15_10.F.15_01,30,1300.0,1497.0,1398.5
n1_TS,n1,TS,tai20_20_01.F.15_01,1,1591.0,1816.0,1703.5
n1_TS,n1,TS,tai20_20_01.F.15_01,2,1607.0,1816.0,1711.5
n1_TS,n1,TS,tai20_20_01.F.15_01,3,1604.0,1801.0,1702.5
n1_TS,n1,TS,tai20_20_01.F.15_01,4,1596.0,1824.0,1710.0
n1_TS,n1,TS,tai20_20_01.F.15_01,5,1584.0,1818.0,1701.0
n1_TS,n1,TS,tai20_20_01.F.15_01,6,1615.0,1792.0,1703.5
n1_TS,n1,TS,tai20_20_01.F.15_01,7,1602.0,1835.0,1718.5
n1_TS,n1,TS,tai20_20_01.F.15_01,8,1586.0,1800.0,1693.0
n1_TS,n1,TS,tai20_20_01.F.15_01,9,1580.0,1798.0,1689.0
n1_TS,n1,TS,tai20_20_01.F.15_01,10,1593.0,1802.0,1697.5
n1_TS,n1,TS,tai20_20_01.F.15_01,11,1599.0,1812.0,1705.5
n1_TS,n1,TS,tai20_20_01.F.15_01,12,1652.0,1820.0,1736.0
n1_TS,n1,TS,tai20_20_01.F.15_01,13,1598.0,1828.0,1713.0
n1_TS,n1,TS,tai20_20_01.F.15_01,14,1609.0,1795.0,1702.0
n1_TS,n1,TS,tai20_20_01.F.15_01,15,1589.0,1830.0,1709.5
n1_TS,n1,TS,tai20_20_01.F.15_01,16,1625.0,1843.0,1734.0
n1_TS,n1,TS,tai20_20_01.F.15_01,17,1584.0,1805.0,1694.5
n1_TS,n1,TS,tai20_20_01.F.15_01,18,1599.0,1812.0,1705.5
n1_TS,n1,TS,tai20_20_01.F.15_01,19,1610.0,1790.0,1700.0
n1_TS,n1,TS,tai20_20_01.F.15_01,20,1603.0,1821.0,1712.0
n1_TS,n1,TS,tai20_20_01.F.15_01,21,1641.0,1832.0,1736.5
n1_TS,n1,TS,tai20_20_01.F.15_01,22,1602.0,1785.0,1693.5
n1_TS,n1,TS,tai20_20_01.F.15_01,23,1640.0,1850.0,1745.0
n1_TS,n1,TS,tai20_20_01.F.15_01,24,1619.0,1824.0,1721.5
n1_TS,n1,TS,tai20_20_01.F.15_01,25,1652.0,1836.0,1744.0
n1_TS,n1,TS,tai20_20_01.F.15_01,26,1617.0,1816.0,1716.5
n1_TS,n1,TS,tai20_20_01.F.15_01,27,1592.0,1830.0,1711.0
n1_TS,n1,TS,tai20_20_01.F.15_01,28,1602.0,1801.0,1701.5
n1_TS,n1,TS,tai20_20_01.F.15_01,29,1596.0,1812.0,1704.0
n1_TS,n1,TS,tai20_20_01.F.15_01,30,1568.0,1802.0,1685.0
n1_TS,n1,TS,tai20_20_02.F.15_01,1,1565.0,1780.0,1672.5
n1_TS,n1,TS,tai20_20_02.F.15_01,2,1555.0,1775.0,1665.0
n1_TS,n1,TS,tai20_20_02.F.15_01,3,1535.0,1772.0,1653.5
n1_TS,n1,TS,tai20_20_02.F.15_01,4,1569.0,1766.0,1667.5
n1_TS,n1,TS,tai20_20_02.F.15_01,5,1518.0,1749.0,1633.5
n1_TS,n1,TS,tai20_20_02.F.15_01,6,1553.0,1767.0,1660.0
n1_TS,n1,TS,tai20_20_02.F.15_01,7,1528.0,1769.0,1648.5
n1_TS,n1,TS,tai20_20_02.F.15_01,8,1564.0,1769.0,1666.5
n1_TS,n1,TS,tai20_20_02.F.15_01,9,1553.0,1769.0,1661.0
n1_TS,n1,TS,tai20_20_02.F.15_01,10,1510.0,1750.0,1630.0
n1_TS,n1,TS,tai20_20_02.F.15_01,11,1547.0,1796.0,1671.5
n1_TS,n1,TS,tai20_20_02.F.15_01,12,1554.0,1762.0,1658.0
n1_TS,n1,TS,tai20_20_02.F.15_01,13,1542.0,1752.0,1647.0
n1_TS,n1,TS,tai20_20_02.F.15_01,14,1546.0,1784.0,1665.0
n1_TS,n1,TS,tai20_20_02.F.15_01,15,1540.0,1803.0,1671.5
n1_TS,n1,TS,tai20_20_02.F.15_01,16,1566.0,1777.0,1671.5
n1_TS,n1,TS,tai20_20_02.F.15_01,17,1568.0,1782.0,1675.0
n1_TS,n1,TS,tai20_20_02.F.15_01,18,1570.0,1765.0,1667.5
n1_TS,n1,TS,tai20_20_02.F.15_01,19,1569.0,1772.0,1670.5
n1_TS,n1,TS,tai20_20_02.F.15_01,20,1537.0,1763.0,1650.0
n1_TS,n1,TS,tai20_20_02.F.15_01,21,1543.0,1770.0,1656.5
n1_TS,n1,TS,tai20_20_02.F.15_01,22,1546.0,1758.0,1652.0
n1_TS,n1,TS,tai20_20_02.F.15_01,23,1548.0,1773.0,1660.5
n1_TS,n1,TS,tai20_20_02.F.15_01,24,1551.0,1760.0,1655.5
n1_TS,n1,TS,tai20_20_02.F.15_01,25,1551.0,1786.0,1668.5
n1_TS,n1,TS,tai20_20_02.F.15_01,26,1546.0,1775.0,1660.5
n1_TS,n1,TS,tai20_20_02.F.15_01,27,1564.0,1776.0,1670.0
n1_TS,n1,TS,tai20_20_02.F.15_01,28,1545.0,1770.0,1657.5
n1_TS,n1,TS,tai20_20_02.F.15_01,29,1565.0,1787.0,1676.0
n1_TS,n1,TS,tai20_20_02.F.15_01,30,1553.0,1765.0,1659.0
n1_TS,n1,TS,tai20_20_03.F.15_01,1,1532.0,1703.0,1617.5
n1_TS,n1,TS,tai20_20_03.F.15_01,2,1546.0,1720.0,1633.0
n1_TS,n1,TS,tai20_20_03.F.15_01,3,1552.0,1721.0,1636.5
n1_TS,n1,TS,tai20_20_03.F.15_01,4,1557.0,1734.0,1645.5
n1_TS,n1,TS,tai20_20_03.F.15_01,5,1562.0,1720.0,1641.0
n1_TS,n1,TS,tai20_20_03.F.15_01,6,1514.0,1682.0,1598.0
n1_TS,n1,TS,tai20_20_03.F.15_01,7,1529.0,1709.0,1619.0
n1_TS,n1,TS,tai20_20_03.F.15_01,8,1530.0,1700.0,1615.0
n1_TS,n1,TS,tai20_20_03.F.15_01,9,1541.0,1701.0,1621.0
n1_TS,n1,TS,tai20_20_03.F.15_01,10,1546.0,1714.0,1630.0
n1_TS,n1,TS,tai20_20_03.F.15_01,11,1518.0,1684.0,1601.0
n1_TS,n1,TS,tai20_20_03.F.15_01,12,1589.0,1726.0,1657.5
n1_TS,n1,TS,tai20_20_03.F.15_01,13,1531.0,1712.0,1621.5
n1_TS,n1,TS,tai20_20_03.F.15_01,14,1566.0,1732.0,1649.0
n1_TS,n1,TS,tai20_20_03.F.15_01,15,1522.0,1689.0,1605.5
n1_TS,n1,TS,tai20_20_03.F.15_01,16,1519.0,1703.0,1611.0
n1_TS,n1,TS,tai20_20_03.F.15_01,17,1549.0,1711.0,1630.0
n1_TS,n1,TS,tai20_20_03.F.15_01,18,1557.0,1724.0,1640.5
n1_TS,n1,TS,tai20_20_03.F.15_01,19,1525.0,1713.0,1619.0
n1_TS,n1,TS,tai20_20_03.F.15_01,20,1534.0,1710.0,1622.0
n1_TS,n1,TS,tai20_20_03.F.15_01,21,1541.0,1704.0,1622.5
n1_TS,n1,TS,tai20_20_03.F.15_01,22,1553.0,1730.0,1641.5
n1_TS,n1,TS,tai20_20_03.F.15_01,23,1550.0,1720.0,1635.0
n1_TS,n1,TS,tai20_20_03.F.15_01,24,1547.0,1702.0,1624.5
n1_TS,n1,TS,tai20_20_03.F.15_01,25,1522.0,1702.0,1612.0
n1_TS,n1,TS,tai20_20_03.F.15_01,26,1528.0,1701.0,1614.5
n1_TS,n1,TS,tai20_20_03.F.15_01,27,1539.0,1690.0,1614.5
n1_TS,n1,TS,tai20_20_03.F.15_01,28,1513.0,1703.0,1608.0
n1_TS,n1,TS,tai20_20_03.F.15_01,29,1538.0,1702.0,1620.0
n1_TS,n1,TS,tai20_20_03.F.15_01,30,1531.0,1729.0,1630.0
n1_TS,n1,TS,tai20_20_04.F.15_01,1,1599.0,1820.0,1709.5
n1_TS,n1,TS,tai20_20_04.F.15_01,2,1580.0,1815.0,1697.5
n1_TS,n1,TS,tai20_20_04.F.15_01,3,1597.0,1861.0,1729.0
n1_TS,n1,TS,tai20_20_04.F.15_01,4,1547.0,1785.0,1666.0
n1_TS,n1,TS,tai20_20_04.F.15_01,5,1617.0,1815.0,1716.0
n1_TS,n1,TS,tai20_20_04.F.15_01,6,1598.0,1824.0,1711.0
n1_TS,n1,TS,tai20_20_04.F.15_01,7,1579.0,1814.0,1696.5
n1_TS,n1,TS,tai20_20_04.F.15_01,8,1555.0,1787.0,1671.0
n1_TS,n1,TS,tai20_20_04.F.15_01,9,1578.0,1815.0,1696.5
n1_TS,n1,TS,tai20_20_04.F.15_01,10,1584.0,1811.0,1697.5
n1_TS,n1,TS,tai20_20_04.F.15_01,11,1582.0,1840.0,1711.0
n1_TS,n1,TS,tai20_20_04.F.15_01,12,1621.0,1833.0,1727.0
n1_TS,n1,TS,tai20_20_04.F.15_01,13,1560.0,1797.0,1678.5
n1_TS,n1,TS,tai20_20_04.F.15_01,14,1553.0,1828.0,1690.5
n1_TS,n1,TS,tai20_20_04.F.15_01,15,1604.0,1825.0,1714.5
n1_TS,n1,TS,tai20_20_04.F.15_01,16,1626.0,1830.0,1728.0
n1_TS,n1,TS,tai20_20_04.F.15_01,17,1573.0,1814.0,1693.5
n1_TS,n1,TS,tai20_20_04.F.15_01,18,1588.0,1811.0,1699.5
n1_TS,n1,TS,tai20_20_04.F.15_01,19,1594.0,1806.0,1700.0
n1_TS,n1,TS,tai20_20_04.F.15_01,20,1629.0,1817.0,1723.0
n1_TS,n1,TS,tai20_20_04.F.15_01,21,1577.0,1802.0,1689.5
n1_TS,n1,TS,tai20_20_04.F.15_01,22,1578.0,1804.0,1691.0
n1_TS,n1,TS,tai20_20_04.F.15_01,23,1547.0,1785.0,1666.0
n1_TS,n1,TS,tai20_20_04.F.15_01,24,1601.0,1800.0,1700.5
n1_TS,n1,TS,tai20_20_04.F.15_01,25,1564.0,1805.0,1684.5
n1_TS,n1,TS,tai20_20_04.F.15_01,26,1579.0,1815.0,1697.0
n1_TS,n1,TS,tai20_20_04.F.15_01,27,1617.0,1816.0,1716.5
n1_TS,n1,TS,tai20_20_04.F.15_01,28,1562.0,1814.0,1688.0
n1_TS,n1,TS,tai20_20_04.F.15_01,29,1602.0,1857.0,1729.5
n1_TS,n1,TS,tai20_20_04.F.15_01,30,1602.0,1818.0,1710.0
n1_TS,n1,TS,tai20_20_05.F.15_01,1,1549.0,1738.0,1643.5
n1_TS,n1,TS,tai20_20_05.F.15_01,2,1581.0,1770.0,1675.5
n1_TS,n1,TS,tai20_20_05.F.15_01,3,1576.0,1770.0,1673.0
n1_TS,n1,TS,tai20_20_05.F.15_01,4,1571.0,1773.0,1672.0
n1_TS,n1,TS,tai20_20_05.F.15_01,5,1564.0,1769.0,1666.5
n1_TS,n1,TS,tai20_20_05.F.15_01,6,1586.0,1785.0,1685.5
n1_TS,n1,TS,tai20_20_05.F.15_01,7,1568.0,1756.0,1662.0
n1_TS,n1,TS,tai20_20_05.F.15_01,8,1559.0,1771.0,1665.0
n1_TS,n1,TS,tai20_20_05.F.15_01,9,1546.0,1792.0,1669.0
n1_TS,n1,TS,tai20_20_05.F.15_01,10,1582.0,1793.0,1687.5
n1_TS,n1,TS,tai20_20_05.F.15_01,11,1558.0,1771.0,1664.5
n1_TS,n1,TS,tai20_20_05.F.15_01,12,1582.0,1781.0,1681.5
n1_TS,n1,TS,tai20_20_05.F.15_01,13,1579.0,1770.0,1674.5
n1_TS,n1,TS,tai20_20_05.F.15_01,14,1554.0,1770.0,1662.0
n1_TS,n1,TS,tai20_20_05.F.15_01,15,1594.0,1769.0,1681.5
n1_TS,n1,TS,tai20_20_05.F.15_01,16,1611.0,1757.0,1684.0
n1_TS,n1,TS,tai20_20_05.F.15_01,17,1554.0,1792.0,1673.0
n1_TS,n1,TS,tai20_20_05.F.15_01,18,1583.0,1775.0,1679.0
n1_TS,n1,TS,tai20_20_05.F.15_01,19,1578.0,1804.0,1691.0
n1_TS,n1,TS,tai20_20_05.F.15_01,20,1577.0,1763.0,1670.0
n1_TS,n1,TS,tai20_20_05.F.15_01,21,1558.0,1757.0,1657.5
n1_TS,n1,TS,tai20_20_05.F.15_01,22,1544.0,1745.0,1644.5
n1_TS,n1,TS,tai20_20_05.F.15_01,23,1572.0,1796.0,1684.0
n1_TS,n1,TS,tai20_20_05.F.15_01,24,1551.0,1760.0,1655.5
n1_TS,n1,TS,tai20_20_05.F.15_01,25,1564.0,1769.0,1666.5
n1_TS,n1,TS,tai20_20_05.F.15_01,26,1595.0,1785.0,1690.0
n1_TS,n1,TS,tai20_20_05.F.15_01,27,1568.0,1754.0,1661.0
n1_TS,n1,TS,tai20_20_05.F.15_01,28,1584.0,1770.0,1677.0
n1_TS,n1,TS,tai20_20_05.F.15_01,29,1595.0,1774.0,1684.5
n1_TS,n1,TS,tai20_20_05.F.15_01,30,1574.0,1772.0,1673.0
n1_TS,n1,TS,tai20_20_06.F.15_01,1,1634.0,1817.0,1725.5
n1_TS,n1,TS,tai20_20_06.F.15_01,2,1629.0,1827.0,1728.0
n1_TS,n1,TS,tai20_20_06.F.15_01,3,1641.0,1819.0,1730.0
n1_TS,n1,TS,tai20_20_06.F.15_01,4,1618.0,1804.0,1711.0
n1_TS,n1,TS,tai20_20_06.F.15_01,5,1618.0,1824.0,1721.0
n1_TS,n1,TS,tai20_20_06.F.15_01,6,1610.0,1803.0,1706.5
n1_TS,n1,TS,tai20_20_06.F.15_01,7,1631.0,1815.0,1723.0
n1_TS,n1,TS,tai20_20_06.F.15_01,8,1620.0,1816.0,1718.0
n1_TS,n1,TS,tai20_20_06.F.15_01,9,1634.0,1826.0,1730.0
n1_TS,n1,TS,tai20_20_06.F.15_01,10,1611.0,1804.0,1707.5
n1_TS,n1,TS,tai20_20_06.F.15_01,11,1626.0,1833.0,1729.5
n1_TS,n1,TS,tai20_20_06.F.15_01,12,1615.0,1803.0,1709.0
n1_TS,n1,TS,tai20_20_06.F.15_01,13,1628.0,1826.0,1727.0
n1_TS,n1,TS,tai20_20_06.F.15_01,14,1613.0,1808.0,1710.5
n1_TS,n1,TS,tai20_20_06.F.15_01,15,1625.0,1805.0,1715.0
n1_TS,n1,TS,tai20_20_06.F.15_01,16,1598.0,1804.0,1701.0
n1_TS,n1,TS,tai20_20_06.F.15_01,17,1608.0,1815.0,1711.5
n1_TS,n1,TS,tai20_20_06.F.15_01,18,1637.0,1825.0,1731.0
n1_TS,n1,TS,tai20_20_06.F.15_01,19,1629.0,1832.0,1730.5
n1_TS,n1,TS,tai20_20_06.F.15_01,20,1608.0,1802.0,1705.0
n1_TS,n1,TS,tai20_20_06.F.15_01,21,1647.0,1817.0,1732.0
n1_TS,n1,TS,tai20_20_06.F.15_01,22,1652.0,1839.0,1745.5
n1_TS,n1,TS,tai20_20_06.F.15_01,23,1622.0,1835.0,1728.5
n1_TS,n1,TS,tai20_20_06.F.15_01,24,1602.0,1802.0,1702.0
n1_TS,n1,TS,tai20_20_06.F.15_01,25,1632.0,1824.0,1728.0
n1_TS,n1,TS,tai20_20_06.F.15_01,26,1639.0,1827.0,1733.0
n1_TS,n1,TS,tai20_20_06.F.15_01,27,1648.0,1836.0,1742.0
n1_TS,n1,TS,tai20_20_06.F.15_01,28,1642.0,1820.0,1731.0
n1_TS,n1,TS,tai20_20_06.F.15_01,29,1625.0,1812.0,1718.5
n1_TS,n1,TS,tai20_20_06.F.15_01,30,1626.0,1820.0,1723.0
n1_TS,n1,TS,tai20_20_07.F.15_01,1,1637.0,1834.0,1735.5
n1_TS,n1,TS,tai20_20_07.F.15_01,2,1655.0,1830.0,1742.5
n1_TS,n1,TS,tai20_20_07.F.15_01,3,1661.0,1855.0,1758.0
n1_TS,n1,TS,tai20_20_07.F.15_01,4,1650.0,1827.0,1738.5
n1_TS,n1,TS,tai20_20_07.F.15_01,5,1620.0,1843.0,1731.5
n1_TS,n1,TS,tai20_20_07.F.15_01,6,1651.0,1853.0,1752.0
n1_TS,n1,TS,tai20_20_07.F.15_01,7,1655.0,1838.0,1746.5
n1_TS,n1,TS,tai20_20_07.F.15_01,8,1662.0,1839.0,1750.5
n1_TS,n1,TS,tai20_20_07.F.15_01,9,1639.0,1833.0,1736.0
n1_TS,n1,TS,tai20_20_07.F.15_01,10,1654.0,1826.0,1740.0
n1_TS,n1,TS,tai20_20_07.F.15_01,11,1676.0,1841.0,1758.5
n1_TS,n1,TS,tai20_20_07.F.15_01,12,1654.0,1848.0,1751.0
n1_TS,n1,TS,tai20_20_07.F.15_01,13,1657.0,1854.0,1755.5
n1_TS,n1,TS,tai20_20_07.F.15_01,14,1649.0,1846.0,1747.5
n1_TS,n1,TS,tai20_20_07.F.15_01,15,1637.0,1837.0,1737.0
n1_TS,n1,TS,tai20_20_07.F.15_01,16,1647.0,1860.0,1753.5
n1_TS,n1,TS,tai20_20_07.F.15_01,17,1640.0,1836.0,1738.0
n1_TS,n1,TS,tai20_20_07.F.15_01,18,1645.0,1840.0,1742.5
n1_TS,n1,TS,tai20_20_07.F.15_01,19,1610.0,1834.0,1722.0
n1_TS,n1,TS,tai20_20_07.F.15_01,20,1632.0,1824.0,1728.0
n1_TS,n1,TS,tai20_20_07.F.15_01,21,1623.0,1835.0,1729.0
n1_TS,n1,TS,tai20_20_07.F.15_01,22,1639.0,1847.0,1743.0
n1_TS,n1,TS,tai20_20_07.F.15_01,23,1645.0,1831.0,1738.0
n1_TS,n1,TS,tai20_20_07.F.15_01,24,1620.0,1834.0,1727.0
n1_TS,n1,TS,tai20_20_07.F.15_01,25,1609.0,1824.0,1716.5
n1_TS,n1,TS,tai20_20_07.F.15_01,26,1667.0,1848.0,1757.5
n1_TS,n1,TS,tai20_20_07.F.15_01,27,1631.0,1839.0,1735.0
n1_TS,n1,TS,tai20_20_07.F.15_01,28,1656.0,1835.0,1745.5
n1_TS,n1,TS,tai20_20_07.F.15_01,29,1627.0,1846.0,1736.5
n1_TS,n1,TS,tai20_20_07.F.15_01,30,1621.0,1835.0,1728.0
n1_TS,n1,TS,tai20_20_08.F.15_01,1,1572.0,1762.0,1667.0
n1_TS,n1,TS,tai20_20_08.F.15_01,2,1565.0,1760.0,1662.5
n1_TS,n1,TS,tai20_20_08.F.15_01,3,1541.0,1739.0,1640.0
n1_TS,n1,TS,tai20_20_08.F.15_01,4,1588.0,1751.0,1669.5
n1_TS,n1,TS,tai20_20_08.F.15_01,5,1538.0,1746.0,1642.0
n1_TS,n1,TS,tai20_20_08.F.15_01,6,1566.0,1766.0,1666.0
n1_TS,n1,TS,tai20_20_08.F.15_01,7,1561.0,1769.0,1665.0
n1_TS,n1,TS,tai20_20_08.F.15_01,8,1558.0,1770.0,1664.0
n1_TS,n1,TS,tai20_20_08.F.15_01,9,1565.0,1766.0,1665.5
n1_TS,n1,TS,tai20_20_08.F.15_01,10,1553.0,1754.0,1653.5
n1_TS,n1,TS,tai20_20_08.F.15_01,11,1559.0,1760.0,1659.5
n1_TS,n1,TS,tai20_20_08.F.15_01,12,1564.0,1780.0,1672.0
n1_TS,n1,TS,tai20_20_08.F.15_01,13,1558.0,1739.0,1648.5
n1_TS,n1,TS,tai20_20_08.F.15_01,14,1565.0,1747.0,1656.0
n1_TS,n1,TS,tai20_20_08.F.15_01,15,1566.0,1766.0,1666.0
n1_TS,n1,TS,tai20_20_08.F.15_01,16,1561.0,1764.0,1662.5
n1_TS,n1,TS,tai20_20_08.F.15_01,17,1547.0,1754.0,1650.5
n1_TS,n1,TS,tai20_20_08.F.15_01,18,1562.0,1745.0,1653.5
n1_TS,n1,TS,tai20_20_08.F.15_01,19,1557.0,1757.0,1657.0
n1_TS,n1,TS,tai20_20_08.F.15_01,20,1565.0,1769.0,1667.0
n1_TS,n1,TS,tai20_20_08.F.15_01,21,1542.0,1752.0,1647.0
n1_TS,n1,TS,tai20_20_08.F.15_01,22,1587.0,1763.0,1675.0
n1_TS,n1,TS,tai20_20_08.F.15_01,23,1567.0,1785.0,1676.0
n1_TS,n1,TS,tai20_20_08.F.15_01,24,1572.0,1763.0,1667.5
n1_TS,n1,TS,tai20_20_08.F.15_01,25,1573.0,1751.0,1662.0
n1_TS,n1,TS,tai20_20_08.F.15_01,26,1572.0,1748.0,1660.0
n1_TS,n1,TS,tai20_20_08.F.15_01,27,1552.0,1773.0,1662.5
n1_TS,n1,TS,tai20_20_08.F.15_01,28,1530.0,1754.0,1642.0
n1_TS,n1,TS,tai20_20_08.F.15_01,29,1552.0,1746.0,1649.0
n1_TS,n1,TS,tai20_20_08.F.15_01,30,1552.0,1754.0,1653.0
n1_TS,n1,TS,tai20_20_09.F.15_01,1,1571.0,1756.0,1663.5
n1_TS,n1,TS,tai20_20_09.F.15_01,2,1581.0,1762.0,1671.5
n1_TS,n1,TS,tai20_20_09.F.15_01,3,1582.0,1750.0,1666.0
n1_TS,n1,TS,tai20_20_09.F.15_01,4,1569.0,1770.0,1669.5
n1_TS,n1,TS,tai20_20_09.F.15_01,5,1564.0,1753.0,1658.5
n1_TS,n1,TS,tai20_20_09.F.15_01,6,1542.0,1756.0,1649.0
n1_TS,n1,TS,tai20_20_09.F.15_01,7,1575.0,1749.0,1662.0
n1_TS,n1,TS,tai20_20_09.F.15_01,8,1582.0,1750.0,1666.0
n1_TS,n1,TS,tai20_20_09.F.15_01,9,1580.0,1781.0,1680.5
n1_TS,n1,TS,tai20_20_09.F.15_01,10,1567.0,1764.0,1665.5
n1_TS,n1,TS,tai20_20_09.F.15_01,11,1558.0,1763.0,1660.5
n1_TS,n1,TS,tai20_20_09.F.15_01,12,1557.0,1761.0,1659.0
n1_TS,n1,TS,tai20_20_09.F.15_01,13,1573.0,1763.0,1668.0
n1_TS,n1,TS,tai20_20_09.F.15_01,14,1571.0,1764.0,1667.5
n1_TS,n1,TS,tai20_20_09.F.15_01,15,1564.0,1753.0,1658.5
n1_TS,n1,TS,tai20_20_09.F.15_01,16,1582.0,1786.0,1684.0
n1_TS,n1,TS,tai20_20_09.F.15_01,17,1566.0,1767.0,1666.5
n1_TS,n1,TS,tai20_20_09.F.15_01,18,1594.0,1772.0,1683.0
n1_TS,n1,TS,tai20_20_09.F.15_01,19,1558.0,1756.0,1657.0
n1_TS,n1,TS,tai20_20_09.F.15_01,20,1571.0,1764.0,1667.5
n1_TS,n1,TS,tai20_20_09.F.15_01,21,1588.0,1768.0,1678.0
n1_TS,n1,TS,tai20_20_09.F.15_01,22,1570.0,1756.0,1663.0
n1_TS,n1,TS,tai20_20_09.F.15_01,23,1573.0,1755.0,1664.0
n1_TS,n1,TS,tai20_20_09.F.15_01,24,1566.0,1761.0,1663.5
n1_TS,n1,TS,tai20_20_09.F.15_01,25,1570.0,1756.0,1663.0
n1_TS,n1,TS,tai20_20_09.F.15_01,26,1559.0,1772.0,1665.5
n1_TS,n1,TS,tai20_20_09.F.15_01,27,1570.0,1770.0,1670.0
n1_TS,n1,TS,tai20_20_09.F.15_01,28,1550.0,1764.0,1657.0
n1_TS,n1,TS,tai20_20_09.F.15_01,29,1570.0,1757.0,1663.5
n1_TS,n1,TS,tai20_20_09.F.15_01,30,1561.0,1760.0,1660.5
n1_TS,n1,TS,tai20_20_10.F.15_01,1,1580.0,1740.0,1660.0
n1_TS,n1,TS,tai20_20_10.F.15_01,2,1554.0,1740.0,1647.0
n1_TS,n1,TS,tai20_20_10.F.15_01,3,1575.0,1743.0,1659.0
n1_TS,n1,TS,tai20_20_10.F.15_01,4,1555.0,1770.0,1662.5
n1_TS,n1,TS,tai20_20_10.F.15_01,5,1552.0,1763.0,1657.5
n1_TS,n1,TS,tai20_20_10.F.15_01,6,1557.0,1753.0,1655.0
n1_TS,n1,TS,tai20_20_10.F.15_01,7,1552.0,1755.0,1653.5
n1_TS,n1,TS,tai20_20_10.F.15_01,8,1544.0,1761.0,1652.5
n1_TS,n1,TS,tai20_20_10.F.15_01,9,1530.0,1751.0,1640.5
n1_TS,n1,TS,tai20_20_10.F.15_01,10,1574.0,1760.0,1667.0
n1_TS,n1,TS,tai20_20_10.F.15_01,11,1538.0,1719.0,1628.5
n1_TS,n1,TS,tai20_20_10.F.15_01,12,1530.0,1743.0,1636.5
n1_TS,n1,TS,tai20_20_10.F.15_01,13,1549.0,1753.0,1651.0
n1_TS,n1,TS,tai20_20_10.F.15_01,14,1560.0,1741.0,1650.5
n1_TS,n1,TS,tai20_20_10.F.15_01,15,1535.0,1735.0,1635.0
n1_TS,n1,TS,tai20_20_10.F.15_01,16,1541.0,1733.0,1637.0
n1_TS,n1,TS,tai20_20_10.F.15_01,17,1577.0,1735.0,1656.0
n1_TS,n1,TS,tai20_20_10.F.15_01,18,1552.0,1738.0,1645.0
n1_TS,n1,TS,tai20_20_10.F.15_01,19,1543.0,1759.0,1651.0
n1_TS,n1,TS,tai20_20_10.F.15_01,20,1549.0,1733.0,1641.0
n1_TS,n1,TS,tai20_20_10.F.15_01,21,1561.0,1733.0,1647.0
n1_TS,n1,TS,tai20_20_10.F.15_01,22,1554.0,1711.0,1632.5
n1_TS,n1,TS,tai20_20_10.F.15_01,23,1541.0,1734.0,1637.5
n1_TS,n1,TS,tai20_20_10.F.15_01,24,1575.0,1777.0,1676.0
n1_TS,n1,TS,tai20_20_10.F.15_01,25,1543.0,1739.0,1641.0
n1_TS,n1,TS,tai20_20_10.F.15_01,26,1554.0,1767.0,1660.5
n1_TS,n1,TS,tai20_20_10.F.15_01,27,1557.0,1768.0,1662.5
n1_TS,n1,TS,tai20_20_10.F.15_01,28,1521.0,1753.0,1637.0
n1_TS,n1,TS,tai20_20_10.F.15_01,29,1541.0,1747.0,1644.0
n1_TS,n1,TS,tai20_20_10.F.15_01,30,1571.0,1737.0,1654.0
n1_TS,n1,TS,tai30_15_01.F.15_01,1,1714.0,1933.0,1823.5
n1_TS,n1,TS,tai30_15_01.F.15_01,2,1706.0,1934.0,1820.0
n1_TS,n1,TS,tai30_15_01.F.15_01,3,1725.0,1959.0,1842.0
n1_TS,n1,TS,tai30_15_01.F.15_01,4,1707.0,1926.0,1816.5
n1_TS,n1,TS,tai30_15_01.F.15_01,5,1737.0,1953.0,1845.0
n1_TS,n1,TS,tai30_15_01.F.15_01,6,1684.0,1916.0,1800.0
n1_TS,n1,TS,tai30_15_01.F.15_01,7,1699.0,1915.0,1807.0
n1_TS,n1,TS,tai30_15_01.F.15_01,8,1692.0,1908.0,1800.0
n1_TS,n1,TS,tai30_15_01.F.15_01,9,1702.0,1948.0,1825.0
n1_TS,n1,TS,tai30_15_01.F.15_01,10,1690.0,1923.0,1806.5
n1_TS,n1,TS,tai30_15_01.F.15_01,11,1706.0,1920.0,1813.0
n1_TS,n1,TS,tai30_15_01.F.15_01,12,1712.0,1942.0,1827.0
n1_TS,n1,TS,tai30_15_01.F.15_01,13,1709.0,1919.0,1814.0
n1_TS,n1,TS,tai30_15_01.F.15_01,14,1710.0,1948.0,1829.0
n1_TS,n1,TS,tai30_15_01.F.15_01,15,1728.0,1956.0,1842.0
n1_TS,n1,TS,tai30_15_01.F.15_01,16,1745.0,1964.0,1854.5
n1_TS,n1,TS,tai30_15_01.F.15_01,17,1739.0,1959.0,1849.0
n1_TS,n1,TS,tai30_15_01.F.15_01,18,1726.0,1963.0,1844.5
n1_TS,n1,TS,tai30_15_01.F.15_01,19,1693.0,1933.0,1813.0
n1_TS,n1,TS,tai30_15_01.F.15_01,20,1701.0,1932.0,1816.5
n1_TS,n1,TS,tai30_15_01.F.15_01,21,1718.0,1933.0,1825.5
n1_TS,n1,TS,tai30_15_01.F.15_01,22,1721.0,1969.0,1845.0
n1_TS,n1,TS,tai30_15_01.F.15_01,23,1686.0,1922.0,1804.0
n1_TS,n1,TS,tai30_15_01.F.15_01,24,1690.0,1932.0,1811.0
n1_TS,n1,TS,tai30_15_01.F.15_01,25,1695.0,1929.0,1812.0
n1_TS,n1,TS,tai30_15_01.F.15_01,26,1700.0,1931.0,1815.5
n1_TS,n1,TS,tai30_15_01.F.15_01,27,1695.0,1922.0,1808.5
n1_TS,n1,TS,tai30_15_01.F.15_01,28,1735.0,1947.0,1841.0
n1_TS,n1,TS,tai30_15_01.F.15_01,29,1721.0,1931.0,1826.0
n1_TS,n1,TS,tai30_15_01.F.15_01,30,1717.0,1972.0,1844.5
n1_TS,n1,TS,tai30_15_02.F.15_01,1,1725.0,2017.0,1871.0
n1_TS,n1,TS,tai30_15_02.F.15_01,2,1747.0,2017.0,1882.0
n1_TS,n1,TS,tai30_15_02.F.15_01,3,1765.0,2044.0,1904.5
n1_TS,n1,TS,tai30_15_02.F.15_01,4,1735.0,2017.0,1876.0
n1_TS,n1,TS,tai30_15_02.F.15_01,5,1731.0,2006.0,1868.5
n1_TS,n1,TS,tai30_15_02.F.15_01,6,1762.0,2032.0,1897.0
n1_TS,n1,TS,tai30_15_02.F.15_01,7,1746.0,2018.0,1882.0
n1_TS,n1,TS,tai30_15_02.F.15_01,8,1739.0,2049.0,1894.0
n1_TS,n1,TS,tai30_15_02.F.15_01,9,1745.0,2014.0,1879.5
n1_TS,n1,TS,tai30_15_02.F.15_01,10,1742.0,2019.0,1880.5
n1_TS,n1,TS,tai30_15_02.F.15_01,11,1724.0,2017.0,1870.5
n1_TS,n1,TS,tai30_15_02.F.15_01,12,1792.0,2074.0,1933.0
n1_TS,n1,TS,tai30_15_02.F.15_01,13,1814.0,2095.0,1954.5
n1_TS,n1,TS,tai30_15_02.F.15_01,14,1755.0,2031.0,1893.0
n1_TS,n1,TS,tai30_15_02.F.15_01,15,1787.0,2066.0,1926.5
n1_TS,n1,TS,tai30_15_02.F.15_01,16,1763.0,2020.0,1891.5
n1_TS,n1,TS,tai30_15_02.F.15_01,17,1757.0,2053.0,1905.0
n1_TS,n1,TS,tai30_15_02.F.15_01,18,1784.0,2070.0,1927.0
n1_TS,n1,TS,tai30_15_02.F.15_01,19,1734.0,2017.0,1875.5
n1_TS,n1,TS,tai30_15_02.F.15_01,20,1774.0,2075.0,1924.5
n1_TS,n1,TS,tai30_15_02.F.15_01,21,1743.0,2033.0,1888.0
n1_TS,n1,TS,tai30_15_02.F.15_01,22,1741.0,2047.0,1894.0
n1_TS,n1,TS,tai30_15_02.F.15_01,23,1749.0,2041.0,1895.0
n1_TS,n1,TS,tai30_15_02.F.15_01,24,1789.0,2042.0,1915.5
n1_TS,n1,TS,tai30_15_02.F.15_01,25,1782.0,2056.0,1919.0
n1_TS,n1,TS,tai30_15_02.F.15_01,26,1762.0,2052.0,1907.0
n1_TS,n1,TS,tai30_15_02.F.15_01,27,1746.0,2021.0,1883.5
n1_TS,n1,TS,tai30_15_02.F.15_01,28,1747.0,2033.0,1890.0
n1_TS,n1,TS,tai30_15_02.F.15_01,29,1741.0,2020.0,1880.5
n1_TS,n1,TS,tai30_15_02.F.15_01,30,1800.0,2051.0,1925.5
n1_TS,n1,TS,tai30_15_03.F.15_01,1,1731.0,2009.0,1870.0
n1_TS,n1,TS,tai30_15_03.F.15_01,2,1742.0,2040.0,1891.0
n1_TS,n1,TS,tai30_15_03.F.15_01,3,1766.0,2033.0,1899.5
n1_TS,n1,TS,tai30_15_03.F.15_01,4,1758.0,1998.0,1878.0
n1_TS,n1,TS,tai30_15_03.F.15_01,5,1763.0,2019.0,1891.0
n1_TS,n1,TS,tai30_15_03.F.15_01,6,1749.0,2013.0,1881.0
n1_TS,n1,TS,tai30_15_03.F.15_01,7,1768.0,2023.0,1895.5
n1_TS,n1,TS,tai30_15_03.F.15_01,8,1763.0,2029.0,1896.0
n1_TS,n1,TS,tai30_15_03.F.15_01,9,1753.0,2020.0,1886.5
n1_TS,n1,TS,tai30_15_03.F.15_01,10,1753.0,2032.0,1892.5
n1_TS,n1,TS,tai30_15_03.F.15_01,11,1763.0,2028.0,1895.5
n1_TS,n1,TS,tai30_15_03.F.15_01,12,1790.0,2028.0,1909.0
n1_TS,n1,TS,tai30_15_03.F.15_01,13,1794.0,2038.0,1916.0
n1_TS,n1,TS,tai30_15_03.F.15_01,14,1810.0,2067.0,1938.5
n1_TS,n1,TS,tai30_15_03.F.15_01,15,1743.0,2006.0,1874.5
n1_TS,n1,TS,tai30_15_03.F.15_01,16,1765.0,2028.0,1896.5
n1_TS,n1,TS,tai30_15_03.F.15_01,17,1765.0,2019.0,1892.0
n1_TS,n1,TS,tai30_15_03.F.15_01,18,1778.0,2029.0,1903.5
n1_TS,n1,TS,tai30_15_03.F.15_01,19,1753.0,2013.0,1883.0
n1_TS,n1,TS,tai30_15_03.F.15_01,20,1757.0,2019.0,1888.0
n1_TS,n1,TS,tai30_15_03.F.15_01,21,1771.0,2041.0,1906.0
n1_TS,n1,TS,tai30_15_03.F.15_01,22,1763.0,2023.0,1893.0
n1_TS,n1,TS,tai30_15_03.F.15_01,23,1744.0,2013.0,1878.5
n1_TS,n1,TS,tai30_15_03.F.15_01,24,1782.0,2049.0,1915.5
n1_TS,n1,TS,tai30_15_03.F.15_01,25,1792.0,2053.0,1922.5
n1_TS,n1,TS,tai30_15_03.F.15_01,26,1763.0,2008.0,1885.5
n1_TS,n1,TS,tai30_15_03.F.15_01,27,1740.0,2013.0,1876.5
n1_TS,n1,TS,tai30_15_03.F.15_01,28,1754.0,2032.0,1893.0
n1_TS,n1,TS,tai30_15_03.F.15_01,29,1816.0,2063.0,1939.5
n1_TS,n1,TS,tai30_15_03.F.15_01,30,1754.0,1995.0,1874.5
n1_TS,n1,TS,tai30_15_04.F.15_01,1,1796.0,2080.0,1938.0
n1_TS,n1,TS,tai30_15_04.F.15_01,2,1817.0,2083.0,1950.0
n1_TS,n1,TS,tai30_15_04.F.15_01,3,1769.0,2046.0,1907.5
n1_TS,n1,TS,tai30_15_04.F.15_01,4,1801.0,2065.0,1933.0
n1_TS,n1,TS,tai30_15_04.F.15_01,5,1781.0,2033.0,1907.0
n1_TS,n1,TS,tai30_15_04.F.15_01,6,1805.0,2081.0,1943.0
n1_TS,n1,TS,tai30_15_04.F.15_01,7,1784.0,2054.0,1919.0
n1_TS,n1,TS,tai30_15_04.F.15_01,8,1803.0,2083.0,1943.0
n1_TS,n1,TS,tai30_15_04.F.15_01,9,1812.0,2083.0,1947.5
n1_TS,n1,TS,tai30_15_04.F.15_01,10,1838.0,2066.0,1952.0
n1_TS,n1,TS,tai30_15_04.F.15_01,11,1815.0,2073.0,1944.0
n1_TS,n1,TS,tai30_15_04.F.15_01,12,1836.0,2094.0,1965.0
n1_TS,n1,TS,tai30_15_04.F.15_01,13,1783.0,2060.0,1921.5
n1_TS,n1,TS,tai30_15_04.F.15_01,14,1784.0,2060.0,1922.0
n1_TS,n1,TS,tai30_15_04.F.15_01,15,1843.0,2095.0,1969.0
n1_TS,n1,TS,tai30_15_04.F.15_01,16,1839.0,2083.0,1961.0
n1_TS,n1,TS,tai30_15_04.F.15_01,17,1756.0,2046.0,1901.0
n1_TS,n1,TS,tai30_15_04.F.15_01,18,1798.0,2083.0,1940.5
n1_TS,n1,TS,tai30_15_04.F.15_01,19,1784.0,2080.0,1932.0
n1_TS,n1,TS,tai30_15_04.F.15_01,20,1786.0,2051.0,1918.5
n1_TS,n1,TS,tai30_15_04.F.15_01,21,1783.0,2083.0,1933.0
n1_TS,n1,TS,tai30_15_04.F.15_01,22,1787.0,2083.0,1935.0
n1_TS,n1,TS,tai30_15_04.F.15_01,23,1804.0,2083.0,1943.5
n1_TS,n1,TS,tai30_15_04.F.15_01,24,1801.0,2043.0,1922.0
n1_TS,n1,TS,tai30_15_04.F.15_01,25,1802.0,2080.0,1941.0
n1_TS,n1,TS,tai30_15_04.F.15_01,26,1803.0,2051.0,1927.0
n1_TS,n1,TS,tai30_15_04.F.15_01,27,1803.0,2081.0,1942.0
n1_TS,n1,TS,tai30_15_04.F.15_01,28,1798.0,2041.0,1919.5
n1_TS,n1,TS,tai30_15_04.F.15_01,29,1789.0,2080.0,1934.5
n1_TS,n1,TS,tai30_15_04.F.15_01,30,1824.0,2083.0,1953.5
n1_TS,n1,TS,tai30_15_05.F.15_01,1,1883.0,2189.0,2036.0
n1_TS,n1,TS,tai30_15_05.F.15_01,2,1847.0,2167.0,2007.0
n1_TS,n1,TS,tai30_15_05.F.15_01,3,1878.0,2188.0,2033.0
n1_TS,n1,TS,tai30_15_05.F.15_01,4,1854.0,2176.0,2015.0
n1_TS,n1,TS,tai30_15_05.F.15_01,5,1867.0,2191.0,2029.0
n1_TS,n1,TS,tai30_15_05.F.15_01,6,1876.0,2191.0,2033.5
n1_TS,n1,TS,tai30_15_05.F.15_01,7,1854.0,2176.0,2015.0
n1_TS,n1,TS,tai30_15_05.F.15_01,8,1904.0,2193.0,2048.5
n1_TS,n1,TS,tai30_15_05.F.15_01,9,1850.0,2167.0,2008.5
n1_TS,n1,TS,tai30_15_05.F.15_01,10,1862.0,2176.0,2019.0
n1_TS,n1,TS,tai30_15_05.F.15_01,11,1854.0,2176.0,2015.0
n1_TS,n1,TS,tai30_15_05.F.15_01,12,1854.0,2176.0,2015.0
n1_TS,n1,TS,tai30_15_05.F.15_01,13,1876.0,2188.0,2032.0
n1_TS,n1,TS,tai30_15_05.F.15_01,14,1878.0,2188.0,2033.0
n1_TS,n1,TS,tai30_15_05.F.15_01,15,1878.0,2188.0,2033.0
n1_TS,n1,TS,tai30_15_05.F.15_01,16,1872.0,2176.0,2024.0
n1_TS,n1,TS,tai30_15_05.F.15_01,17,1862.0,2176.0,2019.0
n1_TS,n1,TS,tai30_15_05.F.15_01,18,1848.0,2167.0,2007.5
n1_TS,n1,TS,tai30_15_05.F.15_01,19,1862.0,2176.0,2019.0
n1_TS,n1,TS,tai30_15_05.F.15_01,20,1854.0,2176.0,2015.0
n1_TS,n1,TS,tai30_15_05.F.15_01,21,1854.0,2176.0,2015.0
n1_TS,n1,TS,tai30_15_05.F.15_01,22,1899.0,2176.0,2037.5
n1_TS,n1,TS,tai30_15_05.F.15_01,23,1857.0,2167.0,2012.0
n1_TS,n1,TS,tai30_15_05.F.15_01,24,1867.0,2191.0,2029.0
n1_TS,n1,TS,tai30_15_05.F.15_01,25,1847.0,2167.0,2007.0
n1_TS,n1,TS,tai30_15_05.F.15_01,26,1854.0,2176.0,2015.0
n1_TS,n1,TS,tai30_15_05.F.15_01,27,1856.0,2167.0,2011.5
n1_TS,n1,TS,tai30_15_05.F.15_01,28,1848.0,2167.0,2007.5
n1_TS,n1,TS,tai30_15_05.F.15_01,29,1898.0,2188.0,2043.0
n1_TS,n1,TS,tai30_15_05.F.15_01,30,1904.0,2195.0,2049.5
n1_TS,n1,TS,tai30_15_06.F.15_01,1,1739.0,1991.0,1865.0
n1_TS,n1,TS,tai30_15_06.F.15_01,2,1773.0,2030.0,1901.5
n1_TS,n1,TS,tai30_15_06.F.15_01,3,1760.0,2032.0,1896.0
n1_TS,n1,TS,tai30_15_06.F.15_01,4,1766.0,2025.0,1895.5
n1_TS,n1,TS,tai30_15_06.F.15_01,5,1753.0,2014.0,1883.5
n1_TS,n1,TS,tai30_15_06.F.15_01,6,1802.0,2043.0,1922.5
n1_TS,n1,TS,tai30_15_06.F.15_01,7,1779.0,2041.0,1910.0
n1_TS,n1,TS,tai30_15_06.F.15_01,8,1787.0,2049.0,1918.0
n1_TS,n1,TS,tai30_15_06.F.15_01,9,1756.0,2014.0,1885.0
n1_TS,n1,TS,tai30_15_06.F.15_01,10,1780.0,2050.0,1915.0
n1_TS,n1,TS,tai30_15_06.F.15_01,11,1773.0,2027.0,1900.0
n1_TS,n1,TS,tai30_15_06.F.15_01,12,1775.0,2027.0,1901.0
n1_TS,n1,TS,tai30_15_06.F.15_01,13,1756.0,2035.0,1895.5
n1_TS,n1,TS,tai30_15_06.F.15_01,14,1783.0,2045.0,1914.0
n1_TS,n1,TS,tai30_15_06.F.15_01,15,1767.0,2046.0,1906.5
n1_TS,n1,TS,tai30_15_06.F.15_01,16,1742.0,2002.0,1872.0
n1_TS,n1,TS,tai30_15_06.F.15_01,17,1754.0,2004.0,1879.0
n1_TS,n1,TS,tai30_15_06.F.15_01,18,1786.0,2058.0,1922.0
n1_TS,n1,TS,tai30_15_06.F.15_01,19,1740.0,1994.0,1867.0
n1_TS,n1,TS,tai30_15_06.F.15_01,20,1740.0,2008.0,1874.0
n1_TS,n1,TS,tai30_15_06.F.15_01,21,1762.0,2006.0,1884.0
n1_TS,n1,TS,tai30_15_06.F.15_01,22,1762.0,2000.0,1881.0
n1_TS,n1,TS,tai30_15_06.F.15_01,23,1774.0,2025.0,1899.5
n1_TS,n1,TS,tai30_15_06.F.15_01,24,1750.0,2002.0,1876.0
n1_TS,n1,TS,tai30_15_06.F.15_01,25,1752.0,2018.0,1885.0
n1_TS,n1,TS,tai30_15_06.F.15_01,26,1771.0,2021.0,1896.0
n1_TS,n1,TS,tai30_15_06.F.15_01,27,1737.0,2009.0,1873.0
n1_TS,n1,TS,tai30_15_06.F.15_01,28,1818.0,2072.0,1945.0
n1_TS,n1,TS,tai30_15_06.F.15_01,29,1739.0,2027.0,1883.0
n1_TS,n1,TS,tai30_15_06.F.15_01,30,1803.0,2047.0,1925.0
n1_TS,n1,TS,tai30_15_07.F.15_01,1,1725.0,1987.0,1856.0
n1_TS,n1,TS,tai30_15_07.F.15_01,2,1727.0,2000.0,1863.5
n1_TS,n1,TS,tai30_15_07.F.15_01,3,1748.0,2006.0,1877.0
n1_TS,n1,TS,tai30_15_07.F.15_01,4,1740.0,1998.0,1869.0
n1_TS,n1,TS,tai30_15_07.F.15_01,5,1744.0,1987.0,1865.5
n1_TS,n1,TS,tai30_15_07.F.15_01,6,1708.0,1988.0,1848.0
n1_TS,n1,TS,tai30_15_07.F.15_01,7,1717.0,1975.0,1846.0
n1_TS,n1,TS,tai30_15_07.F.15_01,8,1735.0,1992.0,1863.5
n1_TS,n1,TS,tai30_15_07.F.15_01,9,1703.0,1997.0,1850.0
n1_TS,n1,TS,tai30_15_07.F.15_01,10,1731.0,1992.0,1861.5
n1_TS,n1,TS,tai30_15_07.F.15_01,11,1696.0,1992.0,1844.0
n1_TS,n1,TS,tai30_15_07.F.15_01,12,1712.0,1994.0,1853.0
n1_TS,n1,TS,tai30_15_07.F.15_01,13,1732.0,2000.0,1866.0
n1_TS,n1,TS,tai30_15_07.F.15_01,14,1737.0,1984.0,1860.5
n1_TS,n1,TS,tai30_15_07.F.15_01,15,1703.0,1987.0,1845.0
n1_TS,n1,TS,tai30_15_07.F.15_01,16,1716.0,1981.0,1848.5
n1_TS,n1,TS,tai30_15_07.F.15_01,17,1712.0,1975.0,1843.5
n1_TS,n1,TS,tai30_15_07.F.15_01,18,1716.0,1987.0,1851.5
n1_TS,n1,TS,tai30_15_07.F.15_01,19,1722.0,1957.0,1839.5
n1_TS,n1,TS,tai30_15_07.F.15_01,20,1777.0,2019.0,1898.0
n1_TS,n1,TS,tai30_15_07.F.15_01,21,1751.0,2021.0,1886.0
n1_TS,n1,TS,tai30_15_07.F.15_01,22,1782.0,2055.0,1918.5
n1_TS,n1,TS,tai30_15_07.F.15_01,23,1701.0,1987.0,1844.0
n1_TS,n1,TS,tai30_15_07.F.15_01,24,1714.0,1984.0,1849.0
n1_TS,n1,TS,tai30_15_07.F.15_01,25,1695.0,1984.0,1839.5
n1_TS,n1,TS,tai30_15_07.F.15_01,26,1766.0,2024.0,1895.0
n1_TS,n1,TS,tai30_15_07.F.15_01,27,1725.0,2010.0,1867.5
n1_TS,n1,TS,tai30_15_07.F.15_01,28,1703.0,1977.0,1840.0
n1_TS,n1,TS,tai30_15_07.F.15_01,29,1721.0,1986.0,1853.5
n1_TS,n1,TS,tai30_15_07.F.15_01,30,1724.0,2012.0,1868.0
n1_TS,n1,TS,tai30_15_08.F.15_01,1,1637.0,1861.0,1749.0
n1_TS,n1,TS,tai30_15_08.F.15_01,2,1656.0,1891.0,1773.5
n1_TS,n1,TS,tai30_15_08.F.15_01,3,1694.0,1895.0,1794.5
n1_TS,n1,TS,tai30_15_08.F.15_01,4,1621.0,1890.0,1755.5
n1_TS,n1,TS,tai30_15_08.F.15_01,5,1615.0,1890.0,1752.5
n1_TS,n1,TS,tai30_15_08.F.15_01,6,1636.0,1880.0,1758.0
n1_TS,n1,TS,tai30_15_08.F.15_01,7,1667.0,1892.0,1779.5
n1_TS,n1,TS,tai30_15_08.F.15_01,8,1681.0,1885.0,1783.0
n1_TS,n1,TS,tai30_15_08.F.15_01,9,1652.0,1866.0,1759.0
n1_TS,n1,TS,tai30_15_08.F.15_01,10,1655.0,1892.0,1773.5
n1_TS,n1,TS,tai30_15_08.F.15_01,11,1668.0,1904.0,1786.0
n1_TS,n1,TS,tai30_15_08.F.15_01,12,1670.0,1899.0,1784.5
n1_TS,n1,TS,tai30_15_08.F.15_01,13,1658.0,1889.0,1773.5
n1_TS,n1,TS,tai30_15_08.F.15_01,14,1623.0,1897.0,1760.0
n1_TS,n1,TS,tai30_15_08.F.15_01,15,1654.0,1900.0,1777.0
n1_TS,n1,TS,tai30_15_08.F.15_01,16,1643.0,1863.0,1753.0
n1_TS,n1,TS,tai30_15_08.F.15_01,17,1642.0,1897.0,1769.5
n1_TS,n1,TS,tai30_15_08.F.15_01,18,1687.0,1914.0,1800.5
n1_TS,n1,TS,tai30_15_08.F.15_01,19,1637.0,1858.0,1747.5
n1_TS,n1,TS,tai30_15_08.F.15_01,20,1634.0,1892.0,1763.0
n1_TS,n1,TS,tai30_15_08.F.15_01,21,1652.0,1906.0,1779.0
n1_TS,n1,TS,tai30_15_08.F.15_01,22,1644.0,1898.0,1771.0
n1_TS,n1,TS,tai30_15_08.F.15_01,23,1672.0,1908.0,1790.0
n1_TS,n1,TS,tai30_15_08.F.15_01,24,1623.0,1910.0,1766.5
n1_TS,n1,TS,tai30_15_08.F.15_01,25,1658.0,1894.0,1776.0
n1_TS,n1,TS,tai30_15_08.F.15_01,26,1659.0,1902.0,1780.5
n1_TS,n1,TS,tai30_15_08.F.15_01,27,1628.0,1887.0,1757.5
n1_TS,n1,TS,tai30_15_08.F.15_01,28,1621.0,1882.0,1751.5
n1_TS,n1,TS,tai30_15_08.F.15_01,29,1685.0,1888.0,1786.5
n1_TS,n1,TS,tai30_15_08.F.15_01,30,1627.0,1884.0,1755.5
n1_TS,n1,TS,tai30_15_09.F.15_01,1,1764.0,2024.0,1894.0
n1_TS,n1,TS,tai30_15_09.F.15_01,2,1748.0,1976.0,1862.0
n1_TS,n1,TS,tai30_15_09.F.15_01,3,1762.0,2006.0,1884.0
n1_TS,n1,TS,tai30_15_09.F.15_01,4,1746.0,1997.0,1871.5
n1_TS,n1,TS,tai30_15_09.F.15_01,5,1738.0,2000.0,1869.0
n1_TS,n1,TS,tai30_15_09.F.15_01,6,1708.0,1945.0,1826.5
n1_TS,n1,TS,tai30_15_09.F.15_01,7,1754.0,2007.0,1880.5
n1_TS,n1,TS,tai30_15_09.F.15_01,8,1734.0,1959.0,1846.5
n1_TS,n1,TS,tai30_15_09.F.15_01,9,1769.0,2012.0,1890.5
n1_TS,n1,TS,tai30_15_09.F.15_01,10,1751.0,1971.0,1861.0
n1_TS,n1,TS,tai30_15_09.F.15_01,11,1734.0,1975.0,1854.5
n1_TS,n1,TS,tai30_15_09.F.15_01,12,1724.0,1935.0,1829.5
n1_TS,n1,TS,tai30_15_09.F.15_01,13,1766.0,1993.0,1879.5
n1_TS,n1,TS,tai30_15_09.F.15_01,14,1738.0,1977.0,1857.5
n1_TS,n1,TS,tai30_15_09.F.15_01,15,1729.0,1973.0,1851.0
n1_TS,n1,TS,tai30_15_09.F.15_01,16,1748.0,1957.0,1852.5
n1_TS,n1,TS,tai30_15_09.F.15_01,17,1762.0,1988.0,1875.0
n1_TS,n1,TS,tai30_15_09.F.15_01,18,1751.0,1991.0,1871.0
n1_TS,n1,TS,tai30_15_09.F.15_01,19,1715.0,1954.0,1834.5
n1_TS,n1,TS,tai30_15_09.F.15_01,20,1717.0,1963.0,1840.0
n1_TS,n1,TS,tai30_15_09.F.15_01,21,1739.0,1971.0,1855.0
n1_TS,n1,TS,tai30_15_09.F.15_01,22,1752.0,1995.0,1873.5
n1_TS,n1,TS,tai30_15_09.F.15_01,23,1729.0,1977.0,1853.0
n1_TS,n1,TS,tai30_15_09.F.15_01,24,1773.0,2007.0,1890.0
n1_TS,n1,TS,tai30_15_09.F.15_01,25,1736.0,1975.0,1855.5
n1_TS,n1,TS,tai30_15_09.F.15_01,26,1758.0,1986.0,1872.0
n1_TS,n1,TS,tai30_15_09.F.15_01,27,1768.0,1984.0,1876.0
n1_TS,n1,TS,tai30_15_09.F.15_01,28,1742.0,1995.0,1868.5
n1_TS,n1,TS,tai30_15_09.F.15_01,29,1751.0,1964.0,1857.5
n1_TS,n1,TS,tai30_15_09.F.15_01,30,1773.0,1993.0,1883.0
n1_TS,n1,TS,tai30_15_10.F.15_01,1,1660.0,1877.0,1768.5
n1_TS,n1,TS,tai30_15_10.F.15_01,2,1663.0,1886.0,1774.5
n1_TS,n1,TS,tai30_15_10.F.15_01,3,1672.0,1902.0,1787.0
n1_TS,n1,TS,tai30_15_10.F.15_01,4,1681.0,1869.0,1775.0
n1_TS,n1,TS,tai30_15_10.F.15_01,5,1697.0,1916.0,1806.5
n1_TS,n1,TS,tai30_15_10.F.15_01,6,1655.0,1869.0,1762.0
n1_TS,n1,TS,tai30_15_10.F.15_01,7,1677.0,1887.0,1782.0
n1_TS,n1,TS,tai30_15_10.F.15_01,8,1660.0,1860.0,1760.0
n1_TS,n1,TS,tai30_15_10.F.15_01,9,1668.0,1890.0,1779.0
n1_TS,n1,TS,tai30_15_10.F.15_01,10,1733.0,1945.0,1839.0
n1_TS,n1,TS,tai30_15_10.F.15_01,11,1666.0,1890.0,1778.0
n1_TS,n1,TS,tai30_15_10.F.15_01,12,1692.0,1907.0,1799.5
n1_TS,n1,TS,tai30_15_10.F.15_01,13,1681.0,1886.0,1783.5
n1_TS,n1,TS,tai30_15_10.F.15_01,14,1695.0,1916.0,1805.5
n1_TS,n1,TS,tai30_15_10.F.15_01,15,1678.0,1889.0,1783.5
n1_TS,n1,TS,tai30_15_10.F.15_01,16,1667.0,1887.0,1777.0
n1_TS,n1,TS,tai30_15_10.F.15_01,17,1646.0,1877.0,1761.5
n1_TS,n1,TS,tai30_15_10.F.15_01,18,1674.0,1874.0,1774.0
n1_TS,n1,TS,tai30_15_10.F.15_01,19,1688.0,1908.0,1798.0
n1_TS,n1,TS,tai30_15_10.F.15_01,20,1672.0,1862.0,1767.0
n1_TS,n1,TS,tai30_15_10.F.15_01,21,1677.0,1899.0,1788.0
n1_TS,n1,TS,tai30_15_10.F.15_01,22,1691.0,1911.0,1801.0
n1_TS,n1,TS,tai30_15_10.F.15_01,23,1672.0,1891.0,1781.5
n1_TS,n1,TS,tai30_15_10.F.15_01,24,1662.0,1883.0,1772.5
n1_TS,n1,TS,tai30_15_10.F.15_01,25,1670.0,1876.0,1773.0
n1_TS,n1,TS,tai30_15_10.F.15_01,26,1673.0,1889.0,1781.0
n1_TS,n1,TS,tai30_15_10.F.15_01,27,1700.0,1916.0,1808.0
n1_TS,n1,TS,tai30_15_10.F.15_01,28,1672.0,1892.0,1782.0
n1_TS,n1,TS,tai30_15_10.F.15_01,29,1671.0,1898.0,1784.5
n1_TS,n1,TS,tai30_15_10.F.15_01,30,1680.0,1899.0,1789.5
n1_TS,n1,TS,tai30_20_01.F.15_01,1,1988.0,2255.0,2121.5
n1_TS,n1,TS,tai30_20_01.F.15_01,2,2023.0,2281.0,2152.0
n1_TS,n1,TS,tai30_20_01.F.15_01,3,2042.0,2316.0,2179.0
n1_TS,n1,TS,tai30_20_01.F.15_01,4,1986.0,2240.0,2113.0
n1_TS,n1,TS,tai30_20_01.F.15_01,5,2056.0,2291.0,2173.5
n1_TS,n1,TS,tai30_20_01.F.15_01,6,2020.0,2289.0,2154.5
n1_TS,n1,TS,tai30_20_01.F.15_01,7,1949.0,2231.0,2090.0
n1_TS,n1,TS,tai30_20_01.F.15_01,8,2035.0,2302.0,2168.5
n1_TS,n1,TS,tai30_20_01.F.15_01,9,2049.0,2317.0,2183.0
n1_TS,n1,TS,tai30_20_01.F.15_01,10,2022.0,2289.0,2155.5
n1_TS,n1,TS,tai30_20_01.F.15_01,11,2081.0,2354.0,2217.5
n1_TS,n1,TS,tai30_20_01.F.15_01,12,2050.0,2307.0,2178.5
n1_TS,n1,TS,tai30_20_01.F.15_01,13,2094.0,2361.0,2227.5
n1_TS,n1,TS,tai30_20_01.F.15_01,14,2008.0,2284.0,2146.0
n1_TS,n1,TS,tai30_20_01.F.15_01,15,2081.0,2377.0,2229.0
n1_TS,n1,TS,tai30_20_01.F.15_01,16,2012.0,2274.0,2143.0
n1_TS,n1,TS,tai30_20_01.F.15_01,17,2018.0,2290.0,2154.0
n1_TS,n1,TS,tai30_20_01.F.15_01,18,2008.0,2282.0,2145.0
n1_TS,n1,TS,tai30_20_01.F.15_01,19,2027.0,2303.0,2165.0
n1_TS,n1,TS,tai30_20_01.F.15_01,20,2032.0,2309.0,2170.5
n1_TS,n1,TS,tai30_20_01.F.15_01,21,2046.0,2314.0,2180.0
n1_TS,n1,TS,tai30_20_01.F.15_01,22,2009.0,2296.0,2152.5
n1_TS,n1,TS,tai30_20_01.F.15_01,23,2038.0,2295.0,2166.5
n1_TS,n1,TS,tai30_20_01.F.15_01,24,2034.0,2305.0,2169.5
n1_TS,n1,TS,tai30_20_01.F.15_01,25,2012.0,2296.0,2154.0
n1_TS,n1,TS,tai30_20_01.F.15_01,26,1995.0,2276.0,2135.5
n1_TS,n1,TS,tai30_20_01.F.15_01,27,2020.0,2278.0,2149.0
n1_TS,n1,TS,tai30_20_01.F.15_01,28,2039.0,2288.0,2163.5
n1_TS,n1,TS,tai30_20_01.F.15_01,29,2018.0,2279.0,2148.5
n1_TS,n1,TS,tai30_20_01.F.15_01,30,2062.0,2313.0,2187.5
n1_TS,n1,TS,tai30_20_02.F.15_01,1,1933.0,2218.0,2075.5
n1_TS,n1,TS,tai30_20_02.F.15_01,2,1937.0,2167.0,2052.0
n1_TS,n1,TS,tai30_20_02.F.15_01,3,1949.0,2195.0,2072.0
n1_TS,n1,TS,tai30_20_02.F.15_01,4,1965.0,2224.0,2094.5
n1_TS,n1,TS,tai30_20_02.F.15_01,5,1955.0,2186.0,2070.5
n1_TS,n1,TS,tai30_20_02.F.15_01,6,1932.0,2244.0,2088.0
n1_TS,n1,TS,tai30_20_02.F.15_01,7,1929.0,2174.0,2051.5
n1_TS,n1,TS,tai30_20_02.F.15_01,8,1926.0,2207.0,2066.5
n1_TS,n1,TS,tai30_20_02.F.15_01,9,1951.0,2239.0,2095.0
n1_TS,n1,TS,tai30_20_02.F.15_01,10,1960.0,2199.0,2079.5
n1_TS,n1,TS,tai30_20_02.F.15_01,11,1965.0,2257.0,2111.0
n1_TS,n1,TS,tai30_20_02.F.15_01,12,1985.0,2230.0,2107.5
n1_TS,n1,TS,tai30_20_02.F.15_01,13,1882.0,2181.0,2031.5
n1_TS,n1,TS,tai30_20_02.F.15_01,14,1933.0,2226.0,2079.5
n1_TS,n1,TS,tai30_20_02.F.15_01,15,1948.0,2191.0,2069.5
n1_TS,n1,TS,tai30_20_02.F.15_01,16,1984.0,2223.0,2103.5
n1_TS,n1,TS,tai30_20_02.F.15_01,17,1941.0,2214.0,2077.5
n1_TS,n1,TS,tai30_20_02.F.15_01,18,1904.0,2206.0,2055.0
n1_TS,n1,TS,tai30_20_02.F.15_01,19,1929.0,2206.0,2067.5
n1_TS,n1,TS,tai30_20_02.F.15_01,20,1923.0,2209.0,2066.0
n1_TS,n1,TS,tai30_20_02.F.15_01,21,1943.0,2237.0,2090.0
n1_TS,n1,TS,tai30_20_02.F.15_01,22,1914.0,2195.0,2054.5
n1_TS,n1,TS,tai30_20_02.F.15_01,23,1941.0,2205.0,2073.0
n1_TS,n1,TS,tai30_20_02.F.15_01,24,1942.0,2219.0,2080.5
n1_TS,n1,TS,tai30_20_02.F.15_01,25,2017.0,2249.0,2133.0
n1_TS,n1,TS,tai30_20_02.F.15_01,26,1954.0,2217.0,2085.5
n1_TS,n1,TS,tai30_20_02.F.15_01,27,1936.0,2196.0,2066.0
n1_TS,n1,TS,tai30_20_02.F.15_01,28,1917.0,2214.0,2065.5
n1_TS,n1,TS,tai30_20_02.F.15_01,29,1963.0,2201.0,2082.0
n1_TS,n1,TS,tai30_20_02.F.15_01,30,1945.0,2231.0,2088.0
n1_TS,n1,TS,tai30_20_03.F.15_01,1,1832.0,2082.0,1957.0
n1_TS,n1,TS,tai30_20_03.F.15_01,2,1874.0,2087.0,1980.5
n1_TS,n1,TS,tai30_20_03.F.15_01,3,1840.0,2087.0,1963.5
n1_TS,n1,TS,tai30_20_03.F.15_01,4,1886.0,2124.0,2005.0
n1_TS,n1,TS,tai30_20_03.F.15_01,5,1852.0,2114.0,1983.0
n1_TS,n1,TS,tai30_20_03.F.15_01,6,1875.0,2122.0,1998.5
n1_TS,n1,TS,tai30_20_03.F.15_01,7,1834.0,2044.0,1939.0
n1_TS,n1,TS,tai30_20_03.F.15_01,8,1964.0,2183.0,2073.5
n1_TS,n1,TS,tai30_20_03.F.15_01,9,1886.0,2136.0,2011.0
n1_TS,n1,TS,tai30_20_03.F.15_01,10,1827.0,2079.0,1953.0
n1_TS,n1,TS,tai30_20_03.F.15_01,11,1844.0,2071.0,1957.5
n1_TS,n1,TS,tai30_20_03.F.15_01,12,1878.0,2121.0,1999.5
n1_TS,n1,TS,tai30_20_03.F.15_01,13,1854.0,2091.0,1972.5
n1_TS,n1,TS,tai30_20_03.F.15_01,14,1899.0,2139.0,2019.0
n1_TS,n1,TS,tai30_20_03.F.15_01,15,1881.0,2126.0,2003.5
n1_TS,n1,TS,tai30_20_03.F.15_01,16,1863.0,2131.0,1997.0
n1_TS,n1,TS,tai30_20_03.F.15_01,17,1887.0,2124.0,2005.5
n1_TS,n1,TS,tai30_20_03.F.15_01,18,1842.0,2080.0,1961.0
n1_TS,n1,TS,tai30_20_03.F.15_01,19,1852.0,2114.0,1983.0
n1_TS,n1,TS,tai30_20_03.F.15_01,20,1867.0,2094.0,1980.5
n1_TS,n1,TS,tai30_20_03.F.15_01,21,1868.0,2087.0,1977.5
n1_TS,n1,TS,tai30_20_03.F.15_01,22,1853.0,2094.0,1973.5
n1_TS,n1,TS,tai30_20_03.F.15_01,23,1909.0,2130.0,2019.5
n1_TS,n1,TS,tai30_20_03.F.15_01,24,1881.0,2114.0,1997.5
n1_TS,n1,TS,tai30_20_03.F.15_01,25,1834.0,2101.0,1967.5
n1_TS,n1,TS,tai30_20_03.F.15_01,26,1893.0,2109.0,2001.0
n1_TS,n1,TS,tai30_20_03.F.15_01,27,1842.0,2095.0,1968.5
n1_TS,n1,TS,tai30_20_03.F.15_01,28,1904.0,2107.0,2005.5
n1_TS,n1,TS,tai30_20_03.F.15_01,29,1937.0,2165.0,2051.0
n1_TS,n1,TS,tai30_20_03.F.15_01,30,1869.0,2113.0,1991.0
n1_TS,n1,TS,tai30_20_04.F.15_01,1,2036.0,2280.0,2158.0
n1_TS,n1,TS,tai30_20_04.F.15_01,2,2001.0,2233.0,2117.0
n1_TS,n1,TS,tai30_20_04.F.15_01,3,1976.0,2222.0,2099.0
n1_TS,n1,TS,tai30_20_04.F.15_01,4,1998.0,2244.0,2121.0
n1_TS,n1,TS,tai30_20_04.F.15_01,5,1986.0,2241.0,2113.5
n1_TS,n1,TS,tai30_20_04.F.15_01,6,2007.0,2248.0,2127.5
n1_TS,n1,TS,tai30_20_04.F.15_01,7,1986.0,2237.0,2111.5
n1_TS,n1,TS,tai30_20_04.F.15_01,8,1987.0,2217.0,2102.0
n1_TS,n1,TS,tai30_20_04.F.15_01,9,2007.0,2261.0,2134.0
n1_TS,n1,TS,tai30_20_04.F.15_01,10,2001.0,2237.0,2119.0
n1_TS,n1,TS,tai30_20_04.F.15_01,11,1951.0,2203.0,2077.0
n1_TS,n1,TS,tai30_20_04.F.15_01,12,1977.0,2209.0,2093.0
n1_TS,n1,TS,tai30_20_04.F.15_01,13,1974.0,2218.0,2096.0
n1_TS,n1,TS,tai30_20_04.F.15_01,14,2008.0,2259.0,2133.5
n1_TS,n1,TS,tai30_20_04.F.15_01,15,1970.0,2230.0,2100.0
n1_TS,n1,TS,tai30_20_04.F.15_01,16,1960.0,2205.0,2082.5
n1_TS,n1,TS,tai30_20_04.F.15_01,17,2014.0,2267.0,2140.5
n1_TS,n1,TS,tai30_20_04.F.15_01,18,1976.0,2213.0,2094.5
n1_TS,n1,TS,tai30_20_04.F.15_01,19,1962.0,2217.0,2089.5
n1_TS,n1,TS,tai30_20_04.F.15_01,20,1976.0,2226.0,2101.0
n1_TS,n1,TS,tai30_20_04.F.15_01,21,1955.0,2223.0,2089.0
n1_TS,n1,TS,tai30_20_04.F.15_01,22,1976.0,2235.0,2105.5
n1_TS,n1,TS,tai30_20_04.F.15_01,23,1974.0,2228.0,2101.0
n1_TS,n1,TS,tai30_20_04.F.15_01,24,1959.0,2215.0,2087.0
n1_TS,n1,TS,tai30_20_04.F.15_01,25,2026.0,2270.0,2148.0
n1_TS,n1,TS,tai30_20_04.F.15_01,26,1942.0,2203.0,2072.5
n1_TS,n1,TS,tai30_20_04.F.15_01,27,2002.0,2270.0,2136.0
n1_TS,n1,TS,tai30_20_04.F.15_01,28,1958.0,2206.0,2082.0
n1_TS,n1,TS,tai30_20_04.F.15_01,29,2016.0,2267.0,2141.5
n1_TS,n1,TS,tai30_20_04.F.15_01,30,1953.0,2204.0,2078.5
n1_TS,n1,TS,tai30_20_05.F.15_01,1,1991.0,2218.0,2104.5
n1_TS,n1,TS,tai30_20_05.F.15_01,2,1964.0,2209.0,2086.5
n1_TS,n1,TS,tai30_20_05.F.15_01,3,1986.0,2233.0,2109.5
n1_TS,n1,TS,tai30_20_05.F.15_01,4,1955.0,2195.0,2075.0
n1_TS,n1,TS,tai30_20_05.F.15_01,5,1953.0,2188.0,2070.5
n1_TS,n1,TS,tai30_20_05.F.15_01,6,1982.0,2220.0,2101.0
n1_TS,n1,TS,tai30_20_05.F.15_01,7,1934.0,2164.0,2049.0
n1_TS,n1,TS,tai30_20_05.F.15_01,8,2000.0,2222.0,2111.0
n1_TS,n1,TS,tai30_20_05.F.15_01,9,1929.0,2195.0,2062.0
n1_TS,n1,TS,tai30_20_05.F.15_01,10,1950.0,2188.0,2069.0
n1_TS,n1,TS,tai30_20_05.F.15_01,11,1960.0,2221.0,2090.5
n1_TS,n1,TS,tai30_20_05.F.15_01,12,1990.0,2242.0,2116.0
n1_TS,n1,TS,tai30_20_05.F.15_01,13,1994.0,2208.0,2101.0
n1_TS,n1,TS,tai30_20_05.F.15_01,14,2009.0,2222.0,2115.5
n1_TS,n1,TS,tai30_20_05.F.15_01,15,1984.0,2247.0,2115.5
n1_TS,n1,TS,tai30_20_05.F.15_01,16,1963.0,2195.0,2079.0
n1_TS,n1,TS,tai30_20_05.F.15_01,17,1962.0,2197.0,2079.5
n1_TS,n1,TS,tai30_20_05.F.15_01,18,1983.0,2236.0,2109.5
n1_TS,n1,TS,tai30_20_05.F.15_01,19,2013.0,2275.0,2144.0
n1_TS,n1,TS,tai30_20_05.F.15_01,20,1961.0,2208.0,2084.5
n1_TS,n1,TS,tai30_20_05.F.15_01,21,2002.0,2201.0,2101.5
n1_TS,n1,TS,tai30_20_05.F.15_01,22,1996.0,2242.0,2119.0
n1_TS,n1,TS,tai30_20_05.F.15_01,23,2011.0,2233.0,2122.0
n1_TS,n1,TS,tai30_20_05.F.15_01,24,2006.0,2267.0,2136.5
n1_TS,n1,TS,tai30_20_05.F.15_01,25,1953.0,2195.0,2074.0
n1_TS,n1,TS,tai30_20_05.F.15_01,26,1962.0,2196.0,2079.0
n1_TS,n1,TS,tai30_20_05.F.15_01,27,2024.0,2250.0,2137.0
n1_TS,n1,TS,tai30_20_05.F.15_01,28,2039.0,2241.0,2140.0
n1_TS,n1,TS,tai30_20_05.F.15_01,29,1991.0,2231.0,2111.0
n1_TS,n1,TS,tai30_20_05.F.15_01,30,1989.0,2238.0,2113.5
n1_TS,n1,TS,tai30_20_06.F.15_01,1,2027.0,2280.0,2153.5
n1_TS,n1,TS,tai30_20_06.F.15_01,2,2016.0,2278.0,2147.0
n1_TS,n1,TS,tai30_20_06.F.15_01,3,1989.0,2261.0,2125.0
n1_TS,n1,TS,tai30_20_06.F.15_01,4,2026.0,2290.0,2158.0
n1_TS,n1,TS,tai30_20_06.F.15_01,5,1967.0,2248.0,2107.5
n1_TS,n1,TS,tai30_20_06.F.15_01,6,1995.0,2261.0,2128.0
n1_TS,n1,TS,tai30_20_06.F.15_01,7,1978.0,2241.0,2109.5
n1_TS,n1,TS,tai30_20_06.F.15_01,8,2023.0,2271.0,2147.0
n1_TS,n1,TS,tai30_20_06.F.15_01,9,2034.0,2320.0,2177.0
n1_TS,n1,TS,tai30_20_06.F.15_01,10,2048.0,2314.0,2181.0
n1_TS,n1,TS,tai30_20_06.F.15_01,11,2015.0,2261.0,2138.0
n1_TS,n1,TS,tai30_20_06.F.15_01,12,1994.0,2265.0,2129.5
n1_TS,n1,TS,tai30_20_06.F.15_01,13,2031.0,2287.0,2159.0
n1_TS,n1,TS,tai30_20_06.F.15_01,14,2023.0,2285.0,2154.0
n1_TS,n1,TS,tai30_20_06.F.15_01,15,2029.0,2303.0,2166.0
n1_TS,n1,TS,tai30_20_06.F.15_01,16,1975.0,2273.0,2124.0
n1_TS,n1,TS,tai30_20_06.F.15_01,17,2016.0,2284.0,2150.0
n1_TS,n1,TS,tai30_20_06.F.15_01,18,1968.0,2235.0,2101.5
n1_TS,n1,TS,tai30_20_06.F.15_01,19,1983.0,2243.0,2113.0
n1_TS,n1,TS,tai30_20_06.F.15_01,20,2017.0,2295.0,2156.0
n1_TS,n1,TS,tai30_20_06.F.15_01,21,2012.0,2256.0,2134.0
n1_TS,n1,TS,tai30_20_06.F.15_01,22,1987.0,2258.0,2122.5
n1_TS,n1,TS,tai30_20_06.F.15_01,23,2030.0,2309.0,2169.5
n1_TS,n1,TS,tai30_20_06.F.15_01,24,2024.0,2290.0,2157.0
n1_TS,n1,TS,tai30_20_06.F.15_01,25,2047.0,2317.0,2182.0
n1_TS,n1,TS,tai30_20_06.F.15_01,26,2028.0,2290.0,2159.0
n1_TS,n1,TS,tai30_20_06.F.15_01,27,2036.0,2288.0,2162.0
n1_TS,n1,TS,tai30_20_06.F.15_01,28,1995.0,2267.0,2131.0
n1_TS,n1,TS,tai30_20_06.F.15_01,29,2030.0,2284.0,2157.0
n1_TS,n1,TS,tai30_20_06.F.15_01,30,2025.0,2295.0,2160.0
n1_TS,n1,TS,tai30_20_07.F.15_01,1,1938.0,2180.0,2059.0
n1_TS,n1,TS,tai30_20_07.F.15_01,2,1910.0,2175.0,2042.5
n1_TS,n1,TS,tai30_20_07.F.15_01,3,1940.0,2196.0,2068.0
n1_TS,n1,TS,tai30_20_07.F.15_01,4,1875.0,2150.0,2012.5
n1_TS,n1,TS,tai30_20_07.F.15_01,5,1917.0,2161.0,2039.0
n1_TS,n1,TS,tai30_20_07.F.15_01,6,1917.0,2179.0,2048.0
n1_TS,n1,TS,tai30_20_07.F.15_01,7,1896.0,2165.0,2030.5
n1_TS,n1,TS,tai30_20_07.F.15_01,8,1883.0,2139.0,2011.0
n1_TS,n1,TS,tai30_20_07.F.15_01,9,1897.0,2168.0,2032.5
n1_TS,n1,TS,tai30_20_07.F.15_01,10,1925.0,2183.0,2054.0
n1_TS,n1,TS,tai30_20_07.F.15_01,11,1920.0,2178.0,2049.0
n1_TS,n1,TS,tai30_20_07.F.15_01,12,1903.0,2159.0,2031.0
n1_TS,n1,TS,tai30_20_07.F.15_01,13,1933.0,2211.0,2072.0
n1_TS,n1,TS,tai30_20_07.F.15_01,14,1902.0,2177.0,2039.5
n1_TS,n1,TS,tai30_20_07.F.15_01,15,1894.0,2166.0,2030.0
n1_TS,n1,TS,tai30_20_07.F.15_01,16,1940.0,2193.0,2066.5
n1_TS,n1,TS,tai30_20_07.F.15_01,17,1924.0,2157.0,2040.5
n1_TS,n1,TS,tai30_20_07.F.15_01,18,1960.0,2203.0,2081.5
n1_TS,n1,TS,tai30_20_07.F.15_01,19,1896.0,2156.0,2026.0
n1_TS,n1,TS,tai30_20_07.F.15_01,20,1914.0,2156.0,2035.0
n1_TS,n1,TS,tai30_20_07.F.15_01,21,1918.0,2159.0,2038.5
n1_TS,n1,TS,tai30_20_07.F.15_01,22,1871.0,2139.0,2005.0
n1_TS,n1,TS,tai30_20_07.F.15_01,23,1928.0,2170.0,2049.0
n1_TS,n1,TS,tai30_20_07.F.15_01,24,1908.0,2158.0,2033.0
n1_TS,n1,TS,tai30_20_07.F.15_01,25,1909.0,2149.0,2029.0
n1_TS,n1,TS,tai30_20_07.F.15_01,26,1952.0,2188.0,2070.0
n1_TS,n1,TS,tai30_20_07.F.15_01,27,1905.0,2169.0,2037.0
n1_TS,n1,TS,tai30_20_07.F.15_01,28,1927.0,2191.0,2059.0
n1_TS,n1,TS,tai30_20_07.F.15_01,29,1959.0,2207.0,2083.0
n1_TS,n1,TS,tai30_20_07.F.15_01,30,1905.0,2151.0,2028.0
n1_TS,n1,TS,tai30_20_08.F.15_01,1,1936.0,2214.0,2075.0
n1_TS,n1,TS,tai30_20_08.F.15_01,2,1957.0,2246.0,2101.5
n1_TS,n1,TS,tai30_20_08.F.15_01,3,1983.0,2221.0,2102.0
n1_TS,n1,TS,tai30_20_08.F.15_01,4,1952.0,2201.0,2076.5
n1_TS,n1,TS,tai30_20_08.F.15_01,5,1950.0,2220.0,2085.0
n1_TS,n1,TS,tai30_20_08.F.15_01,6,1949.0,2209.0,2079.0
n1_TS,n1,TS,tai30_20_08.F.15_01,7,1935.0,2223.0,2079.0
n1_TS,n1,TS,tai30_20_08.F.15_01,8,1980.0,2219.0,2099.5
n1_TS,n1,TS,tai30_20_08.F.15_01,9,1931.0,2212.0,2071.5
n1_TS,n1,TS,tai30_20_08.F.15_01,10,2018.0,2234.0,2126.0
n1_TS,n1,TS,tai30_20_08.F.15_01,11,1976.0,2220.0,2098.0
n1_TS,n1,TS,tai30_20_08.F.15_01,12,1954.0,2211.0,2082.5
n1_TS,n1,TS,tai30_20_08.F.15_01,13,1930.0,2224.0,2077.0
n1_TS,n1,TS,tai30_20_08.F.15_01,14,1957.0,2205.0,2081.0
n1_TS,n1,TS,tai30_20_08.F.15_01,15,1970.0,2216.0,2093.0
n1_TS,n1,TS,tai30_20_08.F.15_01,16,1986.0,2252.0,2119.0
n1_TS,n1,TS,tai30_20_08.F.15_01,17,1923.0,2234.0,2078.5
n1_TS,n1,TS,tai30_20_08.F.15_01,18,1947.0,2214.0,2080.5
n1_TS,n1,TS,tai30_20_08.F.15_01,19,1898.0,2154.0,2026.0
n1_TS,n1,TS,tai30_20_08.F.15_01,20,1942.0,2203.0,2072.5
n1_TS,n1,TS,tai30_20_08.F.15_01,21,1945.0,2219.0,2082.0
n1_TS,n1,TS,tai30_20_08.F.15_01,22,1947.0,2210.0,2078.5
n1_TS,n1,TS,tai30_20_08.F.15_01,23,1954.0,2259.0,2106.5
n1_TS,n1,TS,tai30_20_08.F.15_01,24,1960.0,2225.0,2092.5
n1_TS,n1,TS,tai30_20_08.F.15_01,25,1955.0,2246.0,2100.5
n1_TS,n1,TS,tai30_20_08.F.15_01,26,1933.0,2204.0,2068.5
n1_TS,n1,TS,tai30_20_08.F.15_01,27,1963.0,2221.0,2092.0
n1_TS,n1,TS,tai30_20_08.F.15_01,28,1978.0,2216.0,2097.0
n1_TS,n1,TS,tai30_20_08.F.15_01,29,1928.0,2238.0,2083.0
n1_TS,n1,TS,tai30_20_08.F.15_01,30,1989.0,2233.0,2111.0
n1_TS,n1,TS,tai30_20_09.F.15_01,1,1975.0,2216.0,2095.5
n1_TS,n1,TS,tai30_20_09.F.15_01,2,1963.0,2170.0,2066.5
n1_TS,n1,TS,tai30_20_09.F.15_01,3,1910.0,2172.0,2041.0
n1_TS,n1,TS,tai30_20_09.F.15_01,4,1962.0,2222.0,2092.0
n1_TS,n1,TS,tai30_20_09.F.15_01,5,1975.0,2182.0,2078.5
n1_TS,n1,TS,tai30_20_09.F.15_01,6,1986.0,2232.0,2109.0
n1_TS,n1,TS,tai30_20_09.F.15_01,7,1920.0,2180.0,2050.0
n1_TS,n1,TS,tai30_20_09.F.15_01,8,1943.0,2201.0,2072.0
n1_TS,n1,TS,tai30_20_09.F.15_01,9,1983.0,2206.0,2094.5
n1_TS,n1,TS,tai30_20_09.F.15_01,10,1973.0,2208.0,2090.5
n1_TS,n1,TS,tai30_20_09.F.15_01,11,1993.0,2209.0,2101.0
n1_TS,n1,TS,tai30_20_09.F.15_01,12,1953.0,2211.0,2082.0
n1_TS,n1,TS,tai30_20_09.F.15_01,13,1948.0,2213.0,2080.5
n1_TS,n1,TS,tai30_20_09.F.15_01,14,1932.0,2178.0,2055.0
n1_TS,n1,TS,tai30_20_09.F.15_01,15,1986.0,2253.0,2119.5
n1_TS,n1,TS,tai30_20_09.F.15_01,16,1962.0,2227.0,2094.5
n1_TS,n1,TS,tai30_20_09.F.15_01,17,1943.0,2175.0,2059.0
n1_TS,n1,TS,tai30_20_09.F.15_01,18,1964.0,2205.0,2084.5
n1_TS,n1,TS,tai30_20_09.F.15_01,19,1940.0,2162.0,2051.0
n1_TS,n1,TS,tai30_20_09.F.15_01,20,1950.0,2197.0,2073.5
n1_TS,n1,TS,tai30_20_09.F.15_01,21,1955.0,2177.0,2066.0
n1_TS,n1,TS,tai30_20_09.F.15_01,22,1947.0,2194.0,2070.5
n1_TS,n1,TS,tai30_20_09.F.15_01,23,1943.0,2180.0,2061.5
n1_TS,n1,TS,tai30_20_09.F.15_01,24,1942.0,2180.0,2061.0
n1_TS,n1,TS,tai30_20_09.F.15_01,25,1942.0,2193.0,2067.5
n1_TS,n1,TS,tai30_20_09.F.15_01,26,1986.0,2270.0,2128.0
n1_TS,n1,TS,tai30_20_09.F.15_01,27,1939.0,2181.0,2060.0
n1_TS,n1,TS,tai30_20_09.F.15_01,28,1945.0,2208.0,2076.5
n1_TS,n1,TS,tai30_20_09.F.15_01,29,1942.0,2187.0,2064.5
n1_TS,n1,TS,tai30_20_09.F.15_01,30,1929.0,2203.0,2066.0
n1_TS,n1,TS,tai30_20_10.F.15_01,1,1974.0,2233.0,2103.5
n1_TS,n1,TS,tai30_20_10.F.15_01,2,1970.0,2220.0,2095.0
n1_TS,n1,TS,tai30_20_10.F.15_01,3,1898.0,2184.0,2041.0
n1_TS,n1,TS,tai30_20_10.F.15_01,4,1959.0,2199.0,2079.0
n1_TS,n1,TS,tai30_20_10.F.15_01,5,1946.0,2224.0,2085.0
n1_TS,n1,TS,tai30_20_10.F.15_01,6,1966.0,2231.0,2098.5
n1_TS,n1,TS,tai30_20_10.F.15_01,7,1983.0,2232.0,2107.5
n1_TS,n1,TS,tai30_20_10.F.15_01,8,1901.0,2146.0,2023.5
n1_TS,n1,TS,tai30_20_10.F.15_01,9,1910.0,2187.0,2048.5
n1_TS,n1,TS,tai30_20_10.F.15_01,10,1933.0,2207.0,2070.0
n1_TS,n1,TS,tai30_20_10.F.15_01,11,1945.0,2215.0,2080.0
n1_TS,n1,TS,tai30_20_10.F.15_01,12,1906.0,2187.0,2046.5
n1_TS,n1,TS,tai30_20_10.F.15_01,13,1915.0,2186.0,2050.5
n1_TS,n1,TS,tai30_20_10.F.15_01,14,1946.0,2225.0,2085.5
n1_TS,n1,TS,tai30_20_10.F.15_01,15,1924.0,2211.0,2067.5
n1_TS,n1,TS,tai30_20_10.F.15_01,16,1947.0,2220.0,2083.5
n1_TS,n1,TS,tai30_20_10.F.15_01,17,1927.0,2171.0,2049.0
n1_TS,n1,TS,tai30_20_10.F.15_01,18,1959.0,2223.0,2091.0
n1_TS,n1,TS,tai30_20_10.F.15_01,19,1940.0,2209.0,2074.5
n1_TS,n1,TS,tai30_20_10.F.15_01,20,1920.0,2171.0,2045.5
n1_TS,n1,TS,tai30_20_10.F.15_01,21,1897.0,2169.0,2033.0
n1_TS,n1,TS,tai30_20_10.F.15_01,22,1928.0,2239.0,2083.5
n1_TS,n1,TS,tai30_20_10.F.15_01,23,1929.0,2156.0,2042.5
n1_TS,n1,TS,tai30_20_10.F.15_01,24,1953.0,2217.0,2085.0
n1_TS,n1,TS,tai30_20_10.F.15_01,25,1941.0,2222.0,2081.5
n1_TS,n1,TS,tai30_20_10.F.15_01,26,1933.0,2202.0,2067.5
n1_TS,n1,TS,tai30_20_10.F.15_01,27,1992.0,2231.0,2111.5
n1_TS,n1,TS,tai30_20_10.F.15_01,28,1910.0,2174.0,2042.0
n1_TS,n1,TS,tai30_20_10.F.15_01,29,1943.0,2209.0,2076.0
n1_TS,n1,TS,tai30_20_10.F.15_01,30,1916.0,2186.0,2051.0
n1_TS,n1,TS,tai50_15_01.F.15_01,1,2579.0,2985.0,2782.0
n1_TS,n1,TS,tai50_15_01.F.15_01,2,2569.0,2980.0,2774.5
n1_TS,n1,TS,tai50_15_01.F.15_01,3,2612.0,2986.0,2799.0
n1_TS,n1,TS,tai50_15_01.F.15_01,4,2588.0,2992.0,2790.0
n1_TS,n1,TS,tai50_15_01.F.15_01,5,2617.0,3027.0,2822.0
n1_TS,n1,TS,tai50_15_01.F.15_01,6,2581.0,2973.0,2777.0
n1_TS,n1,TS,tai50_15_01.F.15_01,7,2600.0,3002.0,2801.0
n1_TS,n1,TS,tai50_15_01.F.15_01,8,2631.0,3031.0,2831.0
n1_TS,n1,TS,tai50_15_01.F.15_01,9,2622.0,3018.0,2820.0
n1_TS,n1,TS,tai50_15_01.F.15_01,10,2580.0,2987.0,2783.5
n1_TS,n1,TS,tai50_15_01.F.15_01,11,2574.0,2987.0,2780.5
n1_TS,n1,TS,tai50_15_01.F.15_01,12,2585.0,3017.0,2801.0
n1_TS,n1,TS,tai50_15_01.F.15_01,13,2583.0,2994.0,2788.5
n1_TS,n1,TS,tai50_15_01.F.15_01,14,2579.0,2989.0,2784.0
n1_TS,n1,TS,tai50_15_01.F.15_01,15,2657.0,3067.0,2862.0
n1_TS,n1,TS,tai50_15_01.F.15_01,16,2608.0,3026.0,2817.0
n1_TS,n1,TS,tai50_15_01.F.15_01,17,2604.0,3024.0,2814.0
n1_TS,n1,TS,tai50_15_01.F.15_01,18,2580.0,2991.0,2785.5
n1_TS,n1,TS,tai50_15_01.F.15_01,19,2590.0,2980.0,2785.0
n1_TS,n1,TS,tai50_15_01.F.15_01,20,2585.0,2983.0,2784.0
n1_TS,n1,TS,tai50_15_01.F.15_01,21,2599.0,3015.0,2807.0
n1_TS,n1,TS,tai50_15_01.F.15_01,22,2579.0,2987.0,2783.0
n1_TS,n1,TS,tai50_15_01.F.15_01,23,2612.0,2989.0,2800.5
n1_TS,n1,TS,tai50_15_01.F.15_01,24,2600.0,3027.0,2813.5
n1_TS,n1,TS,tai50_15_01.F.15_01,25,2569.0,2971.0,2770.0
n1_TS,n1,TS,tai50_15_01.F.15_01,26,2571.0,2971.0,2771.0
n1_TS,n1,TS,tai50_15_01.F.15_01,27,2640.0,3050.0,2845.0
n1_TS,n1,TS,tai50_15_01.F.15_01,28,2631.0,3047.0,2839.0
n1_TS,n1,TS,tai50_15_01.F.15_01,29,2563.0,2971.0,2767.0
n1_TS,n1,TS,tai50_15_01.F.15_01,30,2599.0,2990.0,2794.5
n1_TS,n1,TS,tai50_15_02.F.15_01,1,2603.0,2996.0,2799.5
n1_TS,n1,TS,tai50_15_02.F.15_01,2,2612.0,2991.0,2801.5
n1_TS,n1,TS,tai50_15_02.F.15_01,3,2606.0,2974.0,2790.0
n1_TS,n1,TS,tai50_15_02.F.15_01,4,2621.0,2986.0,2803.5
n1_TS,n1,TS,tai50_15_02.F.15_01,5,2600.0,2937.0,2768.5
n1_TS,n1,TS,tai50_15_02.F.15_01,6,2646.0,2990.0,2818.0
n1_TS,n1,TS,tai50_15_02.F.15_01,7,2635.0,3032.0,2833.5
n1_TS,n1,TS,tai50_15_02.F.15_01,8,2621.0,2996.0,2808.5
n1_TS,n1,TS,tai50_15_02.F.15_01,9,2586.0,2985.0,2785.5
n1_TS,n1,TS,tai50_15_02.F.15_01,10,2618.0,2989.0,2803.5
n1_TS,n1,TS,tai50_15_02.F.15_01,11,2581.0,2967.0,2774.0
n1_TS,n1,TS,tai50_15_02.F.15_01,12,2666.0,3054.0,2860.0
n1_TS,n1,TS,tai50_15_02.F.15_01,13,2661.0,3017.0,2839.0
n1_TS,n1,TS,tai50_15_02.F.15_01,14,2581.0,2936.0,2758.5
n1_TS,n1,TS,tai50_15_02.F.15_01,15,2617.0,3002.0,2809.5
n1_TS,n1,TS,tai50_15_02.F.15_01,16,2658.0,3026.0,2842.0
n1_TS,n1,TS,tai50_15_02.F.15_01,17,2596.0,2986.0,2791.0
n1_TS,n1,TS,tai50_15_02.F.15_01,18,2641.0,2994.0,2817.5
n1_TS,n1,TS,tai50_15_02.F.15_01,19,2635.0,3001.0,2818.0
n1_TS,n1,TS,tai50_15_02.F.15_01,20,2616.0,3010.0,2813.0
n1_TS,n1,TS,tai50_15_02.F.15_01,21,2581.0,2931.0,2756.0
n1_TS,n1,TS,tai50_15_02.F.15_01,22,2617.0,3004.0,2810.5
n1_TS,n1,TS,tai50_15_02.F.15_01,23,2618.0,2980.0,2799.0
n1_TS,n1,TS,tai50_15_02.F.15_01,24,2599.0,2954.0,2776.5
n1_TS,n1,TS,tai50_15_02.F.15_01,25,2624.0,2996.0,2810.0
n1_TS,n1,TS,tai50_15_02.F.15_01,26,2598.0,2985.0,2791.5
n1_TS,n1,TS,tai50_15_02.F.15_01,27,2654.0,3003.0,2828.5
n1_TS,n1,TS,tai50_15_02.F.15_01,28,2617.0,2990.0,2803.5
n1_TS,n1,TS,tai50_15_02.F.15_01,29,2617.0,2979.0,2798.0
n1_TS,n1,TS,tai50_15_02.F.15_01,30,2616.0,2983.0,2799.5
n1_TS,n1,TS,tai50_15_03.F.15_01,1,2536.0,2948.0,2742.0
n1_TS,n1,TS,tai50_15_03.F.15_01,2,2541.0,2955.0,2748.0
n1_TS,n1,TS,tai50_15_03.F.15_01,3,2521.0,2915.0,2718.0
n1_TS,n1,TS,tai50_15_03.F.15_01,4,2537.0,2920.0,2728.5
n1_TS,n1,TS,tai50_15_03.F.15_01,5,2533.0,2915.0,2724.0
n1_TS,n1,TS,tai50_15_03.F.15_01,6,2521.0,2915.0,2718.0
n1_TS,n1,TS,tai50_15_03.F.15_01,7,2531.0,2937.0,2734.0
n1_TS,n1,TS,tai50_15_03.F.15_01,8,2521.0,2964.0,2742.5
n1_TS,n1,TS,tai50_15_03.F.15_01,9,2523.0,2915.0,2719.0
n1_TS,n1,TS,tai50_15_03.F.15_01,10,2527.0,2942.0,2734.5
n1_TS,n1,TS,tai50_15_03.F.15_01,11,2553.0,2941.0,2747.0
n1_TS,n1,TS,tai50_15_03.F.15_01,12,2521.0,2922.0,2721.5
n1_TS,n1,TS,tai50_15_03.F.15_01,13,2521.0,2918.0,2719.5
n1_TS,n1,TS,tai50_15_03.F.15_01,14,2580.0,2994.0,2787.0
n1_TS,n1,TS,tai50_15_03.F.15_01,15,2521.0,2915.0,2718.0
n1_TS,n1,TS,tai50_15_03.F.15_01,16,2521.0,2924.0,2722.5
n1_TS,n1,TS,tai50_15_03.F.15_01,17,2523.0,2960.0,2741.5
n1_TS,n1,TS,tai50_15_03.F.15_01,18,2549.0,2951.0,2750.0
n1_TS,n1,TS,tai50_15_03.F.15_01,19,2546.0,2957.0,2751.5
n1_TS,n1,TS,tai50_15_03.F.15_01,20,2526.0,2920.0,2723.0
n1_TS,n1,TS,tai50_15_03.F.15_01,21,2521.0,2951.0,2736.0
n1_TS,n1,TS,tai50_15_03.F.15_01,22,2537.0,2969.0,2753.0
n1_TS,n1,TS,tai50_15_03.F.15_01,23,2521.0,2916.0,2718.5
n1_TS,n1,TS,tai50_15_03.F.15_01,24,2536.0,2983.0,2759.5
n1_TS,n1,TS,tai50_15_03.F.15_01,25,2524.0,2915.0,2719.5
n1_TS,n1,TS,tai50_15_03.F.15_01,26,2521.0,2951.0,2736.0
n1_TS,n1,TS,tai50_15_03.F.15_01,27,2521.0,2944.0,2732.5
n1_TS,n1,TS,tai50_15_03.F.15_01,28,2586.0,2965.0,2775.5
n1_TS,n1,TS,tai50_15_03.F.15_01,29,2534.0,2964.0,2749.0
n1_TS,n1,TS,tai50_15_03.F.15_01,30,2546.0,2997.0,2771.5
n1_TS,n1,TS,tai50_15_04.F.15_01,1,2622.0,3080.0,2851.0
n1_TS,n1,TS,tai50_15_04.F.15_01,2,2608.0,3073.0,2840.5
n1_TS,n1,TS,tai50_15_04.F.15_01,3,2608.0,3073.0,2840.5
n1_TS,n1,TS,tai50_15_04.F.15_01,4,2605.0,3073.0,2839.0
n1_TS,n1,TS,tai50_15_04.F.15_01,5,2616.0,3083.0,2849.5
n1_TS,n1,TS,tai50_15_04.F.15_01,6,2619.0,3089.0,2854.0
n1_TS,n1,TS,tai50_15_04.F.15_01,7,2608.0,3073.0,2840.5
n1_TS,n1,TS,tai50_15_04.F.15_01,8,2619.0,3089.0,2854.0
n1_TS,n1,TS,tai50_15_04.F.15_01,9,2605.0,3073.0,2839.0
n1_TS,n1,TS,tai50_15_04.F.15_01,10,2648.0,3118.0,2883.0
n1_TS,n1,TS,tai50_15_04.F.15_01,11,2605.0,3073.0,2839.0
n1_TS,n1,TS,tai50_15_04.F.15_01,12,2608.0,3073.0,2840.5
n1_TS,n1,TS,tai50_15_04.F.15_01,13,2608.0,3073.0,2840.5
n1_TS,n1,TS,tai50_15_04.F.15_01,14,2605.0,3073.0,2839.0
n1_TS,n1,TS,tai50_15_04.F.15_01,15,2616.0,3076.0,2846.0
n1_TS,n1,TS,tai50_15_04.F.15_01,16,2613.0,3076.0,2844.5
n1_TS,n1,TS,tai50_15_04.F.15_01,17,2605.0,3073.0,2839.0
n1_TS,n1,TS,tai50_15_04.F.15_01,18,2621.0,3093.0,2857.0
n1_TS,n1,TS,tai50_15_04.F.15_01,19,2614.0,3088.0,2851.0
n1_TS,n1,TS,tai50_15_04.F.15_01,20,2624.0,3089.0,2856.5
n1_TS,n1,TS,tai50_15_04.F.15_01,21,2619.0,3089.0,2854.0
n1_TS,n1,TS,tai50_15_04.F.15_01,22,2629.0,3091.0,2860.0
n1_TS,n1,TS,tai50_15_04.F.15_01,23,2605.0,3073.0,2839.0
n1_TS,n1,TS,tai50_15_04.F.15_01,24,2608.0,3073.0,2840.5
n1_TS,n1,TS,tai50_15_04.F.15_01,25,2608.0,3073.0,2840.5
n1_TS,n1,TS,tai50_15_04.F.15_01,26,2619.0,3089.0,2854.0
n1_TS,n1,TS,tai50_15_04.F.15_01,27,2622.0,3089.0,2855.5
n1_TS,n1,TS,tai50_15_04.F.15_01,28,2622.0,3089.0,2855.5
n1_TS,n1,TS,tai50_15_04.F.15_01,29,2608.0,3073.0,2840.5
n1_TS,n1,TS,tai50_15_04.F.15_01,30,2605.0,3073.0,2839.0
n1_TS,n1,TS,tai50_15_05.F.15_01,1,2581.0,2976.0,2778.5
n1_TS,n1,TS,tai50_15_05.F.15_01,2,2565.0,2930.0,2747.5
n1_TS,n1,TS,tai50_15_05.F.15_01,3,2547.0,2937.0,2742.0
n1_TS,n1,TS,tai50_15_05.F.15_01,4,2620.0,2982.0,2801.0
n1_TS,n1,TS,tai50_15_05.F.15_01,5,2527.0,2919.0,2723.0
n1_TS,n1,TS,tai50_15_05.F.15_01,6,2543.0,2917.0,2730.0
n1_TS,n1,TS,tai50_15_05.F.15_01,7,2565.0,2943.0,2754.0
n1_TS,n1,TS,tai50_15_05.F.15_01,8,2561.0,2927.0,2744.0
n1_TS,n1,TS,tai50_15_05.F.15_01,9,2584.0,2953.0,2768.5
n1_TS,n1,TS,tai50_15_05.F.15_01,10,2548.0,2909.0,2728.5
n1_TS,n1,TS,tai50_15_05.F.15_01,11,2553.0,2938.0,2745.5
n1_TS,n1,TS,tai50_15_05.F.15_01,12,2572.0,2992.0,2782.0
n1_TS,n1,TS,tai50_15_05.F.15_01,13,2522.0,2916.0,2719.0
n1_TS,n1,TS,tai50_15_05.F.15_01,14,2614.0,2984.0,2799.0
n1_TS,n1,TS,tai50_15_05.F.15_01,15,2588.0,2936.0,2762.0
n1_TS,n1,TS,tai50_15_05.F.15_01,16,2637.0,3004.0,2820.5
n1_TS,n1,TS,tai50_15_05.F.15_01,17,2614.0,2982.0,2798.0
n1_TS,n1,TS,tai50_15_05.F.15_01,18,2549.0,2931.0,2740.0
n1_TS,n1,TS,tai50_15_05.F.15_01,19,2574.0,2967.0,2770.5
n1_TS,n1,TS,tai50_15_05.F.15_01,20,2549.0,2934.0,2741.5
n1_TS,n1,TS,tai50_15_05.F.15_01,21,2580.0,2968.0,2774.0
n1_TS,n1,TS,tai50_15_05.F.15_01,22,2563.0,2954.0,2758.5
n1_TS,n1,TS,tai50_15_05.F.15_01,23,2563.0,2936.0,2749.5
n1_TS,n1,TS,tai50_15_05.F.15_01,24,2594.0,2964.0,2779.0
n1_TS,n1,TS,tai50_15_05.F.15_01,25,2600.0,2946.0,2773.0
n1_TS,n1,TS,tai50_15_05.F.15_01,26,2578.0,2964.0,2771.0
n1_TS,n1,TS,tai50_15_05.F.15_01,27,2527.0,2918.0,2722.5
n1_TS,n1,TS,tai50_15_05.F.15_01,28,2580.0,2956.0,2768.0
n1_TS,n1,TS,tai50_15_05.F.15_01,29,2637.0,3001.0,2819.0
n1_TS,n1,TS,tai50_15_05.F.15_01,30,2593.0,2975.0,2784.0
n1_TS,n1,TS,tai50_15_06.F.15_01,1,2598.0,3010.0,2804.0
n1_TS,n1,TS,tai50_15_06.F.15_01,2,2589.0,2996.0,2792.5
n1_TS,n1,TS,tai50_15_06.F.15_01,3,2664.0,3017.0,2840.5
n1_TS,n1,TS,tai50_15_06.F.15_01,4,2648.0,3005.0,2826.5
n1_TS,n1,TS,tai50_15_06.F.15_01,5,2642.0,3035.0,2838.5
n1_TS,n1,TS,tai50_15_06.F.15_01,6,2602.0,2994.0,2798.0
n1_TS,n1,TS,tai50_15_06.F.15_01,7,2648.0,3039.0,2843.5
n1_TS,n1,TS,tai50_15_06.F.15_01,8,2625.0,2994.0,2809.5
n1_TS,n1,TS,tai50_15_06.F.15_01,9,2611.0,2994.0,2802.5
n1_TS,n1,TS,tai50_15_06.F.15_01,10,2664.0,3077.0,2870.5
n1_TS,n1,TS,tai50_15_06.F.15_01,11,2633.0,2999.0,2816.0
n1_TS,n1,TS,tai50_15_06.F.15_01,12,2676.0,3060.0,2868.0
n1_TS,n1,TS,tai50_15_06.F.15_01,13,2617.0,3029.0,2823.0
n1_TS,n1,TS,tai50_15_06.F.15_01,14,2628.0,3035.0,2831.5
n1_TS,n1,TS,tai50_15_06.F.15_01,15,2621.0,3005.0,2813.0
n1_TS,n1,TS,tai50_15_06.F.15_01,16,2634.0,3023.0,2828.5
n1_TS,n1,TS,tai50_15_06.F.15_01,17,2645.0,3008.0,2826.5
n1_TS,n1,TS,tai50_15_06.F.15_01,18,2607.0,3001.0,2804.0
n1_TS,n1,TS,tai50_15_06.F.15_01,19,2690.0,3041.0,2865.5
n1_TS,n1,TS,tai50_15_06.F.15_01,20,2610.0,2997.0,2803.5
n1_TS,n1,TS,tai50_15_06.F.15_01,21,2678.0,3083.0,2880.5
n1_TS,n1,TS,tai50_15_06.F.15_01,22,2604.0,3010.0,2807.0
n1_TS,n1,TS,tai50_15_06.F.15_01,23,2621.0,3017.0,2819.0
n1_TS,n1,TS,tai50_15_06.F.15_01,24,2603.0,3010.0,2806.5
n1_TS,n1,TS,tai50_15_06.F.15_01,25,2643.0,3008.0,2825.5
n1_TS,n1,TS,tai50_15_06.F.15_01,26,2688.0,3052.0,2870.0
n1_TS,n1,TS,tai50_15_06.F.15_01,27,2598.0,3010.0,2804.0
n1_TS,n1,TS,tai50_15_06.F.15_01,28,2606.0,2994.0,2800.0
n1_TS,n1,TS,tai50_15_06.F.15_01,29,2618.0,2994.0,2806.0
n1_TS,n1,TS,tai50_15_06.F.15_01,30,2627.0,3005.0,2816.0
n1_TS,n1,TS,tai50_15_07.F.15_01,1,2719.0,3167.0,2943.0
n1_TS,n1,TS,tai50_15_07.F.15_01,2,2764.0,3167.0,2965.5
n1_TS,n1,TS,tai50_15_07.F.15_01,3,2743.0,3167.0,2955.0
n1_TS,n1,TS,tai50_15_07.F.15_01,4,2752.0,3167.0,2959.5
n1_TS,n1,TS,tai50_15_07.F.15_01,5,2741.0,3167.0,2954.0
n1_TS,n1,TS,tai50_15_07.F.15_01,6,2719.0,3167.0,2943.0
n1_TS,n1,TS,tai50_15_07.F.15_01,7,2723.0,3167.0,2945.0
n1_TS,n1,TS,tai50_15_07.F.15_01,8,2741.0,3187.0,2964.0
n1_TS,n1,TS,tai50_15_07.F.15_01,9,2733.0,3167.0,2950.0
n1_TS,n1,TS,tai50_15_07.F.15_01,10,2723.0,3167.0,2945.0
n1_TS,n1,TS,tai50_15_07.F.15_01,11,2719.0,3167.0,2943.0
n1_TS,n1,TS,tai50_15_07.F.15_01,12,2719.0,3167.0,2943.0
n1_TS,n1,TS,tai50_15_07.F.15_01,13,2734.0,3167.0,2950.5
n1_TS,n1,TS,tai50_15_07.F.15_01,14,2723.0,3177.0,2950.0
n1_TS,n1,TS,tai50_15_07.F.15_01,15,2719.0,3167.0,2943.0
n1_TS,n1,TS,tai50_15_07.F.15_01,16,2757.0,3184.0,2970.5
n1_TS,n1,TS,tai50_15_07.F.15_01,17,2779.0,3206.0,2992.5
n1_TS,n1,TS,tai50_15_07.F.15_01,18,2756.0,3204.0,2980.0
n1_TS,n1,TS,tai50_15_07.F.15_01,19,2755.0,3196.0,2975.5
n1_TS,n1,TS,tai50_15_07.F.15_01,20,2777.0,3197.0,2987.0
n1_TS,n1,TS,tai50_15_07.F.15_01,21,2770.0,3179.0,2974.5
n1_TS,n1,TS,tai50_15_07.F.15_01,22,2719.0,3167.0,2943.0
n1_TS,n1,TS,tai50_15_07.F.15_01,23,2719.0,3167.0,2943.0
n1_TS,n1,TS,tai50_15_07.F.15_01,24,2773.0,3186.0,2979.5
n1_TS,n1,TS,tai50_15_07.F.15_01,25,2719.0,3167.0,2943.0
n1_TS,n1,TS,tai50_15_07.F.15_01,26,2719.0,3167.0,2943.0
n1_TS,n1,TS,tai50_15_07.F.15_01,27,2725.0,3167.0,2946.0
n1_TS,n1,TS,tai50_15_07.F.15_01,28,2719.0,3167.0,2943.0
n1_TS,n1,TS,tai50_15_07.F.15_01,29,2760.0,3169.0,2964.5
n1_TS,n1,TS,tai50_15_07.F.15_01,30,2719.0,3167.0,2943.0
n1_TS,n1,TS,tai50_15_08.F.15_01,1,2724.0,3128.0,2926.0
n1_TS,n1,TS,tai50_15_08.F.15_01,2,2682.0,3128.0,2905.0
n1_TS,n1,TS,tai50_15_08.F.15_01,3,2682.0,3128.0,2905.0
n1_TS,n1,TS,tai50_15_08.F.15_01,4,2682.0,3128.0,2905.0
n1_TS,n1,TS,tai50_15_08.F.15_01,5,2682.0,3128.0,2905.0
n1_TS,n1,TS,tai50_15_08.F.15_01,6,2682.0,3128.0,2905.0
n1_TS,n1,TS,tai50_15_08.F.15_01,7,2706.0,3128.0,2917.0
n1_TS,n1,TS,tai50_15_08.F.15_01,8,2682.0,3128.0,2905.0
n1_TS,n1,TS,tai50_15_08.F.15_01,9,2682.0,3128.0,2905.0
n1_TS,n1,TS,tai50_15_08.F.15_01,10,2682.0,3128.0,2905.0
n1_TS,n1,TS,tai50_15_08.F.15_01,11,2682.0,3128.0,2905.0
n1_TS,n1,TS,tai50_15_08.F.15_01,12,2688.0,3128.0,2908.0
n1_TS,n1,TS,tai50_15_08.F.15_01,13,2682.0,3128.0,2905.0
n1_TS,n1,TS,tai50_15_08.F.15_01,14,2682.0,3128.0,2905.0
n1_TS,n1,TS,tai50_15_08.F.15_01,15,2682.0,3128.0,2905.0
n1_TS,n1,TS,tai50_15_08.F.15_01,16,2696.0,3128.0,2912.0
n1_TS,n1,TS,tai50_15_08.F.15_01,17,2720.0,3128.0,2924.0
n1_TS,n1,TS,tai50_15_08.F.15_01,18,2682.0,3128.0,2905.0
n1_TS,n1,TS,tai50_15_08.F.15_01,19,2682.0,3128.0,2905.0
n1_TS,n1,TS,tai50_15_08.F.15_01,20,2698.0,3128.0,2913.0
n1_TS,n1,TS,tai50_15_08.F.15_01,21,2682.0,3128.0,2905.0
n1_TS,n1,TS,tai50_15_08.F.15_01,22,2682.0,3128.0,2905.0
n1_TS,n1,TS,tai50_15_08.F.15_01,23,2682.0,3128.0,2905.0
n1_TS,n1,TS,tai50_15_08.F.15_01,24,2682.0,3128.0,2905.0
n1_TS,n1,TS,tai50_15_08.F.15_01,25,2682.0,3128.0,2905.0
n1_TS,n1,TS,tai50_15_08.F.15_01,26,2682.0,3128.0,2905.0
n1_TS,n1,TS,tai50_15_08.F.15_01,27,2682.0,3128.0,2905.0
n1_TS,n1,TS,tai50_15_08.F.15_01,28,2682.0,3128.0,2905.0
n1_TS,n1,TS,tai50_15_08.F.15_01,29,2686.0,3140.0,2913.0
n1_TS,n1,TS,tai50_15_08.F.15_01,30,2682.0,3128.0,2905.0
n1_TS,n1,TS,tai50_15_09.F.15_01,1,2506.0,2904.0,2705.0
n1_TS,n1,TS,tai50_15_09.F.15_01,2,2592.0,2938.0,2765.0
n1_TS,n1,TS,tai50_15_09.F.15_01,3,2589.0,2952.0,2770.5
n1_TS,n1,TS,tai50_15_09.F.15_01,4,2518.0,2928.0,2723.0
n1_TS,n1,TS,tai50_15_09.F.15_01,5,2515.0,2931.0,2723.0
n1_TS,n1,TS,tai50_15_09.F.15_01,6,2496.0,2896.0,2696.0
n1_TS,n1,TS,tai50_15_09.F.15_01,7,2510.0,2885.0,2697.5
n1_TS,n1,TS,tai50_15_09.F.15_01,8,2512.0,2892.0,2702.0
n1_TS,n1,TS,tai50_15_09.F.15_01,9,2489.0,2881.0,2685.0
n1_TS,n1,TS,tai50_15_09.F.15_01,10,2559.0,2943.0,2751.0
n1_TS,n1,TS,tai50_15_09.F.15_01,11,2518.0,2917.0,2717.5
n1_TS,n1,TS,tai50_15_09.F.15_01,12,2531.0,2933.0,2732.0
n1_TS,n1,TS,tai50_15_09.F.15_01,13,2523.0,2912.0,2717.5
n1_TS,n1,TS,tai50_15_09.F.15_01,14,2555.0,2911.0,2733.0
n1_TS,n1,TS,tai50_15_09.F.15_01,15,2572.0,2952.0,2762.0
n1_TS,n1,TS,tai50_15_09.F.15_01,16,2554.0,2923.0,2738.5
n1_TS,n1,TS,tai50_15_09.F.15_01,17,2522.0,2911.0,2716.5
n1_TS,n1,TS,tai50_15_09.F.15_01,18,2525.0,2910.0,2717.5
n1_TS,n1,TS,tai50_15_09.F.15_01,19,2507.0,2898.0,2702.5
n1_TS,n1,TS,tai50_15_09.F.15_01,20,2537.0,2910.0,2723.5
n1_TS,n1,TS,tai50_15_09.F.15_01,21,2526.0,2909.0,2717.5
n1_TS,n1,TS,tai50_15_09.F.15_01,22,2533.0,2926.0,2729.5
n1_TS,n1,TS,tai50_15_09.F.15_01,23,2526.0,2927.0,2726.5
n1_TS,n1,TS,tai50_15_09.F.15_01,24,2538.0,2918.0,2728.0
n1_TS,n1,TS,tai50_15_09.F.15_01,25,2493.0,2877.0,2685.0
n1_TS,n1,TS,tai50_15_09.F.15_01,26,2516.0,2906.0,2711.0
n1_TS,n1,TS,tai50_15_09.F.15_01,27,2495.0,2877.0,2686.0
n1_TS,n1,TS,tai50_15_09.F.15_01,28,2534.0,2914.0,2724.0
n1_TS,n1,TS,tai50_15_09.F.15_01,29,2492.0,2878.0,2685.0
n1_TS,n1,TS,tai50_15_09.F.15_01,30,2526.0,2929.0,2727.5
n1_TS,n1,TS,tai50_15_10.F.15_01,1,2595.0,2975.0,2785.0
n1_TS,n1,TS,tai50_15_10.F.15_01,2,2581.0,2975.0,2778.0
n1_TS,n1,TS,tai50_15_10.F.15_01,3,2580.0,2970.0,2775.0
n1_TS,n1,TS,tai50_15_10.F.15_01,4,2615.0,2983.0,2799.0
n1_TS,n1,TS,tai50_15_10.F.15_01,5,2652.0,3020.0,2836.0
n1_TS,n1,TS,tai50_15_10.F.15_01,6,2579.0,2963.0,2771.0
n1_TS,n1,TS,tai50_15_10.F.15_01,7,2566.0,2982.0,2774.0
n1_TS,n1,TS,tai50_15_10.F.15_01,8,2575.0,2977.0,2776.0
n1_TS,n1,TS,tai50_15_10.F.15_01,9,2600.0,2962.0,2781.0
n1_TS,n1,TS,tai50_15_10.F.15_01,10,2601.0,2984.0,2792.5
n1_TS,n1,TS,tai50_15_10.F.15_01,11,2598.0,2964.0,2781.0
n1_TS,n1,TS,tai50_15_10.F.15_01,12,2590.0,2964.0,2777.0
n1_TS,n1,TS,tai50_15_10.F.15_01,13,2583.0,2974.0,2778.5
n1_TS,n1,TS,tai50_15_10.F.15_01,14,2582.0,2968.0,2775.0
n1_TS,n1,TS,tai50_15_10.F.15_01,15,2684.0,3040.0,2862.0
n1_TS,n1,TS,tai50_15_10.F.15_01,16,2556.0,2948.0,2752.0
n1_TS,n1,TS,tai50_15_10.F.15_01,17,2561.0,2944.0,2752.5
n1_TS,n1,TS,tai50_15_10.F.15_01,18,2573.0,2953.0,2763.0
n1_TS,n1,TS,tai50_15_10.F.15_01,19,2629.0,3023.0,2826.0
n1_TS,n1,TS,tai50_15_10.F.15_01,20,2596.0,2984.0,2790.0
n1_TS,n1,TS,tai50_15_10.F.15_01,21,2559.0,2944.0,2751.5
n1_TS,n1,TS,tai50_15_10.F.15_01,22,2566.0,2928.0,2747.0
n1_TS,n1,TS,tai50_15_10.F.15_01,23,2565.0,2971.0,2768.0
n1_TS,n1,TS,tai50_15_10.F.15_01,24,2612.0,3006.0,2809.0
n1_TS,n1,TS,tai50_15_10.F.15_01,25,2596.0,2984.0,2790.0
n1_TS,n1,TS,tai50_15_10.F.15_01,26,2540.0,2927.0,2733.5
n1_TS,n1,TS,tai50_15_10.F.15_01,27,2578.0,2971.0,2774.5
n1_TS,n1,TS,tai50_15_10.F.15_01,28,2574.0,2954.0,2764.0
n1_TS,n1,TS,tai50_15_10.F.15_01,29,2669.0,3059.0,2864.0
n1_TS,n1,TS,tai50_15_10.F.15_01,30,2562.0,2939.0,2750.5
n1_TS,n1,TS,tai50_20_01.F.15_01,1,2808.0,3208.0,3008.0
n1_TS,n1,TS,tai50_20_01.F.15_01,2,2844.0,3244.0,3044.0
n1_TS,n1,TS,tai50_20_01.F.15_01,3,2807.0,3213.0,3010.0
n1_TS,n1,TS,tai50_20_01.F.15_01,4,2759.0,3163.0,2961.0
n1_TS,n1,TS,tai50_20_01.F.15_01,5,2750.0,3129.0,2939.5
n1_TS,n1,TS,tai50_20_01.F.15_01,6,2834.0,3248.0,3041.0
n1_TS,n1,TS,tai50_20_01.F.15_01,7,2872.0,3256.0,3064.0
n1_TS,n1,TS,tai50_20_01.F.15_01,8,2801.0,3194.0,2997.5
n1_TS,n1,TS,tai50_20_01.F.15_01,9,2834.0,3216.0,3025.0
n1_TS,n1,TS,tai50_20_01.F.15_01,10,2828.0,3215.0,3021.5
n1_TS,n1,TS,tai50_20_01.F.15_01,11,2749.0,3149.0,2949.0
n1_TS,n1,TS,tai50_20_01.F.15_01,12,2812.0,3219.0,3015.5
n1_TS,n1,TS,tai50_20_01.F.15_01,13,2809.0,3194.0,3001.5
n1_TS,n1,TS,tai50_20_01.F.15_01,14,2782.0,3170.0,2976.0
n1_TS,n1,TS,tai50_20_01.F.15_01,15,2804.0,3235.0,3019.5
n1_TS,n1,TS,tai50_20_01.F.15_01,16,2821.0,3215.0,3018.0
n1_TS,n1,TS,tai50_20_01.F.15_01,17,2892.0,3289.0,3090.5
n1_TS,n1,TS,tai50_20_01.F.15_01,18,2799.0,3175.0,2987.0
n1_TS,n1,TS,tai50_20_01.F.15_01,19,2778.0,3189.0,2983.5
n1_TS,n1,TS,tai50_20_01.F.15_01,20,2768.0,3186.0,2977.0
n1_TS,n1,TS,tai50_20_01.F.15_01,21,2833.0,3227.0,3030.0
n1_TS,n1,TS,tai50_20_01.F.15_01,22,2784.0,3197.0,2990.5
n1_TS,n1,TS,tai50_20_01.F.15_01,23,2787.0,3176.0,2981.5
n1_TS,n1,TS,tai50_20_01.F.15_01,24,2770.0,3187.0,2978.5
n1_TS,n1,TS,tai50_20_01.F.15_01,25,2820.0,3221.0,3020.5
n1_TS,n1,TS,tai50_20_01.F.15_01,26,2801.0,3220.0,3010.5
n1_TS,n1,TS,tai50_20_01.F.15_01,27,2792.0,3208.0,3000.0
n1_TS,n1,TS,tai50_20_01.F.15_01,28,2832.0,3182.0,3007.0
n1_TS,n1,TS,tai50_20_01.F.15_01,29,2779.0,3222.0,3000.5
n1_TS,n1,TS,tai50_20_01.F.15_01,30,2753.0,3162.0,2957.5
n1_TS,n1,TS,tai50_20_02.F.15_01,1,2890.0,3282.0,3086.0
n1_TS,n1,TS,tai50_20_02.F.15_01,2,2919.0,3298.0,3108.5
n1_TS,n1,TS,tai50_20_02.F.15_01,3,2905.0,3302.0,3103.5
n1_TS,n1,TS,tai50_20_02.F.15_01,4,2934.0,3306.0,3120.0
n1_TS,n1,TS,tai50_20_02.F.15_01,5,2902.0,3299.0,3100.5
n1_TS,n1,TS,tai50_20_02.F.15_01,6,2896.0,3293.0,3094.5
n1_TS,n1,TS,tai50_20_02.F.15_01,7,2862.0,3247.0,3054.5
n1_TS,n1,TS,tai50_20_02.F.15_01,8,2869.0,3250.0,3059.5
n1_TS,n1,TS,tai50_20_02.F.15_01,9,2849.0,3250.0,3049.5
n1_TS,n1,TS,tai50_20_02.F.15_01,10,2901.0,3273.0,3087.0
n1_TS,n1,TS,tai50_20_02.F.15_01,11,2900.0,3291.0,3095.5
n1_TS,n1,TS,tai50_20_02.F.15_01,12,2899.0,3325.0,3112.0
n1_TS,n1,TS,tai50_20_02.F.15_01,13,2899.0,3323.0,3111.0
n1_TS,n1,TS,tai50_20_02.F.15_01,14,2836.0,3218.0,3027.0
n1_TS,n1,TS,tai50_20_02.F.15_01,15,2943.0,3319.0,3131.0
n1_TS,n1,TS,tai50_20_02.F.15_01,16,2855.0,3223.0,3039.0
n1_TS,n1,TS,tai50_20_02.F.15_01,17,2884.0,3263.0,3073.5
n1_TS,n1,TS,tai50_20_02.F.15_01,18,2926.0,3288.0,3107.0
n1_TS,n1,TS,tai50_20_02.F.15_01,19,2843.0,3247.0,3045.0
n1_TS,n1,TS,tai50_20_02.F.15_01,20,2865.0,3229.0,3047.0
n1_TS,n1,TS,tai50_20_02.F.15_01,21,2975.0,3315.0,3145.0
n1_TS,n1,TS,tai50_20_02.F.15_01,22,2913.0,3285.0,3099.0
n1_TS,n1,TS,tai50_20_02.F.15_01,23,2861.0,3245.0,3053.0
n1_TS,n1,TS,tai50_20_02.F.15_01,24,2875.0,3264.0,3069.5
n1_TS,n1,TS,tai50_20_02.F.15_01,25,2915.0,3269.0,3092.0
n1_TS,n1,TS,tai50_20_02.F.15_01,26,2859.0,3259.0,3059.0
n1_TS,n1,TS,tai50_20_02.F.15_01,27,2899.0,3273.0,3086.0
n1_TS,n1,TS,tai50_20_02.F.15_01,28,2925.0,3315.0,3120.0
n1_TS,n1,TS,tai50_20_02.F.15_01,29,2898.0,3272.0,3085.0
n1_TS,n1,TS,tai50_20_02.F.15_01,30,2876.0,3236.0,3056.0
n1_TS,n1,TS,tai50_20_03.F.15_01,1,2685.0,3111.0,2898.0
n1_TS,n1,TS,tai50_20_03.F.15_01,2,2745.0,3169.0,2957.0
n1_TS,n1,TS,tai50_20_03.F.15_01,3,2643.0,3044.0,2843.5
n1_TS,n1,TS,tai50_20_03.F.15_01,4,2619.0,3040.0,2829.5
n1_TS,n1,TS,tai50_20_03.F.15_01,5,2684.0,3110.0,2897.0
n1_TS,n1,TS,tai50_20_03.F.15_01,6,2666.0,3096.0,2881.0
n1_TS,n1,TS,tai50_20_03.F.15_01,7,2628.0,3073.0,2850.5
n1_TS,n1,TS,tai50_20_03.F.15_01,8,2612.0,3056.0,2834.0
n1_TS,n1,TS,tai50_20_03.F.15_01,9,2630.0,3057.0,2843.5
n1_TS,n1,TS,tai50_20_03.F.15_01,10,2672.0,3086.0,2879.0
n1_TS,n1,TS,tai50_20_03.F.15_01,11,2654.0,3087.0,2870.5
n1_TS,n1,TS,tai50_20_03.F.15_01,12,2711.0,3098.0,2904.5
n1_TS,n1,TS,tai50_20_03.F.15_01,13,2708.0,3127.0,2917.5
n1_TS,n1,TS,tai50_20_03.F.15_01,14,2683.0,3115.0,2899.0
n1_TS,n1,TS,tai50_20_03.F.15_01,15,2608.0,3060.0,2834.0
n1_TS,n1,TS,tai50_20_03.F.15_01,16,2656.0,3085.0,2870.5
n1_TS,n1,TS,tai50_20_03.F.15_01,17,2684.0,3104.0,2894.0
n1_TS,n1,TS,tai50_20_03.F.15_01,18,2695.0,3123.0,2909.0
n1_TS,n1,TS,tai50_20_03.F.15_01,19,2670.0,3104.0,2887.0
n1_TS,n1,TS,tai50_20_03.F.15_01,20,2725.0,3151.0,2938.0
n1_TS,n1,TS,tai50_20_03.F.15_01,21,2666.0,3123.0,2894.5
n1_TS,n1,TS,tai50_20_03.F.15_01,22,2643.0,3073.0,2858.0
n1_TS,n1,TS,tai50_20_03.F.15_01,23,2674.0,3113.0,2893.5
n1_TS,n1,TS,tai50_20_03.F.15_01,24,2625.0,3057.0,2841.0
n1_TS,n1,TS,tai50_20_03.F.15_01,25,2696.0,3128.0,2912.0
n1_TS,n1,TS,tai50_20_03.F.15_01,26,2650.0,3099.0,2874.5
n1_TS,n1,TS,tai50_20_03.F.15_01,27,2636.0,3056.0,2846.0
n1_TS,n1,TS,tai50_20_03.F.15_01,28,2669.0,3105.0,2887.0
n1_TS,n1,TS,tai50_20_03.F.15_01,29,2661.0,3105.0,2883.0
n1_TS,n1,TS,tai50_20_03.F.15_01,30,2587.0,3010.0,2798.5
n1_TS,n1,TS,tai50_20_04.F.15_01,1,2615.0,3010.0,2812.5
n1_TS,n1,TS,tai50_20_04.F.15_01,2,2566.0,2963.0,2764.5
n1_TS,n1,TS,tai50_20_04.F.15_01,3,2659.0,2986.0,2822.5
n1_TS,n1,TS,tai50_20_04.F.15_01,4,2602.0,2964.0,2783.0
n1_TS,n1,TS,tai50_20_04.F.15_01,5,2595.0,2995.0,2795.0
n1_TS,n1,TS,tai50_20_04.F.15_01,6,2587.0,2997.0,2792.0
n1_TS,n1,TS,tai50_20_04.F.15_01,7,2579.0,2989.0,2784.0
n1_TS,n1,TS,tai50_20_04.F.15_01,8,2656.0,3043.0,2849.5
n1_TS,n1,TS,tai50_20_04.F.15_01,9,2605.0,2988.0,2796.5
n1_TS,n1,TS,tai50_20_04.F.15_01,10,2602.0,3006.0,2804.0
n1_TS,n1,TS,tai50_20_04.F.15_01,11,2587.0,3002.0,2794.5
n1_TS,n1,TS,tai50_20_04.F.15_01,12,2666.0,3042.0,2854.0
n1_TS,n1,TS,tai50_20_04.F.15_01,13,2572.0,2971.0,2771.5
n1_TS,n1,TS,tai50_20_04.F.15_01,14,2611.0,2997.0,2804.0
n1_TS,n1,TS,tai50_20_04.F.15_01,15,2670.0,3065.0,2867.5
n1_TS,n1,TS,tai50_20_04.F.15_01,16,2640.0,3020.0,2830.0
n1_TS,n1,TS,tai50_20_04.F.15_01,17,2703.0,3062.0,2882.5
n1_TS,n1,TS,tai50_20_04.F.15_01,18,2679.0,3061.0,2870.0
n1_TS,n1,TS,tai50_20_04.F.15_01,19,2664.0,3017.0,2840.5
n1_TS,n1,TS,tai50_20_04.F.15_01,20,2586.0,2976.0,2781.0
n1_TS,n1,TS,tai50_20_04.F.15_01,21,2603.0,2975.0,2789.0
n1_TS,n1,TS,tai50_20_04.F.15_01,22,2659.0,3027.0,2843.0
n1_TS,n1,TS,tai50_20_04.F.15_01,23,2572.0,2963.0,2767.5
n1_TS,n1,TS,tai50_20_04.F.15_01,24,2572.0,2983.0,2777.5
n1_TS,n1,TS,tai50_20_04.F.15_01,25,2657.0,3024.0,2840.5
n1_TS,n1,TS,tai50_20_04.F.15_01,26,2607.0,3021.0,2814.0
n1_TS,n1,TS,tai50_20_04.F.15_01,27,2669.0,3050.0,2859.5
n1_TS,n1,TS,tai50_20_04.F.15_01,28,2628.0,3012.0,2820.0
n1_TS,n1,TS,tai50_20_04.F.15_01,29,2694.0,3069.0,2881.5
n1_TS,n1,TS,tai50_20_04.F.15_01,30,2626.0,2991.0,2808.5
n1_TS,n1,TS,tai50_20_05.F.15_01,1,2664.0,3053.0,2858.5
n1_TS,n1,TS,tai50_20_05.F.15_01,2,2661.0,3049.0,2855.0
n1_TS,n1,TS,tai50_20_05.F.15_01,3,2669.0,3052.0,2860.5
n1_TS,n1,TS,tai50_20_05.F.15_01,4,2678.0,3055.0,2866.5
n1_TS,n1,TS,tai50_20_05.F.15_01,5,2667.0,3023.0,2845.0
n1_TS,n1,TS,tai50_20_05.F.15_01,6,2679.0,3041.0,2860.0
n1_TS,n1,TS,tai50_20_05.F.15_01,7,2667.0,3003.0,2835.0
n1_TS,n1,TS,tai50_20_05.F.15_01,8,2651.0,3006.0,2828.5
n1_TS,n1,TS,tai50_20_05.F.15_01,9,2654.0,3035.0,2844.5
n1_TS,n1,TS,tai50_20_05.F.15_01,10,2664.0,3025.0,2844.5
n1_TS,n1,TS,tai50_20_05.F.15_01,11,2668.0,3044.0,2856.0
n1_TS,n1,TS,tai50_20_05.F.15_01,12,2720.0,3081.0,2900.5
n1_TS,n1,TS,tai50_20_05.F.15_01,13,2663.0,3057.0,2860.0
n1_TS,n1,TS,tai50_20_05.F.15_01,14,2684.0,3064.0,2874.0
n1_TS,n1,TS,tai50_20_05.F.15_01,15,2669.0,3019.0,2844.0
n1_TS,n1,TS,tai50_20_05.F.15_01,16,2722.0,3110.0,2916.0
n1_TS,n1,TS,tai50_20_05.F.15_01,17,2686.0,3071.0,2878.5
n1_TS,n1,TS,tai50_20_05.F.15_01,18,2691.0,3066.0,2878.5
n1_TS,n1,TS,tai50_20_05.F.15_01,19,2679.0,3069.0,2874.0
n1_TS,n1,TS,tai50_20_05.F.15_01,20,2737.0,3093.0,2915.0
n1_TS,n1,TS,tai50_20_05.F.15_01,21,2608.0,2986.0,2797.0
n1_TS,n1,TS,tai50_20_05.F.15_01,22,2659.0,3055.0,2857.0
n1_TS,n1,TS,tai50_20_05.F.15_01,23,2637.0,3033.0,2835.0
n1_TS,n1,TS,tai50_20_05.F.15_01,24,2670.0,3072.0,2871.0
n1_TS,n1,TS,tai50_20_05.F.15_01,25,2636.0,3024.0,2830.0
n1_TS,n1,TS,tai50_20_05.F.15_01,26,2675.0,3049.0,2862.0
n1_TS,n1,TS,tai50_20_05.F.15_01,27,2657.0,3027.0,2842.0
n1_TS,n1,TS,tai50_20_05.F.15_01,28,2706.0,3078.0,2892.0
n1_TS,n1,TS,tai50_20_05.F.15_01,29,2646.0,3023.0,2834.5
n1_TS,n1,TS,tai50_20_05.F.15_01,30,2701.0,3077.0,2889.0
n1_TS,n1,TS,tai50_20_06.F.15_01,1,2702.0,3135.0,2918.5
n1_TS,n1,TS,tai50_20_06.F.15_01,2,2743.0,3190.0,2966.5
n1_TS,n1,TS,tai50_20_06.F.15_01,3,2734.0,3179.0,2956.5
n1_TS,n1,TS,tai50_20_06.F.15_01,4,2768.0,3194.0,2981.0
n1_TS,n1,TS,tai50_20_06.F.15_01,5,2770.0,3164.0,2967.0
n1_TS,n1,TS,tai50_20_06.F.15_01,6,2787.0,3198.0,2992.5
n1_TS,n1,TS,tai50_20_06.F.15_01,7,2753.0,3177.0,2965.0
n1_TS,n1,TS,tai50_20_06.F.15_01,8,2682.0,3122.0,2902.0
n1_TS,n1,TS,tai50_20_06.F.15_01,9,2704.0,3140.0,2922.0
n1_TS,n1,TS,tai50_20_06.F.15_01,10,2802.0,3197.0,2999.5
n1_TS,n1,TS,tai50_20_06.F.15_01,11,2768.0,3203.0,2985.5
n1_TS,n1,TS,tai50_20_06.F.15_01,12,2724.0,3173.0,2948.5
n1_TS,n1,TS,tai50_20_06.F.15_01,13,2832.0,3212.0,3022.0
n1_TS,n1,TS,tai50_20_06.F.15_01,14,2761.0,3174.0,2967.5
n1_TS,n1,TS,tai50_20_06.F.15_01,15,2738.0,3178.0,2958.0
n1_TS,n1,TS,tai50_20_06.F.15_01,16,2839.0,3226.0,3032.5
n1_TS,n1,TS,tai50_20_06.F.15_01,17,2755.0,3220.0,2987.5
n1_TS,n1,TS,tai50_20_06.F.15_01,18,2801.0,3226.0,3013.5
n1_TS,n1,TS,tai50_20_06.F.15_01,19,2762.0,3156.0,2959.0
n1_TS,n1,TS,tai50_20_06.F.15_01,20,2807.0,3193.0,3000.0
n1_TS,n1,TS,tai50_20_06.F.15_01,21,2740.0,3182.0,2961.0
n1_TS,n1,TS,tai50_20_06.F.15_01,22,2749.0,3164.0,2956.5
n1_TS,n1,TS,tai50_20_06.F.15_01,23,2727.0,3149.0,2938.0
n1_TS,n1,TS,tai50_20_06.F.15_01,24,2771.0,3182.0,2976.5
n1_TS,n1,TS,tai50_20_06.F.15_01,25,2774.0,3204.0,2989.0
n1_TS,n1,TS,tai50_20_06.F.15_01,26,2755.0,3167.0,2961.0
n1_TS,n1,TS,tai50_20_06.F.15_01,27,2756.0,3157.0,2956.5
n1_TS,n1,TS,tai50_20_06.F.15_01,28,2755.0,3206.0,2980.5
n1_TS,n1,TS,tai50_20_06.F.15_01,29,2754.0,3148.0,2951.0
n1_TS,n1,TS,tai50_20_06.F.15_01,30,2783.0,3200.0,2991.5
n1_TS,n1,TS,tai50_20_07.F.15_01,1,2721.0,3156.0,2938.5
n1_TS,n1,TS,tai50_20_07.F.15_01,2,2791.0,3212.0,3001.5
n1_TS,n1,TS,tai50_20_07.F.15_01,3,2706.0,3132.0,2919.0
n1_TS,n1,TS,tai50_20_07.F.15_01,4,2719.0,3137.0,2928.0
n1_TS,n1,TS,tai50_20_07.F.15_01,5,2750.0,3164.0,2957.0
n1_TS,n1,TS,tai50_20_07.F.15_01,6,2806.0,3246.0,3026.0
n1_TS,n1,TS,tai50_20_07.F.15_01,7,2746.0,3185.0,2965.5
n1_TS,n1,TS,tai50_20_07.F.15_01,8,2728.0,3162.0,2945.0
n1_TS,n1,TS,tai50_20_07.F.15_01,9,2725.0,3165.0,2945.0
n1_TS,n1,TS,tai50_20_07.F.15_01,10,2731.0,3159.0,2945.0
n1_TS,n1,TS,tai50_20_07.F.15_01,11,2726.0,3169.0,2947.5
n1_TS,n1,TS,tai50_20_07.F.15_01,12,2715.0,3175.0,2945.0
n1_TS,n1,TS,tai50_20_07.F.15_01,13,2700.0,3169.0,2934.5
n1_TS,n1,TS,tai50_20_07.F.15_01,14,2784.0,3228.0,3006.0
n1_TS,n1,TS,tai50_20_07.F.15_01,15,2786.0,3210.0,2998.0
n1_TS,n1,TS,tai50_20_07.F.15_01,16,2782.0,3186.0,2984.0
n1_TS,n1,TS,tai50_20_07.F.15_01,17,2740.0,3179.0,2959.5
n1_TS,n1,TS,tai50_20_07.F.15_01,18,2695.0,3142.0,2918.5
n1_TS,n1,TS,tai50_20_07.F.15_01,19,2785.0,3210.0,2997.5
n1_TS,n1,TS,tai50_20_07.F.15_01,20,2829.0,3293.0,3061.0
n1_TS,n1,TS,tai50_20_07.F.15_01,21,2665.0,3103.0,2884.0
n1_TS,n1,TS,tai50_20_07.F.15_01,22,2704.0,3113.0,2908.5
n1_TS,n1,TS,tai50_20_07.F.15_01,23,2711.0,3150.0,2930.5
n1_TS,n1,TS,tai50_20_07.F.15_01,24,2688.0,3114.0,2901.0
n1_TS,n1,TS,tai50_20_07.F.15_01,25,2709.0,3126.0,2917.5
n1_TS,n1,TS,tai50_20_07.F.15_01,26,2825.0,3221.0,3023.0
n1_TS,n1,TS,tai50_20_07.F.15_01,27,2698.0,3154.0,2926.0
n1_TS,n1,TS,tai50_20_07.F.15_01,28,2714.0,3140.0,2927.0
n1_TS,n1,TS,tai50_20_07.F.15_01,29,2720.0,3181.0,2950.5
n1_TS,n1,TS,tai50_20_07.F.15_01,30,2705.0,3111.0,2908.0
n1_TS,n1,TS,tai50_20_08.F.15_01,1,2679.0,3049.0,2864.0
n1_TS,n1,TS,tai50_20_08.F.15_01,2,2687.0,3053.0,2870.0
n1_TS,n1,TS,tai50_20_08.F.15_01,3,2697.0,3084.0,2890.5
n1_TS,n1,TS,tai50_20_08.F.15_01,4,2656.0,3061.0,2858.5
n1_TS,n1,TS,tai50_20_08.F.15_01,5,2667.0,3013.0,2840.0
n1_TS,n1,TS,tai50_20_08.F.15_01,6,2665.0,3040.0,2852.5
n1_TS,n1,TS,tai50_20_08.F.15_01,7,2676.0,3070.0,2873.0
n1_TS,n1,TS,tai50_20_08.F.15_01,8,2700.0,3061.0,2880.5
n1_TS,n1,TS,tai50_20_08.F.15_01,9,2669.0,3044.0,2856.5
n1_TS,n1,TS,tai50_20_08.F.15_01,10,2725.0,3113.0,2919.0
n1_TS,n1,TS,tai50_20_08.F.15_01,11,2734.0,3098.0,2916.0
n1_TS,n1,TS,tai50_20_08.F.15_01,12,2652.0,3024.0,2838.0
n1_TS,n1,TS,tai50_20_08.F.15_01,13,2681.0,3053.0,2867.0
n1_TS,n1,TS,tai50_20_08.F.15_01,14,2716.0,3047.0,2881.5
n1_TS,n1,TS,tai50_20_08.F.15_01,15,2667.0,3031.0,2849.0
n1_TS,n1,TS,tai50_20_08.F.15_01,16,2667.0,3024.0,2845.5
n1_TS,n1,TS,tai50_20_08.F.15_01,17,2688.0,3086.0,2887.0
n1_TS,n1,TS,tai50_20_08.F.15_01,18,2702.0,3087.0,2894.5
n1_TS,n1,TS,tai50_20_08.F.15_01,19,2690.0,3071.0,2880.5
n1_TS,n1,TS,tai50_20_08.F.15_01,20,2676.0,3009.0,2842.5
n1_TS,n1,TS,tai50_20_08.F.15_01,21,2688.0,3055.0,2871.5
n1_TS,n1,TS,tai50_20_08.F.15_01,22,2670.0,3046.0,2858.0
n1_TS,n1,TS,tai50_20_08.F.15_01,23,2647.0,3023.0,2835.0
n1_TS,n1,TS,tai50_20_08.F.15_01,24,2691.0,3053.0,2872.0
n1_TS,n1,TS,tai50_20_08.F.15_01,25,2652.0,3054.0,2853.0
n1_TS,n1,TS,tai50_20_08.F.15_01,26,2680.0,3058.0,2869.0
n1_TS,n1,TS,tai50_20_08.F.15_01,27,2748.0,3118.0,2933.0
n1_TS,n1,TS,tai50_20_08.F.15_01,28,2666.0,3039.0,2852.5
n1_TS,n1,TS,tai50_20_08.F.15_01,29,2663.0,3041.0,2852.0
n1_TS,n1,TS,tai50_20_08.F.15_01,30,2801.0,3155.0,2978.0
n1_TS,n1,TS,tai50_20_09.F.15_01,1,2880.0,3345.0,3112.5
n1_TS,n1,TS,tai50_20_09.F.15_01,2,2867.0,3323.0,3095.0
n1_TS,n1,TS,tai50_20_09.F.15_01,3,2871.0,3335.0,3103.0
n1_TS,n1,TS,tai50_20_09.F.15_01,4,2891.0,3344.0,3117.5
n1_TS,n1,TS,tai50_20_09.F.15_01,5,2850.0,3304.0,3077.0
n1_TS,n1,TS,tai50_20_09.F.15_01,6,2904.0,3358.0,3131.0
n1_TS,n1,TS,tai50_20_09.F.15_01,7,2870.0,3311.0,3090.5
n1_TS,n1,TS,tai50_20_09.F.15_01,8,2929.0,3373.0,3151.0
n1_TS,n1,TS,tai50_20_09.F.15_01,9,2925.0,3350.0,3137.5
n1_TS,n1,TS,tai50_20_09.F.15_01,10,2928.0,3390.0,3159.0
n1_TS,n1,TS,tai50_20_09.F.15_01,11,2962.0,3428.0,3195.0
n1_TS,n1,TS,tai50_20_09.F.15_01,12,2919.0,3380.0,3149.5
n1_TS,n1,TS,tai50_20_09.F.15_01,13,2903.0,3365.0,3134.0
n1_TS,n1,TS,tai50_20_09.F.15_01,14,2911.0,3363.0,3137.0
n1_TS,n1,TS,tai50_20_09.F.15_01,15,2926.0,3372.0,3149.0
n1_TS,n1,TS,tai50_20_09.F.15_01,16,2953.0,3405.0,3179.0
n1_TS,n1,TS,tai50_20_09.F.15_01,17,2914.0,3390.0,3152.0
n1_TS,n1,TS,tai50_20_09.F.15_01,18,2941.0,3424.0,3182.5
n1_TS,n1,TS,tai50_20_09.F.15_01,19,2939.0,3390.0,3164.5
n1_TS,n1,TS,tai50_20_09.F.15_01,20,2938.0,3404.0,3171.0
n1_TS,n1,TS,tai50_20_09.F.15_01,21,2937.0,3385.0,3161.0
n1_TS,n1,TS,tai50_20_09.F.15_01,22,2903.0,3369.0,3136.0
n1_TS,n1,TS,tai50_20_09.F.15_01,23,2988.0,3434.0,3211.0
n1_TS,n1,TS,tai50_20_09.F.15_01,24,2882.0,3344.0,3113.0
n1_TS,n1,TS,tai50_20_09.F.15_01,25,2886.0,3336.0,3111.0
n1_TS,n1,TS,tai50_20_09.F.15_01,26,2911.0,3359.0,3135.0
n1_TS,n1,TS,tai50_20_09.F.15_01,27,2865.0,3314.0,3089.5
n1_TS,n1,TS,tai50_20_09.F.15_01,28,2871.0,3312.0,3091.5
n1_TS,n1,TS,tai50_20_09.F.15_01,29,2988.0,3434.0,3211.0
n1_TS,n1,TS,tai50_20_09.F.15_01,30,2885.0,3336.0,3110.5
n1_TS,n1,TS,tai50_20_10.F.15_01,1,2952.0,3390.0,3171.0
n1_TS,n1,TS,tai50_20_10.F.15_01,2,2984.0,3402.0,3193.0
n1_TS,n1,TS,tai50_20_10.F.15_01,3,2890.0,3314.0,3102.0
n1_TS,n1,TS,tai50_20_10.F.15_01,4,2996.0,3439.0,3217.5
n1_TS,n1,TS,tai50_20_10.F.15_01,5,2923.0,3341.0,3132.0
n1_TS,n1,TS,tai50_20_10.F.15_01,6,2963.0,3382.0,3172.5
n1_TS,n1,TS,tai50_20_10.F.15_01,7,2995.0,3420.0,3207.5
n1_TS,n1,TS,tai50_20_10.F.15_01,8,2983.0,3424.0,3203.5
n1_TS,n1,TS,tai50_20_10.F.15_01,9,2979.0,3381.0,3180.0
n1_TS,n1,TS,tai50_20_10.F.15_01,10,2908.0,3328.0,3118.0
n1_TS,n1,TS,tai50_20_10.F.15_01,11,2959.0,3352.0,3155.5
n1_TS,n1,TS,tai50_20_10.F.15_01,12,3005.0,3411.0,3208.0
n1_TS,n1,TS,tai50_20_10.F.15_01,13,2996.0,3392.0,3194.0
n1_TS,n1,TS,tai50_20_10.F.15_01,14,2936.0,3372.0,3154.0
n1_TS,n1,TS,tai50_20_10.F.15_01,15,2907.0,3336.0,3121.5
n1_TS,n1,TS,tai50_20_10.F.15_01,16,2971.0,3384.0,3177.5
n1_TS,n1,TS,tai50_20_10.F.15_01,17,2993.0,3444.0,3218.5
n1_TS,n1,TS,tai50_20_10.F.15_01,18,2947.0,3391.0,3169.0
n1_TS,n1,TS,tai50_20_10.F.15_01,19,2943.0,3399.0,3171.0
n1_TS,n1,TS,tai50_20_10.F.15_01,20,3043.0,3437.0,3240.0
n1_TS,n1,TS,tai50_20_10.F.15_01,21,2913.0,3335.0,3124.0
n1_TS,n1,TS,tai50_20_10.F.15_01,22,2931.0,3356.0,3143.5
n1_TS,n1,TS,tai50_20_10.F.15_01,23,2954.0,3392.0,3173.0
n1_TS,n1,TS,tai50_20_10.F.15_01,24,3012.0,3438.0,3225.0
n1_TS,n1,TS,tai50_20_10.F.15_01,25,3007.0,3445.0,3226.0
n1_TS,n1,TS,tai50_20_10.F.15_01,26,2984.0,3388.0,3186.0
n1_TS,n1,TS,tai50_20_10.F.15_01,27,2983.0,3423.0,3203.0
n1_TS,n1,TS,tai50_20_10.F.15_01,28,2921.0,3364.0,3142.5
n1_TS,n1,TS,tai50_20_10.F.15_01,29,2936.0,3380.0,3158.0
n1_TS,n1,TS,tai50_20_10.F.15_01,30,2995.0,3424.0,3209.5
n2_TS,n2,TS,F0.15.0.abz7_06,1,636.0,717.0,676.5
n2_TS,n2,TS,F0.15.0.abz7_06,2,636.0,714.0,675.0
n2_TS,n2,TS,F0.15.0.abz7_06,3,636.0,709.0,672.5
n2_TS,n2,TS,F0.15.0.abz7_06,4,640.0,719.0,679.5
n2_TS,n2,TS,F0.15.0.abz7_06,5,625.0,712.0,668.5
n2_TS,n2,TS,F0.15.0.abz7_06,6,641.0,717.0,679.0
n2_TS,n2,TS,F0.15.0.abz7_06,7,636.0,717.0,676.5
n2_TS,n2,TS,F0.15.0.abz7_06,8,636.0,717.0,676.5
n2_TS,n2,TS,F0.15.0.abz7_06,9,636.0,717.0,676.5
n2_TS,n2,TS,F0.15.0.abz7_06,10,636.0,712.0,674.0
n2_TS,n2,TS,F0.15.0.abz7_06,11,646.0,715.0,680.5
n2_TS,n2,TS,F0.15.0.abz7_06,12,632.0,721.0,676.5
n2_TS,n2,TS,F0.15.0.abz7_06,13,632.0,716.0,674.0
n2_TS,n2,TS,F0.15.0.abz7_06,14,639.0,718.0,678.5
n2_TS,n2,TS,F0.15.0.abz7_06,15,626.0,715.0,670.5
n2_TS,n2,TS,F0.15.0.abz7_06,16,636.0,712.0,674.0
n2_TS,n2,TS,F0.15.0.abz7_06,17,632.0,713.0,672.5
n2_TS,n2,TS,F0.15.0.abz7_06,18,641.0,719.0,680.0
n2_TS,n2,TS,F0.15.0.abz7_06,19,636.0,720.0,678.0
n2_TS,n2,TS,F0.15.0.abz7_06,20,623.0,713.0,668.0
n2_TS,n2,TS,F0.15.0.abz7_06,21,633.0,723.0,678.0
n2_TS,n2,TS,F0.15.0.abz7_06,22,636.0,717.0,676.5
n2_TS,n2,TS,F0.15.0.abz7_06,23,636.0,717.0,676.5
n2_TS,n2,TS,F0.15.0.abz7_06,24,639.0,716.0,677.5
n2_TS,n2,TS,F0.15.0.abz7_06,25,631.0,715.0,673.0
n2_TS,n2,TS,F0.15.0.abz7_06,26,632.0,718.0,675.0
n2_TS,n2,TS,F0.15.0.abz7_06,27,636.0,720.0,678.0
n2_TS,n2,TS,F0.15.0.abz7_06,28,632.0,716.0,674.0
n2_TS,n2,TS,F0.15.0.abz7_06,29,643.0,720.0,681.5
n2_TS,n2,TS,F0.15.0.abz7_06,30,637.0,722.0,679.5
n2_TS,n2,TS,F0.15.0.abz8_05,1,646.0,722.0,684.0
n2_TS,n2,TS,F0.15.0.abz8_05,2,657.0,737.0,697.0
n2_TS,n2,TS,F0.15.0.abz8_05,3,657.0,727.0,692.0
n2_TS,n2,TS,F0.15.0.abz8_05,4,646.0,716.0,681.0
n2_TS,n2,TS,F0.15.0.abz8_05,5,646.0,724.0,685.0
n2_TS,n2,TS,F0.15.0.abz8_05,6,664.0,722.0,693.0
n2_TS,n2,TS,F0.15.0.abz8_05,7,660.0,728.0,694.0
n2_TS,n2,TS,F0.15.0.abz8_05,8,650.0,728.0,689.0
n2_TS,n2,TS,F0.15.0.abz8_05,9,654.0,718.0,686.0
n2_TS,n2,TS,F0.15.0.abz8_05,10,657.0,720.0,688.5
n2_TS,n2,TS,F0.15.0.abz8_05,11,643.0,715.0,679.0
n2_TS,n2,TS,F0.15.0.abz8_05,12,653.0,723.0,688.0
n2_TS,n2,TS,F0.15.0.abz8_05,13,658.0,724.0,691.0
n2_TS,n2,TS,F0.15.0.abz8_05,14,653.0,723.0,688.0
n2_TS,n2,TS,F0.15.0.abz8_05,15,654.0,727.0,690.5
n2_TS,n2,TS,F0.15.0.abz8_05,16,650.0,722.0,686.0
n2_TS,n2,TS,F0.15.0.abz8_05,17,657.0,723.0,690.0
n2_TS,n2,TS,F0.15.0.abz8_05,18,667.0,726.0,696.5
n2_TS,n2,TS,F0.15.0.abz8_05,19,657.0,721.0,689.0
n2_TS,n2,TS,F0.15.0.abz8_05,20,650.0,722.0,686.0
n2_TS,n2,TS,F0.15.0.abz8_05,21,652.0,719.0,685.5
n2_TS,n2,TS,F0.15.0.abz8_05,22,652.0,715.0,683.5
n2_TS,n2,TS,F0.15.0.abz8_05,23,660.0,727.0,693.5
n2_TS,n2,TS,F0.15.0.abz8_05,24,656.0,725.0,690.5
n2_TS,n2,TS,F0.15.0.abz8_05,25,640.0,708.0,674.0
n2_TS,n2,TS,F0.15.0.abz8_05,26,649.0,715.0,682.0
n2_TS,n2,TS,F0.15.0.abz8_05,27,653.0,725.0,689.0
n2_TS,n2,TS,F0.15.0.abz8_05,28,653.0,723.0,688.0
n2_TS,n2,TS,F0.15.0.abz8_05,29,656.0,729.0,692.5
n2_TS,n2,TS,F0.15.0.abz8_05,30,648.0,716.0,682.0
n2_TS,n2,TS,F0.15.0.abz9_10,1,666.0,738.0,702.0
n2_TS,n2,TS,F0.15.0.abz9_10,2,682.0,743.0,712.5
n2_TS,n2,TS,F0.15.0.abz9_10,3,658.0,731.0,694.5
n2_TS,n2,TS,F0.15.0.abz9_10,4,664.0,734.0,699.0
n2_TS,n2,TS,F0.15.0.abz9_10,5,673.0,738.0,705.5
n2_TS,n2,TS,F0.15.0.abz9_10,6,665.0,735.0,700.0
n2_TS,n2,TS,F0.15.0.abz9_10,7,666.0,738.0,702.0
n2_TS,n2,TS,F0.15.0.abz9_10,8,669.0,738.0,703.5
n2_TS,n2,TS,F0.15.0.abz9_10,9,657.0,738.0,697.5
n2_TS,n2,TS,F0.15.0.abz9_10,10,668.0,744.0,706.0
n2_TS,n2,TS,F0.15.0.abz9_10,11,669.0,739.0,704.0
n2_TS,n2,TS,F0.15.0.abz9_10,12,663.0,728.0,695.5
n2_TS,n2,TS,F0.15.0.abz9_10,13,662.0,735.0,698.5
n2_TS,n2,TS,F0.15.0.abz9_10,14,668.0,736.0,702.0
n2_TS,n2,TS,F0.15.0.abz9_10,15,668.0,739.0,703.5
n2_TS,n2,TS,F0.15.0.abz9_10,16,670.0,731.0,700.5
n2_TS,n2,TS,F0.15.0.abz9_10,17,679.0,737.0,708.0
n2_TS,n2,TS,F0.15.0.abz9_10,18,661.0,738.0,699.5
n2_TS,n2,TS,F0.15.0.abz9_10,19,664.0,735.0,699.5
n2_TS,n2,TS,F0.15.0.abz9_10,20,677.0,746.0,711.5
n2_TS,n2,TS,F0.15.0.abz9_10,21,669.0,731.0,700.0
n2_TS,n2,TS,F0.15.0.abz9_10,22,667.0,741.0,704.0
n2_TS,n2,TS,F0.15.0.abz9_10,23,668.0,738.0,703.0
n2_TS,n2,TS,F0.15.0.abz9_10,24,668.0,738.0,703.0
n2_TS,n2,TS,F0.15.0.abz9_10,25,670.0,737.0,703.5
n2_TS,n2,TS,F0.15.0.abz9_10,26,669.0,736.0,702.5
n2_TS,n2,TS,F0.15.0.abz9_10,27,676.0,729.0,702.5
n2_TS,n2,TS,F0.15.0.abz9_10,28,677.0,752.0,714.5
n2_TS,n2,TS,F0.15.0.abz9_10,29,666.0,729.0,697.5
n2_TS,n2,TS,F0.15.0.abz9_10,30,671.0,739.0,705.0
n2_TS,n2,TS,F0.15.0.ft10_10,1,890.0,990.0,940.0
n2_TS,n2,TS,F0.15.0.ft10_10,2,882.0,989.0,935.5
n2_TS,n2,TS,F0.15.0.ft10_10,3,882.0,989.0,935.5
n2_TS,n2,TS,F0.15.0.ft10_10,4,882.0,989.0,935.5
n2_TS,n2,TS,F0.15.0.ft10_10,5,882.0,989.0,935.5
n2_TS,n2,TS,F0.15.0.ft10_10,6,890.0,990.0,940.0
n2_TS,n2,TS,F0.15.0.ft10_10,7,905.0,993.0,949.0
n2_TS,n2,TS,F0.15.0.ft10_10,8,895.0,997.0,946.0
n2_TS,n2,TS,F0.15.0.ft10_10,9,890.0,990.0,940.0
n2_TS,n2,TS,F0.15.0.ft10_10,10,890.0,990.0,940.0
n2_TS,n2,TS,F0.15.0.ft10_10,11,882.0,989.0,935.5
n2_TS,n2,TS,F0.15.0.ft10_10,12,882.0,989.0,935.5
n2_TS,n2,TS,F0.15.0.ft10_10,13,882.0,989.0,935.5
n2_TS,n2,TS,F0.15.0.ft10_10,14,882.0,989.0,935.5
n2_TS,n2,TS,F0.15.0.ft10_10,15,890.0,990.0,940.0
n2_TS,n2,TS,F0.15.0.ft10_10,16,905.0,993.0,949.0
n2_TS,n2,TS,F0.15.0.ft10_10,17,905.0,993.0,949.0
n2_TS,n2,TS,F0.15.0.ft10_10,18,882.0,989.0,935.5
n2_TS,n2,TS,F0.15.0.ft10_10,19,895.0,997.0,946.0
n2_TS,n2,TS,F0.15.0.ft10_10,20,905.0,993.0,949.0
n2_TS,n2,TS,F0.15.0.ft10_10,21,890.0,990.0,940.0
n2_TS,n2,TS,F0.15.0.ft10_10,22,882.0,989.0,935.5
n2_TS,n2,TS,F0.15.0.ft10_10,23,882.0,989.0,935.5
n2_TS,n2,TS,F0.15.0.ft10_10,24,882.0,989.0,935.5
n2_TS,n2,TS,F0.15.0.ft10_10,25,882.0,989.0,935.5
n2_TS,n2,TS,F0.15.0.ft10_10,26,890.0,990.0,940.0
n2_TS,n2,TS,F0.15.0.ft10_10,27,890.0,990.0,940.0
n2_TS,n2,TS,F0.15.0.ft10_10,28,882.0,989.0,935.5
n2_TS,n2,TS,F0.15.0.ft10_10,29,882.0,989.0,935.5
n2_TS,n2,TS,F0.15.0.ft10_10,30,882.0,989.0,935.5
n2_TS,n2,TS,F0.15.0.ft20_05,1,1101.0,1245.0,1173.0
n2_TS,n2,TS,F0.15.0.ft20_05,2,1094.0,1238.0,1166.0
n2_TS,n2,TS,F0.15.0.ft20_05,3,1094.0,1238.0,1166.0
n2_TS,n2,TS,F0.15.0.ft20_05,4,1094.0,1238.0,1166.0
n2_TS,n2,TS,F0.15.0.ft20_05,5,1101.0,1245.0,1173.0
n2_TS,n2,TS,F0.15.0.ft20_05,6,1094.0,1238.0,1166.0
n2_TS,n2,TS,F0.15.0.ft20_05,7,1094.0,1238.0,1166.0
n2_TS,n2,TS,F0.15.0.ft20_05,8,1101.0,1245.0,1173.0
n2_TS,n2,TS,F0.15.0.ft20_05,9,1094.0,1238.0,1166.0
n2_TS,n2,TS,F0.15.0.ft20_05,10,1094.0,1238.0,1166.0
n2_TS,n2,TS,F0.15.0.ft20_05,11,1094.0,1238.0,1166.0
n2_TS,n2,TS,F0.15.0.ft20_05,12,1094.0,1238.0,1166.0
n2_TS,n2,TS,F0.15.0.ft20_05,13,1094.0,1238.0,1166.0
n2_TS,n2,TS,F0.15.0.ft20_05,14,1094.0,1238.0,1166.0
n2_TS,n2,TS,F0.15.0.ft20_05,15,1094.0,1238.0,1166.0
n2_TS,n2,TS,F0.15.0.ft20_05,16,1094.0,1238.0,1166.0
n2_TS,n2,TS,F0.15.0.ft20_05,17,1101.0,1245.0,1173.0
n2_TS,n2,TS,F0.15.0.ft20_05,18,1094.0,1238.0,1166.0
n2_TS,n2,TS,F0.15.0.ft20_05,19,1094.0,1238.0,1166.0
n2_TS,n2,TS,F0.15.0.ft20_05,20,1094.0,1238.0,1166.0
n2_TS,n2,TS,F0.15.0.ft20_05,21,1094.0,1238.0,1166.0
n2_TS,n2,TS,F0.15.0.ft20_05,22,1094.0,1238.0,1166.0
n2_TS,n2,TS,F0.15.0.ft20_05,23,1094.0,1238.0,1166.0
n2_TS,n2,TS,F0.15.0.ft20_05,24,1094.0,1238.0,1166.0
n2_TS,n2,TS,F0.15.0.ft20_05,25,1094.0,1238.0,1166.0
n2_TS,n2,TS,F0.15.0.ft20_05,26,1106.0,1250.0,1178.0
n2_TS,n2,TS,F0.15.0.ft20_05,27,1094.0,1238.0,1166.0
n2_TS,n2,TS,F0.15.0.ft20_05,28,1094.0,1238.0,1166.0
n2_TS,n2,TS,F0.15.0.ft20_05,29,1106.0,1250.0,1178.0
n2_TS,n2,TS,F0.15.0.ft20_05,30,1094.0,1238.0,1166.0
n2_TS,n2,TS,F0.15.0.la21_04,1,996.0,1122.0,1059.0
n2_TS,n2,TS,F0.15.0.la21_04,2,996.0,1122.0,1059.0
n2_TS,n2,TS,F0.15.0.la21_04,3,996.0,1122.0,1059.0
n2_TS,n2,TS,F0.15.0.la21_04,4,996.0,1122.0,1059.0
n2_TS,n2,TS,F0.15.0.la21_04,5,996.0,1122.0,1059.0
n2_TS,n2,TS,F0.15.0.la21_04,6,1004.0,1134.0,1069.0
n2_TS,n2,TS,F0.15.0.la21_04,7,996.0,1122.0,1059.0
n2_TS,n2,TS,F0.15.0.la21_04,8,996.0,1122.0,1059.0
n2_TS,n2,TS,F0.15.0.la21_04,9,996.0,1122.0,1059.0
n2_TS,n2,TS,F0.15.0.la21_04,10,996.0,1122.0,1059.0
n2_TS,n2,TS,F0.15.0.la21_04,11,982.0,1122.0,1052.0
n2_TS,n2,TS,F0.15.0.la21_04,12,996.0,1122.0,1059.0
n2_TS,n2,TS,F0.15.0.la21_04,13,996.0,1122.0,1059.0
n2_TS,n2,TS,F0.15.0.la21_04,14,996.0,1122.0,1059.0
n2_TS,n2,TS,F0.15.0.la21_04,15,996.0,1122.0,1059.0
n2_TS,n2,TS,F0.15.0.la21_04,16,996.0,1122.0,1059.0
n2_TS,n2,TS,F0.15.0.la21_04,17,996.0,1122.0,1059.0
n2_TS,n2,TS,F0.15.0.la21_04,18,1011.0,1133.0,1072.0
n2_TS,n2,TS,F0.15.0.la21_04,19,1011.0,1132.0,1071.5
n2_TS,n2,TS,F0.15.0.la21_04,20,982.0,1122.0,1052.0
n2_TS,n2,TS,F0.15.0.la21_04,21,996.0,1122.0,1059.0
n2_TS,n2,TS,F0.15.0.la21_04,22,996.0,1122.0,1059.0
n2_TS,n2,TS,F0.15.0.la21_04,23,997.0,1141.0,1069.0
n2_TS,n2,TS,F0.15.0.la21_04,24,985.0,1138.0,1061.5
n2_TS,n2,TS,F0.15.0.la21_04,25,982.0,1122.0,1052.0
n2_TS,n2,TS,F0.15.0.la21_04,26,996.0,1130.0,1063.0
n2_TS,n2,TS,F0.15.0.la21_04,27,996.0,1122.0,1059.0
n2_TS,n2,TS,F0.15.0.la21_04,28,1012.0,1134.0,1073.0
n2_TS,n2,TS,F0.15.0.la21_04,29,996.0,1122.0,1059.0
n2_TS,n2,TS,F0.15.0.la21_04,30,996.0,1122.0,1059.0
n2_TS,n2,TS,F0.15.0.la24_03,1,873.0,1012.0,942.5
n2_TS,n2,TS,F0.15.0.la24_03,2,880.0,1013.0,946.5
n2_TS,n2,TS,F0.15.0.la24_03,3,876.0,1013.0,944.5
n2_TS,n2,TS,F0.15.0.la24_03,4,883.0,1015.0,949.0
n2_TS,n2,TS,F0.15.0.la24_03,5,876.0,1013.0,944.5
n2_TS,n2,TS,F0.15.0.la24_03,6,900.0,1016.0,958.0
n2_TS,n2,TS,F0.15.0.la24_03,7,876.0,1013.0,944.5
n2_TS,n2,TS,F0.15.0.la24_03,8,901.0,1018.0,959.5
n2_TS,n2,TS,F0.15.0.la24_03,9,895.0,1018.0,956.5
n2_TS,n2,TS,F0.15.0.la24_03,10,888.0,1015.0,951.5
n2_TS,n2,TS,F0.15.0.la24_03,11,876.0,1013.0,944.5
n2_TS,n2,TS,F0.15.0.la24_03,12,876.0,1013.0,944.5
n2_TS,n2,TS,F0.15.0.la24_03,13,876.0,1013.0,944.5
n2_TS,n2,TS,F0.15.0.la24_03,14,876.0,1013.0,944.5
n2_TS,n2,TS,F0.15.0.la24_03,15,876.0,1013.0,944.5
n2_TS,n2,TS,F0.15.0.la24_03,16,899.0,1013.0,956.0
n2_TS,n2,TS,F0.15.0.la24_03,17,876.0,1013.0,944.5
n2_TS,n2,TS,F0.15.0.la24_03,18,876.0,1013.0,944.5
n2_TS,n2,TS,F0.15.0.la24_03,19,876.0,1013.0,944.5
n2_TS,n2,TS,F0.15.0.la24_03,20,876.0,1013.0,944.5
n2_TS,n2,TS,F0.15.0.la24_03,21,880.0,1013.0,946.5
n2_TS,n2,TS,F0.15.0.la24_03,22,876.0,1013.0,944.5
n2_TS,n2,TS,F0.15.0.la24_03,23,888.0,1015.0,951.5
n2_TS,n2,TS,F0.15.0.la24_03,24,896.0,1015.0,955.5
n2_TS,n2,TS,F0.15.0.la24_03,25,876.0,1013.0,944.5
n2_TS,n2,TS,F0.15.0.la24_03,26,883.0,1015.0,949.0
n2_TS,n2,TS,F0.15.0.la24_03,27,889.0,1012.0,950.5
n2_TS,n2,TS,F0.15.0.la24_03,28,876.0,1013.0,944.5
n2_TS,n2,TS,F0.15.0.la24_03,29,876.0,1013.0,944.5
n2_TS,n2,TS,F0.15.0.la24_03,30,883.0,1015.0,949.0
n2_TS,n2,TS,F0.15.0.la25_04,1,913.0,1045.0,979.0
n2_TS,n2,TS,F0.15.0.la25_04,2,917.0,1052.0,984.5
n2_TS,n2,TS,F0.15.0.la25_04,3,942.0,1050.0,996.0
n2_TS,n2,TS,F0.15.0.la25_04,4,944.0,1045.0,994.5
n2_TS,n2,TS,F0.15.0.la25_04,5,942.0,1050.0,996.0
n2_TS,n2,TS,F0.15.0.la25_04,6,917.0,1052.0,984.5
n2_TS,n2,TS,F0.15.0.la25_04,7,942.0,1050.0,996.0
n2_TS,n2,TS,F0.15.0.la25_04,8,944.0,1045.0,994.5
n2_TS,n2,TS,F0.15.0.la25_04,9,917.0,1052.0,984.5
n2_TS,n2,TS,F0.15.0.la25_04,10,944.0,1045.0,994.5
n2_TS,n2,TS,F0.15.0.la25_04,11,917.0,1052.0,984.5
n2_TS,n2,TS,F0.15.0.la25_04,12,942.0,1050.0,996.0
n2_TS,n2,TS,F0.15.0.la25_04,13,916.0,1057.0,986.5
n2_TS,n2,TS,F0.15.0.la25_04,14,917.0,1052.0,984.5
n2_TS,n2,TS,F0.15.0.la25_04,15,917.0,1052.0,984.5
n2_TS,n2,TS,F0.15.0.la25_04,16,917.0,1052.0,984.5
n2_TS,n2,TS,F0.15.0.la25_04,17,917.0,1052.0,984.5
n2_TS,n2,TS,F0.15.0.la25_04,18,917.0,1052.0,984.5
n2_TS,n2,TS,F0.15.0.la25_04,19,917.0,1052.0,984.5
n2_TS,n2,TS,F0.15.0.la25_04,20,942.0,1051.0,996.5
n2_TS,n2,TS,F0.15.0.la25_04,21,917.0,1052.0,984.5
n2_TS,n2,TS,F0.15.0.la25_04,22,944.0,1051.0,997.5
n2_TS,n2,TS,F0.15.0.la25_04,23,944.0,1051.0,997.5
n2_TS,n2,TS,F0.15.0.la25_04,24,942.0,1050.0,996.0
n2_TS,n2,TS,F0.15.0.la25_04,25,942.0,1050.0,996.0
n2_TS,n2,TS,F0.15.0.la25_04,26,917.0,1052.0,984.5
n2_TS,n2,TS,F0.15.0.la25_04,27,948.0,1051.0,999.5
n2_TS,n2,TS,F0.15.0.la25_04,28,917.0,1052.0,984.5
n2_TS,n2,TS,F0.15.0.la25_04,29,917.0,1052.0,984.5
n2_TS,n2,TS,F0.15.0.la25_04,30,946.0,1045.0,995.5
n2_TS,n2,TS,F0.15.0.la27_09,1,1176.0,1335.0,1255.5
n2_TS,n2,TS,F0.15.0.la27_09,2,1179.0,1333.0,1256.0
n2_TS,n2,TS,F0.15.0.la27_09,3,1185.0,1327.0,1256.0
n2_TS,n2,TS,F0.15.0.la27_09,4,1170.0,1324.0,1247.0
n2_TS,n2,TS,F0.15.0.la27_09,5,1182.0,1337.0,1259.5
n2_TS,n2,TS,F0.15.0.la27_09,6,1179.0,1337.0,1258.0
n2_TS,n2,TS,F0.15.0.la27_09,7,1179.0,1333.0,1256.0
n2_TS,n2,TS,F0.15.0.la27_09,8,1176.0,1326.0,1251.0
n2_TS,n2,TS,F0.15.0.la27_09,9,1173.0,1329.0,1251.0
n2_TS,n2,TS,F0.15.0.la27_09,10,1173.0,1335.0,1254.0
n2_TS,n2,TS,F0.15.0.la27_09,11,1179.0,1333.0,1256.0
n2_TS,n2,TS,F0.15.0.la27_09,12,1179.0,1337.0,1258.0
n2_TS,n2,TS,F0.15.0.la27_09,13,1178.0,1326.0,1252.0
n2_TS,n2,TS,F0.15.0.la27_09,14,1183.0,1345.0,1264.0
n2_TS,n2,TS,F0.15.0.la27_09,15,1173.0,1329.0,1251.0
n2_TS,n2,TS,F0.15.0.la27_09,16,1184.0,1338.0,1261.0
n2_TS,n2,TS,F0.15.0.la27_09,17,1194.0,1329.0,1261.5
n2_TS,n2,TS,F0.15.0.la27_09,18,1184.0,1326.0,1255.0
n2_TS,n2,TS,F0.15.0.la27_09,19,1179.0,1333.0,1256.0
n2_TS,n2,TS,F0.15.0.la27_09,20,1179.0,1333.0,1256.0
n2_TS,n2,TS,F0.15.0.la27_09,21,1180.0,1344.0,1262.0
n2_TS,n2,TS,F0.15.0.la27_09,22,1166.0,1338.0,1252.0
n2_TS,n2,TS,F0.15.0.la27_09,23,1176.0,1349.0,1262.5
n2_TS,n2,TS,F0.15.0.la27_09,24,1179.0,1333.0,1256.0
n2_TS,n2,TS,F0.15.0.la27_09,25,1179.0,1333.0,1256.0
n2_TS,n2,TS,F0.15.0.la27_09,26,1179.0,1333.0,1256.0
n2_TS,n2,TS,F0.15.0.la27_09,27,1179.0,1333.0,1256.0
n2_TS,n2,TS,F0.15.0.la27_09,28,1176.0,1328.0,1252.0
n2_TS,n2,TS,F0.15.0.la27_09,29,1176.0,1329.0,1252.5
n2_TS,n2,TS,F0.15.0.la27_09,30,1185.0,1329.0,1257.0
n2_TS,n2,TS,F0.15.0.la29_03,1,1109.0,1262.0,1185.5
n2_TS,n2,TS,F0.15.0.la29_03,2,1113.0,1259.0,1186.0
n2_TS,n2,TS,F0.15.0.la29_03,3,1108.0,1250.0,1179.0
n2_TS,n2,TS,F0.15.0.la29_03,4,1121.0,1272.0,1196.5
n2_TS,n2,TS,F0.15.0.la29_03,5,1110.0,1253.0,1181.5
n2_TS,n2,TS,F0.15.0.la29_03,6,1116.0,1254.0,1185.0
n2_TS,n2,TS,F0.15.0.la29_03,7,1115.0,1277.0,1196.0
n2_TS,n2,TS,F0.15.0.la29_03,8,1112.0,1276.0,1194.0
n2_TS,n2,TS,F0.15.0.la29_03,9,1107.0,1247.0,1177.0
n2_TS,n2,TS,F0.15.0.la29_03,10,1119.0,1259.0,1189.0
n2_TS,n2,TS,F0.15.0.la29_03,11,1112.0,1266.0,1189.0
n2_TS,n2,TS,F0.15.0.la29_03,12,1135.0,1263.0,1199.0
n2_TS,n2,TS,F0.15.0.la29_03,13,1103.0,1246.0,1174.5
n2_TS,n2,TS,F0.15.0.la29_03,14,1099.0,1255.0,1177.0
n2_TS,n2,TS,F0.15.0.la29_03,15,1112.0,1244.0,1178.0
n2_TS,n2,TS,F0.15.0.la29_03,16,1106.0,1261.0,1183.5
n2_TS,n2,TS,F0.15.0.la29_03,17,1110.0,1256.0,1183.0
n2_TS,n2,TS,F0.15.0.la29_03,18,1109.0,1253.0,1181.0
n2_TS,n2,TS,F0.15.0.la29_03,19,1135.0,1267.0,1201.0
n2_TS,n2,TS,F0.15.0.la29_03,20,1103.0,1247.0,1175.0
n2_TS,n2,TS,F0.15.0.la29_03,21,1121.0,1251.0,1186.0
n2_TS,n2,TS,F0.15.0.la29_03,22,1120.0,1264.0,1192.0
n2_TS,n2,TS,F0.15.0.la29_03,23,1120.0,1261.0,1190.5
n2_TS,n2,TS,F0.15.0.la29_03,24,1113.0,1242.0,1177.5
n2_TS,n2,TS,F0.15.0.la29_03,25,1114.0,1259.0,1186.5
n2_TS,n2,TS,F0.15.0.la29_03,26,1112.0,1247.0,1179.5
n2_TS,n2,TS,F0.15.0.la29_03,27,1109.0,1247.0,1178.0
n2_TS,n2,TS,F0.15.0.la29_03,28,1121.0,1271.0,1196.0
n2_TS,n2,TS,F0.15.0.la29_03,29,1113.0,1240.0,1176.5
n2_TS,n2,TS,F0.15.0.la29_03,30,1106.0,1254.0,1180.0
n2_TS,n2,TS,F0.15.0.la38_06,1,1140.0,1289.0,1214.5
n2_TS,n2,TS,F0.15.0.la38_06,2,1145.0,1293.0,1219.0
n2_TS,n2,TS,F0.15.0.la38_06,3,1164.0,1289.0,1226.5
n2_TS,n2,TS,F0.15.0.la38_06,4,1126.0,1283.0,1204.5
n2_TS,n2,TS,F0.15.0.la38_06,5,1154.0,1291.0,1222.5
n2_TS,n2,TS,F0.15.0.la38_06,6,1126.0,1283.0,1204.5
n2_TS,n2,TS,F0.15.0.la38_06,7,1126.0,1283.0,1204.5
n2_TS,n2,TS,F0.15.0.la38_06,8,1170.0,1290.0,1230.0
n2_TS,n2,TS,F0.15.0.la38_06,9,1174.0,1304.0,1239.0
n2_TS,n2,TS,F0.15.0.la38_06,10,1142.0,1279.0,1210.5
n2_TS,n2,TS,F0.15.0.la38_06,11,1157.0,1314.0,1235.5
n2_TS,n2,TS,F0.15.0.la38_06,12,1126.0,1283.0,1204.5
n2_TS,n2,TS,F0.15.0.la38_06,13,1140.0,1289.0,1214.5
n2_TS,n2,TS,F0.15.0.la38_06,14,1126.0,1283.0,1204.5
n2_TS,n2,TS,F0.15.0.la38_06,15,1170.0,1290.0,1230.0
n2_TS,n2,TS,F0.15.0.la38_06,16,1140.0,1289.0,1214.5
n2_TS,n2,TS,F0.15.0.la38_06,17,1187.0,1293.0,1240.0
n2_TS,n2,TS,F0.15.0.la38_06,18,1151.0,1306.0,1228.5
n2_TS,n2,TS,F0.15.0.la38_06,19,1140.0,1289.0,1214.5
n2_TS,n2,TS,F0.15.0.la38_06,20,1140.0,1289.0,1214.5
n2_TS,n2,TS,F0.15.0.la38_06,21,1169.0,1292.0,1230.5
n2_TS,n2,TS,F0.15.0.la38_06,22,1152.0,1291.0,1221.5
n2_TS,n2,TS,F0.15.0.la38_06,23,1126.0,1283.0,1204.5
n2_TS,n2,TS,F0.15.0.la38_06,24,1149.0,1290.0,1219.5
n2_TS,n2,TS,F0.15.0.la38_06,25,1126.0,1283.0,1204.5
n2_TS,n2,TS,F0.15.0.la38_06,26,1182.0,1310.0,1246.0
n2_TS,n2,TS,F0.15.0.la38_06,27,1140.0,1289.0,1214.5
n2_TS,n2,TS,F0.15.0.la38_06,28,1140.0,1289.0,1214.5
n2_TS,n2,TS,F0.15.0.la38_06,29,1140.0,1289.0,1214.5
n2_TS,n2,TS,F0.15.0.la38_06,30,1144.0,1295.0,1219.5
n2_TS,n2,TS,F0.15.0.la40_05,1,1144.0,1326.0,1235.0
n2_TS,n2,TS,F0.15.0.la40_05,2,1144.0,1323.0,1233.5
n2_TS,n2,TS,F0.15.0.la40_05,3,1153.0,1315.0,1234.0
n2_TS,n2,TS,F0.15.0.la40_05,4,1144.0,1328.0,1236.0
n2_TS,n2,TS,F0.15.0.la40_05,5,1153.0,1315.0,1234.0
n2_TS,n2,TS,F0.15.0.la40_05,6,1144.0,1323.0,1233.5
n2_TS,n2,TS,F0.15.0.la40_05,7,1144.0,1328.0,1236.0
n2_TS,n2,TS,F0.15.0.la40_05,8,1144.0,1328.0,1236.0
n2_TS,n2,TS,F0.15.0.la40_05,9,1144.0,1323.0,1233.5
n2_TS,n2,TS,F0.15.0.la40_05,10,1144.0,1323.0,1233.5
n2_TS,n2,TS,F0.15.0.la40_05,11,1144.0,1323.0,1233.5
n2_TS,n2,TS,F0.15.0.la40_05,12,1144.0,1323.0,1233.5
n2_TS,n2,TS,F0.15.0.la40_05,13,1145.0,1316.0,1230.5
n2_TS,n2,TS,F0.15.0.la40_05,14,1153.0,1315.0,1234.0
n2_TS,n2,TS,F0.15.0.la40_05,15,1144.0,1323.0,1233.5
n2_TS,n2,TS,F0.15.0.la40_05,16,1144.0,1328.0,1236.0
n2_TS,n2,TS,F0.15.0.la40_05,17,1144.0,1328.0,1236.0
n2_TS,n2,TS,F0.15.0.la40_05,18,1149.0,1337.0,1243.0
n2_TS,n2,TS,F0.15.0.la40_05,19,1144.0,1323.0,1233.5
n2_TS,n2,TS,F0.15.0.la40_05,20,1144.0,1323.0,1233.5
n2_TS,n2,TS,F0.15.0.la40_05,21,1144.0,1323.0,1233.5
n2_TS,n2,TS,F0.15.0.la40_05,22,1144.0,1323.0,1233.5
n2_TS,n2,TS,F0.15.0.la40_05,23,1145.0,1328.0,1236.5
n2_TS,n2,TS,F0.15.0.la40_05,24,1156.0,1337.0,1246.5
n2_TS,n2,TS,F0.15.0.la40_05,25,1156.0,1337.0,1246.5
n2_TS,n2,TS,F0.15.0.la40_05,26,1144.0,1323.0,1233.5
n2_TS,n2,TS,F0.15.0.la40_05,27,1144.0,1323.0,1233.5
n2_TS,n2,TS,F0.15.0.la40_05,28,1156.0,1313.0,1234.5
n2_TS,n2,TS,F0.15.0.la40_05,29,1155.0,1316.0,1235.5
n2_TS,n2,TS,F0.15.0.la40_05,30,1144.0,1323.0,1233.5
n2_TS,n2,TS,tai15_15_01.F.15_01,1,1175.0,1332.0,1253.5
n2_TS,n2,TS,tai15_15_01.F.15_01,2,1150.0,1344.0,1247.0
n2_TS,n2,TS,tai15_15_01.F.15_01,3,1175.0,1332.0,1253.5
n2_TS,n2,TS,tai15_15_01.F.15_01,4,1175.0,1332.0,1253.5
n2_TS,n2,TS,tai15_15_01.F.15_01,5,1179.0,1358.0,1268.5
n2_TS,n2,TS,tai15_15_01.F.15_01,6,1175.0,1332.0,1253.5
n2_TS,n2,TS,tai15_15_01.F.15_01,7,1149.0,1344.0,1246.5
n2_TS,n2,TS,tai15_15_01.F.15_01,8,1150.0,1344.0,1247.0
n2_TS,n2,TS,tai15_15_01.F.15_01,9,1175.0,1332.0,1253.5
n2_TS,n2,TS,tai15_15_01.F.15_01,10,1175.0,1332.0,1253.5
n2_TS,n2,TS,tai15_15_01.F.15_01,11,1162.0,1334.0,1248.0
n2_TS,n2,TS,tai15_15_01.F.15_01,12,1175.0,1332.0,1253.5
n2_TS,n2,TS,tai15_15_01.F.15_01,13,1183.0,1347.0,1265.0
n2_TS,n2,TS,tai15_15_01.F.15_01,14,1175.0,1332.0,1253.5
n2_TS,n2,TS,tai15_15_01.F.15_01,15,1175.0,1332.0,1253.5
n2_TS,n2,TS,tai15_15_01.F.15_01,16,1180.0,1341.0,1260.5
n2_TS,n2,TS,tai15_15_01.F.15_01,17,1175.0,1332.0,1253.5
n2_TS,n2,TS,tai15_15_01.F.15_01,18,1175.0,1332.0,1253.5
n2_TS,n2,TS,tai15_15_01.F.15_01,19,1175.0,1332.0,1253.5
n2_TS,n2,TS,tai15_15_01.F.15_01,20,1175.0,1332.0,1253.5
n2_TS,n2,TS,tai15_15_01.F.15_01,21,1174.0,1351.0,1262.5
n2_TS,n2,TS,tai15_15_01.F.15_01,22,1175.0,1332.0,1253.5
n2_TS,n2,TS,tai15_15_01.F.15_01,23,1162.0,1334.0,1248.0
n2_TS,n2,TS,tai15_15_01.F.15_01,24,1162.0,1353.0,1257.5
n2_TS,n2,TS,tai15_15_01.F.15_01,25,1166.0,1352.0,1259.0
n2_TS,n2,TS,tai15_15_01.F.15_01,26,1175.0,1332.0,1253.5
n2_TS,n2,TS,tai15_15_01.F.15_01,27,1162.0,1334.0,1248.0
n2_TS,n2,TS,tai15_15_01.F.15_01,28,1175.0,1332.0,1253.5
n2_TS,n2,TS,tai15_15_01.F.15_01,29,1175.0,1332.0,1253.5
n2_TS,n2,TS,tai15_15_01.F.15_01,30,1162.0,1334.0,1248.0
n2_TS,n2,TS,tai15_15_02.F.15_01,1,1184.0,1337.0,1260.5
n2_TS,n2,TS,tai15_15_02.F.15_01,2,1192.0,1349.0,1270.5
n2_TS,n2,TS,tai15_15_02.F.15_01,3,1162.0,1348.0,1255.0
n2_TS,n2,TS,tai15_15_02.F.15_01,4,1179.0,1339.0,1259.0
n2_TS,n2,TS,tai15_15_02.F.15_01,5,1184.0,1337.0,1260.5
n2_TS,n2,TS,tai15_15_02.F.15_01,6,1164.0,1346.0,1255.0
n2_TS,n2,TS,tai15_15_02.F.15_01,7,1172.0,1351.0,1261.5
n2_TS,n2,TS,tai15_15_02.F.15_01,8,1183.0,1349.0,1266.0
n2_TS,n2,TS,tai15_15_02.F.15_01,9,1152.0,1348.0,1250.0
n2_TS,n2,TS,tai15_15_02.F.15_01,10,1216.0,1344.0,1280.0
n2_TS,n2,TS,tai15_15_02.F.15_01,11,1184.0,1337.0,1260.5
n2_TS,n2,TS,tai15_15_02.F.15_01,12,1199.0,1366.0,1282.5
n2_TS,n2,TS,tai15_15_02.F.15_01,13,1165.0,1348.0,1256.5
n2_TS,n2,TS,tai15_15_02.F.15_01,14,1178.0,1361.0,1269.5
n2_TS,n2,TS,tai15_15_02.F.15_01,15,1196.0,1340.0,1268.0
n2_TS,n2,TS,tai15_15_02.F.15_01,16,1176.0,1351.0,1263.5
n2_TS,n2,TS,tai15_15_02.F.15_01,17,1172.0,1351.0,1261.5
n2_TS,n2,TS,tai15_15_02.F.15_01,18,1216.0,1344.0,1280.0
n2_TS,n2,TS,tai15_15_02.F.15_01,19,1185.0,1363.0,1274.0
n2_TS,n2,TS,tai15_15_02.F.15_01,20,1172.0,1351.0,1261.5
n2_TS,n2,TS,tai15_15_02.F.15_01,21,1178.0,1344.0,1261.0
n2_TS,n2,TS,tai15_15_02.F.15_01,22,1179.0,1339.0,1259.0
n2_TS,n2,TS,tai15_15_02.F.15_01,23,1172.0,1351.0,1261.5
n2_TS,n2,TS,tai15_15_02.F.15_01,24,1188.0,1337.0,1262.5
n2_TS,n2,TS,tai15_15_02.F.15_01,25,1152.0,1342.0,1247.0
n2_TS,n2,TS,tai15_15_02.F.15_01,26,1184.0,1337.0,1260.5
n2_TS,n2,TS,tai15_15_02.F.15_01,27,1184.0,1337.0,1260.5
n2_TS,n2,TS,tai15_15_02.F.15_01,28,1178.0,1361.0,1269.5
n2_TS,n2,TS,tai15_15_02.F.15_01,29,1178.0,1361.0,1269.5
n2_TS,n2,TS,tai15_15_02.F.15_01,30,1226.0,1351.0,1288.5
n2_TS,n2,TS,tai15_15_03.F.15_01,1,1176.0,1313.0,1244.5
n2_TS,n2,TS,tai15_15_03.F.15_01,2,1187.0,1319.0,1253.0
n2_TS,n2,TS,tai15_15_03.F.15_01,3,1175.0,1319.0,1247.0
n2_TS,n2,TS,tai15_15_03.F.15_01,4,1173.0,1318.0,1245.5
n2_TS,n2,TS,tai15_15_03.F.15_01,5,1186.0,1313.0,1249.5
n2_TS,n2,TS,tai15_15_03.F.15_01,6,1191.0,1318.0,1254.5
n2_TS,n2,TS,tai15_15_03.F.15_01,7,1167.0,1319.0,1243.0
n2_TS,n2,TS,tai15_15_03.F.15_01,8,1173.0,1312.0,1242.5
n2_TS,n2,TS,tai15_15_03.F.15_01,9,1182.0,1310.0,1246.0
n2_TS,n2,TS,tai15_15_03.F.15_01,10,1183.0,1315.0,1249.0
n2_TS,n2,TS,tai15_15_03.F.15_01,11,1172.0,1324.0,1248.0
n2_TS,n2,TS,tai15_15_03.F.15_01,12,1181.0,1317.0,1249.0
n2_TS,n2,TS,tai15_15_03.F.15_01,13,1178.0,1313.0,1245.5
n2_TS,n2,TS,tai15_15_03.F.15_01,14,1173.0,1315.0,1244.0
n2_TS,n2,TS,tai15_15_03.F.15_01,15,1173.0,1312.0,1242.5
n2_TS,n2,TS,tai15_15_03.F.15_01,16,1173.0,1318.0,1245.5
n2_TS,n2,TS,tai15_15_03.F.15_01,17,1172.0,1311.0,1241.5
n2_TS,n2,TS,tai15_15_03.F.15_01,18,1173.0,1318.0,1245.5
n2_TS,n2,TS,tai15_15_03.F.15_01,19,1173.0,1312.0,1242.5
n2_TS,n2,TS,tai15_15_03.F.15_01,20,1173.0,1312.0,1242.5
n2_TS,n2,TS,tai15_15_03.F.15_01,21,1175.0,1319.0,1247.0
n2_TS,n2,TS,tai15_15_03.F.15_01,22,1191.0,1318.0,1254.5
n2_TS,n2,TS,tai15_15_03.F.15_01,23,1183.0,1323.0,1253.0
n2_TS,n2,TS,tai15_15_03.F.15_01,24,1187.0,1316.0,1251.5
n2_TS,n2,TS,tai15_15_03.F.15_01,25,1155.0,1320.0,1237.5
n2_TS,n2,TS,tai15_15_03.F.15_01,26,1165.0,1338.0,1251.5
n2_TS,n2,TS,tai15_15_03.F.15_01,27,1183.0,1323.0,1253.0
n2_TS,n2,TS,tai15_15_03.F.15_01,28,1173.0,1316.0,1244.5
n2_TS,n2,TS,tai15_15_03.F.15_01,29,1161.0,1308.0,1234.5
n2_TS,n2,TS,tai15_15_03.F.15_01,30,1173.0,1322.0,1247.5
n2_TS,n2,TS,tai15_15_04.F.15_01,1,1115.0,1281.0,1198.0
n2_TS,n2,TS,tai15_15_04.F.15_01,2,1115.0,1281.0,1198.0
n2_TS,n2,TS,tai15_15_04.F.15_01,3,1116.0,1277.0,1196.5
n2_TS,n2,TS,tai15_15_04.F.15_01,4,1102.0,1275.0,1188.5
n2_TS,n2,TS,tai15_15_04.F.15_01,5,1084.0,1275.0,1179.5
n2_TS,n2,TS,tai15_15_04.F.15_01,6,1083.0,1275.0,1179.0
n2_TS,n2,TS,tai15_15_04.F.15_01,7,1083.0,1275.0,1179.0
n2_TS,n2,TS,tai15_15_04.F.15_01,8,1109.0,1275.0,1192.0
n2_TS,n2,TS,tai15_15_04.F.15_01,9,1084.0,1275.0,1179.5
n2_TS,n2,TS,tai15_15_04.F.15_01,10,1099.0,1273.0,1186.0
n2_TS,n2,TS,tai15_15_04.F.15_01,11,1117.0,1280.0,1198.5
n2_TS,n2,TS,tai15_15_04.F.15_01,12,1111.0,1279.0,1195.0
n2_TS,n2,TS,tai15_15_04.F.15_01,13,1099.0,1273.0,1186.0
n2_TS,n2,TS,tai15_15_04.F.15_01,14,1099.0,1275.0,1187.0
n2_TS,n2,TS,tai15_15_04.F.15_01,15,1116.0,1277.0,1196.5
n2_TS,n2,TS,tai15_15_04.F.15_01,16,1084.0,1275.0,1179.5
n2_TS,n2,TS,tai15_15_04.F.15_01,17,1128.0,1281.0,1204.5
n2_TS,n2,TS,tai15_15_04.F.15_01,18,1099.0,1273.0,1186.0
n2_TS,n2,TS,tai15_15_04.F.15_01,19,1115.0,1281.0,1198.0
n2_TS,n2,TS,tai15_15_04.F.15_01,20,1128.0,1281.0,1204.5
n2_TS,n2,TS,tai15_15_04.F.15_01,21,1107.0,1279.0,1193.0
n2_TS,n2,TS,tai15_15_04.F.15_01,22,1084.0,1275.0,1179.5
n2_TS,n2,TS,tai15_15_04.F.15_01,23,1084.0,1275.0,1179.5
n2_TS,n2,TS,tai15_15_04.F.15_01,24,1107.0,1288.0,1197.5
n2_TS,n2,TS,tai15_15_04.F.15_01,25,1084.0,1275.0,1179.5
n2_TS,n2,TS,tai15_15_04.F.15_01,26,1102.0,1274.0,1188.0
n2_TS,n2,TS,tai15_15_04.F.15_01,27,1105.0,1280.0,1192.5
n2_TS,n2,TS,tai15_15_04.F.15_01,28,1128.0,1281.0,1204.5
n2_TS,n2,TS,tai15_15_04.F.15_01,29,1116.0,1277.0,1196.5
n2_TS,n2,TS,tai15_15_04.F.15_01,30,1102.0,1280.0,1191.0
n2_TS,n2,TS,tai15_15_05.F.15_01,1,1173.0,1319.0,1246.0
n2_TS,n2,TS,tai15_15_05.F.15_01,2,1178.0,1332.0,1255.0
n2_TS,n2,TS,tai15_15_05.F.15_01,3,1193.0,1309.0,1251.0
n2_TS,n2,TS,tai15_15_05.F.15_01,4,1167.0,1320.0,1243.5
n2_TS,n2,TS,tai15_15_05.F.15_01,5,1184.0,1331.0,1257.5
n2_TS,n2,TS,tai15_15_05.F.15_01,6,1193.0,1309.0,1251.0
n2_TS,n2,TS,tai15_15_05.F.15_01,7,1185.0,1331.0,1258.0
n2_TS,n2,TS,tai15_15_05.F.15_01,8,1199.0,1314.0,1256.5
n2_TS,n2,TS,tai15_15_05.F.15_01,9,1152.0,1322.0,1237.0
n2_TS,n2,TS,tai15_15_05.F.15_01,10,1190.0,1327.0,1258.5
n2_TS,n2,TS,tai15_15_05.F.15_01,11,1169.0,1317.0,1243.0
n2_TS,n2,TS,tai15_15_05.F.15_01,12,1187.0,1325.0,1256.0
n2_TS,n2,TS,tai15_15_05.F.15_01,13,1171.0,1324.0,1247.5
n2_TS,n2,TS,tai15_15_05.F.15_01,14,1180.0,1318.0,1249.0
n2_TS,n2,TS,tai15_15_05.F.15_01,15,1181.0,1324.0,1252.5
n2_TS,n2,TS,tai15_15_05.F.15_01,16,1193.0,1309.0,1251.0
n2_TS,n2,TS,tai15_15_05.F.15_01,17,1171.0,1324.0,1247.5
n2_TS,n2,TS,tai15_15_05.F.15_01,18,1174.0,1332.0,1253.0
n2_TS,n2,TS,tai15_15_05.F.15_01,19,1181.0,1328.0,1254.5
n2_TS,n2,TS,tai15_15_05.F.15_01,20,1169.0,1317.0,1243.0
n2_TS,n2,TS,tai15_15_05.F.15_01,21,1182.0,1315.0,1248.5
n2_TS,n2,TS,tai15_15_05.F.15_01,22,1193.0,1309.0,1251.0
n2_TS,n2,TS,tai15_15_05.F.15_01,23,1184.0,1330.0,1257.0
n2_TS,n2,TS,tai15_15_05.F.15_01,24,1193.0,1309.0,1251.0
n2_TS,n2,TS,tai15_15_05.F.15_01,25,1179.0,1323.0,1251.0
n2_TS,n2,TS,tai15_15_05.F.15_01,26,1193.0,1309.0,1251.0
n2_TS,n2,TS,tai15_15_05.F.15_01,27,1178.0,1332.0,1255.0
n2_TS,n2,TS,tai15_15_05.F.15_01,28,1193.0,1309.0,1251.0
n2_TS,n2,TS,tai15_15_05.F.15_01,29,1184.0,1331.0,1257.5
n2_TS,n2,TS,tai15_15_05.F.15_01,30,1193.0,1311.0,1252.0
n2_TS,n2,TS,tai15_15_06.F.15_01,1,1181.0,1333.0,1257.0
n2_TS,n2,TS,tai15_15_06.F.15_01,2,1178.0,1340.0,1259.0
n2_TS,n2,TS,tai15_15_06.F.15_01,3,1209.0,1352.0,1280.5
n2_TS,n2,TS,tai15_15_06.F.15_01,4,1180.0,1343.0,1261.5
n2_TS,n2,TS,tai15_15_06.F.15_01,5,1194.0,1348.0,1271.0
n2_TS,n2,TS,tai15_15_06.F.15_01,6,1187.0,1351.0,1269.0
n2_TS,n2,TS,tai15_15_06.F.15_01,7,1181.0,1333.0,1257.0
n2_TS,n2,TS,tai15_15_06.F.15_01,8,1178.0,1338.0,1258.0
n2_TS,n2,TS,tai15_15_06.F.15_01,9,1180.0,1343.0,1261.5
n2_TS,n2,TS,tai15_15_06.F.15_01,10,1181.0,1333.0,1257.0
n2_TS,n2,TS,tai15_15_06.F.15_01,11,1176.0,1352.0,1264.0
n2_TS,n2,TS,tai15_15_06.F.15_01,12,1171.0,1348.0,1259.5
n2_TS,n2,TS,tai15_15_06.F.15_01,13,1178.0,1338.0,1258.0
n2_TS,n2,TS,tai15_15_06.F.15_01,14,1193.0,1338.0,1265.5
n2_TS,n2,TS,tai15_15_06.F.15_01,15,1178.0,1351.0,1264.5
n2_TS,n2,TS,tai15_15_06.F.15_01,16,1178.0,1338.0,1258.0
n2_TS,n2,TS,tai15_15_06.F.15_01,17,1172.0,1352.0,1262.0
n2_TS,n2,TS,tai15_15_06.F.15_01,18,1177.0,1346.0,1261.5
n2_TS,n2,TS,tai15_15_06.F.15_01,19,1178.0,1355.0,1266.5
n2_TS,n2,TS,tai15_15_06.F.15_01,20,1174.0,1334.0,1254.0
n2_TS,n2,TS,tai15_15_06.F.15_01,21,1189.0,1326.0,1257.5
n2_TS,n2,TS,tai15_15_06.F.15_01,22,1194.0,1348.0,1271.0
n2_TS,n2,TS,tai15_15_06.F.15_01,23,1178.0,1338.0,1258.0
n2_TS,n2,TS,tai15_15_06.F.15_01,24,1178.0,1338.0,1258.0
n2_TS,n2,TS,tai15_15_06.F.15_01,25,1177.0,1344.0,1260.5
n2_TS,n2,TS,tai15_15_06.F.15_01,26,1207.0,1343.0,1275.0
n2_TS,n2,TS,tai15_15_06.F.15_01,27,1180.0,1343.0,1261.5
n2_TS,n2,TS,tai15_15_06.F.15_01,28,1178.0,1338.0,1258.0
n2_TS,n2,TS,tai15_15_06.F.15_01,29,1204.0,1341.0,1272.5
n2_TS,n2,TS,tai15_15_06.F.15_01,30,1174.0,1334.0,1254.0
n2_TS,n2,TS,tai15_15_07.F.15_01,1,1186.0,1340.0,1263.0
n2_TS,n2,TS,tai15_15_07.F.15_01,2,1147.0,1322.0,1234.5
n2_TS,n2,TS,tai15_15_07.F.15_01,3,1186.0,1340.0,1263.0
n2_TS,n2,TS,tai15_15_07.F.15_01,4,1153.0,1331.0,1242.0
n2_TS,n2,TS,tai15_15_07.F.15_01,5,1186.0,1340.0,1263.0
n2_TS,n2,TS,tai15_15_07.F.15_01,6,1186.0,1340.0,1263.0
n2_TS,n2,TS,tai15_15_07.F.15_01,7,1147.0,1322.0,1234.5
n2_TS,n2,TS,tai15_15_07.F.15_01,8,1186.0,1340.0,1263.0
n2_TS,n2,TS,tai15_15_07.F.15_01,9,1163.0,1338.0,1250.5
n2_TS,n2,TS,tai15_15_07.F.15_01,10,1186.0,1336.0,1261.0
n2_TS,n2,TS,tai15_15_07.F.15_01,11,1164.0,1326.0,1245.0
n2_TS,n2,TS,tai15_15_07.F.15_01,12,1164.0,1344.0,1254.0
n2_TS,n2,TS,tai15_15_07.F.15_01,13,1186.0,1340.0,1263.0
n2_TS,n2,TS,tai15_15_07.F.15_01,14,1147.0,1322.0,1234.5
n2_TS,n2,TS,tai15_15_07.F.15_01,15,1186.0,1340.0,1263.0
n2_TS,n2,TS,tai15_15_07.F.15_01,16,1164.0,1344.0,1254.0
n2_TS,n2,TS,tai15_15_07.F.15_01,17,1147.0,1322.0,1234.5
n2_TS,n2,TS,tai15_15_07.F.15_01,18,1160.0,1324.0,1242.0
n2_TS,n2,TS,tai15_15_07.F.15_01,19,1164.0,1344.0,1254.0
n2_TS,n2,TS,tai15_15_07.F.15_01,20,1168.0,1329.0,1248.5
n2_TS,n2,TS,tai15_15_07.F.15_01,21,1147.0,1322.0,1234.5
n2_TS,n2,TS,tai15_15_07.F.15_01,22,1178.0,1342.0,1260.0
n2_TS,n2,TS,tai15_15_07.F.15_01,23,1147.0,1322.0,1234.5
n2_TS,n2,TS,tai15_15_07.F.15_01,24,1160.0,1324.0,1242.0
n2_TS,n2,TS,tai15_15_07.F.15_01,25,1147.0,1322.0,1234.5
n2_TS,n2,TS,tai15_15_07.F.15_01,26,1147.0,1322.0,1234.5
n2_TS,n2,TS,tai15_15_07.F.15_01,27,1147.0,1322.0,1234.5
n2_TS,n2,TS,tai15_15_07.F.15_01,28,1160.0,1324.0,1242.0
n2_TS,n2,TS,tai15_15_07.F.15_01,29,1164.0,1344.0,1254.0
n2_TS,n2,TS,tai15_15_07.F.15_01,30,1178.0,1343.0,1260.5
n2_TS,n2,TS,tai15_15_08.F.15_01,1,1182.0,1312.0,1247.0
n2_TS,n2,TS,tai15_15_08.F.15_01,2,1159.0,1316.0,1237.5
n2_TS,n2,TS,tai15_15_08.F.15_01,3,1182.0,1312.0,1247.0
n2_TS,n2,TS,tai15_15_08.F.15_01,4,1197.0,1335.0,1266.0
n2_TS,n2,TS,tai15_15_08.F.15_01,5,1182.0,1312.0,1247.0
n2_TS,n2,TS,tai15_15_08.F.15_01,6,1179.0,1335.0,1257.0
n2_TS,n2,TS,tai15_15_08.F.15_01,7,1182.0,1312.0,1247.0
n2_TS,n2,TS,tai15_15_08.F.15_01,8,1182.0,1312.0,1247.0
n2_TS,n2,TS,tai15_15_08.F.15_01,9,1168.0,1313.0,1240.5
n2_TS,n2,TS,tai15_15_08.F.15_01,10,1159.0,1316.0,1237.5
n2_TS,n2,TS,tai15_15_08.F.15_01,11,1167.0,1335.0,1251.0
n2_TS,n2,TS,tai15_15_08.F.15_01,12,1168.0,1313.0,1240.5
n2_TS,n2,TS,tai15_15_08.F.15_01,13,1168.0,1313.0,1240.5
n2_TS,n2,TS,tai15_15_08.F.15_01,14,1168.0,1313.0,1240.5
n2_TS,n2,TS,tai15_15_08.F.15_01,15,1182.0,1312.0,1247.0
n2_TS,n2,TS,tai15_15_08.F.15_01,16,1213.0,1335.0,1274.0
n2_TS,n2,TS,tai15_15_08.F.15_01,17,1168.0,1313.0,1240.5
n2_TS,n2,TS,tai15_15_08.F.15_01,18,1181.0,1328.0,1254.5
n2_TS,n2,TS,tai15_15_08.F.15_01,19,1147.0,1315.0,1231.0
n2_TS,n2,TS,tai15_15_08.F.15_01,20,1153.0,1315.0,1234.0
n2_TS,n2,TS,tai15_15_08.F.15_01,21,1184.0,1334.0,1259.0
n2_TS,n2,TS,tai15_15_08.F.15_01,22,1182.0,1312.0,1247.0
n2_TS,n2,TS,tai15_15_08.F.15_01,23,1182.0,1312.0,1247.0
n2_TS,n2,TS,tai15_15_08.F.15_01,24,1168.0,1313.0,1240.5
n2_TS,n2,TS,tai15_15_08.F.15_01,25,1174.0,1313.0,1243.5
n2_TS,n2,TS,tai15_15_08.F.15_01,26,1182.0,1312.0,1247.0
n2_TS,n2,TS,tai15_15_08.F.15_01,27,1182.0,1312.0,1247.0
n2_TS,n2,TS,tai15_15_08.F.15_01,28,1168.0,1313.0,1240.5
n2_TS,n2,TS,tai15_15_08.F.15_01,29,1159.0,1316.0,1237.5
n2_TS,n2,TS,tai15_15_08.F.15_01,30,1168.0,1313.0,1240.5
n2_TS,n2,TS,tai15_15_09.F.15_01,1,1218.0,1397.0,1307.5
n2_TS,n2,TS,tai15_15_09.F.15_01,2,1218.0,1397.0,1307.5
n2_TS,n2,TS,tai15_15_09.F.15_01,3,1218.0,1397.0,1307.5
n2_TS,n2,TS,tai15_15_09.F.15_01,4,1218.0,1397.0,1307.5
n2_TS,n2,TS,tai15_15_09.F.15_01,5,1218.0,1397.0,1307.5
n2_TS,n2,TS,tai15_15_09.F.15_01,6,1203.0,1412.0,1307.5
n2_TS,n2,TS,tai15_15_09.F.15_01,7,1207.0,1403.0,1305.0
n2_TS,n2,TS,tai15_15_09.F.15_01,8,1218.0,1397.0,1307.5
n2_TS,n2,TS,tai15_15_09.F.15_01,9,1218.0,1397.0,1307.5
n2_TS,n2,TS,tai15_15_09.F.15_01,10,1218.0,1397.0,1307.5
n2_TS,n2,TS,tai15_15_09.F.15_01,11,1218.0,1397.0,1307.5
n2_TS,n2,TS,tai15_15_09.F.15_01,12,1218.0,1397.0,1307.5
n2_TS,n2,TS,tai15_15_09.F.15_01,13,1218.0,1397.0,1307.5
n2_TS,n2,TS,tai15_15_09.F.15_01,14,1218.0,1397.0,1307.5
n2_TS,n2,TS,tai15_15_09.F.15_01,15,1203.0,1412.0,1307.5
n2_TS,n2,TS,tai15_15_09.F.15_01,16,1222.0,1407.0,1314.5
n2_TS,n2,TS,tai15_15_09.F.15_01,17,1218.0,1397.0,1307.5
n2_TS,n2,TS,tai15_15_09.F.15_01,18,1222.0,1407.0,1314.5
n2_TS,n2,TS,tai15_15_09.F.15_01,19,1212.0,1396.0,1304.0
n2_TS,n2,TS,tai15_15_09.F.15_01,20,1203.0,1412.0,1307.5
n2_TS,n2,TS,tai15_15_09.F.15_01,21,1218.0,1397.0,1307.5
n2_TS,n2,TS,tai15_15_09.F.15_01,22,1218.0,1397.0,1307.5
n2_TS,n2,TS,tai15_15_09.F.15_01,23,1218.0,1397.0,1307.5
n2_TS,n2,TS,tai15_15_09.F.15_01,24,1218.0,1397.0,1307.5
n2_TS,n2,TS,tai15_15_09.F.15_01,25,1203.0,1412.0,1307.5
n2_TS,n2,TS,tai15_15_09.F.15_01,26,1222.0,1407.0,1314.5
n2_TS,n2,TS,tai15_15_09.F.15_01,27,1237.0,1422.0,1329.5
n2_TS,n2,TS,tai15_15_09.F.15_01,28,1218.0,1397.0,1307.5
n2_TS,n2,TS,tai15_15_09.F.15_01,29,1218.0,1397.0,1307.5
n2_TS,n2,TS,tai15_15_09.F.15_01,30,1218.0,1397.0,1307.5
n2_TS,n2,TS,tai15_15_10.F.15_01,1,1198.0,1358.0,1278.0
n2_TS,n2,TS,tai15_15_10.F.15_01,2,1197.0,1361.0,1279.0
n2_TS,n2,TS,tai15_15_10.F.15_01,3,1163.0,1325.0,1244.0
n2_TS,n2,TS,tai15_15_10.F.15_01,4,1220.0,1350.0,1285.0
n2_TS,n2,TS,tai15_15_10.F.15_01,5,1197.0,1361.0,1279.0
n2_TS,n2,TS,tai15_15_10.F.15_01,6,1195.0,1374.0,1284.5
n2_TS,n2,TS,tai15_15_10.F.15_01,7,1197.0,1361.0,1279.0
n2_TS,n2,TS,tai15_15_10.F.15_01,8,1198.0,1358.0,1278.0
n2_TS,n2,TS,tai15_15_10.F.15_01,9,1197.0,1361.0,1279.0
n2_TS,n2,TS,tai15_15_10.F.15_01,10,1208.0,1360.0,1284.0
n2_TS,n2,TS,tai15_15_10.F.15_01,11,1185.0,1342.0,1263.5
n2_TS,n2,TS,tai15_15_10.F.15_01,12,1215.0,1356.0,1285.5
n2_TS,n2,TS,tai15_15_10.F.15_01,13,1163.0,1325.0,1244.0
n2_TS,n2,TS,tai15_15_10.F.15_01,14,1197.0,1361.0,1279.0
n2_TS,n2,TS,tai15_15_10.F.15_01,15,1163.0,1325.0,1244.0
n2_TS,n2,TS,tai15_15_10.F.15_01,16,1163.0,1325.0,1244.0
n2_TS,n2,TS,tai15_15_10.F.15_01,17,1224.0,1367.0,1295.5
n2_TS,n2,TS,tai15_15_10.F.15_01,18,1215.0,1356.0,1285.5
n2_TS,n2,TS,tai15_15_10.F.15_01,19,1163.0,1325.0,1244.0
n2_TS,n2,TS,tai15_15_10.F.15_01,20,1185.0,1342.0,1263.5
n2_TS,n2,TS,tai15_15_10.F.15_01,21,1165.0,1349.0,1257.0
n2_TS,n2,TS,tai15_15_10.F.15_01,22,1163.0,1325.0,1244.0
n2_TS,n2,TS,tai15_15_10.F.15_01,23,1197.0,1361.0,1279.0
n2_TS,n2,TS,tai15_15_10.F.15_01,24,1198.0,1358.0,1278.0
n2_TS,n2,TS,tai15_15_10.F.15_01,25,1163.0,1325.0,1244.0
n2_TS,n2,TS,tai15_15_10.F.15_01,26,1197.0,1361.0,1279.0
n2_TS,n2,TS,tai15_15_10.F.15_01,27,1163.0,1325.0,1244.0
n2_TS,n2,TS,tai15_15_10.F.15_01,28,1186.0,1343.0,1264.5
n2_TS,n2,TS,tai15_15_10.F.15_01,29,1185.0,1342.0,1263.5
n2_TS,n2,TS,tai15_15_10.F.15_01,30,1203.0,1375.0,1289.0
n2_TS,n2,TS,tai20_15_01.F.15_01,1,1290.0,1499.0,1394.5
n2_TS,n2,TS,tai20_15_01.F.15_01,2,1315.0,1489.0,1402.0
n2_TS,n2,TS,tai20_15_01.F.15_01,3,1304.0,1494.0,1399.0
n2_TS,n2,TS,tai20_15_01.F.15_01,4,1334.0,1510.0,1422.0
n2_TS,n2,TS,tai20_15_01.F.15_01,5,1304.0,1492.0,1398.0
n2_TS,n2,TS,tai20_15_01.F.15_01,6,1308.0,1518.0,1413.0
n2_TS,n2,TS,tai20_15_01.F.15_01,7,1322.0,1507.0,1414.5
n2_TS,n2,TS,tai20_15_01.F.15_01,8,1313.0,1488.0,1400.5
n2_TS,n2,TS,tai20_15_01.F.15_01,9,1329.0,1534.0,1431.5
n2_TS,n2,TS,tai20_15_01.F.15_01,10,1317.0,1519.0,1418.0
n2_TS,n2,TS,tai20_15_01.F.15_01,11,1314.0,1512.0,1413.0
n2_TS,n2,TS,tai20_15_01.F.15_01,12,1334.0,1529.0,1431.5
n2_TS,n2,TS,tai20_15_01.F.15_01,13,1328.0,1523.0,1425.5
n2_TS,n2,TS,tai20_15_01.F.15_01,14,1299.0,1495.0,1397.0
n2_TS,n2,TS,tai20_15_01.F.15_01,15,1311.0,1502.0,1406.5
n2_TS,n2,TS,tai20_15_01.F.15_01,16,1296.0,1499.0,1397.5
n2_TS,n2,TS,tai20_15_01.F.15_01,17,1318.0,1511.0,1414.5
n2_TS,n2,TS,tai20_15_01.F.15_01,18,1298.0,1506.0,1402.0
n2_TS,n2,TS,tai20_15_01.F.15_01,19,1335.0,1525.0,1430.0
n2_TS,n2,TS,tai20_15_01.F.15_01,20,1300.0,1505.0,1402.5
n2_TS,n2,TS,tai20_15_01.F.15_01,21,1309.0,1506.0,1407.5
n2_TS,n2,TS,tai20_15_01.F.15_01,22,1306.0,1511.0,1408.5
n2_TS,n2,TS,tai20_15_01.F.15_01,23,1344.0,1490.0,1417.0
n2_TS,n2,TS,tai20_15_01.F.15_01,24,1297.0,1506.0,1401.5
n2_TS,n2,TS,tai20_15_01.F.15_01,25,1336.0,1518.0,1427.0
n2_TS,n2,TS,tai20_15_01.F.15_01,26,1308.0,1514.0,1411.0
n2_TS,n2,TS,tai20_15_01.F.15_01,27,1305.0,1520.0,1412.5
n2_TS,n2,TS,tai20_15_01.F.15_01,28,1342.0,1529.0,1435.5
n2_TS,n2,TS,tai20_15_01.F.15_01,29,1344.0,1518.0,1431.0
n2_TS,n2,TS,tai20_15_01.F.15_01,30,1314.0,1521.0,1417.5
n2_TS,n2,TS,tai20_15_02.F.15_01,1,1289.0,1488.0,1388.5
n2_TS,n2,TS,tai20_15_02.F.15_01,2,1296.0,1489.0,1392.5
n2_TS,n2,TS,tai20_15_02.F.15_01,3,1305.0,1486.0,1395.5
n2_TS,n2,TS,tai20_15_02.F.15_01,4,1323.0,1495.0,1409.0
n2_TS,n2,TS,tai20_15_02.F.15_01,5,1305.0,1512.0,1408.5
n2_TS,n2,TS,tai20_15_02.F.15_01,6,1306.0,1512.0,1409.0
n2_TS,n2,TS,tai20_15_02.F.15_01,7,1305.0,1494.0,1399.5
n2_TS,n2,TS,tai20_15_02.F.15_01,8,1292.0,1491.0,1391.5
n2_TS,n2,TS,tai20_15_02.F.15_01,9,1294.0,1489.0,1391.5
n2_TS,n2,TS,tai20_15_02.F.15_01,10,1296.0,1492.0,1394.0
n2_TS,n2,TS,tai20_15_02.F.15_01,11,1295.0,1494.0,1394.5
n2_TS,n2,TS,tai20_15_02.F.15_01,12,1307.0,1486.0,1396.5
n2_TS,n2,TS,tai20_15_02.F.15_01,13,1292.0,1488.0,1390.0
n2_TS,n2,TS,tai20_15_02.F.15_01,14,1305.0,1486.0,1395.5
n2_TS,n2,TS,tai20_15_02.F.15_01,15,1326.0,1503.0,1414.5
n2_TS,n2,TS,tai20_15_02.F.15_01,16,1305.0,1486.0,1395.5
n2_TS,n2,TS,tai20_15_02.F.15_01,17,1305.0,1486.0,1395.5
n2_TS,n2,TS,tai20_15_02.F.15_01,18,1292.0,1491.0,1391.5
n2_TS,n2,TS,tai20_15_02.F.15_01,19,1293.0,1492.0,1392.5
n2_TS,n2,TS,tai20_15_02.F.15_01,20,1303.0,1495.0,1399.0
n2_TS,n2,TS,tai20_15_02.F.15_01,21,1305.0,1486.0,1395.5
n2_TS,n2,TS,tai20_15_02.F.15_01,22,1305.0,1486.0,1395.5
n2_TS,n2,TS,tai20_15_02.F.15_01,23,1319.0,1486.0,1402.5
n2_TS,n2,TS,tai20_15_02.F.15_01,24,1292.0,1491.0,1391.5
n2_TS,n2,TS,tai20_15_02.F.15_01,25,1305.0,1486.0,1395.5
n2_TS,n2,TS,tai20_15_02.F.15_01,26,1297.0,1494.0,1395.5
n2_TS,n2,TS,tai20_15_02.F.15_01,27,1292.0,1492.0,1392.0
n2_TS,n2,TS,tai20_15_02.F.15_01,28,1317.0,1498.0,1407.5
n2_TS,n2,TS,tai20_15_02.F.15_01,29,1319.0,1490.0,1404.5
n2_TS,n2,TS,tai20_15_02.F.15_01,30,1292.0,1492.0,1392.0
n2_TS,n2,TS,tai20_15_03.F.15_01,1,1284.0,1500.0,1392.0
n2_TS,n2,TS,tai20_15_03.F.15_01,2,1306.0,1483.0,1394.5
n2_TS,n2,TS,tai20_15_03.F.15_01,3,1300.0,1502.0,1401.0
n2_TS,n2,TS,tai20_15_03.F.15_01,4,1284.0,1483.0,1383.5
n2_TS,n2,TS,tai20_15_03.F.15_01,5,1322.0,1499.0,1410.5
n2_TS,n2,TS,tai20_15_03.F.15_01,6,1340.0,1495.0,1417.5
n2_TS,n2,TS,tai20_15_03.F.15_01,7,1288.0,1469.0,1378.5
n2_TS,n2,TS,tai20_15_03.F.15_01,8,1302.0,1483.0,1392.5
n2_TS,n2,TS,tai20_15_03.F.15_01,9,1287.0,1480.0,1383.5
n2_TS,n2,TS,tai20_15_03.F.15_01,10,1339.0,1499.0,1419.0
n2_TS,n2,TS,tai20_15_03.F.15_01,11,1277.0,1471.0,1374.0
n2_TS,n2,TS,tai20_15_03.F.15_01,12,1287.0,1469.0,1378.0
n2_TS,n2,TS,tai20_15_03.F.15_01,13,1292.0,1478.0,1385.0
n2_TS,n2,TS,tai20_15_03.F.15_01,14,1307.0,1493.0,1400.0
n2_TS,n2,TS,tai20_15_03.F.15_01,15,1306.0,1499.0,1402.5
n2_TS,n2,TS,tai20_15_03.F.15_01,16,1296.0,1492.0,1394.0
n2_TS,n2,TS,tai20_15_03.F.15_01,17,1281.0,1483.0,1382.0
n2_TS,n2,TS,tai20_15_03.F.15_01,18,1310.0,1491.0,1400.5
n2_TS,n2,TS,tai20_15_03.F.15_01,19,1283.0,1465.0,1374.0
n2_TS,n2,TS,tai20_15_03.F.15_01,20,1295.0,1503.0,1399.0
n2_TS,n2,TS,tai20_15_03.F.15_01,21,1285.0,1483.0,1384.0
n2_TS,n2,TS,tai20_15_03.F.15_01,22,1306.0,1496.0,1401.0
n2_TS,n2,TS,tai20_15_03.F.15_01,23,1328.0,1510.0,1419.0
n2_TS,n2,TS,tai20_15_03.F.15_01,24,1287.0,1485.0,1386.0
n2_TS,n2,TS,tai20_15_03.F.15_01,25,1295.0,1507.0,1401.0
n2_TS,n2,TS,tai20_15_03.F.15_01,26,1336.0,1508.0,1422.0
n2_TS,n2,TS,tai20_15_03.F.15_01,27,1285.0,1482.0,1383.5
n2_TS,n2,TS,tai20_15_03.F.15_01,28,1326.0,1488.0,1407.0
n2_TS,n2,TS,tai20_15_03.F.15_01,29,1293.0,1480.0,1386.5
n2_TS,n2,TS,tai20_15_03.F.15_01,30,1293.0,1476.0,1384.5
n2_TS,n2,TS,tai20_15_04.F.15_01,1,1291.0,1467.0,1379.0
n2_TS,n2,TS,tai20_15_04.F.15_01,2,1297.0,1462.0,1379.5
n2_TS,n2,TS,tai20_15_04.F.15_01,3,1265.0,1461.0,1363.0
n2_TS,n2,TS,tai20_15_04.F.15_01,4,1273.0,1462.0,1367.5
n2_TS,n2,TS,tai20_15_04.F.15_01,5,1303.0,1464.0,1383.5
n2_TS,n2,TS,tai20_15_04.F.15_01,6,1296.0,1462.0,1379.0
n2_TS,n2,TS,tai20_15_04.F.15_01,7,1282.0,1450.0,1366.0
n2_TS,n2,TS,tai20_15_04.F.15_01,8,1276.0,1451.0,1363.5
n2_TS,n2,TS,tai20_15_04.F.15_01,9,1282.0,1450.0,1366.0
n2_TS,n2,TS,tai20_15_04.F.15_01,10,1268.0,1462.0,1365.0
n2_TS,n2,TS,tai20_15_04.F.15_01,11,1279.0,1466.0,1372.5
n2_TS,n2,TS,tai20_15_04.F.15_01,12,1296.0,1462.0,1379.0
n2_TS,n2,TS,tai20_15_04.F.15_01,13,1274.0,1462.0,1368.0
n2_TS,n2,TS,tai20_15_04.F.15_01,14,1282.0,1457.0,1369.5
n2_TS,n2,TS,tai20_15_04.F.15_01,15,1278.0,1452.0,1365.0
n2_TS,n2,TS,tai20_15_04.F.15_01,16,1281.0,1462.0,1371.5
n2_TS,n2,TS,tai20_15_04.F.15_01,17,1282.0,1450.0,1366.0
n2_TS,n2,TS,tai20_15_04.F.15_01,18,1283.0,1477.0,1380.0
n2_TS,n2,TS,tai20_15_04.F.15_01,19,1277.0,1461.0,1369.0
n2_TS,n2,TS,tai20_15_04.F.15_01,20,1258.0,1444.0,1351.0
n2_TS,n2,TS,tai20_15_04.F.15_01,21,1282.0,1450.0,1366.0
n2_TS,n2,TS,tai20_15_04.F.15_01,22,1274.0,1442.0,1358.0
n2_TS,n2,TS,tai20_15_04.F.15_01,23,1282.0,1450.0,1366.0
n2_TS,n2,TS,tai20_15_04.F.15_01,24,1275.0,1451.0,1363.0
n2_TS,n2,TS,tai20_15_04.F.15_01,25,1287.0,1466.0,1376.5
n2_TS,n2,TS,tai20_15_04.F.15_01,26,1271.0,1454.0,1362.5
n2_TS,n2,TS,tai20_15_04.F.15_01,27,1284.0,1462.0,1373.0
n2_TS,n2,TS,tai20_15_04.F.15_01,28,1285.0,1462.0,1373.5
n2_TS,n2,TS,tai20_15_04.F.15_01,29,1282.0,1454.0,1368.0
n2_TS,n2,TS,tai20_15_04.F.15_01,30,1290.0,1462.0,1376.0
n2_TS,n2,TS,tai20_15_05.F.15_01,1,1287.0,1472.0,1379.5
n2_TS,n2,TS,tai20_15_05.F.15_01,2,1301.0,1489.0,1395.0
n2_TS,n2,TS,tai20_15_05.F.15_01,3,1303.0,1489.0,1396.0
n2_TS,n2,TS,tai20_15_05.F.15_01,4,1303.0,1490.0,1396.5
n2_TS,n2,TS,tai20_15_05.F.15_01,5,1293.0,1490.0,1391.5
n2_TS,n2,TS,tai20_15_05.F.15_01,6,1300.0,1472.0,1386.0
n2_TS,n2,TS,tai20_15_05.F.15_01,7,1307.0,1481.0,1394.0
n2_TS,n2,TS,tai20_15_05.F.15_01,8,1304.0,1486.0,1395.0
n2_TS,n2,TS,tai20_15_05.F.15_01,9,1303.0,1489.0,1396.0
n2_TS,n2,TS,tai20_15_05.F.15_01,10,1304.0,1490.0,1397.0
n2_TS,n2,TS,tai20_15_05.F.15_01,11,1303.0,1489.0,1396.0
n2_TS,n2,TS,tai20_15_05.F.15_01,12,1310.0,1479.0,1394.5
n2_TS,n2,TS,tai20_15_05.F.15_01,13,1288.0,1489.0,1388.5
n2_TS,n2,TS,tai20_15_05.F.15_01,14,1282.0,1483.0,1382.5
n2_TS,n2,TS,tai20_15_05.F.15_01,15,1300.0,1490.0,1395.0
n2_TS,n2,TS,tai20_15_05.F.15_01,16,1282.0,1490.0,1386.0
n2_TS,n2,TS,tai20_15_05.F.15_01,17,1305.0,1489.0,1397.0
n2_TS,n2,TS,tai20_15_05.F.15_01,18,1272.0,1506.0,1389.0
n2_TS,n2,TS,tai20_15_05.F.15_01,19,1308.0,1481.0,1394.5
n2_TS,n2,TS,tai20_15_05.F.15_01,20,1303.0,1478.0,1390.5
n2_TS,n2,TS,tai20_15_05.F.15_01,21,1305.0,1486.0,1395.5
n2_TS,n2,TS,tai20_15_05.F.15_01,22,1302.0,1493.0,1397.5
n2_TS,n2,TS,tai20_15_05.F.15_01,23,1297.0,1488.0,1392.5
n2_TS,n2,TS,tai20_15_05.F.15_01,24,1305.0,1489.0,1397.0
n2_TS,n2,TS,tai20_15_05.F.15_01,25,1300.0,1481.0,1390.5
n2_TS,n2,TS,tai20_15_05.F.15_01,26,1300.0,1490.0,1395.0
n2_TS,n2,TS,tai20_15_05.F.15_01,27,1276.0,1467.0,1371.5
n2_TS,n2,TS,tai20_15_05.F.15_01,28,1306.0,1486.0,1396.0
n2_TS,n2,TS,tai20_15_05.F.15_01,29,1316.0,1473.0,1394.5
n2_TS,n2,TS,tai20_15_05.F.15_01,30,1303.0,1479.0,1391.0
n2_TS,n2,TS,tai20_15_06.F.15_01,1,1309.0,1491.0,1400.0
n2_TS,n2,TS,tai20_15_06.F.15_01,2,1319.0,1531.0,1425.0
n2_TS,n2,TS,tai20_15_06.F.15_01,3,1300.0,1501.0,1400.5
n2_TS,n2,TS,tai20_15_06.F.15_01,4,1301.0,1540.0,1420.5
n2_TS,n2,TS,tai20_15_06.F.15_01,5,1283.0,1504.0,1393.5
n2_TS,n2,TS,tai20_15_06.F.15_01,6,1312.0,1500.0,1406.0
n2_TS,n2,TS,tai20_15_06.F.15_01,7,1320.0,1490.0,1405.0
n2_TS,n2,TS,tai20_15_06.F.15_01,8,1284.0,1492.0,1388.0
n2_TS,n2,TS,tai20_15_06.F.15_01,9,1285.0,1495.0,1390.0
n2_TS,n2,TS,tai20_15_06.F.15_01,10,1324.0,1511.0,1417.5
n2_TS,n2,TS,tai20_15_06.F.15_01,11,1320.0,1508.0,1414.0
n2_TS,n2,TS,tai20_15_06.F.15_01,12,1300.0,1502.0,1401.0
n2_TS,n2,TS,tai20_15_06.F.15_01,13,1283.0,1490.0,1386.5
n2_TS,n2,TS,tai20_15_06.F.15_01,14,1310.0,1485.0,1397.5
n2_TS,n2,TS,tai20_15_06.F.15_01,15,1308.0,1531.0,1419.5
n2_TS,n2,TS,tai20_15_06.F.15_01,16,1297.0,1508.0,1402.5
n2_TS,n2,TS,tai20_15_06.F.15_01,17,1317.0,1517.0,1417.0
n2_TS,n2,TS,tai20_15_06.F.15_01,18,1279.0,1499.0,1389.0
n2_TS,n2,TS,tai20_15_06.F.15_01,19,1290.0,1521.0,1405.5
n2_TS,n2,TS,tai20_15_06.F.15_01,20,1314.0,1501.0,1407.5
n2_TS,n2,TS,tai20_15_06.F.15_01,21,1290.0,1490.0,1390.0
n2_TS,n2,TS,tai20_15_06.F.15_01,22,1315.0,1538.0,1426.5
n2_TS,n2,TS,tai20_15_06.F.15_01,23,1306.0,1501.0,1403.5
n2_TS,n2,TS,tai20_15_06.F.15_01,24,1343.0,1511.0,1427.0
n2_TS,n2,TS,tai20_15_06.F.15_01,25,1307.0,1500.0,1403.5
n2_TS,n2,TS,tai20_15_06.F.15_01,26,1311.0,1501.0,1406.0
n2_TS,n2,TS,tai20_15_06.F.15_01,27,1283.0,1522.0,1402.5
n2_TS,n2,TS,tai20_15_06.F.15_01,28,1285.0,1497.0,1391.0
n2_TS,n2,TS,tai20_15_06.F.15_01,29,1291.0,1502.0,1396.5
n2_TS,n2,TS,tai20_15_06.F.15_01,30,1308.0,1504.0,1406.0
n2_TS,n2,TS,tai20_15_07.F.15_01,1,1388.0,1610.0,1499.0
n2_TS,n2,TS,tai20_15_07.F.15_01,2,1402.0,1634.0,1518.0
n2_TS,n2,TS,tai20_15_07.F.15_01,3,1402.0,1634.0,1518.0
n2_TS,n2,TS,tai20_15_07.F.15_01,4,1394.0,1610.0,1502.0
n2_TS,n2,TS,tai20_15_07.F.15_01,5,1393.0,1625.0,1509.0
n2_TS,n2,TS,tai20_15_07.F.15_01,6,1387.0,1619.0,1503.0
n2_TS,n2,TS,tai20_15_07.F.15_01,7,1402.0,1646.0,1524.0
n2_TS,n2,TS,tai20_15_07.F.15_01,8,1391.0,1611.0,1501.0
n2_TS,n2,TS,tai20_15_07.F.15_01,9,1402.0,1646.0,1524.0
n2_TS,n2,TS,tai20_15_07.F.15_01,10,1392.0,1614.0,1503.0
n2_TS,n2,TS,tai20_15_07.F.15_01,11,1392.0,1607.0,1499.5
n2_TS,n2,TS,tai20_15_07.F.15_01,12,1401.0,1621.0,1511.0
n2_TS,n2,TS,tai20_15_07.F.15_01,13,1393.0,1625.0,1509.0
n2_TS,n2,TS,tai20_15_07.F.15_01,14,1393.0,1627.0,1510.0
n2_TS,n2,TS,tai20_15_07.F.15_01,15,1373.0,1611.0,1492.0
n2_TS,n2,TS,tai20_15_07.F.15_01,16,1387.0,1611.0,1499.0
n2_TS,n2,TS,tai20_15_07.F.15_01,17,1402.0,1634.0,1518.0
n2_TS,n2,TS,tai20_15_07.F.15_01,18,1408.0,1612.0,1510.0
n2_TS,n2,TS,tai20_15_07.F.15_01,19,1398.0,1606.0,1502.0
n2_TS,n2,TS,tai20_15_07.F.15_01,20,1405.0,1627.0,1516.0
n2_TS,n2,TS,tai20_15_07.F.15_01,21,1402.0,1646.0,1524.0
n2_TS,n2,TS,tai20_15_07.F.15_01,22,1383.0,1616.0,1499.5
n2_TS,n2,TS,tai20_15_07.F.15_01,23,1393.0,1601.0,1497.0
n2_TS,n2,TS,tai20_15_07.F.15_01,24,1391.0,1611.0,1501.0
n2_TS,n2,TS,tai20_15_07.F.15_01,25,1402.0,1646.0,1524.0
n2_TS,n2,TS,tai20_15_07.F.15_01,26,1392.0,1630.0,1511.0
n2_TS,n2,TS,tai20_15_07.F.15_01,27,1402.0,1634.0,1518.0
n2_TS,n2,TS,tai20_15_07.F.15_01,28,1382.0,1625.0,1503.5
n2_TS,n2,TS,tai20_15_07.F.15_01,29,1398.0,1608.0,1503.0
n2_TS,n2,TS,tai20_15_07.F.15_01,30,1373.0,1607.0,1490.0
n2_TS,n2,TS,tai20_15_08.F.15_01,1,1317.0,1549.0,1433.0
n2_TS,n2,TS,tai20_15_08.F.15_01,2,1335.0,1547.0,1441.0
n2_TS,n2,TS,tai20_15_08.F.15_01,3,1334.0,1557.0,1445.5
n2_TS,n2,TS,tai20_15_08.F.15_01,4,1334.0,1540.0,1437.0
n2_TS,n2,TS,tai20_15_08.F.15_01,5,1355.0,1562.0,1458.5
n2_TS,n2,TS,tai20_15_08.F.15_01,6,1341.0,1539.0,1440.0
n2_TS,n2,TS,tai20_15_08.F.15_01,7,1317.0,1542.0,1429.5
n2_TS,n2,TS,tai20_15_08.F.15_01,8,1366.0,1546.0,1456.0
n2_TS,n2,TS,tai20_15_08.F.15_01,9,1341.0,1540.0,1440.5
n2_TS,n2,TS,tai20_15_08.F.15_01,10,1344.0,1564.0,1454.0
n2_TS,n2,TS,tai20_15_08.F.15_01,11,1354.0,1533.0,1443.5
n2_TS,n2,TS,tai20_15_08.F.15_01,12,1321.0,1540.0,1430.5
n2_TS,n2,TS,tai20_15_08.F.15_01,13,1372.0,1576.0,1474.0
n2_TS,n2,TS,tai20_15_08.F.15_01,14,1382.0,1557.0,1469.5
n2_TS,n2,TS,tai20_15_08.F.15_01,15,1362.0,1554.0,1458.0
n2_TS,n2,TS,tai20_15_08.F.15_01,16,1392.0,1572.0,1482.0
n2_TS,n2,TS,tai20_15_08.F.15_01,17,1363.0,1558.0,1460.5
n2_TS,n2,TS,tai20_15_08.F.15_01,18,1344.0,1552.0,1448.0
n2_TS,n2,TS,tai20_15_08.F.15_01,19,1352.0,1558.0,1455.0
n2_TS,n2,TS,tai20_15_08.F.15_01,20,1332.0,1556.0,1444.0
n2_TS,n2,TS,tai20_15_08.F.15_01,21,1333.0,1523.0,1428.0
n2_TS,n2,TS,tai20_15_08.F.15_01,22,1351.0,1545.0,1448.0
n2_TS,n2,TS,tai20_15_08.F.15_01,23,1359.0,1557.0,1458.0
n2_TS,n2,TS,tai20_15_08.F.15_01,24,1362.0,1570.0,1466.0
n2_TS,n2,TS,tai20_15_08.F.15_01,25,1339.0,1546.0,1442.5
n2_TS,n2,TS,tai20_15_08.F.15_01,26,1366.0,1554.0,1460.0
n2_TS,n2,TS,tai20_15_08.F.15_01,27,1341.0,1540.0,1440.5
n2_TS,n2,TS,tai20_15_08.F.15_01,28,1334.0,1544.0,1439.0
n2_TS,n2,TS,tai20_15_08.F.15_01,29,1341.0,1557.0,1449.0
n2_TS,n2,TS,tai20_15_08.F.15_01,30,1336.0,1544.0,1440.0
n2_TS,n2,TS,tai20_15_09.F.15_01,1,1306.0,1505.0,1405.5
n2_TS,n2,TS,tai20_15_09.F.15_01,2,1288.0,1479.0,1383.5
n2_TS,n2,TS,tai20_15_09.F.15_01,3,1314.0,1484.0,1399.0
n2_TS,n2,TS,tai20_15_09.F.15_01,4,1282.0,1489.0,1385.5
n2_TS,n2,TS,tai20_15_09.F.15_01,5,1301.0,1497.0,1399.0
n2_TS,n2,TS,tai20_15_09.F.15_01,6,1286.0,1479.0,1382.5
n2_TS,n2,TS,tai20_15_09.F.15_01,7,1335.0,1508.0,1421.5
n2_TS,n2,TS,tai20_15_09.F.15_01,8,1311.0,1474.0,1392.5
n2_TS,n2,TS,tai20_15_09.F.15_01,9,1303.0,1489.0,1396.0
n2_TS,n2,TS,tai20_15_09.F.15_01,10,1300.0,1508.0,1404.0
n2_TS,n2,TS,tai20_15_09.F.15_01,11,1340.0,1497.0,1418.5
n2_TS,n2,TS,tai20_15_09.F.15_01,12,1293.0,1517.0,1405.0
n2_TS,n2,TS,tai20_15_09.F.15_01,13,1282.0,1475.0,1378.5
n2_TS,n2,TS,tai20_15_09.F.15_01,14,1321.0,1519.0,1420.0
n2_TS,n2,TS,tai20_15_09.F.15_01,15,1255.0,1462.0,1358.5
n2_TS,n2,TS,tai20_15_09.F.15_01,16,1313.0,1518.0,1415.5
n2_TS,n2,TS,tai20_15_09.F.15_01,17,1281.0,1473.0,1377.0
n2_TS,n2,TS,tai20_15_09.F.15_01,18,1295.0,1503.0,1399.0
n2_TS,n2,TS,tai20_15_09.F.15_01,19,1320.0,1505.0,1412.5
n2_TS,n2,TS,tai20_15_09.F.15_01,20,1248.0,1469.0,1358.5
n2_TS,n2,TS,tai20_15_09.F.15_01,21,1283.0,1507.0,1395.0
n2_TS,n2,TS,tai20_15_09.F.15_01,22,1305.0,1491.0,1398.0
n2_TS,n2,TS,tai20_15_09.F.15_01,23,1270.0,1466.0,1368.0
n2_TS,n2,TS,tai20_15_09.F.15_01,24,1294.0,1490.0,1392.0
n2_TS,n2,TS,tai20_15_09.F.15_01,25,1320.0,1490.0,1405.0
n2_TS,n2,TS,tai20_15_09.F.15_01,26,1303.0,1490.0,1396.5
n2_TS,n2,TS,tai20_15_09.F.15_01,27,1280.0,1481.0,1380.5
n2_TS,n2,TS,tai20_15_09.F.15_01,28,1273.0,1447.0,1360.0
n2_TS,n2,TS,tai20_15_09.F.15_01,29,1309.0,1492.0,1400.5
n2_TS,n2,TS,tai20_15_09.F.15_01,30,1260.0,1477.0,1368.5
n2_TS,n2,TS,tai20_15_10.F.15_01,1,1293.0,1489.0,1391.0
n2_TS,n2,TS,tai20_15_10.F.15_01,2,1306.0,1492.0,1399.0
n2_TS,n2,TS,tai20_15_10.F.15_01,3,1278.0,1491.0,1384.5
n2_TS,n2,TS,tai20_15_10.F.15_01,4,1347.0,1499.0,1423.0
n2_TS,n2,TS,tai20_15_10.F.15_01,5,1281.0,1502.0,1391.5
n2_TS,n2,TS,tai20_15_10.F.15_01,6,1315.0,1505.0,1410.0
n2_TS,n2,TS,tai20_15_10.F.15_01,7,1298.0,1489.0,1393.5
n2_TS,n2,TS,tai20_15_10.F.15_01,8,1310.0,1493.0,1401.5
n2_TS,n2,TS,tai20_15_10.F.15_01,9,1285.0,1495.0,1390.0
n2_TS,n2,TS,tai20_15_10.F.15_01,10,1281.0,1485.0,1383.0
n2_TS,n2,TS,tai20_15_10.F.15_01,11,1320.0,1514.0,1417.0
n2_TS,n2,TS,tai20_15_10.F.15_01,12,1297.0,1483.0,1390.0
n2_TS,n2,TS,tai20_15_10.F.15_01,13,1300.0,1503.0,1401.5
n2_TS,n2,TS,tai20_15_10.F.15_01,14,1279.0,1495.0,1387.0
n2_TS,n2,TS,tai20_15_10.F.15_01,15,1325.0,1505.0,1415.0
n2_TS,n2,TS,tai20_15_10.F.15_01,16,1282.0,1488.0,1385.0
n2_TS,n2,TS,tai20_15_10.F.15_01,17,1304.0,1506.0,1405.0
n2_TS,n2,TS,tai20_15_10.F.15_01,18,1297.0,1499.0,1398.0
n2_TS,n2,TS,tai20_15_10.F.15_01,19,1277.0,1483.0,1380.0
n2_TS,n2,TS,tai20_15_10.F.15_01,20,1302.0,1489.0,1395.5
n2_TS,n2,TS,tai20_15_10.F.15_01,21,1278.0,1484.0,1381.0
n2_TS,n2,TS,tai20_15_10.F.15_01,22,1300.0,1478.0,1389.0
n2_TS,n2,TS,tai20_15_10.F.15_01,23,1311.0,1507.0,1409.0
n2_TS,n2,TS,tai20_15_10.F.15_01,24,1286.0,1506.0,1396.0
n2_TS,n2,TS,tai20_15_10.F.15_01,25,1322.0,1504.0,1413.0
n2_TS,n2,TS,tai20_15_10.F.15_01,26,1277.0,1483.0,1380.0
n2_TS,n2,TS,tai20_15_10.F.15_01,27,1294.0,1486.0,1390.0
n2_TS,n2,TS,tai20_15_10.F.15_01,28,1292.0,1515.0,1403.5
n2_TS,n2,TS,tai20_15_10.F.15_01,29,1289.0,1494.0,1391.5
n2_TS,n2,TS,tai20_15_10.F.15_01,30,1271.0,1483.0,1377.0
n2_TS,n2,TS,tai20_20_01.F.15_01,1,1588.0,1798.0,1693.0
n2_TS,n2,TS,tai20_20_01.F.15_01,2,1607.0,1814.0,1710.5
n2_TS,n2,TS,tai20_20_01.F.15_01,3,1568.0,1795.0,1681.5
n2_TS,n2,TS,tai20_20_01.F.15_01,4,1577.0,1836.0,1706.5
n2_TS,n2,TS,tai20_20_01.F.15_01,5,1581.0,1821.0,1701.0
n2_TS,n2,TS,tai20_20_01.F.15_01,6,1601.0,1831.0,1716.0
n2_TS,n2,TS,tai20_20_01.F.15_01,7,1605.0,1821.0,1713.0
n2_TS,n2,TS,tai20_20_01.F.15_01,8,1645.0,1818.0,1731.5
n2_TS,n2,TS,tai20_20_01.F.15_01,9,1587.0,1798.0,1692.5
n2_TS,n2,TS,tai20_20_01.F.15_01,10,1602.0,1818.0,1710.0
n2_TS,n2,TS,tai20_20_01.F.15_01,11,1582.0,1821.0,1701.5
n2_TS,n2,TS,tai20_20_01.F.15_01,12,1580.0,1805.0,1692.5
n2_TS,n2,TS,tai20_20_01.F.15_01,13,1629.0,1796.0,1712.5
n2_TS,n2,TS,tai20_20_01.F.15_01,14,1607.0,1815.0,1711.0
n2_TS,n2,TS,tai20_20_01.F.15_01,15,1583.0,1830.0,1706.5
n2_TS,n2,TS,tai20_20_01.F.15_01,16,1587.0,1823.0,1705.0
n2_TS,n2,TS,tai20_20_01.F.15_01,17,1614.0,1819.0,1716.5
n2_TS,n2,TS,tai20_20_01.F.15_01,18,1616.0,1814.0,1715.0
n2_TS,n2,TS,tai20_20_01.F.15_01,19,1573.0,1792.0,1682.5
n2_TS,n2,TS,tai20_20_01.F.15_01,20,1582.0,1808.0,1695.0
n2_TS,n2,TS,tai20_20_01.F.15_01,21,1575.0,1787.0,1681.0
n2_TS,n2,TS,tai20_20_01.F.15_01,22,1585.0,1808.0,1696.5
n2_TS,n2,TS,tai20_20_01.F.15_01,23,1586.0,1845.0,1715.5
n2_TS,n2,TS,tai20_20_01.F.15_01,24,1599.0,1810.0,1704.5
n2_TS,n2,TS,tai20_20_01.F.15_01,25,1598.0,1821.0,1709.5
n2_TS,n2,TS,tai20_20_01.F.15_01,26,1591.0,1830.0,1710.5
n2_TS,n2,TS,tai20_20_01.F.15_01,27,1574.0,1792.0,1683.0
n2_TS,n2,TS,tai20_20_01.F.15_01,28,1586.0,1830.0,1708.0
n2_TS,n2,TS,tai20_20_01.F.15_01,29,1587.0,1792.0,1689.5
n2_TS,n2,TS,tai20_20_01.F.15_01,30,1605.0,1827.0,1716.0
n2_TS,n2,TS,tai20_20_02.F.15_01,1,1536.0,1740.0,1638.0
n2_TS,n2,TS,tai20_20_02.F.15_01,2,1534.0,1758.0,1646.0
n2_TS,n2,TS,tai20_20_02.F.15_01,3,1548.0,1777.0,1662.5
n2_TS,n2,TS,tai20_20_02.F.15_01,4,1544.0,1761.0,1652.5
n2_TS,n2,TS,tai20_20_02.F.15_01,5,1562.0,1761.0,1661.5
n2_TS,n2,TS,tai20_20_02.F.15_01,6,1547.0,1768.0,1657.5
n2_TS,n2,TS,tai20_20_02.F.15_01,7,1549.0,1774.0,1661.5
n2_TS,n2,TS,tai20_20_02.F.15_01,8,1539.0,1752.0,1645.5
n2_TS,n2,TS,tai20_20_02.F.15_01,9,1545.0,1755.0,1650.0
n2_TS,n2,TS,tai20_20_02.F.15_01,10,1524.0,1757.0,1640.5
n2_TS,n2,TS,tai20_20_02.F.15_01,11,1558.0,1763.0,1660.5
n2_TS,n2,TS,tai20_20_02.F.15_01,12,1524.0,1767.0,1645.5
n2_TS,n2,TS,tai20_20_02.F.15_01,13,1543.0,1758.0,1650.5
n2_TS,n2,TS,tai20_20_02.F.15_01,14,1540.0,1758.0,1649.0
n2_TS,n2,TS,tai20_20_02.F.15_01,15,1558.0,1760.0,1659.0
n2_TS,n2,TS,tai20_20_02.F.15_01,16,1548.0,1754.0,1651.0
n2_TS,n2,TS,tai20_20_02.F.15_01,17,1540.0,1764.0,1652.0
n2_TS,n2,TS,tai20_20_02.F.15_01,18,1582.0,1772.0,1677.0
n2_TS,n2,TS,tai20_20_02.F.15_01,19,1532.0,1772.0,1652.0
n2_TS,n2,TS,tai20_20_02.F.15_01,20,1531.0,1757.0,1644.0
n2_TS,n2,TS,tai20_20_02.F.15_01,21,1503.0,1749.0,1626.0
n2_TS,n2,TS,tai20_20_02.F.15_01,22,1549.0,1748.0,1648.5
n2_TS,n2,TS,tai20_20_02.F.15_01,23,1544.0,1761.0,1652.5
n2_TS,n2,TS,tai20_20_02.F.15_01,24,1527.0,1756.0,1641.5
n2_TS,n2,TS,tai20_20_02.F.15_01,25,1549.0,1770.0,1659.5
n2_TS,n2,TS,tai20_20_02.F.15_01,26,1532.0,1758.0,1645.0
n2_TS,n2,TS,tai20_20_02.F.15_01,27,1560.0,1757.0,1658.5
n2_TS,n2,TS,tai20_20_02.F.15_01,28,1553.0,1773.0,1663.0
n2_TS,n2,TS,tai20_20_02.F.15_01,29,1554.0,1781.0,1667.5
n2_TS,n2,TS,tai20_20_02.F.15_01,30,1550.0,1782.0,1666.0
n2_TS,n2,TS,tai20_20_03.F.15_01,1,1533.0,1723.0,1628.0
n2_TS,n2,TS,tai20_20_03.F.15_01,2,1508.0,1709.0,1608.5
n2_TS,n2,TS,tai20_20_03.F.15_01,3,1528.0,1676.0,1602.0
n2_TS,n2,TS,tai20_20_03.F.15_01,4,1529.0,1714.0,1621.5
n2_TS,n2,TS,tai20_20_03.F.15_01,5,1492.0,1692.0,1592.0
n2_TS,n2,TS,tai20_20_03.F.15_01,6,1509.0,1700.0,1604.5
n2_TS,n2,TS,tai20_20_03.F.15_01,7,1506.0,1694.0,1600.0
n2_TS,n2,TS,tai20_20_03.F.15_01,8,1535.0,1712.0,1623.5
n2_TS,n2,TS,tai20_20_03.F.15_01,9,1503.0,1691.0,1597.0
n2_TS,n2,TS,tai20_20_03.F.15_01,10,1493.0,1678.0,1585.5
n2_TS,n2,TS,tai20_20_03.F.15_01,11,1524.0,1700.0,1612.0
n2_TS,n2,TS,tai20_20_03.F.15_01,12,1519.0,1699.0,1609.0
n2_TS,n2,TS,tai20_20_03.F.15_01,13,1524.0,1693.0,1608.5
n2_TS,n2,TS,tai20_20_03.F.15_01,14,1534.0,1699.0,1616.5
n2_TS,n2,TS,tai20_20_03.F.15_01,15,1522.0,1685.0,1603.5
n2_TS,n2,TS,tai20_20_03.F.15_01,16,1540.0,1706.0,1623.0
n2_TS,n2,TS,tai20_20_03.F.15_01,17,1520.0,1690.0,1605.0
n2_TS,n2,TS,tai20_20_03.F.15_01,18,1532.0,1702.0,1617.0
n2_TS,n2,TS,tai20_20_03.F.15_01,19,1528.0,1683.0,1605.5
n2_TS,n2,TS,tai20_20_03.F.15_01,20,1528.0,1688.0,1608.0
n2_TS,n2,TS,tai20_20_03.F.15_01,21,1513.0,1663.0,1588.0
n2_TS,n2,TS,tai20_20_03.F.15_01,22,1513.0,1680.0,1596.5
n2_TS,n2,TS,tai20_20_03.F.15_01,23,1534.0,1699.0,1616.5
n2_TS,n2,TS,tai20_20_03.F.15_01,24,1504.0,1684.0,1594.0
n2_TS,n2,TS,tai20_20_03.F.15_01,25,1520.0,1684.0,1602.0
n2_TS,n2,TS,tai20_20_03.F.15_01,26,1527.0,1683.0,1605.0
n2_TS,n2,TS,tai20_20_03.F.15_01,27,1540.0,1686.0,1613.0
n2_TS,n2,TS,tai20_20_03.F.15_01,28,1501.0,1680.0,1590.5
n2_TS,n2,TS,tai20_20_03.F.15_01,29,1513.0,1681.0,1597.0
n2_TS,n2,TS,tai20_20_03.F.15_01,30,1531.0,1688.0,1609.5
n2_TS,n2,TS,tai20_20_04.F.15_01,1,1580.0,1790.0,1685.0
n2_TS,n2,TS,tai20_20_04.F.15_01,2,1547.0,1789.0,1668.0
n2_TS,n2,TS,tai20_20_04.F.15_01,3,1595.0,1850.0,1722.5
n2_TS,n2,TS,tai20_20_04.F.15_01,4,1573.0,1811.0,1692.0
n2_TS,n2,TS,tai20_20_04.F.15_01,5,1586.0,1810.0,1698.0
n2_TS,n2,TS,tai20_20_04.F.15_01,6,1585.0,1804.0,1694.5
n2_TS,n2,TS,tai20_20_04.F.15_01,7,1556.0,1782.0,1669.0
n2_TS,n2,TS,tai20_20_04.F.15_01,8,1592.0,1814.0,1703.0
n2_TS,n2,TS,tai20_20_04.F.15_01,9,1553.0,1828.0,1690.5
n2_TS,n2,TS,tai20_20_04.F.15_01,10,1571.0,1815.0,1693.0
n2_TS,n2,TS,tai20_20_04.F.15_01,11,1562.0,1814.0,1688.0
n2_TS,n2,TS,tai20_20_04.F.15_01,12,1552.0,1783.0,1667.5
n2_TS,n2,TS,tai20_20_04.F.15_01,13,1578.0,1810.0,1694.0
n2_TS,n2,TS,tai20_20_04.F.15_01,14,1582.0,1814.0,1698.0
n2_TS,n2,TS,tai20_20_04.F.15_01,15,1581.0,1822.0,1701.5
n2_TS,n2,TS,tai20_20_04.F.15_01,16,1562.0,1814.0,1688.0
n2_TS,n2,TS,tai20_20_04.F.15_01,17,1566.0,1814.0,1690.0
n2_TS,n2,TS,tai20_20_04.F.15_01,18,1592.0,1805.0,1698.5
n2_TS,n2,TS,tai20_20_04.F.15_01,19,1591.0,1815.0,1703.0
n2_TS,n2,TS,tai20_20_04.F.15_01,20,1579.0,1804.0,1691.5
n2_TS,n2,TS,tai20_20_04.F.15_01,21,1562.0,1814.0,1688.0
n2_TS,n2,TS,tai20_20_04.F.15_01,22,1569.0,1810.0,1689.5
n2_TS,n2,TS,tai20_20_04.F.15_01,23,1582.0,1840.0,1711.0
n2_TS,n2,TS,tai20_20_04.F.15_01,24,1571.0,1797.0,1684.0
n2_TS,n2,TS,tai20_20_04.F.15_01,25,1576.0,1788.0,1682.0
n2_TS,n2,TS,tai20_20_04.F.15_01,26,1573.0,1794.0,1683.5
n2_TS,n2,TS,tai20_20_04.F.15_01,27,1586.0,1799.0,1692.5
n2_TS,n2,TS,tai20_20_04.F.15_01,28,1556.0,1783.0,1669.5
n2_TS,n2,TS,tai20_20_04.F.15_01,29,1586.0,1810.0,1698.0
n2_TS,n2,TS,tai20_20_04.F.15_01,30,1583.0,1808.0,1695.5
n2_TS,n2,TS,tai20_20_05.F.15_01,1,1565.0,1753.0,1659.0
n2_TS,n2,TS,tai20_20_05.F.15_01,2,1548.0,1746.0,1647.0
n2_TS,n2,TS,tai20_20_05.F.15_01,3,1540.0,1770.0,1655.0
n2_TS,n2,TS,tai20_20_05.F.15_01,4,1540.0,1760.0,1650.0
n2_TS,n2,TS,tai20_20_05.F.15_01,5,1563.0,1775.0,1669.0
n2_TS,n2,TS,tai20_20_05.F.15_01,6,1552.0,1751.0,1651.5
n2_TS,n2,TS,tai20_20_05.F.15_01,7,1551.0,1740.0,1645.5
n2_TS,n2,TS,tai20_20_05.F.15_01,8,1559.0,1748.0,1653.5
n2_TS,n2,TS,tai20_20_05.F.15_01,9,1560.0,1748.0,1654.0
n2_TS,n2,TS,tai20_20_05.F.15_01,10,1540.0,1750.0,1645.0
n2_TS,n2,TS,tai20_20_05.F.15_01,11,1562.0,1773.0,1667.5
n2_TS,n2,TS,tai20_20_05.F.15_01,12,1560.0,1746.0,1653.0
n2_TS,n2,TS,tai20_20_05.F.15_01,13,1570.0,1763.0,1666.5
n2_TS,n2,TS,tai20_20_05.F.15_01,14,1544.0,1760.0,1652.0
n2_TS,n2,TS,tai20_20_05.F.15_01,15,1560.0,1771.0,1665.5
n2_TS,n2,TS,tai20_20_05.F.15_01,16,1560.0,1770.0,1665.0
n2_TS,n2,TS,tai20_20_05.F.15_01,17,1595.0,1777.0,1686.0
n2_TS,n2,TS,tai20_20_05.F.15_01,18,1563.0,1791.0,1677.0
n2_TS,n2,TS,tai20_20_05.F.15_01,19,1553.0,1739.0,1646.0
n2_TS,n2,TS,tai20_20_05.F.15_01,20,1554.0,1735.0,1644.5
n2_TS,n2,TS,tai20_20_05.F.15_01,21,1570.0,1762.0,1666.0
n2_TS,n2,TS,tai20_20_05.F.15_01,22,1564.0,1764.0,1664.0
n2_TS,n2,TS,tai20_20_05.F.15_01,23,1578.0,1776.0,1677.0
n2_TS,n2,TS,tai20_20_05.F.15_01,24,1573.0,1766.0,1669.5
n2_TS,n2,TS,tai20_20_05.F.15_01,25,1543.0,1761.0,1652.0
n2_TS,n2,TS,tai20_20_05.F.15_01,26,1562.0,1760.0,1661.0
n2_TS,n2,TS,tai20_20_05.F.15_01,27,1529.0,1746.0,1637.5
n2_TS,n2,TS,tai20_20_05.F.15_01,28,1584.0,1754.0,1669.0
n2_TS,n2,TS,tai20_20_05.F.15_01,29,1543.0,1770.0,1656.5
n2_TS,n2,TS,tai20_20_05.F.15_01,30,1585.0,1758.0,1671.5
n2_TS,n2,TS,tai20_20_06.F.15_01,1,1590.0,1812.0,1701.0
n2_TS,n2,TS,tai20_20_06.F.15_01,2,1613.0,1830.0,1721.5
n2_TS,n2,TS,tai20_20_06.F.15_01,3,1600.0,1820.0,1710.0
n2_TS,n2,TS,tai20_20_06.F.15_01,4,1597.0,1807.0,1702.0
n2_TS,n2,TS,tai20_20_06.F.15_01,5,1608.0,1807.0,1707.5
n2_TS,n2,TS,tai20_20_06.F.15_01,6,1623.0,1805.0,1714.0
n2_TS,n2,TS,tai20_20_06.F.15_01,7,1598.0,1802.0,1700.0
n2_TS,n2,TS,tai20_20_06.F.15_01,8,1599.0,1795.0,1697.0
n2_TS,n2,TS,tai20_20_06.F.15_01,9,1643.0,1828.0,1735.5
n2_TS,n2,TS,tai20_20_06.F.15_01,10,1606.0,1804.0,1705.0
n2_TS,n2,TS,tai20_20_06.F.15_01,11,1621.0,1822.0,1721.5
n2_TS,n2,TS,tai20_20_06.F.15_01,12,1630.0,1813.0,1721.5
n2_TS,n2,TS,tai20_20_06.F.15_01,13,1622.0,1828.0,1725.0
n2_TS,n2,TS,tai20_20_06.F.15_01,14,1617.0,1805.0,1711.0
n2_TS,n2,TS,tai20_20_06.F.15_01,15,1650.0,1851.0,1750.5
n2_TS,n2,TS,tai20_20_06.F.15_01,16,1609.0,1813.0,1711.0
n2_TS,n2,TS,tai20_20_06.F.15_01,17,1614.0,1806.0,1710.0
n2_TS,n2,TS,tai20_20_06.F.15_01,18,1633.0,1830.0,1731.5
n2_TS,n2,TS,tai20_20_06.F.15_01,19,1654.0,1829.0,1741.5
n2_TS,n2,TS,tai20_20_06.F.15_01,20,1613.0,1816.0,1714.5
n2_TS,n2,TS,tai20_20_06.F.15_01,21,1638.0,1816.0,1727.0
n2_TS,n2,TS,tai20_20_06.F.15_01,22,1631.0,1819.0,1725.0
n2_TS,n2,TS,tai20_20_06.F.15_01,23,1595.0,1807.0,1701.0
n2_TS,n2,TS,tai20_20_06.F.15_01,24,1636.0,1809.0,1722.5
n2_TS,n2,TS,tai20_20_06.F.15_01,25,1623.0,1819.0,1721.0
n2_TS,n2,TS,tai20_20_06.F.15_01,26,1601.0,1814.0,1707.5
n2_TS,n2,TS,tai20_20_06.F.15_01,27,1637.0,1842.0,1739.5
n2_TS,n2,TS,tai20_20_06.F.15_01,28,1642.0,1842.0,1742.0
n2_TS,n2,TS,tai20_20_06.F.15_01,29,1612.0,1808.0,1710.0
n2_TS,n2,TS,tai20_20_06.F.15_01,30,1633.0,1828.0,1730.5
n2_TS,n2,TS,tai20_20_07.F.15_01,1,1642.0,1849.0,1745.5
n2_TS,n2,TS,tai20_20_07.F.15_01,2,1608.0,1826.0,1717.0
n2_TS,n2,TS,tai20_20_07.F.15_01,3,1665.0,1838.0,1751.5
n2_TS,n2,TS,tai20_20_07.F.15_01,4,1621.0,1825.0,1723.0
n2_TS,n2,TS,tai20_20_07.F.15_01,5,1621.0,1841.0,1731.0
n2_TS,n2,TS,tai20_20_07.F.15_01,6,1624.0,1844.0,1734.0
n2_TS,n2,TS,tai20_20_07.F.15_01,7,1643.0,1841.0,1742.0
n2_TS,n2,TS,tai20_20_07.F.15_01,8,1652.0,1839.0,1745.5
n2_TS,n2,TS,tai20_20_07.F.15_01,9,1638.0,1848.0,1743.0
n2_TS,n2,TS,tai20_20_07.F.15_01,10,1654.0,1836.0,1745.0
n2_TS,n2,TS,tai20_20_07.F.15_01,11,1637.0,1835.0,1736.0
n2_TS,n2,TS,tai20_20_07.F.15_01,12,1659.0,1846.0,1752.5
n2_TS,n2,TS,tai20_20_07.F.15_01,13,1653.0,1835.0,1744.0
n2_TS,n2,TS,tai20_20_07.F.15_01,14,1640.0,1830.0,1735.0
n2_TS,n2,TS,tai20_20_07.F.15_01,15,1609.0,1835.0,1722.0
n2_TS,n2,TS,tai20_20_07.F.15_01,16,1637.0,1829.0,1733.0
n2_TS,n2,TS,tai20_20_07.F.15_01,17,1639.0,1833.0,1736.0
n2_TS,n2,TS,tai20_20_07.F.15_01,18,1624.0,1832.0,1728.0
n2_TS,n2,TS,tai20_20_07.F.15_01,19,1644.0,1837.0,1740.5
n2_TS,n2,TS,tai20_20_07.F.15_01,20,1629.0,1824.0,1726.5
n2_TS,n2,TS,tai20_20_07.F.15_01,21,1659.0,1839.0,1749.0
n2_TS,n2,TS,tai20_20_07.F.15_01,22,1607.0,1827.0,1717.0
n2_TS,n2,TS,tai20_20_07.F.15_01,23,1651.0,1841.0,1746.0
n2_TS,n2,TS,tai20_20_07.F.15_01,24,1620.0,1825.0,1722.5
n2_TS,n2,TS,tai20_20_07.F.15_01,25,1623.0,1833.0,1728.0
n2_TS,n2,TS,tai20_20_07.F.15_01,26,1631.0,1846.0,1738.5
n2_TS,n2,TS,tai20_20_07.F.15_01,27,1639.0,1833.0,1736.0
n2_TS,n2,TS,tai20_20_07.F.15_01,28,1646.0,1838.0,1742.0
n2_TS,n2,TS,tai20_20_07.F.15_01,29,1636.0,1835.0,1735.5
n2_TS,n2,TS,tai20_20_07.F.15_01,30,1638.0,1827.0,1732.5
n2_TS,n2,TS,tai20_20_08.F.15_01,1,1562.0,1756.0,1659.0
n2_TS,n2,TS,tai20_20_08.F.15_01,2,1532.0,1756.0,1644.0
n2_TS,n2,TS,tai20_20_08.F.15_01,3,1537.0,1751.0,1644.0
n2_TS,n2,TS,tai20_20_08.F.15_01,4,1528.0,1751.0,1639.5
n2_TS,n2,TS,tai20_20_08.F.15_01,5,1563.0,1747.0,1655.0
n2_TS,n2,TS,tai20_20_08.F.15_01,6,1581.0,1782.0,1681.5
n2_TS,n2,TS,tai20_20_08.F.15_01,7,1557.0,1778.0,1667.5
n2_TS,n2,TS,tai20_20_08.F.15_01,8,1585.0,1753.0,1669.0
n2_TS,n2,TS,tai20_20_08.F.15_01,9,1555.0,1751.0,1653.0
n2_TS,n2,TS,tai20_20_08.F.15_01,10,1565.0,1765.0,1665.0
n2_TS,n2,TS,tai20_20_08.F.15_01,11,1573.0,1750.0,1661.5
n2_TS,n2,TS,tai20_20_08.F.15_01,12,1551.0,1754.0,1652.5
n2_TS,n2,TS,tai20_20_08.F.15_01,13,1538.0,1758.0,1648.0
n2_TS,n2,TS,tai20_20_08.F.15_01,14,1559.0,1759.0,1659.0
n2_TS,n2,TS,tai20_20_08.F.15_01,15,1562.0,1783.0,1672.5
n2_TS,n2,TS,tai20_20_08.F.15_01,16,1576.0,1776.0,1676.0
n2_TS,n2,TS,tai20_20_08.F.15_01,17,1535.0,1741.0,1638.0
n2_TS,n2,TS,tai20_20_08.F.15_01,18,1536.0,1767.0,1651.5
n2_TS,n2,TS,tai20_20_08.F.15_01,19,1570.0,1747.0,1658.5
n2_TS,n2,TS,tai20_20_08.F.15_01,20,1524.0,1756.0,1640.0
n2_TS,n2,TS,tai20_20_08.F.15_01,21,1558.0,1754.0,1656.0
n2_TS,n2,TS,tai20_20_08.F.15_01,22,1559.0,1751.0,1655.0
n2_TS,n2,TS,tai20_20_08.F.15_01,23,1562.0,1753.0,1657.5
n2_TS,n2,TS,tai20_20_08.F.15_01,24,1546.0,1758.0,1652.0
n2_TS,n2,TS,tai20_20_08.F.15_01,25,1549.0,1752.0,1650.5
n2_TS,n2,TS,tai20_20_08.F.15_01,26,1535.0,1751.0,1643.0
n2_TS,n2,TS,tai20_20_08.F.15_01,27,1574.0,1754.0,1664.0
n2_TS,n2,TS,tai20_20_08.F.15_01,28,1564.0,1768.0,1666.0
n2_TS,n2,TS,tai20_20_08.F.15_01,29,1543.0,1734.0,1638.5
n2_TS,n2,TS,tai20_20_08.F.15_01,30,1533.0,1758.0,1645.5
n2_TS,n2,TS,tai20_20_09.F.15_01,1,1573.0,1759.0,1666.0
n2_TS,n2,TS,tai20_20_09.F.15_01,2,1569.0,1745.0,1657.0
n2_TS,n2,TS,tai20_20_09.F.15_01,3,1568.0,1756.0,1662.0
n2_TS,n2,TS,tai20_20_09.F.15_01,4,1558.0,1771.0,1664.5
n2_TS,n2,TS,tai20_20_09.F.15_01,5,1582.0,1756.0,1669.0
n2_TS,n2,TS,tai20_20_09.F.15_01,6,1574.0,1767.0,1670.5
n2_TS,n2,TS,tai20_20_09.F.15_01,7,1602.0,1766.0,1684.0
n2_TS,n2,TS,tai20_20_09.F.15_01,8,1553.0,1757.0,1655.0
n2_TS,n2,TS,tai20_20_09.F.15_01,9,1570.0,1747.0,1658.5
n2_TS,n2,TS,tai20_20_09.F.15_01,10,1548.0,1756.0,1652.0
n2_TS,n2,TS,tai20_20_09.F.15_01,11,1609.0,1776.0,1692.5
n2_TS,n2,TS,tai20_20_09.F.15_01,12,1568.0,1757.0,1662.5
n2_TS,n2,TS,tai20_20_09.F.15_01,13,1582.0,1767.0,1674.5
n2_TS,n2,TS,tai20_20_09.F.15_01,14,1562.0,1745.0,1653.5
n2_TS,n2,TS,tai20_20_09.F.15_01,15,1569.0,1756.0,1662.5
n2_TS,n2,TS,tai20_20_09.F.15_01,16,1548.0,1756.0,1652.0
n2_TS,n2,TS,tai20_20_09.F.15_01,17,1585.0,1746.0,1665.5
n2_TS,n2,TS,tai20_20_09.F.15_01,18,1577.0,1757.0,1667.0
n2_TS,n2,TS,tai20_20_09.F.15_01,19,1548.0,1756.0,1652.0
n2_TS,n2,TS,tai20_20_09.F.15_01,20,1592.0,1759.0,1675.5
n2_TS,n2,TS,tai20_20_09.F.15_01,21,1550.0,1761.0,1655.5
n2_TS,n2,TS,tai20_20_09.F.15_01,22,1556.0,1759.0,1657.5
n2_TS,n2,TS,tai20_20_09.F.15_01,23,1572.0,1755.0,1663.5
n2_TS,n2,TS,tai20_20_09.F.15_01,24,1554.0,1760.0,1657.0
n2_TS,n2,TS,tai20_20_09.F.15_01,25,1562.0,1755.0,1658.5
n2_TS,n2,TS,tai20_20_09.F.15_01,26,1573.0,1751.0,1662.0
n2_TS,n2,TS,tai20_20_09.F.15_01,27,1601.0,1747.0,1674.0
n2_TS,n2,TS,tai20_20_09.F.15_01,28,1563.0,1763.0,1663.0
n2_TS,n2,TS,tai20_20_09.F.15_01,29,1570.0,1756.0,1663.0
n2_TS,n2,TS,tai20_20_09.F.15_01,30,1564.0,1763.0,1663.5
n2_TS,n2,TS,tai20_20_10.F.15_01,1,1537.0,1757.0,1647.0
n2_TS,n2,TS,tai20_20_10.F.15_01,2,1549.0,1731.0,1640.0
n2_TS,n2,TS,tai20_20_10.F.15_01,3,1552.0,1737.0,1644.5
n2_TS,n2,TS,tai20_20_10.F.15_01,4,1551.0,1718.0,1634.5
n2_TS,n2,TS,tai20_20_10.F.15_01,5,1568.0,1756.0,1662.0
n2_TS,n2,TS,tai20_20_10.F.15_01,6,1532.0,1719.0,1625.5
n2_TS,n2,TS,tai20_20_10.F.15_01,7,1548.0,1752.0,1650.0
n2_TS,n2,TS,tai20_20_10.F.15_01,8,1580.0,1748.0,1664.0
n2_TS,n2,TS,tai20_20_10.F.15_01,9,1523.0,1716.0,1619.5
n2_TS,n2,TS,tai20_20_10.F.15_01,10,1533.0,1743.0,1638.0
n2_TS,n2,TS,tai20_20_10.F.15_01,11,1538.0,1723.0,1630.5
n2_TS,n2,TS,tai20_20_10.F.15_01,12,1515.0,1725.0,1620.0
n2_TS,n2,TS,tai20_20_10.F.15_01,13,1539.0,1733.0,1636.0
n2_TS,n2,TS,tai20_20_10.F.15_01,14,1550.0,1711.0,1630.5
n2_TS,n2,TS,tai20_20_10.F.15_01,15,1538.0,1715.0,1626.5
n2_TS,n2,TS,tai20_20_10.F.15_01,16,1534.0,1754.0,1644.0
n2_TS,n2,TS,tai20_20_10.F.15_01,17,1566.0,1728.0,1647.0
n2_TS,n2,TS,tai20_20_10.F.15_01,18,1544.0,1738.0,1641.0
n2_TS,n2,TS,tai20_20_10.F.15_01,19,1558.0,1746.0,1652.0
n2_TS,n2,TS,tai20_20_10.F.15_01,20,1539.0,1729.0,1634.0
n2_TS,n2,TS,tai20_20_10.F.15_01,21,1518.0,1743.0,1630.5
n2_TS,n2,TS,tai20_20_10.F.15_01,22,1528.0,1743.0,1635.5
n2_TS,n2,TS,tai20_20_10.F.15_01,23,1571.0,1710.0,1640.5
n2_TS,n2,TS,tai20_20_10.F.15_01,24,1531.0,1731.0,1631.0
n2_TS,n2,TS,tai20_20_10.F.15_01,25,1534.0,1726.0,1630.0
n2_TS,n2,TS,tai20_20_10.F.15_01,26,1526.0,1736.0,1631.0
n2_TS,n2,TS,tai20_20_10.F.15_01,27,1533.0,1717.0,1625.0
n2_TS,n2,TS,tai20_20_10.F.15_01,28,1529.0,1743.0,1636.0
n2_TS,n2,TS,tai20_20_10.F.15_01,29,1551.0,1725.0,1638.0
n2_TS,n2,TS,tai20_20_10.F.15_01,30,1523.0,1726.0,1624.5
n2_TS,n2,TS,tai30_15_01.F.15_01,1,1715.0,1941.0,1828.0
n2_TS,n2,TS,tai30_15_01.F.15_01,2,1666.0,1898.0,1782.0
n2_TS,n2,TS,tai30_15_01.F.15_01,3,1676.0,1909.0,1792.5
n2_TS,n2,TS,tai30_15_01.F.15_01,4,1678.0,1903.0,1790.5
n2_TS,n2,TS,tai30_15_01.F.15_01,5,1668.0,1907.0,1787.5
n2_TS,n2,TS,tai30_15_01.F.15_01,6,1690.0,1920.0,1805.0
n2_TS,n2,TS,tai30_15_01.F.15_01,7,1700.0,1922.0,1811.0
n2_TS,n2,TS,tai30_15_01.F.15_01,8,1693.0,1932.0,1812.5
n2_TS,n2,TS,tai30_15_01.F.15_01,9,1678.0,1912.0,1795.0
n2_TS,n2,TS,tai30_15_01.F.15_01,10,1674.0,1922.0,1798.0
n2_TS,n2,TS,tai30_15_01.F.15_01,11,1668.0,1898.0,1783.0
n2_TS,n2,TS,tai30_15_01.F.15_01,12,1658.0,1906.0,1782.0
n2_TS,n2,TS,tai30_15_01.F.15_01,13,1674.0,1903.0,1788.5
n2_TS,n2,TS,tai30_15_01.F.15_01,14,1689.0,1928.0,1808.5
n2_TS,n2,TS,tai30_15_01.F.15_01,15,1678.0,1917.0,1797.5
n2_TS,n2,TS,tai30_15_01.F.15_01,16,1669.0,1902.0,1785.5
n2_TS,n2,TS,tai30_15_01.F.15_01,17,1686.0,1917.0,1801.5
n2_TS,n2,TS,tai30_15_01.F.15_01,18,1677.0,1909.0,1793.0
n2_TS,n2,TS,tai30_15_01.F.15_01,19,1689.0,1924.0,1806.5
n2_TS,n2,TS,tai30_15_01.F.15_01,20,1682.0,1930.0,1806.0
n2_TS,n2,TS,tai30_15_01.F.15_01,21,1666.0,1922.0,1794.0
n2_TS,n2,TS,tai30_15_01.F.15_01,22,1684.0,1924.0,1804.0
n2_TS,n2,TS,tai30_15_01.F.15_01,23,1701.0,1921.0,1811.0
n2_TS,n2,TS,tai30_15_01.F.15_01,24,1692.0,1910.0,1801.0
n2_TS,n2,TS,tai30_15_01.F.15_01,25,1671.0,1915.0,1793.0
n2_TS,n2,TS,tai30_15_01.F.15_01,26,1686.0,1903.0,1794.5
n2_TS,n2,TS,tai30_15_01.F.15_01,27,1695.0,1919.0,1807.0
n2_TS,n2,TS,tai30_15_01.F.15_01,28,1683.0,1921.0,1802.0
n2_TS,n2,TS,tai30_15_01.F.15_01,29,1678.0,1909.0,1793.5
n2_TS,n2,TS,tai30_15_01.F.15_01,30,1698.0,1924.0,1811.0
n2_TS,n2,TS,tai30_15_02.F.15_01,1,1749.0,2031.0,1890.0
n2_TS,n2,TS,tai30_15_02.F.15_01,2,1761.0,2012.0,1886.5
n2_TS,n2,TS,tai30_15_02.F.15_01,3,1720.0,2017.0,1868.5
n2_TS,n2,TS,tai30_15_02.F.15_01,4,1715.0,2017.0,1866.0
n2_TS,n2,TS,tai30_15_02.F.15_01,5,1707.0,2017.0,1862.0
n2_TS,n2,TS,tai30_15_02.F.15_01,6,1733.0,2026.0,1879.5
n2_TS,n2,TS,tai30_15_02.F.15_01,7,1703.0,2017.0,1860.0
n2_TS,n2,TS,tai30_15_02.F.15_01,8,1736.0,2002.0,1869.0
n2_TS,n2,TS,tai30_15_02.F.15_01,9,1732.0,2017.0,1874.5
n2_TS,n2,TS,tai30_15_02.F.15_01,10,1739.0,2030.0,1884.5
n2_TS,n2,TS,tai30_15_02.F.15_01,11,1740.0,2023.0,1881.5
n2_TS,n2,TS,tai30_15_02.F.15_01,12,1717.0,1998.0,1857.5
n2_TS,n2,TS,tai30_15_02.F.15_01,13,1723.0,2017.0,1870.0
n2_TS,n2,TS,tai30_15_02.F.15_01,14,1703.0,2017.0,1860.0
n2_TS,n2,TS,tai30_15_02.F.15_01,15,1747.0,2009.0,1878.0
n2_TS,n2,TS,tai30_15_02.F.15_01,16,1756.0,1998.0,1877.0
n2_TS,n2,TS,tai30_15_02.F.15_01,17,1730.0,1975.0,1852.5
n2_TS,n2,TS,tai30_15_02.F.15_01,18,1703.0,2017.0,1860.0
n2_TS,n2,TS,tai30_15_02.F.15_01,19,1725.0,1987.0,1856.0
n2_TS,n2,TS,tai30_15_02.F.15_01,20,1723.0,1985.0,1854.0
n2_TS,n2,TS,tai30_15_02.F.15_01,21,1717.0,1979.0,1848.0
n2_TS,n2,TS,tai30_15_02.F.15_01,22,1740.0,1975.0,1857.5
n2_TS,n2,TS,tai30_15_02.F.15_01,23,1737.0,2035.0,1886.0
n2_TS,n2,TS,tai30_15_02.F.15_01,24,1722.0,2017.0,1869.5
n2_TS,n2,TS,tai30_15_02.F.15_01,25,1732.0,2017.0,1874.5
n2_TS,n2,TS,tai30_15_02.F.15_01,26,1708.0,2012.0,1860.0
n2_TS,n2,TS,tai30_15_02.F.15_01,27,1713.0,2008.0,1860.5
n2_TS,n2,TS,tai30_15_02.F.15_01,28,1741.0,2013.0,1877.0
n2_TS,n2,TS,tai30_15_02.F.15_01,29,1740.0,2026.0,1883.0
n2_TS,n2,TS,tai30_15_02.F.15_01,30,1711.0,1986.0,1848.5
n2_TS,n2,TS,tai30_15_03.F.15_01,1,1728.0,2002.0,1865.0
n2_TS,n2,TS,tai30_15_03.F.15_01,2,1753.0,2011.0,1882.0
n2_TS,n2,TS,tai30_15_03.F.15_01,3,1750.0,2024.0,1887.0
n2_TS,n2,TS,tai30_15_03.F.15_01,4,1760.0,2001.0,1880.5
n2_TS,n2,TS,tai30_15_03.F.15_01,5,1752.0,2003.0,1877.5
n2_TS,n2,TS,tai30_15_03.F.15_01,6,1729.0,1985.0,1857.0
n2_TS,n2,TS,tai30_15_03.F.15_01,7,1714.0,1996.0,1855.0
n2_TS,n2,TS,tai30_15_03.F.15_01,8,1762.0,2016.0,1889.0
n2_TS,n2,TS,tai30_15_03.F.15_01,9,1752.0,2010.0,1881.0
n2_TS,n2,TS,tai30_15_03.F.15_01,10,1730.0,1998.0,1864.0
n2_TS,n2,TS,tai30_15_03.F.15_01,11,1715.0,1999.0,1857.0
n2_TS,n2,TS,tai30_15_03.F.15_01,12,1736.0,1990.0,1863.0
n2_TS,n2,TS,tai30_15_03.F.15_01,13,1747.0,2005.0,1876.0
n2_TS,n2,TS,tai30_15_03.F.15_01,14,1724.0,1990.0,1857.0
n2_TS,n2,TS,tai30_15_03.F.15_01,15,1730.0,1980.0,1855.0
n2_TS,n2,TS,tai30_15_03.F.15_01,16,1746.0,2024.0,1885.0
n2_TS,n2,TS,tai30_15_03.F.15_01,17,1728.0,1996.0,1862.0
n2_TS,n2,TS,tai30_15_03.F.15_01,18,1755.0,1998.0,1876.5
n2_TS,n2,TS,tai30_15_03.F.15_01,19,1758.0,2005.0,1881.5
n2_TS,n2,TS,tai30_15_03.F.15_01,20,1739.0,1994.0,1866.5
n2_TS,n2,TS,tai30_15_03.F.15_01,21,1752.0,2006.0,1879.0
n2_TS,n2,TS,tai30_15_03.F.15_01,22,1739.0,1996.0,1867.5
n2_TS,n2,TS,tai30_15_03.F.15_01,23,1728.0,2007.0,1867.5
n2_TS,n2,TS,tai30_15_03.F.15_01,24,1735.0,2014.0,1874.5
n2_TS,n2,TS,tai30_15_03.F.15_01,25,1731.0,1991.0,1861.0
n2_TS,n2,TS,tai30_15_03.F.15_01,26,1736.0,1996.0,1866.0
n2_TS,n2,TS,tai30_15_03.F.15_01,27,1736.0,2010.0,1873.0
n2_TS,n2,TS,tai30_15_03.F.15_01,28,1754.0,2016.0,1885.0
n2_TS,n2,TS,tai30_15_03.F.15_01,29,1727.0,2000.0,1863.5
n2_TS,n2,TS,tai30_15_03.F.15_01,30,1717.0,2002.0,1859.5
n2_TS,n2,TS,tai30_15_04.F.15_01,1,1788.0,2082.0,1935.0
n2_TS,n2,TS,tai30_15_04.F.15_01,2,1776.0,2058.0,1917.0
n2_TS,n2,TS,tai30_15_04.F.15_01,3,1778.0,2046.0,1912.0
n2_TS,n2,TS,tai30_15_04.F.15_01,4,1754.0,2031.0,1892.5
n2_TS,n2,TS,tai30_15_04.F.15_01,5,1791.0,2049.0,1920.0
n2_TS,n2,TS,tai30_15_04.F.15_01,6,1788.0,2042.0,1915.0
n2_TS,n2,TS,tai30_15_04.F.15_01,7,1803.0,2083.0,1943.0
n2_TS,n2,TS,tai30_15_04.F.15_01,8,1762.0,2046.0,1904.0
n2_TS,n2,TS,tai30_15_04.F.15_01,9,1784.0,2031.0,1907.5
n2_TS,n2,TS,tai30_15_04.F.15_01,10,1770.0,2031.0,1900.5
n2_TS,n2,TS,tai30_15_04.F.15_01,11,1754.0,2046.0,1900.0
n2_TS,n2,TS,tai30_15_04.F.15_01,12,1763.0,2032.0,1897.5
n2_TS,n2,TS,tai30_15_04.F.15_01,13,1776.0,2058.0,1917.0
n2_TS,n2,TS,tai30_15_04.F.15_01,14,1783.0,2083.0,1933.0
n2_TS,n2,TS,tai30_15_04.F.15_01,15,1788.0,2055.0,1921.5
n2_TS,n2,TS,tai30_15_04.F.15_01,16,1776.0,2045.0,1910.5
n2_TS,n2,TS,tai30_15_04.F.15_01,17,1760.0,2030.0,1895.0
n2_TS,n2,TS,tai30_15_04.F.15_01,18,1762.0,2058.0,1910.0
n2_TS,n2,TS,tai30_15_04.F.15_01,19,1810.0,2055.0,1932.5
n2_TS,n2,TS,tai30_15_04.F.15_01,20,1768.0,2058.0,1913.0
n2_TS,n2,TS,tai30_15_04.F.15_01,21,1771.0,2013.0,1892.0
n2_TS,n2,TS,tai30_15_04.F.15_01,22,1803.0,2081.0,1942.0
n2_TS,n2,TS,tai30_15_04.F.15_01,23,1808.0,2086.0,1947.0
n2_TS,n2,TS,tai30_15_04.F.15_01,24,1786.0,2055.0,1920.5
n2_TS,n2,TS,tai30_15_04.F.15_01,25,1782.0,2046.0,1914.0
n2_TS,n2,TS,tai30_15_04.F.15_01,26,1772.0,2033.0,1902.5
n2_TS,n2,TS,tai30_15_04.F.15_01,27,1755.0,2070.0,1912.5
n2_TS,n2,TS,tai30_15_04.F.15_01,28,1778.0,2081.0,1929.5
n2_TS,n2,TS,tai30_15_04.F.15_01,29,1747.0,2033.0,1890.0
n2_TS,n2,TS,tai30_15_04.F.15_01,30,1766.0,2046.0,1906.0
n2_TS,n2,TS,tai30_15_05.F.15_01,1,1856.0,2167.0,2011.5
n2_TS,n2,TS,tai30_15_05.F.15_01,2,1850.0,2167.0,2008.5
n2_TS,n2,TS,tai30_15_05.F.15_01,3,1854.0,2176.0,2015.0
n2_TS,n2,TS,tai30_15_05.F.15_01,4,1854.0,2176.0,2015.0
n2_TS,n2,TS,tai30_15_05.F.15_01,5,1847.0,2167.0,2007.0
n2_TS,n2,TS,tai30_15_05.F.15_01,6,1854.0,2176.0,2015.0
n2_TS,n2,TS,tai30_15_05.F.15_01,7,1854.0,2176.0,2015.0
n2_TS,n2,TS,tai30_15_05.F.15_01,8,1854.0,2176.0,2015.0
n2_TS,n2,TS,tai30_15_05.F.15_01,9,1847.0,2167.0,2007.0
n2_TS,n2,TS,tai30_15_05.F.15_01,10,1854.0,2176.0,2015.0
n2_TS,n2,TS,tai30_15_05.F.15_01,11,1857.0,2167.0,2012.0
n2_TS,n2,TS,tai30_15_05.F.15_01,12,1854.0,2176.0,2015.0
n2_TS,n2,TS,tai30_15_05.F.15_01,13,1847.0,2167.0,2007.0
n2_TS,n2,TS,tai30_15_05.F.15_01,14,1847.0,2167.0,2007.0
n2_TS,n2,TS,tai30_15_05.F.15_01,15,1847.0,2167.0,2007.0
n2_TS,n2,TS,tai30_15_05.F.15_01,16,1854.0,2176.0,2015.0
n2_TS,n2,TS,tai30_15_05.F.15_01,17,1854.0,2176.0,2015.0
n2_TS,n2,TS,tai30_15_05.F.15_01,18,1854.0,2176.0,2015.0
n2_TS,n2,TS,tai30_15_05.F.15_01,19,1854.0,2176.0,2015.0
n2_TS,n2,TS,tai30_15_05.F.15_01,20,1854.0,2176.0,2015.0
n2_TS,n2,TS,tai30_15_05.F.15_01,21,1854.0,2176.0,2015.0
n2_TS,n2,TS,tai30_15_05.F.15_01,22,1847.0,2167.0,2007.0
n2_TS,n2,TS,tai30_15_05.F.15_01,23,1854.0,2176.0,2015.0
n2_TS,n2,TS,tai30_15_05.F.15_01,24,1866.0,2188.0,2027.0
n2_TS,n2,TS,tai30_15_05.F.15_01,25,1854.0,2176.0,2015.0
n2_TS,n2,TS,tai30_15_05.F.15_01,26,1854.0,2176.0,2015.0
n2_TS,n2,TS,tai30_15_05.F.15_01,27,1847.0,2167.0,2007.0
n2_TS,n2,TS,tai30_15_05.F.15_01,28,1847.0,2167.0,2007.0
n2_TS,n2,TS,tai30_15_05.F.15_01,29,1847.0,2167.0,2007.0
n2_TS,n2,TS,tai30_15_05.F.15_01,30,1847.0,2167.0,2007.0
n2_TS,n2,TS,tai30_15_06.F.15_01,1,1774.0,2034.0,1904.0
n2_TS,n2,TS,tai30_15_06.F.15_01,2,1758.0,1991.0,1874.5
n2_TS,n2,TS,tai30_15_06.F.15_01,3,1743.0,1991.0,1867.0
n2_TS,n2,TS,tai30_15_06.F.15_01,4,1741.0,2002.0,1871.5
n2_TS,n2,TS,tai30_15_06.F.15_01,5,1741.0,1998.0,1869.5
n2_TS,n2,TS,tai30_15_06.F.15_01,6,1752.0,2036.0,1894.0
n2_TS,n2,TS,tai30_15_06.F.15_01,7,1727.0,1992.0,1859.5
n2_TS,n2,TS,tai30_15_06.F.15_01,8,1805.0,2046.0,1925.5
n2_TS,n2,TS,tai30_15_06.F.15_01,9,1733.0,2002.0,1867.5
n2_TS,n2,TS,tai30_15_06.F.15_01,10,1769.0,1991.0,1880.0
n2_TS,n2,TS,tai30_15_06.F.15_01,11,1713.0,1990.0,1851.5
n2_TS,n2,TS,tai30_15_06.F.15_01,12,1760.0,2009.0,1884.5
n2_TS,n2,TS,tai30_15_06.F.15_01,13,1744.0,1999.0,1871.5
n2_TS,n2,TS,tai30_15_06.F.15_01,14,1722.0,1989.0,1855.5
n2_TS,n2,TS,tai30_15_06.F.15_01,15,1754.0,1994.0,1874.0
n2_TS,n2,TS,tai30_15_06.F.15_01,16,1730.0,1973.0,1851.5
n2_TS,n2,TS,tai30_15_06.F.15_01,17,1744.0,1993.0,1868.5
n2_TS,n2,TS,tai30_15_06.F.15_01,18,1713.0,1974.0,1843.5
n2_TS,n2,TS,tai30_15_06.F.15_01,19,1765.0,2034.0,1899.5
n2_TS,n2,TS,tai30_15_06.F.15_01,20,1761.0,2022.0,1891.5
n2_TS,n2,TS,tai30_15_06.F.15_01,21,1713.0,1972.0,1842.5
n2_TS,n2,TS,tai30_15_06.F.15_01,22,1764.0,2003.0,1883.5
n2_TS,n2,TS,tai30_15_06.F.15_01,23,1737.0,1981.0,1859.0
n2_TS,n2,TS,tai30_15_06.F.15_01,24,1718.0,1994.0,1856.0
n2_TS,n2,TS,tai30_15_06.F.15_01,25,1750.0,2000.0,1875.0
n2_TS,n2,TS,tai30_15_06.F.15_01,26,1731.0,1977.0,1854.0
n2_TS,n2,TS,tai30_15_06.F.15_01,27,1735.0,1972.0,1853.5
n2_TS,n2,TS,tai30_15_06.F.15_01,28,1733.0,1998.0,1865.5
n2_TS,n2,TS,tai30_15_06.F.15_01,29,1726.0,1976.0,1851.0
n2_TS,n2,TS,tai30_15_06.F.15_01,30,1738.0,1996.0,1867.0
n2_TS,n2,TS,tai30_15_07.F.15_01,1,1683.0,1961.0,1822.0
n2_TS,n2,TS,tai30_15_07.F.15_01,2,1721.0,1987.0,1854.0
n2_TS,n2,TS,tai30_15_07.F.15_01,3,1726.0,1962.0,1844.0
n2_TS,n2,TS,tai30_15_07.F.15_01,4,1705.0,1958.0,1831.5
n2_TS,n2,TS,tai30_15_07.F.15_01,5,1703.0,1980.0,1841.5
n2_TS,n2,TS,tai30_15_07.F.15_01,6,1685.0,1969.0,1827.0
n2_TS,n2,TS,tai30_15_07.F.15_01,7,1707.0,1973.0,1840.0
n2_TS,n2,TS,tai30_15_07.F.15_01,8,1706.0,1968.0,1837.0
n2_TS,n2,TS,tai30_15_07.F.15_01,9,1691.0,1964.0,1827.5
n2_TS,n2,TS,tai30_15_07.F.15_01,10,1710.0,1988.0,1849.0
n2_TS,n2,TS,tai30_15_07.F.15_01,11,1709.0,1982.0,1845.5
n2_TS,n2,TS,tai30_15_07.F.15_01,12,1706.0,1982.0,1844.0
n2_TS,n2,TS,tai30_15_07.F.15_01,13,1732.0,1993.0,1862.5
n2_TS,n2,TS,tai30_15_07.F.15_01,14,1708.0,1962.0,1835.0
n2_TS,n2,TS,tai30_15_07.F.15_01,15,1693.0,1967.0,1830.0
n2_TS,n2,TS,tai30_15_07.F.15_01,16,1703.0,1973.0,1838.0
n2_TS,n2,TS,tai30_15_07.F.15_01,17,1711.0,1965.0,1838.0
n2_TS,n2,TS,tai30_15_07.F.15_01,18,1691.0,1965.0,1828.0
n2_TS,n2,TS,tai30_15_07.F.15_01,19,1693.0,1983.0,1838.0
n2_TS,n2,TS,tai30_15_07.F.15_01,20,1694.0,1973.0,1833.5
n2_TS,n2,TS,tai30_15_07.F.15_01,21,1733.0,1988.0,1860.5
n2_TS,n2,TS,tai30_15_07.F.15_01,22,1721.0,1984.0,1852.5
n2_TS,n2,TS,tai30_15_07.F.15_01,23,1702.0,1965.0,1833.5
n2_TS,n2,TS,tai30_15_07.F.15_01,24,1712.0,1982.0,1847.0
n2_TS,n2,TS,tai30_15_07.F.15_01,25,1697.0,1960.0,1828.5
n2_TS,n2,TS,tai30_15_07.F.15_01,26,1715.0,1967.0,1841.0
n2_TS,n2,TS,tai30_15_07.F.15_01,27,1703.0,1971.0,1837.0
n2_TS,n2,TS,tai30_15_07.F.15_01,28,1709.0,1968.0,1838.5
n2_TS,n2,TS,tai30_15_07.F.15_01,29,1703.0,1973.0,1838.0
n2_TS,n2,TS,tai30_15_07.F.15_01,30,1700.0,1966.0,1833.0
n2_TS,n2,TS,tai30_15_08.F.15_01,1,1631.0,1838.0,1734.5
n2_TS,n2,TS,tai30_15_08.F.15_01,2,1644.0,1867.0,1755.5
n2_TS,n2,TS,tai30_15_08.F.15_01,3,1625.0,1873.0,1749.0
n2_TS,n2,TS,tai30_15_08.F.15_01,4,1623.0,1870.0,1746.5
n2_TS,n2,TS,tai30_15_08.F.15_01,5,1634.0,1868.0,1751.0
n2_TS,n2,TS,tai30_15_08.F.15_01,6,1623.0,1849.0,1736.0
n2_TS,n2,TS,tai30_15_08.F.15_01,7,1627.0,1851.0,1739.0
n2_TS,n2,TS,tai30_15_08.F.15_01,8,1614.0,1841.0,1727.5
n2_TS,n2,TS,tai30_15_08.F.15_01,9,1609.0,1865.0,1737.0
n2_TS,n2,TS,tai30_15_08.F.15_01,10,1643.0,1858.0,1750.5
n2_TS,n2,TS,tai30_15_08.F.15_01,11,1626.0,1864.0,1745.0
n2_TS,n2,TS,tai30_15_08.F.15_01,12,1613.0,1879.0,1746.0
n2_TS,n2,TS,tai30_15_08.F.15_01,13,1621.0,1862.0,1741.5
n2_TS,n2,TS,tai30_15_08.F.15_01,14,1659.0,1868.0,1763.5
n2_TS,n2,TS,tai30_15_08.F.15_01,15,1624.0,1869.0,1746.5
n2_TS,n2,TS,tai30_15_08.F.15_01,16,1627.0,1856.0,1741.5
n2_TS,n2,TS,tai30_15_08.F.15_01,17,1628.0,1866.0,1747.0
n2_TS,n2,TS,tai30_15_08.F.15_01,18,1620.0,1846.0,1733.0
n2_TS,n2,TS,tai30_15_08.F.15_01,19,1596.0,1856.0,1726.0
n2_TS,n2,TS,tai30_15_08.F.15_01,20,1650.0,1871.0,1760.5
n2_TS,n2,TS,tai30_15_08.F.15_01,21,1633.0,1860.0,1746.5
n2_TS,n2,TS,tai30_15_08.F.15_01,22,1641.0,1861.0,1751.0
n2_TS,n2,TS,tai30_15_08.F.15_01,23,1653.0,1877.0,1765.0
n2_TS,n2,TS,tai30_15_08.F.15_01,24,1621.0,1854.0,1737.5
n2_TS,n2,TS,tai30_15_08.F.15_01,25,1622.0,1845.0,1733.5
n2_TS,n2,TS,tai30_15_08.F.15_01,26,1625.0,1857.0,1741.0
n2_TS,n2,TS,tai30_15_08.F.15_01,27,1622.0,1870.0,1746.0
n2_TS,n2,TS,tai30_15_08.F.15_01,28,1637.0,1867.0,1752.0
n2_TS,n2,TS,tai30_15_08.F.15_01,29,1651.0,1887.0,1769.0
n2_TS,n2,TS,tai30_15_08.F.15_01,30,1636.0,1873.0,1754.5
n2_TS,n2,TS,tai30_15_09.F.15_01,1,1709.0,1957.0,1833.0
n2_TS,n2,TS,tai30_15_09.F.15_01,2,1717.0,1964.0,1840.5
n2_TS,n2,TS,tai30_15_09.F.15_01,3,1726.0,1986.0,1856.0
n2_TS,n2,TS,tai30_15_09.F.15_01,4,1717.0,1963.0,1840.0
n2_TS,n2,TS,tai30_15_09.F.15_01,5,1719.0,1957.0,1838.0
n2_TS,n2,TS,tai30_15_09.F.15_01,6,1714.0,1957.0,1835.5
n2_TS,n2,TS,tai30_15_09.F.15_01,7,1716.0,1955.0,1835.5
n2_TS,n2,TS,tai30_15_09.F.15_01,8,1738.0,1986.0,1862.0
n2_TS,n2,TS,tai30_15_09.F.15_01,9,1717.0,1949.0,1833.0
n2_TS,n2,TS,tai30_15_09.F.15_01,10,1715.0,1951.0,1833.0
n2_TS,n2,TS,tai30_15_09.F.15_01,11,1723.0,1956.0,1839.5
n2_TS,n2,TS,tai30_15_09.F.15_01,12,1717.0,1957.0,1837.0
n2_TS,n2,TS,tai30_15_09.F.15_01,13,1730.0,1959.0,1844.5
n2_TS,n2,TS,tai30_15_09.F.15_01,14,1702.0,1953.0,1827.5
n2_TS,n2,TS,tai30_15_09.F.15_01,15,1732.0,1963.0,1847.5
n2_TS,n2,TS,tai30_15_09.F.15_01,16,1735.0,1977.0,1856.0
n2_TS,n2,TS,tai30_15_09.F.15_01,17,1723.0,1955.0,1839.0
n2_TS,n2,TS,tai30_15_09.F.15_01,18,1709.0,1957.0,1833.0
n2_TS,n2,TS,tai30_15_09.F.15_01,19,1711.0,1963.0,1837.0
n2_TS,n2,TS,tai30_15_09.F.15_01,20,1724.0,1962.0,1843.0
n2_TS,n2,TS,tai30_15_09.F.15_01,21,1738.0,1988.0,1863.0
n2_TS,n2,TS,tai30_15_09.F.15_01,22,1734.0,1978.0,1856.0
n2_TS,n2,TS,tai30_15_09.F.15_01,23,1715.0,1961.0,1838.0
n2_TS,n2,TS,tai30_15_09.F.15_01,24,1721.0,1959.0,1840.0
n2_TS,n2,TS,tai30_15_09.F.15_01,25,1727.0,1973.0,1850.0
n2_TS,n2,TS,tai30_15_09.F.15_01,26,1739.0,1985.0,1862.0
n2_TS,n2,TS,tai30_15_09.F.15_01,27,1738.0,1988.0,1863.0
n2_TS,n2,TS,tai30_15_09.F.15_01,28,1702.0,1940.0,1821.0
n2_TS,n2,TS,tai30_15_09.F.15_01,29,1721.0,1958.0,1839.5
n2_TS,n2,TS,tai30_15_09.F.15_01,30,1730.0,1962.0,1846.0
n2_TS,n2,TS,tai30_15_10.F.15_01,1,1640.0,1848.0,1744.0
n2_TS,n2,TS,tai30_15_10.F.15_01,2,1689.0,1886.0,1787.5
n2_TS,n2,TS,tai30_15_10.F.15_01,3,1639.0,1850.0,1744.5
n2_TS,n2,TS,tai30_15_10.F.15_01,4,1645.0,1869.0,1757.0
n2_TS,n2,TS,tai30_15_10.F.15_01,5,1651.0,1863.0,1757.0
n2_TS,n2,TS,tai30_15_10.F.15_01,6,1612.0,1828.0,1720.0
n2_TS,n2,TS,tai30_15_10.F.15_01,7,1632.0,1862.0,1747.0
n2_TS,n2,TS,tai30_15_10.F.15_01,8,1653.0,1866.0,1759.5
n2_TS,n2,TS,tai30_15_10.F.15_01,9,1657.0,1873.0,1765.0
n2_TS,n2,TS,tai30_15_10.F.15_01,10,1662.0,1867.0,1764.5
n2_TS,n2,TS,tai30_15_10.F.15_01,11,1659.0,1861.0,1760.0
n2_TS,n2,TS,tai30_15_10.F.15_01,12,1637.0,1843.0,1740.0
n2_TS,n2,TS,tai30_15_10.F.15_01,13,1637.0,1848.0,1742.5
n2_TS,n2,TS,tai30_15_10.F.15_01,14,1650.0,1882.0,1766.0
n2_TS,n2,TS,tai30_15_10.F.15_01,15,1663.0,1862.0,1762.5
n2_TS,n2,TS,tai30_15_10.F.15_01,16,1640.0,1842.0,1741.0
n2_TS,n2,TS,tai30_15_10.F.15_01,17,1639.0,1857.0,1748.0
n2_TS,n2,TS,tai30_15_10.F.15_01,18,1631.0,1861.0,1746.0
n2_TS,n2,TS,tai30_15_10.F.15_01,19,1642.0,1840.0,1741.0
n2_TS,n2,TS,tai30_15_10.F.15_01,20,1667.0,1885.0,1776.0
n2_TS,n2,TS,tai30_15_10.F.15_01,21,1670.0,1858.0,1764.0
n2_TS,n2,TS,tai30_15_10.F.15_01,22,1645.0,1854.0,1749.5
n2_TS,n2,TS,tai30_15_10.F.15_01,23,1654.0,1862.0,1758.0
n2_TS,n2,TS,tai30_15_10.F.15_01,24,1658.0,1852.0,1755.0
n2_TS,n2,TS,tai30_15_10.F.15_01,25,1615.0,1830.0,1722.5
n2_TS,n2,TS,tai30_15_10.F.15_01,26,1649.0,1857.0,1753.0
n2_TS,n2,TS,tai30_15_10.F.15_01,27,1643.0,1850.0,1746.5
n2_TS,n2,TS,tai30_15_10.F.15_01,28,1666.0,1851.0,1758.5
n2_TS,n2,TS,tai30_15_10.F.15_01,29,1643.0,1865.0,1754.0
n2_TS,n2,TS,tai30_15_10.F.15_01,30,1645.0,1864.0,1754.5
n2_TS,n2,TS,tai30_20_01.F.15_01,1,1979.0,2256.0,2117.5
n2_TS,n2,TS,tai30_20_01.F.15_01,2,1996.0,2283.0,2139.5
n2_TS,n2,TS,tai30_20_01.F.15_01,3,2026.0,2302.0,2164.0
n2_TS,n2,TS,tai30_20_01.F.15_01,4,1999.0,2274.0,2136.5
n2_TS,n2,TS,tai30_20_01.F.15_01,5,2035.0,2319.0,2177.0
n2_TS,n2,TS,tai30_20_01.F.15_01,6,2002.0,2258.0,2130.0
n2_TS,n2,TS,tai30_20_01.F.15_01,7,2012.0,2284.0,2148.0
n2_TS,n2,TS,tai30_20_01.F.15_01,8,1996.0,2281.0,2138.5
n2_TS,n2,TS,tai30_20_01.F.15_01,9,1999.0,2251.0,2125.0
n2_TS,n2,TS,tai30_20_01.F.15_01,10,1998.0,2272.0,2135.0
n2_TS,n2,TS,tai30_20_01.F.15_01,11,1981.0,2274.0,2127.5
n2_TS,n2,TS,tai30_20_01.F.15_01,12,2038.0,2295.0,2166.5
n2_TS,n2,TS,tai30_20_01.F.15_01,13,1946.0,2235.0,2090.5
n2_TS,n2,TS,tai30_20_01.F.15_01,14,1953.0,2235.0,2094.0
n2_TS,n2,TS,tai30_20_01.F.15_01,15,2026.0,2295.0,2160.5
n2_TS,n2,TS,tai30_20_01.F.15_01,16,2020.0,2302.0,2161.0
n2_TS,n2,TS,tai30_20_01.F.15_01,17,1973.0,2244.0,2108.5
n2_TS,n2,TS,tai30_20_01.F.15_01,18,1998.0,2271.0,2134.5
n2_TS,n2,TS,tai30_20_01.F.15_01,19,1969.0,2278.0,2123.5
n2_TS,n2,TS,tai30_20_01.F.15_01,20,1983.0,2257.0,2120.0
n2_TS,n2,TS,tai30_20_01.F.15_01,21,2019.0,2276.0,2147.5
n2_TS,n2,TS,tai30_20_01.F.15_01,22,2037.0,2296.0,2166.5
n2_TS,n2,TS,tai30_20_01.F.15_01,23,1971.0,2233.0,2102.0
n2_TS,n2,TS,tai30_20_01.F.15_01,24,1984.0,2246.0,2115.0
n2_TS,n2,TS,tai30_20_01.F.15_01,25,2002.0,2286.0,2144.0
n2_TS,n2,TS,tai30_20_01.F.15_01,26,2026.0,2271.0,2148.5
n2_TS,n2,TS,tai30_20_01.F.15_01,27,1987.0,2270.0,2128.5
n2_TS,n2,TS,tai30_20_01.F.15_01,28,2027.0,2299.0,2163.0
n2_TS,n2,TS,tai30_20_01.F.15_01,29,2028.0,2287.0,2157.5
n2_TS,n2,TS,tai30_20_01.F.15_01,30,2000.0,2278.0,2139.0
n2_TS,n2,TS,tai30_20_02.F.15_01,1,1901.0,2185.0,2043.0
n2_TS,n2,TS,tai30_20_02.F.15_01,2,1867.0,2173.0,2020.0
n2_TS,n2,TS,tai30_20_02.F.15_01,3,1913.0,2187.0,2050.0
n2_TS,n2,TS,tai30_20_02.F.15_01,4,1913.0,2192.0,2052.5
n2_TS,n2,TS,tai30_20_02.F.15_01,5,1899.0,2147.0,2023.0
n2_TS,n2,TS,tai30_20_02.F.15_01,6,1892.0,2178.0,2035.0
n2_TS,n2,TS,tai30_20_02.F.15_01,7,1915.0,2199.0,2057.0
n2_TS,n2,TS,tai30_20_02.F.15_01,8,1907.0,2189.0,2048.0
n2_TS,n2,TS,tai30_20_02.F.15_01,9,1876.0,2162.0,2019.0
n2_TS,n2,TS,tai30_20_02.F.15_01,10,1900.0,2196.0,2048.0
n2_TS,n2,TS,tai30_20_02.F.15_01,11,1923.0,2198.0,2060.5
n2_TS,n2,TS,tai30_20_02.F.15_01,12,1888.0,2153.0,2020.5
n2_TS,n2,TS,tai30_20_02.F.15_01,13,1922.0,2145.0,2033.5
n2_TS,n2,TS,tai30_20_02.F.15_01,14,1910.0,2189.0,2049.5
n2_TS,n2,TS,tai30_20_02.F.15_01,15,1914.0,2183.0,2048.5
n2_TS,n2,TS,tai30_20_02.F.15_01,16,1893.0,2169.0,2031.0
n2_TS,n2,TS,tai30_20_02.F.15_01,17,1884.0,2152.0,2018.0
n2_TS,n2,TS,tai30_20_02.F.15_01,18,1871.0,2187.0,2029.0
n2_TS,n2,TS,tai30_20_02.F.15_01,19,1938.0,2185.0,2061.5
n2_TS,n2,TS,tai30_20_02.F.15_01,20,1906.0,2186.0,2046.0
n2_TS,n2,TS,tai30_20_02.F.15_01,21,1891.0,2155.0,2023.0
n2_TS,n2,TS,tai30_20_02.F.15_01,22,1914.0,2184.0,2049.0
n2_TS,n2,TS,tai30_20_02.F.15_01,23,1888.0,2182.0,2035.0
n2_TS,n2,TS,tai30_20_02.F.15_01,24,1910.0,2165.0,2037.5
n2_TS,n2,TS,tai30_20_02.F.15_01,25,1909.0,2212.0,2060.5
n2_TS,n2,TS,tai30_20_02.F.15_01,26,1918.0,2189.0,2053.5
n2_TS,n2,TS,tai30_20_02.F.15_01,27,1866.0,2150.0,2008.0
n2_TS,n2,TS,tai30_20_02.F.15_01,28,1899.0,2165.0,2032.0
n2_TS,n2,TS,tai30_20_02.F.15_01,29,1941.0,2205.0,2073.0
n2_TS,n2,TS,tai30_20_02.F.15_01,30,1948.0,2213.0,2080.5
n2_TS,n2,TS,tai30_20_03.F.15_01,1,1830.0,2079.0,1954.5
n2_TS,n2,TS,tai30_20_03.F.15_01,2,1873.0,2135.0,2004.0
n2_TS,n2,TS,tai30_20_03.F.15_01,3,1814.0,2052.0,1933.0
n2_TS,n2,TS,tai30_20_03.F.15_01,4,1851.0,2094.0,1972.5
n2_TS,n2,TS,tai30_20_03.F.15_01,5,1851.0,2111.0,1981.0
n2_TS,n2,TS,tai30_20_03.F.15_01,6,1823.0,2099.0,1961.0
n2_TS,n2,TS,tai30_20_03.F.15_01,7,1822.0,2092.0,1957.0
n2_TS,n2,TS,tai30_20_03.F.15_01,8,1855.0,2124.0,1989.5
n2_TS,n2,TS,tai30_20_03.F.15_01,9,1852.0,2095.0,1973.5
n2_TS,n2,TS,tai30_20_03.F.15_01,10,1862.0,2100.0,1981.0
n2_TS,n2,TS,tai30_20_03.F.15_01,11,1854.0,2143.0,1998.5
n2_TS,n2,TS,tai30_20_03.F.15_01,12,1879.0,2120.0,1999.5
n2_TS,n2,TS,tai30_20_03.F.15_01,13,1836.0,2071.0,1953.5
n2_TS,n2,TS,tai30_20_03.F.15_01,14,1811.0,2048.0,1929.5
n2_TS,n2,TS,tai30_20_03.F.15_01,15,1832.0,2099.0,1965.5
n2_TS,n2,TS,tai30_20_03.F.15_01,16,1822.0,2059.0,1940.5
n2_TS,n2,TS,tai30_20_03.F.15_01,17,1857.0,2117.0,1987.0
n2_TS,n2,TS,tai30_20_03.F.15_01,18,1845.0,2080.0,1962.5
n2_TS,n2,TS,tai30_20_03.F.15_01,19,1865.0,2127.0,1996.0
n2_TS,n2,TS,tai30_20_03.F.15_01,20,1815.0,2076.0,1945.5
n2_TS,n2,TS,tai30_20_03.F.15_01,21,1870.0,2089.0,1979.5
n2_TS,n2,TS,tai30_20_03.F.15_01,22,1815.0,2063.0,1939.0
n2_TS,n2,TS,tai30_20_03.F.15_01,23,1826.0,2088.0,1957.0
n2_TS,n2,TS,tai30_20_03.F.15_01,24,1850.0,2087.0,1968.5
n2_TS,n2,TS,tai30_20_03.F.15_01,25,1835.0,2067.0,1951.0
n2_TS,n2,TS,tai30_20_03.F.15_01,26,1800.0,2023.0,1911.5
n2_TS,n2,TS,tai30_20_03.F.15_01,27,1839.0,2117.0,1978.0
n2_TS,n2,TS,tai30_20_03.F.15_01,28,1833.0,2061.0,1947.0
n2_TS,n2,TS,tai30_20_03.F.15_01,29,1882.0,2125.0,2003.5
n2_TS,n2,TS,tai30_20_03.F.15_01,30,1858.0,2111.0,1984.5
n2_TS,n2,TS,tai30_20_04.F.15_01,1,1962.0,2202.0,2082.0
n2_TS,n2,TS,tai30_20_04.F.15_01,2,1949.0,2189.0,2069.0
n2_TS,n2,TS,tai30_20_04.F.15_01,3,1971.0,2200.0,2085.5
n2_TS,n2,TS,tai30_20_04.F.15_01,4,1932.0,2188.0,2060.0
n2_TS,n2,TS,tai30_20_04.F.15_01,5,1978.0,2228.0,2103.0
n2_TS,n2,TS,tai30_20_04.F.15_01,6,1952.0,2234.0,2093.0
n2_TS,n2,TS,tai30_20_04.F.15_01,7,2037.0,2291.0,2164.0
n2_TS,n2,TS,tai30_20_04.F.15_01,8,1969.0,2222.0,2095.5
n2_TS,n2,TS,tai30_20_04.F.15_01,9,1996.0,2242.0,2119.0
n2_TS,n2,TS,tai30_20_04.F.15_01,10,1941.0,2181.0,2061.0
n2_TS,n2,TS,tai30_20_04.F.15_01,11,1961.0,2198.0,2079.5
n2_TS,n2,TS,tai30_20_04.F.15_01,12,1962.0,2191.0,2076.5
n2_TS,n2,TS,tai30_20_04.F.15_01,13,1926.0,2183.0,2054.5
n2_TS,n2,TS,tai30_20_04.F.15_01,14,1946.0,2192.0,2069.0
n2_TS,n2,TS,tai30_20_04.F.15_01,15,1934.0,2185.0,2059.5
n2_TS,n2,TS,tai30_20_04.F.15_01,16,1956.0,2190.0,2073.0
n2_TS,n2,TS,tai30_20_04.F.15_01,17,1932.0,2206.0,2069.0
n2_TS,n2,TS,tai30_20_04.F.15_01,18,1965.0,2194.0,2079.5
n2_TS,n2,TS,tai30_20_04.F.15_01,19,1957.0,2209.0,2083.0
n2_TS,n2,TS,tai30_20_04.F.15_01,20,1941.0,2196.0,2068.5
n2_TS,n2,TS,tai30_20_04.F.15_01,21,1959.0,2200.0,2079.5
n2_TS,n2,TS,tai30_20_04.F.15_01,22,1952.0,2203.0,2077.5
n2_TS,n2,TS,tai30_20_04.F.15_01,23,1991.0,2233.0,2112.0
n2_TS,n2,TS,tai30_20_04.F.15_01,24,1966.0,2210.0,2088.0
n2_TS,n2,TS,tai30_20_04.F.15_01,25,1950.0,2184.0,2067.0
n2_TS,n2,TS,tai30_20_04.F.15_01,26,1966.0,2192.0,2079.0
n2_TS,n2,TS,tai30_20_04.F.15_01,27,1975.0,2219.0,2097.0
n2_TS,n2,TS,tai30_20_04.F.15_01,28,1961.0,2197.0,2079.0
n2_TS,n2,TS,tai30_20_04.F.15_01,29,1911.0,2169.0,2040.0
n2_TS,n2,TS,tai30_20_04.F.15_01,30,1946.0,2222.0,2084.0
n2_TS,n2,TS,tai30_20_05.F.15_01,1,1955.0,2204.0,2079.5
n2_TS,n2,TS,tai30_20_05.F.15_01,2,1945.0,2177.0,2061.0
n2_TS,n2,TS,tai30_20_05.F.15_01,3,1964.0,2194.0,2079.0
n2_TS,n2,TS,tai30_20_05.F.15_01,4,1960.0,2218.0,2089.0
n2_TS,n2,TS,tai30_20_05.F.15_01,5,1962.0,2206.0,2084.0
n2_TS,n2,TS,tai30_20_05.F.15_01,6,1978.0,2223.0,2100.5
n2_TS,n2,TS,tai30_20_05.F.15_01,7,1950.0,2190.0,2070.0
n2_TS,n2,TS,tai30_20_05.F.15_01,8,1959.0,2196.0,2077.5
n2_TS,n2,TS,tai30_20_05.F.15_01,9,1962.0,2183.0,2072.5
n2_TS,n2,TS,tai30_20_05.F.15_01,10,1947.0,2180.0,2063.5
n2_TS,n2,TS,tai30_20_05.F.15_01,11,1953.0,2187.0,2070.0
n2_TS,n2,TS,tai30_20_05.F.15_01,12,1977.0,2227.0,2102.0
n2_TS,n2,TS,tai30_20_05.F.15_01,13,1945.0,2172.0,2058.5
n2_TS,n2,TS,tai30_20_05.F.15_01,14,1951.0,2193.0,2072.0
n2_TS,n2,TS,tai30_20_05.F.15_01,15,1963.0,2209.0,2086.0
n2_TS,n2,TS,tai30_20_05.F.15_01,16,1980.0,2241.0,2110.5
n2_TS,n2,TS,tai30_20_05.F.15_01,17,1967.0,2201.0,2084.0
n2_TS,n2,TS,tai30_20_05.F.15_01,18,1988.0,2231.0,2109.5
n2_TS,n2,TS,tai30_20_05.F.15_01,19,1966.0,2196.0,2081.0
n2_TS,n2,TS,tai30_20_05.F.15_01,20,1956.0,2194.0,2075.0
n2_TS,n2,TS,tai30_20_05.F.15_01,21,1953.0,2173.0,2063.0
n2_TS,n2,TS,tai30_20_05.F.15_01,22,1980.0,2200.0,2090.0
n2_TS,n2,TS,tai30_20_05.F.15_01,23,1963.0,2179.0,2071.0
n2_TS,n2,TS,tai30_20_05.F.15_01,24,1990.0,2209.0,2099.5
n2_TS,n2,TS,tai30_20_05.F.15_01,25,1957.0,2216.0,2086.5
n2_TS,n2,TS,tai30_20_05.F.15_01,26,1954.0,2215.0,2084.5
n2_TS,n2,TS,tai30_20_05.F.15_01,27,1968.0,2217.0,2092.5
n2_TS,n2,TS,tai30_20_05.F.15_01,28,1976.0,2183.0,2079.5
n2_TS,n2,TS,tai30_20_05.F.15_01,29,1958.0,2176.0,2067.0
n2_TS,n2,TS,tai30_20_05.F.15_01,30,1937.0,2165.0,2051.0
n2_TS,n2,TS,tai30_20_06.F.15_01,1,2013.0,2287.0,2150.0
n2_TS,n2,TS,tai30_20_06.F.15_01,2,1975.0,2236.0,2105.5
n2_TS,n2,TS,tai30_20_06.F.15_01,3,1957.0,2227.0,2092.0
n2_TS,n2,TS,tai30_20_06.F.15_01,4,1973.0,2227.0,2100.0
n2_TS,n2,TS,tai30_20_06.F.15_01,5,1993.0,2253.0,2123.0
n2_TS,n2,TS,tai30_20_06.F.15_01,6,2052.0,2297.0,2174.5
n2_TS,n2,TS,tai30_20_06.F.15_01,7,1994.0,2280.0,2137.0
n2_TS,n2,TS,tai30_20_06.F.15_01,8,1953.0,2234.0,2093.5
n2_TS,n2,TS,tai30_20_06.F.15_01,9,2030.0,2296.0,2163.0
n2_TS,n2,TS,tai30_20_06.F.15_01,10,2006.0,2285.0,2145.5
n2_TS,n2,TS,tai30_20_06.F.15_01,11,2000.0,2293.0,2146.5
n2_TS,n2,TS,tai30_20_06.F.15_01,12,1960.0,2223.0,2091.5
n2_TS,n2,TS,tai30_20_06.F.15_01,13,1978.0,2264.0,2121.0
n2_TS,n2,TS,tai30_20_06.F.15_01,14,1970.0,2241.0,2105.5
n2_TS,n2,TS,tai30_20_06.F.15_01,15,1992.0,2265.0,2128.5
n2_TS,n2,TS,tai30_20_06.F.15_01,16,1966.0,2256.0,2111.0
n2_TS,n2,TS,tai30_20_06.F.15_01,17,2017.0,2275.0,2146.0
n2_TS,n2,TS,tai30_20_06.F.15_01,18,2018.0,2296.0,2157.0
n2_TS,n2,TS,tai30_20_06.F.15_01,19,1968.0,2269.0,2118.5
n2_TS,n2,TS,tai30_20_06.F.15_01,20,1991.0,2240.0,2115.5
n2_TS,n2,TS,tai30_20_06.F.15_01,21,1984.0,2262.0,2123.0
n2_TS,n2,TS,tai30_20_06.F.15_01,22,1981.0,2260.0,2120.5
n2_TS,n2,TS,tai30_20_06.F.15_01,23,1975.0,2237.0,2106.0
n2_TS,n2,TS,tai30_20_06.F.15_01,24,1982.0,2282.0,2132.0
n2_TS,n2,TS,tai30_20_06.F.15_01,25,1983.0,2259.0,2121.0
n2_TS,n2,TS,tai30_20_06.F.15_01,26,1991.0,2250.0,2120.5
n2_TS,n2,TS,tai30_20_06.F.15_01,27,2020.0,2262.0,2141.0
n2_TS,n2,TS,tai30_20_06.F.15_01,28,2042.0,2291.0,2166.5
n2_TS,n2,TS,tai30_20_06.F.15_01,29,1982.0,2252.0,2117.0
n2_TS,n2,TS,tai30_20_06.F.15_01,30,2004.0,2273.0,2138.5
n2_TS,n2,TS,tai30_20_07.F.15_01,1,1904.0,2147.0,2025.5
n2_TS,n2,TS,tai30_20_07.F.15_01,2,1861.0,2113.0,1987.0
n2_TS,n2,TS,tai30_20_07.F.15_01,3,1858.0,2114.0,1986.0
n2_TS,n2,TS,tai30_20_07.F.15_01,4,1885.0,2144.0,2014.5
n2_TS,n2,TS,tai30_20_07.F.15_01,5,1909.0,2135.0,2022.0
n2_TS,n2,TS,tai30_20_07.F.15_01,6,1868.0,2118.0,1993.0
n2_TS,n2,TS,tai30_20_07.F.15_01,7,1869.0,2130.0,1999.5
n2_TS,n2,TS,tai30_20_07.F.15_01,8,1887.0,2119.0,2003.0
n2_TS,n2,TS,tai30_20_07.F.15_01,9,1889.0,2130.0,2009.5
n2_TS,n2,TS,tai30_20_07.F.15_01,10,1877.0,2132.0,2004.5
n2_TS,n2,TS,tai30_20_07.F.15_01,11,1885.0,2145.0,2015.0
n2_TS,n2,TS,tai30_20_07.F.15_01,12,1887.0,2149.0,2018.0
n2_TS,n2,TS,tai30_20_07.F.15_01,13,1878.0,2144.0,2011.0
n2_TS,n2,TS,tai30_20_07.F.15_01,14,1880.0,2117.0,1998.5
n2_TS,n2,TS,tai30_20_07.F.15_01,15,1890.0,2155.0,2022.5
n2_TS,n2,TS,tai30_20_07.F.15_01,16,1902.0,2160.0,2031.0
n2_TS,n2,TS,tai30_20_07.F.15_01,17,1867.0,2111.0,1989.0
n2_TS,n2,TS,tai30_20_07.F.15_01,18,1905.0,2144.0,2024.5
n2_TS,n2,TS,tai30_20_07.F.15_01,19,1914.0,2143.0,2028.5
n2_TS,n2,TS,tai30_20_07.F.15_01,20,1878.0,2138.0,2008.0
n2_TS,n2,TS,tai30_20_07.F.15_01,21,1900.0,2149.0,2024.5
n2_TS,n2,TS,tai30_20_07.F.15_01,22,1903.0,2141.0,2022.0
n2_TS,n2,TS,tai30_20_07.F.15_01,23,1901.0,2151.0,2026.0
n2_TS,n2,TS,tai30_20_07.F.15_01,24,1926.0,2173.0,2049.5
n2_TS,n2,TS,tai30_20_07.F.15_01,25,1889.0,2138.0,2013.5
n2_TS,n2,TS,tai30_20_07.F.15_01,26,1928.0,2155.0,2041.5
n2_TS,n2,TS,tai30_20_07.F.15_01,27,1892.0,2143.0,2017.5
n2_TS,n2,TS,tai30_20_07.F.15_01,28,1880.0,2124.0,2002.0
n2_TS,n2,TS,tai30_20_07.F.15_01,29,1928.0,2172.0,2050.0
n2_TS,n2,TS,tai30_20_07.F.15_01,30,1895.0,2153.0,2024.0
n2_TS,n2,TS,tai30_20_08.F.15_01,1,1961.0,2211.0,2086.0
n2_TS,n2,TS,tai30_20_08.F.15_01,2,1945.0,2228.0,2086.5
n2_TS,n2,TS,tai30_20_08.F.15_01,3,1927.0,2224.0,2075.5
n2_TS,n2,TS,tai30_20_08.F.15_01,4,1941.0,2196.0,2068.5
n2_TS,n2,TS,tai30_20_08.F.15_01,5,1936.0,2213.0,2074.5
n2_TS,n2,TS,tai30_20_08.F.15_01,6,1904.0,2179.0,2041.5
n2_TS,n2,TS,tai30_20_08.F.15_01,7,1934.0,2201.0,2067.5
n2_TS,n2,TS,tai30_20_08.F.15_01,8,1914.0,2219.0,2066.5
n2_TS,n2,TS,tai30_20_08.F.15_01,9,1919.0,2174.0,2046.5
n2_TS,n2,TS,tai30_20_08.F.15_01,10,1920.0,2168.0,2044.0
n2_TS,n2,TS,tai30_20_08.F.15_01,11,1981.0,2189.0,2085.0
n2_TS,n2,TS,tai30_20_08.F.15_01,12,1947.0,2194.0,2070.5
n2_TS,n2,TS,tai30_20_08.F.15_01,13,1920.0,2189.0,2054.5
n2_TS,n2,TS,tai30_20_08.F.15_01,14,1908.0,2202.0,2055.0
n2_TS,n2,TS,tai30_20_08.F.15_01,15,1899.0,2160.0,2029.5
n2_TS,n2,TS,tai30_20_08.F.15_01,16,1919.0,2184.0,2051.5
n2_TS,n2,TS,tai30_20_08.F.15_01,17,1908.0,2178.0,2043.0
n2_TS,n2,TS,tai30_20_08.F.15_01,18,1932.0,2210.0,2071.0
n2_TS,n2,TS,tai30_20_08.F.15_01,19,1896.0,2182.0,2039.0
n2_TS,n2,TS,tai30_20_08.F.15_01,20,2007.0,2227.0,2117.0
n2_TS,n2,TS,tai30_20_08.F.15_01,21,1952.0,2189.0,2070.5
n2_TS,n2,TS,tai30_20_08.F.15_01,22,1939.0,2215.0,2077.0
n2_TS,n2,TS,tai30_20_08.F.15_01,23,1942.0,2204.0,2073.0
n2_TS,n2,TS,tai30_20_08.F.15_01,24,1941.0,2195.0,2068.0
n2_TS,n2,TS,tai30_20_08.F.15_01,25,1908.0,2174.0,2041.0
n2_TS,n2,TS,tai30_20_08.F.15_01,26,1908.0,2186.0,2047.0
n2_TS,n2,TS,tai30_20_08.F.15_01,27,1935.0,2171.0,2053.0
n2_TS,n2,TS,tai30_20_08.F.15_01,28,1904.0,2182.0,2043.0
n2_TS,n2,TS,tai30_20_08.F.15_01,29,1941.0,2190.0,2065.5
n2_TS,n2,TS,tai30_20_08.F.15_01,30,1917.0,2212.0,2064.5
n2_TS,n2,TS,tai30_20_09.F.15_01,1,1920.0,2180.0,2050.0
n2_TS,n2,TS,tai30_20_09.F.15_01,2,1953.0,2182.0,2067.5
n2_TS,n2,TS,tai30_20_09.F.15_01,3,1971.0,2199.0,2085.0
n2_TS,n2,TS,tai30_20_09.F.15_01,4,1921.0,2169.0,2045.0
n2_TS,n2,TS,tai30_20_09.F.15_01,5,1937.0,2179.0,2058.0
n2_TS,n2,TS,tai30_20_09.F.15_01,6,1920.0,2180.0,2050.0
n2_TS,n2,TS,tai30_20_09.F.15_01,7,1917.0,2180.0,2048.5
n2_TS,n2,TS,tai30_20_09.F.15_01,8,1894.0,2164.0,2029.0
n2_TS,n2,TS,tai30_20_09.F.15_01,9,1963.0,2223.0,2093.0
n2_TS,n2,TS,tai30_20_09.F.15_01,10,1899.0,2174.0,2036.5
n2_TS,n2,TS,tai30_20_09.F.15_01,11,1919.0,2170.0,2044.5
n2_TS,n2,TS,tai30_20_09.F.15_01,12,1977.0,2214.0,2095.5
n2_TS,n2,TS,tai30_20_09.F.15_01,13,1955.0,2205.0,2080.0
n2_TS,n2,TS,tai30_20_09.F.15_01,14,1901.0,2162.0,2031.5
n2_TS,n2,TS,tai30_20_09.F.15_01,15,1940.0,2186.0,2063.0
n2_TS,n2,TS,tai30_20_09.F.15_01,16,1960.0,2194.0,2077.0
n2_TS,n2,TS,tai30_20_09.F.15_01,17,1928.0,2185.0,2056.5
n2_TS,n2,TS,tai30_20_09.F.15_01,18,1947.0,2215.0,2081.0
n2_TS,n2,TS,tai30_20_09.F.15_01,19,1905.0,2150.0,2027.5
n2_TS,n2,TS,tai30_20_09.F.15_01,20,1914.0,2184.0,2049.0
n2_TS,n2,TS,tai30_20_09.F.15_01,21,1929.0,2187.0,2058.0
n2_TS,n2,TS,tai30_20_09.F.15_01,22,1924.0,2175.0,2049.5
n2_TS,n2,TS,tai30_20_09.F.15_01,23,1928.0,2180.0,2054.0
n2_TS,n2,TS,tai30_20_09.F.15_01,24,1932.0,2175.0,2053.5
n2_TS,n2,TS,tai30_20_09.F.15_01,25,1934.0,2168.0,2051.0
n2_TS,n2,TS,tai30_20_09.F.15_01,26,1931.0,2163.0,2047.0
n2_TS,n2,TS,tai30_20_09.F.15_01,27,1914.0,2162.0,2038.0
n2_TS,n2,TS,tai30_20_09.F.15_01,28,1928.0,2161.0,2044.5
n2_TS,n2,TS,tai30_20_09.F.15_01,29,1936.0,2180.0,2058.0
n2_TS,n2,TS,tai30_20_09.F.15_01,30,1931.0,2210.0,2070.5
n2_TS,n2,TS,tai30_20_10.F.15_01,1,1902.0,2189.0,2045.5
n2_TS,n2,TS,tai30_20_10.F.15_01,2,1914.0,2180.0,2047.0
n2_TS,n2,TS,tai30_20_10.F.15_01,3,1914.0,2166.0,2040.0
n2_TS,n2,TS,tai30_20_10.F.15_01,4,1900.0,2164.0,2032.0
n2_TS,n2,TS,tai30_20_10.F.15_01,5,1896.0,2179.0,2037.5
n2_TS,n2,TS,tai30_20_10.F.15_01,6,1864.0,2140.0,2002.0
n2_TS,n2,TS,tai30_20_10.F.15_01,7,1921.0,2183.0,2052.0
n2_TS,n2,TS,tai30_20_10.F.15_01,8,1932.0,2182.0,2057.0
n2_TS,n2,TS,tai30_20_10.F.15_01,9,1936.0,2205.0,2070.5
n2_TS,n2,TS,tai30_20_10.F.15_01,10,1919.0,2165.0,2042.0
n2_TS,n2,TS,tai30_20_10.F.15_01,11,1920.0,2175.0,2047.5
n2_TS,n2,TS,tai30_20_10.F.15_01,12,1897.0,2162.0,2029.5
n2_TS,n2,TS,tai30_20_10.F.15_01,13,1881.0,2174.0,2027.5
n2_TS,n2,TS,tai30_20_10.F.15_01,14,1889.0,2150.0,2019.5
n2_TS,n2,TS,tai30_20_10.F.15_01,15,1931.0,2191.0,2061.0
n2_TS,n2,TS,tai30_20_10.F.15_01,16,1883.0,2150.0,2016.5
n2_TS,n2,TS,tai30_20_10.F.15_01,17,1928.0,2188.0,2058.0
n2_TS,n2,TS,tai30_20_10.F.15_01,18,1894.0,2158.0,2026.0
n2_TS,n2,TS,tai30_20_10.F.15_01,19,1956.0,2219.0,2087.5
n2_TS,n2,TS,tai30_20_10.F.15_01,20,1948.0,2212.0,2080.0
n2_TS,n2,TS,tai30_20_10.F.15_01,21,1902.0,2158.0,2030.0
n2_TS,n2,TS,tai30_20_10.F.15_01,22,1913.0,2169.0,2041.0
n2_TS,n2,TS,tai30_20_10.F.15_01,23,1902.0,2177.0,2039.5
n2_TS,n2,TS,tai30_20_10.F.15_01,24,1946.0,2200.0,2073.0
n2_TS,n2,TS,tai30_20_10.F.15_01,25,1913.0,2177.0,2045.0
n2_TS,n2,TS,tai30_20_10.F.15_01,26,1902.0,2146.0,2024.0
n2_TS,n2,TS,tai30_20_10.F.15_01,27,1894.0,2163.0,2028.5
n2_TS,n2,TS,tai30_20_10.F.15_01,28,1919.0,2197.0,2058.0
n2_TS,n2,TS,tai30_20_10.F.15_01,29,1876.0,2133.0,2004.5
n2_TS,n2,TS,tai30_20_10.F.15_01,30,1920.0,2186.0,2053.0
n2_TS,n2,TS,tai50_15_01.F.15_01,1,2549.0,2971.0,2760.0
n2_TS,n2,TS,tai50_15_01.F.15_01,2,2549.0,2971.0,2760.0
n2_TS,n2,TS,tai50_15_01.F.15_01,3,2549.0,2971.0,2760.0
n2_TS,n2,TS,tai50_15_01.F.15_01,4,2549.0,2971.0,2760.0
n2_TS,n2,TS,tai50_15_01.F.15_01,5,2549.0,2971.0,2760.0
n2_TS,n2,TS,tai50_15_01.F.15_01,6,2549.0,2971.0,2760.0
n2_TS,n2,TS,tai50_15_01.F.15_01,7,2549.0,2971.0,2760.0
n2_TS,n2,TS,tai50_15_01.F.15_01,8,2549.0,2971.0,2760.0
n2_TS,n2,TS,tai50_15_01.F.15_01,9,2549.0,2971.0,2760.0
n2_TS,n2,TS,tai50_15_01.F.15_01,10,2549.0,2971.0,2760.0
n2_TS,n2,TS,tai50_15_01.F.15_01,11,2549.0,2971.0,2760.0
n2_TS,n2,TS,tai50_15_01.F.15_01,12,2549.0,2971.0,2760.0
n2_TS,n2,TS,tai50_15_01.F.15_01,13,2549.0,2971.0,2760.0
n2_TS,n2,TS,tai50_15_01.F.15_01,14,2549.0,2971.0,2760.0
n2_TS,n2,TS,tai50_15_01.F.15_01,15,2549.0,2971.0,2760.0
n2_TS,n2,TS,tai50_15_01.F.15_01,16,2549.0,2971.0,2760.0
n2_TS,n2,TS,tai50_15_01.F.15_01,17,2549.0,2971.0,2760.0
n2_TS,n2,TS,tai50_15_01.F.15_01,18,2549.0,2971.0,2760.0
n2_TS,n2,TS,tai50_15_01.F.15_01,19,2552.0,2971.0,2761.5
n2_TS,n2,TS,tai50_15_01.F.15_01,20,2567.0,2971.0,2769.0
n2_TS,n2,TS,tai50_15_01.F.15_01,21,2549.0,2971.0,2760.0
n2_TS,n2,TS,tai50_15_01.F.15_01,22,2549.0,2971.0,2760.0
n2_TS,n2,TS,tai50_15_01.F.15_01,23,2549.0,2971.0,2760.0
n2_TS,n2,TS,tai50_15_01.F.15_01,24,2550.0,2971.0,2760.5
n2_TS,n2,TS,tai50_15_01.F.15_01,25,2549.0,2971.0,2760.0
n2_TS,n2,TS,tai50_15_01.F.15_01,26,2549.0,2971.0,2760.0
n2_TS,n2,TS,tai50_15_01.F.15_01,27,2549.0,2971.0,2760.0
n2_TS,n2,TS,tai50_15_01.F.15_01,28,2549.0,2971.0,2760.0
n2_TS,n2,TS,tai50_15_01.F.15_01,29,2549.0,2971.0,2760.0
n2_TS,n2,TS,tai50_15_01.F.15_01,30,2563.0,2971.0,2767.0
n2_TS,n2,TS,tai50_15_02.F.15_01,1,2581.0,2931.0,2756.0
n2_TS,n2,TS,tai50_15_02.F.15_01,2,2581.0,2931.0,2756.0
n2_TS,n2,TS,tai50_15_02.F.15_01,3,2581.0,2942.0,2761.5
n2_TS,n2,TS,tai50_15_02.F.15_01,4,2581.0,2938.0,2759.5
n2_TS,n2,TS,tai50_15_02.F.15_01,5,2581.0,2931.0,2756.0
n2_TS,n2,TS,tai50_15_02.F.15_01,6,2581.0,2931.0,2756.0
n2_TS,n2,TS,tai50_15_02.F.15_01,7,2600.0,2953.0,2776.5
n2_TS,n2,TS,tai50_15_02.F.15_01,8,2581.0,2938.0,2759.5
n2_TS,n2,TS,tai50_15_02.F.15_01,9,2581.0,2931.0,2756.0
n2_TS,n2,TS,tai50_15_02.F.15_01,10,2581.0,2931.0,2756.0
n2_TS,n2,TS,tai50_15_02.F.15_01,11,2581.0,2931.0,2756.0
n2_TS,n2,TS,tai50_15_02.F.15_01,12,2585.0,2931.0,2758.0
n2_TS,n2,TS,tai50_15_02.F.15_01,13,2581.0,2938.0,2759.5
n2_TS,n2,TS,tai50_15_02.F.15_01,14,2581.0,2931.0,2756.0
n2_TS,n2,TS,tai50_15_02.F.15_01,15,2581.0,2931.0,2756.0
n2_TS,n2,TS,tai50_15_02.F.15_01,16,2581.0,2935.0,2758.0
n2_TS,n2,TS,tai50_15_02.F.15_01,17,2581.0,2931.0,2756.0
n2_TS,n2,TS,tai50_15_02.F.15_01,18,2581.0,2931.0,2756.0
n2_TS,n2,TS,tai50_15_02.F.15_01,19,2590.0,2951.0,2770.5
n2_TS,n2,TS,tai50_15_02.F.15_01,20,2581.0,2931.0,2756.0
n2_TS,n2,TS,tai50_15_02.F.15_01,21,2581.0,2931.0,2756.0
n2_TS,n2,TS,tai50_15_02.F.15_01,22,2581.0,2931.0,2756.0
n2_TS,n2,TS,tai50_15_02.F.15_01,23,2581.0,2931.0,2756.0
n2_TS,n2,TS,tai50_15_02.F.15_01,24,2581.0,2950.0,2765.5
n2_TS,n2,TS,tai50_15_02.F.15_01,25,2581.0,2931.0,2756.0
n2_TS,n2,TS,tai50_15_02.F.15_01,26,2581.0,2941.0,2761.0
n2_TS,n2,TS,tai50_15_02.F.15_01,27,2584.0,2931.0,2757.5
n2_TS,n2,TS,tai50_15_02.F.15_01,28,2581.0,2937.0,2759.0
n2_TS,n2,TS,tai50_15_02.F.15_01,29,2581.0,2932.0,2756.5
n2_TS,n2,TS,tai50_15_02.F.15_01,30,2581.0,2951.0,2766.0
n2_TS,n2,TS,tai50_15_03.F.15_01,1,2521.0,2915.0,2718.0
n2_TS,n2,TS,tai50_15_03.F.15_01,2,2521.0,2915.0,2718.0
n2_TS,n2,TS,tai50_15_03.F.15_01,3,2521.0,2915.0,2718.0
n2_TS,n2,TS,tai50_15_03.F.15_01,4,2521.0,2915.0,2718.0
n2_TS,n2,TS,tai50_15_03.F.15_01,5,2521.0,2915.0,2718.0
n2_TS,n2,TS,tai50_15_03.F.15_01,6,2521.0,2915.0,2718.0
n2_TS,n2,TS,tai50_15_03.F.15_01,7,2521.0,2915.0,2718.0
n2_TS,n2,TS,tai50_15_03.F.15_01,8,2521.0,2915.0,2718.0
n2_TS,n2,TS,tai50_15_03.F.15_01,9,2521.0,2915.0,2718.0
n2_TS,n2,TS,tai50_15_03.F.15_01,10,2521.0,2915.0,2718.0
n2_TS,n2,TS,tai50_15_03.F.15_01,11,2521.0,2915.0,2718.0
n2_TS,n2,TS,tai50_15_03.F.15_01,12,2521.0,2915.0,2718.0
n2_TS,n2,TS,tai50_15_03.F.15_01,13,2521.0,2915.0,2718.0
n2_TS,n2,TS,tai50_15_03.F.15_01,14,2521.0,2915.0,2718.0
n2_TS,n2,TS,tai50_15_03.F.15_01,15,2521.0,2915.0,2718.0
n2_TS,n2,TS,tai50_15_03.F.15_01,16,2521.0,2915.0,2718.0
n2_TS,n2,TS,tai50_15_03.F.15_01,17,2521.0,2916.0,2718.5
n2_TS,n2,TS,tai50_15_03.F.15_01,18,2521.0,2915.0,2718.0
n2_TS,n2,TS,tai50_15_03.F.15_01,19,2521.0,2915.0,2718.0
n2_TS,n2,TS,tai50_15_03.F.15_01,20,2521.0,2915.0,2718.0
n2_TS,n2,TS,tai50_15_03.F.15_01,21,2521.0,2915.0,2718.0
n2_TS,n2,TS,tai50_15_03.F.15_01,22,2521.0,2915.0,2718.0
n2_TS,n2,TS,tai50_15_03.F.15_01,23,2521.0,2915.0,2718.0
n2_TS,n2,TS,tai50_15_03.F.15_01,24,2521.0,2915.0,2718.0
n2_TS,n2,TS,tai50_15_03.F.15_01,25,2521.0,2915.0,2718.0
n2_TS,n2,TS,tai50_15_03.F.15_01,26,2521.0,2915.0,2718.0
n2_TS,n2,TS,tai50_15_03.F.15_01,27,2521.0,2915.0,2718.0
n2_TS,n2,TS,tai50_15_03.F.15_01,28,2521.0,2915.0,2718.0
n2_TS,n2,TS,tai50_15_03.F.15_01,29,2521.0,2915.0,2718.0
n2_TS,n2,TS,tai50_15_03.F.15_01,30,2521.0,2915.0,2718.0
n2_TS,n2,TS,tai50_15_04.F.15_01,1,2605.0,3073.0,2839.0
n2_TS,n2,TS,tai50_15_04.F.15_01,2,2605.0,3073.0,2839.0
n2_TS,n2,TS,tai50_15_04.F.15_01,3,2605.0,3073.0,2839.0
n2_TS,n2,TS,tai50_15_04.F.15_01,4,2605.0,3073.0,2839.0
n2_TS,n2,TS,tai50_15_04.F.15_01,5,2605.0,3073.0,2839.0
n2_TS,n2,TS,tai50_15_04.F.15_01,6,2605.0,3073.0,2839.0
n2_TS,n2,TS,tai50_15_04.F.15_01,7,2605.0,3073.0,2839.0
n2_TS,n2,TS,tai50_15_04.F.15_01,8,2605.0,3073.0,2839.0
n2_TS,n2,TS,tai50_15_04.F.15_01,9,2605.0,3073.0,2839.0
n2_TS,n2,TS,tai50_15_04.F.15_01,10,2605.0,3073.0,2839.0
n2_TS,n2,TS,tai50_15_04.F.15_01,11,2605.0,3073.0,2839.0
n2_TS,n2,TS,tai50_15_04.F.15_01,12,2605.0,3073.0,2839.0
n2_TS,n2,TS,tai50_15_04.F.15_01,13,2605.0,3073.0,2839.0
n2_TS,n2,TS,tai50_15_04.F.15_01,14,2605.0,3073.0,2839.0
n2_TS,n2,TS,tai50_15_04.F.15_01,15,2619.0,3089.0,2854.0
n2_TS,n2,TS,tai50_15_04.F.15_01,16,2605.0,3073.0,2839.0
n2_TS,n2,TS,tai50_15_04.F.15_01,17,2605.0,3073.0,2839.0
n2_TS,n2,TS,tai50_15_04.F.15_01,18,2605.0,3073.0,2839.0
n2_TS,n2,TS,tai50_15_04.F.15_01,19,2605.0,3073.0,2839.0
n2_TS,n2,TS,tai50_15_04.F.15_01,20,2605.0,3073.0,2839.0
n2_TS,n2,TS,tai50_15_04.F.15_01,21,2605.0,3073.0,2839.0
n2_TS,n2,TS,tai50_15_04.F.15_01,22,2605.0,3073.0,2839.0
n2_TS,n2,TS,tai50_15_04.F.15_01,23,2605.0,3073.0,2839.0
n2_TS,n2,TS,tai50_15_04.F.15_01,24,2605.0,3073.0,2839.0
n2_TS,n2,TS,tai50_15_04.F.15_01,25,2605.0,3073.0,2839.0
n2_TS,n2,TS,tai50_15_04.F.15_01,26,2605.0,3073.0,2839.0
n2_TS,n2,TS,tai50_15_04.F.15_01,27,2605.0,3073.0,2839.0
n2_TS,n2,TS,tai50_15_04.F.15_01,28,2605.0,3073.0,2839.0
n2_TS,n2,TS,tai50_15_04.F.15_01,29,2605.0,3073.0,2839.0
n2_TS,n2,TS,tai50_15_04.F.15_01,30,2605.0,3073.0,2839.0
n2_TS,n2,TS,tai50_15_05.F.15_01,1,2520.0,2885.0,2702.5
n2_TS,n2,TS,tai50_15_05.F.15_01,2,2497.0,2879.0,2688.0
n2_TS,n2,TS,tai50_15_05.F.15_01,3,2497.0,2880.0,2688.5
n2_TS,n2,TS,tai50_15_05.F.15_01,4,2534.0,2912.0,2723.0
n2_TS,n2,TS,tai50_15_05.F.15_01,5,2497.0,2879.0,2688.0
n2_TS,n2,TS,tai50_15_05.F.15_01,6,2512.0,2879.0,2695.5
n2_TS,n2,TS,tai50_15_05.F.15_01,7,2499.0,2879.0,2689.0
n2_TS,n2,TS,tai50_15_05.F.15_01,8,2497.0,2900.0,2698.5
n2_TS,n2,TS,tai50_15_05.F.15_01,9,2567.0,2889.0,2728.0
n2_TS,n2,TS,tai50_15_05.F.15_01,10,2513.0,2891.0,2702.0
n2_TS,n2,TS,tai50_15_05.F.15_01,11,2533.0,2880.0,2706.5
n2_TS,n2,TS,tai50_15_05.F.15_01,12,2509.0,2899.0,2704.0
n2_TS,n2,TS,tai50_15_05.F.15_01,13,2501.0,2879.0,2690.0
n2_TS,n2,TS,tai50_15_05.F.15_01,14,2521.0,2879.0,2700.0
n2_TS,n2,TS,tai50_15_05.F.15_01,15,2497.0,2879.0,2688.0
n2_TS,n2,TS,tai50_15_05.F.15_01,16,2497.0,2879.0,2688.0
n2_TS,n2,TS,tai50_15_05.F.15_01,17,2506.0,2891.0,2698.5
n2_TS,n2,TS,tai50_15_05.F.15_01,18,2542.0,2894.0,2718.0
n2_TS,n2,TS,tai50_15_05.F.15_01,19,2545.0,2905.0,2725.0
n2_TS,n2,TS,tai50_15_05.F.15_01,20,2514.0,2885.0,2699.5
n2_TS,n2,TS,tai50_15_05.F.15_01,21,2504.0,2891.0,2697.5
n2_TS,n2,TS,tai50_15_05.F.15_01,22,2497.0,2879.0,2688.0
n2_TS,n2,TS,tai50_15_05.F.15_01,23,2497.0,2899.0,2698.0
n2_TS,n2,TS,tai50_15_05.F.15_01,24,2514.0,2879.0,2696.5
n2_TS,n2,TS,tai50_15_05.F.15_01,25,2497.0,2891.0,2694.0
n2_TS,n2,TS,tai50_15_05.F.15_01,26,2531.0,2925.0,2728.0
n2_TS,n2,TS,tai50_15_05.F.15_01,27,2515.0,2945.0,2730.0
n2_TS,n2,TS,tai50_15_05.F.15_01,28,2538.0,2905.0,2721.5
n2_TS,n2,TS,tai50_15_05.F.15_01,29,2497.0,2900.0,2698.5
n2_TS,n2,TS,tai50_15_05.F.15_01,30,2499.0,2891.0,2695.0
n2_TS,n2,TS,tai50_15_06.F.15_01,1,2588.0,2994.0,2791.0
n2_TS,n2,TS,tai50_15_06.F.15_01,2,2588.0,2994.0,2791.0
n2_TS,n2,TS,tai50_15_06.F.15_01,3,2574.0,2994.0,2784.0
n2_TS,n2,TS,tai50_15_06.F.15_01,4,2588.0,2994.0,2791.0
n2_TS,n2,TS,tai50_15_06.F.15_01,5,2574.0,2994.0,2784.0
n2_TS,n2,TS,tai50_15_06.F.15_01,6,2574.0,2994.0,2784.0
n2_TS,n2,TS,tai50_15_06.F.15_01,7,2574.0,2994.0,2784.0
n2_TS,n2,TS,tai50_15_06.F.15_01,8,2574.0,2994.0,2784.0
n2_TS,n2,TS,tai50_15_06.F.15_01,9,2574.0,2994.0,2784.0
n2_TS,n2,TS,tai50_15_06.F.15_01,10,2574.0,2994.0,2784.0
n2_TS,n2,TS,tai50_15_06.F.15_01,11,2574.0,2994.0,2784.0
n2_TS,n2,TS,tai50_15_06.F.15_01,12,2587.0,2994.0,2790.5
n2_TS,n2,TS,tai50_15_06.F.15_01,13,2574.0,2994.0,2784.0
n2_TS,n2,TS,tai50_15_06.F.15_01,14,2574.0,2994.0,2784.0
n2_TS,n2,TS,tai50_15_06.F.15_01,15,2588.0,2998.0,2793.0
n2_TS,n2,TS,tai50_15_06.F.15_01,16,2574.0,2994.0,2784.0
n2_TS,n2,TS,tai50_15_06.F.15_01,17,2616.0,2998.0,2807.0
n2_TS,n2,TS,tai50_15_06.F.15_01,18,2575.0,2994.0,2784.5
n2_TS,n2,TS,tai50_15_06.F.15_01,19,2574.0,2994.0,2784.0
n2_TS,n2,TS,tai50_15_06.F.15_01,20,2574.0,2994.0,2784.0
n2_TS,n2,TS,tai50_15_06.F.15_01,21,2574.0,2994.0,2784.0
n2_TS,n2,TS,tai50_15_06.F.15_01,22,2600.0,3010.0,2805.0
n2_TS,n2,TS,tai50_15_06.F.15_01,23,2574.0,2994.0,2784.0
n2_TS,n2,TS,tai50_15_06.F.15_01,24,2580.0,2994.0,2787.0
n2_TS,n2,TS,tai50_15_06.F.15_01,25,2588.0,2994.0,2791.0
n2_TS,n2,TS,tai50_15_06.F.15_01,26,2584.0,3010.0,2797.0
n2_TS,n2,TS,tai50_15_06.F.15_01,27,2621.0,3016.0,2818.5
n2_TS,n2,TS,tai50_15_06.F.15_01,28,2574.0,2994.0,2784.0
n2_TS,n2,TS,tai50_15_06.F.15_01,29,2574.0,2994.0,2784.0
n2_TS,n2,TS,tai50_15_06.F.15_01,30,2574.0,2994.0,2784.0
n2_TS,n2,TS,tai50_15_07.F.15_01,1,2723.0,3167.0,2945.0
n2_TS,n2,TS,tai50_15_07.F.15_01,2,2719.0,3167.0,2943.0
n2_TS,n2,TS,tai50_15_07.F.15_01,3,2719.0,3167.0,2943.0
n2_TS,n2,TS,tai50_15_07.F.15_01,4,2719.0,3167.0,2943.0
n2_TS,n2,TS,tai50_15_07.F.15_01,5,2719.0,3167.0,2943.0
n2_TS,n2,TS,tai50_15_07.F.15_01,6,2719.0,3169.0,2944.0
n2_TS,n2,TS,tai50_15_07.F.15_01,7,2719.0,3167.0,2943.0
n2_TS,n2,TS,tai50_15_07.F.15_01,8,2722.0,3172.0,2947.0
n2_TS,n2,TS,tai50_15_07.F.15_01,9,2719.0,3167.0,2943.0
n2_TS,n2,TS,tai50_15_07.F.15_01,10,2719.0,3167.0,2943.0
n2_TS,n2,TS,tai50_15_07.F.15_01,11,2719.0,3167.0,2943.0
n2_TS,n2,TS,tai50_15_07.F.15_01,12,2719.0,3167.0,2943.0
n2_TS,n2,TS,tai50_15_07.F.15_01,13,2719.0,3167.0,2943.0
n2_TS,n2,TS,tai50_15_07.F.15_01,14,2719.0,3167.0,2943.0
n2_TS,n2,TS,tai50_15_07.F.15_01,15,2719.0,3167.0,2943.0
n2_TS,n2,TS,tai50_15_07.F.15_01,16,2719.0,3167.0,2943.0
n2_TS,n2,TS,tai50_15_07.F.15_01,17,2719.0,3167.0,2943.0
n2_TS,n2,TS,tai50_15_07.F.15_01,18,2719.0,3167.0,2943.0
n2_TS,n2,TS,tai50_15_07.F.15_01,19,2719.0,3167.0,2943.0
n2_TS,n2,TS,tai50_15_07.F.15_01,20,2719.0,3167.0,2943.0
n2_TS,n2,TS,tai50_15_07.F.15_01,21,2719.0,3167.0,2943.0
n2_TS,n2,TS,tai50_15_07.F.15_01,22,2719.0,3167.0,2943.0
n2_TS,n2,TS,tai50_15_07.F.15_01,23,2719.0,3167.0,2943.0
n2_TS,n2,TS,tai50_15_07.F.15_01,24,2745.0,3167.0,2956.0
n2_TS,n2,TS,tai50_15_07.F.15_01,25,2719.0,3167.0,2943.0
n2_TS,n2,TS,tai50_15_07.F.15_01,26,2719.0,3167.0,2943.0
n2_TS,n2,TS,tai50_15_07.F.15_01,27,2719.0,3167.0,2943.0
n2_TS,n2,TS,tai50_15_07.F.15_01,28,2719.0,3167.0,2943.0
n2_TS,n2,TS,tai50_15_07.F.15_01,29,2719.0,3167.0,2943.0
n2_TS,n2,TS,tai50_15_07.F.15_01,30,2724.0,3167.0,2945.5
n2_TS,n2,TS,tai50_15_08.F.15_01,1,2682.0,3128.0,2905.0
n2_TS,n2,TS,tai50_15_08.F.15_01,2,2682.0,3128.0,2905.0
n2_TS,n2,TS,tai50_15_08.F.15_01,3,2682.0,3128.0,2905.0
n2_TS,n2,TS,tai50_15_08.F.15_01,4,2682.0,3128.0,2905.0
n2_TS,n2,TS,tai50_15_08.F.15_01,5,2682.0,3128.0,2905.0
n2_TS,n2,TS,tai50_15_08.F.15_01,6,2682.0,3128.0,2905.0
n2_TS,n2,TS,tai50_15_08.F.15_01,7,2682.0,3128.0,2905.0
n2_TS,n2,TS,tai50_15_08.F.15_01,8,2682.0,3128.0,2905.0
n2_TS,n2,TS,tai50_15_08.F.15_01,9,2682.0,3128.0,2905.0
n2_TS,n2,TS,tai50_15_08.F.15_01,10,2682.0,3128.0,2905.0
n2_TS,n2,TS,tai50_15_08.F.15_01,11,2682.0,3128.0,2905.0
n2_TS,n2,TS,tai50_15_08.F.15_01,12,2682.0,3128.0,2905.0
n2_TS,n2,TS,tai50_15_08.F.15_01,13,2682.0,3128.0,2905.0
n2_TS,n2,TS,tai50_15_08.F.15_01,14,2682.0,3128.0,2905.0
n2_TS,n2,TS,tai50_15_08.F.15_01,15,2682.0,3128.0,2905.0
n2_TS,n2,TS,tai50_15_08.F.15_01,16,2682.0,3128.0,2905.0
n2_TS,n2,TS,tai50_15_08.F.15_01,17,2682.0,3128.0,2905.0
n2_TS,n2,TS,tai50_15_08.F.15_01,18,2682.0,3128.0,2905.0
n2_TS,n2,TS,tai50_15_08.F.15_01,19,2682.0,3128.0,2905.0
n2_TS,n2,TS,tai50_15_08.F.15_01,20,2682.0,3128.0,2905.0
n2_TS,n2,TS,tai50_15_08.F.15_01,21,2682.0,3128.0,2905.0
n2_TS,n2,TS,tai50_15_08.F.15_01,22,2682.0,3128.0,2905.0
n2_TS,n2,TS,tai50_15_08.F.15_01,23,2682.0,3128.0,2905.0
n2_TS,n2,TS,tai50_15_08.F.15_01,24,2682.0,3128.0,2905.0
n2_TS,n2,TS,tai50_15_08.F.15_01,25,2682.0,3128.0,2905.0
n2_TS,n2,TS,tai50_15_08.F.15_01,26,2682.0,3128.0,2905.0
n2_TS,n2,TS,tai50_15_08.F.15_01,27,2682.0,3128.0,2905.0
n2_TS,n2,TS,tai50_15_08.F.15_01,28,2682.0,3128.0,2905.0
n2_TS,n2,TS,tai50_15_08.F.15_01,29,2682.0,3128.0,2905.0
n2_TS,n2,TS,tai50_15_08.F.15_01,30,2682.0,3128.0,2905.0
n2_TS,n2,TS,tai50_15_09.F.15_01,1,2469.0,2865.0,2667.0
n2_TS,n2,TS,tai50_15_09.F.15_01,2,2469.0,2865.0,2667.0
n2_TS,n2,TS,tai50_15_09.F.15_01,3,2522.0,2879.0,2700.5
n2_TS,n2,TS,tai50_15_09.F.15_01,4,2469.0,2865.0,2667.0
n2_TS,n2,TS,tai50_15_09.F.15_01,5,2469.0,2865.0,2667.0
n2_TS,n2,TS,tai50_15_09.F.15_01,6,2469.0,2865.0,2667.0
n2_TS,n2,TS,tai50_15_09.F.15_01,7,2469.0,2865.0,2667.0
n2_TS,n2,TS,tai50_15_09.F.15_01,8,2502.0,2884.0,2693.0
n2_TS,n2,TS,tai50_15_09.F.15_01,9,2469.0,2865.0,2667.0
n2_TS,n2,TS,tai50_15_09.F.15_01,10,2469.0,2865.0,2667.0
n2_TS,n2,TS,tai50_15_09.F.15_01,11,2502.0,2880.0,2691.0
n2_TS,n2,TS,tai50_15_09.F.15_01,12,2469.0,2865.0,2667.0
n2_TS,n2,TS,tai50_15_09.F.15_01,13,2487.0,2865.0,2676.0
n2_TS,n2,TS,tai50_15_09.F.15_01,14,2495.0,2865.0,2680.0
n2_TS,n2,TS,tai50_15_09.F.15_01,15,2469.0,2865.0,2667.0
n2_TS,n2,TS,tai50_15_09.F.15_01,16,2500.0,2881.0,2690.5
n2_TS,n2,TS,tai50_15_09.F.15_01,17,2469.0,2865.0,2667.0
n2_TS,n2,TS,tai50_15_09.F.15_01,18,2503.0,2885.0,2694.0
n2_TS,n2,TS,tai50_15_09.F.15_01,19,2469.0,2865.0,2667.0
n2_TS,n2,TS,tai50_15_09.F.15_01,20,2471.0,2865.0,2668.0
n2_TS,n2,TS,tai50_15_09.F.15_01,21,2469.0,2875.0,2672.0
n2_TS,n2,TS,tai50_15_09.F.15_01,22,2502.0,2884.0,2693.0
n2_TS,n2,TS,tai50_15_09.F.15_01,23,2487.0,2865.0,2676.0
n2_TS,n2,TS,tai50_15_09.F.15_01,24,2469.0,2865.0,2667.0
n2_TS,n2,TS,tai50_15_09.F.15_01,25,2469.0,2865.0,2667.0
n2_TS,n2,TS,tai50_15_09.F.15_01,26,2469.0,2865.0,2667.0
n2_TS,n2,TS,tai50_15_09.F.15_01,27,2469.0,2865.0,2667.0
n2_TS,n2,TS,tai50_15_09.F.15_01,28,2469.0,2865.0,2667.0
n2_TS,n2,TS,tai50_15_09.F.15_01,29,2494.0,2865.0,2679.5
n2_TS,n2,TS,tai50_15_09.F.15_01,30,2506.0,2888.0,2697.0
n2_TS,n2,TS,tai50_15_10.F.15_01,1,2525.0,2927.0,2726.0
n2_TS,n2,TS,tai50_15_10.F.15_01,2,2525.0,2927.0,2726.0
n2_TS,n2,TS,tai50_15_10.F.15_01,3,2525.0,2937.0,2731.0
n2_TS,n2,TS,tai50_15_10.F.15_01,4,2525.0,2927.0,2726.0
n2_TS,n2,TS,tai50_15_10.F.15_01,5,2533.0,2927.0,2730.0
n2_TS,n2,TS,tai50_15_10.F.15_01,6,2559.0,2937.0,2748.0
n2_TS,n2,TS,tai50_15_10.F.15_01,7,2525.0,2927.0,2726.0
n2_TS,n2,TS,tai50_15_10.F.15_01,8,2525.0,2927.0,2726.0
n2_TS,n2,TS,tai50_15_10.F.15_01,9,2533.0,2927.0,2730.0
n2_TS,n2,TS,tai50_15_10.F.15_01,10,2525.0,2927.0,2726.0
n2_TS,n2,TS,tai50_15_10.F.15_01,11,2555.0,2939.0,2747.0
n2_TS,n2,TS,tai50_15_10.F.15_01,12,2594.0,2935.0,2764.5
n2_TS,n2,TS,tai50_15_10.F.15_01,13,2525.0,2927.0,2726.0
n2_TS,n2,TS,tai50_15_10.F.15_01,14,2525.0,2927.0,2726.0
n2_TS,n2,TS,tai50_15_10.F.15_01,15,2525.0,2927.0,2726.0
n2_TS,n2,TS,tai50_15_10.F.15_01,16,2525.0,2927.0,2726.0
n2_TS,n2,TS,tai50_15_10.F.15_01,17,2592.0,2985.0,2788.5
n2_TS,n2,TS,tai50_15_10.F.15_01,18,2525.0,2927.0,2726.0
n2_TS,n2,TS,tai50_15_10.F.15_01,19,2582.0,2927.0,2754.5
n2_TS,n2,TS,tai50_15_10.F.15_01,20,2533.0,2927.0,2730.0
n2_TS,n2,TS,tai50_15_10.F.15_01,21,2547.0,2927.0,2737.0
n2_TS,n2,TS,tai50_15_10.F.15_01,22,2525.0,2937.0,2731.0
n2_TS,n2,TS,tai50_15_10.F.15_01,23,2555.0,2939.0,2747.0
n2_TS,n2,TS,tai50_15_10.F.15_01,24,2525.0,2927.0,2726.0
n2_TS,n2,TS,tai50_15_10.F.15_01,25,2525.0,2938.0,2731.5
n2_TS,n2,TS,tai50_15_10.F.15_01,26,2525.0,2927.0,2726.0
n2_TS,n2,TS,tai50_15_10.F.15_01,27,2543.0,2927.0,2735.0
n2_TS,n2,TS,tai50_15_10.F.15_01,28,2525.0,2927.0,2726.0
n2_TS,n2,TS,tai50_15_10.F.15_01,29,2525.0,2927.0,2726.0
n2_TS,n2,TS,tai50_15_10.F.15_01,30,2533.0,2927.0,2730.0
n2_TS,n2,TS,tai50_20_01.F.15_01,1,2747.0,3127.0,2937.0
n2_TS,n2,TS,tai50_20_01.F.15_01,2,2738.0,3130.0,2934.0
n2_TS,n2,TS,tai50_20_01.F.15_01,3,2738.0,3103.0,2920.5
n2_TS,n2,TS,tai50_20_01.F.15_01,4,2731.0,3127.0,2929.0
n2_TS,n2,TS,tai50_20_01.F.15_01,5,2715.0,3092.0,2903.5
n2_TS,n2,TS,tai50_20_01.F.15_01,6,2691.0,3100.0,2895.5
n2_TS,n2,TS,tai50_20_01.F.15_01,7,2743.0,3142.0,2942.5
n2_TS,n2,TS,tai50_20_01.F.15_01,8,2756.0,3168.0,2962.0
n2_TS,n2,TS,tai50_20_01.F.15_01,9,2718.0,3112.0,2915.0
n2_TS,n2,TS,tai50_20_01.F.15_01,10,2712.0,3098.0,2905.0
n2_TS,n2,TS,tai50_20_01.F.15_01,11,2713.0,3104.0,2908.5
n2_TS,n2,TS,tai50_20_01.F.15_01,12,2722.0,3101.0,2911.5
n2_TS,n2,TS,tai50_20_01.F.15_01,13,2731.0,3113.0,2922.0
n2_TS,n2,TS,tai50_20_01.F.15_01,14,2761.0,3161.0,2961.0
n2_TS,n2,TS,tai50_20_01.F.15_01,15,2691.0,3088.0,2889.5
n2_TS,n2,TS,tai50_20_01.F.15_01,16,2717.0,3107.0,2912.0
n2_TS,n2,TS,tai50_20_01.F.15_01,17,2692.0,3079.0,2885.5
n2_TS,n2,TS,tai50_20_01.F.15_01,18,2700.0,3103.0,2901.5
n2_TS,n2,TS,tai50_20_01.F.15_01,19,2728.0,3124.0,2926.0
n2_TS,n2,TS,tai50_20_01.F.15_01,20,2737.0,3108.0,2922.5
n2_TS,n2,TS,tai50_20_01.F.15_01,21,2729.0,3109.0,2919.0
n2_TS,n2,TS,tai50_20_01.F.15_01,22,2737.0,3110.0,2923.5
n2_TS,n2,TS,tai50_20_01.F.15_01,23,2779.0,3155.0,2967.0
n2_TS,n2,TS,tai50_20_01.F.15_01,24,2771.0,3148.0,2959.5
n2_TS,n2,TS,tai50_20_01.F.15_01,25,2740.0,3133.0,2936.5
n2_TS,n2,TS,tai50_20_01.F.15_01,26,2745.0,3120.0,2932.5
n2_TS,n2,TS,tai50_20_01.F.15_01,27,2693.0,3103.0,2898.0
n2_TS,n2,TS,tai50_20_01.F.15_01,28,2691.0,3072.0,2881.5
n2_TS,n2,TS,tai50_20_01.F.15_01,29,2694.0,3086.0,2890.0
n2_TS,n2,TS,tai50_20_01.F.15_01,30,2722.0,3128.0,2925.0
n2_TS,n2,TS,tai50_20_02.F.15_01,1,2836.0,3234.0,3035.0
n2_TS,n2,TS,tai50_20_02.F.15_01,2,2819.0,3174.0,2996.5
n2_TS,n2,TS,tai50_20_02.F.15_01,3,2819.0,3185.0,3002.0
n2_TS,n2,TS,tai50_20_02.F.15_01,4,2831.0,3167.0,2999.0
n2_TS,n2,TS,tai50_20_02.F.15_01,5,2849.0,3208.0,3028.5
n2_TS,n2,TS,tai50_20_02.F.15_01,6,2806.0,3174.0,2990.0
n2_TS,n2,TS,tai50_20_02.F.15_01,7,2823.0,3202.0,3012.5
n2_TS,n2,TS,tai50_20_02.F.15_01,8,2812.0,3174.0,2993.0
n2_TS,n2,TS,tai50_20_02.F.15_01,9,2807.0,3158.0,2982.5
n2_TS,n2,TS,tai50_20_02.F.15_01,10,2874.0,3242.0,3058.0
n2_TS,n2,TS,tai50_20_02.F.15_01,11,2815.0,3199.0,3007.0
n2_TS,n2,TS,tai50_20_02.F.15_01,12,2776.0,3172.0,2974.0
n2_TS,n2,TS,tai50_20_02.F.15_01,13,2849.0,3184.0,3016.5
n2_TS,n2,TS,tai50_20_02.F.15_01,14,2843.0,3210.0,3026.5
n2_TS,n2,TS,tai50_20_02.F.15_01,15,2837.0,3202.0,3019.5
n2_TS,n2,TS,tai50_20_02.F.15_01,16,2845.0,3206.0,3025.5
n2_TS,n2,TS,tai50_20_02.F.15_01,17,2812.0,3186.0,2999.0
n2_TS,n2,TS,tai50_20_02.F.15_01,18,2836.0,3210.0,3023.0
n2_TS,n2,TS,tai50_20_02.F.15_01,19,2866.0,3213.0,3039.5
n2_TS,n2,TS,tai50_20_02.F.15_01,20,2844.0,3199.0,3021.5
n2_TS,n2,TS,tai50_20_02.F.15_01,21,2825.0,3226.0,3025.5
n2_TS,n2,TS,tai50_20_02.F.15_01,22,2820.0,3190.0,3005.0
n2_TS,n2,TS,tai50_20_02.F.15_01,23,2812.0,3195.0,3003.5
n2_TS,n2,TS,tai50_20_02.F.15_01,24,2811.0,3182.0,2996.5
n2_TS,n2,TS,tai50_20_02.F.15_01,25,2854.0,3214.0,3034.0
n2_TS,n2,TS,tai50_20_02.F.15_01,26,2820.0,3166.0,2993.0
n2_TS,n2,TS,tai50_20_02.F.15_01,27,2813.0,3198.0,3005.5
n2_TS,n2,TS,tai50_20_02.F.15_01,28,2820.0,3183.0,3001.5
n2_TS,n2,TS,tai50_20_02.F.15_01,29,2882.0,3226.0,3054.0
n2_TS,n2,TS,tai50_20_02.F.15_01,30,2843.0,3200.0,3021.5
n2_TS,n2,TS,tai50_20_03.F.15_01,1,2606.0,3021.0,2813.5
n2_TS,n2,TS,tai50_20_03.F.15_01,2,2622.0,3051.0,2836.5
n2_TS,n2,TS,tai50_20_03.F.15_01,3,2554.0,2987.0,2770.5
n2_TS,n2,TS,tai50_20_03.F.15_01,4,2565.0,2996.0,2780.5
n2_TS,n2,TS,tai50_20_03.F.15_01,5,2555.0,2987.0,2771.0
n2_TS,n2,TS,tai50_20_03.F.15_01,6,2634.0,3042.0,2838.0
n2_TS,n2,TS,tai50_20_03.F.15_01,7,2576.0,2993.0,2784.5
n2_TS,n2,TS,tai50_20_03.F.15_01,8,2602.0,3027.0,2814.5
n2_TS,n2,TS,tai50_20_03.F.15_01,9,2609.0,3015.0,2812.0
n2_TS,n2,TS,tai50_20_03.F.15_01,10,2599.0,3047.0,2823.0
n2_TS,n2,TS,tai50_20_03.F.15_01,11,2558.0,2987.0,2772.5
n2_TS,n2,TS,tai50_20_03.F.15_01,12,2603.0,3047.0,2825.0
n2_TS,n2,TS,tai50_20_03.F.15_01,13,2548.0,2987.0,2767.5
n2_TS,n2,TS,tai50_20_03.F.15_01,14,2619.0,3049.0,2834.0
n2_TS,n2,TS,tai50_20_03.F.15_01,15,2552.0,2987.0,2769.5
n2_TS,n2,TS,tai50_20_03.F.15_01,16,2616.0,3035.0,2825.5
n2_TS,n2,TS,tai50_20_03.F.15_01,17,2585.0,3013.0,2799.0
n2_TS,n2,TS,tai50_20_03.F.15_01,18,2613.0,3035.0,2824.0
n2_TS,n2,TS,tai50_20_03.F.15_01,19,2564.0,2987.0,2775.5
n2_TS,n2,TS,tai50_20_03.F.15_01,20,2557.0,3013.0,2785.0
n2_TS,n2,TS,tai50_20_03.F.15_01,21,2606.0,3053.0,2829.5
n2_TS,n2,TS,tai50_20_03.F.15_01,22,2577.0,3003.0,2790.0
n2_TS,n2,TS,tai50_20_03.F.15_01,23,2548.0,2987.0,2767.5
n2_TS,n2,TS,tai50_20_03.F.15_01,24,2619.0,3049.0,2834.0
n2_TS,n2,TS,tai50_20_03.F.15_01,25,2577.0,2997.0,2787.0
n2_TS,n2,TS,tai50_20_03.F.15_01,26,2619.0,3049.0,2834.0
n2_TS,n2,TS,tai50_20_03.F.15_01,27,2548.0,2987.0,2767.5
n2_TS,n2,TS,tai50_20_03.F.15_01,28,2599.0,3000.0,2799.5
n2_TS,n2,TS,tai50_20_03.F.15_01,29,2571.0,2987.0,2779.0
n2_TS,n2,TS,tai50_20_03.F.15_01,30,2625.0,3057.0,2841.0
n2_TS,n2,TS,tai50_20_04.F.15_01,1,2550.0,2954.0,2752.0
n2_TS,n2,TS,tai50_20_04.F.15_01,2,2550.0,2940.0,2745.0
n2_TS,n2,TS,tai50_20_04.F.15_01,3,2549.0,2934.0,2741.5
n2_TS,n2,TS,tai50_20_04.F.15_01,4,2535.0,2954.0,2744.5
n2_TS,n2,TS,tai50_20_04.F.15_01,5,2554.0,2953.0,2753.5
n2_TS,n2,TS,tai50_20_04.F.15_01,6,2580.0,2976.0,2778.0
n2_TS,n2,TS,tai50_20_04.F.15_01,7,2535.0,2922.0,2728.5
n2_TS,n2,TS,tai50_20_04.F.15_01,8,2529.0,2909.0,2719.0
n2_TS,n2,TS,tai50_20_04.F.15_01,9,2556.0,2940.0,2748.0
n2_TS,n2,TS,tai50_20_04.F.15_01,10,2506.0,2930.0,2718.0
n2_TS,n2,TS,tai50_20_04.F.15_01,11,2526.0,2935.0,2730.5
n2_TS,n2,TS,tai50_20_04.F.15_01,12,2553.0,2955.0,2754.0
n2_TS,n2,TS,tai50_20_04.F.15_01,13,2568.0,2926.0,2747.0
n2_TS,n2,TS,tai50_20_04.F.15_01,14,2564.0,2965.0,2764.5
n2_TS,n2,TS,tai50_20_04.F.15_01,15,2551.0,2947.0,2749.0
n2_TS,n2,TS,tai50_20_04.F.15_01,16,2571.0,2963.0,2767.0
n2_TS,n2,TS,tai50_20_04.F.15_01,17,2538.0,2937.0,2737.5
n2_TS,n2,TS,tai50_20_04.F.15_01,18,2532.0,2934.0,2733.0
n2_TS,n2,TS,tai50_20_04.F.15_01,19,2508.0,2937.0,2722.5
n2_TS,n2,TS,tai50_20_04.F.15_01,20,2543.0,2944.0,2743.5
n2_TS,n2,TS,tai50_20_04.F.15_01,21,2541.0,2949.0,2745.0
n2_TS,n2,TS,tai50_20_04.F.15_01,22,2534.0,2934.0,2734.0
n2_TS,n2,TS,tai50_20_04.F.15_01,23,2552.0,2960.0,2756.0
n2_TS,n2,TS,tai50_20_04.F.15_01,24,2546.0,2945.0,2745.5
n2_TS,n2,TS,tai50_20_04.F.15_01,25,2551.0,2959.0,2755.0
n2_TS,n2,TS,tai50_20_04.F.15_01,26,2531.0,2934.0,2732.5
n2_TS,n2,TS,tai50_20_04.F.15_01,27,2553.0,2947.0,2750.0
n2_TS,n2,TS,tai50_20_04.F.15_01,28,2518.0,2930.0,2724.0
n2_TS,n2,TS,tai50_20_04.F.15_01,29,2523.0,2930.0,2726.5
n2_TS,n2,TS,tai50_20_04.F.15_01,30,2523.0,2934.0,2728.5
n2_TS,n2,TS,tai50_20_05.F.15_01,1,2594.0,2975.0,2784.5
n2_TS,n2,TS,tai50_20_05.F.15_01,2,2621.0,2982.0,2801.5
n2_TS,n2,TS,tai50_20_05.F.15_01,3,2587.0,2981.0,2784.0
n2_TS,n2,TS,tai50_20_05.F.15_01,4,2603.0,2948.0,2775.5
n2_TS,n2,TS,tai50_20_05.F.15_01,5,2576.0,2948.0,2762.0
n2_TS,n2,TS,tai50_20_05.F.15_01,6,2610.0,2978.0,2794.0
n2_TS,n2,TS,tai50_20_05.F.15_01,7,2590.0,2948.0,2769.0
n2_TS,n2,TS,tai50_20_05.F.15_01,8,2577.0,2948.0,2762.5
n2_TS,n2,TS,tai50_20_05.F.15_01,9,2583.0,2948.0,2765.5
n2_TS,n2,TS,tai50_20_05.F.15_01,10,2575.0,2948.0,2761.5
n2_TS,n2,TS,tai50_20_05.F.15_01,11,2569.0,2956.0,2762.5
n2_TS,n2,TS,tai50_20_05.F.15_01,12,2620.0,2988.0,2804.0
n2_TS,n2,TS,tai50_20_05.F.15_01,13,2585.0,2948.0,2766.5
n2_TS,n2,TS,tai50_20_05.F.15_01,14,2617.0,2958.0,2787.5
n2_TS,n2,TS,tai50_20_05.F.15_01,15,2590.0,2982.0,2786.0
n2_TS,n2,TS,tai50_20_05.F.15_01,16,2576.0,2957.0,2766.5
n2_TS,n2,TS,tai50_20_05.F.15_01,17,2608.0,2978.0,2793.0
n2_TS,n2,TS,tai50_20_05.F.15_01,18,2628.0,3008.0,2818.0
n2_TS,n2,TS,tai50_20_05.F.15_01,19,2633.0,3005.0,2819.0
n2_TS,n2,TS,tai50_20_05.F.15_01,20,2598.0,2963.0,2780.5
n2_TS,n2,TS,tai50_20_05.F.15_01,21,2581.0,2948.0,2764.5
n2_TS,n2,TS,tai50_20_05.F.15_01,22,2576.0,2981.0,2778.5
n2_TS,n2,TS,tai50_20_05.F.15_01,23,2624.0,2991.0,2807.5
n2_TS,n2,TS,tai50_20_05.F.15_01,24,2612.0,2959.0,2785.5
n2_TS,n2,TS,tai50_20_05.F.15_01,25,2594.0,2981.0,2787.5
n2_TS,n2,TS,tai50_20_05.F.15_01,26,2564.0,2966.0,2765.0
n2_TS,n2,TS,tai50_20_05.F.15_01,27,2592.0,2967.0,2779.5
n2_TS,n2,TS,tai50_20_05.F.15_01,28,2597.0,2977.0,2787.0
n2_TS,n2,TS,tai50_20_05.F.15_01,29,2567.0,2948.0,2757.5
n2_TS,n2,TS,tai50_20_05.F.15_01,30,2645.0,3010.0,2827.5
n2_TS,n2,TS,tai50_20_06.F.15_01,1,2694.0,3114.0,2904.0
n2_TS,n2,TS,tai50_20_06.F.15_01,2,2666.0,3108.0,2887.0
n2_TS,n2,TS,tai50_20_06.F.15_01,3,2696.0,3126.0,2911.0
n2_TS,n2,TS,tai50_20_06.F.15_01,4,2705.0,3124.0,2914.5
n2_TS,n2,TS,tai50_20_06.F.15_01,5,2668.0,3159.0,2913.5
n2_TS,n2,TS,tai50_20_06.F.15_01,6,2709.0,3147.0,2928.0
n2_TS,n2,TS,tai50_20_06.F.15_01,7,2673.0,3094.0,2883.5
n2_TS,n2,TS,tai50_20_06.F.15_01,8,2673.0,3107.0,2890.0
n2_TS,n2,TS,tai50_20_06.F.15_01,9,2675.0,3095.0,2885.0
n2_TS,n2,TS,tai50_20_06.F.15_01,10,2695.0,3140.0,2917.5
n2_TS,n2,TS,tai50_20_06.F.15_01,11,2666.0,3094.0,2880.0
n2_TS,n2,TS,tai50_20_06.F.15_01,12,2665.0,3106.0,2885.5
n2_TS,n2,TS,tai50_20_06.F.15_01,13,2645.0,3114.0,2879.5
n2_TS,n2,TS,tai50_20_06.F.15_01,14,2674.0,3115.0,2894.5
n2_TS,n2,TS,tai50_20_06.F.15_01,15,2694.0,3162.0,2928.0
n2_TS,n2,TS,tai50_20_06.F.15_01,16,2699.0,3163.0,2931.0
n2_TS,n2,TS,tai50_20_06.F.15_01,17,2716.0,3094.0,2905.0
n2_TS,n2,TS,tai50_20_06.F.15_01,18,2675.0,3124.0,2899.5
n2_TS,n2,TS,tai50_20_06.F.15_01,19,2654.0,3114.0,2884.0
n2_TS,n2,TS,tai50_20_06.F.15_01,20,2664.0,3094.0,2879.0
n2_TS,n2,TS,tai50_20_06.F.15_01,21,2694.0,3099.0,2896.5
n2_TS,n2,TS,tai50_20_06.F.15_01,22,2677.0,3094.0,2885.5
n2_TS,n2,TS,tai50_20_06.F.15_01,23,2682.0,3162.0,2922.0
n2_TS,n2,TS,tai50_20_06.F.15_01,24,2679.0,3139.0,2909.0
n2_TS,n2,TS,tai50_20_06.F.15_01,25,2697.0,3152.0,2924.5
n2_TS,n2,TS,tai50_20_06.F.15_01,26,2681.0,3121.0,2901.0
n2_TS,n2,TS,tai50_20_06.F.15_01,27,2680.0,3094.0,2887.0
n2_TS,n2,TS,tai50_20_06.F.15_01,28,2716.0,3118.0,2917.0
n2_TS,n2,TS,tai50_20_06.F.15_01,29,2687.0,3162.0,2924.5
n2_TS,n2,TS,tai50_20_06.F.15_01,30,2735.0,3137.0,2936.0
n2_TS,n2,TS,tai50_20_07.F.15_01,1,2681.0,3121.0,2901.0
n2_TS,n2,TS,tai50_20_07.F.15_01,2,2642.0,3097.0,2869.5
n2_TS,n2,TS,tai50_20_07.F.15_01,3,2662.0,3095.0,2878.5
n2_TS,n2,TS,tai50_20_07.F.15_01,4,2628.0,3083.0,2855.5
n2_TS,n2,TS,tai50_20_07.F.15_01,5,2767.0,3193.0,2980.0
n2_TS,n2,TS,tai50_20_07.F.15_01,6,2703.0,3136.0,2919.5
n2_TS,n2,TS,tai50_20_07.F.15_01,7,2695.0,3118.0,2906.5
n2_TS,n2,TS,tai50_20_07.F.15_01,8,2664.0,3112.0,2888.0
n2_TS,n2,TS,tai50_20_07.F.15_01,9,2680.0,3133.0,2906.5
n2_TS,n2,TS,tai50_20_07.F.15_01,10,2663.0,3086.0,2874.5
n2_TS,n2,TS,tai50_20_07.F.15_01,11,2681.0,3115.0,2898.0
n2_TS,n2,TS,tai50_20_07.F.15_01,12,2653.0,3097.0,2875.0
n2_TS,n2,TS,tai50_20_07.F.15_01,13,2646.0,3097.0,2871.5
n2_TS,n2,TS,tai50_20_07.F.15_01,14,2663.0,3100.0,2881.5
n2_TS,n2,TS,tai50_20_07.F.15_01,15,2650.0,3095.0,2872.5
n2_TS,n2,TS,tai50_20_07.F.15_01,16,2707.0,3118.0,2912.5
n2_TS,n2,TS,tai50_20_07.F.15_01,17,2662.0,3127.0,2894.5
n2_TS,n2,TS,tai50_20_07.F.15_01,18,2641.0,3095.0,2868.0
n2_TS,n2,TS,tai50_20_07.F.15_01,19,2687.0,3100.0,2893.5
n2_TS,n2,TS,tai50_20_07.F.15_01,20,2666.0,3096.0,2881.0
n2_TS,n2,TS,tai50_20_07.F.15_01,21,2647.0,3112.0,2879.5
n2_TS,n2,TS,tai50_20_07.F.15_01,22,2680.0,3100.0,2890.0
n2_TS,n2,TS,tai50_20_07.F.15_01,23,2675.0,3121.0,2898.0
n2_TS,n2,TS,tai50_20_07.F.15_01,24,2701.0,3117.0,2909.0
n2_TS,n2,TS,tai50_20_07.F.15_01,25,2646.0,3098.0,2872.0
n2_TS,n2,TS,tai50_20_07.F.15_01,26,2683.0,3102.0,2892.5
n2_TS,n2,TS,tai50_20_07.F.15_01,27,2686.0,3113.0,2899.5
n2_TS,n2,TS,tai50_20_07.F.15_01,28,2645.0,3094.0,2869.5
n2_TS,n2,TS,tai50_20_07.F.15_01,29,2643.0,3095.0,2869.0
n2_TS,n2,TS,tai50_20_07.F.15_01,30,2675.0,3117.0,2896.0
n2_TS,n2,TS,tai50_20_08.F.15_01,1,2634.0,2990.0,2812.0
n2_TS,n2,TS,tai50_20_08.F.15_01,2,2609.0,2975.0,2792.0
n2_TS,n2,TS,tai50_20_08.F.15_01,3,2609.0,2988.0,2798.5
n2_TS,n2,TS,tai50_20_08.F.15_01,4,2632.0,2995.0,2813.5
n2_TS,n2,TS,tai50_20_08.F.15_01,5,2626.0,2993.0,2809.5
n2_TS,n2,TS,tai50_20_08.F.15_01,6,2642.0,2986.0,2814.0
n2_TS,n2,TS,tai50_20_08.F.15_01,7,2609.0,2988.0,2798.5
n2_TS,n2,TS,tai50_20_08.F.15_01,8,2653.0,3005.0,2829.0
n2_TS,n2,TS,tai50_20_08.F.15_01,9,2609.0,2975.0,2792.0
n2_TS,n2,TS,tai50_20_08.F.15_01,10,2609.0,2988.0,2798.5
n2_TS,n2,TS,tai50_20_08.F.15_01,11,2612.0,3003.0,2807.5
n2_TS,n2,TS,tai50_20_08.F.15_01,12,2644.0,3032.0,2838.0
n2_TS,n2,TS,tai50_20_08.F.15_01,13,2641.0,3015.0,2828.0
n2_TS,n2,TS,tai50_20_08.F.15_01,14,2623.0,3012.0,2817.5
n2_TS,n2,TS,tai50_20_08.F.15_01,15,2643.0,2987.0,2815.0
n2_TS,n2,TS,tai50_20_08.F.15_01,16,2639.0,2994.0,2816.5
n2_TS,n2,TS,tai50_20_08.F.15_01,17,2638.0,3010.0,2824.0
n2_TS,n2,TS,tai50_20_08.F.15_01,18,2609.0,2988.0,2798.5
n2_TS,n2,TS,tai50_20_08.F.15_01,19,2632.0,2997.0,2814.5
n2_TS,n2,TS,tai50_20_08.F.15_01,20,2658.0,2991.0,2824.5
n2_TS,n2,TS,tai50_20_08.F.15_01,21,2622.0,2975.0,2798.5
n2_TS,n2,TS,tai50_20_08.F.15_01,22,2626.0,2990.0,2808.0
n2_TS,n2,TS,tai50_20_08.F.15_01,23,2661.0,2997.0,2829.0
n2_TS,n2,TS,tai50_20_08.F.15_01,24,2638.0,2988.0,2813.0
n2_TS,n2,TS,tai50_20_08.F.15_01,25,2693.0,3028.0,2860.5
n2_TS,n2,TS,tai50_20_08.F.15_01,26,2609.0,2984.0,2796.5
n2_TS,n2,TS,tai50_20_08.F.15_01,27,2609.0,2989.0,2799.0
n2_TS,n2,TS,tai50_20_08.F.15_01,28,2659.0,3024.0,2841.5
n2_TS,n2,TS,tai50_20_08.F.15_01,29,2662.0,3003.0,2832.5
n2_TS,n2,TS,tai50_20_08.F.15_01,30,2626.0,3009.0,2817.5
n2_TS,n2,TS,tai50_20_09.F.15_01,1,2850.0,3292.0,3071.0
n2_TS,n2,TS,tai50_20_09.F.15_01,2,2850.0,3292.0,3071.0
n2_TS,n2,TS,tai50_20_09.F.15_01,3,2850.0,3292.0,3071.0
n2_TS,n2,TS,tai50_20_09.F.15_01,4,2876.0,3294.0,3085.0
n2_TS,n2,TS,tai50_20_09.F.15_01,5,2850.0,3292.0,3071.0
n2_TS,n2,TS,tai50_20_09.F.15_01,6,2857.0,3293.0,3075.0
n2_TS,n2,TS,tai50_20_09.F.15_01,7,2850.0,3292.0,3071.0
n2_TS,n2,TS,tai50_20_09.F.15_01,8,2850.0,3292.0,3071.0
n2_TS,n2,TS,tai50_20_09.F.15_01,9,2850.0,3292.0,3071.0
n2_TS,n2,TS,tai50_20_09.F.15_01,10,2850.0,3292.0,3071.0
n2_TS,n2,TS,tai50_20_09.F.15_01,11,2850.0,3294.0,3072.0
n2_TS,n2,TS,tai50_20_09.F.15_01,12,2874.0,3326.0,3100.0
n2_TS,n2,TS,tai50_20_09.F.15_01,13,2850.0,3292.0,3071.0
n2_TS,n2,TS,tai50_20_09.F.15_01,14,2857.0,3311.0,3084.0
n2_TS,n2,TS,tai50_20_09.F.15_01,15,2863.0,3306.0,3084.5
n2_TS,n2,TS,tai50_20_09.F.15_01,16,2850.0,3292.0,3071.0
n2_TS,n2,TS,tai50_20_09.F.15_01,17,2850.0,3292.0,3071.0
n2_TS,n2,TS,tai50_20_09.F.15_01,18,2850.0,3292.0,3071.0
n2_TS,n2,TS,tai50_20_09.F.15_01,19,2850.0,3292.0,3071.0
n2_TS,n2,TS,tai50_20_09.F.15_01,20,2850.0,3292.0,3071.0
n2_TS,n2,TS,tai50_20_09.F.15_01,21,2850.0,3292.0,3071.0
n2_TS,n2,TS,tai50_20_09.F.15_01,22,2866.0,3326.0,3096.0
n2_TS,n2,TS,tai50_20_09.F.15_01,23,2850.0,3292.0,3071.0
n2_TS,n2,TS,tai50_20_09.F.15_01,24,2854.0,3304.0,3079.0
n2_TS,n2,TS,tai50_20_09.F.15_01,25,2850.0,3292.0,3071.0
n2_TS,n2,TS,tai50_20_09.F.15_01,26,2850.0,3292.0,3071.0
n2_TS,n2,TS,tai50_20_09.F.15_01,27,2850.0,3292.0,3071.0
n2_TS,n2,TS,tai50_20_09.F.15_01,28,2850.0,3292.0,3071.0
n2_TS,n2,TS,tai50_20_09.F.15_01,29,2850.0,3292.0,3071.0
n2_TS,n2,TS,tai50_20_09.F.15_01,30,2850.0,3296.0,3073.0
n2_TS,n2,TS,tai50_20_10.F.15_01,1,2869.0,3276.0,3072.5
n2_TS,n2,TS,tai50_20_10.F.15_01,2,2834.0,3268.0,3051.0
n2_TS,n2,TS,tai50_20_10.F.15_01,3,2839.0,3267.0,3053.0
n2_TS,n2,TS,tai50_20_10.F.15_01,4,2863.0,3271.0,3067.0
n2_TS,n2,TS,tai50_20_10.F.15_01,5,2872.0,3286.0,3079.0
n2_TS,n2,TS,tai50_20_10.F.15_01,6,2873.0,3261.0,3067.0
n2_TS,n2,TS,tai50_20_10.F.15_01,7,2892.0,3282.0,3087.0
n2_TS,n2,TS,tai50_20_10.F.15_01,8,2886.0,3296.0,3091.0
n2_TS,n2,TS,tai50_20_10.F.15_01,9,2844.0,3244.0,3044.0
n2_TS,n2,TS,tai50_20_10.F.15_01,10,2892.0,3298.0,3095.0
n2_TS,n2,TS,tai50_20_10.F.15_01,11,2883.0,3309.0,3096.0
n2_TS,n2,TS,tai50_20_10.F.15_01,12,2891.0,3316.0,3103.5
n2_TS,n2,TS,tai50_20_10.F.15_01,13,2846.0,3256.0,3051.0
n2_TS,n2,TS,tai50_20_10.F.15_01,14,2848.0,3263.0,3055.5
n2_TS,n2,TS,tai50_20_10.F.15_01,15,2828.0,3257.0,3042.5
n2_TS,n2,TS,tai50_20_10.F.15_01,16,2871.0,3307.0,3089.0
n2_TS,n2,TS,tai50_20_10.F.15_01,17,2879.0,3286.0,3082.5
n2_TS,n2,TS,tai50_20_10.F.15_01,18,2860.0,3296.0,3078.0
n2_TS,n2,TS,tai50_20_10.F.15_01,19,2861.0,3268.0,3064.5
n2_TS,n2,TS,tai50_20_10.F.15_01,20,2884.0,3284.0,3084.0
n2_TS,n2,TS,tai50_20_10.F.15_01,21,2859.0,3285.0,3072.0
n2_TS,n2,TS,tai50_20_10.F.15_01,22,2864.0,3262.0,3063.0
n2_TS,n2,TS,tai50_20_10.F.15_01,23,2870.0,3277.0,3073.5
n2_TS,n2,TS,tai50_20_10.F.15_01,24,2839.0,3263.0,3051.0
n2_TS,n2,TS,tai50_20_10.F.15_01,25,2855.0,3269.0,3062.0
n2_TS,n2,TS,tai50_20_10.F.15_01,26,2881.0,3269.0,3075.0
n2_TS,n2,TS,tai50_20_10.F.15_01,27,2843.0,3274.0,3058.5
n2_TS,n2,TS,tai50_20_10.F.15_01,28,2855.0,3281.0,3068.0
n2_TS,n2,TS,tai50_20_10.F.15_01,29,2853.0,3301.0,3077.0
n2_TS,n2,TS,tai50_20_10.F.15_01,30,2863.0,3285.0,3074.0
n3_TS,n3,TS,F0.15.0.abz7_06,1,638.0,721.0,679.5
n3_TS,n3,TS,F0.15.0.abz7_06,2,645.0,722.0,683.5
n3_TS,n3,TS,F0.15.0.abz7_06,3,639.0,729.0,684.0
n3_TS,n3,TS,F0.15.0.abz7_06,4,638.0,721.0,679.5
n3_TS,n3,TS,F0.15.0.abz7_06,5,636.0,720.0,678.0
n3_TS,n3,TS,F0.15.0.abz7_06,6,651.0,729.0,690.0
n3_TS,n3,TS,F0.15.0.abz7_06,7,633.0,716.0,674.5
n3_TS,n3,TS,F0.15.0.abz7_06,8,633.0,715.0,674.0
n3_TS,n3,TS,F0.15.0.abz7_06,9,644.0,723.0,683.5
n3_TS,n3,TS,F0.15.0.abz7_06,10,637.0,721.0,679.0
n3_TS,n3,TS,F0.15.0.abz7_06,11,644.0,731.0,687.5
n3_TS,n3,TS,F0.15.0.abz7_06,12,649.0,719.0,684.0
n3_TS,n3,TS,F0.15.0.abz7_06,13,636.0,720.0,678.0
n3_TS,n3,TS,F0.15.0.abz7_06,14,635.0,727.0,681.0
n3_TS,n3,TS,F0.15.0.abz7_06,15,635.0,723.0,679.0
n3_TS,n3,TS,F0.15.0.abz7_06,16,646.0,731.0,688.5
n3_TS,n3,TS,F0.15.0.abz7_06,17,643.0,721.0,682.0
n3_TS,n3,TS,F0.15.0.abz7_06,18,627.0,715.0,671.0
n3_TS,n3,TS,F0.15.0.abz7_06,19,652.0,722.0,687.0
n3_TS,n3,TS,F0.15.0.abz7_06,20,636.0,714.0,675.0
n3_TS,n3,TS,F0.15.0.abz7_06,21,636.0,721.0,678.5
n3_TS,n3,TS,F0.15.0.abz7_06,22,636.0,725.0,680.5
n3_TS,n3,TS,F0.15.0.abz7_06,23,636.0,721.0,678.5
n3_TS,n3,TS,F0.15.0.abz7_06,24,645.0,730.0,687.5
n3_TS,n3,TS,F0.15.0.abz7_06,25,638.0,721.0,679.5
n3_TS,n3,TS,F0.15.0.abz7_06,26,643.0,724.0,683.5
n3_TS,n3,TS,F0.15.0.abz7_06,27,644.0,724.0,684.0
n3_TS,n3,TS,F0.15.0.abz7_06,28,643.0,720.0,681.5
n3_TS,n3,TS,F0.15.0.abz7_06,29,646.0,720.0,683.0
n3_TS,n3,TS,F0.15.0.abz7_06,30,635.0,722.0,678.5
n3_TS,n3,TS,F0.15.0.abz8_05,1,655.0,729.0,692.0
n3_TS,n3,TS,F0.15.0.abz8_05,2,661.0,731.0,696.0
n3_TS,n3,TS,F0.15.0.abz8_05,3,654.0,727.0,690.5
n3_TS,n3,TS,F0.15.0.abz8_05,4,661.0,734.0,697.5
n3_TS,n3,TS,F0.15.0.abz8_05,5,665.0,731.0,698.0
n3_TS,n3,TS,F0.15.0.abz8_05,6,663.0,730.0,696.5
n3_TS,n3,TS,F0.15.0.abz8_05,7,666.0,732.0,699.0
n3_TS,n3,TS,F0.15.0.abz8_05,8,672.0,737.0,704.5
n3_TS,n3,TS,F0.15.0.abz8_05,9,660.0,734.0,697.0
n3_TS,n3,TS,F0.15.0.abz8_05,10,669.0,740.0,704.5
n3_TS,n3,TS,F0.15.0.abz8_05,11,645.0,721.0,683.0
n3_TS,n3,TS,F0.15.0.abz8_05,12,664.0,720.0,692.0
n3_TS,n3,TS,F0.15.0.abz8_05,13,654.0,725.0,689.5
n3_TS,n3,TS,F0.15.0.abz8_05,14,664.0,732.0,698.0
n3_TS,n3,TS,F0.15.0.abz8_05,15,675.0,741.0,708.0
n3_TS,n3,TS,F0.15.0.abz8_05,16,656.0,730.0,693.0
n3_TS,n3,TS,F0.15.0.abz8_05,17,663.0,729.0,696.0
n3_TS,n3,TS,F0.15.0.abz8_05,18,664.0,737.0,700.5
n3_TS,n3,TS,F0.15.0.abz8_05,19,663.0,737.0,700.0
n3_TS,n3,TS,F0.15.0.abz8_05,20,667.0,728.0,697.5
n3_TS,n3,TS,F0.15.0.abz8_05,21,662.0,735.0,698.5
n3_TS,n3,TS,F0.15.0.abz8_05,22,664.0,730.0,697.0
n3_TS,n3,TS,F0.15.0.abz8_05,23,655.0,723.0,689.0
n3_TS,n3,TS,F0.15.0.abz8_05,24,669.0,734.0,701.5
n3_TS,n3,TS,F0.15.0.abz8_05,25,656.0,722.0,689.0
n3_TS,n3,TS,F0.15.0.abz8_05,26,667.0,730.0,698.5
n3_TS,n3,TS,F0.15.0.abz8_05,27,654.0,720.0,687.0
n3_TS,n3,TS,F0.15.0.abz8_05,28,663.0,736.0,699.5
n3_TS,n3,TS,F0.15.0.abz8_05,29,666.0,740.0,703.0
n3_TS,n3,TS,F0.15.0.abz8_05,30,667.0,735.0,701.0
n3_TS,n3,TS,F0.15.0.abz9_10,1,686.0,766.0,726.0
n3_TS,n3,TS,F0.15.0.abz9_10,2,675.0,745.0,710.0
n3_TS,n3,TS,F0.15.0.abz9_10,3,683.0,751.0,717.0
n3_TS,n3,TS,F0.15.0.abz9_10,4,698.0,762.0,730.0
n3_TS,n3,TS,F0.15.0.abz9_10,5,699.0,769.0,734.0
n3_TS,n3,TS,F0.15.0.abz9_10,6,696.0,776.0,736.0
n3_TS,n3,TS,F0.15.0.abz9_10,7,671.0,743.0,707.0
n3_TS,n3,TS,F0.15.0.abz9_10,8,690.0,760.0,725.0
n3_TS,n3,TS,F0.15.0.abz9_10,9,680.0,756.0,718.0
n3_TS,n3,TS,F0.15.0.abz9_10,10,698.0,753.0,725.5
n3_TS,n3,TS,F0.15.0.abz9_10,11,687.0,767.0,727.0
n3_TS,n3,TS,F0.15.0.abz9_10,12,690.0,755.0,722.5
n3_TS,n3,TS,F0.15.0.abz9_10,13,696.0,764.0,730.0
n3_TS,n3,TS,F0.15.0.abz9_10,14,677.0,744.0,710.5
n3_TS,n3,TS,F0.15.0.abz9_10,15,689.0,760.0,724.5
n3_TS,n3,TS,F0.15.0.abz9_10,16,680.0,754.0,717.0
n3_TS,n3,TS,F0.15.0.abz9_10,17,687.0,760.0,723.5
n3_TS,n3,TS,F0.15.0.abz9_10,18,672.0,740.0,706.0
n3_TS,n3,TS,F0.15.0.abz9_10,19,685.0,757.0,721.0
n3_TS,n3,TS,F0.15.0.abz9_10,20,680.0,744.0,712.0
n3_TS,n3,TS,F0.15.0.abz9_10,21,692.0,760.0,726.0
n3_TS,n3,TS,F0.15.0.abz9_10,22,681.0,751.0,716.0
n3_TS,n3,TS,F0.15.0.abz9_10,23,694.0,757.0,725.5
n3_TS,n3,TS,F0.15.0.abz9_10,24,694.0,755.0,724.5
n3_TS,n3,TS,F0.15.0.abz9_10,25,686.0,762.0,724.0
n3_TS,n3,TS,F0.15.0.abz9_10,26,690.0,756.0,723.0
n3_TS,n3,TS,F0.15.0.abz9_10,27,701.0,756.0,728.5
n3_TS,n3,TS,F0.15.0.abz9_10,28,686.0,758.0,722.0
n3_TS,n3,TS,F0.15.0.abz9_10,29,689.0,767.0,728.0
n3_TS,n3,TS,F0.15.0.abz9_10,30,679.0,753.0,716.0
n3_TS,n3,TS,F0.15.0.ft10_10,1,909.0,1024.0,966.5
n3_TS,n3,TS,F0.15.0.ft10_10,2,913.0,1014.0,963.5
n3_TS,n3,TS,F0.15.0.ft10_10,3,907.0,1015.0,961.0
n3_TS,n3,TS,F0.15.0.ft10_10,4,908.0,1014.0,961.0
n3_TS,n3,TS,F0.15.0.ft10_10,5,900.0,1014.0,957.0
n3_TS,n3,TS,F0.15.0.ft10_10,6,890.0,990.0,940.0
n3_TS,n3,TS,F0.15.0.ft10_10,7,902.0,1008.0,955.0
n3_TS,n3,TS,F0.15.0.ft10_10,8,882.0,989.0,935.5
n3_TS,n3,TS,F0.15.0.ft10_10,9,898.0,1003.0,950.5
n3_TS,n3,TS,F0.15.0.ft10_10,10,878.0,1000.0,939.0
n3_TS,n3,TS,F0.15.0.ft10_10,11,909.0,1024.0,966.5
n3_TS,n3,TS,F0.15.0.ft10_10,12,890.0,990.0,940.0
n3_TS,n3,TS,F0.15.0.ft10_10,13,907.0,1003.0,955.0
n3_TS,n3,TS,F0.15.0.ft10_10,14,895.0,1015.0,955.0
n3_TS,n3,TS,F0.15.0.ft10_10,15,878.0,1000.0,939.0
n3_TS,n3,TS,F0.15.0.ft10_10,16,882.0,989.0,935.5
n3_TS,n3,TS,F0.15.0.ft10_10,17,882.0,989.0,935.5
n3_TS,n3,TS,F0.15.0.ft10_10,18,890.0,990.0,940.0
n3_TS,n3,TS,F0.15.0.ft10_10,19,913.0,1025.0,969.0
n3_TS,n3,TS,F0.15.0.ft10_10,20,898.0,1003.0,950.5
n3_TS,n3,TS,F0.15.0.ft10_10,21,895.0,1015.0,955.0
n3_TS,n3,TS,F0.15.0.ft10_10,22,913.0,1025.0,969.0
n3_TS,n3,TS,F0.15.0.ft10_10,23,905.0,1001.0,953.0
n3_TS,n3,TS,F0.15.0.ft10_10,24,903.0,1005.0,954.0
n3_TS,n3,TS,F0.15.0.ft10_10,25,917.0,1023.0,970.0
n3_TS,n3,TS,F0.15.0.ft10_10,26,899.0,1010.0,954.5
n3_TS,n3,TS,F0.15.0.ft10_10,27,910.0,1032.0,971.0
n3_TS,n3,TS,F0.15.0.ft10_10,28,913.0,1025.0,969.0
n3_TS,n3,TS,F0.15.0.ft10_10,29,898.0,1003.0,950.5
n3_TS,n3,TS,F0.15.0.ft10_10,30,882.0,989.0,935.5
n3_TS,n3,TS,F0.15.0.ft20_05,1,1109.0,1251.0,1180.0
n3_TS,n3,TS,F0.15.0.ft20_05,2,1109.0,1251.0,1180.0
n3_TS,n3,TS,F0.15.0.ft20_05,3,1121.0,1263.0,1192.0
n3_TS,n3,TS,F0.15.0.ft20_05,4,1109.0,1251.0,1180.0
n3_TS,n3,TS,F0.15.0.ft20_05,5,1106.0,1250.0,1178.0
n3_TS,n3,TS,F0.15.0.ft20_05,6,1111.0,1253.0,1182.0
n3_TS,n3,TS,F0.15.0.ft20_05,7,1121.0,1263.0,1192.0
n3_TS,n3,TS,F0.15.0.ft20_05,8,1109.0,1251.0,1180.0
n3_TS,n3,TS,F0.15.0.ft20_05,9,1111.0,1253.0,1182.0
n3_TS,n3,TS,F0.15.0.ft20_05,10,1106.0,1250.0,1178.0
n3_TS,n3,TS,F0.15.0.ft20_05,11,1101.0,1245.0,1173.0
n3_TS,n3,TS,F0.15.0.ft20_05,12,1109.0,1251.0,1180.0
n3_TS,n3,TS,F0.15.0.ft20_05,13,1106.0,1250.0,1178.0
n3_TS,n3,TS,F0.15.0.ft20_05,14,1101.0,1245.0,1173.0
n3_TS,n3,TS,F0.15.0.ft20_05,15,1111.0,1253.0,1182.0
n3_TS,n3,TS,F0.15.0.ft20_05,16,1109.0,1251.0,1180.0
n3_TS,n3,TS,F0.15.0.ft20_05,17,1111.0,1253.0,1182.0
n3_TS,n3,TS,F0.15.0.ft20_05,18,1106.0,1250.0,1178.0
n3_TS,n3,TS,F0.15.0.ft20_05,19,1115.0,1251.0,1183.0
n3_TS,n3,TS,F0.15.0.ft20_05,20,1101.0,1245.0,1173.0
n3_TS,n3,TS,F0.15.0.ft20_05,21,1109.0,1251.0,1180.0
n3_TS,n3,TS,F0.15.0.ft20_05,22,1101.0,1245.0,1173.0
n3_TS,n3,TS,F0.15.0.ft20_05,23,1106.0,1250.0,1178.0
n3_TS,n3,TS,F0.15.0.ft20_05,24,1109.0,1251.0,1180.0
n3_TS,n3,TS,F0.15.0.ft20_05,25,1109.0,1251.0,1180.0
n3_TS,n3,TS,F0.15.0.ft20_05,26,1109.0,1251.0,1180.0
n3_TS,n3,TS,F0.15.0.ft20_05,27,1114.0,1254.0,1184.0
n3_TS,n3,TS,F0.15.0.ft20_05,28,1111.0,1253.0,1182.0
n3_TS,n3,TS,F0.15.0.ft20_05,29,1109.0,1251.0,1180.0
n3_TS,n3,TS,F0.15.0.ft20_05,30,1106.0,1250.0,1178.0
n3_TS,n3,TS,F0.15.0.la21_04,1,998.0,1151.0,1074.5
n3_TS,n3,TS,F0.15.0.la21_04,2,1008.0,1150.0,1079.0
n3_TS,n3,TS,F0.15.0.la21_04,3,1001.0,1151.0,1076.0
n3_TS,n3,TS,F0.15.0.la21_04,4,1015.0,1144.0,1079.5
n3_TS,n3,TS,F0.15.0.la21_04,5,996.0,1122.0,1059.0
n3_TS,n3,TS,F0.15.0.la21_04,6,1029.0,1155.0,1092.0
n3_TS,n3,TS,F0.15.0.la21_04,7,1028.0,1152.0,1090.0
n3_TS,n3,TS,F0.15.0.la21_04,8,1036.0,1154.0,1095.0
n3_TS,n3,TS,F0.15.0.la21_04,9,1009.0,1170.0,1089.5
n3_TS,n3,TS,F0.15.0.la21_04,10,991.0,1152.0,1071.5
n3_TS,n3,TS,F0.15.0.la21_04,11,1007.0,1146.0,1076.5
n3_TS,n3,TS,F0.15.0.la21_04,12,998.0,1124.0,1061.0
n3_TS,n3,TS,F0.15.0.la21_04,13,1034.0,1154.0,1094.0
n3_TS,n3,TS,F0.15.0.la21_04,14,1013.0,1138.0,1075.5
n3_TS,n3,TS,F0.15.0.la21_04,15,996.0,1143.0,1069.5
n3_TS,n3,TS,F0.15.0.la21_04,16,1026.0,1138.0,1082.0
n3_TS,n3,TS,F0.15.0.la21_04,17,1037.0,1167.0,1102.0
n3_TS,n3,TS,F0.15.0.la21_04,18,986.0,1129.0,1057.5
n3_TS,n3,TS,F0.15.0.la21_04,19,1038.0,1160.0,1099.0
n3_TS,n3,TS,F0.15.0.la21_04,20,1061.0,1167.0,1114.0
n3_TS,n3,TS,F0.15.0.la21_04,21,1003.0,1127.0,1065.0
n3_TS,n3,TS,F0.15.0.la21_04,22,1007.0,1148.0,1077.5
n3_TS,n3,TS,F0.15.0.la21_04,23,999.0,1122.0,1060.5
n3_TS,n3,TS,F0.15.0.la21_04,24,1002.0,1139.0,1070.5
n3_TS,n3,TS,F0.15.0.la21_04,25,996.0,1122.0,1059.0
n3_TS,n3,TS,F0.15.0.la21_04,26,1011.0,1132.0,1071.5
n3_TS,n3,TS,F0.15.0.la21_04,27,1014.0,1149.0,1081.5
n3_TS,n3,TS,F0.15.0.la21_04,28,1025.0,1153.0,1089.0
n3_TS,n3,TS,F0.15.0.la21_04,29,1013.0,1138.0,1075.5
n3_TS,n3,TS,F0.15.0.la21_04,30,1018.0,1152.0,1085.0
n3_TS,n3,TS,F0.15.0.la24_03,1,883.0,1015.0,949.0
n3_TS,n3,TS,F0.15.0.la24_03,2,883.0,1019.0,951.0
n3_TS,n3,TS,F0.15.0.la24_03,3,883.0,1039.0,961.0
n3_TS,n3,TS,F0.15.0.la24_03,4,888.0,1028.0,958.0
n3_TS,n3,TS,F0.15.0.la24_03,5,882.0,1012.0,947.0
n3_TS,n3,TS,F0.15.0.la24_03,6,886.0,1034.0,960.0
n3_TS,n3,TS,F0.15.0.la24_03,7,875.0,1032.0,953.5
n3_TS,n3,TS,F0.15.0.la24_03,8,908.0,1016.0,962.0
n3_TS,n3,TS,F0.15.0.la24_03,9,894.0,1026.0,960.0
n3_TS,n3,TS,F0.15.0.la24_03,10,894.0,1028.0,961.0
n3_TS,n3,TS,F0.15.0.la24_03,11,888.0,1028.0,958.0
n3_TS,n3,TS,F0.15.0.la24_03,12,875.0,1033.0,954.0
n3_TS,n3,TS,F0.15.0.la24_03,13,886.0,1020.0,953.0
n3_TS,n3,TS,F0.15.0.la24_03,14,892.0,1021.0,956.5
n3_TS,n3,TS,F0.15.0.la24_03,15,889.0,1015.0,952.0
n3_TS,n3,TS,F0.15.0.la24_03,16,889.0,1028.0,958.5
n3_TS,n3,TS,F0.15.0.la24_03,17,876.0,1012.0,944.0
n3_TS,n3,TS,F0.15.0.la24_03,18,883.0,1015.0,949.0
n3_TS,n3,TS,F0.15.0.la24_03,19,901.0,1019.0,960.0
n3_TS,n3,TS,F0.15.0.la24_03,20,883.0,1019.0,951.0
n3_TS,n3,TS,F0.15.0.la24_03,21,889.0,1028.0,958.5
n3_TS,n3,TS,F0.15.0.la24_03,22,869.0,1032.0,950.5
n3_TS,n3,TS,F0.15.0.la24_03,23,877.0,1017.0,947.0
n3_TS,n3,TS,F0.15.0.la24_03,24,895.0,1028.0,961.5
n3_TS,n3,TS,F0.15.0.la24_03,25,883.0,1015.0,949.0
n3_TS,n3,TS,F0.15.0.la24_03,26,880.0,1013.0,946.5
n3_TS,n3,TS,F0.15.0.la24_03,27,885.0,1015.0,950.0
n3_TS,n3,TS,F0.15.0.la24_03,28,876.0,1012.0,944.0
n3_TS,n3,TS,F0.15.0.la24_03,29,893.0,1032.0,962.5
n3_TS,n3,TS,F0.15.0.la24_03,30,878.0,1013.0,945.5
n3_TS,n3,TS,F0.15.0.la25_04,1,950.0,1073.0,1011.5
n3_TS,n3,TS,F0.15.0.la25_04,2,923.0,1058.0,990.5
n3_TS,n3,TS,F0.15.0.la25_04,3,917.0,1064.0,990.5
n3_TS,n3,TS,F0.15.0.la25_04,4,931.0,1071.0,1001.0
n3_TS,n3,TS,F0.15.0.la25_04,5,958.0,1066.0,1012.0
n3_TS,n3,TS,F0.15.0.la25_04,6,942.0,1060.0,1001.0
n3_TS,n3,TS,F0.15.0.la25_04,7,923.0,1058.0,990.5
n3_TS,n3,TS,F0.15.0.la25_04,8,934.0,1062.0,998.0
n3_TS,n3,TS,F0.15.0.la25_04,9,964.0,1064.0,1014.0
n3_TS,n3,TS,F0.15.0.la25_04,10,913.0,1064.0,988.5
n3_TS,n3,TS,F0.15.0.la25_04,11,917.0,1052.0,984.5
n3_TS,n3,TS,F0.15.0.la25_04,12,942.0,1060.0,1001.0
n3_TS,n3,TS,F0.15.0.la25_04,13,917.0,1052.0,984.5
n3_TS,n3,TS,F0.15.0.la25_04,14,919.0,1069.0,994.0
n3_TS,n3,TS,F0.15.0.la25_04,15,922.0,1062.0,992.0
n3_TS,n3,TS,F0.15.0.la25_04,16,917.0,1052.0,984.5
n3_TS,n3,TS,F0.15.0.la25_04,17,958.0,1066.0,1012.0
n3_TS,n3,TS,F0.15.0.la25_04,18,958.0,1066.0,1012.0
n3_TS,n3,TS,F0.15.0.la25_04,19,943.0,1071.0,1007.0
n3_TS,n3,TS,F0.15.0.la25_04,20,958.0,1064.0,1011.0
n3_TS,n3,TS,F0.15.0.la25_04,21,958.0,1066.0,1012.0
n3_TS,n3,TS,F0.15.0.la25_04,22,936.0,1063.0,999.5
n3_TS,n3,TS,F0.15.0.la25_04,23,964.0,1064.0,1014.0
n3_TS,n3,TS,F0.15.0.la25_04,24,923.0,1052.0,987.5
n3_TS,n3,TS,F0.15.0.la25_04,25,958.0,1066.0,1012.0
n3_TS,n3,TS,F0.15.0.la25_04,26,918.0,1064.0,991.0
n3_TS,n3,TS,F0.15.0.la25_04,27,917.0,1052.0,984.5
n3_TS,n3,TS,F0.15.0.la25_04,28,958.0,1066.0,1012.0
n3_TS,n3,TS,F0.15.0.la25_04,29,958.0,1066.0,1012.0
n3_TS,n3,TS,F0.15.0.la25_04,30,923.0,1052.0,987.5
n3_TS,n3,TS,F0.15.0.la27_09,1,1194.0,1354.0,1274.0
n3_TS,n3,TS,F0.15.0.la27_09,2,1186.0,1353.0,1269.5
n3_TS,n3,TS,F0.15.0.la27_09,3,1186.0,1352.0,1269.0
n3_TS,n3,TS,F0.15.0.la27_09,4,1207.0,1355.0,1281.0
n3_TS,n3,TS,F0.15.0.la27_09,5,1199.0,1355.0,1277.0
n3_TS,n3,TS,F0.15.0.la27_09,6,1199.0,1355.0,1277.0
n3_TS,n3,TS,F0.15.0.la27_09,7,1186.0,1352.0,1269.0
n3_TS,n3,TS,F0.15.0.la27_09,8,1194.0,1352.0,1273.0
n3_TS,n3,TS,F0.15.0.la27_09,9,1181.0,1343.0,1262.0
n3_TS,n3,TS,F0.15.0.la27_09,10,1186.0,1352.0,1269.0
n3_TS,n3,TS,F0.15.0.la27_09,11,1179.0,1334.0,1256.5
n3_TS,n3,TS,F0.15.0.la27_09,12,1193.0,1352.0,1272.5
n3_TS,n3,TS,F0.15.0.la27_09,13,1186.0,1352.0,1269.0
n3_TS,n3,TS,F0.15.0.la27_09,14,1197.0,1352.0,1274.5
n3_TS,n3,TS,F0.15.0.la27_09,15,1190.0,1352.0,1271.0
n3_TS,n3,TS,F0.15.0.la27_09,16,1195.0,1352.0,1273.5
n3_TS,n3,TS,F0.15.0.la27_09,17,1198.0,1352.0,1275.0
n3_TS,n3,TS,F0.15.0.la27_09,18,1187.0,1352.0,1269.5
n3_TS,n3,TS,F0.15.0.la27_09,19,1186.0,1352.0,1269.0
n3_TS,n3,TS,F0.15.0.la27_09,20,1201.0,1352.0,1276.5
n3_TS,n3,TS,F0.15.0.la27_09,21,1185.0,1333.0,1259.0
n3_TS,n3,TS,F0.15.0.la27_09,22,1235.0,1371.0,1303.0
n3_TS,n3,TS,F0.15.0.la27_09,23,1194.0,1354.0,1274.0
n3_TS,n3,TS,F0.15.0.la27_09,24,1194.0,1352.0,1273.0
n3_TS,n3,TS,F0.15.0.la27_09,25,1186.0,1352.0,1269.0
n3_TS,n3,TS,F0.15.0.la27_09,26,1186.0,1352.0,1269.0
n3_TS,n3,TS,F0.15.0.la27_09,27,1186.0,1352.0,1269.0
n3_TS,n3,TS,F0.15.0.la27_09,28,1186.0,1352.0,1269.0
n3_TS,n3,TS,F0.15.0.la27_09,29,1187.0,1338.0,1262.5
n3_TS,n3,TS,F0.15.0.la27_09,30,1190.0,1352.0,1271.0
n3_TS,n3,TS,F0.15.0.la29_03,1,1172.0,1336.0,1254.0
n3_TS,n3,TS,F0.15.0.la29_03,2,1128.0,1275.0,1201.5
n3_TS,n3,TS,F0.15.0.la29_03,3,1125.0,1304.0,1214.5
n3_TS,n3,TS,F0.15.0.la29_03,4,1145.0,1300.0,1222.5
n3_TS,n3,TS,F0.15.0.la29_03,5,1172.0,1308.0,1240.0
n3_TS,n3,TS,F0.15.0.la29_03,6,1165.0,1301.0,1233.0
n3_TS,n3,TS,F0.15.0.la29_03,7,1135.0,1297.0,1216.0
n3_TS,n3,TS,F0.15.0.la29_03,8,1141.0,1291.0,1216.0
n3_TS,n3,TS,F0.15.0.la29_03,9,1135.0,1310.0,1222.5
n3_TS,n3,TS,F0.15.0.la29_03,10,1152.0,1300.0,1226.0
n3_TS,n3,TS,F0.15.0.la29_03,11,1137.0,1303.0,1220.0
n3_TS,n3,TS,F0.15.0.la29_03,12,1147.0,1308.0,1227.5
n3_TS,n3,TS,F0.15.0.la29_03,13,1136.0,1277.0,1206.5
n3_TS,n3,TS,F0.15.0.la29_03,14,1176.0,1313.0,1244.5
n3_TS,n3,TS,F0.15.0.la29_03,15,1151.0,1316.0,1233.5
n3_TS,n3,TS,F0.15.0.la29_03,16,1151.0,1320.0,1235.5
n3_TS,n3,TS,F0.15.0.la29_03,17,1159.0,1296.0,1227.5
n3_TS,n3,TS,F0.15.0.la29_03,18,1128.0,1286.0,1207.0
n3_TS,n3,TS,F0.15.0.la29_03,19,1143.0,1294.0,1218.5
n3_TS,n3,TS,F0.15.0.la29_03,20,1141.0,1293.0,1217.0
n3_TS,n3,TS,F0.15.0.la29_03,21,1140.0,1277.0,1208.5
n3_TS,n3,TS,F0.15.0.la29_03,22,1146.0,1296.0,1221.0
n3_TS,n3,TS,F0.15.0.la29_03,23,1148.0,1303.0,1225.5
n3_TS,n3,TS,F0.15.0.la29_03,24,1137.0,1285.0,1211.0
n3_TS,n3,TS,F0.15.0.la29_03,25,1142.0,1285.0,1213.5
n3_TS,n3,TS,F0.15.0.la29_03,26,1152.0,1288.0,1220.0
n3_TS,n3,TS,F0.15.0.la29_03,27,1142.0,1296.0,1219.0
n3_TS,n3,TS,F0.15.0.la29_03,28,1143.0,1304.0,1223.5
n3_TS,n3,TS,F0.15.0.la29_03,29,1151.0,1306.0,1228.5
n3_TS,n3,TS,F0.15.0.la29_03,30,1145.0,1303.0,1224.0
n3_TS,n3,TS,F0.15.0.la38_06,1,1155.0,1324.0,1239.5
n3_TS,n3,TS,F0.15.0.la38_06,2,1151.0,1318.0,1234.5
n3_TS,n3,TS,F0.15.0.la38_06,3,1158.0,1301.0,1229.5
n3_TS,n3,TS,F0.15.0.la38_06,4,1151.0,1306.0,1228.5
n3_TS,n3,TS,F0.15.0.la38_06,5,1193.0,1340.0,1266.5
n3_TS,n3,TS,F0.15.0.la38_06,6,1156.0,1308.0,1232.0
n3_TS,n3,TS,F0.15.0.la38_06,7,1153.0,1293.0,1223.0
n3_TS,n3,TS,F0.15.0.la38_06,8,1151.0,1306.0,1228.5
n3_TS,n3,TS,F0.15.0.la38_06,9,1146.0,1326.0,1236.0
n3_TS,n3,TS,F0.15.0.la38_06,10,1164.0,1295.0,1229.5
n3_TS,n3,TS,F0.15.0.la38_06,11,1157.0,1331.0,1244.0
n3_TS,n3,TS,F0.15.0.la38_06,12,1168.0,1322.0,1245.0
n3_TS,n3,TS,F0.15.0.la38_06,13,1173.0,1340.0,1256.5
n3_TS,n3,TS,F0.15.0.la38_06,14,1183.0,1318.0,1250.5
n3_TS,n3,TS,F0.15.0.la38_06,15,1163.0,1324.0,1243.5
n3_TS,n3,TS,F0.15.0.la38_06,16,1198.0,1324.0,1261.0
n3_TS,n3,TS,F0.15.0.la38_06,17,1184.0,1307.0,1245.5
n3_TS,n3,TS,F0.15.0.la38_06,18,1157.0,1309.0,1233.0
n3_TS,n3,TS,F0.15.0.la38_06,19,1189.0,1347.0,1268.0
n3_TS,n3,TS,F0.15.0.la38_06,20,1161.0,1313.0,1237.0
n3_TS,n3,TS,F0.15.0.la38_06,21,1169.0,1318.0,1243.5
n3_TS,n3,TS,F0.15.0.la38_06,22,1151.0,1306.0,1228.5
n3_TS,n3,TS,F0.15.0.la38_06,23,1126.0,1283.0,1204.5
n3_TS,n3,TS,F0.15.0.la38_06,24,1153.0,1308.0,1230.5
n3_TS,n3,TS,F0.15.0.la38_06,25,1198.0,1330.0,1264.0
n3_TS,n3,TS,F0.15.0.la38_06,26,1151.0,1306.0,1228.5
n3_TS,n3,TS,F0.15.0.la38_06,27,1158.0,1318.0,1238.0
n3_TS,n3,TS,F0.15.0.la38_06,28,1151.0,1306.0,1228.5
n3_TS,n3,TS,F0.15.0.la38_06,29,1153.0,1308.0,1230.5
n3_TS,n3,TS,F0.15.0.la38_06,30,1175.0,1344.0,1259.5
n3_TS,n3,TS,F0.15.0.la40_05,1,1166.0,1341.0,1253.5
n3_TS,n3,TS,F0.15.0.la40_05,2,1159.0,1337.0,1248.0
n3_TS,n3,TS,F0.15.0.la40_05,3,1148.0,1344.0,1246.0
n3_TS,n3,TS,F0.15.0.la40_05,4,1162.0,1342.0,1252.0
n3_TS,n3,TS,F0.15.0.la40_05,5,1191.0,1328.0,1259.5
n3_TS,n3,TS,F0.15.0.la40_05,6,1162.0,1341.0,1251.5
n3_TS,n3,TS,F0.15.0.la40_05,7,1170.0,1341.0,1255.5
n3_TS,n3,TS,F0.15.0.la40_05,8,1162.0,1341.0,1251.5
n3_TS,n3,TS,F0.15.0.la40_05,9,1144.0,1328.0,1236.0
n3_TS,n3,TS,F0.15.0.la40_05,10,1169.0,1323.0,1246.0
n3_TS,n3,TS,F0.15.0.la40_05,11,1174.0,1334.0,1254.0
n3_TS,n3,TS,F0.15.0.la40_05,12,1144.0,1323.0,1233.5
n3_TS,n3,TS,F0.15.0.la40_05,13,1144.0,1323.0,1233.5
n3_TS,n3,TS,F0.15.0.la40_05,14,1144.0,1323.0,1233.5
n3_TS,n3,TS,F0.15.0.la40_05,15,1156.0,1337.0,1246.5
n3_TS,n3,TS,F0.15.0.la40_05,16,1144.0,1326.0,1235.0
n3_TS,n3,TS,F0.15.0.la40_05,17,1165.0,1337.0,1251.0
n3_TS,n3,TS,F0.15.0.la40_05,18,1162.0,1335.0,1248.5
n3_TS,n3,TS,F0.15.0.la40_05,19,1156.0,1337.0,1246.5
n3_TS,n3,TS,F0.15.0.la40_05,20,1145.0,1337.0,1241.0
n3_TS,n3,TS,F0.15.0.la40_05,21,1174.0,1334.0,1254.0
n3_TS,n3,TS,F0.15.0.la40_05,22,1152.0,1328.0,1240.0
n3_TS,n3,TS,F0.15.0.la40_05,23,1144.0,1323.0,1233.5
n3_TS,n3,TS,F0.15.0.la40_05,24,1144.0,1326.0,1235.0
n3_TS,n3,TS,F0.15.0.la40_05,25,1145.0,1337.0,1241.0
n3_TS,n3,TS,F0.15.0.la40_05,26,1149.0,1337.0,1243.0
n3_TS,n3,TS,F0.15.0.la40_05,27,1178.0,1332.0,1255.0
n3_TS,n3,TS,F0.15.0.la40_05,28,1150.0,1341.0,1245.5
n3_TS,n3,TS,F0.15.0.la40_05,29,1162.0,1321.0,1241.5
n3_TS,n3,TS,F0.15.0.la40_05,30,1144.0,1328.0,1236.0
n3_TS,n3,TS,tai15_15_01.F.15_01,1,1179.0,1358.0,1268.5
n3_TS,n3,TS,tai15_15_01.F.15_01,2,1193.0,1344.0,1268.5
n3_TS,n3,TS,tai15_15_01.F.15_01,3,1152.0,1344.0,1248.0
n3_TS,n3,TS,tai15_15_01.F.15_01,4,1181.0,1348.0,1264.5
n3_TS,n3,TS,tai15_15_01.F.15_01,5,1173.0,1360.0,1266.5
n3_TS,n3,TS,tai15_15_01.F.15_01,6,1186.0,1349.0,1267.5
n3_TS,n3,TS,tai15_15_01.F.15_01,7,1172.0,1343.0,1257.5
n3_TS,n3,TS,tai15_15_01.F.15_01,8,1182.0,1360.0,1271.0
n3_TS,n3,TS,tai15_15_01.F.15_01,9,1200.0,1346.0,1273.0
n3_TS,n3,TS,tai15_15_01.F.15_01,10,1175.0,1366.0,1270.5
n3_TS,n3,TS,tai15_15_01.F.15_01,11,1190.0,1347.0,1268.5
n3_TS,n3,TS,tai15_15_01.F.15_01,12,1149.0,1344.0,1246.5
n3_TS,n3,TS,tai15_15_01.F.15_01,13,1164.0,1360.0,1262.0
n3_TS,n3,TS,tai15_15_01.F.15_01,14,1164.0,1353.0,1258.5
n3_TS,n3,TS,tai15_15_01.F.15_01,15,1195.0,1351.0,1273.0
n3_TS,n3,TS,tai15_15_01.F.15_01,16,1179.0,1348.0,1263.5
n3_TS,n3,TS,tai15_15_01.F.15_01,17,1172.0,1357.0,1264.5
n3_TS,n3,TS,tai15_15_01.F.15_01,18,1177.0,1350.0,1263.5
n3_TS,n3,TS,tai15_15_01.F.15_01,19,1164.0,1360.0,1262.0
n3_TS,n3,TS,tai15_15_01.F.15_01,20,1172.0,1357.0,1264.5
n3_TS,n3,TS,tai15_15_01.F.15_01,21,1164.0,1335.0,1249.5
n3_TS,n3,TS,tai15_15_01.F.15_01,22,1174.0,1364.0,1269.0
n3_TS,n3,TS,tai15_15_01.F.15_01,23,1149.0,1344.0,1246.5
n3_TS,n3,TS,tai15_15_01.F.15_01,24,1162.0,1348.0,1255.0
n3_TS,n3,TS,tai15_15_01.F.15_01,25,1165.0,1364.0,1264.5
n3_TS,n3,TS,tai15_15_01.F.15_01,26,1188.0,1364.0,1276.0
n3_TS,n3,TS,tai15_15_01.F.15_01,27,1196.0,1364.0,1280.0
n3_TS,n3,TS,tai15_15_01.F.15_01,28,1167.0,1350.0,1258.5
n3_TS,n3,TS,tai15_15_01.F.15_01,29,1181.0,1349.0,1265.0
n3_TS,n3,TS,tai15_15_01.F.15_01,30,1192.0,1357.0,1274.5
n3_TS,n3,TS,tai15_15_02.F.15_01,1,1178.0,1361.0,1269.5
n3_TS,n3,TS,tai15_15_02.F.15_01,2,1198.0,1370.0,1284.0
n3_TS,n3,TS,tai15_15_02.F.15_01,3,1181.0,1361.0,1271.0
n3_TS,n3,TS,tai15_15_02.F.15_01,4,1198.0,1378.0,1288.0
n3_TS,n3,TS,tai15_15_02.F.15_01,5,1185.0,1363.0,1274.0
n3_TS,n3,TS,tai15_15_02.F.15_01,6,1193.0,1363.0,1278.0
n3_TS,n3,TS,tai15_15_02.F.15_01,7,1175.0,1366.0,1270.5
n3_TS,n3,TS,tai15_15_02.F.15_01,8,1184.0,1363.0,1273.5
n3_TS,n3,TS,tai15_15_02.F.15_01,9,1185.0,1370.0,1277.5
n3_TS,n3,TS,tai15_15_02.F.15_01,10,1199.0,1376.0,1287.5
n3_TS,n3,TS,tai15_15_02.F.15_01,11,1191.0,1366.0,1278.5
n3_TS,n3,TS,tai15_15_02.F.15_01,12,1199.0,1376.0,1287.5
n3_TS,n3,TS,tai15_15_02.F.15_01,13,1189.0,1363.0,1276.0
n3_TS,n3,TS,tai15_15_02.F.15_01,14,1199.0,1376.0,1287.5
n3_TS,n3,TS,tai15_15_02.F.15_01,15,1162.0,1354.0,1258.0
n3_TS,n3,TS,tai15_15_02.F.15_01,16,1191.0,1375.0,1283.0
n3_TS,n3,TS,tai15_15_02.F.15_01,17,1199.0,1366.0,1282.5
n3_TS,n3,TS,tai15_15_02.F.15_01,18,1183.0,1364.0,1273.5
n3_TS,n3,TS,tai15_15_02.F.15_01,19,1199.0,1366.0,1282.5
n3_TS,n3,TS,tai15_15_02.F.15_01,20,1178.0,1361.0,1269.5
n3_TS,n3,TS,tai15_15_02.F.15_01,21,1177.0,1384.0,1280.5
n3_TS,n3,TS,tai15_15_02.F.15_01,22,1199.0,1366.0,1282.5
n3_TS,n3,TS,tai15_15_02.F.15_01,23,1178.0,1361.0,1269.5
n3_TS,n3,TS,tai15_15_02.F.15_01,24,1162.0,1365.0,1263.5
n3_TS,n3,TS,tai15_15_02.F.15_01,25,1191.0,1360.0,1275.5
n3_TS,n3,TS,tai15_15_02.F.15_01,26,1174.0,1364.0,1269.0
n3_TS,n3,TS,tai15_15_02.F.15_01,27,1178.0,1361.0,1269.5
n3_TS,n3,TS,tai15_15_02.F.15_01,28,1178.0,1361.0,1269.5
n3_TS,n3,TS,tai15_15_02.F.15_01,29,1185.0,1379.0,1282.0
n3_TS,n3,TS,tai15_15_02.F.15_01,30,1185.0,1363.0,1274.0
n3_TS,n3,TS,tai15_15_03.F.15_01,1,1175.0,1319.0,1247.0
n3_TS,n3,TS,tai15_15_03.F.15_01,2,1175.0,1319.0,1247.0
n3_TS,n3,TS,tai15_15_03.F.15_01,3,1171.0,1348.0,1259.5
n3_TS,n3,TS,tai15_15_03.F.15_01,4,1202.0,1314.0,1258.0
n3_TS,n3,TS,tai15_15_03.F.15_01,5,1187.0,1302.0,1244.5
n3_TS,n3,TS,tai15_15_03.F.15_01,6,1180.0,1349.0,1264.5
n3_TS,n3,TS,tai15_15_03.F.15_01,7,1167.0,1329.0,1248.0
n3_TS,n3,TS,tai15_15_03.F.15_01,8,1170.0,1348.0,1259.0
n3_TS,n3,TS,tai15_15_03.F.15_01,9,1173.0,1312.0,1242.5
n3_TS,n3,TS,tai15_15_03.F.15_01,10,1177.0,1337.0,1257.0
n3_TS,n3,TS,tai15_15_03.F.15_01,11,1177.0,1333.0,1255.0
n3_TS,n3,TS,tai15_15_03.F.15_01,12,1178.0,1360.0,1269.0
n3_TS,n3,TS,tai15_15_03.F.15_01,13,1184.0,1347.0,1265.5
n3_TS,n3,TS,tai15_15_03.F.15_01,14,1167.0,1341.0,1254.0
n3_TS,n3,TS,tai15_15_03.F.15_01,15,1187.0,1353.0,1270.0
n3_TS,n3,TS,tai15_15_03.F.15_01,16,1175.0,1319.0,1247.0
n3_TS,n3,TS,tai15_15_03.F.15_01,17,1183.0,1359.0,1271.0
n3_TS,n3,TS,tai15_15_03.F.15_01,18,1174.0,1369.0,1271.5
n3_TS,n3,TS,tai15_15_03.F.15_01,19,1176.0,1349.0,1262.5
n3_TS,n3,TS,tai15_15_03.F.15_01,20,1211.0,1355.0,1283.0
n3_TS,n3,TS,tai15_15_03.F.15_01,21,1183.0,1359.0,1271.0
n3_TS,n3,TS,tai15_15_03.F.15_01,22,1165.0,1338.0,1251.5
n3_TS,n3,TS,tai15_15_03.F.15_01,23,1153.0,1343.0,1248.0
n3_TS,n3,TS,tai15_15_03.F.15_01,24,1205.0,1360.0,1282.5
n3_TS,n3,TS,tai15_15_03.F.15_01,25,1173.0,1312.0,1242.5
n3_TS,n3,TS,tai15_15_03.F.15_01,26,1171.0,1338.0,1254.5
n3_TS,n3,TS,tai15_15_03.F.15_01,27,1170.0,1342.0,1256.0
n3_TS,n3,TS,tai15_15_03.F.15_01,28,1169.0,1340.0,1254.5
n3_TS,n3,TS,tai15_15_03.F.15_01,29,1180.0,1349.0,1264.5
n3_TS,n3,TS,tai15_15_03.F.15_01,30,1150.0,1330.0,1240.0
n3_TS,n3,TS,tai15_15_04.F.15_01,1,1128.0,1281.0,1204.5
n3_TS,n3,TS,tai15_15_04.F.15_01,2,1159.0,1290.0,1224.5
n3_TS,n3,TS,tai15_15_04.F.15_01,3,1128.0,1281.0,1204.5
n3_TS,n3,TS,tai15_15_04.F.15_01,4,1108.0,1287.0,1197.5
n3_TS,n3,TS,tai15_15_04.F.15_01,5,1128.0,1281.0,1204.5
n3_TS,n3,TS,tai15_15_04.F.15_01,6,1161.0,1328.0,1244.5
n3_TS,n3,TS,tai15_15_04.F.15_01,7,1113.0,1303.0,1208.0
n3_TS,n3,TS,tai15_15_04.F.15_01,8,1115.0,1289.0,1202.0
n3_TS,n3,TS,tai15_15_04.F.15_01,9,1128.0,1303.0,1215.5
n3_TS,n3,TS,tai15_15_04.F.15_01,10,1128.0,1281.0,1204.5
n3_TS,n3,TS,tai15_15_04.F.15_01,11,1115.0,1299.0,1207.0
n3_TS,n3,TS,tai15_15_04.F.15_01,12,1131.0,1307.0,1219.0
n3_TS,n3,TS,tai15_15_04.F.15_01,13,1155.0,1289.0,1222.0
n3_TS,n3,TS,tai15_15_04.F.15_01,14,1128.0,1281.0,1204.5
n3_TS,n3,TS,tai15_15_04.F.15_01,15,1107.0,1279.0,1193.0
n3_TS,n3,TS,tai15_15_04.F.15_01,16,1146.0,1310.0,1228.0
n3_TS,n3,TS,tai15_15_04.F.15_01,17,1107.0,1284.0,1195.5
n3_TS,n3,TS,tai15_15_04.F.15_01,18,1128.0,1281.0,1204.5
n3_TS,n3,TS,tai15_15_04.F.15_01,19,1154.0,1329.0,1241.5
n3_TS,n3,TS,tai15_15_04.F.15_01,20,1128.0,1281.0,1204.5
n3_TS,n3,TS,tai15_15_04.F.15_01,21,1141.0,1315.0,1228.0
n3_TS,n3,TS,tai15_15_04.F.15_01,22,1115.0,1293.0,1204.0
n3_TS,n3,TS,tai15_15_04.F.15_01,23,1128.0,1281.0,1204.5
n3_TS,n3,TS,tai15_15_04.F.15_01,24,1122.0,1298.0,1210.0
n3_TS,n3,TS,tai15_15_04.F.15_01,25,1122.0,1298.0,1210.0
n3_TS,n3,TS,tai15_15_04.F.15_01,26,1141.0,1296.0,1218.5
n3_TS,n3,TS,tai15_15_04.F.15_01,27,1128.0,1281.0,1204.5
n3_TS,n3,TS,tai15_15_04.F.15_01,28,1123.0,1298.0,1210.5
n3_TS,n3,TS,tai15_15_04.F.15_01,29,1128.0,1281.0,1204.5
n3_TS,n3,TS,tai15_15_04.F.15_01,30,1135.0,1318.0,1226.5
n3_TS,n3,TS,tai15_15_05.F.15_01,1,1184.0,1332.0,1258.0
n3_TS,n3,TS,tai15_15_05.F.15_01,2,1186.0,1352.0,1269.0
n3_TS,n3,TS,tai15_15_05.F.15_01,3,1175.0,1336.0,1255.5
n3_TS,n3,TS,tai15_15_05.F.15_01,4,1184.0,1332.0,1258.0
n3_TS,n3,TS,tai15_15_05.F.15_01,5,1172.0,1326.0,1249.0
n3_TS,n3,TS,tai15_15_05.F.15_01,6,1202.0,1356.0,1279.0
n3_TS,n3,TS,tai15_15_05.F.15_01,7,1179.0,1330.0,1254.5
n3_TS,n3,TS,tai15_15_05.F.15_01,8,1183.0,1327.0,1255.0
n3_TS,n3,TS,tai15_15_05.F.15_01,9,1198.0,1352.0,1275.0
n3_TS,n3,TS,tai15_15_05.F.15_01,10,1199.0,1314.0,1256.5
n3_TS,n3,TS,tai15_15_05.F.15_01,11,1171.0,1329.0,1250.0
n3_TS,n3,TS,tai15_15_05.F.15_01,12,1192.0,1330.0,1261.0
n3_TS,n3,TS,tai15_15_05.F.15_01,13,1191.0,1328.0,1259.5
n3_TS,n3,TS,tai15_15_05.F.15_01,14,1166.0,1330.0,1248.0
n3_TS,n3,TS,tai15_15_05.F.15_01,15,1180.0,1330.0,1255.0
n3_TS,n3,TS,tai15_15_05.F.15_01,16,1178.0,1327.0,1252.5
n3_TS,n3,TS,tai15_15_05.F.15_01,17,1181.0,1328.0,1254.5
n3_TS,n3,TS,tai15_15_05.F.15_01,18,1188.0,1338.0,1263.0
n3_TS,n3,TS,tai15_15_05.F.15_01,19,1193.0,1309.0,1251.0
n3_TS,n3,TS,tai15_15_05.F.15_01,20,1199.0,1314.0,1256.5
n3_TS,n3,TS,tai15_15_05.F.15_01,21,1190.0,1321.0,1255.5
n3_TS,n3,TS,tai15_15_05.F.15_01,22,1190.0,1335.0,1262.5
n3_TS,n3,TS,tai15_15_05.F.15_01,23,1173.0,1332.0,1252.5
n3_TS,n3,TS,tai15_15_05.F.15_01,24,1188.0,1339.0,1263.5
n3_TS,n3,TS,tai15_15_05.F.15_01,25,1166.0,1331.0,1248.5
n3_TS,n3,TS,tai15_15_05.F.15_01,26,1192.0,1342.0,1267.0
n3_TS,n3,TS,tai15_15_05.F.15_01,27,1193.0,1341.0,1267.0
n3_TS,n3,TS,tai15_15_05.F.15_01,28,1181.0,1328.0,1254.5
n3_TS,n3,TS,tai15_15_05.F.15_01,29,1183.0,1327.0,1255.0
n3_TS,n3,TS,tai15_15_05.F.15_01,30,1217.0,1356.0,1286.5
n3_TS,n3,TS,tai15_15_06.F.15_01,1,1194.0,1363.0,1278.5
n3_TS,n3,TS,tai15_15_06.F.15_01,2,1211.0,1365.0,1288.0
n3_TS,n3,TS,tai15_15_06.F.15_01,3,1211.0,1364.0,1287.5
n3_TS,n3,TS,tai15_15_06.F.15_01,4,1205.0,1352.0,1278.5
n3_TS,n3,TS,tai15_15_06.F.15_01,5,1186.0,1363.0,1274.5
n3_TS,n3,TS,tai15_15_06.F.15_01,6,1197.0,1362.0,1279.5
n3_TS,n3,TS,tai15_15_06.F.15_01,7,1224.0,1385.0,1304.5
n3_TS,n3,TS,tai15_15_06.F.15_01,8,1205.0,1355.0,1280.0
n3_TS,n3,TS,tai15_15_06.F.15_01,9,1182.0,1360.0,1271.0
n3_TS,n3,TS,tai15_15_06.F.15_01,10,1174.0,1345.0,1259.5
n3_TS,n3,TS,tai15_15_06.F.15_01,11,1227.0,1358.0,1292.5
n3_TS,n3,TS,tai15_15_06.F.15_01,12,1213.0,1359.0,1286.0
n3_TS,n3,TS,tai15_15_06.F.15_01,13,1187.0,1353.0,1270.0
n3_TS,n3,TS,tai15_15_06.F.15_01,14,1205.0,1351.0,1278.0
n3_TS,n3,TS,tai15_15_06.F.15_01,15,1199.0,1367.0,1283.0
n3_TS,n3,TS,tai15_15_06.F.15_01,16,1174.0,1352.0,1263.0
n3_TS,n3,TS,tai15_15_06.F.15_01,17,1211.0,1367.0,1289.0
n3_TS,n3,TS,tai15_15_06.F.15_01,18,1194.0,1351.0,1272.5
n3_TS,n3,TS,tai15_15_06.F.15_01,19,1194.0,1360.0,1277.0
n3_TS,n3,TS,tai15_15_06.F.15_01,20,1218.0,1360.0,1289.0
n3_TS,n3,TS,tai15_15_06.F.15_01,21,1195.0,1346.0,1270.5
n3_TS,n3,TS,tai15_15_06.F.15_01,22,1210.0,1361.0,1285.5
n3_TS,n3,TS,tai15_15_06.F.15_01,23,1186.0,1355.0,1270.5
n3_TS,n3,TS,tai15_15_06.F.15_01,24,1197.0,1361.0,1279.0
n3_TS,n3,TS,tai15_15_06.F.15_01,25,1197.0,1342.0,1269.5
n3_TS,n3,TS,tai15_15_06.F.15_01,26,1207.0,1356.0,1281.5
n3_TS,n3,TS,tai15_15_06.F.15_01,27,1212.0,1364.0,1288.0
n3_TS,n3,TS,tai15_15_06.F.15_01,28,1177.0,1352.0,1264.5
n3_TS,n3,TS,tai15_15_06.F.15_01,29,1194.0,1348.0,1271.0
n3_TS,n3,TS,tai15_15_06.F.15_01,30,1177.0,1356.0,1266.5
n3_TS,n3,TS,tai15_15_07.F.15_01,1,1167.0,1349.0,1258.0
n3_TS,n3,TS,tai15_15_07.F.15_01,2,1180.0,1358.0,1269.0
n3_TS,n3,TS,tai15_15_07.F.15_01,3,1186.0,1340.0,1263.0
n3_TS,n3,TS,tai15_15_07.F.15_01,4,1153.0,1335.0,1244.0
n3_TS,n3,TS,tai15_15_07.F.15_01,5,1158.0,1349.0,1253.5
n3_TS,n3,TS,tai15_15_07.F.15_01,6,1164.0,1346.0,1255.0
n3_TS,n3,TS,tai15_15_07.F.15_01,7,1186.0,1340.0,1263.0
n3_TS,n3,TS,tai15_15_07.F.15_01,8,1186.0,1340.0,1263.0
n3_TS,n3,TS,tai15_15_07.F.15_01,9,1173.0,1345.0,1259.0
n3_TS,n3,TS,tai15_15_07.F.15_01,10,1178.0,1344.0,1261.0
n3_TS,n3,TS,tai15_15_07.F.15_01,11,1162.0,1360.0,1261.0
n3_TS,n3,TS,tai15_15_07.F.15_01,12,1186.0,1340.0,1263.0
n3_TS,n3,TS,tai15_15_07.F.15_01,13,1208.0,1352.0,1280.0
n3_TS,n3,TS,tai15_15_07.F.15_01,14,1156.0,1363.0,1259.5
n3_TS,n3,TS,tai15_15_07.F.15_01,15,1186.0,1340.0,1263.0
n3_TS,n3,TS,tai15_15_07.F.15_01,16,1186.0,1340.0,1263.0
n3_TS,n3,TS,tai15_15_07.F.15_01,17,1153.0,1331.0,1242.0
n3_TS,n3,TS,tai15_15_07.F.15_01,18,1167.0,1349.0,1258.0
n3_TS,n3,TS,tai15_15_07.F.15_01,19,1186.0,1340.0,1263.0
n3_TS,n3,TS,tai15_15_07.F.15_01,20,1166.0,1349.0,1257.5
n3_TS,n3,TS,tai15_15_07.F.15_01,21,1202.0,1349.0,1275.5
n3_TS,n3,TS,tai15_15_07.F.15_01,22,1186.0,1340.0,1263.0
n3_TS,n3,TS,tai15_15_07.F.15_01,23,1163.0,1349.0,1256.0
n3_TS,n3,TS,tai15_15_07.F.15_01,24,1168.0,1353.0,1260.5
n3_TS,n3,TS,tai15_15_07.F.15_01,25,1186.0,1340.0,1263.0
n3_TS,n3,TS,tai15_15_07.F.15_01,26,1178.0,1342.0,1260.0
n3_TS,n3,TS,tai15_15_07.F.15_01,27,1186.0,1340.0,1263.0
n3_TS,n3,TS,tai15_15_07.F.15_01,28,1173.0,1345.0,1259.0
n3_TS,n3,TS,tai15_15_07.F.15_01,29,1202.0,1349.0,1275.5
n3_TS,n3,TS,tai15_15_07.F.15_01,30,1158.0,1349.0,1253.5
n3_TS,n3,TS,tai15_15_08.F.15_01,1,1182.0,1312.0,1247.0
n3_TS,n3,TS,tai15_15_08.F.15_01,2,1225.0,1348.0,1286.5
n3_TS,n3,TS,tai15_15_08.F.15_01,3,1155.0,1322.0,1238.5
n3_TS,n3,TS,tai15_15_08.F.15_01,4,1179.0,1347.0,1263.0
n3_TS,n3,TS,tai15_15_08.F.15_01,5,1163.0,1331.0,1247.0
n3_TS,n3,TS,tai15_15_08.F.15_01,6,1179.0,1347.0,1263.0
n3_TS,n3,TS,tai15_15_08.F.15_01,7,1158.0,1334.0,1246.0
n3_TS,n3,TS,tai15_15_08.F.15_01,8,1147.0,1315.0,1231.0
n3_TS,n3,TS,tai15_15_08.F.15_01,9,1164.0,1324.0,1244.0
n3_TS,n3,TS,tai15_15_08.F.15_01,10,1200.0,1350.0,1275.0
n3_TS,n3,TS,tai15_15_08.F.15_01,11,1159.0,1316.0,1237.5
n3_TS,n3,TS,tai15_15_08.F.15_01,12,1196.0,1347.0,1271.5
n3_TS,n3,TS,tai15_15_08.F.15_01,13,1164.0,1324.0,1244.0
n3_TS,n3,TS,tai15_15_08.F.15_01,14,1192.0,1350.0,1271.0
n3_TS,n3,TS,tai15_15_08.F.15_01,15,1155.0,1322.0,1238.5
n3_TS,n3,TS,tai15_15_08.F.15_01,16,1168.0,1313.0,1240.5
n3_TS,n3,TS,tai15_15_08.F.15_01,17,1202.0,1348.0,1275.0
n3_TS,n3,TS,tai15_15_08.F.15_01,18,1155.0,1318.0,1236.5
n3_TS,n3,TS,tai15_15_08.F.15_01,19,1164.0,1324.0,1244.0
n3_TS,n3,TS,tai15_15_08.F.15_01,20,1155.0,1322.0,1238.5
n3_TS,n3,TS,tai15_15_08.F.15_01,21,1180.0,1347.0,1263.5
n3_TS,n3,TS,tai15_15_08.F.15_01,22,1155.0,1318.0,1236.5
n3_TS,n3,TS,tai15_15_08.F.15_01,23,1155.0,1318.0,1236.5
n3_TS,n3,TS,tai15_15_08.F.15_01,24,1155.0,1322.0,1238.5
n3_TS,n3,TS,tai15_15_08.F.15_01,25,1155.0,1318.0,1236.5
n3_TS,n3,TS,tai15_15_08.F.15_01,26,1182.0,1312.0,1247.0
n3_TS,n3,TS,tai15_15_08.F.15_01,27,1155.0,1318.0,1236.5
n3_TS,n3,TS,tai15_15_08.F.15_01,28,1155.0,1322.0,1238.5
n3_TS,n3,TS,tai15_15_08.F.15_01,29,1164.0,1324.0,1244.0
n3_TS,n3,TS,tai15_15_08.F.15_01,30,1196.0,1347.0,1271.5
n3_TS,n3,TS,tai15_15_09.F.15_01,1,1251.0,1424.0,1337.5
n3_TS,n3,TS,tai15_15_09.F.15_01,2,1249.0,1423.0,1336.0
n3_TS,n3,TS,tai15_15_09.F.15_01,3,1249.0,1423.0,1336.0
n3_TS,n3,TS,tai15_15_09.F.15_01,4,1210.0,1420.0,1315.0
n3_TS,n3,TS,tai15_15_09.F.15_01,5,1235.0,1439.0,1337.0
n3_TS,n3,TS,tai15_15_09.F.15_01,6,1221.0,1402.0,1311.5
n3_TS,n3,TS,tai15_15_09.F.15_01,7,1257.0,1424.0,1340.5
n3_TS,n3,TS,tai15_15_09.F.15_01,8,1210.0,1447.0,1328.5
n3_TS,n3,TS,tai15_15_09.F.15_01,9,1270.0,1450.0,1360.0
n3_TS,n3,TS,tai15_15_09.F.15_01,10,1218.0,1397.0,1307.5
n3_TS,n3,TS,tai15_15_09.F.15_01,11,1248.0,1421.0,1334.5
n3_TS,n3,TS,tai15_15_09.F.15_01,12,1237.0,1422.0,1329.5
n3_TS,n3,TS,tai15_15_09.F.15_01,13,1210.0,1420.0,1315.0
n3_TS,n3,TS,tai15_15_09.F.15_01,14,1257.0,1423.0,1340.0
n3_TS,n3,TS,tai15_15_09.F.15_01,15,1249.0,1423.0,1336.0
n3_TS,n3,TS,tai15_15_09.F.15_01,16,1218.0,1397.0,1307.5
n3_TS,n3,TS,tai15_15_09.F.15_01,17,1203.0,1412.0,1307.5
n3_TS,n3,TS,tai15_15_09.F.15_01,18,1237.0,1425.0,1331.0
n3_TS,n3,TS,tai15_15_09.F.15_01,19,1244.0,1423.0,1333.5
n3_TS,n3,TS,tai15_15_09.F.15_01,20,1244.0,1423.0,1333.5
n3_TS,n3,TS,tai15_15_09.F.15_01,21,1214.0,1429.0,1321.5
n3_TS,n3,TS,tai15_15_09.F.15_01,22,1214.0,1429.0,1321.5
n3_TS,n3,TS,tai15_15_09.F.15_01,23,1218.0,1397.0,1307.5
n3_TS,n3,TS,tai15_15_09.F.15_01,24,1218.0,1397.0,1307.5
n3_TS,n3,TS,tai15_15_09.F.15_01,25,1249.0,1423.0,1336.0
n3_TS,n3,TS,tai15_15_09.F.15_01,26,1245.0,1428.0,1336.5
n3_TS,n3,TS,tai15_15_09.F.15_01,27,1225.0,1429.0,1327.0
n3_TS,n3,TS,tai15_15_09.F.15_01,28,1244.0,1423.0,1333.5
n3_TS,n3,TS,tai15_15_09.F.15_01,29,1250.0,1442.0,1346.0
n3_TS,n3,TS,tai15_15_09.F.15_01,30,1211.0,1424.0,1317.5
n3_TS,n3,TS,tai15_15_10.F.15_01,1,1224.0,1368.0,1296.0
n3_TS,n3,TS,tai15_15_10.F.15_01,2,1184.0,1363.0,1273.5
n3_TS,n3,TS,tai15_15_10.F.15_01,3,1215.0,1377.0,1296.0
n3_TS,n3,TS,tai15_15_10.F.15_01,4,1224.0,1367.0,1295.5
n3_TS,n3,TS,tai15_15_10.F.15_01,5,1224.0,1374.0,1299.0
n3_TS,n3,TS,tai15_15_10.F.15_01,6,1202.0,1381.0,1291.5
n3_TS,n3,TS,tai15_15_10.F.15_01,7,1223.0,1360.0,1291.5
n3_TS,n3,TS,tai15_15_10.F.15_01,8,1213.0,1365.0,1289.0
n3_TS,n3,TS,tai15_15_10.F.15_01,9,1219.0,1377.0,1298.0
n3_TS,n3,TS,tai15_15_10.F.15_01,10,1201.0,1363.0,1282.0
n3_TS,n3,TS,tai15_15_10.F.15_01,11,1216.0,1377.0,1296.5
n3_TS,n3,TS,tai15_15_10.F.15_01,12,1215.0,1377.0,1296.0
n3_TS,n3,TS,tai15_15_10.F.15_01,13,1215.0,1356.0,1285.5
n3_TS,n3,TS,tai15_15_10.F.15_01,14,1215.0,1356.0,1285.5
n3_TS,n3,TS,tai15_15_10.F.15_01,15,1214.0,1376.0,1295.0
n3_TS,n3,TS,tai15_15_10.F.15_01,16,1201.0,1370.0,1285.5
n3_TS,n3,TS,tai15_15_10.F.15_01,17,1224.0,1367.0,1295.5
n3_TS,n3,TS,tai15_15_10.F.15_01,18,1212.0,1361.0,1286.5
n3_TS,n3,TS,tai15_15_10.F.15_01,19,1215.0,1377.0,1296.0
n3_TS,n3,TS,tai15_15_10.F.15_01,20,1223.0,1360.0,1291.5
n3_TS,n3,TS,tai15_15_10.F.15_01,21,1206.0,1361.0,1283.5
n3_TS,n3,TS,tai15_15_10.F.15_01,22,1201.0,1370.0,1285.5
n3_TS,n3,TS,tai15_15_10.F.15_01,23,1213.0,1365.0,1289.0
n3_TS,n3,TS,tai15_15_10.F.15_01,24,1199.0,1375.0,1287.0
n3_TS,n3,TS,tai15_15_10.F.15_01,25,1224.0,1367.0,1295.5
n3_TS,n3,TS,tai15_15_10.F.15_01,26,1200.0,1363.0,1281.5
n3_TS,n3,TS,tai15_15_10.F.15_01,27,1213.0,1377.0,1295.0
n3_TS,n3,TS,tai15_15_10.F.15_01,28,1209.0,1365.0,1287.0
n3_TS,n3,TS,tai15_15_10.F.15_01,29,1206.0,1361.0,1283.5
n3_TS,n3,TS,tai15_15_10.F.15_01,30,1224.0,1369.0,1296.5
n3_TS,n3,TS,tai20_15_01.F.15_01,1,1330.0,1515.0,1422.5
n3_TS,n3,TS,tai20_15_01.F.15_01,2,1335.0,1551.0,1443.0
n3_TS,n3,TS,tai20_15_01.F.15_01,3,1342.0,1556.0,1449.0
n3_TS,n3,TS,tai20_15_01.F.15_01,4,1346.0,1552.0,1449.0
n3_TS,n3,TS,tai20_15_01.F.15_01,5,1332.0,1523.0,1427.5
n3_TS,n3,TS,tai20_15_01.F.15_01,6,1334.0,1542.0,1438.0
n3_TS,n3,TS,tai20_15_01.F.15_01,7,1335.0,1554.0,1444.5
n3_TS,n3,TS,tai20_15_01.F.15_01,8,1324.0,1533.0,1428.5
n3_TS,n3,TS,tai20_15_01.F.15_01,9,1345.0,1542.0,1443.5
n3_TS,n3,TS,tai20_15_01.F.15_01,10,1329.0,1518.0,1423.5
n3_TS,n3,TS,tai20_15_01.F.15_01,11,1359.0,1546.0,1452.5
n3_TS,n3,TS,tai20_15_01.F.15_01,12,1367.0,1555.0,1461.0
n3_TS,n3,TS,tai20_15_01.F.15_01,13,1359.0,1552.0,1455.5
n3_TS,n3,TS,tai20_15_01.F.15_01,14,1334.0,1522.0,1428.0
n3_TS,n3,TS,tai20_15_01.F.15_01,15,1341.0,1539.0,1440.0
n3_TS,n3,TS,tai20_15_01.F.15_01,16,1330.0,1535.0,1432.5
n3_TS,n3,TS,tai20_15_01.F.15_01,17,1338.0,1544.0,1441.0
n3_TS,n3,TS,tai20_15_01.F.15_01,18,1332.0,1543.0,1437.5
n3_TS,n3,TS,tai20_15_01.F.15_01,19,1342.0,1549.0,1445.5
n3_TS,n3,TS,tai20_15_01.F.15_01,20,1372.0,1545.0,1458.5
n3_TS,n3,TS,tai20_15_01.F.15_01,21,1364.0,1556.0,1460.0
n3_TS,n3,TS,tai20_15_01.F.15_01,22,1321.0,1518.0,1419.5
n3_TS,n3,TS,tai20_15_01.F.15_01,23,1340.0,1533.0,1436.5
n3_TS,n3,TS,tai20_15_01.F.15_01,24,1341.0,1548.0,1444.5
n3_TS,n3,TS,tai20_15_01.F.15_01,25,1344.0,1576.0,1460.0
n3_TS,n3,TS,tai20_15_01.F.15_01,26,1337.0,1542.0,1439.5
n3_TS,n3,TS,tai20_15_01.F.15_01,27,1344.0,1550.0,1447.0
n3_TS,n3,TS,tai20_15_01.F.15_01,28,1332.0,1524.0,1428.0
n3_TS,n3,TS,tai20_15_01.F.15_01,29,1343.0,1531.0,1437.0
n3_TS,n3,TS,tai20_15_01.F.15_01,30,1343.0,1571.0,1457.0
n3_TS,n3,TS,tai20_15_02.F.15_01,1,1320.0,1538.0,1429.0
n3_TS,n3,TS,tai20_15_02.F.15_01,2,1317.0,1503.0,1410.0
n3_TS,n3,TS,tai20_15_02.F.15_01,3,1316.0,1507.0,1411.5
n3_TS,n3,TS,tai20_15_02.F.15_01,4,1344.0,1511.0,1427.5
n3_TS,n3,TS,tai20_15_02.F.15_01,5,1311.0,1489.0,1400.0
n3_TS,n3,TS,tai20_15_02.F.15_01,6,1324.0,1511.0,1417.5
n3_TS,n3,TS,tai20_15_02.F.15_01,7,1325.0,1519.0,1422.0
n3_TS,n3,TS,tai20_15_02.F.15_01,8,1292.0,1513.0,1402.5
n3_TS,n3,TS,tai20_15_02.F.15_01,9,1335.0,1538.0,1436.5
n3_TS,n3,TS,tai20_15_02.F.15_01,10,1312.0,1518.0,1415.0
n3_TS,n3,TS,tai20_15_02.F.15_01,11,1306.0,1512.0,1409.0
n3_TS,n3,TS,tai20_15_02.F.15_01,12,1349.0,1547.0,1448.0
n3_TS,n3,TS,tai20_15_02.F.15_01,13,1323.0,1503.0,1413.0
n3_TS,n3,TS,tai20_15_02.F.15_01,14,1326.0,1524.0,1425.0
n3_TS,n3,TS,tai20_15_02.F.15_01,15,1320.0,1538.0,1429.0
n3_TS,n3,TS,tai20_15_02.F.15_01,16,1316.0,1503.0,1409.5
n3_TS,n3,TS,tai20_15_02.F.15_01,17,1327.0,1511.0,1419.0
n3_TS,n3,TS,tai20_15_02.F.15_01,18,1341.0,1522.0,1431.5
n3_TS,n3,TS,tai20_15_02.F.15_01,19,1311.0,1489.0,1400.0
n3_TS,n3,TS,tai20_15_02.F.15_01,20,1298.0,1496.0,1397.0
n3_TS,n3,TS,tai20_15_02.F.15_01,21,1335.0,1521.0,1428.0
n3_TS,n3,TS,tai20_15_02.F.15_01,22,1325.0,1527.0,1426.0
n3_TS,n3,TS,tai20_15_02.F.15_01,23,1314.0,1513.0,1413.5
n3_TS,n3,TS,tai20_15_02.F.15_01,24,1302.0,1494.0,1398.0
n3_TS,n3,TS,tai20_15_02.F.15_01,25,1296.0,1492.0,1394.0
n3_TS,n3,TS,tai20_15_02.F.15_01,26,1314.0,1514.0,1414.0
n3_TS,n3,TS,tai20_15_02.F.15_01,27,1303.0,1495.0,1399.0
n3_TS,n3,TS,tai20_15_02.F.15_01,28,1305.0,1512.0,1408.5
n3_TS,n3,TS,tai20_15_02.F.15_01,29,1350.0,1547.0,1448.5
n3_TS,n3,TS,tai20_15_02.F.15_01,30,1316.0,1516.0,1416.0
n3_TS,n3,TS,tai20_15_03.F.15_01,1,1304.0,1497.0,1400.5
n3_TS,n3,TS,tai20_15_03.F.15_01,2,1285.0,1497.0,1391.0
n3_TS,n3,TS,tai20_15_03.F.15_01,3,1326.0,1530.0,1428.0
n3_TS,n3,TS,tai20_15_03.F.15_01,4,1325.0,1507.0,1416.0
n3_TS,n3,TS,tai20_15_03.F.15_01,5,1319.0,1506.0,1412.5
n3_TS,n3,TS,tai20_15_03.F.15_01,6,1351.0,1523.0,1437.0
n3_TS,n3,TS,tai20_15_03.F.15_01,7,1312.0,1508.0,1410.0
n3_TS,n3,TS,tai20_15_03.F.15_01,8,1323.0,1525.0,1424.0
n3_TS,n3,TS,tai20_15_03.F.15_01,9,1304.0,1497.0,1400.5
n3_TS,n3,TS,tai20_15_03.F.15_01,10,1325.0,1502.0,1413.5
n3_TS,n3,TS,tai20_15_03.F.15_01,11,1326.0,1535.0,1430.5
n3_TS,n3,TS,tai20_15_03.F.15_01,12,1313.0,1512.0,1412.5
n3_TS,n3,TS,tai20_15_03.F.15_01,13,1314.0,1525.0,1419.5
n3_TS,n3,TS,tai20_15_03.F.15_01,14,1345.0,1516.0,1430.5
n3_TS,n3,TS,tai20_15_03.F.15_01,15,1351.0,1514.0,1432.5
n3_TS,n3,TS,tai20_15_03.F.15_01,16,1302.0,1513.0,1407.5
n3_TS,n3,TS,tai20_15_03.F.15_01,17,1325.0,1517.0,1421.0
n3_TS,n3,TS,tai20_15_03.F.15_01,18,1328.0,1519.0,1423.5
n3_TS,n3,TS,tai20_15_03.F.15_01,19,1304.0,1508.0,1406.0
n3_TS,n3,TS,tai20_15_03.F.15_01,20,1321.0,1486.0,1403.5
n3_TS,n3,TS,tai20_15_03.F.15_01,21,1291.0,1498.0,1394.5
n3_TS,n3,TS,tai20_15_03.F.15_01,22,1320.0,1506.0,1413.0
n3_TS,n3,TS,tai20_15_03.F.15_01,23,1303.0,1535.0,1419.0
n3_TS,n3,TS,tai20_15_03.F.15_01,24,1293.0,1509.0,1401.0
n3_TS,n3,TS,tai20_15_03.F.15_01,25,1304.0,1506.0,1405.0
n3_TS,n3,TS,tai20_15_03.F.15_01,26,1316.0,1509.0,1412.5
n3_TS,n3,TS,tai20_15_03.F.15_01,27,1280.0,1512.0,1396.0
n3_TS,n3,TS,tai20_15_03.F.15_01,28,1325.0,1539.0,1432.0
n3_TS,n3,TS,tai20_15_03.F.15_01,29,1351.0,1514.0,1432.5
n3_TS,n3,TS,tai20_15_03.F.15_01,30,1298.0,1508.0,1403.0
n3_TS,n3,TS,tai20_15_04.F.15_01,1,1329.0,1480.0,1404.5
n3_TS,n3,TS,tai20_15_04.F.15_01,2,1273.0,1462.0,1367.5
n3_TS,n3,TS,tai20_15_04.F.15_01,3,1288.0,1469.0,1378.5
n3_TS,n3,TS,tai20_15_04.F.15_01,4,1273.0,1478.0,1375.5
n3_TS,n3,TS,tai20_15_04.F.15_01,5,1302.0,1475.0,1388.5
n3_TS,n3,TS,tai20_15_04.F.15_01,6,1296.0,1464.0,1380.0
n3_TS,n3,TS,tai20_15_04.F.15_01,7,1278.0,1467.0,1372.5
n3_TS,n3,TS,tai20_15_04.F.15_01,8,1308.0,1482.0,1395.0
n3_TS,n3,TS,tai20_15_04.F.15_01,9,1287.0,1463.0,1375.0
n3_TS,n3,TS,tai20_15_04.F.15_01,10,1292.0,1480.0,1386.0
n3_TS,n3,TS,tai20_15_04.F.15_01,11,1290.0,1478.0,1384.0
n3_TS,n3,TS,tai20_15_04.F.15_01,12,1287.0,1462.0,1374.5
n3_TS,n3,TS,tai20_15_04.F.15_01,13,1284.0,1462.0,1373.0
n3_TS,n3,TS,tai20_15_04.F.15_01,14,1274.0,1464.0,1369.0
n3_TS,n3,TS,tai20_15_04.F.15_01,15,1291.0,1473.0,1382.0
n3_TS,n3,TS,tai20_15_04.F.15_01,16,1284.0,1480.0,1382.0
n3_TS,n3,TS,tai20_15_04.F.15_01,17,1284.0,1462.0,1373.0
n3_TS,n3,TS,tai20_15_04.F.15_01,18,1298.0,1474.0,1386.0
n3_TS,n3,TS,tai20_15_04.F.15_01,19,1291.0,1482.0,1386.5
n3_TS,n3,TS,tai20_15_04.F.15_01,20,1274.0,1470.0,1372.0
n3_TS,n3,TS,tai20_15_04.F.15_01,21,1275.0,1473.0,1374.0
n3_TS,n3,TS,tai20_15_04.F.15_01,22,1284.0,1464.0,1374.0
n3_TS,n3,TS,tai20_15_04.F.15_01,23,1273.0,1462.0,1367.5
n3_TS,n3,TS,tai20_15_04.F.15_01,24,1284.0,1464.0,1374.0
n3_TS,n3,TS,tai20_15_04.F.15_01,25,1309.0,1484.0,1396.5
n3_TS,n3,TS,tai20_15_04.F.15_01,26,1306.0,1476.0,1391.0
n3_TS,n3,TS,tai20_15_04.F.15_01,27,1272.0,1488.0,1380.0
n3_TS,n3,TS,tai20_15_04.F.15_01,28,1280.0,1468.0,1374.0
n3_TS,n3,TS,tai20_15_04.F.15_01,29,1280.0,1473.0,1376.5
n3_TS,n3,TS,tai20_15_04.F.15_01,30,1296.0,1468.0,1382.0
n3_TS,n3,TS,tai20_15_05.F.15_01,1,1291.0,1508.0,1399.5
n3_TS,n3,TS,tai20_15_05.F.15_01,2,1311.0,1508.0,1409.5
n3_TS,n3,TS,tai20_15_05.F.15_01,3,1312.0,1506.0,1409.0
n3_TS,n3,TS,tai20_15_05.F.15_01,4,1321.0,1519.0,1420.0
n3_TS,n3,TS,tai20_15_05.F.15_01,5,1293.0,1506.0,1399.5
n3_TS,n3,TS,tai20_15_05.F.15_01,6,1336.0,1515.0,1425.5
n3_TS,n3,TS,tai20_15_05.F.15_01,7,1321.0,1503.0,1412.0
n3_TS,n3,TS,tai20_15_05.F.15_01,8,1317.0,1507.0,1412.0
n3_TS,n3,TS,tai20_15_05.F.15_01,9,1303.0,1493.0,1398.0
n3_TS,n3,TS,tai20_15_05.F.15_01,10,1293.0,1506.0,1399.5
n3_TS,n3,TS,tai20_15_05.F.15_01,11,1293.0,1508.0,1400.5
n3_TS,n3,TS,tai20_15_05.F.15_01,12,1339.0,1520.0,1429.5
n3_TS,n3,TS,tai20_15_05.F.15_01,13,1330.0,1516.0,1423.0
n3_TS,n3,TS,tai20_15_05.F.15_01,14,1317.0,1501.0,1409.0
n3_TS,n3,TS,tai20_15_05.F.15_01,15,1272.0,1506.0,1389.0
n3_TS,n3,TS,tai20_15_05.F.15_01,16,1336.0,1502.0,1419.0
n3_TS,n3,TS,tai20_15_05.F.15_01,17,1324.0,1529.0,1426.5
n3_TS,n3,TS,tai20_15_05.F.15_01,18,1286.0,1510.0,1398.0
n3_TS,n3,TS,tai20_15_05.F.15_01,19,1321.0,1505.0,1413.0
n3_TS,n3,TS,tai20_15_05.F.15_01,20,1306.0,1508.0,1407.0
n3_TS,n3,TS,tai20_15_05.F.15_01,21,1313.0,1508.0,1410.5
n3_TS,n3,TS,tai20_15_05.F.15_01,22,1311.0,1509.0,1410.0
n3_TS,n3,TS,tai20_15_05.F.15_01,23,1311.0,1504.0,1407.5
n3_TS,n3,TS,tai20_15_05.F.15_01,24,1321.0,1508.0,1414.5
n3_TS,n3,TS,tai20_15_05.F.15_01,25,1305.0,1487.0,1396.0
n3_TS,n3,TS,tai20_15_05.F.15_01,26,1301.0,1508.0,1404.5
n3_TS,n3,TS,tai20_15_05.F.15_01,27,1317.0,1531.0,1424.0
n3_TS,n3,TS,tai20_15_05.F.15_01,28,1312.0,1532.0,1422.0
n3_TS,n3,TS,tai20_15_05.F.15_01,29,1311.0,1508.0,1409.5
n3_TS,n3,TS,tai20_15_05.F.15_01,30,1311.0,1508.0,1409.5
n3_TS,n3,TS,tai20_15_06.F.15_01,1,1329.0,1562.0,1445.5
n3_TS,n3,TS,tai20_15_06.F.15_01,2,1315.0,1549.0,1432.0
n3_TS,n3,TS,tai20_15_06.F.15_01,3,1325.0,1551.0,1438.0
n3_TS,n3,TS,tai20_15_06.F.15_01,4,1337.0,1551.0,1444.0
n3_TS,n3,TS,tai20_15_06.F.15_01,5,1358.0,1583.0,1470.5
n3_TS,n3,TS,tai20_15_06.F.15_01,6,1325.0,1535.0,1430.0
n3_TS,n3,TS,tai20_15_06.F.15_01,7,1317.0,1536.0,1426.5
n3_TS,n3,TS,tai20_15_06.F.15_01,8,1304.0,1515.0,1409.5
n3_TS,n3,TS,tai20_15_06.F.15_01,9,1336.0,1559.0,1447.5
n3_TS,n3,TS,tai20_15_06.F.15_01,10,1327.0,1544.0,1435.5
n3_TS,n3,TS,tai20_15_06.F.15_01,11,1313.0,1537.0,1425.0
n3_TS,n3,TS,tai20_15_06.F.15_01,12,1302.0,1535.0,1418.5
n3_TS,n3,TS,tai20_15_06.F.15_01,13,1303.0,1521.0,1412.0
n3_TS,n3,TS,tai20_15_06.F.15_01,14,1310.0,1557.0,1433.5
n3_TS,n3,TS,tai20_15_06.F.15_01,15,1302.0,1545.0,1423.5
n3_TS,n3,TS,tai20_15_06.F.15_01,16,1312.0,1497.0,1404.5
n3_TS,n3,TS,tai20_15_06.F.15_01,17,1351.0,1551.0,1451.0
n3_TS,n3,TS,tai20_15_06.F.15_01,18,1349.0,1571.0,1460.0
n3_TS,n3,TS,tai20_15_06.F.15_01,19,1333.0,1568.0,1450.5
n3_TS,n3,TS,tai20_15_06.F.15_01,20,1336.0,1553.0,1444.5
n3_TS,n3,TS,tai20_15_06.F.15_01,21,1317.0,1520.0,1418.5
n3_TS,n3,TS,tai20_15_06.F.15_01,22,1300.0,1543.0,1421.5
n3_TS,n3,TS,tai20_15_06.F.15_01,23,1348.0,1531.0,1439.5
n3_TS,n3,TS,tai20_15_06.F.15_01,24,1334.0,1559.0,1446.5
n3_TS,n3,TS,tai20_15_06.F.15_01,25,1331.0,1526.0,1428.5
n3_TS,n3,TS,tai20_15_06.F.15_01,26,1309.0,1543.0,1426.0
n3_TS,n3,TS,tai20_15_06.F.15_01,27,1337.0,1567.0,1452.0
n3_TS,n3,TS,tai20_15_06.F.15_01,28,1321.0,1555.0,1438.0
n3_TS,n3,TS,tai20_15_06.F.15_01,29,1309.0,1542.0,1425.5
n3_TS,n3,TS,tai20_15_06.F.15_01,30,1316.0,1545.0,1430.5
n3_TS,n3,TS,tai20_15_07.F.15_01,1,1402.0,1634.0,1518.0
n3_TS,n3,TS,tai20_15_07.F.15_01,2,1414.0,1676.0,1545.0
n3_TS,n3,TS,tai20_15_07.F.15_01,3,1402.0,1646.0,1524.0
n3_TS,n3,TS,tai20_15_07.F.15_01,4,1390.0,1648.0,1519.0
n3_TS,n3,TS,tai20_15_07.F.15_01,5,1389.0,1637.0,1513.0
n3_TS,n3,TS,tai20_15_07.F.15_01,6,1431.0,1665.0,1548.0
n3_TS,n3,TS,tai20_15_07.F.15_01,7,1402.0,1646.0,1524.0
n3_TS,n3,TS,tai20_15_07.F.15_01,8,1415.0,1646.0,1530.5
n3_TS,n3,TS,tai20_15_07.F.15_01,9,1462.0,1685.0,1573.5
n3_TS,n3,TS,tai20_15_07.F.15_01,10,1422.0,1647.0,1534.5
n3_TS,n3,TS,tai20_15_07.F.15_01,11,1407.0,1648.0,1527.5
n3_TS,n3,TS,tai20_15_07.F.15_01,12,1413.0,1663.0,1538.0
n3_TS,n3,TS,tai20_15_07.F.15_01,13,1422.0,1670.0,1546.0
n3_TS,n3,TS,tai20_15_07.F.15_01,14,1429.0,1655.0,1542.0
n3_TS,n3,TS,tai20_15_07.F.15_01,15,1431.0,1665.0,1548.0
n3_TS,n3,TS,tai20_15_07.F.15_01,16,1390.0,1648.0,1519.0
n3_TS,n3,TS,tai20_15_07.F.15_01,17,1393.0,1632.0,1512.5
n3_TS,n3,TS,tai20_15_07.F.15_01,18,1403.0,1618.0,1510.5
n3_TS,n3,TS,tai20_15_07.F.15_01,19,1383.0,1631.0,1507.0
n3_TS,n3,TS,tai20_15_07.F.15_01,20,1424.0,1649.0,1536.5
n3_TS,n3,TS,tai20_15_07.F.15_01,21,1398.0,1655.0,1526.5
n3_TS,n3,TS,tai20_15_07.F.15_01,22,1421.0,1658.0,1539.5
n3_TS,n3,TS,tai20_15_07.F.15_01,23,1428.0,1648.0,1538.0
n3_TS,n3,TS,tai20_15_07.F.15_01,24,1405.0,1648.0,1526.5
n3_TS,n3,TS,tai20_15_07.F.15_01,25,1419.0,1644.0,1531.5
n3_TS,n3,TS,tai20_15_07.F.15_01,26,1402.0,1646.0,1524.0
n3_TS,n3,TS,tai20_15_07.F.15_01,27,1422.0,1661.0,1541.5
n3_TS,n3,TS,tai20_15_07.F.15_01,28,1465.0,1700.0,1582.5
n3_TS,n3,TS,tai20_15_07.F.15_01,29,1422.0,1654.0,1538.0
n3_TS,n3,TS,tai20_15_07.F.15_01,30,1448.0,1678.0,1563.0
n3_TS,n3,TS,tai20_15_08.F.15_01,1,1386.0,1593.0,1489.5
n3_TS,n3,TS,tai20_15_08.F.15_01,2,1393.0,1603.0,1498.0
n3_TS,n3,TS,tai20_15_08.F.15_01,3,1389.0,1575.0,1482.0
n3_TS,n3,TS,tai20_15_08.F.15_01,4,1385.0,1587.0,1486.0
n3_TS,n3,TS,tai20_15_08.F.15_01,5,1385.0,1607.0,1496.0
n3_TS,n3,TS,tai20_15_08.F.15_01,6,1394.0,1600.0,1497.0
n3_TS,n3,TS,tai20_15_08.F.15_01,7,1393.0,1599.0,1496.0
n3_TS,n3,TS,tai20_15_08.F.15_01,8,1384.0,1585.0,1484.5
n3_TS,n3,TS,tai20_15_08.F.15_01,9,1385.0,1590.0,1487.5
n3_TS,n3,TS,tai20_15_08.F.15_01,10,1366.0,1597.0,1481.5
n3_TS,n3,TS,tai20_15_08.F.15_01,11,1392.0,1581.0,1486.5
n3_TS,n3,TS,tai20_15_08.F.15_01,12,1408.0,1616.0,1512.0
n3_TS,n3,TS,tai20_15_08.F.15_01,13,1393.0,1592.0,1492.5
n3_TS,n3,TS,tai20_15_08.F.15_01,14,1396.0,1593.0,1494.5
n3_TS,n3,TS,tai20_15_08.F.15_01,15,1400.0,1600.0,1500.0
n3_TS,n3,TS,tai20_15_08.F.15_01,16,1382.0,1600.0,1491.0
n3_TS,n3,TS,tai20_15_08.F.15_01,17,1373.0,1566.0,1469.5
n3_TS,n3,TS,tai20_15_08.F.15_01,18,1383.0,1601.0,1492.0
n3_TS,n3,TS,tai20_15_08.F.15_01,19,1389.0,1578.0,1483.5
n3_TS,n3,TS,tai20_15_08.F.15_01,20,1407.0,1626.0,1516.5
n3_TS,n3,TS,tai20_15_08.F.15_01,21,1401.0,1589.0,1495.0
n3_TS,n3,TS,tai20_15_08.F.15_01,22,1389.0,1609.0,1499.0
n3_TS,n3,TS,tai20_15_08.F.15_01,23,1388.0,1586.0,1487.0
n3_TS,n3,TS,tai20_15_08.F.15_01,24,1392.0,1606.0,1499.0
n3_TS,n3,TS,tai20_15_08.F.15_01,25,1382.0,1610.0,1496.0
n3_TS,n3,TS,tai20_15_08.F.15_01,26,1404.0,1626.0,1515.0
n3_TS,n3,TS,tai20_15_08.F.15_01,27,1394.0,1620.0,1507.0
n3_TS,n3,TS,tai20_15_08.F.15_01,28,1423.0,1631.0,1527.0
n3_TS,n3,TS,tai20_15_08.F.15_01,29,1405.0,1613.0,1509.0
n3_TS,n3,TS,tai20_15_08.F.15_01,30,1363.0,1600.0,1481.5
n3_TS,n3,TS,tai20_15_09.F.15_01,1,1315.0,1517.0,1416.0
n3_TS,n3,TS,tai20_15_09.F.15_01,2,1322.0,1532.0,1427.0
n3_TS,n3,TS,tai20_15_09.F.15_01,3,1319.0,1514.0,1416.5
n3_TS,n3,TS,tai20_15_09.F.15_01,4,1304.0,1531.0,1417.5
n3_TS,n3,TS,tai20_15_09.F.15_01,5,1335.0,1525.0,1430.0
n3_TS,n3,TS,tai20_15_09.F.15_01,6,1312.0,1537.0,1424.5
n3_TS,n3,TS,tai20_15_09.F.15_01,7,1339.0,1541.0,1440.0
n3_TS,n3,TS,tai20_15_09.F.15_01,8,1306.0,1553.0,1429.5
n3_TS,n3,TS,tai20_15_09.F.15_01,9,1341.0,1534.0,1437.5
n3_TS,n3,TS,tai20_15_09.F.15_01,10,1336.0,1517.0,1426.5
n3_TS,n3,TS,tai20_15_09.F.15_01,11,1310.0,1528.0,1419.0
n3_TS,n3,TS,tai20_15_09.F.15_01,12,1316.0,1522.0,1419.0
n3_TS,n3,TS,tai20_15_09.F.15_01,13,1342.0,1528.0,1435.0
n3_TS,n3,TS,tai20_15_09.F.15_01,14,1307.0,1518.0,1412.5
n3_TS,n3,TS,tai20_15_09.F.15_01,15,1352.0,1554.0,1453.0
n3_TS,n3,TS,tai20_15_09.F.15_01,16,1359.0,1536.0,1447.5
n3_TS,n3,TS,tai20_15_09.F.15_01,17,1341.0,1545.0,1443.0
n3_TS,n3,TS,tai20_15_09.F.15_01,18,1295.0,1526.0,1410.5
n3_TS,n3,TS,tai20_15_09.F.15_01,19,1319.0,1529.0,1424.0
n3_TS,n3,TS,tai20_15_09.F.15_01,20,1290.0,1520.0,1405.0
n3_TS,n3,TS,tai20_15_09.F.15_01,21,1331.0,1524.0,1427.5
n3_TS,n3,TS,tai20_15_09.F.15_01,22,1367.0,1547.0,1457.0
n3_TS,n3,TS,tai20_15_09.F.15_01,23,1302.0,1509.0,1405.5
n3_TS,n3,TS,tai20_15_09.F.15_01,24,1316.0,1566.0,1441.0
n3_TS,n3,TS,tai20_15_09.F.15_01,25,1311.0,1553.0,1432.0
n3_TS,n3,TS,tai20_15_09.F.15_01,26,1342.0,1547.0,1444.5
n3_TS,n3,TS,tai20_15_09.F.15_01,27,1309.0,1515.0,1412.0
n3_TS,n3,TS,tai20_15_09.F.15_01,28,1315.0,1538.0,1426.5
n3_TS,n3,TS,tai20_15_09.F.15_01,29,1321.0,1501.0,1411.0
n3_TS,n3,TS,tai20_15_09.F.15_01,30,1314.0,1535.0,1424.5
n3_TS,n3,TS,tai20_15_10.F.15_01,1,1320.0,1514.0,1417.0
n3_TS,n3,TS,tai20_15_10.F.15_01,2,1304.0,1515.0,1409.5
n3_TS,n3,TS,tai20_15_10.F.15_01,3,1306.0,1519.0,1412.5
n3_TS,n3,TS,tai20_15_10.F.15_01,4,1326.0,1530.0,1428.0
n3_TS,n3,TS,tai20_15_10.F.15_01,5,1283.0,1487.0,1385.0
n3_TS,n3,TS,tai20_15_10.F.15_01,6,1303.0,1530.0,1416.5
n3_TS,n3,TS,tai20_15_10.F.15_01,7,1294.0,1496.0,1395.0
n3_TS,n3,TS,tai20_15_10.F.15_01,8,1290.0,1517.0,1403.5
n3_TS,n3,TS,tai20_15_10.F.15_01,9,1302.0,1500.0,1401.0
n3_TS,n3,TS,tai20_15_10.F.15_01,10,1328.0,1513.0,1420.5
n3_TS,n3,TS,tai20_15_10.F.15_01,11,1320.0,1490.0,1405.0
n3_TS,n3,TS,tai20_15_10.F.15_01,12,1305.0,1499.0,1402.0
n3_TS,n3,TS,tai20_15_10.F.15_01,13,1314.0,1512.0,1413.0
n3_TS,n3,TS,tai20_15_10.F.15_01,14,1314.0,1512.0,1413.0
n3_TS,n3,TS,tai20_15_10.F.15_01,15,1320.0,1528.0,1424.0
n3_TS,n3,TS,tai20_15_10.F.15_01,16,1311.0,1517.0,1414.0
n3_TS,n3,TS,tai20_15_10.F.15_01,17,1330.0,1534.0,1432.0
n3_TS,n3,TS,tai20_15_10.F.15_01,18,1329.0,1535.0,1432.0
n3_TS,n3,TS,tai20_15_10.F.15_01,19,1300.0,1502.0,1401.0
n3_TS,n3,TS,tai20_15_10.F.15_01,20,1306.0,1518.0,1412.0
n3_TS,n3,TS,tai20_15_10.F.15_01,21,1306.0,1530.0,1418.0
n3_TS,n3,TS,tai20_15_10.F.15_01,22,1291.0,1519.0,1405.0
n3_TS,n3,TS,tai20_15_10.F.15_01,23,1327.0,1513.0,1420.0
n3_TS,n3,TS,tai20_15_10.F.15_01,24,1298.0,1498.0,1398.0
n3_TS,n3,TS,tai20_15_10.F.15_01,25,1341.0,1502.0,1421.5
n3_TS,n3,TS,tai20_15_10.F.15_01,26,1308.0,1536.0,1422.0
n3_TS,n3,TS,tai20_15_10.F.15_01,27,1320.0,1522.0,1421.0
n3_TS,n3,TS,tai20_15_10.F.15_01,28,1308.0,1515.0,1411.5
n3_TS,n3,TS,tai20_15_10.F.15_01,29,1293.0,1507.0,1400.0
n3_TS,n3,TS,tai20_15_10.F.15_01,30,1307.0,1507.0,1407.0
n3_TS,n3,TS,tai20_20_01.F.15_01,1,1618.0,1869.0,1743.5
n3_TS,n3,TS,tai20_20_01.F.15_01,2,1590.0,1821.0,1705.5
n3_TS,n3,TS,tai20_20_01.F.15_01,3,1614.0,1830.0,1722.0
n3_TS,n3,TS,tai20_20_01.F.15_01,4,1616.0,1846.0,1731.0
n3_TS,n3,TS,tai20_20_01.F.15_01,5,1607.0,1840.0,1723.5
n3_TS,n3,TS,tai20_20_01.F.15_01,6,1641.0,1841.0,1741.0
n3_TS,n3,TS,tai20_20_01.F.15_01,7,1639.0,1837.0,1738.0
n3_TS,n3,TS,tai20_20_01.F.15_01,8,1650.0,1856.0,1753.0
n3_TS,n3,TS,tai20_20_01.F.15_01,9,1595.0,1810.0,1702.5
n3_TS,n3,TS,tai20_20_01.F.15_01,10,1601.0,1849.0,1725.0
n3_TS,n3,TS,tai20_20_01.F.15_01,11,1614.0,1829.0,1721.5
n3_TS,n3,TS,tai20_20_01.F.15_01,12,1639.0,1813.0,1726.0
n3_TS,n3,TS,tai20_20_01.F.15_01,13,1582.0,1821.0,1701.5
n3_TS,n3,TS,tai20_20_01.F.15_01,14,1618.0,1832.0,1725.0
n3_TS,n3,TS,tai20_20_01.F.15_01,15,1601.0,1833.0,1717.0
n3_TS,n3,TS,tai20_20_01.F.15_01,16,1577.0,1836.0,1706.5
n3_TS,n3,TS,tai20_20_01.F.15_01,17,1610.0,1837.0,1723.5
n3_TS,n3,TS,tai20_20_01.F.15_01,18,1650.0,1837.0,1743.5
n3_TS,n3,TS,tai20_20_01.F.15_01,19,1620.0,1863.0,1741.5
n3_TS,n3,TS,tai20_20_01.F.15_01,20,1587.0,1817.0,1702.0
n3_TS,n3,TS,tai20_20_01.F.15_01,21,1622.0,1854.0,1738.0
n3_TS,n3,TS,tai20_20_01.F.15_01,22,1609.0,1871.0,1740.0
n3_TS,n3,TS,tai20_20_01.F.15_01,23,1583.0,1847.0,1715.0
n3_TS,n3,TS,tai20_20_01.F.15_01,24,1602.0,1812.0,1707.0
n3_TS,n3,TS,tai20_20_01.F.15_01,25,1605.0,1834.0,1719.5
n3_TS,n3,TS,tai20_20_01.F.15_01,26,1629.0,1853.0,1741.0
n3_TS,n3,TS,tai20_20_01.F.15_01,27,1601.0,1835.0,1718.0
n3_TS,n3,TS,tai20_20_01.F.15_01,28,1594.0,1827.0,1710.5
n3_TS,n3,TS,tai20_20_01.F.15_01,29,1562.0,1826.0,1694.0
n3_TS,n3,TS,tai20_20_01.F.15_01,30,1613.0,1830.0,1721.5
n3_TS,n3,TS,tai20_20_02.F.15_01,1,1563.0,1811.0,1687.0
n3_TS,n3,TS,tai20_20_02.F.15_01,2,1566.0,1780.0,1673.0
n3_TS,n3,TS,tai20_20_02.F.15_01,3,1558.0,1804.0,1681.0
n3_TS,n3,TS,tai20_20_02.F.15_01,4,1565.0,1786.0,1675.5
n3_TS,n3,TS,tai20_20_02.F.15_01,5,1564.0,1794.0,1679.0
n3_TS,n3,TS,tai20_20_02.F.15_01,6,1542.0,1787.0,1664.5
n3_TS,n3,TS,tai20_20_02.F.15_01,7,1562.0,1800.0,1681.0
n3_TS,n3,TS,tai20_20_02.F.15_01,8,1551.0,1781.0,1666.0
n3_TS,n3,TS,tai20_20_02.F.15_01,9,1543.0,1782.0,1662.5
n3_TS,n3,TS,tai20_20_02.F.15_01,10,1549.0,1770.0,1659.5
n3_TS,n3,TS,tai20_20_02.F.15_01,11,1553.0,1802.0,1677.5
n3_TS,n3,TS,tai20_20_02.F.15_01,12,1538.0,1777.0,1657.5
n3_TS,n3,TS,tai20_20_02.F.15_01,13,1582.0,1817.0,1699.5
n3_TS,n3,TS,tai20_20_02.F.15_01,14,1571.0,1794.0,1682.5
n3_TS,n3,TS,tai20_20_02.F.15_01,15,1557.0,1798.0,1677.5
n3_TS,n3,TS,tai20_20_02.F.15_01,16,1529.0,1764.0,1646.5
n3_TS,n3,TS,tai20_20_02.F.15_01,17,1553.0,1794.0,1673.5
n3_TS,n3,TS,tai20_20_02.F.15_01,18,1569.0,1784.0,1676.5
n3_TS,n3,TS,tai20_20_02.F.15_01,19,1545.0,1781.0,1663.0
n3_TS,n3,TS,tai20_20_02.F.15_01,20,1555.0,1793.0,1674.0
n3_TS,n3,TS,tai20_20_02.F.15_01,21,1553.0,1774.0,1663.5
n3_TS,n3,TS,tai20_20_02.F.15_01,22,1567.0,1801.0,1684.0
n3_TS,n3,TS,tai20_20_02.F.15_01,23,1581.0,1808.0,1694.5
n3_TS,n3,TS,tai20_20_02.F.15_01,24,1564.0,1778.0,1671.0
n3_TS,n3,TS,tai20_20_02.F.15_01,25,1541.0,1781.0,1661.0
n3_TS,n3,TS,tai20_20_02.F.15_01,26,1572.0,1796.0,1684.0
n3_TS,n3,TS,tai20_20_02.F.15_01,27,1639.0,1802.0,1720.5
n3_TS,n3,TS,tai20_20_02.F.15_01,28,1538.0,1774.0,1656.0
n3_TS,n3,TS,tai20_20_02.F.15_01,29,1587.0,1790.0,1688.5
n3_TS,n3,TS,tai20_20_02.F.15_01,30,1558.0,1788.0,1673.0
n3_TS,n3,TS,tai20_20_03.F.15_01,1,1552.0,1729.0,1640.5
n3_TS,n3,TS,tai20_20_03.F.15_01,2,1548.0,1708.0,1628.0
n3_TS,n3,TS,tai20_20_03.F.15_01,3,1564.0,1748.0,1656.0
n3_TS,n3,TS,tai20_20_03.F.15_01,4,1567.0,1727.0,1647.0
n3_TS,n3,TS,tai20_20_03.F.15_01,5,1523.0,1735.0,1629.0
n3_TS,n3,TS,tai20_20_03.F.15_01,6,1525.0,1737.0,1631.0
n3_TS,n3,TS,tai20_20_03.F.15_01,7,1566.0,1733.0,1649.5
n3_TS,n3,TS,tai20_20_03.F.15_01,8,1530.0,1724.0,1627.0
n3_TS,n3,TS,tai20_20_03.F.15_01,9,1551.0,1736.0,1643.5
n3_TS,n3,TS,tai20_20_03.F.15_01,10,1573.0,1743.0,1658.0
n3_TS,n3,TS,tai20_20_03.F.15_01,11,1554.0,1742.0,1648.0
n3_TS,n3,TS,tai20_20_03.F.15_01,12,1539.0,1707.0,1623.0
n3_TS,n3,TS,tai20_20_03.F.15_01,13,1525.0,1715.0,1620.0
n3_TS,n3,TS,tai20_20_03.F.15_01,14,1556.0,1736.0,1646.0
n3_TS,n3,TS,tai20_20_03.F.15_01,15,1540.0,1730.0,1635.0
n3_TS,n3,TS,tai20_20_03.F.15_01,16,1569.0,1732.0,1650.5
n3_TS,n3,TS,tai20_20_03.F.15_01,17,1556.0,1738.0,1647.0
n3_TS,n3,TS,tai20_20_03.F.15_01,18,1539.0,1727.0,1633.0
n3_TS,n3,TS,tai20_20_03.F.15_01,19,1552.0,1711.0,1631.5
n3_TS,n3,TS,tai20_20_03.F.15_01,20,1569.0,1753.0,1661.0
n3_TS,n3,TS,tai20_20_03.F.15_01,21,1558.0,1732.0,1645.0
n3_TS,n3,TS,tai20_20_03.F.15_01,22,1520.0,1680.0,1600.0
n3_TS,n3,TS,tai20_20_03.F.15_01,23,1555.0,1727.0,1641.0
n3_TS,n3,TS,tai20_20_03.F.15_01,24,1561.0,1737.0,1649.0
n3_TS,n3,TS,tai20_20_03.F.15_01,25,1531.0,1699.0,1615.0
n3_TS,n3,TS,tai20_20_03.F.15_01,26,1541.0,1729.0,1635.0
n3_TS,n3,TS,tai20_20_03.F.15_01,27,1534.0,1719.0,1626.5
n3_TS,n3,TS,tai20_20_03.F.15_01,28,1535.0,1720.0,1627.5
n3_TS,n3,TS,tai20_20_03.F.15_01,29,1540.0,1730.0,1635.0
n3_TS,n3,TS,tai20_20_03.F.15_01,30,1536.0,1732.0,1634.0
n3_TS,n3,TS,tai20_20_04.F.15_01,1,1610.0,1823.0,1716.5
n3_TS,n3,TS,tai20_20_04.F.15_01,2,1598.0,1806.0,1702.0
n3_TS,n3,TS,tai20_20_04.F.15_01,3,1618.0,1840.0,1729.0
n3_TS,n3,TS,tai20_20_04.F.15_01,4,1614.0,1849.0,1731.5
n3_TS,n3,TS,tai20_20_04.F.15_01,5,1578.0,1815.0,1696.5
n3_TS,n3,TS,tai20_20_04.F.15_01,6,1592.0,1828.0,1710.0
n3_TS,n3,TS,tai20_20_04.F.15_01,7,1624.0,1883.0,1753.5
n3_TS,n3,TS,tai20_20_04.F.15_01,8,1573.0,1814.0,1693.5
n3_TS,n3,TS,tai20_20_04.F.15_01,9,1592.0,1828.0,1710.0
n3_TS,n3,TS,tai20_20_04.F.15_01,10,1578.0,1815.0,1696.5
n3_TS,n3,TS,tai20_20_04.F.15_01,11,1594.0,1842.0,1718.0
n3_TS,n3,TS,tai20_20_04.F.15_01,12,1572.0,1814.0,1693.0
n3_TS,n3,TS,tai20_20_04.F.15_01,13,1593.0,1822.0,1707.5
n3_TS,n3,TS,tai20_20_04.F.15_01,14,1601.0,1841.0,1721.0
n3_TS,n3,TS,tai20_20_04.F.15_01,15,1583.0,1810.0,1696.5
n3_TS,n3,TS,tai20_20_04.F.15_01,16,1564.0,1814.0,1689.0
n3_TS,n3,TS,tai20_20_04.F.15_01,17,1594.0,1842.0,1718.0
n3_TS,n3,TS,tai20_20_04.F.15_01,18,1567.0,1814.0,1690.5
n3_TS,n3,TS,tai20_20_04.F.15_01,19,1595.0,1828.0,1711.5
n3_TS,n3,TS,tai20_20_04.F.15_01,20,1581.0,1814.0,1697.5
n3_TS,n3,TS,tai20_20_04.F.15_01,21,1594.0,1842.0,1718.0
n3_TS,n3,TS,tai20_20_04.F.15_01,22,1566.0,1814.0,1690.0
n3_TS,n3,TS,tai20_20_04.F.15_01,23,1636.0,1835.0,1735.5
n3_TS,n3,TS,tai20_20_04.F.15_01,24,1591.0,1820.0,1705.5
n3_TS,n3,TS,tai20_20_04.F.15_01,25,1592.0,1828.0,1710.0
n3_TS,n3,TS,tai20_20_04.F.15_01,26,1625.0,1841.0,1733.0
n3_TS,n3,TS,tai20_20_04.F.15_01,27,1578.0,1815.0,1696.5
n3_TS,n3,TS,tai20_20_04.F.15_01,28,1575.0,1815.0,1695.0
n3_TS,n3,TS,tai20_20_04.F.15_01,29,1586.0,1825.0,1705.5
n3_TS,n3,TS,tai20_20_04.F.15_01,30,1578.0,1815.0,1696.5
n3_TS,n3,TS,tai20_20_05.F.15_01,1,1572.0,1792.0,1682.0
n3_TS,n3,TS,tai20_20_05.F.15_01,2,1583.0,1775.0,1679.0
n3_TS,n3,TS,tai20_20_05.F.15_01,3,1566.0,1792.0,1679.0
n3_TS,n3,TS,tai20_20_05.F.15_01,4,1562.0,1769.0,1665.5
n3_TS,n3,TS,tai20_20_05.F.15_01,5,1581.0,1794.0,1687.5
n3_TS,n3,TS,tai20_20_05.F.15_01,6,1568.0,1806.0,1687.0
n3_TS,n3,TS,tai20_20_05.F.15_01,7,1583.0,1804.0,1693.5
n3_TS,n3,TS,tai20_20_05.F.15_01,8,1565.0,1777.0,1671.0
n3_TS,n3,TS,tai20_20_05.F.15_01,9,1575.0,1760.0,1667.5
n3_TS,n3,TS,tai20_20_05.F.15_01,10,1607.0,1797.0,1702.0
n3_TS,n3,TS,tai20_20_05.F.15_01,11,1586.0,1804.0,1695.0
n3_TS,n3,TS,tai20_20_05.F.15_01,12,1558.0,1794.0,1676.0
n3_TS,n3,TS,tai20_20_05.F.15_01,13,1605.0,1802.0,1703.5
n3_TS,n3,TS,tai20_20_05.F.15_01,14,1586.0,1793.0,1689.5
n3_TS,n3,TS,tai20_20_05.F.15_01,15,1624.0,1813.0,1718.5
n3_TS,n3,TS,tai20_20_05.F.15_01,16,1581.0,1770.0,1675.5
n3_TS,n3,TS,tai20_20_05.F.15_01,17,1575.0,1779.0,1677.0
n3_TS,n3,TS,tai20_20_05.F.15_01,18,1592.0,1773.0,1682.5
n3_TS,n3,TS,tai20_20_05.F.15_01,19,1566.0,1806.0,1686.0
n3_TS,n3,TS,tai20_20_05.F.15_01,20,1557.0,1768.0,1662.5
n3_TS,n3,TS,tai20_20_05.F.15_01,21,1568.0,1785.0,1676.5
n3_TS,n3,TS,tai20_20_05.F.15_01,22,1579.0,1792.0,1685.5
n3_TS,n3,TS,tai20_20_05.F.15_01,23,1578.0,1792.0,1685.0
n3_TS,n3,TS,tai20_20_05.F.15_01,24,1556.0,1777.0,1666.5
n3_TS,n3,TS,tai20_20_05.F.15_01,25,1560.0,1750.0,1655.0
n3_TS,n3,TS,tai20_20_05.F.15_01,26,1586.0,1795.0,1690.5
n3_TS,n3,TS,tai20_20_05.F.15_01,27,1553.0,1780.0,1666.5
n3_TS,n3,TS,tai20_20_05.F.15_01,28,1562.0,1786.0,1674.0
n3_TS,n3,TS,tai20_20_05.F.15_01,29,1605.0,1802.0,1703.5
n3_TS,n3,TS,tai20_20_05.F.15_01,30,1554.0,1779.0,1666.5
n3_TS,n3,TS,tai20_20_06.F.15_01,1,1676.0,1838.0,1757.0
n3_TS,n3,TS,tai20_20_06.F.15_01,2,1668.0,1834.0,1751.0
n3_TS,n3,TS,tai20_20_06.F.15_01,3,1621.0,1823.0,1722.0
n3_TS,n3,TS,tai20_20_06.F.15_01,4,1642.0,1833.0,1737.5
n3_TS,n3,TS,tai20_20_06.F.15_01,5,1639.0,1848.0,1743.5
n3_TS,n3,TS,tai20_20_06.F.15_01,6,1662.0,1857.0,1759.5
n3_TS,n3,TS,tai20_20_06.F.15_01,7,1656.0,1838.0,1747.0
n3_TS,n3,TS,tai20_20_06.F.15_01,8,1659.0,1851.0,1755.0
n3_TS,n3,TS,tai20_20_06.F.15_01,9,1664.0,1858.0,1761.0
n3_TS,n3,TS,tai20_20_06.F.15_01,10,1662.0,1838.0,1750.0
n3_TS,n3,TS,tai20_20_06.F.15_01,11,1641.0,1833.0,1737.0
n3_TS,n3,TS,tai20_20_06.F.15_01,12,1633.0,1832.0,1732.5
n3_TS,n3,TS,tai20_20_06.F.15_01,13,1640.0,1837.0,1738.5
n3_TS,n3,TS,tai20_20_06.F.15_01,14,1666.0,1841.0,1753.5
n3_TS,n3,TS,tai20_20_06.F.15_01,15,1669.0,1845.0,1757.0
n3_TS,n3,TS,tai20_20_06.F.15_01,16,1637.0,1836.0,1736.5
n3_TS,n3,TS,tai20_20_06.F.15_01,17,1608.0,1829.0,1718.5
n3_TS,n3,TS,tai20_20_06.F.15_01,18,1642.0,1833.0,1737.5
n3_TS,n3,TS,tai20_20_06.F.15_01,19,1632.0,1846.0,1739.0
n3_TS,n3,TS,tai20_20_06.F.15_01,20,1619.0,1810.0,1714.5
n3_TS,n3,TS,tai20_20_06.F.15_01,21,1669.0,1844.0,1756.5
n3_TS,n3,TS,tai20_20_06.F.15_01,22,1656.0,1864.0,1760.0
n3_TS,n3,TS,tai20_20_06.F.15_01,23,1639.0,1851.0,1745.0
n3_TS,n3,TS,tai20_20_06.F.15_01,24,1677.0,1856.0,1766.5
n3_TS,n3,TS,tai20_20_06.F.15_01,25,1616.0,1829.0,1722.5
n3_TS,n3,TS,tai20_20_06.F.15_01,26,1639.0,1827.0,1733.0
n3_TS,n3,TS,tai20_20_06.F.15_01,27,1644.0,1845.0,1744.5
n3_TS,n3,TS,tai20_20_06.F.15_01,28,1650.0,1859.0,1754.5
n3_TS,n3,TS,tai20_20_06.F.15_01,29,1667.0,1840.0,1753.5
n3_TS,n3,TS,tai20_20_06.F.15_01,30,1672.0,1845.0,1758.5
n3_TS,n3,TS,tai20_20_07.F.15_01,1,1701.0,1911.0,1806.0
n3_TS,n3,TS,tai20_20_07.F.15_01,2,1663.0,1868.0,1765.5
n3_TS,n3,TS,tai20_20_07.F.15_01,3,1677.0,1866.0,1771.5
n3_TS,n3,TS,tai20_20_07.F.15_01,4,1665.0,1863.0,1764.0
n3_TS,n3,TS,tai20_20_07.F.15_01,5,1658.0,1852.0,1755.0
n3_TS,n3,TS,tai20_20_07.F.15_01,6,1687.0,1875.0,1781.0
n3_TS,n3,TS,tai20_20_07.F.15_01,7,1668.0,1873.0,1770.5
n3_TS,n3,TS,tai20_20_07.F.15_01,8,1723.0,1872.0,1797.5
n3_TS,n3,TS,tai20_20_07.F.15_01,9,1673.0,1873.0,1773.0
n3_TS,n3,TS,tai20_20_07.F.15_01,10,1666.0,1865.0,1765.5
n3_TS,n3,TS,tai20_20_07.F.15_01,11,1668.0,1861.0,1764.5
n3_TS,n3,TS,tai20_20_07.F.15_01,12,1655.0,1854.0,1754.5
n3_TS,n3,TS,tai20_20_07.F.15_01,13,1661.0,1871.0,1766.0
n3_TS,n3,TS,tai20_20_07.F.15_01,14,1669.0,1863.0,1766.0
n3_TS,n3,TS,tai20_20_07.F.15_01,15,1681.0,1900.0,1790.5
n3_TS,n3,TS,tai20_20_07.F.15_01,16,1656.0,1878.0,1767.0
n3_TS,n3,TS,tai20_20_07.F.15_01,17,1626.0,1838.0,1732.0
n3_TS,n3,TS,tai20_20_07.F.15_01,18,1696.0,1885.0,1790.5
n3_TS,n3,TS,tai20_20_07.F.15_01,19,1701.0,1909.0,1805.0
n3_TS,n3,TS,tai20_20_07.F.15_01,20,1622.0,1868.0,1745.0
n3_TS,n3,TS,tai20_20_07.F.15_01,21,1651.0,1885.0,1768.0
n3_TS,n3,TS,tai20_20_07.F.15_01,22,1617.0,1820.0,1718.5
n3_TS,n3,TS,tai20_20_07.F.15_01,23,1665.0,1871.0,1768.0
n3_TS,n3,TS,tai20_20_07.F.15_01,24,1648.0,1843.0,1745.5
n3_TS,n3,TS,tai20_20_07.F.15_01,25,1662.0,1897.0,1779.5
n3_TS,n3,TS,tai20_20_07.F.15_01,26,1672.0,1865.0,1768.5
n3_TS,n3,TS,tai20_20_07.F.15_01,27,1649.0,1874.0,1761.5
n3_TS,n3,TS,tai20_20_07.F.15_01,28,1642.0,1850.0,1746.0
n3_TS,n3,TS,tai20_20_07.F.15_01,29,1680.0,1878.0,1779.0
n3_TS,n3,TS,tai20_20_07.F.15_01,30,1654.0,1850.0,1752.0
n3_TS,n3,TS,tai20_20_08.F.15_01,1,1592.0,1778.0,1685.0
n3_TS,n3,TS,tai20_20_08.F.15_01,2,1564.0,1782.0,1673.0
n3_TS,n3,TS,tai20_20_08.F.15_01,3,1570.0,1779.0,1674.5
n3_TS,n3,TS,tai20_20_08.F.15_01,4,1557.0,1767.0,1662.0
n3_TS,n3,TS,tai20_20_08.F.15_01,5,1578.0,1766.0,1672.0
n3_TS,n3,TS,tai20_20_08.F.15_01,6,1572.0,1783.0,1677.5
n3_TS,n3,TS,tai20_20_08.F.15_01,7,1567.0,1776.0,1671.5
n3_TS,n3,TS,tai20_20_08.F.15_01,8,1544.0,1765.0,1654.5
n3_TS,n3,TS,tai20_20_08.F.15_01,9,1558.0,1785.0,1671.5
n3_TS,n3,TS,tai20_20_08.F.15_01,10,1572.0,1785.0,1678.5
n3_TS,n3,TS,tai20_20_08.F.15_01,11,1569.0,1770.0,1669.5
n3_TS,n3,TS,tai20_20_08.F.15_01,12,1572.0,1785.0,1678.5
n3_TS,n3,TS,tai20_20_08.F.15_01,13,1578.0,1784.0,1681.0
n3_TS,n3,TS,tai20_20_08.F.15_01,14,1563.0,1786.0,1674.5
n3_TS,n3,TS,tai20_20_08.F.15_01,15,1575.0,1768.0,1671.5
n3_TS,n3,TS,tai20_20_08.F.15_01,16,1594.0,1769.0,1681.5
n3_TS,n3,TS,tai20_20_08.F.15_01,17,1537.0,1742.0,1639.5
n3_TS,n3,TS,tai20_20_08.F.15_01,18,1559.0,1766.0,1662.5
n3_TS,n3,TS,tai20_20_08.F.15_01,19,1542.0,1787.0,1664.5
n3_TS,n3,TS,tai20_20_08.F.15_01,20,1573.0,1780.0,1676.5
n3_TS,n3,TS,tai20_20_08.F.15_01,21,1570.0,1771.0,1670.5
n3_TS,n3,TS,tai20_20_08.F.15_01,22,1564.0,1766.0,1665.0
n3_TS,n3,TS,tai20_20_08.F.15_01,23,1576.0,1763.0,1669.5
n3_TS,n3,TS,tai20_20_08.F.15_01,24,1592.0,1770.0,1681.0
n3_TS,n3,TS,tai20_20_08.F.15_01,25,1553.0,1758.0,1655.5
n3_TS,n3,TS,tai20_20_08.F.15_01,26,1581.0,1752.0,1666.5
n3_TS,n3,TS,tai20_20_08.F.15_01,27,1591.0,1765.0,1678.0
n3_TS,n3,TS,tai20_20_08.F.15_01,28,1552.0,1767.0,1659.5
n3_TS,n3,TS,tai20_20_08.F.15_01,29,1546.0,1746.0,1646.0
n3_TS,n3,TS,tai20_20_08.F.15_01,30,1557.0,1769.0,1663.0
n3_TS,n3,TS,tai20_20_09.F.15_01,1,1572.0,1794.0,1683.0
n3_TS,n3,TS,tai20_20_09.F.15_01,2,1571.0,1781.0,1676.0
n3_TS,n3,TS,tai20_20_09.F.15_01,3,1573.0,1764.0,1668.5
n3_TS,n3,TS,tai20_20_09.F.15_01,4,1577.0,1777.0,1677.0
n3_TS,n3,TS,tai20_20_09.F.15_01,5,1603.0,1791.0,1697.0
n3_TS,n3,TS,tai20_20_09.F.15_01,6,1548.0,1766.0,1657.0
n3_TS,n3,TS,tai20_20_09.F.15_01,7,1587.0,1788.0,1687.5
n3_TS,n3,TS,tai20_20_09.F.15_01,8,1578.0,1782.0,1680.0
n3_TS,n3,TS,tai20_20_09.F.15_01,9,1581.0,1782.0,1681.5
n3_TS,n3,TS,tai20_20_09.F.15_01,10,1546.0,1766.0,1656.0
n3_TS,n3,TS,tai20_20_09.F.15_01,11,1565.0,1782.0,1673.5
n3_TS,n3,TS,tai20_20_09.F.15_01,12,1581.0,1768.0,1674.5
n3_TS,n3,TS,tai20_20_09.F.15_01,13,1549.0,1765.0,1657.0
n3_TS,n3,TS,tai20_20_09.F.15_01,14,1595.0,1794.0,1694.5
n3_TS,n3,TS,tai20_20_09.F.15_01,15,1565.0,1765.0,1665.0
n3_TS,n3,TS,tai20_20_09.F.15_01,16,1582.0,1793.0,1687.5
n3_TS,n3,TS,tai20_20_09.F.15_01,17,1607.0,1785.0,1696.0
n3_TS,n3,TS,tai20_20_09.F.15_01,18,1561.0,1755.0,1658.0
n3_TS,n3,TS,tai20_20_09.F.15_01,19,1564.0,1759.0,1661.5
n3_TS,n3,TS,tai20_20_09.F.15_01,20,1595.0,1777.0,1686.0
n3_TS,n3,TS,tai20_20_09.F.15_01,21,1566.0,1764.0,1665.0
n3_TS,n3,TS,tai20_20_09.F.15_01,22,1575.0,1778.0,1676.5
n3_TS,n3,TS,tai20_20_09.F.15_01,23,1571.0,1772.0,1671.5
n3_TS,n3,TS,tai20_20_09.F.15_01,24,1584.0,1773.0,1678.5
n3_TS,n3,TS,tai20_20_09.F.15_01,25,1576.0,1804.0,1690.0
n3_TS,n3,TS,tai20_20_09.F.15_01,26,1592.0,1786.0,1689.0
n3_TS,n3,TS,tai20_20_09.F.15_01,27,1570.0,1750.0,1660.0
n3_TS,n3,TS,tai20_20_09.F.15_01,28,1590.0,1776.0,1683.0
n3_TS,n3,TS,tai20_20_09.F.15_01,29,1572.0,1761.0,1666.5
n3_TS,n3,TS,tai20_20_09.F.15_01,30,1570.0,1762.0,1666.0
n3_TS,n3,TS,tai20_20_10.F.15_01,1,1548.0,1767.0,1657.5
n3_TS,n3,TS,tai20_20_10.F.15_01,2,1547.0,1761.0,1654.0
n3_TS,n3,TS,tai20_20_10.F.15_01,3,1529.0,1765.0,1647.0
n3_TS,n3,TS,tai20_20_10.F.15_01,4,1548.0,1769.0,1658.5
n3_TS,n3,TS,tai20_20_10.F.15_01,5,1557.0,1761.0,1659.0
n3_TS,n3,TS,tai20_20_10.F.15_01,6,1569.0,1738.0,1653.5
n3_TS,n3,TS,tai20_20_10.F.15_01,7,1538.0,1735.0,1636.5
n3_TS,n3,TS,tai20_20_10.F.15_01,8,1581.0,1761.0,1671.0
n3_TS,n3,TS,tai20_20_10.F.15_01,9,1564.0,1737.0,1650.5
n3_TS,n3,TS,tai20_20_10.F.15_01,10,1547.0,1744.0,1645.5
n3_TS,n3,TS,tai20_20_10.F.15_01,11,1556.0,1759.0,1657.5
n3_TS,n3,TS,tai20_20_10.F.15_01,12,1536.0,1777.0,1656.5
n3_TS,n3,TS,tai20_20_10.F.15_01,13,1541.0,1760.0,1650.5
n3_TS,n3,TS,tai20_20_10.F.15_01,14,1540.0,1769.0,1654.5
n3_TS,n3,TS,tai20_20_10.F.15_01,15,1557.0,1774.0,1665.5
n3_TS,n3,TS,tai20_20_10.F.15_01,16,1552.0,1746.0,1649.0
n3_TS,n3,TS,tai20_20_10.F.15_01,17,1549.0,1768.0,1658.5
n3_TS,n3,TS,tai20_20_10.F.15_01,18,1550.0,1754.0,1652.0
n3_TS,n3,TS,tai20_20_10.F.15_01,19,1552.0,1750.0,1651.0
n3_TS,n3,TS,tai20_20_10.F.15_01,20,1556.0,1769.0,1662.5
n3_TS,n3,TS,tai20_20_10.F.15_01,21,1613.0,1750.0,1681.5
n3_TS,n3,TS,tai20_20_10.F.15_01,22,1586.0,1783.0,1684.5
n3_TS,n3,TS,tai20_20_10.F.15_01,23,1568.0,1759.0,1663.5
n3_TS,n3,TS,tai20_20_10.F.15_01,24,1596.0,1753.0,1674.5
n3_TS,n3,TS,tai20_20_10.F.15_01,25,1540.0,1763.0,1651.5
n3_TS,n3,TS,tai20_20_10.F.15_01,26,1566.0,1768.0,1667.0
n3_TS,n3,TS,tai20_20_10.F.15_01,27,1555.0,1768.0,1661.5
n3_TS,n3,TS,tai20_20_10.F.15_01,28,1527.0,1746.0,1636.5
n3_TS,n3,TS,tai20_20_10.F.15_01,29,1552.0,1752.0,1652.0
n3_TS,n3,TS,tai20_20_10.F.15_01,30,1583.0,1756.0,1669.5
n3_TS,n3,TS,tai30_15_01.F.15_01,1,1758.0,2010.0,1884.0
n3_TS,n3,TS,tai30_15_01.F.15_01,2,1778.0,2014.0,1896.0
n3_TS,n3,TS,tai30_15_01.F.15_01,3,1719.0,1948.0,1833.5
n3_TS,n3,TS,tai30_15_01.F.15_01,4,1741.0,1988.0,1864.5
n3_TS,n3,TS,tai30_15_01.F.15_01,5,1715.0,1948.0,1831.5
n3_TS,n3,TS,tai30_15_01.F.15_01,6,1748.0,1982.0,1865.0
n3_TS,n3,TS,tai30_15_01.F.15_01,7,1753.0,1987.0,1870.0
n3_TS,n3,TS,tai30_15_01.F.15_01,8,1728.0,1964.0,1846.0
n3_TS,n3,TS,tai30_15_01.F.15_01,9,1762.0,1973.0,1867.5
n3_TS,n3,TS,tai30_15_01.F.15_01,10,1690.0,1931.0,1810.5
n3_TS,n3,TS,tai30_15_01.F.15_01,11,1717.0,1956.0,1836.5
n3_TS,n3,TS,tai30_15_01.F.15_01,12,1719.0,1936.0,1827.5
n3_TS,n3,TS,tai30_15_01.F.15_01,13,1722.0,1965.0,1843.5
n3_TS,n3,TS,tai30_15_01.F.15_01,14,1756.0,1974.0,1865.0
n3_TS,n3,TS,tai30_15_01.F.15_01,15,1748.0,1975.0,1861.5
n3_TS,n3,TS,tai30_15_01.F.15_01,16,1791.0,2027.0,1909.0
n3_TS,n3,TS,tai30_15_01.F.15_01,17,1722.0,1962.0,1842.0
n3_TS,n3,TS,tai30_15_01.F.15_01,18,1744.0,1979.0,1861.5
n3_TS,n3,TS,tai30_15_01.F.15_01,19,1759.0,1989.0,1874.0
n3_TS,n3,TS,tai30_15_01.F.15_01,20,1726.0,1974.0,1850.0
n3_TS,n3,TS,tai30_15_01.F.15_01,21,1736.0,1952.0,1844.0
n3_TS,n3,TS,tai30_15_01.F.15_01,22,1719.0,1958.0,1838.5
n3_TS,n3,TS,tai30_15_01.F.15_01,23,1749.0,1968.0,1858.5
n3_TS,n3,TS,tai30_15_01.F.15_01,24,1727.0,1952.0,1839.5
n3_TS,n3,TS,tai30_15_01.F.15_01,25,1763.0,1993.0,1878.0
n3_TS,n3,TS,tai30_15_01.F.15_01,26,1723.0,1977.0,1850.0
n3_TS,n3,TS,tai30_15_01.F.15_01,27,1785.0,2000.0,1892.5
n3_TS,n3,TS,tai30_15_01.F.15_01,28,1738.0,1978.0,1858.0
n3_TS,n3,TS,tai30_15_01.F.15_01,29,1732.0,1966.0,1849.0
n3_TS,n3,TS,tai30_15_01.F.15_01,30,1770.0,1989.0,1879.5
n3_TS,n3,TS,tai30_15_02.F.15_01,1,1765.0,2056.0,1910.5
n3_TS,n3,TS,tai30_15_02.F.15_01,2,1748.0,2054.0,1901.0
n3_TS,n3,TS,tai30_15_02.F.15_01,3,1792.0,2069.0,1930.5
n3_TS,n3,TS,tai30_15_02.F.15_01,4,1777.0,2071.0,1924.0
n3_TS,n3,TS,tai30_15_02.F.15_01,5,1808.0,2064.0,1936.0
n3_TS,n3,TS,tai30_15_02.F.15_01,6,1755.0,2063.0,1909.0
n3_TS,n3,TS,tai30_15_02.F.15_01,7,1863.0,2157.0,2010.0
n3_TS,n3,TS,tai30_15_02.F.15_01,8,1758.0,2060.0,1909.0
n3_TS,n3,TS,tai30_15_02.F.15_01,9,1803.0,2089.0,1946.0
n3_TS,n3,TS,tai30_15_02.F.15_01,10,1742.0,2047.0,1894.5
n3_TS,n3,TS,tai30_15_02.F.15_01,11,1813.0,2080.0,1946.5
n3_TS,n3,TS,tai30_15_02.F.15_01,12,1782.0,2076.0,1929.0
n3_TS,n3,TS,tai30_15_02.F.15_01,13,1799.0,2052.0,1925.5
n3_TS,n3,TS,tai30_15_02.F.15_01,14,1767.0,2058.0,1912.5
n3_TS,n3,TS,tai30_15_02.F.15_01,15,1795.0,2058.0,1926.5
n3_TS,n3,TS,tai30_15_02.F.15_01,16,1793.0,2059.0,1926.0
n3_TS,n3,TS,tai30_15_02.F.15_01,17,1751.0,2047.0,1899.0
n3_TS,n3,TS,tai30_15_02.F.15_01,18,1771.0,2085.0,1928.0
n3_TS,n3,TS,tai30_15_02.F.15_01,19,1772.0,2065.0,1918.5
n3_TS,n3,TS,tai30_15_02.F.15_01,20,1784.0,2067.0,1925.5
n3_TS,n3,TS,tai30_15_02.F.15_01,21,1783.0,2068.0,1925.5
n3_TS,n3,TS,tai30_15_02.F.15_01,22,1741.0,2040.0,1890.5
n3_TS,n3,TS,tai30_15_02.F.15_01,23,1833.0,2111.0,1972.0
n3_TS,n3,TS,tai30_15_02.F.15_01,24,1796.0,2075.0,1935.5
n3_TS,n3,TS,tai30_15_02.F.15_01,25,1801.0,2075.0,1938.0
n3_TS,n3,TS,tai30_15_02.F.15_01,26,1780.0,2049.0,1914.5
n3_TS,n3,TS,tai30_15_02.F.15_01,27,1793.0,2085.0,1939.0
n3_TS,n3,TS,tai30_15_02.F.15_01,28,1749.0,2021.0,1885.0
n3_TS,n3,TS,tai30_15_02.F.15_01,29,1768.0,2056.0,1912.0
n3_TS,n3,TS,tai30_15_02.F.15_01,30,1782.0,2049.0,1915.5
n3_TS,n3,TS,tai30_15_03.F.15_01,1,1742.0,2038.0,1890.0
n3_TS,n3,TS,tai30_15_03.F.15_01,2,1779.0,2019.0,1899.0
n3_TS,n3,TS,tai30_15_03.F.15_01,3,1818.0,2072.0,1945.0
n3_TS,n3,TS,tai30_15_03.F.15_01,4,1767.0,2028.0,1897.5
n3_TS,n3,TS,tai30_15_03.F.15_01,5,1800.0,2072.0,1936.0
n3_TS,n3,TS,tai30_15_03.F.15_01,6,1783.0,2054.0,1918.5
n3_TS,n3,TS,tai30_15_03.F.15_01,7,1761.0,2040.0,1900.5
n3_TS,n3,TS,tai30_15_03.F.15_01,8,1754.0,2028.0,1891.0
n3_TS,n3,TS,tai30_15_03.F.15_01,9,1771.0,2036.0,1903.5
n3_TS,n3,TS,tai30_15_03.F.15_01,10,1777.0,2072.0,1924.5
n3_TS,n3,TS,tai30_15_03.F.15_01,11,1777.0,2061.0,1919.0
n3_TS,n3,TS,tai30_15_03.F.15_01,12,1779.0,2070.0,1924.5
n3_TS,n3,TS,tai30_15_03.F.15_01,13,1794.0,2081.0,1937.5
n3_TS,n3,TS,tai30_15_03.F.15_01,14,1763.0,2048.0,1905.5
n3_TS,n3,TS,tai30_15_03.F.15_01,15,1781.0,2040.0,1910.5
n3_TS,n3,TS,tai30_15_03.F.15_01,16,1780.0,2098.0,1939.0
n3_TS,n3,TS,tai30_15_03.F.15_01,17,1780.0,2048.0,1914.0
n3_TS,n3,TS,tai30_15_03.F.15_01,18,1809.0,2083.0,1946.0
n3_TS,n3,TS,tai30_15_03.F.15_01,19,1781.0,2045.0,1913.0
n3_TS,n3,TS,tai30_15_03.F.15_01,20,1785.0,2048.0,1916.5
n3_TS,n3,TS,tai30_15_03.F.15_01,21,1774.0,2053.0,1913.5
n3_TS,n3,TS,tai30_15_03.F.15_01,22,1764.0,2051.0,1907.5
n3_TS,n3,TS,tai30_15_03.F.15_01,23,1776.0,2071.0,1923.5
n3_TS,n3,TS,tai30_15_03.F.15_01,24,1787.0,2061.0,1924.0
n3_TS,n3,TS,tai30_15_03.F.15_01,25,1745.0,2017.0,1881.0
n3_TS,n3,TS,tai30_15_03.F.15_01,26,1766.0,2048.0,1907.0
n3_TS,n3,TS,tai30_15_03.F.15_01,27,1802.0,2064.0,1933.0
n3_TS,n3,TS,tai30_15_03.F.15_01,28,1781.0,2045.0,1913.0
n3_TS,n3,TS,tai30_15_03.F.15_01,29,1769.0,2032.0,1900.5
n3_TS,n3,TS,tai30_15_03.F.15_01,30,1788.0,2047.0,1917.5
n3_TS,n3,TS,tai30_15_04.F.15_01,1,1813.0,2081.0,1947.0
n3_TS,n3,TS,tai30_15_04.F.15_01,2,1825.0,2081.0,1953.0
n3_TS,n3,TS,tai30_15_04.F.15_01,3,1801.0,2083.0,1942.0
n3_TS,n3,TS,tai30_15_04.F.15_01,4,1845.0,2083.0,1964.0
n3_TS,n3,TS,tai30_15_04.F.15_01,5,1828.0,2081.0,1954.5
n3_TS,n3,TS,tai30_15_04.F.15_01,6,1803.0,2081.0,1942.0
n3_TS,n3,TS,tai30_15_04.F.15_01,7,1843.0,2083.0,1963.0
n3_TS,n3,TS,tai30_15_04.F.15_01,8,1807.0,2083.0,1945.0
n3_TS,n3,TS,tai30_15_04.F.15_01,9,1845.0,2109.0,1977.0
n3_TS,n3,TS,tai30_15_04.F.15_01,10,1859.0,2099.0,1979.0
n3_TS,n3,TS,tai30_15_04.F.15_01,11,1803.0,2081.0,1942.0
n3_TS,n3,TS,tai30_15_04.F.15_01,12,1794.0,2082.0,1938.0
n3_TS,n3,TS,tai30_15_04.F.15_01,13,1833.0,2083.0,1958.0
n3_TS,n3,TS,tai30_15_04.F.15_01,14,1815.0,2060.0,1937.5
n3_TS,n3,TS,tai30_15_04.F.15_01,15,1818.0,2083.0,1950.5
n3_TS,n3,TS,tai30_15_04.F.15_01,16,1830.0,2085.0,1957.5
n3_TS,n3,TS,tai30_15_04.F.15_01,17,1843.0,2082.0,1962.5
n3_TS,n3,TS,tai30_15_04.F.15_01,18,1833.0,2089.0,1961.0
n3_TS,n3,TS,tai30_15_04.F.15_01,19,1818.0,2082.0,1950.0
n3_TS,n3,TS,tai30_15_04.F.15_01,20,1805.0,2080.0,1942.5
n3_TS,n3,TS,tai30_15_04.F.15_01,21,1853.0,2089.0,1971.0
n3_TS,n3,TS,tai30_15_04.F.15_01,22,1826.0,2082.0,1954.0
n3_TS,n3,TS,tai30_15_04.F.15_01,23,1796.0,2082.0,1939.0
n3_TS,n3,TS,tai30_15_04.F.15_01,24,1793.0,2083.0,1938.0
n3_TS,n3,TS,tai30_15_04.F.15_01,25,1790.0,2055.0,1922.5
n3_TS,n3,TS,tai30_15_04.F.15_01,26,1841.0,2081.0,1961.0
n3_TS,n3,TS,tai30_15_04.F.15_01,27,1828.0,2082.0,1955.0
n3_TS,n3,TS,tai30_15_04.F.15_01,28,1864.0,2109.0,1986.5
n3_TS,n3,TS,tai30_15_04.F.15_01,29,1817.0,2083.0,1950.0
n3_TS,n3,TS,tai30_15_04.F.15_01,30,1843.0,2083.0,1963.0
n3_TS,n3,TS,tai30_15_05.F.15_01,1,1868.0,2187.0,2027.5
n3_TS,n3,TS,tai30_15_05.F.15_01,2,1867.0,2191.0,2029.0
n3_TS,n3,TS,tai30_15_05.F.15_01,3,1867.0,2191.0,2029.0
n3_TS,n3,TS,tai30_15_05.F.15_01,4,1854.0,2176.0,2015.0
n3_TS,n3,TS,tai30_15_05.F.15_01,5,1879.0,2203.0,2041.0
n3_TS,n3,TS,tai30_15_05.F.15_01,6,1856.0,2167.0,2011.5
n3_TS,n3,TS,tai30_15_05.F.15_01,7,1855.0,2176.0,2015.5
n3_TS,n3,TS,tai30_15_05.F.15_01,8,1867.0,2191.0,2029.0
n3_TS,n3,TS,tai30_15_05.F.15_01,9,1867.0,2191.0,2029.0
n3_TS,n3,TS,tai30_15_05.F.15_01,10,1854.0,2176.0,2015.0
n3_TS,n3,TS,tai30_15_05.F.15_01,11,1879.0,2203.0,2041.0
n3_TS,n3,TS,tai30_15_05.F.15_01,12,1880.0,2191.0,2035.5
n3_TS,n3,TS,tai30_15_05.F.15_01,13,1857.0,2177.0,2017.0
n3_TS,n3,TS,tai30_15_05.F.15_01,14,1878.0,2191.0,2034.5
n3_TS,n3,TS,tai30_15_05.F.15_01,15,1879.0,2199.0,2039.0
n3_TS,n3,TS,tai30_15_05.F.15_01,16,1910.0,2206.0,2058.0
n3_TS,n3,TS,tai30_15_05.F.15_01,17,1879.0,2203.0,2041.0
n3_TS,n3,TS,tai30_15_05.F.15_01,18,1881.0,2191.0,2036.0
n3_TS,n3,TS,tai30_15_05.F.15_01,19,1906.0,2196.0,2051.0
n3_TS,n3,TS,tai30_15_05.F.15_01,20,1860.0,2167.0,2013.5
n3_TS,n3,TS,tai30_15_05.F.15_01,21,1854.0,2188.0,2021.0
n3_TS,n3,TS,tai30_15_05.F.15_01,22,1854.0,2176.0,2015.0
n3_TS,n3,TS,tai30_15_05.F.15_01,23,1899.0,2203.0,2051.0
n3_TS,n3,TS,tai30_15_05.F.15_01,24,1867.0,2191.0,2029.0
n3_TS,n3,TS,tai30_15_05.F.15_01,25,1914.0,2192.0,2053.0
n3_TS,n3,TS,tai30_15_05.F.15_01,26,1879.0,2199.0,2039.0
n3_TS,n3,TS,tai30_15_05.F.15_01,27,1866.0,2188.0,2027.0
n3_TS,n3,TS,tai30_15_05.F.15_01,28,1895.0,2199.0,2047.0
n3_TS,n3,TS,tai30_15_05.F.15_01,29,1873.0,2191.0,2032.0
n3_TS,n3,TS,tai30_15_05.F.15_01,30,1872.0,2196.0,2034.0
n3_TS,n3,TS,tai30_15_06.F.15_01,1,1795.0,2072.0,1933.5
n3_TS,n3,TS,tai30_15_06.F.15_01,2,1809.0,2044.0,1926.5
n3_TS,n3,TS,tai30_15_06.F.15_01,3,1795.0,2075.0,1935.0
n3_TS,n3,TS,tai30_15_06.F.15_01,4,1795.0,2071.0,1933.0
n3_TS,n3,TS,tai30_15_06.F.15_01,5,1763.0,2033.0,1898.0
n3_TS,n3,TS,tai30_15_06.F.15_01,6,1770.0,2021.0,1895.5
n3_TS,n3,TS,tai30_15_06.F.15_01,7,1794.0,2050.0,1922.0
n3_TS,n3,TS,tai30_15_06.F.15_01,8,1815.0,2061.0,1938.0
n3_TS,n3,TS,tai30_15_06.F.15_01,9,1804.0,2081.0,1942.5
n3_TS,n3,TS,tai30_15_06.F.15_01,10,1778.0,2056.0,1917.0
n3_TS,n3,TS,tai30_15_06.F.15_01,11,1842.0,2111.0,1976.5
n3_TS,n3,TS,tai30_15_06.F.15_01,12,1796.0,2068.0,1932.0
n3_TS,n3,TS,tai30_15_06.F.15_01,13,1779.0,2036.0,1907.5
n3_TS,n3,TS,tai30_15_06.F.15_01,14,1777.0,2054.0,1915.5
n3_TS,n3,TS,tai30_15_06.F.15_01,15,1836.0,2091.0,1963.5
n3_TS,n3,TS,tai30_15_06.F.15_01,16,1796.0,2060.0,1928.0
n3_TS,n3,TS,tai30_15_06.F.15_01,17,1784.0,2057.0,1920.5
n3_TS,n3,TS,tai30_15_06.F.15_01,18,1791.0,2052.0,1921.5
n3_TS,n3,TS,tai30_15_06.F.15_01,19,1811.0,2072.0,1941.5
n3_TS,n3,TS,tai30_15_06.F.15_01,20,1802.0,2041.0,1921.5
n3_TS,n3,TS,tai30_15_06.F.15_01,21,1791.0,2052.0,1921.5
n3_TS,n3,TS,tai30_15_06.F.15_01,22,1789.0,2064.0,1926.5
n3_TS,n3,TS,tai30_15_06.F.15_01,23,1798.0,2047.0,1922.5
n3_TS,n3,TS,tai30_15_06.F.15_01,24,1821.0,2069.0,1945.0
n3_TS,n3,TS,tai30_15_06.F.15_01,25,1845.0,2102.0,1973.5
n3_TS,n3,TS,tai30_15_06.F.15_01,26,1754.0,2048.0,1901.0
n3_TS,n3,TS,tai30_15_06.F.15_01,27,1793.0,2071.0,1932.0
n3_TS,n3,TS,tai30_15_06.F.15_01,28,1825.0,2086.0,1955.5
n3_TS,n3,TS,tai30_15_06.F.15_01,29,1786.0,2054.0,1920.0
n3_TS,n3,TS,tai30_15_06.F.15_01,30,1803.0,2078.0,1940.5
n3_TS,n3,TS,tai30_15_07.F.15_01,1,1760.0,2042.0,1901.0
n3_TS,n3,TS,tai30_15_07.F.15_01,2,1786.0,2007.0,1896.5
n3_TS,n3,TS,tai30_15_07.F.15_01,3,1743.0,2004.0,1873.5
n3_TS,n3,TS,tai30_15_07.F.15_01,4,1742.0,2007.0,1874.5
n3_TS,n3,TS,tai30_15_07.F.15_01,5,1712.0,1992.0,1852.0
n3_TS,n3,TS,tai30_15_07.F.15_01,6,1726.0,2001.0,1863.5
n3_TS,n3,TS,tai30_15_07.F.15_01,7,1720.0,1991.0,1855.5
n3_TS,n3,TS,tai30_15_07.F.15_01,8,1729.0,2016.0,1872.5
n3_TS,n3,TS,tai30_15_07.F.15_01,9,1708.0,1996.0,1852.0
n3_TS,n3,TS,tai30_15_07.F.15_01,10,1755.0,2056.0,1905.5
n3_TS,n3,TS,tai30_15_07.F.15_01,11,1733.0,2026.0,1879.5
n3_TS,n3,TS,tai30_15_07.F.15_01,12,1750.0,2026.0,1888.0
n3_TS,n3,TS,tai30_15_07.F.15_01,13,1745.0,2017.0,1881.0
n3_TS,n3,TS,tai30_15_07.F.15_01,14,1734.0,2016.0,1875.0
n3_TS,n3,TS,tai30_15_07.F.15_01,15,1720.0,2009.0,1864.5
n3_TS,n3,TS,tai30_15_07.F.15_01,16,1729.0,2005.0,1867.0
n3_TS,n3,TS,tai30_15_07.F.15_01,17,1738.0,1999.0,1868.5
n3_TS,n3,TS,tai30_15_07.F.15_01,18,1722.0,1995.0,1858.5
n3_TS,n3,TS,tai30_15_07.F.15_01,19,1733.0,2006.0,1869.5
n3_TS,n3,TS,tai30_15_07.F.15_01,20,1745.0,1991.0,1868.0
n3_TS,n3,TS,tai30_15_07.F.15_01,21,1721.0,1987.0,1854.0
n3_TS,n3,TS,tai30_15_07.F.15_01,22,1726.0,1996.0,1861.0
n3_TS,n3,TS,tai30_15_07.F.15_01,23,1724.0,1993.0,1858.5
n3_TS,n3,TS,tai30_15_07.F.15_01,24,1773.0,2052.0,1912.5
n3_TS,n3,TS,tai30_15_07.F.15_01,25,1776.0,2017.0,1896.5
n3_TS,n3,TS,tai30_15_07.F.15_01,26,1742.0,2001.0,1871.5
n3_TS,n3,TS,tai30_15_07.F.15_01,27,1738.0,2016.0,1877.0
n3_TS,n3,TS,tai30_15_07.F.15_01,28,1724.0,2010.0,1867.0
n3_TS,n3,TS,tai30_15_07.F.15_01,29,1734.0,2019.0,1876.5
n3_TS,n3,TS,tai30_15_07.F.15_01,30,1767.0,2031.0,1899.0
n3_TS,n3,TS,tai30_15_08.F.15_01,1,1666.0,1958.0,1812.0
n3_TS,n3,TS,tai30_15_08.F.15_01,2,1651.0,1883.0,1767.0
n3_TS,n3,TS,tai30_15_08.F.15_01,3,1654.0,1887.0,1770.5
n3_TS,n3,TS,tai30_15_08.F.15_01,4,1665.0,1901.0,1783.0
n3_TS,n3,TS,tai30_15_08.F.15_01,5,1638.0,1905.0,1771.5
n3_TS,n3,TS,tai30_15_08.F.15_01,6,1661.0,1911.0,1786.0
n3_TS,n3,TS,tai30_15_08.F.15_01,7,1695.0,1941.0,1818.0
n3_TS,n3,TS,tai30_15_08.F.15_01,8,1652.0,1885.0,1768.5
n3_TS,n3,TS,tai30_15_08.F.15_01,9,1658.0,1899.0,1778.5
n3_TS,n3,TS,tai30_15_08.F.15_01,10,1677.0,1925.0,1801.0
n3_TS,n3,TS,tai30_15_08.F.15_01,11,1666.0,1932.0,1799.0
n3_TS,n3,TS,tai30_15_08.F.15_01,12,1635.0,1907.0,1771.0
n3_TS,n3,TS,tai30_15_08.F.15_01,13,1692.0,1916.0,1804.0
n3_TS,n3,TS,tai30_15_08.F.15_01,14,1676.0,1911.0,1793.5
n3_TS,n3,TS,tai30_15_08.F.15_01,15,1659.0,1896.0,1777.5
n3_TS,n3,TS,tai30_15_08.F.15_01,16,1660.0,1911.0,1785.5
n3_TS,n3,TS,tai30_15_08.F.15_01,17,1663.0,1934.0,1798.5
n3_TS,n3,TS,tai30_15_08.F.15_01,18,1647.0,1931.0,1789.0
n3_TS,n3,TS,tai30_15_08.F.15_01,19,1693.0,1897.0,1795.0
n3_TS,n3,TS,tai30_15_08.F.15_01,20,1670.0,1901.0,1785.5
n3_TS,n3,TS,tai30_15_08.F.15_01,21,1625.0,1915.0,1770.0
n3_TS,n3,TS,tai30_15_08.F.15_01,22,1671.0,1930.0,1800.5
n3_TS,n3,TS,tai30_15_08.F.15_01,23,1651.0,1935.0,1793.0
n3_TS,n3,TS,tai30_15_08.F.15_01,24,1694.0,1921.0,1807.5
n3_TS,n3,TS,tai30_15_08.F.15_01,25,1700.0,1949.0,1824.5
n3_TS,n3,TS,tai30_15_08.F.15_01,26,1644.0,1934.0,1789.0
n3_TS,n3,TS,tai30_15_08.F.15_01,27,1670.0,1901.0,1785.5
n3_TS,n3,TS,tai30_15_08.F.15_01,28,1645.0,1913.0,1779.0
n3_TS,n3,TS,tai30_15_08.F.15_01,29,1673.0,1913.0,1793.0
n3_TS,n3,TS,tai30_15_08.F.15_01,30,1636.0,1897.0,1766.5
n3_TS,n3,TS,tai30_15_09.F.15_01,1,1750.0,1993.0,1871.5
n3_TS,n3,TS,tai30_15_09.F.15_01,2,1741.0,1986.0,1863.5
n3_TS,n3,TS,tai30_15_09.F.15_01,3,1777.0,2015.0,1896.0
n3_TS,n3,TS,tai30_15_09.F.15_01,4,1763.0,2018.0,1890.5
n3_TS,n3,TS,tai30_15_09.F.15_01,5,1779.0,2033.0,1906.0
n3_TS,n3,TS,tai30_15_09.F.15_01,6,1777.0,2023.0,1900.0
n3_TS,n3,TS,tai30_15_09.F.15_01,7,1785.0,2019.0,1902.0
n3_TS,n3,TS,tai30_15_09.F.15_01,8,1763.0,2008.0,1885.5
n3_TS,n3,TS,tai30_15_09.F.15_01,9,1779.0,2025.0,1902.0
n3_TS,n3,TS,tai30_15_09.F.15_01,10,1793.0,2025.0,1909.0
n3_TS,n3,TS,tai30_15_09.F.15_01,11,1772.0,1996.0,1884.0
n3_TS,n3,TS,tai30_15_09.F.15_01,12,1751.0,1991.0,1871.0
n3_TS,n3,TS,tai30_15_09.F.15_01,13,1732.0,1966.0,1849.0
n3_TS,n3,TS,tai30_15_09.F.15_01,14,1757.0,1986.0,1871.5
n3_TS,n3,TS,tai30_15_09.F.15_01,15,1768.0,2030.0,1899.0
n3_TS,n3,TS,tai30_15_09.F.15_01,16,1798.0,2037.0,1917.5
n3_TS,n3,TS,tai30_15_09.F.15_01,17,1742.0,1984.0,1863.0
n3_TS,n3,TS,tai30_15_09.F.15_01,18,1749.0,2015.0,1882.0
n3_TS,n3,TS,tai30_15_09.F.15_01,19,1759.0,1987.0,1873.0
n3_TS,n3,TS,tai30_15_09.F.15_01,20,1802.0,2020.0,1911.0
n3_TS,n3,TS,tai30_15_09.F.15_01,21,1795.0,2029.0,1912.0
n3_TS,n3,TS,tai30_15_09.F.15_01,22,1764.0,1995.0,1879.5
n3_TS,n3,TS,tai30_15_09.F.15_01,23,1756.0,2017.0,1886.5
n3_TS,n3,TS,tai30_15_09.F.15_01,24,1782.0,2001.0,1891.5
n3_TS,n3,TS,tai30_15_09.F.15_01,25,1772.0,2029.0,1900.5
n3_TS,n3,TS,tai30_15_09.F.15_01,26,1770.0,2006.0,1888.0
n3_TS,n3,TS,tai30_15_09.F.15_01,27,1763.0,1993.0,1878.0
n3_TS,n3,TS,tai30_15_09.F.15_01,28,1784.0,2046.0,1915.0
n3_TS,n3,TS,tai30_15_09.F.15_01,29,1779.0,2004.0,1891.5
n3_TS,n3,TS,tai30_15_09.F.15_01,30,1744.0,2007.0,1875.5
n3_TS,n3,TS,tai30_15_10.F.15_01,1,1691.0,1925.0,1808.0
n3_TS,n3,TS,tai30_15_10.F.15_01,2,1707.0,1905.0,1806.0
n3_TS,n3,TS,tai30_15_10.F.15_01,3,1716.0,1939.0,1827.5
n3_TS,n3,TS,tai30_15_10.F.15_01,4,1677.0,1898.0,1787.5
n3_TS,n3,TS,tai30_15_10.F.15_01,5,1720.0,1924.0,1822.0
n3_TS,n3,TS,tai30_15_10.F.15_01,6,1712.0,1948.0,1830.0
n3_TS,n3,TS,tai30_15_10.F.15_01,7,1685.0,1884.0,1784.5
n3_TS,n3,TS,tai30_15_10.F.15_01,8,1717.0,1925.0,1821.0
n3_TS,n3,TS,tai30_15_10.F.15_01,9,1678.0,1932.0,1805.0
n3_TS,n3,TS,tai30_15_10.F.15_01,10,1687.0,1915.0,1801.0
n3_TS,n3,TS,tai30_15_10.F.15_01,11,1723.0,1962.0,1842.5
n3_TS,n3,TS,tai30_15_10.F.15_01,12,1689.0,1924.0,1806.5
n3_TS,n3,TS,tai30_15_10.F.15_01,13,1697.0,1893.0,1795.0
n3_TS,n3,TS,tai30_15_10.F.15_01,14,1713.0,1928.0,1820.5
n3_TS,n3,TS,tai30_15_10.F.15_01,15,1682.0,1909.0,1795.5
n3_TS,n3,TS,tai30_15_10.F.15_01,16,1678.0,1905.0,1791.5
n3_TS,n3,TS,tai30_15_10.F.15_01,17,1721.0,1953.0,1837.0
n3_TS,n3,TS,tai30_15_10.F.15_01,18,1662.0,1876.0,1769.0
n3_TS,n3,TS,tai30_15_10.F.15_01,19,1711.0,1935.0,1823.0
n3_TS,n3,TS,tai30_15_10.F.15_01,20,1712.0,1910.0,1811.0
n3_TS,n3,TS,tai30_15_10.F.15_01,21,1674.0,1901.0,1787.5
n3_TS,n3,TS,tai30_15_10.F.15_01,22,1704.0,1924.0,1814.0
n3_TS,n3,TS,tai30_15_10.F.15_01,23,1663.0,1894.0,1778.5
n3_TS,n3,TS,tai30_15_10.F.15_01,24,1709.0,1952.0,1830.5
n3_TS,n3,TS,tai30_15_10.F.15_01,25,1684.0,1912.0,1798.0
n3_TS,n3,TS,tai30_15_10.F.15_01,26,1707.0,1908.0,1807.5
n3_TS,n3,TS,tai30_15_10.F.15_01,27,1715.0,1955.0,1835.0
n3_TS,n3,TS,tai30_15_10.F.15_01,28,1690.0,1935.0,1812.5
n3_TS,n3,TS,tai30_15_10.F.15_01,29,1685.0,1913.0,1799.0
n3_TS,n3,TS,tai30_15_10.F.15_01,30,1704.0,1919.0,1811.5
n3_TS,n3,TS,tai30_20_01.F.15_01,1,2104.0,2370.0,2237.0
n3_TS,n3,TS,tai30_20_01.F.15_01,2,2040.0,2326.0,2183.0
n3_TS,n3,TS,tai30_20_01.F.15_01,3,2089.0,2377.0,2233.0
n3_TS,n3,TS,tai30_20_01.F.15_01,4,2059.0,2314.0,2186.5
n3_TS,n3,TS,tai30_20_01.F.15_01,5,2041.0,2329.0,2185.0
n3_TS,n3,TS,tai30_20_01.F.15_01,6,2014.0,2300.0,2157.0
n3_TS,n3,TS,tai30_20_01.F.15_01,7,2056.0,2340.0,2198.0
n3_TS,n3,TS,tai30_20_01.F.15_01,8,2087.0,2368.0,2227.5
n3_TS,n3,TS,tai30_20_01.F.15_01,9,2038.0,2309.0,2173.5
n3_TS,n3,TS,tai30_20_01.F.15_01,10,2072.0,2322.0,2197.0
n3_TS,n3,TS,tai30_20_01.F.15_01,11,2076.0,2358.0,2217.0
n3_TS,n3,TS,tai30_20_01.F.15_01,12,2096.0,2378.0,2237.0
n3_TS,n3,TS,tai30_20_01.F.15_01,13,2076.0,2360.0,2218.0
n3_TS,n3,TS,tai30_20_01.F.15_01,14,2052.0,2334.0,2193.0
n3_TS,n3,TS,tai30_20_01.F.15_01,15,2103.0,2385.0,2244.0
n3_TS,n3,TS,tai30_20_01.F.15_01,16,2030.0,2324.0,2177.0
n3_TS,n3,TS,tai30_20_01.F.15_01,17,2075.0,2361.0,2218.0
n3_TS,n3,TS,tai30_20_01.F.15_01,18,2079.0,2359.0,2219.0
n3_TS,n3,TS,tai30_20_01.F.15_01,19,2091.0,2379.0,2235.0
n3_TS,n3,TS,tai30_20_01.F.15_01,20,2078.0,2372.0,2225.0
n3_TS,n3,TS,tai30_20_01.F.15_01,21,2078.0,2359.0,2218.5
n3_TS,n3,TS,tai30_20_01.F.15_01,22,2067.0,2335.0,2201.0
n3_TS,n3,TS,tai30_20_01.F.15_01,23,2055.0,2348.0,2201.5
n3_TS,n3,TS,tai30_20_01.F.15_01,24,2086.0,2369.0,2227.5
n3_TS,n3,TS,tai30_20_01.F.15_01,25,2048.0,2324.0,2186.0
n3_TS,n3,TS,tai30_20_01.F.15_01,26,2050.0,2345.0,2197.5
n3_TS,n3,TS,tai30_20_01.F.15_01,27,2050.0,2336.0,2193.0
n3_TS,n3,TS,tai30_20_01.F.15_01,28,2029.0,2303.0,2166.0
n3_TS,n3,TS,tai30_20_01.F.15_01,29,2075.0,2365.0,2220.0
n3_TS,n3,TS,tai30_20_01.F.15_01,30,2057.0,2339.0,2198.0
n3_TS,n3,TS,tai30_20_02.F.15_01,1,1992.0,2309.0,2150.5
n3_TS,n3,TS,tai30_20_02.F.15_01,2,1951.0,2277.0,2114.0
n3_TS,n3,TS,tai30_20_02.F.15_01,3,2003.0,2312.0,2157.5
n3_TS,n3,TS,tai30_20_02.F.15_01,4,1967.0,2248.0,2107.5
n3_TS,n3,TS,tai30_20_02.F.15_01,5,1977.0,2224.0,2100.5
n3_TS,n3,TS,tai30_20_02.F.15_01,6,1943.0,2232.0,2087.5
n3_TS,n3,TS,tai30_20_02.F.15_01,7,1945.0,2230.0,2087.5
n3_TS,n3,TS,tai30_20_02.F.15_01,8,1976.0,2279.0,2127.5
n3_TS,n3,TS,tai30_20_02.F.15_01,9,2030.0,2264.0,2147.0
n3_TS,n3,TS,tai30_20_02.F.15_01,10,1962.0,2234.0,2098.0
n3_TS,n3,TS,tai30_20_02.F.15_01,11,1999.0,2321.0,2160.0
n3_TS,n3,TS,tai30_20_02.F.15_01,12,1953.0,2267.0,2110.0
n3_TS,n3,TS,tai30_20_02.F.15_01,13,1990.0,2296.0,2143.0
n3_TS,n3,TS,tai30_20_02.F.15_01,14,1960.0,2241.0,2100.5
n3_TS,n3,TS,tai30_20_02.F.15_01,15,1947.0,2256.0,2101.5
n3_TS,n3,TS,tai30_20_02.F.15_01,16,1948.0,2244.0,2096.0
n3_TS,n3,TS,tai30_20_02.F.15_01,17,1975.0,2253.0,2114.0
n3_TS,n3,TS,tai30_20_02.F.15_01,18,2003.0,2253.0,2128.0
n3_TS,n3,TS,tai30_20_02.F.15_01,19,2055.0,2286.0,2170.5
n3_TS,n3,TS,tai30_20_02.F.15_01,20,2008.0,2269.0,2138.5
n3_TS,n3,TS,tai30_20_02.F.15_01,21,1975.0,2270.0,2122.5
n3_TS,n3,TS,tai30_20_02.F.15_01,22,2024.0,2279.0,2151.5
n3_TS,n3,TS,tai30_20_02.F.15_01,23,1979.0,2260.0,2119.5
n3_TS,n3,TS,tai30_20_02.F.15_01,24,1938.0,2230.0,2084.0
n3_TS,n3,TS,tai30_20_02.F.15_01,25,1932.0,2198.0,2065.0
n3_TS,n3,TS,tai30_20_02.F.15_01,26,1997.0,2322.0,2159.5
n3_TS,n3,TS,tai30_20_02.F.15_01,27,1984.0,2214.0,2099.0
n3_TS,n3,TS,tai30_20_02.F.15_01,28,1951.0,2239.0,2095.0
n3_TS,n3,TS,tai30_20_02.F.15_01,29,1968.0,2269.0,2118.5
n3_TS,n3,TS,tai30_20_02.F.15_01,30,2011.0,2266.0,2138.5
n3_TS,n3,TS,tai30_20_03.F.15_01,1,1877.0,2170.0,2023.5
n3_TS,n3,TS,tai30_20_03.F.15_01,2,1868.0,2161.0,2014.5
n3_TS,n3,TS,tai30_20_03.F.15_01,3,1879.0,2142.0,2010.5
n3_TS,n3,TS,tai30_20_03.F.15_01,4,1929.0,2199.0,2064.0
n3_TS,n3,TS,tai30_20_03.F.15_01,5,1907.0,2164.0,2035.5
n3_TS,n3,TS,tai30_20_03.F.15_01,6,1883.0,2117.0,2000.0
n3_TS,n3,TS,tai30_20_03.F.15_01,7,1908.0,2186.0,2047.0
n3_TS,n3,TS,tai30_20_03.F.15_01,8,1933.0,2179.0,2056.0
n3_TS,n3,TS,tai30_20_03.F.15_01,9,1907.0,2187.0,2047.0
n3_TS,n3,TS,tai30_20_03.F.15_01,10,1886.0,2152.0,2019.0
n3_TS,n3,TS,tai30_20_03.F.15_01,11,1908.0,2165.0,2036.5
n3_TS,n3,TS,tai30_20_03.F.15_01,12,1887.0,2159.0,2023.0
n3_TS,n3,TS,tai30_20_03.F.15_01,13,1899.0,2143.0,2021.0
n3_TS,n3,TS,tai30_20_03.F.15_01,14,1913.0,2181.0,2047.0
n3_TS,n3,TS,tai30_20_03.F.15_01,15,1922.0,2150.0,2036.0
n3_TS,n3,TS,tai30_20_03.F.15_01,16,1947.0,2197.0,2072.0
n3_TS,n3,TS,tai30_20_03.F.15_01,17,1920.0,2178.0,2049.0
n3_TS,n3,TS,tai30_20_03.F.15_01,18,1926.0,2190.0,2058.0
n3_TS,n3,TS,tai30_20_03.F.15_01,19,1895.0,2155.0,2025.0
n3_TS,n3,TS,tai30_20_03.F.15_01,20,1911.0,2195.0,2053.0
n3_TS,n3,TS,tai30_20_03.F.15_01,21,1978.0,2227.0,2102.5
n3_TS,n3,TS,tai30_20_03.F.15_01,22,1915.0,2204.0,2059.5
n3_TS,n3,TS,tai30_20_03.F.15_01,23,1902.0,2171.0,2036.5
n3_TS,n3,TS,tai30_20_03.F.15_01,24,1947.0,2189.0,2068.0
n3_TS,n3,TS,tai30_20_03.F.15_01,25,1901.0,2150.0,2025.5
n3_TS,n3,TS,tai30_20_03.F.15_01,26,1912.0,2163.0,2037.5
n3_TS,n3,TS,tai30_20_03.F.15_01,27,1879.0,2174.0,2026.5
n3_TS,n3,TS,tai30_20_03.F.15_01,28,1928.0,2201.0,2064.5
n3_TS,n3,TS,tai30_20_03.F.15_01,29,1904.0,2179.0,2041.5
n3_TS,n3,TS,tai30_20_03.F.15_01,30,1920.0,2166.0,2043.0
n3_TS,n3,TS,tai30_20_04.F.15_01,1,2026.0,2280.0,2153.0
n3_TS,n3,TS,tai30_20_04.F.15_01,2,2011.0,2281.0,2146.0
n3_TS,n3,TS,tai30_20_04.F.15_01,3,2019.0,2279.0,2149.0
n3_TS,n3,TS,tai30_20_04.F.15_01,4,1984.0,2226.0,2105.0
n3_TS,n3,TS,tai30_20_04.F.15_01,5,2004.0,2250.0,2127.0
n3_TS,n3,TS,tai30_20_04.F.15_01,6,1996.0,2247.0,2121.5
n3_TS,n3,TS,tai30_20_04.F.15_01,7,2023.0,2242.0,2132.5
n3_TS,n3,TS,tai30_20_04.F.15_01,8,2048.0,2294.0,2171.0
n3_TS,n3,TS,tai30_20_04.F.15_01,9,1979.0,2248.0,2113.5
n3_TS,n3,TS,tai30_20_04.F.15_01,10,2015.0,2248.0,2131.5
n3_TS,n3,TS,tai30_20_04.F.15_01,11,2041.0,2314.0,2177.5
n3_TS,n3,TS,tai30_20_04.F.15_01,12,2034.0,2290.0,2162.0
n3_TS,n3,TS,tai30_20_04.F.15_01,13,2043.0,2303.0,2173.0
n3_TS,n3,TS,tai30_20_04.F.15_01,14,2005.0,2255.0,2130.0
n3_TS,n3,TS,tai30_20_04.F.15_01,15,2056.0,2309.0,2182.5
n3_TS,n3,TS,tai30_20_04.F.15_01,16,2048.0,2307.0,2177.5
n3_TS,n3,TS,tai30_20_04.F.15_01,17,2014.0,2279.0,2146.5
n3_TS,n3,TS,tai30_20_04.F.15_01,18,2013.0,2288.0,2150.5
n3_TS,n3,TS,tai30_20_04.F.15_01,19,2029.0,2291.0,2160.0
n3_TS,n3,TS,tai30_20_04.F.15_01,20,2006.0,2262.0,2134.0
n3_TS,n3,TS,tai30_20_04.F.15_01,21,2014.0,2260.0,2137.0
n3_TS,n3,TS,tai30_20_04.F.15_01,22,1992.0,2247.0,2119.5
n3_TS,n3,TS,tai30_20_04.F.15_01,23,2041.0,2288.0,2164.5
n3_TS,n3,TS,tai30_20_04.F.15_01,24,2067.0,2295.0,2181.0
n3_TS,n3,TS,tai30_20_04.F.15_01,25,2036.0,2265.0,2150.5
n3_TS,n3,TS,tai30_20_04.F.15_01,26,2007.0,2259.0,2133.0
n3_TS,n3,TS,tai30_20_04.F.15_01,27,2001.0,2261.0,2131.0
n3_TS,n3,TS,tai30_20_04.F.15_01,28,2003.0,2245.0,2124.0
n3_TS,n3,TS,tai30_20_04.F.15_01,29,2053.0,2284.0,2168.5
n3_TS,n3,TS,tai30_20_04.F.15_01,30,2053.0,2282.0,2167.5
n3_TS,n3,TS,tai30_20_05.F.15_01,1,1981.0,2217.0,2099.0
n3_TS,n3,TS,tai30_20_05.F.15_01,2,1994.0,2230.0,2112.0
n3_TS,n3,TS,tai30_20_05.F.15_01,3,1978.0,2239.0,2108.5
n3_TS,n3,TS,tai30_20_05.F.15_01,4,1985.0,2251.0,2118.0
n3_TS,n3,TS,tai30_20_05.F.15_01,5,1995.0,2237.0,2116.0
n3_TS,n3,TS,tai30_20_05.F.15_01,6,1969.0,2227.0,2098.0
n3_TS,n3,TS,tai30_20_05.F.15_01,7,2024.0,2259.0,2141.5
n3_TS,n3,TS,tai30_20_05.F.15_01,8,2020.0,2248.0,2134.0
n3_TS,n3,TS,tai30_20_05.F.15_01,9,1958.0,2186.0,2072.0
n3_TS,n3,TS,tai30_20_05.F.15_01,10,2001.0,2269.0,2135.0
n3_TS,n3,TS,tai30_20_05.F.15_01,11,1980.0,2243.0,2111.5
n3_TS,n3,TS,tai30_20_05.F.15_01,12,2017.0,2250.0,2133.5
n3_TS,n3,TS,tai30_20_05.F.15_01,13,2002.0,2263.0,2132.5
n3_TS,n3,TS,tai30_20_05.F.15_01,14,2008.0,2245.0,2126.5
n3_TS,n3,TS,tai30_20_05.F.15_01,15,1984.0,2214.0,2099.0
n3_TS,n3,TS,tai30_20_05.F.15_01,16,2008.0,2243.0,2125.5
n3_TS,n3,TS,tai30_20_05.F.15_01,17,2016.0,2252.0,2134.0
n3_TS,n3,TS,tai30_20_05.F.15_01,18,2000.0,2253.0,2126.5
n3_TS,n3,TS,tai30_20_05.F.15_01,19,2046.0,2277.0,2161.5
n3_TS,n3,TS,tai30_20_05.F.15_01,20,2015.0,2265.0,2140.0
n3_TS,n3,TS,tai30_20_05.F.15_01,21,1998.0,2229.0,2113.5
n3_TS,n3,TS,tai30_20_05.F.15_01,22,1989.0,2224.0,2106.5
n3_TS,n3,TS,tai30_20_05.F.15_01,23,1979.0,2224.0,2101.5
n3_TS,n3,TS,tai30_20_05.F.15_01,24,1997.0,2258.0,2127.5
n3_TS,n3,TS,tai30_20_05.F.15_01,25,2004.0,2223.0,2113.5
n3_TS,n3,TS,tai30_20_05.F.15_01,26,1994.0,2242.0,2118.0
n3_TS,n3,TS,tai30_20_05.F.15_01,27,1984.0,2232.0,2108.0
n3_TS,n3,TS,tai30_20_05.F.15_01,28,1981.0,2241.0,2111.0
n3_TS,n3,TS,tai30_20_05.F.15_01,29,2018.0,2244.0,2131.0
n3_TS,n3,TS,tai30_20_05.F.15_01,30,1996.0,2239.0,2117.5
n3_TS,n3,TS,tai30_20_06.F.15_01,1,2089.0,2383.0,2236.0
n3_TS,n3,TS,tai30_20_06.F.15_01,2,2052.0,2319.0,2185.5
n3_TS,n3,TS,tai30_20_06.F.15_01,3,2041.0,2293.0,2167.0
n3_TS,n3,TS,tai30_20_06.F.15_01,4,2079.0,2358.0,2218.5
n3_TS,n3,TS,tai30_20_06.F.15_01,5,2050.0,2309.0,2179.5
n3_TS,n3,TS,tai30_20_06.F.15_01,6,2028.0,2309.0,2168.5
n3_TS,n3,TS,tai30_20_06.F.15_01,7,2097.0,2387.0,2242.0
n3_TS,n3,TS,tai30_20_06.F.15_01,8,2018.0,2312.0,2165.0
n3_TS,n3,TS,tai30_20_06.F.15_01,9,2048.0,2338.0,2193.0
n3_TS,n3,TS,tai30_20_06.F.15_01,10,2045.0,2320.0,2182.5
n3_TS,n3,TS,tai30_20_06.F.15_01,11,2071.0,2365.0,2218.0
n3_TS,n3,TS,tai30_20_06.F.15_01,12,2038.0,2316.0,2177.0
n3_TS,n3,TS,tai30_20_06.F.15_01,13,2044.0,2321.0,2182.5
n3_TS,n3,TS,tai30_20_06.F.15_01,14,2044.0,2333.0,2188.5
n3_TS,n3,TS,tai30_20_06.F.15_01,15,2043.0,2301.0,2172.0
n3_TS,n3,TS,tai30_20_06.F.15_01,16,2110.0,2376.0,2243.0
n3_TS,n3,TS,tai30_20_06.F.15_01,17,2002.0,2304.0,2153.0
n3_TS,n3,TS,tai30_20_06.F.15_01,18,2102.0,2325.0,2213.5
n3_TS,n3,TS,tai30_20_06.F.15_01,19,2074.0,2365.0,2219.5
n3_TS,n3,TS,tai30_20_06.F.15_01,20,2040.0,2322.0,2181.0
n3_TS,n3,TS,tai30_20_06.F.15_01,21,2023.0,2322.0,2172.5
n3_TS,n3,TS,tai30_20_06.F.15_01,22,2077.0,2361.0,2219.0
n3_TS,n3,TS,tai30_20_06.F.15_01,23,2027.0,2323.0,2175.0
n3_TS,n3,TS,tai30_20_06.F.15_01,24,2077.0,2354.0,2215.5
n3_TS,n3,TS,tai30_20_06.F.15_01,25,2041.0,2306.0,2173.5
n3_TS,n3,TS,tai30_20_06.F.15_01,26,2060.0,2318.0,2189.0
n3_TS,n3,TS,tai30_20_06.F.15_01,27,2087.0,2353.0,2220.0
n3_TS,n3,TS,tai30_20_06.F.15_01,28,2029.0,2311.0,2170.0
n3_TS,n3,TS,tai30_20_06.F.15_01,29,2046.0,2351.0,2198.5
n3_TS,n3,TS,tai30_20_06.F.15_01,30,2079.0,2358.0,2218.5
n3_TS,n3,TS,tai30_20_07.F.15_01,1,1950.0,2227.0,2088.5
n3_TS,n3,TS,tai30_20_07.F.15_01,2,1948.0,2222.0,2085.0
n3_TS,n3,TS,tai30_20_07.F.15_01,3,1974.0,2227.0,2100.5
n3_TS,n3,TS,tai30_20_07.F.15_01,4,1928.0,2204.0,2066.0
n3_TS,n3,TS,tai30_20_07.F.15_01,5,1952.0,2209.0,2080.5
n3_TS,n3,TS,tai30_20_07.F.15_01,6,1984.0,2254.0,2119.0
n3_TS,n3,TS,tai30_20_07.F.15_01,7,1970.0,2227.0,2098.5
n3_TS,n3,TS,tai30_20_07.F.15_01,8,1928.0,2218.0,2073.0
n3_TS,n3,TS,tai30_20_07.F.15_01,9,1960.0,2173.0,2066.5
n3_TS,n3,TS,tai30_20_07.F.15_01,10,1941.0,2223.0,2082.0
n3_TS,n3,TS,tai30_20_07.F.15_01,11,1986.0,2251.0,2118.5
n3_TS,n3,TS,tai30_20_07.F.15_01,12,1903.0,2179.0,2041.0
n3_TS,n3,TS,tai30_20_07.F.15_01,13,1932.0,2189.0,2060.5
n3_TS,n3,TS,tai30_20_07.F.15_01,14,1950.0,2206.0,2078.0
n3_TS,n3,TS,tai30_20_07.F.15_01,15,1939.0,2199.0,2069.0
n3_TS,n3,TS,tai30_20_07.F.15_01,16,2004.0,2249.0,2126.5
n3_TS,n3,TS,tai30_20_07.F.15_01,17,1919.0,2192.0,2055.5
n3_TS,n3,TS,tai30_20_07.F.15_01,18,1930.0,2199.0,2064.5
n3_TS,n3,TS,tai30_20_07.F.15_01,19,2011.0,2252.0,2131.5
n3_TS,n3,TS,tai30_20_07.F.15_01,20,1957.0,2229.0,2093.0
n3_TS,n3,TS,tai30_20_07.F.15_01,21,1953.0,2190.0,2071.5
n3_TS,n3,TS,tai30_20_07.F.15_01,22,1991.0,2248.0,2119.5
n3_TS,n3,TS,tai30_20_07.F.15_01,23,1957.0,2264.0,2110.5
n3_TS,n3,TS,tai30_20_07.F.15_01,24,1953.0,2190.0,2071.5
n3_TS,n3,TS,tai30_20_07.F.15_01,25,1941.0,2220.0,2080.5
n3_TS,n3,TS,tai30_20_07.F.15_01,26,1919.0,2185.0,2052.0
n3_TS,n3,TS,tai30_20_07.F.15_01,27,1919.0,2221.0,2070.0
n3_TS,n3,TS,tai30_20_07.F.15_01,28,1976.0,2231.0,2103.5
n3_TS,n3,TS,tai30_20_07.F.15_01,29,1997.0,2242.0,2119.5
n3_TS,n3,TS,tai30_20_07.F.15_01,30,1934.0,2183.0,2058.5
n3_TS,n3,TS,tai30_20_08.F.15_01,1,1947.0,2232.0,2089.5
n3_TS,n3,TS,tai30_20_08.F.15_01,2,1955.0,2232.0,2093.5
n3_TS,n3,TS,tai30_20_08.F.15_01,3,1965.0,2227.0,2096.0
n3_TS,n3,TS,tai30_20_08.F.15_01,4,1996.0,2273.0,2134.5
n3_TS,n3,TS,tai30_20_08.F.15_01,5,1973.0,2251.0,2112.0
n3_TS,n3,TS,tai30_20_08.F.15_01,6,1968.0,2274.0,2121.0
n3_TS,n3,TS,tai30_20_08.F.15_01,7,1983.0,2240.0,2111.5
n3_TS,n3,TS,tai30_20_08.F.15_01,8,2033.0,2221.0,2127.0
n3_TS,n3,TS,tai30_20_08.F.15_01,9,1951.0,2220.0,2085.5
n3_TS,n3,TS,tai30_20_08.F.15_01,10,1917.0,2229.0,2073.0
n3_TS,n3,TS,tai30_20_08.F.15_01,11,1959.0,2237.0,2098.0
n3_TS,n3,TS,tai30_20_08.F.15_01,12,1957.0,2213.0,2085.0
n3_TS,n3,TS,tai30_20_08.F.15_01,13,1990.0,2251.0,2120.5
n3_TS,n3,TS,tai30_20_08.F.15_01,14,1929.0,2210.0,2069.5
n3_TS,n3,TS,tai30_20_08.F.15_01,15,1959.0,2206.0,2082.5
n3_TS,n3,TS,tai30_20_08.F.15_01,16,1973.0,2236.0,2104.5
n3_TS,n3,TS,tai30_20_08.F.15_01,17,1956.0,2235.0,2095.5
n3_TS,n3,TS,tai30_20_08.F.15_01,18,1958.0,2209.0,2083.5
n3_TS,n3,TS,tai30_20_08.F.15_01,19,1988.0,2246.0,2117.0
n3_TS,n3,TS,tai30_20_08.F.15_01,20,1942.0,2256.0,2099.0
n3_TS,n3,TS,tai30_20_08.F.15_01,21,1982.0,2262.0,2122.0
n3_TS,n3,TS,tai30_20_08.F.15_01,22,1985.0,2244.0,2114.5
n3_TS,n3,TS,tai30_20_08.F.15_01,23,1967.0,2247.0,2107.0
n3_TS,n3,TS,tai30_20_08.F.15_01,24,1986.0,2248.0,2117.0
n3_TS,n3,TS,tai30_20_08.F.15_01,25,1984.0,2252.0,2118.0
n3_TS,n3,TS,tai30_20_08.F.15_01,26,1993.0,2243.0,2118.0
n3_TS,n3,TS,tai30_20_08.F.15_01,27,1988.0,2274.0,2131.0
n3_TS,n3,TS,tai30_20_08.F.15_01,28,1979.0,2223.0,2101.0
n3_TS,n3,TS,tai30_20_08.F.15_01,29,1943.0,2197.0,2070.0
n3_TS,n3,TS,tai30_20_08.F.15_01,30,1960.0,2217.0,2088.5
n3_TS,n3,TS,tai30_20_09.F.15_01,1,1946.0,2214.0,2080.0
n3_TS,n3,TS,tai30_20_09.F.15_01,2,1974.0,2206.0,2090.0
n3_TS,n3,TS,tai30_20_09.F.15_01,3,1971.0,2242.0,2106.5
n3_TS,n3,TS,tai30_20_09.F.15_01,4,1972.0,2241.0,2106.5
n3_TS,n3,TS,tai30_20_09.F.15_01,5,1991.0,2255.0,2123.0
n3_TS,n3,TS,tai30_20_09.F.15_01,6,1995.0,2220.0,2107.5
n3_TS,n3,TS,tai30_20_09.F.15_01,7,2018.0,2290.0,2154.0
n3_TS,n3,TS,tai30_20_09.F.15_01,8,1986.0,2203.0,2094.5
n3_TS,n3,TS,tai30_20_09.F.15_01,9,1981.0,2235.0,2108.0
n3_TS,n3,TS,tai30_20_09.F.15_01,10,2005.0,2246.0,2125.5
n3_TS,n3,TS,tai30_20_09.F.15_01,11,1968.0,2202.0,2085.0
n3_TS,n3,TS,tai30_20_09.F.15_01,12,1987.0,2257.0,2122.0
n3_TS,n3,TS,tai30_20_09.F.15_01,13,1992.0,2267.0,2129.5
n3_TS,n3,TS,tai30_20_09.F.15_01,14,1966.0,2251.0,2108.5
n3_TS,n3,TS,tai30_20_09.F.15_01,15,1986.0,2226.0,2106.0
n3_TS,n3,TS,tai30_20_09.F.15_01,16,1972.0,2258.0,2115.0
n3_TS,n3,TS,tai30_20_09.F.15_01,17,1947.0,2205.0,2076.0
n3_TS,n3,TS,tai30_20_09.F.15_01,18,1967.0,2227.0,2097.0
n3_TS,n3,TS,tai30_20_09.F.15_01,19,1949.0,2199.0,2074.0
n3_TS,n3,TS,tai30_20_09.F.15_01,20,2010.0,2259.0,2134.5
n3_TS,n3,TS,tai30_20_09.F.15_01,21,1938.0,2208.0,2073.0
n3_TS,n3,TS,tai30_20_09.F.15_01,22,1945.0,2208.0,2076.5
n3_TS,n3,TS,tai30_20_09.F.15_01,23,2002.0,2260.0,2131.0
n3_TS,n3,TS,tai30_20_09.F.15_01,24,1926.0,2200.0,2063.0
n3_TS,n3,TS,tai30_20_09.F.15_01,25,1924.0,2203.0,2063.5
n3_TS,n3,TS,tai30_20_09.F.15_01,26,1934.0,2185.0,2059.5
n3_TS,n3,TS,tai30_20_09.F.15_01,27,1964.0,2257.0,2110.5
n3_TS,n3,TS,tai30_20_09.F.15_01,28,1964.0,2230.0,2097.0
n3_TS,n3,TS,tai30_20_09.F.15_01,29,1968.0,2230.0,2099.0
n3_TS,n3,TS,tai30_20_09.F.15_01,30,1929.0,2194.0,2061.5
n3_TS,n3,TS,tai30_20_10.F.15_01,1,1988.0,2259.0,2123.5
n3_TS,n3,TS,tai30_20_10.F.15_01,2,2009.0,2293.0,2151.0
n3_TS,n3,TS,tai30_20_10.F.15_01,3,1987.0,2241.0,2114.0
n3_TS,n3,TS,tai30_20_10.F.15_01,4,1977.0,2227.0,2102.0
n3_TS,n3,TS,tai30_20_10.F.15_01,5,1978.0,2241.0,2109.5
n3_TS,n3,TS,tai30_20_10.F.15_01,6,1985.0,2260.0,2122.5
n3_TS,n3,TS,tai30_20_10.F.15_01,7,1992.0,2253.0,2122.5
n3_TS,n3,TS,tai30_20_10.F.15_01,8,1977.0,2253.0,2115.0
n3_TS,n3,TS,tai30_20_10.F.15_01,9,1976.0,2245.0,2110.5
n3_TS,n3,TS,tai30_20_10.F.15_01,10,1966.0,2227.0,2096.5
n3_TS,n3,TS,tai30_20_10.F.15_01,11,1934.0,2204.0,2069.0
n3_TS,n3,TS,tai30_20_10.F.15_01,12,1948.0,2210.0,2079.0
n3_TS,n3,TS,tai30_20_10.F.15_01,13,1963.0,2231.0,2097.0
n3_TS,n3,TS,tai30_20_10.F.15_01,14,1935.0,2212.0,2073.5
n3_TS,n3,TS,tai30_20_10.F.15_01,15,1986.0,2261.0,2123.5
n3_TS,n3,TS,tai30_20_10.F.15_01,16,1987.0,2254.0,2120.5
n3_TS,n3,TS,tai30_20_10.F.15_01,17,1986.0,2252.0,2119.0
n3_TS,n3,TS,tai30_20_10.F.15_01,18,1944.0,2223.0,2083.5
n3_TS,n3,TS,tai30_20_10.F.15_01,19,1958.0,2252.0,2105.0
n3_TS,n3,TS,tai30_20_10.F.15_01,20,2016.0,2287.0,2151.5
n3_TS,n3,TS,tai30_20_10.F.15_01,21,1931.0,2201.0,2066.0
n3_TS,n3,TS,tai30_20_10.F.15_01,22,1945.0,2206.0,2075.5
n3_TS,n3,TS,tai30_20_10.F.15_01,23,1985.0,2270.0,2127.5
n3_TS,n3,TS,tai30_20_10.F.15_01,24,1979.0,2241.0,2110.0
n3_TS,n3,TS,tai30_20_10.F.15_01,25,1977.0,2237.0,2107.0
n3_TS,n3,TS,tai30_20_10.F.15_01,26,1956.0,2233.0,2094.5
n3_TS,n3,TS,tai30_20_10.F.15_01,27,2016.0,2274.0,2145.0
n3_TS,n3,TS,tai30_20_10.F.15_01,28,1990.0,2242.0,2116.0
n3_TS,n3,TS,tai30_20_10.F.15_01,29,1976.0,2251.0,2113.5
n3_TS,n3,TS,tai30_20_10.F.15_01,30,1994.0,2248.0,2121.0
n3_TS,n3,TS,tai50_15_01.F.15_01,1,2735.0,3145.0,2940.0
n3_TS,n3,TS,tai50_15_01.F.15_01,2,2732.0,3126.0,2929.0
n3_TS,n3,TS,tai50_15_01.F.15_01,3,2640.0,3055.0,2847.5
n3_TS,n3,TS,tai50_15_01.F.15_01,4,2675.0,3077.0,2876.0
n3_TS,n3,TS,tai50_15_01.F.15_01,5,2755.0,3181.0,2968.0
n3_TS,n3,TS,tai50_15_01.F.15_01,6,2649.0,3070.0,2859.5
n3_TS,n3,TS,tai50_15_01.F.15_01,7,2674.0,3073.0,2873.5
n3_TS,n3,TS,tai50_15_01.F.15_01,8,2725.0,3139.0,2932.0
n3_TS,n3,TS,tai50_15_01.F.15_01,9,2645.0,3042.0,2843.5
n3_TS,n3,TS,tai50_15_01.F.15_01,10,2615.0,3053.0,2834.0
n3_TS,n3,TS,tai50_15_01.F.15_01,11,2733.0,3137.0,2935.0
n3_TS,n3,TS,tai50_15_01.F.15_01,12,2698.0,3100.0,2899.0
n3_TS,n3,TS,tai50_15_01.F.15_01,13,2631.0,3073.0,2852.0
n3_TS,n3,TS,tai50_15_01.F.15_01,14,2690.0,3126.0,2908.0
n3_TS,n3,TS,tai50_15_01.F.15_01,15,2633.0,3049.0,2841.0
n3_TS,n3,TS,tai50_15_01.F.15_01,16,2636.0,3059.0,2847.5
n3_TS,n3,TS,tai50_15_01.F.15_01,17,2668.0,3071.0,2869.5
n3_TS,n3,TS,tai50_15_01.F.15_01,18,2640.0,3050.0,2845.0
n3_TS,n3,TS,tai50_15_01.F.15_01,19,2709.0,3077.0,2893.0
n3_TS,n3,TS,tai50_15_01.F.15_01,20,2644.0,3064.0,2854.0
n3_TS,n3,TS,tai50_15_01.F.15_01,21,2659.0,3097.0,2878.0
n3_TS,n3,TS,tai50_15_01.F.15_01,22,2684.0,3150.0,2917.0
n3_TS,n3,TS,tai50_15_01.F.15_01,23,2718.0,3157.0,2937.5
n3_TS,n3,TS,tai50_15_01.F.15_01,24,2703.0,3105.0,2904.0
n3_TS,n3,TS,tai50_15_01.F.15_01,25,2676.0,3111.0,2893.5
n3_TS,n3,TS,tai50_15_01.F.15_01,26,2738.0,3154.0,2946.0
n3_TS,n3,TS,tai50_15_01.F.15_01,27,2620.0,3052.0,2836.0
n3_TS,n3,TS,tai50_15_01.F.15_01,28,2635.0,3051.0,2843.0
n3_TS,n3,TS,tai50_15_01.F.15_01,29,2669.0,3040.0,2854.5
n3_TS,n3,TS,tai50_15_01.F.15_01,30,2629.0,3066.0,2847.5
n3_TS,n3,TS,tai50_15_02.F.15_01,1,2635.0,3053.0,2844.0
n3_TS,n3,TS,tai50_15_02.F.15_01,2,2719.0,3063.0,2891.0
n3_TS,n3,TS,tai50_15_02.F.15_01,3,2633.0,3046.0,2839.5
n3_TS,n3,TS,tai50_15_02.F.15_01,4,2647.0,3010.0,2828.5
n3_TS,n3,TS,tai50_15_02.F.15_01,5,2642.0,3014.0,2828.0
n3_TS,n3,TS,tai50_15_02.F.15_01,6,2610.0,3013.0,2811.5
n3_TS,n3,TS,tai50_15_02.F.15_01,7,2651.0,3045.0,2848.0
n3_TS,n3,TS,tai50_15_02.F.15_01,8,2664.0,3047.0,2855.5
n3_TS,n3,TS,tai50_15_02.F.15_01,9,2636.0,3025.0,2830.5
n3_TS,n3,TS,tai50_15_02.F.15_01,10,2658.0,3012.0,2835.0
n3_TS,n3,TS,tai50_15_02.F.15_01,11,2649.0,3012.0,2830.5
n3_TS,n3,TS,tai50_15_02.F.15_01,12,2631.0,3008.0,2819.5
n3_TS,n3,TS,tai50_15_02.F.15_01,13,2682.0,3064.0,2873.0
n3_TS,n3,TS,tai50_15_02.F.15_01,14,2613.0,3031.0,2822.0
n3_TS,n3,TS,tai50_15_02.F.15_01,15,2611.0,2993.0,2802.0
n3_TS,n3,TS,tai50_15_02.F.15_01,16,2640.0,3040.0,2840.0
n3_TS,n3,TS,tai50_15_02.F.15_01,17,2649.0,3056.0,2852.5
n3_TS,n3,TS,tai50_15_02.F.15_01,18,2661.0,3056.0,2858.5
n3_TS,n3,TS,tai50_15_02.F.15_01,19,2662.0,3046.0,2854.0
n3_TS,n3,TS,tai50_15_02.F.15_01,20,2703.0,3074.0,2888.5
n3_TS,n3,TS,tai50_15_02.F.15_01,21,2621.0,3024.0,2822.5
n3_TS,n3,TS,tai50_15_02.F.15_01,22,2612.0,3013.0,2812.5
n3_TS,n3,TS,tai50_15_02.F.15_01,23,2628.0,3034.0,2831.0
n3_TS,n3,TS,tai50_15_02.F.15_01,24,2628.0,3036.0,2832.0
n3_TS,n3,TS,tai50_15_02.F.15_01,25,2643.0,3023.0,2833.0
n3_TS,n3,TS,tai50_15_02.F.15_01,26,2628.0,3069.0,2848.5
n3_TS,n3,TS,tai50_15_02.F.15_01,27,2655.0,3081.0,2868.0
n3_TS,n3,TS,tai50_15_02.F.15_01,28,2610.0,3002.0,2806.0
n3_TS,n3,TS,tai50_15_02.F.15_01,29,2628.0,2976.0,2802.0
n3_TS,n3,TS,tai50_15_02.F.15_01,30,2668.0,3042.0,2855.0
n3_TS,n3,TS,tai50_15_03.F.15_01,1,2537.0,2930.0,2733.5
n3_TS,n3,TS,tai50_15_03.F.15_01,2,2583.0,2975.0,2779.0
n3_TS,n3,TS,tai50_15_03.F.15_01,3,2555.0,2987.0,2771.0
n3_TS,n3,TS,tai50_15_03.F.15_01,4,2600.0,3003.0,2801.5
n3_TS,n3,TS,tai50_15_03.F.15_01,5,2545.0,2986.0,2765.5
n3_TS,n3,TS,tai50_15_03.F.15_01,6,2544.0,2945.0,2744.5
n3_TS,n3,TS,tai50_15_03.F.15_01,7,2530.0,2949.0,2739.5
n3_TS,n3,TS,tai50_15_03.F.15_01,8,2557.0,2985.0,2771.0
n3_TS,n3,TS,tai50_15_03.F.15_01,9,2579.0,3006.0,2792.5
n3_TS,n3,TS,tai50_15_03.F.15_01,10,2605.0,3000.0,2802.5
n3_TS,n3,TS,tai50_15_03.F.15_01,11,2534.0,2964.0,2749.0
n3_TS,n3,TS,tai50_15_03.F.15_01,12,2539.0,2928.0,2733.5
n3_TS,n3,TS,tai50_15_03.F.15_01,13,2554.0,2975.0,2764.5
n3_TS,n3,TS,tai50_15_03.F.15_01,14,2562.0,2992.0,2777.0
n3_TS,n3,TS,tai50_15_03.F.15_01,15,2532.0,2972.0,2752.0
n3_TS,n3,TS,tai50_15_03.F.15_01,16,2548.0,2946.0,2747.0
n3_TS,n3,TS,tai50_15_03.F.15_01,17,2555.0,2961.0,2758.0
n3_TS,n3,TS,tai50_15_03.F.15_01,18,2542.0,2970.0,2756.0
n3_TS,n3,TS,tai50_15_03.F.15_01,19,2529.0,2957.0,2743.0
n3_TS,n3,TS,tai50_15_03.F.15_01,20,2582.0,2963.0,2772.5
n3_TS,n3,TS,tai50_15_03.F.15_01,21,2580.0,2989.0,2784.5
n3_TS,n3,TS,tai50_15_03.F.15_01,22,2568.0,3013.0,2790.5
n3_TS,n3,TS,tai50_15_03.F.15_01,23,2640.0,2992.0,2816.0
n3_TS,n3,TS,tai50_15_03.F.15_01,24,2529.0,2962.0,2745.5
n3_TS,n3,TS,tai50_15_03.F.15_01,25,2557.0,2994.0,2775.5
n3_TS,n3,TS,tai50_15_03.F.15_01,26,2536.0,2950.0,2743.0
n3_TS,n3,TS,tai50_15_03.F.15_01,27,2570.0,3002.0,2786.0
n3_TS,n3,TS,tai50_15_03.F.15_01,28,2530.0,2942.0,2736.0
n3_TS,n3,TS,tai50_15_03.F.15_01,29,2522.0,2940.0,2731.0
n3_TS,n3,TS,tai50_15_03.F.15_01,30,2590.0,2983.0,2786.5
n3_TS,n3,TS,tai50_15_04.F.15_01,1,2632.0,3094.0,2863.0
n3_TS,n3,TS,tai50_15_04.F.15_01,2,2607.0,3073.0,2840.0
n3_TS,n3,TS,tai50_15_04.F.15_01,3,2619.0,3089.0,2854.0
n3_TS,n3,TS,tai50_15_04.F.15_01,4,2605.0,3073.0,2839.0
n3_TS,n3,TS,tai50_15_04.F.15_01,5,2625.0,3091.0,2858.0
n3_TS,n3,TS,tai50_15_04.F.15_01,6,2625.0,3091.0,2858.0
n3_TS,n3,TS,tai50_15_04.F.15_01,7,2605.0,3073.0,2839.0
n3_TS,n3,TS,tai50_15_04.F.15_01,8,2605.0,3073.0,2839.0
n3_TS,n3,TS,tai50_15_04.F.15_01,9,2605.0,3073.0,2839.0
n3_TS,n3,TS,tai50_15_04.F.15_01,10,2618.0,3078.0,2848.0
n3_TS,n3,TS,tai50_15_04.F.15_01,11,2625.0,3091.0,2858.0
n3_TS,n3,TS,tai50_15_04.F.15_01,12,2619.0,3089.0,2854.0
n3_TS,n3,TS,tai50_15_04.F.15_01,13,2605.0,3073.0,2839.0
n3_TS,n3,TS,tai50_15_04.F.15_01,14,2605.0,3073.0,2839.0
n3_TS,n3,TS,tai50_15_04.F.15_01,15,2619.0,3089.0,2854.0
n3_TS,n3,TS,tai50_15_04.F.15_01,16,2665.0,3138.0,2901.5
n3_TS,n3,TS,tai50_15_04.F.15_01,17,2607.0,3073.0,2840.0
n3_TS,n3,TS,tai50_15_04.F.15_01,18,2619.0,3089.0,2854.0
n3_TS,n3,TS,tai50_15_04.F.15_01,19,2619.0,3089.0,2854.0
n3_TS,n3,TS,tai50_15_04.F.15_01,20,2640.0,3106.0,2873.0
n3_TS,n3,TS,tai50_15_04.F.15_01,21,2619.0,3089.0,2854.0
n3_TS,n3,TS,tai50_15_04.F.15_01,22,2605.0,3073.0,2839.0
n3_TS,n3,TS,tai50_15_04.F.15_01,23,2639.0,3107.0,2873.0
n3_TS,n3,TS,tai50_15_04.F.15_01,24,2636.0,3110.0,2873.0
n3_TS,n3,TS,tai50_15_04.F.15_01,25,2618.0,3078.0,2848.0
n3_TS,n3,TS,tai50_15_04.F.15_01,26,2605.0,3073.0,2839.0
n3_TS,n3,TS,tai50_15_04.F.15_01,27,2605.0,3073.0,2839.0
n3_TS,n3,TS,tai50_15_04.F.15_01,28,2614.0,3088.0,2851.0
n3_TS,n3,TS,tai50_15_04.F.15_01,29,2619.0,3089.0,2854.0
n3_TS,n3,TS,tai50_15_04.F.15_01,30,2619.0,3089.0,2854.0
n3_TS,n3,TS,tai50_15_05.F.15_01,1,2583.0,2966.0,2774.5
n3_TS,n3,TS,tai50_15_05.F.15_01,2,2603.0,2979.0,2791.0
n3_TS,n3,TS,tai50_15_05.F.15_01,3,2640.0,3016.0,2828.0
n3_TS,n3,TS,tai50_15_05.F.15_01,4,2608.0,2993.0,2800.5
n3_TS,n3,TS,tai50_15_05.F.15_01,5,2643.0,3028.0,2835.5
n3_TS,n3,TS,tai50_15_05.F.15_01,6,2580.0,2963.0,2771.5
n3_TS,n3,TS,tai50_15_05.F.15_01,7,2584.0,2948.0,2766.0
n3_TS,n3,TS,tai50_15_05.F.15_01,8,2610.0,2987.0,2798.5
n3_TS,n3,TS,tai50_15_05.F.15_01,9,2638.0,3020.0,2829.0
n3_TS,n3,TS,tai50_15_05.F.15_01,10,2621.0,3028.0,2824.5
n3_TS,n3,TS,tai50_15_05.F.15_01,11,2630.0,3006.0,2818.0
n3_TS,n3,TS,tai50_15_05.F.15_01,12,2616.0,3014.0,2815.0
n3_TS,n3,TS,tai50_15_05.F.15_01,13,2638.0,3009.0,2823.5
n3_TS,n3,TS,tai50_15_05.F.15_01,14,2597.0,2987.0,2792.0
n3_TS,n3,TS,tai50_15_05.F.15_01,15,2581.0,2964.0,2772.5
n3_TS,n3,TS,tai50_15_05.F.15_01,16,2627.0,3011.0,2819.0
n3_TS,n3,TS,tai50_15_05.F.15_01,17,2624.0,3006.0,2815.0
n3_TS,n3,TS,tai50_15_05.F.15_01,18,2651.0,3029.0,2840.0
n3_TS,n3,TS,tai50_15_05.F.15_01,19,2580.0,2973.0,2776.5
n3_TS,n3,TS,tai50_15_05.F.15_01,20,2671.0,3059.0,2865.0
n3_TS,n3,TS,tai50_15_05.F.15_01,21,2626.0,3024.0,2825.0
n3_TS,n3,TS,tai50_15_05.F.15_01,22,2606.0,2996.0,2801.0
n3_TS,n3,TS,tai50_15_05.F.15_01,23,2627.0,3016.0,2821.5
n3_TS,n3,TS,tai50_15_05.F.15_01,24,2600.0,2980.0,2790.0
n3_TS,n3,TS,tai50_15_05.F.15_01,25,2621.0,3009.0,2815.0
n3_TS,n3,TS,tai50_15_05.F.15_01,26,2609.0,2992.0,2800.5
n3_TS,n3,TS,tai50_15_05.F.15_01,27,2626.0,2971.0,2798.5
n3_TS,n3,TS,tai50_15_05.F.15_01,28,2611.0,2992.0,2801.5
n3_TS,n3,TS,tai50_15_05.F.15_01,29,2636.0,3019.0,2827.5
n3_TS,n3,TS,tai50_15_05.F.15_01,30,2616.0,2995.0,2805.5
n3_TS,n3,TS,tai50_15_06.F.15_01,1,2675.0,3040.0,2857.5
n3_TS,n3,TS,tai50_15_06.F.15_01,2,2647.0,3036.0,2841.5
n3_TS,n3,TS,tai50_15_06.F.15_01,3,2661.0,3008.0,2834.5
n3_TS,n3,TS,tai50_15_06.F.15_01,4,2631.0,3028.0,2829.5
n3_TS,n3,TS,tai50_15_06.F.15_01,5,2681.0,3018.0,2849.5
n3_TS,n3,TS,tai50_15_06.F.15_01,6,2639.0,3017.0,2828.0
n3_TS,n3,TS,tai50_15_06.F.15_01,7,2662.0,3034.0,2848.0
n3_TS,n3,TS,tai50_15_06.F.15_01,8,2642.0,2994.0,2818.0
n3_TS,n3,TS,tai50_15_06.F.15_01,9,2683.0,3034.0,2858.5
n3_TS,n3,TS,tai50_15_06.F.15_01,10,2683.0,3038.0,2860.5
n3_TS,n3,TS,tai50_15_06.F.15_01,11,2629.0,3030.0,2829.5
n3_TS,n3,TS,tai50_15_06.F.15_01,12,2648.0,3050.0,2849.0
n3_TS,n3,TS,tai50_15_06.F.15_01,13,2681.0,3026.0,2853.5
n3_TS,n3,TS,tai50_15_06.F.15_01,14,2672.0,3035.0,2853.5
n3_TS,n3,TS,tai50_15_06.F.15_01,15,2685.0,3015.0,2850.0
n3_TS,n3,TS,tai50_15_06.F.15_01,16,2646.0,3052.0,2849.0
n3_TS,n3,TS,tai50_15_06.F.15_01,17,2734.0,3080.0,2907.0
n3_TS,n3,TS,tai50_15_06.F.15_01,18,2648.0,3069.0,2858.5
n3_TS,n3,TS,tai50_15_06.F.15_01,19,2677.0,3043.0,2860.0
n3_TS,n3,TS,tai50_15_06.F.15_01,20,2691.0,3040.0,2865.5
n3_TS,n3,TS,tai50_15_06.F.15_01,21,2683.0,3035.0,2859.0
n3_TS,n3,TS,tai50_15_06.F.15_01,22,2688.0,3051.0,2869.5
n3_TS,n3,TS,tai50_15_06.F.15_01,23,2687.0,3062.0,2874.5
n3_TS,n3,TS,tai50_15_06.F.15_01,24,2667.0,3014.0,2840.5
n3_TS,n3,TS,tai50_15_06.F.15_01,25,2616.0,3010.0,2813.0
n3_TS,n3,TS,tai50_15_06.F.15_01,26,2638.0,2996.0,2817.0
n3_TS,n3,TS,tai50_15_06.F.15_01,27,2667.0,3063.0,2865.0
n3_TS,n3,TS,tai50_15_06.F.15_01,28,2641.0,3010.0,2825.5
n3_TS,n3,TS,tai50_15_06.F.15_01,29,2674.0,3048.0,2861.0
n3_TS,n3,TS,tai50_15_06.F.15_01,30,2607.0,2999.0,2803.0
n3_TS,n3,TS,tai50_15_07.F.15_01,1,2784.0,3246.0,3015.0
n3_TS,n3,TS,tai50_15_07.F.15_01,2,2724.0,3167.0,2945.5
n3_TS,n3,TS,tai50_15_07.F.15_01,3,2719.0,3167.0,2943.0
n3_TS,n3,TS,tai50_15_07.F.15_01,4,2730.0,3173.0,2951.5
n3_TS,n3,TS,tai50_15_07.F.15_01,5,2755.0,3192.0,2973.5
n3_TS,n3,TS,tai50_15_07.F.15_01,6,2740.0,3167.0,2953.5
n3_TS,n3,TS,tai50_15_07.F.15_01,7,2730.0,3167.0,2948.5
n3_TS,n3,TS,tai50_15_07.F.15_01,8,2803.0,3192.0,2997.5
n3_TS,n3,TS,tai50_15_07.F.15_01,9,2729.0,3167.0,2948.0
n3_TS,n3,TS,tai50_15_07.F.15_01,10,2748.0,3174.0,2961.0
n3_TS,n3,TS,tai50_15_07.F.15_01,11,2719.0,3167.0,2943.0
n3_TS,n3,TS,tai50_15_07.F.15_01,12,2719.0,3167.0,2943.0
n3_TS,n3,TS,tai50_15_07.F.15_01,13,2759.0,3195.0,2977.0
n3_TS,n3,TS,tai50_15_07.F.15_01,14,2764.0,3177.0,2970.5
n3_TS,n3,TS,tai50_15_07.F.15_01,15,2719.0,3167.0,2943.0
n3_TS,n3,TS,tai50_15_07.F.15_01,16,2747.0,3188.0,2967.5
n3_TS,n3,TS,tai50_15_07.F.15_01,17,2781.0,3221.0,3001.0
n3_TS,n3,TS,tai50_15_07.F.15_01,18,2745.0,3179.0,2962.0
n3_TS,n3,TS,tai50_15_07.F.15_01,19,2733.0,3173.0,2953.0
n3_TS,n3,TS,tai50_15_07.F.15_01,20,2748.0,3173.0,2960.5
n3_TS,n3,TS,tai50_15_07.F.15_01,21,2819.0,3233.0,3026.0
n3_TS,n3,TS,tai50_15_07.F.15_01,22,2800.0,3217.0,3008.5
n3_TS,n3,TS,tai50_15_07.F.15_01,23,2784.0,3217.0,3000.5
n3_TS,n3,TS,tai50_15_07.F.15_01,24,2735.0,3167.0,2951.0
n3_TS,n3,TS,tai50_15_07.F.15_01,25,2726.0,3167.0,2946.5
n3_TS,n3,TS,tai50_15_07.F.15_01,26,2737.0,3191.0,2964.0
n3_TS,n3,TS,tai50_15_07.F.15_01,27,2754.0,3182.0,2968.0
n3_TS,n3,TS,tai50_15_07.F.15_01,28,2800.0,3189.0,2994.5
n3_TS,n3,TS,tai50_15_07.F.15_01,29,2759.0,3198.0,2978.5
n3_TS,n3,TS,tai50_15_07.F.15_01,30,2727.0,3167.0,2947.0
n3_TS,n3,TS,tai50_15_08.F.15_01,1,2700.0,3128.0,2914.0
n3_TS,n3,TS,tai50_15_08.F.15_01,2,2696.0,3141.0,2918.5
n3_TS,n3,TS,tai50_15_08.F.15_01,3,2704.0,3130.0,2917.0
n3_TS,n3,TS,tai50_15_08.F.15_01,4,2697.0,3128.0,2912.5
n3_TS,n3,TS,tai50_15_08.F.15_01,5,2730.0,3169.0,2949.5
n3_TS,n3,TS,tai50_15_08.F.15_01,6,2745.0,3143.0,2944.0
n3_TS,n3,TS,tai50_15_08.F.15_01,7,2688.0,3128.0,2908.0
n3_TS,n3,TS,tai50_15_08.F.15_01,8,2682.0,3128.0,2905.0
n3_TS,n3,TS,tai50_15_08.F.15_01,9,2701.0,3141.0,2921.0
n3_TS,n3,TS,tai50_15_08.F.15_01,10,2724.0,3158.0,2941.0
n3_TS,n3,TS,tai50_15_08.F.15_01,11,2697.0,3128.0,2912.5
n3_TS,n3,TS,tai50_15_08.F.15_01,12,2707.0,3148.0,2927.5
n3_TS,n3,TS,tai50_15_08.F.15_01,13,2682.0,3128.0,2905.0
n3_TS,n3,TS,tai50_15_08.F.15_01,14,2737.0,3147.0,2942.0
n3_TS,n3,TS,tai50_15_08.F.15_01,15,2690.0,3135.0,2912.5
n3_TS,n3,TS,tai50_15_08.F.15_01,16,2692.0,3141.0,2916.5
n3_TS,n3,TS,tai50_15_08.F.15_01,17,2710.0,3135.0,2922.5
n3_TS,n3,TS,tai50_15_08.F.15_01,18,2730.0,3176.0,2953.0
n3_TS,n3,TS,tai50_15_08.F.15_01,19,2700.0,3128.0,2914.0
n3_TS,n3,TS,tai50_15_08.F.15_01,20,2706.0,3152.0,2929.0
n3_TS,n3,TS,tai50_15_08.F.15_01,21,2682.0,3128.0,2905.0
n3_TS,n3,TS,tai50_15_08.F.15_01,22,2714.0,3128.0,2921.0
n3_TS,n3,TS,tai50_15_08.F.15_01,23,2727.0,3151.0,2939.0
n3_TS,n3,TS,tai50_15_08.F.15_01,24,2700.0,3128.0,2914.0
n3_TS,n3,TS,tai50_15_08.F.15_01,25,2694.0,3128.0,2911.0
n3_TS,n3,TS,tai50_15_08.F.15_01,26,2682.0,3128.0,2905.0
n3_TS,n3,TS,tai50_15_08.F.15_01,27,2739.0,3182.0,2960.5
n3_TS,n3,TS,tai50_15_08.F.15_01,28,2682.0,3128.0,2905.0
n3_TS,n3,TS,tai50_15_08.F.15_01,29,2721.0,3149.0,2935.0
n3_TS,n3,TS,tai50_15_08.F.15_01,30,2682.0,3128.0,2905.0
n3_TS,n3,TS,tai50_15_09.F.15_01,1,2604.0,2982.0,2793.0
n3_TS,n3,TS,tai50_15_09.F.15_01,2,2573.0,2961.0,2767.0
n3_TS,n3,TS,tai50_15_09.F.15_01,3,2607.0,3000.0,2803.5
n3_TS,n3,TS,tai50_15_09.F.15_01,4,2626.0,2998.0,2812.0
n3_TS,n3,TS,tai50_15_09.F.15_01,5,2590.0,2989.0,2789.5
n3_TS,n3,TS,tai50_15_09.F.15_01,6,2576.0,2964.0,2770.0
n3_TS,n3,TS,tai50_15_09.F.15_01,7,2539.0,2917.0,2728.0
n3_TS,n3,TS,tai50_15_09.F.15_01,8,2603.0,2972.0,2787.5
n3_TS,n3,TS,tai50_15_09.F.15_01,9,2586.0,2974.0,2780.0
n3_TS,n3,TS,tai50_15_09.F.15_01,10,2609.0,2979.0,2794.0
n3_TS,n3,TS,tai50_15_09.F.15_01,11,2615.0,2989.0,2802.0
n3_TS,n3,TS,tai50_15_09.F.15_01,12,2580.0,2968.0,2774.0
n3_TS,n3,TS,tai50_15_09.F.15_01,13,2558.0,2954.0,2756.0
n3_TS,n3,TS,tai50_15_09.F.15_01,14,2590.0,2961.0,2775.5
n3_TS,n3,TS,tai50_15_09.F.15_01,15,2609.0,2990.0,2799.5
n3_TS,n3,TS,tai50_15_09.F.15_01,16,2537.0,2970.0,2753.5
n3_TS,n3,TS,tai50_15_09.F.15_01,17,2552.0,2946.0,2749.0
n3_TS,n3,TS,tai50_15_09.F.15_01,18,2597.0,2978.0,2787.5
n3_TS,n3,TS,tai50_15_09.F.15_01,19,2647.0,3009.0,2828.0
n3_TS,n3,TS,tai50_15_09.F.15_01,20,2547.0,2964.0,2755.5
n3_TS,n3,TS,tai50_15_09.F.15_01,21,2573.0,2968.0,2770.5
n3_TS,n3,TS,tai50_15_09.F.15_01,22,2586.0,2966.0,2776.0
n3_TS,n3,TS,tai50_15_09.F.15_01,23,2557.0,2960.0,2758.5
n3_TS,n3,TS,tai50_15_09.F.15_01,24,2537.0,2909.0,2723.0
n3_TS,n3,TS,tai50_15_09.F.15_01,25,2540.0,2935.0,2737.5
n3_TS,n3,TS,tai50_15_09.F.15_01,26,2563.0,2967.0,2765.0
n3_TS,n3,TS,tai50_15_09.F.15_01,27,2548.0,2916.0,2732.0
n3_TS,n3,TS,tai50_15_09.F.15_01,28,2506.0,2896.0,2701.0
n3_TS,n3,TS,tai50_15_09.F.15_01,29,2576.0,2961.0,2768.5
n3_TS,n3,TS,tai50_15_09.F.15_01,30,2594.0,2959.0,2776.5
n3_TS,n3,TS,tai50_15_10.F.15_01,1,2577.0,2975.0,2776.0
n3_TS,n3,TS,tai50_15_10.F.15_01,2,2587.0,2994.0,2790.5
n3_TS,n3,TS,tai50_15_10.F.15_01,3,2625.0,3043.0,2834.0
n3_TS,n3,TS,tai50_15_10.F.15_01,4,2596.0,2980.0,2788.0
n3_TS,n3,TS,tai50_15_10.F.15_01,5,2602.0,2967.0,2784.5
n3_TS,n3,TS,tai50_15_10.F.15_01,6,2602.0,3000.0,2801.0
n3_TS,n3,TS,tai50_15_10.F.15_01,7,2596.0,2961.0,2778.5
n3_TS,n3,TS,tai50_15_10.F.15_01,8,2596.0,2984.0,2790.0
n3_TS,n3,TS,tai50_15_10.F.15_01,9,2606.0,3000.0,2803.0
n3_TS,n3,TS,tai50_15_10.F.15_01,10,2596.0,2984.0,2790.0
n3_TS,n3,TS,tai50_15_10.F.15_01,11,2584.0,2971.0,2777.5
n3_TS,n3,TS,tai50_15_10.F.15_01,12,2622.0,3015.0,2818.5
n3_TS,n3,TS,tai50_15_10.F.15_01,13,2581.0,2972.0,2776.5
n3_TS,n3,TS,tai50_15_10.F.15_01,14,2611.0,2997.0,2804.0
n3_TS,n3,TS,tai50_15_10.F.15_01,15,2568.0,2938.0,2753.0
n3_TS,n3,TS,tai50_15_10.F.15_01,16,2601.0,2988.0,2794.5
n3_TS,n3,TS,tai50_15_10.F.15_01,17,2604.0,3003.0,2803.5
n3_TS,n3,TS,tai50_15_10.F.15_01,18,2612.0,2984.0,2798.0
n3_TS,n3,TS,tai50_15_10.F.15_01,19,2611.0,3004.0,2807.5
n3_TS,n3,TS,tai50_15_10.F.15_01,20,2596.0,2984.0,2790.0
n3_TS,n3,TS,tai50_15_10.F.15_01,21,2566.0,2947.0,2756.5
n3_TS,n3,TS,tai50_15_10.F.15_01,22,2570.0,2961.0,2765.5
n3_TS,n3,TS,tai50_15_10.F.15_01,23,2611.0,2999.0,2805.0
n3_TS,n3,TS,tai50_15_10.F.15_01,24,2586.0,2977.0,2781.5
n3_TS,n3,TS,tai50_15_10.F.15_01,25,2569.0,2961.0,2765.0
n3_TS,n3,TS,tai50_15_10.F.15_01,26,2601.0,2970.0,2785.5
n3_TS,n3,TS,tai50_15_10.F.15_01,27,2614.0,2994.0,2804.0
n3_TS,n3,TS,tai50_15_10.F.15_01,28,2624.0,3026.0,2825.0
n3_TS,n3,TS,tai50_15_10.F.15_01,29,2569.0,2969.0,2769.0
n3_TS,n3,TS,tai50_15_10.F.15_01,30,2562.0,2944.0,2753.0
n3_TS,n3,TS,tai50_20_01.F.15_01,1,2853.0,3230.0,3041.5
n3_TS,n3,TS,tai50_20_01.F.15_01,2,2820.0,3215.0,3017.5
n3_TS,n3,TS,tai50_20_01.F.15_01,3,2866.0,3274.0,3070.0
n3_TS,n3,TS,tai50_20_01.F.15_01,4,2833.0,3263.0,3048.0
n3_TS,n3,TS,tai50_20_01.F.15_01,5,2830.0,3243.0,3036.5
n3_TS,n3,TS,tai50_20_01.F.15_01,6,2820.0,3217.0,3018.5
n3_TS,n3,TS,tai50_20_01.F.15_01,7,2851.0,3269.0,3060.0
n3_TS,n3,TS,tai50_20_01.F.15_01,8,2869.0,3301.0,3085.0
n3_TS,n3,TS,tai50_20_01.F.15_01,9,2879.0,3304.0,3091.5
n3_TS,n3,TS,tai50_20_01.F.15_01,10,2902.0,3327.0,3114.5
n3_TS,n3,TS,tai50_20_01.F.15_01,11,2857.0,3301.0,3079.0
n3_TS,n3,TS,tai50_20_01.F.15_01,12,2929.0,3327.0,3128.0
n3_TS,n3,TS,tai50_20_01.F.15_01,13,2833.0,3245.0,3039.0
n3_TS,n3,TS,tai50_20_01.F.15_01,14,2807.0,3217.0,3012.0
n3_TS,n3,TS,tai50_20_01.F.15_01,15,2845.0,3234.0,3039.5
n3_TS,n3,TS,tai50_20_01.F.15_01,16,2880.0,3284.0,3082.0
n3_TS,n3,TS,tai50_20_01.F.15_01,17,2838.0,3246.0,3042.0
n3_TS,n3,TS,tai50_20_01.F.15_01,18,2853.0,3262.0,3057.5
n3_TS,n3,TS,tai50_20_01.F.15_01,19,2887.0,3261.0,3074.0
n3_TS,n3,TS,tai50_20_01.F.15_01,20,2827.0,3236.0,3031.5
n3_TS,n3,TS,tai50_20_01.F.15_01,21,2865.0,3267.0,3066.0
n3_TS,n3,TS,tai50_20_01.F.15_01,22,2875.0,3253.0,3064.0
n3_TS,n3,TS,tai50_20_01.F.15_01,23,2883.0,3286.0,3084.5
n3_TS,n3,TS,tai50_20_01.F.15_01,24,2851.0,3240.0,3045.5
n3_TS,n3,TS,tai50_20_01.F.15_01,25,2780.0,3199.0,2989.5
n3_TS,n3,TS,tai50_20_01.F.15_01,26,2851.0,3237.0,3044.0
n3_TS,n3,TS,tai50_20_01.F.15_01,27,2820.0,3228.0,3024.0
n3_TS,n3,TS,tai50_20_01.F.15_01,28,2816.0,3241.0,3028.5
n3_TS,n3,TS,tai50_20_01.F.15_01,29,2822.0,3234.0,3028.0
n3_TS,n3,TS,tai50_20_01.F.15_01,30,2860.0,3256.0,3058.0
n3_TS,n3,TS,tai50_20_02.F.15_01,1,2992.0,3365.0,3178.5
n3_TS,n3,TS,tai50_20_02.F.15_01,2,2984.0,3365.0,3174.5
n3_TS,n3,TS,tai50_20_02.F.15_01,3,3024.0,3377.0,3200.5
n3_TS,n3,TS,tai50_20_02.F.15_01,4,2927.0,3303.0,3115.0
n3_TS,n3,TS,tai50_20_02.F.15_01,5,2906.0,3310.0,3108.0
n3_TS,n3,TS,tai50_20_02.F.15_01,6,2962.0,3342.0,3152.0
n3_TS,n3,TS,tai50_20_02.F.15_01,7,2976.0,3360.0,3168.0
n3_TS,n3,TS,tai50_20_02.F.15_01,8,2948.0,3301.0,3124.5
n3_TS,n3,TS,tai50_20_02.F.15_01,9,2905.0,3313.0,3109.0
n3_TS,n3,TS,tai50_20_02.F.15_01,10,2932.0,3306.0,3119.0
n3_TS,n3,TS,tai50_20_02.F.15_01,11,2984.0,3343.0,3163.5
n3_TS,n3,TS,tai50_20_02.F.15_01,12,3004.0,3367.0,3185.5
n3_TS,n3,TS,tai50_20_02.F.15_01,13,2935.0,3306.0,3120.5
n3_TS,n3,TS,tai50_20_02.F.15_01,14,2978.0,3340.0,3159.0
n3_TS,n3,TS,tai50_20_02.F.15_01,15,2956.0,3328.0,3142.0
n3_TS,n3,TS,tai50_20_02.F.15_01,16,2940.0,3328.0,3134.0
n3_TS,n3,TS,tai50_20_02.F.15_01,17,2954.0,3329.0,3141.5
n3_TS,n3,TS,tai50_20_02.F.15_01,18,2964.0,3355.0,3159.5
n3_TS,n3,TS,tai50_20_02.F.15_01,19,2927.0,3333.0,3130.0
n3_TS,n3,TS,tai50_20_02.F.15_01,20,2904.0,3297.0,3100.5
n3_TS,n3,TS,tai50_20_02.F.15_01,21,2938.0,3281.0,3109.5
n3_TS,n3,TS,tai50_20_02.F.15_01,22,2957.0,3317.0,3137.0
n3_TS,n3,TS,tai50_20_02.F.15_01,23,2940.0,3314.0,3127.0
n3_TS,n3,TS,tai50_20_02.F.15_01,24,2927.0,3316.0,3121.5
n3_TS,n3,TS,tai50_20_02.F.15_01,25,2907.0,3303.0,3105.0
n3_TS,n3,TS,tai50_20_02.F.15_01,26,2898.0,3300.0,3099.0
n3_TS,n3,TS,tai50_20_02.F.15_01,27,2989.0,3363.0,3176.0
n3_TS,n3,TS,tai50_20_02.F.15_01,28,2975.0,3354.0,3164.5
n3_TS,n3,TS,tai50_20_02.F.15_01,29,2935.0,3307.0,3121.0
n3_TS,n3,TS,tai50_20_02.F.15_01,30,2974.0,3349.0,3161.5
n3_TS,n3,TS,tai50_20_03.F.15_01,1,2752.0,3155.0,2953.5
n3_TS,n3,TS,tai50_20_03.F.15_01,2,2721.0,3121.0,2921.0
n3_TS,n3,TS,tai50_20_03.F.15_01,3,2712.0,3152.0,2932.0
n3_TS,n3,TS,tai50_20_03.F.15_01,4,2723.0,3141.0,2932.0
n3_TS,n3,TS,tai50_20_03.F.15_01,5,2795.0,3203.0,2999.0
n3_TS,n3,TS,tai50_20_03.F.15_01,6,2721.0,3182.0,2951.5
n3_TS,n3,TS,tai50_20_03.F.15_01,7,2719.0,3155.0,2937.0
n3_TS,n3,TS,tai50_20_03.F.15_01,8,2727.0,3158.0,2942.5
n3_TS,n3,TS,tai50_20_03.F.15_01,9,2714.0,3142.0,2928.0
n3_TS,n3,TS,tai50_20_03.F.15_01,10,2690.0,3152.0,2921.0
n3_TS,n3,TS,tai50_20_03.F.15_01,11,2753.0,3155.0,2954.0
n3_TS,n3,TS,tai50_20_03.F.15_01,12,2725.0,3147.0,2936.0
n3_TS,n3,TS,tai50_20_03.F.15_01,13,2699.0,3119.0,2909.0
n3_TS,n3,TS,tai50_20_03.F.15_01,14,2700.0,3134.0,2917.0
n3_TS,n3,TS,tai50_20_03.F.15_01,15,2657.0,3114.0,2885.5
n3_TS,n3,TS,tai50_20_03.F.15_01,16,2684.0,3115.0,2899.5
n3_TS,n3,TS,tai50_20_03.F.15_01,17,2697.0,3126.0,2911.5
n3_TS,n3,TS,tai50_20_03.F.15_01,18,2746.0,3173.0,2959.5
n3_TS,n3,TS,tai50_20_03.F.15_01,19,2700.0,3136.0,2918.0
n3_TS,n3,TS,tai50_20_03.F.15_01,20,2702.0,3135.0,2918.5
n3_TS,n3,TS,tai50_20_03.F.15_01,21,2731.0,3144.0,2937.5
n3_TS,n3,TS,tai50_20_03.F.15_01,22,2750.0,3154.0,2952.0
n3_TS,n3,TS,tai50_20_03.F.15_01,23,2728.0,3171.0,2949.5
n3_TS,n3,TS,tai50_20_03.F.15_01,24,2688.0,3128.0,2908.0
n3_TS,n3,TS,tai50_20_03.F.15_01,25,2691.0,3091.0,2891.0
n3_TS,n3,TS,tai50_20_03.F.15_01,26,2690.0,3153.0,2921.5
n3_TS,n3,TS,tai50_20_03.F.15_01,27,2671.0,3123.0,2897.0
n3_TS,n3,TS,tai50_20_03.F.15_01,28,2731.0,3112.0,2921.5
n3_TS,n3,TS,tai50_20_03.F.15_01,29,2672.0,3105.0,2888.5
n3_TS,n3,TS,tai50_20_03.F.15_01,30,2677.0,3116.0,2896.5
n3_TS,n3,TS,tai50_20_04.F.15_01,1,2728.0,3099.0,2913.5
n3_TS,n3,TS,tai50_20_04.F.15_01,2,2702.0,3046.0,2874.0
n3_TS,n3,TS,tai50_20_04.F.15_01,3,2665.0,3070.0,2867.5
n3_TS,n3,TS,tai50_20_04.F.15_01,4,2655.0,3031.0,2843.0
n3_TS,n3,TS,tai50_20_04.F.15_01,5,2664.0,3060.0,2862.0
n3_TS,n3,TS,tai50_20_04.F.15_01,6,2647.0,3035.0,2841.0
n3_TS,n3,TS,tai50_20_04.F.15_01,7,2639.0,3057.0,2848.0
n3_TS,n3,TS,tai50_20_04.F.15_01,8,2669.0,3068.0,2868.5
n3_TS,n3,TS,tai50_20_04.F.15_01,9,2684.0,3087.0,2885.5
n3_TS,n3,TS,tai50_20_04.F.15_01,10,2658.0,3052.0,2855.0
n3_TS,n3,TS,tai50_20_04.F.15_01,11,2631.0,3029.0,2830.0
n3_TS,n3,TS,tai50_20_04.F.15_01,12,2665.0,3073.0,2869.0
n3_TS,n3,TS,tai50_20_04.F.15_01,13,2658.0,3035.0,2846.5
n3_TS,n3,TS,tai50_20_04.F.15_01,14,2682.0,3028.0,2855.0
n3_TS,n3,TS,tai50_20_04.F.15_01,15,2643.0,3039.0,2841.0
n3_TS,n3,TS,tai50_20_04.F.15_01,16,2653.0,3036.0,2844.5
n3_TS,n3,TS,tai50_20_04.F.15_01,17,2634.0,3031.0,2832.5
n3_TS,n3,TS,tai50_20_04.F.15_01,18,2637.0,3053.0,2845.0
n3_TS,n3,TS,tai50_20_04.F.15_01,19,2675.0,3041.0,2858.0
n3_TS,n3,TS,tai50_20_04.F.15_01,20,2640.0,3036.0,2838.0
n3_TS,n3,TS,tai50_20_04.F.15_01,21,2639.0,3008.0,2823.5
n3_TS,n3,TS,tai50_20_04.F.15_01,22,2663.0,3024.0,2843.5
n3_TS,n3,TS,tai50_20_04.F.15_01,23,2623.0,3057.0,2840.0
n3_TS,n3,TS,tai50_20_04.F.15_01,24,2677.0,3058.0,2867.5
n3_TS,n3,TS,tai50_20_04.F.15_01,25,2669.0,3031.0,2850.0
n3_TS,n3,TS,tai50_20_04.F.15_01,26,2666.0,3032.0,2849.0
n3_TS,n3,TS,tai50_20_04.F.15_01,27,2654.0,3039.0,2846.5
n3_TS,n3,TS,tai50_20_04.F.15_01,28,2633.0,3017.0,2825.0
n3_TS,n3,TS,tai50_20_04.F.15_01,29,2631.0,3014.0,2822.5
n3_TS,n3,TS,tai50_20_04.F.15_01,30,2643.0,3025.0,2834.0
n3_TS,n3,TS,tai50_20_05.F.15_01,1,2734.0,3129.0,2931.5
n3_TS,n3,TS,tai50_20_05.F.15_01,2,2696.0,3092.0,2894.0
n3_TS,n3,TS,tai50_20_05.F.15_01,3,2741.0,3137.0,2939.0
n3_TS,n3,TS,tai50_20_05.F.15_01,4,2807.0,3148.0,2977.5
n3_TS,n3,TS,tai50_20_05.F.15_01,5,2752.0,3130.0,2941.0
n3_TS,n3,TS,tai50_20_05.F.15_01,6,2750.0,3136.0,2943.0
n3_TS,n3,TS,tai50_20_05.F.15_01,7,2770.0,3141.0,2955.5
n3_TS,n3,TS,tai50_20_05.F.15_01,8,2772.0,3148.0,2960.0
n3_TS,n3,TS,tai50_20_05.F.15_01,9,2773.0,3145.0,2959.0
n3_TS,n3,TS,tai50_20_05.F.15_01,10,2711.0,3066.0,2888.5
n3_TS,n3,TS,tai50_20_05.F.15_01,11,2711.0,3074.0,2892.5
n3_TS,n3,TS,tai50_20_05.F.15_01,12,2754.0,3137.0,2945.5
n3_TS,n3,TS,tai50_20_05.F.15_01,13,2701.0,3083.0,2892.0
n3_TS,n3,TS,tai50_20_05.F.15_01,14,2773.0,3143.0,2958.0
n3_TS,n3,TS,tai50_20_05.F.15_01,15,2750.0,3117.0,2933.5
n3_TS,n3,TS,tai50_20_05.F.15_01,16,2759.0,3146.0,2952.5
n3_TS,n3,TS,tai50_20_05.F.15_01,17,2722.0,3097.0,2909.5
n3_TS,n3,TS,tai50_20_05.F.15_01,18,2741.0,3113.0,2927.0
n3_TS,n3,TS,tai50_20_05.F.15_01,19,2696.0,3102.0,2899.0
n3_TS,n3,TS,tai50_20_05.F.15_01,20,2740.0,3132.0,2936.0
n3_TS,n3,TS,tai50_20_05.F.15_01,21,2760.0,3144.0,2952.0
n3_TS,n3,TS,tai50_20_05.F.15_01,22,2671.0,3074.0,2872.5
n3_TS,n3,TS,tai50_20_05.F.15_01,23,2711.0,3076.0,2893.5
n3_TS,n3,TS,tai50_20_05.F.15_01,24,2748.0,3107.0,2927.5
n3_TS,n3,TS,tai50_20_05.F.15_01,25,2719.0,3093.0,2906.0
n3_TS,n3,TS,tai50_20_05.F.15_01,26,2675.0,3054.0,2864.5
n3_TS,n3,TS,tai50_20_05.F.15_01,27,2742.0,3106.0,2924.0
n3_TS,n3,TS,tai50_20_05.F.15_01,28,2689.0,3076.0,2882.5
n3_TS,n3,TS,tai50_20_05.F.15_01,29,2725.0,3084.0,2904.5
n3_TS,n3,TS,tai50_20_05.F.15_01,30,2750.0,3109.0,2929.5
n3_TS,n3,TS,tai50_20_06.F.15_01,1,2836.0,3226.0,3031.0
n3_TS,n3,TS,tai50_20_06.F.15_01,2,2786.0,3198.0,2992.0
n3_TS,n3,TS,tai50_20_06.F.15_01,3,2783.0,3209.0,2996.0
n3_TS,n3,TS,tai50_20_06.F.15_01,4,2802.0,3211.0,3006.5
n3_TS,n3,TS,tai50_20_06.F.15_01,5,2834.0,3244.0,3039.0
n3_TS,n3,TS,tai50_20_06.F.15_01,6,2838.0,3235.0,3036.5
n3_TS,n3,TS,tai50_20_06.F.15_01,7,2824.0,3248.0,3036.0
n3_TS,n3,TS,tai50_20_06.F.15_01,8,2797.0,3233.0,3015.0
n3_TS,n3,TS,tai50_20_06.F.15_01,9,2784.0,3216.0,3000.0
n3_TS,n3,TS,tai50_20_06.F.15_01,10,2796.0,3221.0,3008.5
n3_TS,n3,TS,tai50_20_06.F.15_01,11,2797.0,3221.0,3009.0
n3_TS,n3,TS,tai50_20_06.F.15_01,12,2820.0,3245.0,3032.5
n3_TS,n3,TS,tai50_20_06.F.15_01,13,2808.0,3247.0,3027.5
n3_TS,n3,TS,tai50_20_06.F.15_01,14,2818.0,3227.0,3022.5
n3_TS,n3,TS,tai50_20_06.F.15_01,15,2819.0,3216.0,3017.5
n3_TS,n3,TS,tai50_20_06.F.15_01,16,2793.0,3211.0,3002.0
n3_TS,n3,TS,tai50_20_06.F.15_01,17,2790.0,3196.0,2993.0
n3_TS,n3,TS,tai50_20_06.F.15_01,18,2799.0,3207.0,3003.0
n3_TS,n3,TS,tai50_20_06.F.15_01,19,2786.0,3231.0,3008.5
n3_TS,n3,TS,tai50_20_06.F.15_01,20,2799.0,3219.0,3009.0
n3_TS,n3,TS,tai50_20_06.F.15_01,21,2874.0,3238.0,3056.0
n3_TS,n3,TS,tai50_20_06.F.15_01,22,2774.0,3191.0,2982.5
n3_TS,n3,TS,tai50_20_06.F.15_01,23,2769.0,3201.0,2985.0
n3_TS,n3,TS,tai50_20_06.F.15_01,24,2832.0,3258.0,3045.0
n3_TS,n3,TS,tai50_20_06.F.15_01,25,2774.0,3181.0,2977.5
n3_TS,n3,TS,tai50_20_06.F.15_01,26,2771.0,3230.0,3000.5
n3_TS,n3,TS,tai50_20_06.F.15_01,27,2822.0,3222.0,3022.0
n3_TS,n3,TS,tai50_20_06.F.15_01,28,2810.0,3220.0,3015.0
n3_TS,n3,TS,tai50_20_06.F.15_01,29,2797.0,3233.0,3015.0
n3_TS,n3,TS,tai50_20_06.F.15_01,30,2790.0,3207.0,2998.5
n3_TS,n3,TS,tai50_20_07.F.15_01,1,2808.0,3253.0,3030.5
n3_TS,n3,TS,tai50_20_07.F.15_01,2,2847.0,3270.0,3058.5
n3_TS,n3,TS,tai50_20_07.F.15_01,3,2837.0,3288.0,3062.5
n3_TS,n3,TS,tai50_20_07.F.15_01,4,2800.0,3242.0,3021.0
n3_TS,n3,TS,tai50_20_07.F.15_01,5,2858.0,3270.0,3064.0
n3_TS,n3,TS,tai50_20_07.F.15_01,6,2764.0,3201.0,2982.5
n3_TS,n3,TS,tai50_20_07.F.15_01,7,2804.0,3242.0,3023.0
n3_TS,n3,TS,tai50_20_07.F.15_01,8,2784.0,3240.0,3012.0
n3_TS,n3,TS,tai50_20_07.F.15_01,9,2799.0,3204.0,3001.5
n3_TS,n3,TS,tai50_20_07.F.15_01,10,2873.0,3296.0,3084.5
n3_TS,n3,TS,tai50_20_07.F.15_01,11,2845.0,3268.0,3056.5
n3_TS,n3,TS,tai50_20_07.F.15_01,12,2816.0,3237.0,3026.5
n3_TS,n3,TS,tai50_20_07.F.15_01,13,2885.0,3290.0,3087.5
n3_TS,n3,TS,tai50_20_07.F.15_01,14,2758.0,3200.0,2979.0
n3_TS,n3,TS,tai50_20_07.F.15_01,15,2814.0,3228.0,3021.0
n3_TS,n3,TS,tai50_20_07.F.15_01,16,2785.0,3211.0,2998.0
n3_TS,n3,TS,tai50_20_07.F.15_01,17,2825.0,3218.0,3021.5
n3_TS,n3,TS,tai50_20_07.F.15_01,18,2872.0,3311.0,3091.5
n3_TS,n3,TS,tai50_20_07.F.15_01,19,2802.0,3251.0,3026.5
n3_TS,n3,TS,tai50_20_07.F.15_01,20,2766.0,3230.0,2998.0
n3_TS,n3,TS,tai50_20_07.F.15_01,21,2764.0,3243.0,3003.5
n3_TS,n3,TS,tai50_20_07.F.15_01,22,2803.0,3220.0,3011.5
n3_TS,n3,TS,tai50_20_07.F.15_01,23,2810.0,3254.0,3032.0
n3_TS,n3,TS,tai50_20_07.F.15_01,24,2809.0,3248.0,3028.5
n3_TS,n3,TS,tai50_20_07.F.15_01,25,2831.0,3274.0,3052.5
n3_TS,n3,TS,tai50_20_07.F.15_01,26,2820.0,3232.0,3026.0
n3_TS,n3,TS,tai50_20_07.F.15_01,27,2824.0,3231.0,3027.5
n3_TS,n3,TS,tai50_20_07.F.15_01,28,2759.0,3209.0,2984.0
n3_TS,n3,TS,tai50_20_07.F.15_01,29,2835.0,3235.0,3035.0
n3_TS,n3,TS,tai50_20_07.F.15_01,30,2805.0,3249.0,3027.0
n3_TS,n3,TS,tai50_20_08.F.15_01,1,2758.0,3137.0,2947.5
n3_TS,n3,TS,tai50_20_08.F.15_01,2,2718.0,3130.0,2924.0
n3_TS,n3,TS,tai50_20_08.F.15_01,3,2749.0,3125.0,2937.0
n3_TS,n3,TS,tai50_20_08.F.15_01,4,2832.0,3191.0,3011.5
n3_TS,n3,TS,tai50_20_08.F.15_01,5,2792.0,3168.0,2980.0
n3_TS,n3,TS,tai50_20_08.F.15_01,6,2746.0,3144.0,2945.0
n3_TS,n3,TS,tai50_20_08.F.15_01,7,2754.0,3133.0,2943.5
n3_TS,n3,TS,tai50_20_08.F.15_01,8,2744.0,3137.0,2940.5
n3_TS,n3,TS,tai50_20_08.F.15_01,9,2721.0,3119.0,2920.0
n3_TS,n3,TS,tai50_20_08.F.15_01,10,2691.0,3105.0,2898.0
n3_TS,n3,TS,tai50_20_08.F.15_01,11,2737.0,3107.0,2922.0
n3_TS,n3,TS,tai50_20_08.F.15_01,12,2809.0,3186.0,2997.5
n3_TS,n3,TS,tai50_20_08.F.15_01,13,2753.0,3137.0,2945.0
n3_TS,n3,TS,tai50_20_08.F.15_01,14,2710.0,3095.0,2902.5
n3_TS,n3,TS,tai50_20_08.F.15_01,15,2721.0,3079.0,2900.0
n3_TS,n3,TS,tai50_20_08.F.15_01,16,2703.0,3093.0,2898.0
n3_TS,n3,TS,tai50_20_08.F.15_01,17,2755.0,3135.0,2945.0
n3_TS,n3,TS,tai50_20_08.F.15_01,18,2760.0,3162.0,2961.0
n3_TS,n3,TS,tai50_20_08.F.15_01,19,2741.0,3103.0,2922.0
n3_TS,n3,TS,tai50_20_08.F.15_01,20,2733.0,3100.0,2916.5
n3_TS,n3,TS,tai50_20_08.F.15_01,21,2695.0,3084.0,2889.5
n3_TS,n3,TS,tai50_20_08.F.15_01,22,2744.0,3122.0,2933.0
n3_TS,n3,TS,tai50_20_08.F.15_01,23,2734.0,3126.0,2930.0
n3_TS,n3,TS,tai50_20_08.F.15_01,24,2694.0,3079.0,2886.5
n3_TS,n3,TS,tai50_20_08.F.15_01,25,2741.0,3124.0,2932.5
n3_TS,n3,TS,tai50_20_08.F.15_01,26,2770.0,3134.0,2952.0
n3_TS,n3,TS,tai50_20_08.F.15_01,27,2726.0,3116.0,2921.0
n3_TS,n3,TS,tai50_20_08.F.15_01,28,2712.0,3085.0,2898.5
n3_TS,n3,TS,tai50_20_08.F.15_01,29,2724.0,3129.0,2926.5
n3_TS,n3,TS,tai50_20_08.F.15_01,30,2707.0,3086.0,2896.5
n3_TS,n3,TS,tai50_20_09.F.15_01,1,2965.0,3438.0,3201.5
n3_TS,n3,TS,tai50_20_09.F.15_01,2,2990.0,3419.0,3204.5
n3_TS,n3,TS,tai50_20_09.F.15_01,3,3035.0,3415.0,3225.0
n3_TS,n3,TS,tai50_20_09.F.15_01,4,2994.0,3490.0,3242.0
n3_TS,n3,TS,tai50_20_09.F.15_01,5,2993.0,3408.0,3200.5
n3_TS,n3,TS,tai50_20_09.F.15_01,6,2992.0,3457.0,3224.5
n3_TS,n3,TS,tai50_20_09.F.15_01,7,2930.0,3392.0,3161.0
n3_TS,n3,TS,tai50_20_09.F.15_01,8,2977.0,3410.0,3193.5
n3_TS,n3,TS,tai50_20_09.F.15_01,9,2925.0,3388.0,3156.5
n3_TS,n3,TS,tai50_20_09.F.15_01,10,2972.0,3439.0,3205.5
n3_TS,n3,TS,tai50_20_09.F.15_01,11,2970.0,3394.0,3182.0
n3_TS,n3,TS,tai50_20_09.F.15_01,12,2964.0,3403.0,3183.5
n3_TS,n3,TS,tai50_20_09.F.15_01,13,2975.0,3414.0,3194.5
n3_TS,n3,TS,tai50_20_09.F.15_01,14,2953.0,3428.0,3190.5
n3_TS,n3,TS,tai50_20_09.F.15_01,15,3083.0,3507.0,3295.0
n3_TS,n3,TS,tai50_20_09.F.15_01,16,2990.0,3417.0,3203.5
n3_TS,n3,TS,tai50_20_09.F.15_01,17,2957.0,3463.0,3210.0
n3_TS,n3,TS,tai50_20_09.F.15_01,18,2964.0,3385.0,3174.5
n3_TS,n3,TS,tai50_20_09.F.15_01,19,2957.0,3401.0,3179.0
n3_TS,n3,TS,tai50_20_09.F.15_01,20,2989.0,3402.0,3195.5
n3_TS,n3,TS,tai50_20_09.F.15_01,21,2954.0,3439.0,3196.5
n3_TS,n3,TS,tai50_20_09.F.15_01,22,2957.0,3431.0,3194.0
n3_TS,n3,TS,tai50_20_09.F.15_01,23,2962.0,3411.0,3186.5
n3_TS,n3,TS,tai50_20_09.F.15_01,24,2929.0,3380.0,3154.5
n3_TS,n3,TS,tai50_20_09.F.15_01,25,2953.0,3417.0,3185.0
n3_TS,n3,TS,tai50_20_09.F.15_01,26,2917.0,3365.0,3141.0
n3_TS,n3,TS,tai50_20_09.F.15_01,27,2949.0,3400.0,3174.5
n3_TS,n3,TS,tai50_20_09.F.15_01,28,2946.0,3428.0,3187.0
n3_TS,n3,TS,tai50_20_09.F.15_01,29,2939.0,3381.0,3160.0
n3_TS,n3,TS,tai50_20_09.F.15_01,30,2927.0,3401.0,3164.0
n3_TS,n3,TS,tai50_20_10.F.15_01,1,3004.0,3446.0,3225.0
n3_TS,n3,TS,tai50_20_10.F.15_01,2,3034.0,3464.0,3249.0
n3_TS,n3,TS,tai50_20_10.F.15_01,3,3000.0,3433.0,3216.5
n3_TS,n3,TS,tai50_20_10.F.15_01,4,2999.0,3427.0,3213.0
n3_TS,n3,TS,tai50_20_10.F.15_01,5,3039.0,3457.0,3248.0
n3_TS,n3,TS,tai50_20_10.F.15_01,6,3011.0,3420.0,3215.5
n3_TS,n3,TS,tai50_20_10.F.15_01,7,2979.0,3401.0,3190.0
n3_TS,n3,TS,tai50_20_10.F.15_01,8,2971.0,3426.0,3198.5
n3_TS,n3,TS,tai50_20_10.F.15_01,9,2984.0,3400.0,3192.0
n3_TS,n3,TS,tai50_20_10.F.15_01,10,3024.0,3426.0,3225.0
n3_TS,n3,TS,tai50_20_10.F.15_01,11,2976.0,3388.0,3182.0
n3_TS,n3,TS,tai50_20_10.F.15_01,12,3026.0,3456.0,3241.0
n3_TS,n3,TS,tai50_20_10.F.15_01,13,2979.0,3399.0,3189.0
n3_TS,n3,TS,tai50_20_10.F.15_01,14,3032.0,3457.0,3244.5
n3_TS,n3,TS,tai50_20_10.F.15_01,15,3007.0,3443.0,3225.0
n3_TS,n3,TS,tai50_20_10.F.15_01,16,2988.0,3394.0,3191.0
n3_TS,n3,TS,tai50_20_10.F.15_01,17,2988.0,3391.0,3189.5
n3_TS,n3,TS,tai50_20_10.F.15_01,18,2992.0,3436.0,3214.0
n3_TS,n3,TS,tai50_20_10.F.15_01,19,2990.0,3410.0,3200.0
n3_TS,n3,TS,tai50_20_10.F.15_01,20,3046.0,3436.0,3241.0
n3_TS,n3,TS,tai50_20_10.F.15_01,21,2975.0,3436.0,3205.5
n3_TS,n3,TS,tai50_20_10.F.15_01,22,2997.0,3420.0,3208.5
n3_TS,n3,TS,tai50_20_10.F.15_01,23,3003.0,3443.0,3223.0
n3_TS,n3,TS,tai50_20_10.F.15_01,24,3009.0,3425.0,3217.0
n3_TS,n3,TS,tai50_20_10.F.15_01,25,3030.0,3464.0,3247.0
n3_TS,n3,TS,tai50_20_10.F.15_01,26,3000.0,3405.0,3202.5
n3_TS,n3,TS,tai50_20_10.F.15_01,27,2964.0,3387.0,3175.5
n3_TS,n3,TS,tai50_20_10.F.15_01,28,2999.0,3447.0,3223.0
n3_TS,n3,TS,tai50_20_10.F.15_01,29,2981.0,3431.0,3206.0
n3_TS,n3,TS,tai50_20_10.F.15_01,30,2990.0,3423.0,3206.5
n8_TS,n8,TS,F0.15.0.abz7_06,1,631.0,715.0,673.0
n8_TS,n8,TS,F0.15.0.abz7_06,2,636.0,717.0,676.5
n8_TS,n8,TS,F0.15.0.abz7_06,3,639.0,726.0,682.5
n8_TS,n8,TS,F0.15.0.abz7_06,4,644.0,716.0,680.0
n8_TS,n8,TS,F0.15.0.abz7_06,5,654.0,719.0,686.5
n8_TS,n8,TS,F0.15.0.abz7_06,6,636.0,717.0,676.5
n8_TS,n8,TS,F0.15.0.abz7_06,7,636.0,717.0,676.5
n8_TS,n8,TS,F0.15.0.abz7_06,8,640.0,714.0,677.0
n8_TS,n8,TS,F0.15.0.abz7_06,9,636.0,717.0,676.5
n8_TS,n8,TS,F0.15.0.abz7_06,10,623.0,713.0,668.0
n8_TS,n8,TS,F0.15.0.abz7_06,11,639.0,724.0,681.5
n8_TS,n8,TS,F0.15.0.abz7_06,12,636.0,720.0,678.0
n8_TS,n8,TS,F0.15.0.abz7_06,13,636.0,712.0,674.0
n8_TS,n8,TS,F0.15.0.abz7_06,14,636.0,717.0,676.5
n8_TS,n8,TS,F0.15.0.abz7_06,15,636.0,717.0,676.5
n8_TS,n8,TS,F0.15.0.abz7_06,16,638.0,719.0,678.5
n8_TS,n8,TS,F0.15.0.abz7_06,17,639.0,717.0,678.0
n8_TS,n8,TS,F0.15.0.abz7_06,18,632.0,709.0,670.5
n8_TS,n8,TS,F0.15.0.abz7_06,19,642.0,717.0,679.5
n8_TS,n8,TS,F0.15.0.abz7_06,20,630.0,717.0,673.5
n8_TS,n8,TS,F0.15.0.abz7_06,21,633.0,714.0,673.5
n8_TS,n8,TS,F0.15.0.abz7_06,22,630.0,715.0,672.5
n8_TS,n8,TS,F0.15.0.abz7_06,23,636.0,720.0,678.0
n8_TS,n8,TS,F0.15.0.abz7_06,24,635.0,717.0,676.0
n8_TS,n8,TS,F0.15.0.abz7_06,25,632.0,715.0,673.5
n8_TS,n8,TS,F0.15.0.abz7_06,26,640.0,719.0,679.5
n8_TS,n8,TS,F0.15.0.abz7_06,27,632.0,710.0,671.0
n8_TS,n8,TS,F0.15.0.abz7_06,28,629.0,717.0,673.0
n8_TS,n8,TS,F0.15.0.abz7_06,29,636.0,718.0,677.0
n8_TS,n8,TS,F0.15.0.abz7_06,30,627.0,715.0,671.0
n8_TS,n8,TS,F0.15.0.abz8_05,1,653.0,722.0,687.5
n8_TS,n8,TS,F0.15.0.abz8_05,2,650.0,725.0,687.5
n8_TS,n8,TS,F0.15.0.abz8_05,3,661.0,722.0,691.5
n8_TS,n8,TS,F0.15.0.abz8_05,4,651.0,717.0,684.0
n8_TS,n8,TS,F0.15.0.abz8_05,5,654.0,720.0,687.0
n8_TS,n8,TS,F0.15.0.abz8_05,6,657.0,729.0,693.0
n8_TS,n8,TS,F0.15.0.abz8_05,7,654.0,723.0,688.5
n8_TS,n8,TS,F0.15.0.abz8_05,8,650.0,718.0,684.0
n8_TS,n8,TS,F0.15.0.abz8_05,9,650.0,712.0,681.0
n8_TS,n8,TS,F0.15.0.abz8_05,10,641.0,711.0,676.0
n8_TS,n8,TS,F0.15.0.abz8_05,11,655.0,732.0,693.5
n8_TS,n8,TS,F0.15.0.abz8_05,12,642.0,714.0,678.0
n8_TS,n8,TS,F0.15.0.abz8_05,13,666.0,738.0,702.0
n8_TS,n8,TS,F0.15.0.abz8_05,14,662.0,726.0,694.0
n8_TS,n8,TS,F0.15.0.abz8_05,15,649.0,722.0,685.5
n8_TS,n8,TS,F0.15.0.abz8_05,16,659.0,724.0,691.5
n8_TS,n8,TS,F0.15.0.abz8_05,17,651.0,713.0,682.0
n8_TS,n8,TS,F0.15.0.abz8_05,18,648.0,720.0,684.0
n8_TS,n8,TS,F0.15.0.abz8_05,19,665.0,737.0,701.0
n8_TS,n8,TS,F0.15.0.abz8_05,20,660.0,726.0,693.0
n8_TS,n8,TS,F0.15.0.abz8_05,21,656.0,718.0,687.0
n8_TS,n8,TS,F0.15.0.abz8_05,22,655.0,716.0,685.5
n8_TS,n8,TS,F0.15.0.abz8_05,23,658.0,720.0,689.0
n8_TS,n8,TS,F0.15.0.abz8_05,24,651.0,715.0,683.0
n8_TS,n8,TS,F0.15.0.abz8_05,25,652.0,718.0,685.0
n8_TS,n8,TS,F0.15.0.abz8_05,26,646.0,722.0,684.0
n8_TS,n8,TS,F0.15.0.abz8_05,27,652.0,717.0,684.5
n8_TS,n8,TS,F0.15.0.abz8_05,28,652.0,720.0,686.0
n8_TS,n8,TS,F0.15.0.abz8_05,29,653.0,718.0,685.5
n8_TS,n8,TS,F0.15.0.abz8_05,30,653.0,717.0,685.0
n8_TS,n8,TS,F0.15.0.abz9_10,1,669.0,738.0,703.5
n8_TS,n8,TS,F0.15.0.abz9_10,2,673.0,734.0,703.5
n8_TS,n8,TS,F0.15.0.abz9_10,3,666.0,734.0,700.0
n8_TS,n8,TS,F0.15.0.abz9_10,4,666.0,733.0,699.5
n8_TS,n8,TS,F0.15.0.abz9_10,5,679.0,742.0,710.5
n8_TS,n8,TS,F0.15.0.abz9_10,6,659.0,726.0,692.5
n8_TS,n8,TS,F0.15.0.abz9_10,7,669.0,731.0,700.0
n8_TS,n8,TS,F0.15.0.abz9_10,8,666.0,730.0,698.0
n8_TS,n8,TS,F0.15.0.abz9_10,9,679.0,749.0,714.0
n8_TS,n8,TS,F0.15.0.abz9_10,10,662.0,736.0,699.0
n8_TS,n8,TS,F0.15.0.abz9_10,11,670.0,729.0,699.5
n8_TS,n8,TS,F0.15.0.abz9_10,12,671.0,729.0,700.0
n8_TS,n8,TS,F0.15.0.abz9_10,13,665.0,736.0,700.5
n8_TS,n8,TS,F0.15.0.abz9_10,14,667.0,731.0,699.0
n8_TS,n8,TS,F0.15.0.abz9_10,15,669.0,739.0,704.0
n8_TS,n8,TS,F0.15.0.abz9_10,16,677.0,744.0,710.5
n8_TS,n8,TS,F0.15.0.abz9_10,17,662.0,740.0,701.0
n8_TS,n8,TS,F0.15.0.abz9_10,18,670.0,736.0,703.0
n8_TS,n8,TS,F0.15.0.abz9_10,19,665.0,726.0,695.5
n8_TS,n8,TS,F0.15.0.abz9_10,20,665.0,735.0,700.0
n8_TS,n8,TS,F0.15.0.abz9_10,21,664.0,736.0,700.0
n8_TS,n8,TS,F0.15.0.abz9_10,22,662.0,732.0,697.0
n8_TS,n8,TS,F0.15.0.abz9_10,23,666.0,736.0,701.0
n8_TS,n8,TS,F0.15.0.abz9_10,24,665.0,733.0,699.0
n8_TS,n8,TS,F0.15.0.abz9_10,25,664.0,730.0,697.0
n8_TS,n8,TS,F0.15.0.abz9_10,26,663.0,724.0,693.5
n8_TS,n8,TS,F0.15.0.abz9_10,27,666.0,729.0,697.5
n8_TS,n8,TS,F0.15.0.abz9_10,28,683.0,747.0,715.0
n8_TS,n8,TS,F0.15.0.abz9_10,29,672.0,740.0,706.0
n8_TS,n8,TS,F0.15.0.abz9_10,30,666.0,738.0,702.0
n8_TS,n8,TS,F0.15.0.ft10_10,1,882.0,989.0,935.5
n8_TS,n8,TS,F0.15.0.ft10_10,2,905.0,993.0,949.0
n8_TS,n8,TS,F0.15.0.ft10_10,3,890.0,990.0,940.0
n8_TS,n8,TS,F0.15.0.ft10_10,4,882.0,989.0,935.5
n8_TS,n8,TS,F0.15.0.ft10_10,5,890.0,990.0,940.0
n8_TS,n8,TS,F0.15.0.ft10_10,6,890.0,990.0,940.0
n8_TS,n8,TS,F0.15.0.ft10_10,7,890.0,990.0,940.0
n8_TS,n8,TS,F0.15.0.ft10_10,8,890.0,990.0,940.0
n8_TS,n8,TS,F0.15.0.ft10_10,9,890.0,990.0,940.0
n8_TS,n8,TS,F0.15.0.ft10_10,10,882.0,989.0,935.5
n8_TS,n8,TS,F0.15.0.ft10_10,11,882.0,989.0,935.5
n8_TS,n8,TS,F0.15.0.ft10_10,12,890.0,990.0,940.0
n8_TS,n8,TS,F0.15.0.ft10_10,13,890.0,990.0,940.0
n8_TS,n8,TS,F0.15.0.ft10_10,14,882.0,989.0,935.5
n8_TS,n8,TS,F0.15.0.ft10_10,15,890.0,990.0,940.0
n8_TS,n8,TS,F0.15.0.ft10_10,16,910.0,998.0,954.0
n8_TS,n8,TS,F0.15.0.ft10_10,17,882.0,989.0,935.5
n8_TS,n8,TS,F0.15.0.ft10_10,18,882.0,989.0,935.5
n8_TS,n8,TS,F0.15.0.ft10_10,19,882.0,989.0,935.5
n8_TS,n8,TS,F0.15.0.ft10_10,20,882.0,989.0,935.5
n8_TS,n8,TS,F0.15.0.ft10_10,21,890.0,990.0,940.0
n8_TS,n8,TS,F0.15.0.ft10_10,22,905.0,993.0,949.0
n8_TS,n8,TS,F0.15.0.ft10_10,23,890.0,990.0,940.0
n8_TS,n8,TS,F0.15.0.ft10_10,24,905.0,993.0,949.0
n8_TS,n8,TS,F0.15.0.ft10_10,25,882.0,989.0,935.5
n8_TS,n8,TS,F0.15.0.ft10_10,26,905.0,993.0,949.0
n8_TS,n8,TS,F0.15.0.ft10_10,27,905.0,993.0,949.0
n8_TS,n8,TS,F0.15.0.ft10_10,28,895.0,997.0,946.0
n8_TS,n8,TS,F0.15.0.ft10_10,29,890.0,990.0,940.0
n8_TS,n8,TS,F0.15.0.ft10_10,30,882.0,989.0,935.5
n8_TS,n8,TS,F0.15.0.ft20_05,1,1094.0,1238.0,1166.0
n8_TS,n8,TS,F0.15.0.ft20_05,2,1094.0,1238.0,1166.0
n8_TS,n8,TS,F0.15.0.ft20_05,3,1101.0,1245.0,1173.0
n8_TS,n8,TS,F0.15.0.ft20_05,4,1094.0,1238.0,1166.0
n8_TS,n8,TS,F0.15.0.ft20_05,5,1094.0,1238.0,1166.0
n8_TS,n8,TS,F0.15.0.ft20_05,6,1094.0,1238.0,1166.0
n8_TS,n8,TS,F0.15.0.ft20_05,7,1094.0,1238.0,1166.0
n8_TS,n8,TS,F0.15.0.ft20_05,8,1094.0,1238.0,1166.0
n8_TS,n8,TS,F0.15.0.ft20_05,9,1106.0,1250.0,1178.0
n8_TS,n8,TS,F0.15.0.ft20_05,10,1094.0,1238.0,1166.0
n8_TS,n8,TS,F0.15.0.ft20_05,11,1094.0,1238.0,1166.0
n8_TS,n8,TS,F0.15.0.ft20_05,12,1094.0,1238.0,1166.0
n8_TS,n8,TS,F0.15.0.ft20_05,13,1094.0,1238.0,1166.0
n8_TS,n8,TS,F0.15.0.ft20_05,14,1101.0,1245.0,1173.0
n8_TS,n8,TS,F0.15.0.ft20_05,15,1094.0,1238.0,1166.0
n8_TS,n8,TS,F0.15.0.ft20_05,16,1094.0,1238.0,1166.0
n8_TS,n8,TS,F0.15.0.ft20_05,17,1094.0,1238.0,1166.0
n8_TS,n8,TS,F0.15.0.ft20_05,18,1094.0,1238.0,1166.0
n8_TS,n8,TS,F0.15.0.ft20_05,19,1094.0,1238.0,1166.0
n8_TS,n8,TS,F0.15.0.ft20_05,20,1094.0,1238.0,1166.0
n8_TS,n8,TS,F0.15.0.ft20_05,21,1094.0,1238.0,1166.0
n8_TS,n8,TS,F0.15.0.ft20_05,22,1094.0,1238.0,1166.0
n8_TS,n8,TS,F0.15.0.ft20_05,23,1094.0,1238.0,1166.0
n8_TS,n8,TS,F0.15.0.ft20_05,24,1094.0,1238.0,1166.0
n8_TS,n8,TS,F0.15.0.ft20_05,25,1094.0,1238.0,1166.0
n8_TS,n8,TS,F0.15.0.ft20_05,26,1106.0,1250.0,1178.0
n8_TS,n8,TS,F0.15.0.ft20_05,27,1101.0,1245.0,1173.0
n8_TS,n8,TS,F0.15.0.ft20_05,28,1094.0,1238.0,1166.0
n8_TS,n8,TS,F0.15.0.ft20_05,29,1094.0,1238.0,1166.0
n8_TS,n8,TS,F0.15.0.ft20_05,30,1106.0,1250.0,1178.0
n8_TS,n8,TS,F0.15.0.la21_04,1,1022.0,1133.0,1077.5
n8_TS,n8,TS,F0.15.0.la21_04,2,984.0,1126.0,1055.0
n8_TS,n8,TS,F0.15.0.la21_04,3,996.0,1122.0,1059.0
n8_TS,n8,TS,F0.15.0.la21_04,4,1022.0,1132.0,1077.0
n8_TS,n8,TS,F0.15.0.la21_04,5,1007.0,1128.0,1067.5
n8_TS,n8,TS,F0.15.0.la21_04,6,1006.0,1138.0,1072.0
n8_TS,n8,TS,F0.15.0.la21_04,7,1022.0,1132.0,1077.0
n8_TS,n8,TS,F0.15.0.la21_04,8,996.0,1122.0,1059.0
n8_TS,n8,TS,F0.15.0.la21_04,9,996.0,1122.0,1059.0
n8_TS,n8,TS,F0.15.0.la21_04,10,982.0,1122.0,1052.0
n8_TS,n8,TS,F0.15.0.la21_04,11,982.0,1122.0,1052.0
n8_TS,n8,TS,F0.15.0.la21_04,12,982.0,1122.0,1052.0
n8_TS,n8,TS,F0.15.0.la21_04,13,996.0,1122.0,1059.0
n8_TS,n8,TS,F0.15.0.la21_04,14,982.0,1122.0,1052.0
n8_TS,n8,TS,F0.15.0.la21_04,15,1002.0,1126.0,1064.0
n8_TS,n8,TS,F0.15.0.la21_04,16,982.0,1122.0,1052.0
n8_TS,n8,TS,F0.15.0.la21_04,17,996.0,1122.0,1059.0
n8_TS,n8,TS,F0.15.0.la21_04,18,986.0,1129.0,1057.5
n8_TS,n8,TS,F0.15.0.la21_04,19,996.0,1122.0,1059.0
n8_TS,n8,TS,F0.15.0.la21_04,20,996.0,1122.0,1059.0
n8_TS,n8,TS,F0.15.0.la21_04,21,996.0,1122.0,1059.0
n8_TS,n8,TS,F0.15.0.la21_04,22,996.0,1122.0,1059.0
n8_TS,n8,TS,F0.15.0.la21_04,23,996.0,1122.0,1059.0
n8_TS,n8,TS,F0.15.0.la21_04,24,996.0,1122.0,1059.0
n8_TS,n8,TS,F0.15.0.la21_04,25,996.0,1122.0,1059.0
n8_TS,n8,TS,F0.15.0.la21_04,26,996.0,1122.0,1059.0
n8_TS,n8,TS,F0.15.0.la21_04,27,996.0,1122.0,1059.0
n8_TS,n8,TS,F0.15.0.la21_04,28,996.0,1122.0,1059.0
n8_TS,n8,TS,F0.15.0.la21_04,29,996.0,1122.0,1059.0
n8_TS,n8,TS,F0.15.0.la21_04,30,992.0,1133.0,1062.5
n8_TS,n8,TS,F0.15.0.la24_03,1,873.0,1012.0,942.5
n8_TS,n8,TS,F0.15.0.la24_03,2,908.0,1015.0,961.5
n8_TS,n8,TS,F0.15.0.la24_03,3,876.0,1013.0,944.5
n8_TS,n8,TS,F0.15.0.la24_03,4,876.0,1013.0,944.5
n8_TS,n8,TS,F0.15.0.la24_03,5,877.0,1017.0,947.0
n8_TS,n8,TS,F0.15.0.la24_03,6,876.0,1013.0,944.5
n8_TS,n8,TS,F0.15.0.la24_03,7,896.0,1034.0,965.0
n8_TS,n8,TS,F0.15.0.la24_03,8,888.0,1021.0,954.5
n8_TS,n8,TS,F0.15.0.la24_03,9,876.0,1013.0,944.5
n8_TS,n8,TS,F0.15.0.la24_03,10,876.0,1013.0,944.5
n8_TS,n8,TS,F0.15.0.la24_03,11,876.0,1013.0,944.5
n8_TS,n8,TS,F0.15.0.la24_03,12,876.0,1013.0,944.5
n8_TS,n8,TS,F0.15.0.la24_03,13,883.0,1015.0,949.0
n8_TS,n8,TS,F0.15.0.la24_03,14,899.0,1013.0,956.0
n8_TS,n8,TS,F0.15.0.la24_03,15,876.0,1013.0,944.5
n8_TS,n8,TS,F0.15.0.la24_03,16,876.0,1013.0,944.5
n8_TS,n8,TS,F0.15.0.la24_03,17,892.0,1012.0,952.0
n8_TS,n8,TS,F0.15.0.la24_03,18,883.0,1015.0,949.0
n8_TS,n8,TS,F0.15.0.la24_03,19,876.0,1013.0,944.5
n8_TS,n8,TS,F0.15.0.la24_03,20,871.0,1010.0,940.5
n8_TS,n8,TS,F0.15.0.la24_03,21,877.0,1017.0,947.0
n8_TS,n8,TS,F0.15.0.la24_03,22,880.0,1013.0,946.5
n8_TS,n8,TS,F0.15.0.la24_03,23,889.0,1015.0,952.0
n8_TS,n8,TS,F0.15.0.la24_03,24,888.0,1015.0,951.5
n8_TS,n8,TS,F0.15.0.la24_03,25,876.0,1013.0,944.5
n8_TS,n8,TS,F0.15.0.la24_03,26,880.0,1013.0,946.5
n8_TS,n8,TS,F0.15.0.la24_03,27,888.0,1012.0,950.0
n8_TS,n8,TS,F0.15.0.la24_03,28,889.0,1015.0,952.0
n8_TS,n8,TS,F0.15.0.la24_03,29,877.0,1017.0,947.0
n8_TS,n8,TS,F0.15.0.la24_03,30,883.0,1015.0,949.0
n8_TS,n8,TS,F0.15.0.la25_04,1,942.0,1050.0,996.0
n8_TS,n8,TS,F0.15.0.la25_04,2,917.0,1052.0,984.5
n8_TS,n8,TS,F0.15.0.la25_04,3,942.0,1050.0,996.0
n8_TS,n8,TS,F0.15.0.la25_04,4,917.0,1052.0,984.5
n8_TS,n8,TS,F0.15.0.la25_04,5,917.0,1052.0,984.5
n8_TS,n8,TS,F0.15.0.la25_04,6,942.0,1050.0,996.0
n8_TS,n8,TS,F0.15.0.la25_04,7,917.0,1052.0,984.5
n8_TS,n8,TS,F0.15.0.la25_04,8,944.0,1045.0,994.5
n8_TS,n8,TS,F0.15.0.la25_04,9,917.0,1052.0,984.5
n8_TS,n8,TS,F0.15.0.la25_04,10,923.0,1052.0,987.5
n8_TS,n8,TS,F0.15.0.la25_04,11,917.0,1052.0,984.5
n8_TS,n8,TS,F0.15.0.la25_04,12,917.0,1052.0,984.5
n8_TS,n8,TS,F0.15.0.la25_04,13,922.0,1045.0,983.5
n8_TS,n8,TS,F0.15.0.la25_04,14,942.0,1050.0,996.0
n8_TS,n8,TS,F0.15.0.la25_04,15,944.0,1045.0,994.5
n8_TS,n8,TS,F0.15.0.la25_04,16,947.0,1056.0,1001.5
n8_TS,n8,TS,F0.15.0.la25_04,17,917.0,1052.0,984.5
n8_TS,n8,TS,F0.15.0.la25_04,18,940.0,1055.0,997.5
n8_TS,n8,TS,F0.15.0.la25_04,19,917.0,1046.0,981.5
n8_TS,n8,TS,F0.15.0.la25_04,20,917.0,1052.0,984.5
n8_TS,n8,TS,F0.15.0.la25_04,21,922.0,1045.0,983.5
n8_TS,n8,TS,F0.15.0.la25_04,22,917.0,1052.0,984.5
n8_TS,n8,TS,F0.15.0.la25_04,23,917.0,1052.0,984.5
n8_TS,n8,TS,F0.15.0.la25_04,24,917.0,1052.0,984.5
n8_TS,n8,TS,F0.15.0.la25_04,25,917.0,1052.0,984.5
n8_TS,n8,TS,F0.15.0.la25_04,26,917.0,1052.0,984.5
n8_TS,n8,TS,F0.15.0.la25_04,27,942.0,1051.0,996.5
n8_TS,n8,TS,F0.15.0.la25_04,28,917.0,1052.0,984.5
n8_TS,n8,TS,F0.15.0.la25_04,29,944.0,1050.0,997.0
n8_TS,n8,TS,F0.15.0.la25_04,30,942.0,1050.0,996.0
n8_TS,n8,TS,F0.15.0.la27_09,1,1187.0,1329.0,1258.0
n8_TS,n8,TS,F0.15.0.la27_09,2,1180.0,1332.0,1256.0
n8_TS,n8,TS,F0.15.0.la27_09,3,1180.0,1322.0,1251.0
n8_TS,n8,TS,F0.15.0.la27_09,4,1180.0,1344.0,1262.0
n8_TS,n8,TS,F0.15.0.la27_09,5,1179.0,1333.0,1256.0
n8_TS,n8,TS,F0.15.0.la27_09,6,1179.0,1333.0,1256.0
n8_TS,n8,TS,F0.15.0.la27_09,7,1183.0,1345.0,1264.0
n8_TS,n8,TS,F0.15.0.la27_09,8,1190.0,1329.0,1259.5
n8_TS,n8,TS,F0.15.0.la27_09,9,1179.0,1333.0,1256.0
n8_TS,n8,TS,F0.15.0.la27_09,10,1174.0,1335.0,1254.5
n8_TS,n8,TS,F0.15.0.la27_09,11,1194.0,1329.0,1261.5
n8_TS,n8,TS,F0.15.0.la27_09,12,1187.0,1329.0,1258.0
n8_TS,n8,TS,F0.15.0.la27_09,13,1180.0,1344.0,1262.0
n8_TS,n8,TS,F0.15.0.la27_09,14,1179.0,1333.0,1256.0
n8_TS,n8,TS,F0.15.0.la27_09,15,1174.0,1329.0,1251.5
n8_TS,n8,TS,F0.15.0.la27_09,16,1185.0,1336.0,1260.5
n8_TS,n8,TS,F0.15.0.la27_09,17,1161.0,1324.0,1242.5
n8_TS,n8,TS,F0.15.0.la27_09,18,1169.0,1329.0,1249.0
n8_TS,n8,TS,F0.15.0.la27_09,19,1173.0,1335.0,1254.0
n8_TS,n8,TS,F0.15.0.la27_09,20,1179.0,1333.0,1256.0
n8_TS,n8,TS,F0.15.0.la27_09,21,1183.0,1345.0,1264.0
n8_TS,n8,TS,F0.15.0.la27_09,22,1179.0,1333.0,1256.0
n8_TS,n8,TS,F0.15.0.la27_09,23,1191.0,1350.0,1270.5
n8_TS,n8,TS,F0.15.0.la27_09,24,1179.0,1339.0,1259.0
n8_TS,n8,TS,F0.15.0.la27_09,25,1179.0,1333.0,1256.0
n8_TS,n8,TS,F0.15.0.la27_09,26,1185.0,1331.0,1258.0
n8_TS,n8,TS,F0.15.0.la27_09,27,1182.0,1330.0,1256.0
n8_TS,n8,TS,F0.15.0.la27_09,28,1171.0,1323.0,1247.0
n8_TS,n8,TS,F0.15.0.la27_09,29,1173.0,1329.0,1251.0
n8_TS,n8,TS,F0.15.0.la27_09,30,1179.0,1333.0,1256.0
n8_TS,n8,TS,F0.15.0.la29_03,1,1122.0,1275.0,1198.5
n8_TS,n8,TS,F0.15.0.la29_03,2,1102.0,1255.0,1178.5
n8_TS,n8,TS,F0.15.0.la29_03,3,1115.0,1270.0,1192.5
n8_TS,n8,TS,F0.15.0.la29_03,4,1113.0,1257.0,1185.0
n8_TS,n8,TS,F0.15.0.la29_03,5,1111.0,1254.0,1182.5
n8_TS,n8,TS,F0.15.0.la29_03,6,1127.0,1256.0,1191.5
n8_TS,n8,TS,F0.15.0.la29_03,7,1108.0,1250.0,1179.0
n8_TS,n8,TS,F0.15.0.la29_03,8,1117.0,1243.0,1180.0
n8_TS,n8,TS,F0.15.0.la29_03,9,1116.0,1277.0,1196.5
n8_TS,n8,TS,F0.15.0.la29_03,10,1109.0,1255.0,1182.0
n8_TS,n8,TS,F0.15.0.la29_03,11,1118.0,1268.0,1193.0
n8_TS,n8,TS,F0.15.0.la29_03,12,1127.0,1255.0,1191.0
n8_TS,n8,TS,F0.15.0.la29_03,13,1117.0,1254.0,1185.5
n8_TS,n8,TS,F0.15.0.la29_03,14,1119.0,1251.0,1185.0
n8_TS,n8,TS,F0.15.0.la29_03,15,1123.0,1263.0,1193.0
n8_TS,n8,TS,F0.15.0.la29_03,16,1106.0,1243.0,1174.5
n8_TS,n8,TS,F0.15.0.la29_03,17,1126.0,1265.0,1195.5
n8_TS,n8,TS,F0.15.0.la29_03,18,1131.0,1253.0,1192.0
n8_TS,n8,TS,F0.15.0.la29_03,19,1099.0,1255.0,1177.0
n8_TS,n8,TS,F0.15.0.la29_03,20,1137.0,1289.0,1213.0
n8_TS,n8,TS,F0.15.0.la29_03,21,1109.0,1262.0,1185.5
n8_TS,n8,TS,F0.15.0.la29_03,22,1113.0,1243.0,1178.0
n8_TS,n8,TS,F0.15.0.la29_03,23,1127.0,1276.0,1201.5
n8_TS,n8,TS,F0.15.0.la29_03,24,1116.0,1253.0,1184.5
n8_TS,n8,TS,F0.15.0.la29_03,25,1137.0,1275.0,1206.0
n8_TS,n8,TS,F0.15.0.la29_03,26,1124.0,1242.0,1183.0
n8_TS,n8,TS,F0.15.0.la29_03,27,1130.0,1270.0,1200.0
n8_TS,n8,TS,F0.15.0.la29_03,28,1115.0,1259.0,1187.0
n8_TS,n8,TS,F0.15.0.la29_03,29,1112.0,1247.0,1179.5
n8_TS,n8,TS,F0.15.0.la29_03,30,1129.0,1259.0,1194.0
n8_TS,n8,TS,F0.15.0.la38_06,1,1169.0,1292.0,1230.5
n8_TS,n8,TS,F0.15.0.la38_06,2,1126.0,1283.0,1204.5
n8_TS,n8,TS,F0.15.0.la38_06,3,1154.0,1291.0,1222.5
n8_TS,n8,TS,F0.15.0.la38_06,4,1170.0,1290.0,1230.0
n8_TS,n8,TS,F0.15.0.la38_06,5,1170.0,1290.0,1230.0
n8_TS,n8,TS,F0.15.0.la38_06,6,1132.0,1301.0,1216.5
n8_TS,n8,TS,F0.15.0.la38_06,7,1140.0,1289.0,1214.5
n8_TS,n8,TS,F0.15.0.la38_06,8,1126.0,1283.0,1204.5
n8_TS,n8,TS,F0.15.0.la38_06,9,1140.0,1289.0,1214.5
n8_TS,n8,TS,F0.15.0.la38_06,10,1170.0,1290.0,1230.0
n8_TS,n8,TS,F0.15.0.la38_06,11,1151.0,1294.0,1222.5
n8_TS,n8,TS,F0.15.0.la38_06,12,1151.0,1306.0,1228.5
n8_TS,n8,TS,F0.15.0.la38_06,13,1172.0,1304.0,1238.0
n8_TS,n8,TS,F0.15.0.la38_06,14,1126.0,1283.0,1204.5
n8_TS,n8,TS,F0.15.0.la38_06,15,1140.0,1289.0,1214.5
n8_TS,n8,TS,F0.15.0.la38_06,16,1140.0,1289.0,1214.5
n8_TS,n8,TS,F0.15.0.la38_06,17,1140.0,1289.0,1214.5
n8_TS,n8,TS,F0.15.0.la38_06,18,1140.0,1289.0,1214.5
n8_TS,n8,TS,F0.15.0.la38_06,19,1148.0,1290.0,1219.0
n8_TS,n8,TS,F0.15.0.la38_06,20,1140.0,1289.0,1214.5
n8_TS,n8,TS,F0.15.0.la38_06,21,1149.0,1290.0,1219.5
n8_TS,n8,TS,F0.15.0.la38_06,22,1142.0,1279.0,1210.5
n8_TS,n8,TS,F0.15.0.la38_06,23,1142.0,1279.0,1210.5
n8_TS,n8,TS,F0.15.0.la38_06,24,1144.0,1295.0,1219.5
n8_TS,n8,TS,F0.15.0.la38_06,25,1145.0,1293.0,1219.0
n8_TS,n8,TS,F0.15.0.la38_06,26,1151.0,1306.0,1228.5
n8_TS,n8,TS,F0.15.0.la38_06,27,1142.0,1280.0,1211.0
n8_TS,n8,TS,F0.15.0.la38_06,28,1157.0,1314.0,1235.5
n8_TS,n8,TS,F0.15.0.la38_06,29,1140.0,1289.0,1214.5
n8_TS,n8,TS,F0.15.0.la38_06,30,1126.0,1283.0,1204.5
n8_TS,n8,TS,F0.15.0.la40_05,1,1144.0,1323.0,1233.5
n8_TS,n8,TS,F0.15.0.la40_05,2,1153.0,1315.0,1234.0
n8_TS,n8,TS,F0.15.0.la40_05,3,1149.0,1337.0,1243.0
n8_TS,n8,TS,F0.15.0.la40_05,4,1144.0,1323.0,1233.5
n8_TS,n8,TS,F0.15.0.la40_05,5,1144.0,1328.0,1236.0
n8_TS,n8,TS,F0.15.0.la40_05,6,1156.0,1328.0,1242.0
n8_TS,n8,TS,F0.15.0.la40_05,7,1146.0,1313.0,1229.5
n8_TS,n8,TS,F0.15.0.la40_05,8,1176.0,1320.0,1248.0
n8_TS,n8,TS,F0.15.0.la40_05,9,1144.0,1323.0,1233.5
n8_TS,n8,TS,F0.15.0.la40_05,10,1144.0,1323.0,1233.5
n8_TS,n8,TS,F0.15.0.la40_05,11,1156.0,1337.0,1246.5
n8_TS,n8,TS,F0.15.0.la40_05,12,1156.0,1313.0,1234.5
n8_TS,n8,TS,F0.15.0.la40_05,13,1144.0,1323.0,1233.5
n8_TS,n8,TS,F0.15.0.la40_05,14,1167.0,1328.0,1247.5
n8_TS,n8,TS,F0.15.0.la40_05,15,1144.0,1323.0,1233.5
n8_TS,n8,TS,F0.15.0.la40_05,16,1144.0,1323.0,1233.5
n8_TS,n8,TS,F0.15.0.la40_05,17,1144.0,1323.0,1233.5
n8_TS,n8,TS,F0.15.0.la40_05,18,1144.0,1323.0,1233.5
n8_TS,n8,TS,F0.15.0.la40_05,19,1153.0,1315.0,1234.0
n8_TS,n8,TS,F0.15.0.la40_05,20,1172.0,1330.0,1251.0
n8_TS,n8,TS,F0.15.0.la40_05,21,1144.0,1323.0,1233.5
n8_TS,n8,TS,F0.15.0.la40_05,22,1144.0,1323.0,1233.5
n8_TS,n8,TS,F0.15.0.la40_05,23,1144.0,1323.0,1233.5
n8_TS,n8,TS,F0.15.0.la40_05,24,1144.0,1328.0,1236.0
n8_TS,n8,TS,F0.15.0.la40_05,25,1144.0,1328.0,1236.0
n8_TS,n8,TS,F0.15.0.la40_05,26,1144.0,1323.0,1233.5
n8_TS,n8,TS,F0.15.0.la40_05,27,1144.0,1323.0,1233.5
n8_TS,n8,TS,F0.15.0.la40_05,28,1155.0,1316.0,1235.5
n8_TS,n8,TS,F0.15.0.la40_05,29,1177.0,1327.0,1252.0
n8_TS,n8,TS,F0.15.0.la40_05,30,1144.0,1323.0,1233.5
n8_TS,n8,TS,tai15_15_01.F.15_01,1,1175.0,1332.0,1253.5
n8_TS,n8,TS,tai15_15_01.F.15_01,2,1178.0,1348.0,1263.0
n8_TS,n8,TS,tai15_15_01.F.15_01,3,1162.0,1352.0,1257.0
n8_TS,n8,TS,tai15_15_01.F.15_01,4,1149.0,1344.0,1246.5
n8_TS,n8,TS,tai15_15_01.F.15_01,5,1175.0,1332.0,1253.5
n8_TS,n8,TS,tai15_15_01.F.15_01,6,1175.0,1332.0,1253.5
n8_TS,n8,TS,tai15_15_01.F.15_01,7,1206.0,1345.0,1275.5
n8_TS,n8,TS,tai15_15_01.F.15_01,8,1175.0,1332.0,1253.5
n8_TS,n8,TS,tai15_15_01.F.15_01,9,1183.0,1347.0,1265.0
n8_TS,n8,TS,tai15_15_01.F.15_01,10,1190.0,1344.0,1267.0
n8_TS,n8,TS,tai15_15_01.F.15_01,11,1186.0,1341.0,1263.5
n8_TS,n8,TS,tai15_15_01.F.15_01,12,1175.0,1332.0,1253.5
n8_TS,n8,TS,tai15_15_01.F.15_01,13,1169.0,1332.0,1250.5
n8_TS,n8,TS,tai15_15_01.F.15_01,14,1175.0,1332.0,1253.5
n8_TS,n8,TS,tai15_15_01.F.15_01,15,1175.0,1332.0,1253.5
n8_TS,n8,TS,tai15_15_01.F.15_01,16,1175.0,1332.0,1253.5
n8_TS,n8,TS,tai15_15_01.F.15_01,17,1175.0,1332.0,1253.5
n8_TS,n8,TS,tai15_15_01.F.15_01,18,1175.0,1332.0,1253.5
n8_TS,n8,TS,tai15_15_01.F.15_01,19,1175.0,1332.0,1253.5
n8_TS,n8,TS,tai15_15_01.F.15_01,20,1172.0,1357.0,1264.5
n8_TS,n8,TS,tai15_15_01.F.15_01,21,1194.0,1342.0,1268.0
n8_TS,n8,TS,tai15_15_01.F.15_01,22,1162.0,1334.0,1248.0
n8_TS,n8,TS,tai15_15_01.F.15_01,23,1174.0,1351.0,1262.5
n8_TS,n8,TS,tai15_15_01.F.15_01,24,1175.0,1332.0,1253.5
n8_TS,n8,TS,tai15_15_01.F.15_01,25,1169.0,1332.0,1250.5
n8_TS,n8,TS,tai15_15_01.F.15_01,26,1162.0,1334.0,1248.0
n8_TS,n8,TS,tai15_15_01.F.15_01,27,1175.0,1332.0,1253.5
n8_TS,n8,TS,tai15_15_01.F.15_01,28,1175.0,1332.0,1253.5
n8_TS,n8,TS,tai15_15_01.F.15_01,29,1179.0,1358.0,1268.5
n8_TS,n8,TS,tai15_15_01.F.15_01,30,1175.0,1332.0,1253.5
n8_TS,n8,TS,tai15_15_02.F.15_01,1,1184.0,1337.0,1260.5
n8_TS,n8,TS,tai15_15_02.F.15_01,2,1183.0,1364.0,1273.5
n8_TS,n8,TS,tai15_15_02.F.15_01,3,1179.0,1339.0,1259.0
n8_TS,n8,TS,tai15_15_02.F.15_01,4,1172.0,1351.0,1261.5
n8_TS,n8,TS,tai15_15_02.F.15_01,5,1184.0,1337.0,1260.5
n8_TS,n8,TS,tai15_15_02.F.15_01,6,1164.0,1346.0,1255.0
n8_TS,n8,TS,tai15_15_02.F.15_01,7,1188.0,1337.0,1262.5
n8_TS,n8,TS,tai15_15_02.F.15_01,8,1172.0,1344.0,1258.0
n8_TS,n8,TS,tai15_15_02.F.15_01,9,1190.0,1337.0,1263.5
n8_TS,n8,TS,tai15_15_02.F.15_01,10,1184.0,1337.0,1260.5
n8_TS,n8,TS,tai15_15_02.F.15_01,11,1175.0,1349.0,1262.0
n8_TS,n8,TS,tai15_15_02.F.15_01,12,1165.0,1348.0,1256.5
n8_TS,n8,TS,tai15_15_02.F.15_01,13,1181.0,1363.0,1272.0
n8_TS,n8,TS,tai15_15_02.F.15_01,14,1178.0,1361.0,1269.5
n8_TS,n8,TS,tai15_15_02.F.15_01,15,1173.0,1338.0,1255.5
n8_TS,n8,TS,tai15_15_02.F.15_01,16,1179.0,1339.0,1259.0
n8_TS,n8,TS,tai15_15_02.F.15_01,17,1185.0,1363.0,1274.0
n8_TS,n8,TS,tai15_15_02.F.15_01,18,1178.0,1361.0,1269.5
n8_TS,n8,TS,tai15_15_02.F.15_01,19,1184.0,1337.0,1260.5
n8_TS,n8,TS,tai15_15_02.F.15_01,20,1184.0,1337.0,1260.5
n8_TS,n8,TS,tai15_15_02.F.15_01,21,1178.0,1361.0,1269.5
n8_TS,n8,TS,tai15_15_02.F.15_01,22,1175.0,1361.0,1268.0
n8_TS,n8,TS,tai15_15_02.F.15_01,23,1193.0,1357.0,1275.0
n8_TS,n8,TS,tai15_15_02.F.15_01,24,1182.0,1348.0,1265.0
n8_TS,n8,TS,tai15_15_02.F.15_01,25,1172.0,1351.0,1261.5
n8_TS,n8,TS,tai15_15_02.F.15_01,26,1184.0,1337.0,1260.5
n8_TS,n8,TS,tai15_15_02.F.15_01,27,1184.0,1337.0,1260.5
n8_TS,n8,TS,tai15_15_02.F.15_01,28,1165.0,1348.0,1256.5
n8_TS,n8,TS,tai15_15_02.F.15_01,29,1183.0,1349.0,1266.0
n8_TS,n8,TS,tai15_15_02.F.15_01,30,1192.0,1351.0,1271.5
n8_TS,n8,TS,tai15_15_03.F.15_01,1,1172.0,1332.0,1252.0
n8_TS,n8,TS,tai15_15_03.F.15_01,2,1155.0,1320.0,1237.5
n8_TS,n8,TS,tai15_15_03.F.15_01,3,1176.0,1313.0,1244.5
n8_TS,n8,TS,tai15_15_03.F.15_01,4,1161.0,1308.0,1234.5
n8_TS,n8,TS,tai15_15_03.F.15_01,5,1191.0,1318.0,1254.5
n8_TS,n8,TS,tai15_15_03.F.15_01,6,1172.0,1318.0,1245.0
n8_TS,n8,TS,tai15_15_03.F.15_01,7,1172.0,1324.0,1248.0
n8_TS,n8,TS,tai15_15_03.F.15_01,8,1173.0,1315.0,1244.0
n8_TS,n8,TS,tai15_15_03.F.15_01,9,1187.0,1312.0,1249.5
n8_TS,n8,TS,tai15_15_03.F.15_01,10,1161.0,1330.0,1245.5
n8_TS,n8,TS,tai15_15_03.F.15_01,11,1155.0,1320.0,1237.5
n8_TS,n8,TS,tai15_15_03.F.15_01,12,1176.0,1313.0,1244.5
n8_TS,n8,TS,tai15_15_03.F.15_01,13,1184.0,1308.0,1246.0
n8_TS,n8,TS,tai15_15_03.F.15_01,14,1177.0,1318.0,1247.5
n8_TS,n8,TS,tai15_15_03.F.15_01,15,1173.0,1312.0,1242.5
n8_TS,n8,TS,tai15_15_03.F.15_01,16,1167.0,1329.0,1248.0
n8_TS,n8,TS,tai15_15_03.F.15_01,17,1167.0,1319.0,1243.0
n8_TS,n8,TS,tai15_15_03.F.15_01,18,1191.0,1318.0,1254.5
n8_TS,n8,TS,tai15_15_03.F.15_01,19,1191.0,1318.0,1254.5
n8_TS,n8,TS,tai15_15_03.F.15_01,20,1167.0,1308.0,1237.5
n8_TS,n8,TS,tai15_15_03.F.15_01,21,1174.0,1337.0,1255.5
n8_TS,n8,TS,tai15_15_03.F.15_01,22,1176.0,1313.0,1244.5
n8_TS,n8,TS,tai15_15_03.F.15_01,23,1165.0,1323.0,1244.0
n8_TS,n8,TS,tai15_15_03.F.15_01,24,1163.0,1329.0,1246.0
n8_TS,n8,TS,tai15_15_03.F.15_01,25,1183.0,1315.0,1249.0
n8_TS,n8,TS,tai15_15_03.F.15_01,26,1183.0,1315.0,1249.0
n8_TS,n8,TS,tai15_15_03.F.15_01,27,1165.0,1317.0,1241.0
n8_TS,n8,TS,tai15_15_03.F.15_01,28,1173.0,1315.0,1244.0
n8_TS,n8,TS,tai15_15_03.F.15_01,29,1175.0,1319.0,1247.0
n8_TS,n8,TS,tai15_15_03.F.15_01,30,1173.0,1312.0,1242.5
n8_TS,n8,TS,tai15_15_04.F.15_01,1,1083.0,1275.0,1179.0
n8_TS,n8,TS,tai15_15_04.F.15_01,2,1084.0,1275.0,1179.5
n8_TS,n8,TS,tai15_15_04.F.15_01,3,1107.0,1279.0,1193.0
n8_TS,n8,TS,tai15_15_04.F.15_01,4,1083.0,1275.0,1179.0
n8_TS,n8,TS,tai15_15_04.F.15_01,5,1083.0,1275.0,1179.0
n8_TS,n8,TS,tai15_15_04.F.15_01,6,1083.0,1275.0,1179.0
n8_TS,n8,TS,tai15_15_04.F.15_01,7,1099.0,1273.0,1186.0
n8_TS,n8,TS,tai15_15_04.F.15_01,8,1112.0,1271.0,1191.5
n8_TS,n8,TS,tai15_15_04.F.15_01,9,1083.0,1275.0,1179.0
n8_TS,n8,TS,tai15_15_04.F.15_01,10,1117.0,1280.0,1198.5
n8_TS,n8,TS,tai15_15_04.F.15_01,11,1099.0,1273.0,1186.0
n8_TS,n8,TS,tai15_15_04.F.15_01,12,1099.0,1273.0,1186.0
n8_TS,n8,TS,tai15_15_04.F.15_01,13,1084.0,1275.0,1179.5
n8_TS,n8,TS,tai15_15_04.F.15_01,14,1099.0,1273.0,1186.0
n8_TS,n8,TS,tai15_15_04.F.15_01,15,1117.0,1277.0,1197.0
n8_TS,n8,TS,tai15_15_04.F.15_01,16,1099.0,1273.0,1186.0
n8_TS,n8,TS,tai15_15_04.F.15_01,17,1116.0,1277.0,1196.5
n8_TS,n8,TS,tai15_15_04.F.15_01,18,1103.0,1274.0,1188.5
n8_TS,n8,TS,tai15_15_04.F.15_01,19,1119.0,1274.0,1196.5
n8_TS,n8,TS,tai15_15_04.F.15_01,20,1083.0,1275.0,1179.0
n8_TS,n8,TS,tai15_15_04.F.15_01,21,1084.0,1275.0,1179.5
n8_TS,n8,TS,tai15_15_04.F.15_01,22,1109.0,1275.0,1192.0
n8_TS,n8,TS,tai15_15_04.F.15_01,23,1084.0,1275.0,1179.5
n8_TS,n8,TS,tai15_15_04.F.15_01,24,1107.0,1279.0,1193.0
n8_TS,n8,TS,tai15_15_04.F.15_01,25,1117.0,1280.0,1198.5
n8_TS,n8,TS,tai15_15_04.F.15_01,26,1083.0,1275.0,1179.0
n8_TS,n8,TS,tai15_15_04.F.15_01,27,1083.0,1275.0,1179.0
n8_TS,n8,TS,tai15_15_04.F.15_01,28,1116.0,1277.0,1196.5
n8_TS,n8,TS,tai15_15_04.F.15_01,29,1117.0,1280.0,1198.5
n8_TS,n8,TS,tai15_15_04.F.15_01,30,1125.0,1279.0,1202.0
n8_TS,n8,TS,tai15_15_05.F.15_01,1,1166.0,1320.0,1243.0
n8_TS,n8,TS,tai15_15_05.F.15_01,2,1193.0,1309.0,1251.0
n8_TS,n8,TS,tai15_15_05.F.15_01,3,1169.0,1317.0,1243.0
n8_TS,n8,TS,tai15_15_05.F.15_01,4,1173.0,1327.0,1250.0
n8_TS,n8,TS,tai15_15_05.F.15_01,5,1183.0,1325.0,1254.0
n8_TS,n8,TS,tai15_15_05.F.15_01,6,1175.0,1328.0,1251.5
n8_TS,n8,TS,tai15_15_05.F.15_01,7,1172.0,1320.0,1246.0
n8_TS,n8,TS,tai15_15_05.F.15_01,8,1193.0,1309.0,1251.0
n8_TS,n8,TS,tai15_15_05.F.15_01,9,1193.0,1309.0,1251.0
n8_TS,n8,TS,tai15_15_05.F.15_01,10,1178.0,1332.0,1255.0
n8_TS,n8,TS,tai15_15_05.F.15_01,11,1173.0,1327.0,1250.0
n8_TS,n8,TS,tai15_15_05.F.15_01,12,1152.0,1322.0,1237.0
n8_TS,n8,TS,tai15_15_05.F.15_01,13,1179.0,1330.0,1254.5
n8_TS,n8,TS,tai15_15_05.F.15_01,14,1173.0,1327.0,1250.0
n8_TS,n8,TS,tai15_15_05.F.15_01,15,1152.0,1322.0,1237.0
n8_TS,n8,TS,tai15_15_05.F.15_01,16,1169.0,1317.0,1243.0
n8_TS,n8,TS,tai15_15_05.F.15_01,17,1173.0,1327.0,1250.0
n8_TS,n8,TS,tai15_15_05.F.15_01,18,1161.0,1319.0,1240.0
n8_TS,n8,TS,tai15_15_05.F.15_01,19,1157.0,1335.0,1246.0
n8_TS,n8,TS,tai15_15_05.F.15_01,20,1154.0,1322.0,1238.0
n8_TS,n8,TS,tai15_15_05.F.15_01,21,1169.0,1317.0,1243.0
n8_TS,n8,TS,tai15_15_05.F.15_01,22,1152.0,1322.0,1237.0
n8_TS,n8,TS,tai15_15_05.F.15_01,23,1184.0,1331.0,1257.5
n8_TS,n8,TS,tai15_15_05.F.15_01,24,1171.0,1324.0,1247.5
n8_TS,n8,TS,tai15_15_05.F.15_01,25,1193.0,1309.0,1251.0
n8_TS,n8,TS,tai15_15_05.F.15_01,26,1193.0,1309.0,1251.0
n8_TS,n8,TS,tai15_15_05.F.15_01,27,1178.0,1332.0,1255.0
n8_TS,n8,TS,tai15_15_05.F.15_01,28,1170.0,1340.0,1255.0
n8_TS,n8,TS,tai15_15_05.F.15_01,29,1172.0,1313.0,1242.5
n8_TS,n8,TS,tai15_15_05.F.15_01,30,1177.0,1324.0,1250.5
n8_TS,n8,TS,tai15_15_06.F.15_01,1,1178.0,1338.0,1258.0
n8_TS,n8,TS,tai15_15_06.F.15_01,2,1178.0,1338.0,1258.0
n8_TS,n8,TS,tai15_15_06.F.15_01,3,1193.0,1344.0,1268.5
n8_TS,n8,TS,tai15_15_06.F.15_01,4,1178.0,1338.0,1258.0
n8_TS,n8,TS,tai15_15_06.F.15_01,5,1178.0,1340.0,1259.0
n8_TS,n8,TS,tai15_15_06.F.15_01,6,1182.0,1338.0,1260.0
n8_TS,n8,TS,tai15_15_06.F.15_01,7,1182.0,1338.0,1260.0
n8_TS,n8,TS,tai15_15_06.F.15_01,8,1178.0,1338.0,1258.0
n8_TS,n8,TS,tai15_15_06.F.15_01,9,1173.0,1365.0,1269.0
n8_TS,n8,TS,tai15_15_06.F.15_01,10,1178.0,1359.0,1268.5
n8_TS,n8,TS,tai15_15_06.F.15_01,11,1178.0,1359.0,1268.5
n8_TS,n8,TS,tai15_15_06.F.15_01,12,1185.0,1333.0,1259.0
n8_TS,n8,TS,tai15_15_06.F.15_01,13,1178.0,1338.0,1258.0
n8_TS,n8,TS,tai15_15_06.F.15_01,14,1191.0,1347.0,1269.0
n8_TS,n8,TS,tai15_15_06.F.15_01,15,1172.0,1347.0,1259.5
n8_TS,n8,TS,tai15_15_06.F.15_01,16,1171.0,1346.0,1258.5
n8_TS,n8,TS,tai15_15_06.F.15_01,17,1182.0,1338.0,1260.0
n8_TS,n8,TS,tai15_15_06.F.15_01,18,1180.0,1343.0,1261.5
n8_TS,n8,TS,tai15_15_06.F.15_01,19,1194.0,1340.0,1267.0
n8_TS,n8,TS,tai15_15_06.F.15_01,20,1187.0,1336.0,1261.5
n8_TS,n8,TS,tai15_15_06.F.15_01,21,1185.0,1333.0,1259.0
n8_TS,n8,TS,tai15_15_06.F.15_01,22,1178.0,1338.0,1258.0
n8_TS,n8,TS,tai15_15_06.F.15_01,23,1182.0,1338.0,1260.0
n8_TS,n8,TS,tai15_15_06.F.15_01,24,1178.0,1338.0,1258.0
n8_TS,n8,TS,tai15_15_06.F.15_01,25,1178.0,1359.0,1268.5
n8_TS,n8,TS,tai15_15_06.F.15_01,26,1194.0,1340.0,1267.0
n8_TS,n8,TS,tai15_15_06.F.15_01,27,1178.0,1338.0,1258.0
n8_TS,n8,TS,tai15_15_06.F.15_01,28,1178.0,1338.0,1258.0
n8_TS,n8,TS,tai15_15_06.F.15_01,29,1193.0,1339.0,1266.0
n8_TS,n8,TS,tai15_15_06.F.15_01,30,1180.0,1343.0,1261.5
n8_TS,n8,TS,tai15_15_07.F.15_01,1,1147.0,1322.0,1234.5
n8_TS,n8,TS,tai15_15_07.F.15_01,2,1160.0,1324.0,1242.0
n8_TS,n8,TS,tai15_15_07.F.15_01,3,1147.0,1322.0,1234.5
n8_TS,n8,TS,tai15_15_07.F.15_01,4,1178.0,1342.0,1260.0
n8_TS,n8,TS,tai15_15_07.F.15_01,5,1147.0,1322.0,1234.5
n8_TS,n8,TS,tai15_15_07.F.15_01,6,1163.0,1338.0,1250.5
n8_TS,n8,TS,tai15_15_07.F.15_01,7,1191.0,1343.0,1267.0
n8_TS,n8,TS,tai15_15_07.F.15_01,8,1186.0,1340.0,1263.0
n8_TS,n8,TS,tai15_15_07.F.15_01,9,1147.0,1322.0,1234.5
n8_TS,n8,TS,tai15_15_07.F.15_01,10,1147.0,1322.0,1234.5
n8_TS,n8,TS,tai15_15_07.F.15_01,11,1191.0,1343.0,1267.0
n8_TS,n8,TS,tai15_15_07.F.15_01,12,1147.0,1322.0,1234.5
n8_TS,n8,TS,tai15_15_07.F.15_01,13,1161.0,1341.0,1251.0
n8_TS,n8,TS,tai15_15_07.F.15_01,14,1158.0,1349.0,1253.5
n8_TS,n8,TS,tai15_15_07.F.15_01,15,1191.0,1336.0,1263.5
n8_TS,n8,TS,tai15_15_07.F.15_01,16,1173.0,1345.0,1259.0
n8_TS,n8,TS,tai15_15_07.F.15_01,17,1147.0,1322.0,1234.5
n8_TS,n8,TS,tai15_15_07.F.15_01,18,1178.0,1342.0,1260.0
n8_TS,n8,TS,tai15_15_07.F.15_01,19,1147.0,1322.0,1234.5
n8_TS,n8,TS,tai15_15_07.F.15_01,20,1172.0,1342.0,1257.0
n8_TS,n8,TS,tai15_15_07.F.15_01,21,1147.0,1322.0,1234.5
n8_TS,n8,TS,tai15_15_07.F.15_01,22,1163.0,1338.0,1250.5
n8_TS,n8,TS,tai15_15_07.F.15_01,23,1178.0,1342.0,1260.0
n8_TS,n8,TS,tai15_15_07.F.15_01,24,1178.0,1342.0,1260.0
n8_TS,n8,TS,tai15_15_07.F.15_01,25,1160.0,1324.0,1242.0
n8_TS,n8,TS,tai15_15_07.F.15_01,26,1178.0,1342.0,1260.0
n8_TS,n8,TS,tai15_15_07.F.15_01,27,1164.0,1344.0,1254.0
n8_TS,n8,TS,tai15_15_07.F.15_01,28,1168.0,1329.0,1248.5
n8_TS,n8,TS,tai15_15_07.F.15_01,29,1147.0,1322.0,1234.5
n8_TS,n8,TS,tai15_15_07.F.15_01,30,1164.0,1346.0,1255.0
n8_TS,n8,TS,tai15_15_08.F.15_01,1,1159.0,1328.0,1243.5
n8_TS,n8,TS,tai15_15_08.F.15_01,2,1168.0,1313.0,1240.5
n8_TS,n8,TS,tai15_15_08.F.15_01,3,1168.0,1313.0,1240.5
n8_TS,n8,TS,tai15_15_08.F.15_01,4,1168.0,1313.0,1240.5
n8_TS,n8,TS,tai15_15_08.F.15_01,5,1182.0,1312.0,1247.0
n8_TS,n8,TS,tai15_15_08.F.15_01,6,1168.0,1313.0,1240.5
n8_TS,n8,TS,tai15_15_08.F.15_01,7,1159.0,1316.0,1237.5
n8_TS,n8,TS,tai15_15_08.F.15_01,8,1168.0,1313.0,1240.5
n8_TS,n8,TS,tai15_15_08.F.15_01,9,1147.0,1315.0,1231.0
n8_TS,n8,TS,tai15_15_08.F.15_01,10,1182.0,1312.0,1247.0
n8_TS,n8,TS,tai15_15_08.F.15_01,11,1182.0,1312.0,1247.0
n8_TS,n8,TS,tai15_15_08.F.15_01,12,1182.0,1312.0,1247.0
n8_TS,n8,TS,tai15_15_08.F.15_01,13,1168.0,1313.0,1240.5
n8_TS,n8,TS,tai15_15_08.F.15_01,14,1147.0,1315.0,1231.0
n8_TS,n8,TS,tai15_15_08.F.15_01,15,1175.0,1334.0,1254.5
n8_TS,n8,TS,tai15_15_08.F.15_01,16,1147.0,1315.0,1231.0
n8_TS,n8,TS,tai15_15_08.F.15_01,17,1147.0,1315.0,1231.0
n8_TS,n8,TS,tai15_15_08.F.15_01,18,1159.0,1316.0,1237.5
n8_TS,n8,TS,tai15_15_08.F.15_01,19,1147.0,1315.0,1231.0
n8_TS,n8,TS,tai15_15_08.F.15_01,20,1154.0,1324.0,1239.0
n8_TS,n8,TS,tai15_15_08.F.15_01,21,1168.0,1313.0,1240.5
n8_TS,n8,TS,tai15_15_08.F.15_01,22,1154.0,1324.0,1239.0
n8_TS,n8,TS,tai15_15_08.F.15_01,23,1186.0,1347.0,1266.5
n8_TS,n8,TS,tai15_15_08.F.15_01,24,1203.0,1328.0,1265.5
n8_TS,n8,TS,tai15_15_08.F.15_01,25,1166.0,1327.0,1246.5
n8_TS,n8,TS,tai15_15_08.F.15_01,26,1159.0,1316.0,1237.5
n8_TS,n8,TS,tai15_15_08.F.15_01,27,1198.0,1332.0,1265.0
n8_TS,n8,TS,tai15_15_08.F.15_01,28,1183.0,1327.0,1255.0
n8_TS,n8,TS,tai15_15_08.F.15_01,29,1182.0,1312.0,1247.0
n8_TS,n8,TS,tai15_15_08.F.15_01,30,1182.0,1312.0,1247.0
n8_TS,n8,TS,tai15_15_09.F.15_01,1,1218.0,1397.0,1307.5
n8_TS,n8,TS,tai15_15_09.F.15_01,2,1218.0,1397.0,1307.5
n8_TS,n8,TS,tai15_15_09.F.15_01,3,1212.0,1396.0,1304.0
n8_TS,n8,TS,tai15_15_09.F.15_01,4,1203.0,1412.0,1307.5
n8_TS,n8,TS,tai15_15_09.F.15_01,5,1232.0,1422.0,1327.0
n8_TS,n8,TS,tai15_15_09.F.15_01,6,1212.0,1396.0,1304.0
n8_TS,n8,TS,tai15_15_09.F.15_01,7,1225.0,1404.0,1314.5
n8_TS,n8,TS,tai15_15_09.F.15_01,8,1218.0,1397.0,1307.5
n8_TS,n8,TS,tai15_15_09.F.15_01,9,1212.0,1396.0,1304.0
n8_TS,n8,TS,tai15_15_09.F.15_01,10,1218.0,1397.0,1307.5
n8_TS,n8,TS,tai15_15_09.F.15_01,11,1223.0,1404.0,1313.5
n8_TS,n8,TS,tai15_15_09.F.15_01,12,1218.0,1397.0,1307.5
n8_TS,n8,TS,tai15_15_09.F.15_01,13,1218.0,1397.0,1307.5
n8_TS,n8,TS,tai15_15_09.F.15_01,14,1218.0,1397.0,1307.5
n8_TS,n8,TS,tai15_15_09.F.15_01,15,1217.0,1396.0,1306.5
n8_TS,n8,TS,tai15_15_09.F.15_01,16,1233.0,1422.0,1327.5
n8_TS,n8,TS,tai15_15_09.F.15_01,17,1218.0,1397.0,1307.5
n8_TS,n8,TS,tai15_15_09.F.15_01,18,1218.0,1397.0,1307.5
n8_TS,n8,TS,tai15_15_09.F.15_01,19,1218.0,1397.0,1307.5
n8_TS,n8,TS,tai15_15_09.F.15_01,20,1206.0,1412.0,1309.0
n8_TS,n8,TS,tai15_15_09.F.15_01,21,1212.0,1396.0,1304.0
n8_TS,n8,TS,tai15_15_09.F.15_01,22,1218.0,1397.0,1307.5
n8_TS,n8,TS,tai15_15_09.F.15_01,23,1203.0,1412.0,1307.5
n8_TS,n8,TS,tai15_15_09.F.15_01,24,1218.0,1397.0,1307.5
n8_TS,n8,TS,tai15_15_09.F.15_01,25,1218.0,1397.0,1307.5
n8_TS,n8,TS,tai15_15_09.F.15_01,26,1218.0,1397.0,1307.5
n8_TS,n8,TS,tai15_15_09.F.15_01,27,1212.0,1396.0,1304.0
n8_TS,n8,TS,tai15_15_09.F.15_01,28,1203.0,1412.0,1307.5
n8_TS,n8,TS,tai15_15_09.F.15_01,29,1218.0,1397.0,1307.5
n8_TS,n8,TS,tai15_15_09.F.15_01,30,1215.0,1412.0,1313.5
n8_TS,n8,TS,tai15_15_10.F.15_01,1,1163.0,1325.0,1244.0
n8_TS,n8,TS,tai15_15_10.F.15_01,2,1186.0,1343.0,1264.5
n8_TS,n8,TS,tai15_15_10.F.15_01,3,1163.0,1325.0,1244.0
n8_TS,n8,TS,tai15_15_10.F.15_01,4,1163.0,1325.0,1244.0
n8_TS,n8,TS,tai15_15_10.F.15_01,5,1196.0,1353.0,1274.5
n8_TS,n8,TS,tai15_15_10.F.15_01,6,1197.0,1361.0,1279.0
n8_TS,n8,TS,tai15_15_10.F.15_01,7,1213.0,1377.0,1295.0
n8_TS,n8,TS,tai15_15_10.F.15_01,8,1196.0,1353.0,1274.5
n8_TS,n8,TS,tai15_15_10.F.15_01,9,1197.0,1361.0,1279.0
n8_TS,n8,TS,tai15_15_10.F.15_01,10,1215.0,1356.0,1285.5
n8_TS,n8,TS,tai15_15_10.F.15_01,11,1197.0,1361.0,1279.0
n8_TS,n8,TS,tai15_15_10.F.15_01,12,1178.0,1348.0,1263.0
n8_TS,n8,TS,tai15_15_10.F.15_01,13,1197.0,1361.0,1279.0
n8_TS,n8,TS,tai15_15_10.F.15_01,14,1196.0,1353.0,1274.5
n8_TS,n8,TS,tai15_15_10.F.15_01,15,1186.0,1343.0,1264.5
n8_TS,n8,TS,tai15_15_10.F.15_01,16,1199.0,1375.0,1287.0
n8_TS,n8,TS,tai15_15_10.F.15_01,17,1197.0,1361.0,1279.0
n8_TS,n8,TS,tai15_15_10.F.15_01,18,1163.0,1325.0,1244.0
n8_TS,n8,TS,tai15_15_10.F.15_01,19,1198.0,1358.0,1278.0
n8_TS,n8,TS,tai15_15_10.F.15_01,20,1163.0,1325.0,1244.0
n8_TS,n8,TS,tai15_15_10.F.15_01,21,1163.0,1325.0,1244.0
n8_TS,n8,TS,tai15_15_10.F.15_01,22,1163.0,1325.0,1244.0
n8_TS,n8,TS,tai15_15_10.F.15_01,23,1163.0,1325.0,1244.0
n8_TS,n8,TS,tai15_15_10.F.15_01,24,1215.0,1377.0,1296.0
n8_TS,n8,TS,tai15_15_10.F.15_01,25,1163.0,1325.0,1244.0
n8_TS,n8,TS,tai15_15_10.F.15_01,26,1163.0,1325.0,1244.0
n8_TS,n8,TS,tai15_15_10.F.15_01,27,1197.0,1361.0,1279.0
n8_TS,n8,TS,tai15_15_10.F.15_01,28,1197.0,1361.0,1279.0
n8_TS,n8,TS,tai15_15_10.F.15_01,29,1163.0,1325.0,1244.0
n8_TS,n8,TS,tai15_15_10.F.15_01,30,1163.0,1325.0,1244.0
n8_TS,n8,TS,tai20_15_01.F.15_01,1,1323.0,1523.0,1423.0
n8_TS,n8,TS,tai20_15_01.F.15_01,2,1357.0,1537.0,1447.0
n8_TS,n8,TS,tai20_15_01.F.15_01,3,1315.0,1517.0,1416.0
n8_TS,n8,TS,tai20_15_01.F.15_01,4,1309.0,1505.0,1407.0
n8_TS,n8,TS,tai20_15_01.F.15_01,5,1311.0,1510.0,1410.5
n8_TS,n8,TS,tai20_15_01.F.15_01,6,1300.0,1495.0,1397.5
n8_TS,n8,TS,tai20_15_01.F.15_01,7,1334.0,1519.0,1426.5
n8_TS,n8,TS,tai20_15_01.F.15_01,8,1314.0,1502.0,1408.0
n8_TS,n8,TS,tai20_15_01.F.15_01,9,1292.0,1497.0,1394.5
n8_TS,n8,TS,tai20_15_01.F.15_01,10,1302.0,1510.0,1406.0
n8_TS,n8,TS,tai20_15_01.F.15_01,11,1325.0,1519.0,1422.0
n8_TS,n8,TS,tai20_15_01.F.15_01,12,1328.0,1509.0,1418.5
n8_TS,n8,TS,tai20_15_01.F.15_01,13,1326.0,1514.0,1420.0
n8_TS,n8,TS,tai20_15_01.F.15_01,14,1311.0,1515.0,1413.0
n8_TS,n8,TS,tai20_15_01.F.15_01,15,1341.0,1531.0,1436.0
n8_TS,n8,TS,tai20_15_01.F.15_01,16,1306.0,1506.0,1406.0
n8_TS,n8,TS,tai20_15_01.F.15_01,17,1334.0,1523.0,1428.5
n8_TS,n8,TS,tai20_15_01.F.15_01,18,1294.0,1500.0,1397.0
n8_TS,n8,TS,tai20_15_01.F.15_01,19,1325.0,1527.0,1426.0
n8_TS,n8,TS,tai20_15_01.F.15_01,20,1318.0,1526.0,1422.0
n8_TS,n8,TS,tai20_15_01.F.15_01,21,1316.0,1508.0,1412.0
n8_TS,n8,TS,tai20_15_01.F.15_01,22,1308.0,1506.0,1407.0
n8_TS,n8,TS,tai20_15_01.F.15_01,23,1296.0,1497.0,1396.5
n8_TS,n8,TS,tai20_15_01.F.15_01,24,1337.0,1511.0,1424.0
n8_TS,n8,TS,tai20_15_01.F.15_01,25,1333.0,1528.0,1430.5
n8_TS,n8,TS,tai20_15_01.F.15_01,26,1322.0,1544.0,1433.0
n8_TS,n8,TS,tai20_15_01.F.15_01,27,1318.0,1529.0,1423.5
n8_TS,n8,TS,tai20_15_01.F.15_01,28,1302.0,1496.0,1399.0
n8_TS,n8,TS,tai20_15_01.F.15_01,29,1310.0,1511.0,1410.5
n8_TS,n8,TS,tai20_15_01.F.15_01,30,1305.0,1494.0,1399.5
n8_TS,n8,TS,tai20_15_02.F.15_01,1,1288.0,1491.0,1389.5
n8_TS,n8,TS,tai20_15_02.F.15_01,2,1311.0,1492.0,1401.5
n8_TS,n8,TS,tai20_15_02.F.15_01,3,1305.0,1486.0,1395.5
n8_TS,n8,TS,tai20_15_02.F.15_01,4,1309.0,1518.0,1413.5
n8_TS,n8,TS,tai20_15_02.F.15_01,5,1297.0,1491.0,1394.0
n8_TS,n8,TS,tai20_15_02.F.15_01,6,1300.0,1495.0,1397.5
n8_TS,n8,TS,tai20_15_02.F.15_01,7,1306.0,1495.0,1400.5
n8_TS,n8,TS,tai20_15_02.F.15_01,8,1305.0,1512.0,1408.5
n8_TS,n8,TS,tai20_15_02.F.15_01,9,1325.0,1511.0,1418.0
n8_TS,n8,TS,tai20_15_02.F.15_01,10,1305.0,1486.0,1395.5
n8_TS,n8,TS,tai20_15_02.F.15_01,11,1305.0,1486.0,1395.5
n8_TS,n8,TS,tai20_15_02.F.15_01,12,1293.0,1492.0,1392.5
n8_TS,n8,TS,tai20_15_02.F.15_01,13,1297.0,1491.0,1394.0
n8_TS,n8,TS,tai20_15_02.F.15_01,14,1298.0,1489.0,1393.5
n8_TS,n8,TS,tai20_15_02.F.15_01,15,1291.0,1491.0,1391.0
n8_TS,n8,TS,tai20_15_02.F.15_01,16,1293.0,1489.0,1391.0
n8_TS,n8,TS,tai20_15_02.F.15_01,17,1292.0,1492.0,1392.0
n8_TS,n8,TS,tai20_15_02.F.15_01,18,1300.0,1489.0,1394.5
n8_TS,n8,TS,tai20_15_02.F.15_01,19,1295.0,1494.0,1394.5
n8_TS,n8,TS,tai20_15_02.F.15_01,20,1295.0,1494.0,1394.5
n8_TS,n8,TS,tai20_15_02.F.15_01,21,1314.0,1487.0,1400.5
n8_TS,n8,TS,tai20_15_02.F.15_01,22,1305.0,1494.0,1399.5
n8_TS,n8,TS,tai20_15_02.F.15_01,23,1314.0,1487.0,1400.5
n8_TS,n8,TS,tai20_15_02.F.15_01,24,1289.0,1491.0,1390.0
n8_TS,n8,TS,tai20_15_02.F.15_01,25,1305.0,1486.0,1395.5
n8_TS,n8,TS,tai20_15_02.F.15_01,26,1309.0,1496.0,1402.5
n8_TS,n8,TS,tai20_15_02.F.15_01,27,1307.0,1486.0,1396.5
n8_TS,n8,TS,tai20_15_02.F.15_01,28,1307.0,1486.0,1396.5
n8_TS,n8,TS,tai20_15_02.F.15_01,29,1307.0,1486.0,1396.5
n8_TS,n8,TS,tai20_15_02.F.15_01,30,1305.0,1512.0,1408.5
n8_TS,n8,TS,tai20_15_03.F.15_01,1,1307.0,1475.0,1391.0
n8_TS,n8,TS,tai20_15_03.F.15_01,2,1288.0,1494.0,1391.0
n8_TS,n8,TS,tai20_15_03.F.15_01,3,1290.0,1483.0,1386.5
n8_TS,n8,TS,tai20_15_03.F.15_01,4,1275.0,1477.0,1376.0
n8_TS,n8,TS,tai20_15_03.F.15_01,5,1307.0,1512.0,1409.5
n8_TS,n8,TS,tai20_15_03.F.15_01,6,1319.0,1509.0,1414.0
n8_TS,n8,TS,tai20_15_03.F.15_01,7,1289.0,1476.0,1382.5
n8_TS,n8,TS,tai20_15_03.F.15_01,8,1294.0,1496.0,1395.0
n8_TS,n8,TS,tai20_15_03.F.15_01,9,1293.0,1477.0,1385.0
n8_TS,n8,TS,tai20_15_03.F.15_01,10,1294.0,1496.0,1395.0
n8_TS,n8,TS,tai20_15_03.F.15_01,11,1313.0,1486.0,1399.5
n8_TS,n8,TS,tai20_15_03.F.15_01,12,1283.0,1488.0,1385.5
n8_TS,n8,TS,tai20_15_03.F.15_01,13,1289.0,1509.0,1399.0
n8_TS,n8,TS,tai20_15_03.F.15_01,14,1292.0,1491.0,1391.5
n8_TS,n8,TS,tai20_15_03.F.15_01,15,1338.0,1497.0,1417.5
n8_TS,n8,TS,tai20_15_03.F.15_01,16,1291.0,1481.0,1386.0
n8_TS,n8,TS,tai20_15_03.F.15_01,17,1315.0,1503.0,1409.0
n8_TS,n8,TS,tai20_15_03.F.15_01,18,1292.0,1496.0,1394.0
n8_TS,n8,TS,tai20_15_03.F.15_01,19,1286.0,1497.0,1391.5
n8_TS,n8,TS,tai20_15_03.F.15_01,20,1340.0,1509.0,1424.5
n8_TS,n8,TS,tai20_15_03.F.15_01,21,1306.0,1498.0,1402.0
n8_TS,n8,TS,tai20_15_03.F.15_01,22,1303.0,1497.0,1400.0
n8_TS,n8,TS,tai20_15_03.F.15_01,23,1287.0,1492.0,1389.5
n8_TS,n8,TS,tai20_15_03.F.15_01,24,1277.0,1491.0,1384.0
n8_TS,n8,TS,tai20_15_03.F.15_01,25,1269.0,1469.0,1369.0
n8_TS,n8,TS,tai20_15_03.F.15_01,26,1305.0,1491.0,1398.0
n8_TS,n8,TS,tai20_15_03.F.15_01,27,1312.0,1504.0,1408.0
n8_TS,n8,TS,tai20_15_03.F.15_01,28,1306.0,1491.0,1398.5
n8_TS,n8,TS,tai20_15_03.F.15_01,29,1296.0,1494.0,1395.0
n8_TS,n8,TS,tai20_15_03.F.15_01,30,1306.0,1501.0,1403.5
n8_TS,n8,TS,tai20_15_04.F.15_01,1,1296.0,1462.0,1379.0
n8_TS,n8,TS,tai20_15_04.F.15_01,2,1283.0,1462.0,1372.5
n8_TS,n8,TS,tai20_15_04.F.15_01,3,1284.0,1462.0,1373.0
n8_TS,n8,TS,tai20_15_04.F.15_01,4,1258.0,1452.0,1355.0
n8_TS,n8,TS,tai20_15_04.F.15_01,5,1282.0,1451.0,1366.5
n8_TS,n8,TS,tai20_15_04.F.15_01,6,1291.0,1461.0,1376.0
n8_TS,n8,TS,tai20_15_04.F.15_01,7,1306.0,1475.0,1390.5
n8_TS,n8,TS,tai20_15_04.F.15_01,8,1282.0,1450.0,1366.0
n8_TS,n8,TS,tai20_15_04.F.15_01,9,1286.0,1470.0,1378.0
n8_TS,n8,TS,tai20_15_04.F.15_01,10,1292.0,1474.0,1383.0
n8_TS,n8,TS,tai20_15_04.F.15_01,11,1281.0,1462.0,1371.5
n8_TS,n8,TS,tai20_15_04.F.15_01,12,1282.0,1451.0,1366.5
n8_TS,n8,TS,tai20_15_04.F.15_01,13,1291.0,1476.0,1383.5
n8_TS,n8,TS,tai20_15_04.F.15_01,14,1276.0,1462.0,1369.0
n8_TS,n8,TS,tai20_15_04.F.15_01,15,1296.0,1462.0,1379.0
n8_TS,n8,TS,tai20_15_04.F.15_01,16,1278.0,1476.0,1377.0
n8_TS,n8,TS,tai20_15_04.F.15_01,17,1271.0,1451.0,1361.0
n8_TS,n8,TS,tai20_15_04.F.15_01,18,1284.0,1456.0,1370.0
n8_TS,n8,TS,tai20_15_04.F.15_01,19,1273.0,1457.0,1365.0
n8_TS,n8,TS,tai20_15_04.F.15_01,20,1287.0,1455.0,1371.0
n8_TS,n8,TS,tai20_15_04.F.15_01,21,1267.0,1445.0,1356.0
n8_TS,n8,TS,tai20_15_04.F.15_01,22,1282.0,1450.0,1366.0
n8_TS,n8,TS,tai20_15_04.F.15_01,23,1277.0,1463.0,1370.0
n8_TS,n8,TS,tai20_15_04.F.15_01,24,1275.0,1457.0,1366.0
n8_TS,n8,TS,tai20_15_04.F.15_01,25,1275.0,1446.0,1360.5
n8_TS,n8,TS,tai20_15_04.F.15_01,26,1282.0,1450.0,1366.0
n8_TS,n8,TS,tai20_15_04.F.15_01,27,1285.0,1466.0,1375.5
n8_TS,n8,TS,tai20_15_04.F.15_01,28,1282.0,1452.0,1367.0
n8_TS,n8,TS,tai20_15_04.F.15_01,29,1300.0,1470.0,1385.0
n8_TS,n8,TS,tai20_15_04.F.15_01,30,1283.0,1462.0,1372.5
n8_TS,n8,TS,tai20_15_05.F.15_01,1,1299.0,1486.0,1392.5
n8_TS,n8,TS,tai20_15_05.F.15_01,2,1322.0,1488.0,1405.0
n8_TS,n8,TS,tai20_15_05.F.15_01,3,1292.0,1477.0,1384.5
n8_TS,n8,TS,tai20_15_05.F.15_01,4,1284.0,1490.0,1387.0
n8_TS,n8,TS,tai20_15_05.F.15_01,5,1303.0,1489.0,1396.0
n8_TS,n8,TS,tai20_15_05.F.15_01,6,1312.0,1481.0,1396.5
n8_TS,n8,TS,tai20_15_05.F.15_01,7,1279.0,1496.0,1387.5
n8_TS,n8,TS,tai20_15_05.F.15_01,8,1303.0,1489.0,1396.0
n8_TS,n8,TS,tai20_15_05.F.15_01,9,1335.0,1486.0,1410.5
n8_TS,n8,TS,tai20_15_05.F.15_01,10,1332.0,1496.0,1414.0
n8_TS,n8,TS,tai20_15_05.F.15_01,11,1309.0,1473.0,1391.0
n8_TS,n8,TS,tai20_15_05.F.15_01,12,1293.0,1493.0,1393.0
n8_TS,n8,TS,tai20_15_05.F.15_01,13,1335.0,1486.0,1410.5
n8_TS,n8,TS,tai20_15_05.F.15_01,14,1305.0,1486.0,1395.5
n8_TS,n8,TS,tai20_15_05.F.15_01,15,1307.0,1481.0,1394.0
n8_TS,n8,TS,tai20_15_05.F.15_01,16,1302.0,1489.0,1395.5
n8_TS,n8,TS,tai20_15_05.F.15_01,17,1271.0,1483.0,1377.0
n8_TS,n8,TS,tai20_15_05.F.15_01,18,1303.0,1489.0,1396.0
n8_TS,n8,TS,tai20_15_05.F.15_01,19,1303.0,1489.0,1396.0
n8_TS,n8,TS,tai20_15_05.F.15_01,20,1272.0,1506.0,1389.0
n8_TS,n8,TS,tai20_15_05.F.15_01,21,1284.0,1469.0,1376.5
n8_TS,n8,TS,tai20_15_05.F.15_01,22,1309.0,1490.0,1399.5
n8_TS,n8,TS,tai20_15_05.F.15_01,23,1280.0,1483.0,1381.5
n8_TS,n8,TS,tai20_15_05.F.15_01,24,1303.0,1493.0,1398.0
n8_TS,n8,TS,tai20_15_05.F.15_01,25,1299.0,1484.0,1391.5
n8_TS,n8,TS,tai20_15_05.F.15_01,26,1293.0,1491.0,1392.0
n8_TS,n8,TS,tai20_15_05.F.15_01,27,1307.0,1481.0,1394.0
n8_TS,n8,TS,tai20_15_05.F.15_01,28,1319.0,1496.0,1407.5
n8_TS,n8,TS,tai20_15_05.F.15_01,29,1313.0,1493.0,1403.0
n8_TS,n8,TS,tai20_15_05.F.15_01,30,1306.0,1493.0,1399.5
n8_TS,n8,TS,tai20_15_06.F.15_01,1,1313.0,1517.0,1415.0
n8_TS,n8,TS,tai20_15_06.F.15_01,2,1302.0,1522.0,1412.0
n8_TS,n8,TS,tai20_15_06.F.15_01,3,1290.0,1505.0,1397.5
n8_TS,n8,TS,tai20_15_06.F.15_01,4,1303.0,1536.0,1419.5
n8_TS,n8,TS,tai20_15_06.F.15_01,5,1330.0,1519.0,1424.5
n8_TS,n8,TS,tai20_15_06.F.15_01,6,1315.0,1493.0,1404.0
n8_TS,n8,TS,tai20_15_06.F.15_01,7,1278.0,1500.0,1389.0
n8_TS,n8,TS,tai20_15_06.F.15_01,8,1324.0,1516.0,1420.0
n8_TS,n8,TS,tai20_15_06.F.15_01,9,1298.0,1500.0,1399.0
n8_TS,n8,TS,tai20_15_06.F.15_01,10,1296.0,1490.0,1393.0
n8_TS,n8,TS,tai20_15_06.F.15_01,11,1296.0,1482.0,1389.0
n8_TS,n8,TS,tai20_15_06.F.15_01,12,1304.0,1487.0,1395.5
n8_TS,n8,TS,tai20_15_06.F.15_01,13,1326.0,1503.0,1414.5
n8_TS,n8,TS,tai20_15_06.F.15_01,14,1296.0,1493.0,1394.5
n8_TS,n8,TS,tai20_15_06.F.15_01,15,1309.0,1495.0,1402.0
n8_TS,n8,TS,tai20_15_06.F.15_01,16,1319.0,1499.0,1409.0
n8_TS,n8,TS,tai20_15_06.F.15_01,17,1295.0,1504.0,1399.5
n8_TS,n8,TS,tai20_15_06.F.15_01,18,1322.0,1520.0,1421.0
n8_TS,n8,TS,tai20_15_06.F.15_01,19,1302.0,1490.0,1396.0
n8_TS,n8,TS,tai20_15_06.F.15_01,20,1304.0,1500.0,1402.0
n8_TS,n8,TS,tai20_15_06.F.15_01,21,1302.0,1499.0,1400.5
n8_TS,n8,TS,tai20_15_06.F.15_01,22,1300.0,1493.0,1396.5
n8_TS,n8,TS,tai20_15_06.F.15_01,23,1301.0,1521.0,1411.0
n8_TS,n8,TS,tai20_15_06.F.15_01,24,1304.0,1504.0,1404.0
n8_TS,n8,TS,tai20_15_06.F.15_01,25,1284.0,1500.0,1392.0
n8_TS,n8,TS,tai20_15_06.F.15_01,26,1306.0,1511.0,1408.5
n8_TS,n8,TS,tai20_15_06.F.15_01,27,1295.0,1502.0,1398.5
n8_TS,n8,TS,tai20_15_06.F.15_01,28,1281.0,1496.0,1388.5
n8_TS,n8,TS,tai20_15_06.F.15_01,29,1295.0,1520.0,1407.5
n8_TS,n8,TS,tai20_15_06.F.15_01,30,1324.0,1503.0,1413.5
n8_TS,n8,TS,tai20_15_07.F.15_01,1,1394.0,1610.0,1502.0
n8_TS,n8,TS,tai20_15_07.F.15_01,2,1398.0,1630.0,1514.0
n8_TS,n8,TS,tai20_15_07.F.15_01,3,1383.0,1625.0,1504.0
n8_TS,n8,TS,tai20_15_07.F.15_01,4,1402.0,1646.0,1524.0
n8_TS,n8,TS,tai20_15_07.F.15_01,5,1387.0,1637.0,1512.0
n8_TS,n8,TS,tai20_15_07.F.15_01,6,1377.0,1606.0,1491.5
n8_TS,n8,TS,tai20_15_07.F.15_01,7,1402.0,1634.0,1518.0
n8_TS,n8,TS,tai20_15_07.F.15_01,8,1400.0,1612.0,1506.0
n8_TS,n8,TS,tai20_15_07.F.15_01,9,1380.0,1626.0,1503.0
n8_TS,n8,TS,tai20_15_07.F.15_01,10,1390.0,1613.0,1501.5
n8_TS,n8,TS,tai20_15_07.F.15_01,11,1402.0,1634.0,1518.0
n8_TS,n8,TS,tai20_15_07.F.15_01,12,1404.0,1637.0,1520.5
n8_TS,n8,TS,tai20_15_07.F.15_01,13,1383.0,1616.0,1499.5
n8_TS,n8,TS,tai20_15_07.F.15_01,14,1394.0,1621.0,1507.5
n8_TS,n8,TS,tai20_15_07.F.15_01,15,1402.0,1634.0,1518.0
n8_TS,n8,TS,tai20_15_07.F.15_01,16,1391.0,1611.0,1501.0
n8_TS,n8,TS,tai20_15_07.F.15_01,17,1394.0,1603.0,1498.5
n8_TS,n8,TS,tai20_15_07.F.15_01,18,1402.0,1634.0,1518.0
n8_TS,n8,TS,tai20_15_07.F.15_01,19,1386.0,1607.0,1496.5
n8_TS,n8,TS,tai20_15_07.F.15_01,20,1382.0,1632.0,1507.0
n8_TS,n8,TS,tai20_15_07.F.15_01,21,1402.0,1646.0,1524.0
n8_TS,n8,TS,tai20_15_07.F.15_01,22,1402.0,1646.0,1524.0
n8_TS,n8,TS,tai20_15_07.F.15_01,23,1377.0,1625.0,1501.0
n8_TS,n8,TS,tai20_15_07.F.15_01,24,1370.0,1626.0,1498.0
n8_TS,n8,TS,tai20_15_07.F.15_01,25,1414.0,1640.0,1527.0
n8_TS,n8,TS,tai20_15_07.F.15_01,26,1381.0,1625.0,1503.0
n8_TS,n8,TS,tai20_15_07.F.15_01,27,1410.0,1611.0,1510.5
n8_TS,n8,TS,tai20_15_07.F.15_01,28,1402.0,1634.0,1518.0
n8_TS,n8,TS,tai20_15_07.F.15_01,29,1383.0,1611.0,1497.0
n8_TS,n8,TS,tai20_15_07.F.15_01,30,1394.0,1613.0,1503.5
n8_TS,n8,TS,tai20_15_08.F.15_01,1,1380.0,1554.0,1467.0
n8_TS,n8,TS,tai20_15_08.F.15_01,2,1361.0,1536.0,1448.5
n8_TS,n8,TS,tai20_15_08.F.15_01,3,1387.0,1574.0,1480.5
n8_TS,n8,TS,tai20_15_08.F.15_01,4,1359.0,1562.0,1460.5
n8_TS,n8,TS,tai20_15_08.F.15_01,5,1372.0,1558.0,1465.0
n8_TS,n8,TS,tai20_15_08.F.15_01,6,1371.0,1576.0,1473.5
n8_TS,n8,TS,tai20_15_08.F.15_01,7,1338.0,1540.0,1439.0
n8_TS,n8,TS,tai20_15_08.F.15_01,8,1352.0,1564.0,1458.0
n8_TS,n8,TS,tai20_15_08.F.15_01,9,1364.0,1564.0,1464.0
n8_TS,n8,TS,tai20_15_08.F.15_01,10,1360.0,1541.0,1450.5
n8_TS,n8,TS,tai20_15_08.F.15_01,11,1369.0,1585.0,1477.0
n8_TS,n8,TS,tai20_15_08.F.15_01,12,1358.0,1558.0,1458.0
n8_TS,n8,TS,tai20_15_08.F.15_01,13,1357.0,1564.0,1460.5
n8_TS,n8,TS,tai20_15_08.F.15_01,14,1363.0,1561.0,1462.0
n8_TS,n8,TS,tai20_15_08.F.15_01,15,1353.0,1559.0,1456.0
n8_TS,n8,TS,tai20_15_08.F.15_01,16,1334.0,1536.0,1435.0
n8_TS,n8,TS,tai20_15_08.F.15_01,17,1365.0,1562.0,1463.5
n8_TS,n8,TS,tai20_15_08.F.15_01,18,1330.0,1533.0,1431.5
n8_TS,n8,TS,tai20_15_08.F.15_01,19,1346.0,1551.0,1448.5
n8_TS,n8,TS,tai20_15_08.F.15_01,20,1334.0,1541.0,1437.5
n8_TS,n8,TS,tai20_15_08.F.15_01,21,1361.0,1575.0,1468.0
n8_TS,n8,TS,tai20_15_08.F.15_01,22,1362.0,1568.0,1465.0
n8_TS,n8,TS,tai20_15_08.F.15_01,23,1362.0,1572.0,1467.0
n8_TS,n8,TS,tai20_15_08.F.15_01,24,1370.0,1573.0,1471.5
n8_TS,n8,TS,tai20_15_08.F.15_01,25,1364.0,1551.0,1457.5
n8_TS,n8,TS,tai20_15_08.F.15_01,26,1348.0,1542.0,1445.0
n8_TS,n8,TS,tai20_15_08.F.15_01,27,1362.0,1561.0,1461.5
n8_TS,n8,TS,tai20_15_08.F.15_01,28,1349.0,1549.0,1449.0
n8_TS,n8,TS,tai20_15_08.F.15_01,29,1364.0,1556.0,1460.0
n8_TS,n8,TS,tai20_15_08.F.15_01,30,1356.0,1549.0,1452.5
n8_TS,n8,TS,tai20_15_09.F.15_01,1,1276.0,1488.0,1382.0
n8_TS,n8,TS,tai20_15_09.F.15_01,2,1300.0,1493.0,1396.5
n8_TS,n8,TS,tai20_15_09.F.15_01,3,1264.0,1462.0,1363.0
n8_TS,n8,TS,tai20_15_09.F.15_01,4,1309.0,1508.0,1408.5
n8_TS,n8,TS,tai20_15_09.F.15_01,5,1287.0,1473.0,1380.0
n8_TS,n8,TS,tai20_15_09.F.15_01,6,1281.0,1469.0,1375.0
n8_TS,n8,TS,tai20_15_09.F.15_01,7,1288.0,1479.0,1383.5
n8_TS,n8,TS,tai20_15_09.F.15_01,8,1313.0,1494.0,1403.5
n8_TS,n8,TS,tai20_15_09.F.15_01,9,1284.0,1481.0,1382.5
n8_TS,n8,TS,tai20_15_09.F.15_01,10,1302.0,1520.0,1411.0
n8_TS,n8,TS,tai20_15_09.F.15_01,11,1279.0,1519.0,1399.0
n8_TS,n8,TS,tai20_15_09.F.15_01,12,1306.0,1498.0,1402.0
n8_TS,n8,TS,tai20_15_09.F.15_01,13,1326.0,1524.0,1425.0
n8_TS,n8,TS,tai20_15_09.F.15_01,14,1301.0,1504.0,1402.5
n8_TS,n8,TS,tai20_15_09.F.15_01,15,1312.0,1495.0,1403.5
n8_TS,n8,TS,tai20_15_09.F.15_01,16,1268.0,1489.0,1378.5
n8_TS,n8,TS,tai20_15_09.F.15_01,17,1303.0,1505.0,1404.0
n8_TS,n8,TS,tai20_15_09.F.15_01,18,1266.0,1478.0,1372.0
n8_TS,n8,TS,tai20_15_09.F.15_01,19,1284.0,1489.0,1386.5
n8_TS,n8,TS,tai20_15_09.F.15_01,20,1302.0,1455.0,1378.5
n8_TS,n8,TS,tai20_15_09.F.15_01,21,1308.0,1484.0,1396.0
n8_TS,n8,TS,tai20_15_09.F.15_01,22,1246.0,1469.0,1357.5
n8_TS,n8,TS,tai20_15_09.F.15_01,23,1296.0,1475.0,1385.5
n8_TS,n8,TS,tai20_15_09.F.15_01,24,1315.0,1502.0,1408.5
n8_TS,n8,TS,tai20_15_09.F.15_01,25,1264.0,1463.0,1363.5
n8_TS,n8,TS,tai20_15_09.F.15_01,26,1281.0,1455.0,1368.0
n8_TS,n8,TS,tai20_15_09.F.15_01,27,1292.0,1497.0,1394.5
n8_TS,n8,TS,tai20_15_09.F.15_01,28,1306.0,1494.0,1400.0
n8_TS,n8,TS,tai20_15_09.F.15_01,29,1285.0,1517.0,1401.0
n8_TS,n8,TS,tai20_15_09.F.15_01,30,1303.0,1497.0,1400.0
n8_TS,n8,TS,tai20_15_10.F.15_01,1,1311.0,1482.0,1396.5
n8_TS,n8,TS,tai20_15_10.F.15_01,2,1284.0,1484.0,1384.0
n8_TS,n8,TS,tai20_15_10.F.15_01,3,1305.0,1502.0,1403.5
n8_TS,n8,TS,tai20_15_10.F.15_01,4,1275.0,1483.0,1379.0
n8_TS,n8,TS,tai20_15_10.F.15_01,5,1304.0,1514.0,1409.0
n8_TS,n8,TS,tai20_15_10.F.15_01,6,1295.0,1498.0,1396.5
n8_TS,n8,TS,tai20_15_10.F.15_01,7,1298.0,1500.0,1399.0
n8_TS,n8,TS,tai20_15_10.F.15_01,8,1303.0,1484.0,1393.5
n8_TS,n8,TS,tai20_15_10.F.15_01,9,1298.0,1500.0,1399.0
n8_TS,n8,TS,tai20_15_10.F.15_01,10,1299.0,1494.0,1396.5
n8_TS,n8,TS,tai20_15_10.F.15_01,11,1323.0,1509.0,1416.0
n8_TS,n8,TS,tai20_15_10.F.15_01,12,1308.0,1498.0,1403.0
n8_TS,n8,TS,tai20_15_10.F.15_01,13,1286.0,1496.0,1391.0
n8_TS,n8,TS,tai20_15_10.F.15_01,14,1290.0,1496.0,1393.0
n8_TS,n8,TS,tai20_15_10.F.15_01,15,1276.0,1476.0,1376.0
n8_TS,n8,TS,tai20_15_10.F.15_01,16,1268.0,1483.0,1375.5
n8_TS,n8,TS,tai20_15_10.F.15_01,17,1293.0,1498.0,1395.5
n8_TS,n8,TS,tai20_15_10.F.15_01,18,1301.0,1505.0,1403.0
n8_TS,n8,TS,tai20_15_10.F.15_01,19,1279.0,1495.0,1387.0
n8_TS,n8,TS,tai20_15_10.F.15_01,20,1266.0,1483.0,1374.5
n8_TS,n8,TS,tai20_15_10.F.15_01,21,1290.0,1488.0,1389.0
n8_TS,n8,TS,tai20_15_10.F.15_01,22,1311.0,1508.0,1409.5
n8_TS,n8,TS,tai20_15_10.F.15_01,23,1297.0,1474.0,1385.5
n8_TS,n8,TS,tai20_15_10.F.15_01,24,1311.0,1491.0,1401.0
n8_TS,n8,TS,tai20_15_10.F.15_01,25,1295.0,1495.0,1395.0
n8_TS,n8,TS,tai20_15_10.F.15_01,26,1294.0,1494.0,1394.0
n8_TS,n8,TS,tai20_15_10.F.15_01,27,1320.0,1495.0,1407.5
n8_TS,n8,TS,tai20_15_10.F.15_01,28,1324.0,1520.0,1422.0
n8_TS,n8,TS,tai20_15_10.F.15_01,29,1295.0,1491.0,1393.0
n8_TS,n8,TS,tai20_15_10.F.15_01,30,1286.0,1501.0,1393.5
n8_TS,n8,TS,tai20_20_01.F.15_01,1,1590.0,1825.0,1707.5
n8_TS,n8,TS,tai20_20_01.F.15_01,2,1618.0,1810.0,1714.0
n8_TS,n8,TS,tai20_20_01.F.15_01,3,1609.0,1800.0,1704.5
n8_TS,n8,TS,tai20_20_01.F.15_01,4,1591.0,1811.0,1701.0
n8_TS,n8,TS,tai20_20_01.F.15_01,5,1610.0,1829.0,1719.5
n8_TS,n8,TS,tai20_20_01.F.15_01,6,1626.0,1823.0,1724.5
n8_TS,n8,TS,tai20_20_01.F.15_01,7,1601.0,1828.0,1714.5
n8_TS,n8,TS,tai20_20_01.F.15_01,8,1601.0,1812.0,1706.5
n8_TS,n8,TS,tai20_20_01.F.15_01,9,1618.0,1811.0,1714.5
n8_TS,n8,TS,tai20_20_01.F.15_01,10,1576.0,1823.0,1699.5
n8_TS,n8,TS,tai20_20_01.F.15_01,11,1606.0,1818.0,1712.0
n8_TS,n8,TS,tai20_20_01.F.15_01,12,1566.0,1808.0,1687.0
n8_TS,n8,TS,tai20_20_01.F.15_01,13,1590.0,1803.0,1696.5
n8_TS,n8,TS,tai20_20_01.F.15_01,14,1597.0,1817.0,1707.0
n8_TS,n8,TS,tai20_20_01.F.15_01,15,1604.0,1825.0,1714.5
n8_TS,n8,TS,tai20_20_01.F.15_01,16,1582.0,1811.0,1696.5
n8_TS,n8,TS,tai20_20_01.F.15_01,17,1589.0,1794.0,1691.5
n8_TS,n8,TS,tai20_20_01.F.15_01,18,1612.0,1815.0,1713.5
n8_TS,n8,TS,tai20_20_01.F.15_01,19,1608.0,1817.0,1712.5
n8_TS,n8,TS,tai20_20_01.F.15_01,20,1605.0,1811.0,1708.0
n8_TS,n8,TS,tai20_20_01.F.15_01,21,1584.0,1808.0,1696.0
n8_TS,n8,TS,tai20_20_01.F.15_01,22,1567.0,1812.0,1689.5
n8_TS,n8,TS,tai20_20_01.F.15_01,23,1606.0,1782.0,1694.0
n8_TS,n8,TS,tai20_20_01.F.15_01,24,1580.0,1816.0,1698.0
n8_TS,n8,TS,tai20_20_01.F.15_01,25,1595.0,1825.0,1710.0
n8_TS,n8,TS,tai20_20_01.F.15_01,26,1597.0,1821.0,1709.0
n8_TS,n8,TS,tai20_20_01.F.15_01,27,1614.0,1815.0,1714.5
n8_TS,n8,TS,tai20_20_01.F.15_01,28,1600.0,1825.0,1712.5
n8_TS,n8,TS,tai20_20_01.F.15_01,29,1592.0,1824.0,1708.0
n8_TS,n8,TS,tai20_20_01.F.15_01,30,1595.0,1811.0,1703.0
n8_TS,n8,TS,tai20_20_02.F.15_01,1,1560.0,1761.0,1660.5
n8_TS,n8,TS,tai20_20_02.F.15_01,2,1555.0,1767.0,1661.0
n8_TS,n8,TS,tai20_20_02.F.15_01,3,1560.0,1764.0,1662.0
n8_TS,n8,TS,tai20_20_02.F.15_01,4,1545.0,1760.0,1652.5
n8_TS,n8,TS,tai20_20_02.F.15_01,5,1525.0,1747.0,1636.0
n8_TS,n8,TS,tai20_20_02.F.15_01,6,1537.0,1761.0,1649.0
n8_TS,n8,TS,tai20_20_02.F.15_01,7,1547.0,1774.0,1660.5
n8_TS,n8,TS,tai20_20_02.F.15_01,8,1555.0,1771.0,1663.0
n8_TS,n8,TS,tai20_20_02.F.15_01,9,1561.0,1749.0,1655.0
n8_TS,n8,TS,tai20_20_02.F.15_01,10,1522.0,1763.0,1642.5
n8_TS,n8,TS,tai20_20_02.F.15_01,11,1538.0,1785.0,1661.5
n8_TS,n8,TS,tai20_20_02.F.15_01,12,1548.0,1765.0,1656.5
n8_TS,n8,TS,tai20_20_02.F.15_01,13,1529.0,1759.0,1644.0
n8_TS,n8,TS,tai20_20_02.F.15_01,14,1535.0,1777.0,1656.0
n8_TS,n8,TS,tai20_20_02.F.15_01,15,1549.0,1753.0,1651.0
n8_TS,n8,TS,tai20_20_02.F.15_01,16,1548.0,1774.0,1661.0
n8_TS,n8,TS,tai20_20_02.F.15_01,17,1534.0,1772.0,1653.0
n8_TS,n8,TS,tai20_20_02.F.15_01,18,1565.0,1745.0,1655.0
n8_TS,n8,TS,tai20_20_02.F.15_01,19,1579.0,1762.0,1670.5
n8_TS,n8,TS,tai20_20_02.F.15_01,20,1543.0,1770.0,1656.5
n8_TS,n8,TS,tai20_20_02.F.15_01,21,1524.0,1762.0,1643.0
n8_TS,n8,TS,tai20_20_02.F.15_01,22,1539.0,1777.0,1658.0
n8_TS,n8,TS,tai20_20_02.F.15_01,23,1538.0,1748.0,1643.0
n8_TS,n8,TS,tai20_20_02.F.15_01,24,1586.0,1750.0,1668.0
n8_TS,n8,TS,tai20_20_02.F.15_01,25,1559.0,1758.0,1658.5
n8_TS,n8,TS,tai20_20_02.F.15_01,26,1557.0,1778.0,1667.5
n8_TS,n8,TS,tai20_20_02.F.15_01,27,1553.0,1766.0,1659.5
n8_TS,n8,TS,tai20_20_02.F.15_01,28,1541.0,1767.0,1654.0
n8_TS,n8,TS,tai20_20_02.F.15_01,29,1521.0,1752.0,1636.5
n8_TS,n8,TS,tai20_20_02.F.15_01,30,1523.0,1762.0,1642.5
n8_TS,n8,TS,tai20_20_03.F.15_01,1,1534.0,1710.0,1622.0
n8_TS,n8,TS,tai20_20_03.F.15_01,2,1520.0,1692.0,1606.0
n8_TS,n8,TS,tai20_20_03.F.15_01,3,1529.0,1711.0,1620.0
n8_TS,n8,TS,tai20_20_03.F.15_01,4,1552.0,1714.0,1633.0
n8_TS,n8,TS,tai20_20_03.F.15_01,5,1519.0,1681.0,1600.0
n8_TS,n8,TS,tai20_20_03.F.15_01,6,1518.0,1723.0,1620.5
n8_TS,n8,TS,tai20_20_03.F.15_01,7,1526.0,1705.0,1615.5
n8_TS,n8,TS,tai20_20_03.F.15_01,8,1538.0,1712.0,1625.0
n8_TS,n8,TS,tai20_20_03.F.15_01,9,1540.0,1725.0,1632.5
n8_TS,n8,TS,tai20_20_03.F.15_01,10,1508.0,1700.0,1604.0
n8_TS,n8,TS,tai20_20_03.F.15_01,11,1522.0,1721.0,1621.5
n8_TS,n8,TS,tai20_20_03.F.15_01,12,1498.0,1672.0,1585.0
n8_TS,n8,TS,tai20_20_03.F.15_01,13,1512.0,1700.0,1606.0
n8_TS,n8,TS,tai20_20_03.F.15_01,14,1500.0,1685.0,1592.5
n8_TS,n8,TS,tai20_20_03.F.15_01,15,1527.0,1722.0,1624.5
n8_TS,n8,TS,tai20_20_03.F.15_01,16,1535.0,1710.0,1622.5
n8_TS,n8,TS,tai20_20_03.F.15_01,17,1515.0,1675.0,1595.0
n8_TS,n8,TS,tai20_20_03.F.15_01,18,1526.0,1700.0,1613.0
n8_TS,n8,TS,tai20_20_03.F.15_01,19,1510.0,1700.0,1605.0
n8_TS,n8,TS,tai20_20_03.F.15_01,20,1523.0,1704.0,1613.5
n8_TS,n8,TS,tai20_20_03.F.15_01,21,1551.0,1720.0,1635.5
n8_TS,n8,TS,tai20_20_03.F.15_01,22,1525.0,1701.0,1613.0
n8_TS,n8,TS,tai20_20_03.F.15_01,23,1530.0,1699.0,1614.5
n8_TS,n8,TS,tai20_20_03.F.15_01,24,1541.0,1722.0,1631.5
n8_TS,n8,TS,tai20_20_03.F.15_01,25,1536.0,1678.0,1607.0
n8_TS,n8,TS,tai20_20_03.F.15_01,26,1513.0,1696.0,1604.5
n8_TS,n8,TS,tai20_20_03.F.15_01,27,1528.0,1698.0,1613.0
n8_TS,n8,TS,tai20_20_03.F.15_01,28,1495.0,1689.0,1592.0
n8_TS,n8,TS,tai20_20_03.F.15_01,29,1523.0,1707.0,1615.0
n8_TS,n8,TS,tai20_20_03.F.15_01,30,1517.0,1702.0,1609.5
n8_TS,n8,TS,tai20_20_04.F.15_01,1,1584.0,1797.0,1690.5
n8_TS,n8,TS,tai20_20_04.F.15_01,2,1591.0,1808.0,1699.5
n8_TS,n8,TS,tai20_20_04.F.15_01,3,1571.0,1822.0,1696.5
n8_TS,n8,TS,tai20_20_04.F.15_01,4,1547.0,1796.0,1671.5
n8_TS,n8,TS,tai20_20_04.F.15_01,5,1551.0,1797.0,1674.0
n8_TS,n8,TS,tai20_20_04.F.15_01,6,1556.0,1792.0,1674.0
n8_TS,n8,TS,tai20_20_04.F.15_01,7,1584.0,1826.0,1705.0
n8_TS,n8,TS,tai20_20_04.F.15_01,8,1586.0,1791.0,1688.5
n8_TS,n8,TS,tai20_20_04.F.15_01,9,1589.0,1825.0,1707.0
n8_TS,n8,TS,tai20_20_04.F.15_01,10,1555.0,1780.0,1667.5
n8_TS,n8,TS,tai20_20_04.F.15_01,11,1560.0,1805.0,1682.5
n8_TS,n8,TS,tai20_20_04.F.15_01,12,1592.0,1828.0,1710.0
n8_TS,n8,TS,tai20_20_04.F.15_01,13,1578.0,1813.0,1695.5
n8_TS,n8,TS,tai20_20_04.F.15_01,14,1562.0,1814.0,1688.0
n8_TS,n8,TS,tai20_20_04.F.15_01,15,1576.0,1788.0,1682.0
n8_TS,n8,TS,tai20_20_04.F.15_01,16,1588.0,1817.0,1702.5
n8_TS,n8,TS,tai20_20_04.F.15_01,17,1563.0,1785.0,1674.0
n8_TS,n8,TS,tai20_20_04.F.15_01,18,1580.0,1806.0,1693.0
n8_TS,n8,TS,tai20_20_04.F.15_01,19,1568.0,1814.0,1691.0
n8_TS,n8,TS,tai20_20_04.F.15_01,20,1574.0,1814.0,1694.0
n8_TS,n8,TS,tai20_20_04.F.15_01,21,1567.0,1828.0,1697.5
n8_TS,n8,TS,tai20_20_04.F.15_01,22,1571.0,1822.0,1696.5
n8_TS,n8,TS,tai20_20_04.F.15_01,23,1562.0,1814.0,1688.0
n8_TS,n8,TS,tai20_20_04.F.15_01,24,1560.0,1797.0,1678.5
n8_TS,n8,TS,tai20_20_04.F.15_01,25,1547.0,1785.0,1666.0
n8_TS,n8,TS,tai20_20_04.F.15_01,26,1597.0,1857.0,1727.0
n8_TS,n8,TS,tai20_20_04.F.15_01,27,1592.0,1816.0,1704.0
n8_TS,n8,TS,tai20_20_04.F.15_01,28,1574.0,1813.0,1693.5
n8_TS,n8,TS,tai20_20_04.F.15_01,29,1564.0,1788.0,1676.0
n8_TS,n8,TS,tai20_20_04.F.15_01,30,1562.0,1814.0,1688.0
n8_TS,n8,TS,tai20_20_05.F.15_01,1,1554.0,1744.0,1649.0
n8_TS,n8,TS,tai20_20_05.F.15_01,2,1541.0,1766.0,1653.5
n8_TS,n8,TS,tai20_20_05.F.15_01,3,1547.0,1770.0,1658.5
n8_TS,n8,TS,tai20_20_05.F.15_01,4,1580.0,1763.0,1671.5
n8_TS,n8,TS,tai20_20_05.F.15_01,5,1597.0,1786.0,1691.5
n8_TS,n8,TS,tai20_20_05.F.15_01,6,1623.0,1778.0,1700.5
n8_TS,n8,TS,tai20_20_05.F.15_01,7,1574.0,1773.0,1673.5
n8_TS,n8,TS,tai20_20_05.F.15_01,8,1556.0,1757.0,1656.5
n8_TS,n8,TS,tai20_20_05.F.15_01,9,1581.0,1762.0,1671.5
n8_TS,n8,TS,tai20_20_05.F.15_01,10,1539.0,1765.0,1652.0
n8_TS,n8,TS,tai20_20_05.F.15_01,11,1577.0,1779.0,1678.0
n8_TS,n8,TS,tai20_20_05.F.15_01,12,1564.0,1760.0,1662.0
n8_TS,n8,TS,tai20_20_05.F.15_01,13,1569.0,1792.0,1680.5
n8_TS,n8,TS,tai20_20_05.F.15_01,14,1558.0,1757.0,1657.5
n8_TS,n8,TS,tai20_20_05.F.15_01,15,1574.0,1736.0,1655.0
n8_TS,n8,TS,tai20_20_05.F.15_01,16,1557.0,1754.0,1655.5
n8_TS,n8,TS,tai20_20_05.F.15_01,17,1570.0,1760.0,1665.0
n8_TS,n8,TS,tai20_20_05.F.15_01,18,1563.0,1762.0,1662.5
n8_TS,n8,TS,tai20_20_05.F.15_01,19,1569.0,1775.0,1672.0
n8_TS,n8,TS,tai20_20_05.F.15_01,20,1575.0,1766.0,1670.5
n8_TS,n8,TS,tai20_20_05.F.15_01,21,1546.0,1735.0,1640.5
n8_TS,n8,TS,tai20_20_05.F.15_01,22,1570.0,1744.0,1657.0
n8_TS,n8,TS,tai20_20_05.F.15_01,23,1577.0,1790.0,1683.5
n8_TS,n8,TS,tai20_20_05.F.15_01,24,1539.0,1770.0,1654.5
n8_TS,n8,TS,tai20_20_05.F.15_01,25,1526.0,1770.0,1648.0
n8_TS,n8,TS,tai20_20_05.F.15_01,26,1556.0,1758.0,1657.0
n8_TS,n8,TS,tai20_20_05.F.15_01,27,1561.0,1754.0,1657.5
n8_TS,n8,TS,tai20_20_05.F.15_01,28,1573.0,1757.0,1665.0
n8_TS,n8,TS,tai20_20_05.F.15_01,29,1573.0,1764.0,1668.5
n8_TS,n8,TS,tai20_20_05.F.15_01,30,1551.0,1757.0,1654.0
n8_TS,n8,TS,tai20_20_06.F.15_01,1,1643.0,1814.0,1728.5
n8_TS,n8,TS,tai20_20_06.F.15_01,2,1598.0,1830.0,1714.0
n8_TS,n8,TS,tai20_20_06.F.15_01,3,1626.0,1812.0,1719.0
n8_TS,n8,TS,tai20_20_06.F.15_01,4,1627.0,1822.0,1724.5
n8_TS,n8,TS,tai20_20_06.F.15_01,5,1622.0,1824.0,1723.0
n8_TS,n8,TS,tai20_20_06.F.15_01,6,1623.0,1817.0,1720.0
n8_TS,n8,TS,tai20_20_06.F.15_01,7,1584.0,1790.0,1687.0
n8_TS,n8,TS,tai20_20_06.F.15_01,8,1597.0,1819.0,1708.0
n8_TS,n8,TS,tai20_20_06.F.15_01,9,1602.0,1785.0,1693.5
n8_TS,n8,TS,tai20_20_06.F.15_01,10,1599.0,1807.0,1703.0
n8_TS,n8,TS,tai20_20_06.F.15_01,11,1622.0,1812.0,1717.0
n8_TS,n8,TS,tai20_20_06.F.15_01,12,1654.0,1839.0,1746.5
n8_TS,n8,TS,tai20_20_06.F.15_01,13,1621.0,1814.0,1717.5
n8_TS,n8,TS,tai20_20_06.F.15_01,14,1621.0,1817.0,1719.0
n8_TS,n8,TS,tai20_20_06.F.15_01,15,1624.0,1822.0,1723.0
n8_TS,n8,TS,tai20_20_06.F.15_01,16,1641.0,1823.0,1732.0
n8_TS,n8,TS,tai20_20_06.F.15_01,17,1630.0,1828.0,1729.0
n8_TS,n8,TS,tai20_20_06.F.15_01,18,1641.0,1837.0,1739.0
n8_TS,n8,TS,tai20_20_06.F.15_01,19,1602.0,1812.0,1707.0
n8_TS,n8,TS,tai20_20_06.F.15_01,20,1623.0,1820.0,1721.5
n8_TS,n8,TS,tai20_20_06.F.15_01,21,1641.0,1826.0,1733.5
n8_TS,n8,TS,tai20_20_06.F.15_01,22,1637.0,1835.0,1736.0
n8_TS,n8,TS,tai20_20_06.F.15_01,23,1607.0,1793.0,1700.0
n8_TS,n8,TS,tai20_20_06.F.15_01,24,1640.0,1805.0,1722.5
n8_TS,n8,TS,tai20_20_06.F.15_01,25,1634.0,1830.0,1732.0
n8_TS,n8,TS,tai20_20_06.F.15_01,26,1605.0,1798.0,1701.5
n8_TS,n8,TS,tai20_20_06.F.15_01,27,1629.0,1809.0,1719.0
n8_TS,n8,TS,tai20_20_06.F.15_01,28,1621.0,1830.0,1725.5
n8_TS,n8,TS,tai20_20_06.F.15_01,29,1626.0,1814.0,1720.0
n8_TS,n8,TS,tai20_20_06.F.15_01,30,1600.0,1820.0,1710.0
n8_TS,n8,TS,tai20_20_07.F.15_01,1,1638.0,1847.0,1742.5
n8_TS,n8,TS,tai20_20_07.F.15_01,2,1644.0,1840.0,1742.0
n8_TS,n8,TS,tai20_20_07.F.15_01,3,1658.0,1822.0,1740.0
n8_TS,n8,TS,tai20_20_07.F.15_01,4,1643.0,1851.0,1747.0
n8_TS,n8,TS,tai20_20_07.F.15_01,5,1639.0,1827.0,1733.0
n8_TS,n8,TS,tai20_20_07.F.15_01,6,1617.0,1837.0,1727.0
n8_TS,n8,TS,tai20_20_07.F.15_01,7,1618.0,1835.0,1726.5
n8_TS,n8,TS,tai20_20_07.F.15_01,8,1612.0,1826.0,1719.0
n8_TS,n8,TS,tai20_20_07.F.15_01,9,1624.0,1840.0,1732.0
n8_TS,n8,TS,tai20_20_07.F.15_01,10,1625.0,1836.0,1730.5
n8_TS,n8,TS,tai20_20_07.F.15_01,11,1626.0,1821.0,1723.5
n8_TS,n8,TS,tai20_20_07.F.15_01,12,1631.0,1833.0,1732.0
n8_TS,n8,TS,tai20_20_07.F.15_01,13,1657.0,1856.0,1756.5
n8_TS,n8,TS,tai20_20_07.F.15_01,14,1677.0,1841.0,1759.0
n8_TS,n8,TS,tai20_20_07.F.15_01,15,1637.0,1831.0,1734.0
n8_TS,n8,TS,tai20_20_07.F.15_01,16,1620.0,1835.0,1727.5
n8_TS,n8,TS,tai20_20_07.F.15_01,17,1618.0,1826.0,1722.0
n8_TS,n8,TS,tai20_20_07.F.15_01,18,1606.0,1818.0,1712.0
n8_TS,n8,TS,tai20_20_07.F.15_01,19,1671.0,1823.0,1747.0
n8_TS,n8,TS,tai20_20_07.F.15_01,20,1660.0,1826.0,1743.0
n8_TS,n8,TS,tai20_20_07.F.15_01,21,1643.0,1830.0,1736.5
n8_TS,n8,TS,tai20_20_07.F.15_01,22,1630.0,1833.0,1731.5
n8_TS,n8,TS,tai20_20_07.F.15_01,23,1637.0,1822.0,1729.5
n8_TS,n8,TS,tai20_20_07.F.15_01,24,1626.0,1819.0,1722.5
n8_TS,n8,TS,tai20_20_07.F.15_01,25,1665.0,1833.0,1749.0
n8_TS,n8,TS,tai20_20_07.F.15_01,26,1635.0,1837.0,1736.0
n8_TS,n8,TS,tai20_20_07.F.15_01,27,1644.0,1840.0,1742.0
n8_TS,n8,TS,tai20_20_07.F.15_01,28,1641.0,1822.0,1731.5
n8_TS,n8,TS,tai20_20_07.F.15_01,29,1638.0,1829.0,1733.5
n8_TS,n8,TS,tai20_20_07.F.15_01,30,1653.0,1836.0,1744.5
n8_TS,n8,TS,tai20_20_08.F.15_01,1,1569.0,1758.0,1663.5
n8_TS,n8,TS,tai20_20_08.F.15_01,2,1551.0,1776.0,1663.5
n8_TS,n8,TS,tai20_20_08.F.15_01,3,1559.0,1779.0,1669.0
n8_TS,n8,TS,tai20_20_08.F.15_01,4,1568.0,1754.0,1661.0
n8_TS,n8,TS,tai20_20_08.F.15_01,5,1575.0,1757.0,1666.0
n8_TS,n8,TS,tai20_20_08.F.15_01,6,1585.0,1767.0,1676.0
n8_TS,n8,TS,tai20_20_08.F.15_01,7,1542.0,1755.0,1648.5
n8_TS,n8,TS,tai20_20_08.F.15_01,8,1593.0,1787.0,1690.0
n8_TS,n8,TS,tai20_20_08.F.15_01,9,1583.0,1755.0,1669.0
n8_TS,n8,TS,tai20_20_08.F.15_01,10,1546.0,1763.0,1654.5
n8_TS,n8,TS,tai20_20_08.F.15_01,11,1568.0,1742.0,1655.0
n8_TS,n8,TS,tai20_20_08.F.15_01,12,1556.0,1747.0,1651.5
n8_TS,n8,TS,tai20_20_08.F.15_01,13,1558.0,1746.0,1652.0
n8_TS,n8,TS,tai20_20_08.F.15_01,14,1549.0,1748.0,1648.5
n8_TS,n8,TS,tai20_20_08.F.15_01,15,1549.0,1774.0,1661.5
n8_TS,n8,TS,tai20_20_08.F.15_01,16,1544.0,1751.0,1647.5
n8_TS,n8,TS,tai20_20_08.F.15_01,17,1569.0,1746.0,1657.5
n8_TS,n8,TS,tai20_20_08.F.15_01,18,1524.0,1754.0,1639.0
n8_TS,n8,TS,tai20_20_08.F.15_01,19,1536.0,1754.0,1645.0
n8_TS,n8,TS,tai20_20_08.F.15_01,20,1551.0,1762.0,1656.5
n8_TS,n8,TS,tai20_20_08.F.15_01,21,1553.0,1744.0,1648.5
n8_TS,n8,TS,tai20_20_08.F.15_01,22,1541.0,1739.0,1640.0
n8_TS,n8,TS,tai20_20_08.F.15_01,23,1548.0,1759.0,1653.5
n8_TS,n8,TS,tai20_20_08.F.15_01,24,1554.0,1754.0,1654.0
n8_TS,n8,TS,tai20_20_08.F.15_01,25,1547.0,1754.0,1650.5
n8_TS,n8,TS,tai20_20_08.F.15_01,26,1588.0,1787.0,1687.5
n8_TS,n8,TS,tai20_20_08.F.15_01,27,1546.0,1754.0,1650.0
n8_TS,n8,TS,tai20_20_08.F.15_01,28,1535.0,1764.0,1649.5
n8_TS,n8,TS,tai20_20_08.F.15_01,29,1550.0,1765.0,1657.5
n8_TS,n8,TS,tai20_20_08.F.15_01,30,1543.0,1757.0,1650.0
n8_TS,n8,TS,tai20_20_09.F.15_01,1,1554.0,1760.0,1657.0
n8_TS,n8,TS,tai20_20_09.F.15_01,2,1561.0,1764.0,1662.5
n8_TS,n8,TS,tai20_20_09.F.15_01,3,1571.0,1756.0,1663.5
n8_TS,n8,TS,tai20_20_09.F.15_01,4,1575.0,1758.0,1666.5
n8_TS,n8,TS,tai20_20_09.F.15_01,5,1554.0,1748.0,1651.0
n8_TS,n8,TS,tai20_20_09.F.15_01,6,1569.0,1745.0,1657.0
n8_TS,n8,TS,tai20_20_09.F.15_01,7,1573.0,1748.0,1660.5
n8_TS,n8,TS,tai20_20_09.F.15_01,8,1548.0,1756.0,1652.0
n8_TS,n8,TS,tai20_20_09.F.15_01,9,1554.0,1757.0,1655.5
n8_TS,n8,TS,tai20_20_09.F.15_01,10,1582.0,1750.0,1666.0
n8_TS,n8,TS,tai20_20_09.F.15_01,11,1573.0,1749.0,1661.0
n8_TS,n8,TS,tai20_20_09.F.15_01,12,1557.0,1756.0,1656.5
n8_TS,n8,TS,tai20_20_09.F.15_01,13,1569.0,1756.0,1662.5
n8_TS,n8,TS,tai20_20_09.F.15_01,14,1541.0,1756.0,1648.5
n8_TS,n8,TS,tai20_20_09.F.15_01,15,1570.0,1756.0,1663.0
n8_TS,n8,TS,tai20_20_09.F.15_01,16,1566.0,1757.0,1661.5
n8_TS,n8,TS,tai20_20_09.F.15_01,17,1562.0,1745.0,1653.5
n8_TS,n8,TS,tai20_20_09.F.15_01,18,1591.0,1755.0,1673.0
n8_TS,n8,TS,tai20_20_09.F.15_01,19,1558.0,1765.0,1661.5
n8_TS,n8,TS,tai20_20_09.F.15_01,20,1570.0,1753.0,1661.5
n8_TS,n8,TS,tai20_20_09.F.15_01,21,1558.0,1760.0,1659.0
n8_TS,n8,TS,tai20_20_09.F.15_01,22,1570.0,1755.0,1662.5
n8_TS,n8,TS,tai20_20_09.F.15_01,23,1583.0,1770.0,1676.5
n8_TS,n8,TS,tai20_20_09.F.15_01,24,1552.0,1756.0,1654.0
n8_TS,n8,TS,tai20_20_09.F.15_01,25,1586.0,1758.0,1672.0
n8_TS,n8,TS,tai20_20_09.F.15_01,26,1559.0,1761.0,1660.0
n8_TS,n8,TS,tai20_20_09.F.15_01,27,1553.0,1755.0,1654.0
n8_TS,n8,TS,tai20_20_09.F.15_01,28,1572.0,1752.0,1662.0
n8_TS,n8,TS,tai20_20_09.F.15_01,29,1554.0,1758.0,1656.0
n8_TS,n8,TS,tai20_20_09.F.15_01,30,1566.0,1747.0,1656.5
n8_TS,n8,TS,tai20_20_10.F.15_01,1,1552.0,1753.0,1652.5
n8_TS,n8,TS,tai20_20_10.F.15_01,2,1529.0,1730.0,1629.5
n8_TS,n8,TS,tai20_20_10.F.15_01,3,1527.0,1732.0,1629.5
n8_TS,n8,TS,tai20_20_10.F.15_01,4,1540.0,1729.0,1634.5
n8_TS,n8,TS,tai20_20_10.F.15_01,5,1535.0,1744.0,1639.5
n8_TS,n8,TS,tai20_20_10.F.15_01,6,1530.0,1737.0,1633.5
n8_TS,n8,TS,tai20_20_10.F.15_01,7,1538.0,1737.0,1637.5
n8_TS,n8,TS,tai20_20_10.F.15_01,8,1508.0,1739.0,1623.5
n8_TS,n8,TS,tai20_20_10.F.15_01,9,1548.0,1741.0,1644.5
n8_TS,n8,TS,tai20_20_10.F.15_01,10,1545.0,1760.0,1652.5
n8_TS,n8,TS,tai20_20_10.F.15_01,11,1533.0,1727.0,1630.0
n8_TS,n8,TS,tai20_20_10.F.15_01,12,1535.0,1720.0,1627.5
n8_TS,n8,TS,tai20_20_10.F.15_01,13,1538.0,1730.0,1634.0
n8_TS,n8,TS,tai20_20_10.F.15_01,14,1544.0,1750.0,1647.0
n8_TS,n8,TS,tai20_20_10.F.15_01,15,1535.0,1749.0,1642.0
n8_TS,n8,TS,tai20_20_10.F.15_01,16,1529.0,1712.0,1620.5
n8_TS,n8,TS,tai20_20_10.F.15_01,17,1534.0,1744.0,1639.0
n8_TS,n8,TS,tai20_20_10.F.15_01,18,1562.0,1729.0,1645.5
n8_TS,n8,TS,tai20_20_10.F.15_01,19,1527.0,1732.0,1629.5
n8_TS,n8,TS,tai20_20_10.F.15_01,20,1545.0,1713.0,1629.0
n8_TS,n8,TS,tai20_20_10.F.15_01,21,1550.0,1757.0,1653.5
n8_TS,n8,TS,tai20_20_10.F.15_01,22,1537.0,1742.0,1639.5
n8_TS,n8,TS,tai20_20_10.F.15_01,23,1526.0,1745.0,1635.5
n8_TS,n8,TS,tai20_20_10.F.15_01,24,1526.0,1727.0,1626.5
n8_TS,n8,TS,tai20_20_10.F.15_01,25,1521.0,1735.0,1628.0
n8_TS,n8,TS,tai20_20_10.F.15_01,26,1530.0,1704.0,1617.0
n8_TS,n8,TS,tai20_20_10.F.15_01,27,1526.0,1759.0,1642.5
n8_TS,n8,TS,tai20_20_10.F.15_01,28,1503.0,1731.0,1617.0
n8_TS,n8,TS,tai20_20_10.F.15_01,29,1571.0,1720.0,1645.5
n8_TS,n8,TS,tai20_20_10.F.15_01,30,1566.0,1735.0,1650.5
n8_TS,n8,TS,tai30_15_01.F.15_01,1,1703.0,1902.0,1802.5
n8_TS,n8,TS,tai30_15_01.F.15_01,2,1683.0,1925.0,1804.0
n8_TS,n8,TS,tai30_15_01.F.15_01,3,1681.0,1922.0,1801.5
n8_TS,n8,TS,tai30_15_01.F.15_01,4,1660.0,1904.0,1782.0
n8_TS,n8,TS,tai30_15_01.F.15_01,5,1681.0,1914.0,1797.5
n8_TS,n8,TS,tai30_15_01.F.15_01,6,1676.0,1909.0,1792.5
n8_TS,n8,TS,tai30_15_01.F.15_01,7,1715.0,1913.0,1814.0
n8_TS,n8,TS,tai30_15_01.F.15_01,8,1706.0,1938.0,1822.0
n8_TS,n8,TS,tai30_15_01.F.15_01,9,1696.0,1919.0,1807.5
n8_TS,n8,TS,tai30_15_01.F.15_01,10,1713.0,1943.0,1828.0
n8_TS,n8,TS,tai30_15_01.F.15_01,11,1698.0,1927.0,1812.5
n8_TS,n8,TS,tai30_15_01.F.15_01,12,1686.0,1920.0,1803.0
n8_TS,n8,TS,tai30_15_01.F.15_01,13,1682.0,1910.0,1796.0
n8_TS,n8,TS,tai30_15_01.F.15_01,14,1690.0,1920.0,1805.0
n8_TS,n8,TS,tai30_15_01.F.15_01,15,1678.0,1914.0,1796.0
n8_TS,n8,TS,tai30_15_01.F.15_01,16,1695.0,1908.0,1801.5
n8_TS,n8,TS,tai30_15_01.F.15_01,17,1680.0,1922.0,1801.0
n8_TS,n8,TS,tai30_15_01.F.15_01,18,1697.0,1903.0,1800.0
n8_TS,n8,TS,tai30_15_01.F.15_01,19,1681.0,1925.0,1803.0
n8_TS,n8,TS,tai30_15_01.F.15_01,20,1706.0,1936.0,1821.0
n8_TS,n8,TS,tai30_15_01.F.15_01,21,1658.0,1889.0,1773.5
n8_TS,n8,TS,tai30_15_01.F.15_01,22,1706.0,1936.0,1821.0
n8_TS,n8,TS,tai30_15_01.F.15_01,23,1686.0,1907.0,1796.5
n8_TS,n8,TS,tai30_15_01.F.15_01,24,1682.0,1904.0,1793.0
n8_TS,n8,TS,tai30_15_01.F.15_01,25,1689.0,1926.0,1807.5
n8_TS,n8,TS,tai30_15_01.F.15_01,26,1659.0,1889.0,1774.0
n8_TS,n8,TS,tai30_15_01.F.15_01,27,1706.0,1922.0,1814.0
n8_TS,n8,TS,tai30_15_01.F.15_01,28,1689.0,1928.0,1808.5
n8_TS,n8,TS,tai30_15_01.F.15_01,29,1669.0,1906.0,1787.5
n8_TS,n8,TS,tai30_15_01.F.15_01,30,1687.0,1918.0,1802.5
n8_TS,n8,TS,tai30_15_02.F.15_01,1,1706.0,1996.0,1851.0
n8_TS,n8,TS,tai30_15_02.F.15_01,2,1741.0,1999.0,1870.0
n8_TS,n8,TS,tai30_15_02.F.15_01,3,1731.0,2008.0,1869.5
n8_TS,n8,TS,tai30_15_02.F.15_01,4,1729.0,1983.0,1856.0
n8_TS,n8,TS,tai30_15_02.F.15_01,5,1751.0,2032.0,1891.5
n8_TS,n8,TS,tai30_15_02.F.15_01,6,1719.0,2005.0,1862.0
n8_TS,n8,TS,tai30_15_02.F.15_01,7,1779.0,2063.0,1921.0
n8_TS,n8,TS,tai30_15_02.F.15_01,8,1721.0,1993.0,1857.0
n8_TS,n8,TS,tai30_15_02.F.15_01,9,1739.0,2015.0,1877.0
n8_TS,n8,TS,tai30_15_02.F.15_01,10,1716.0,1983.0,1849.5
n8_TS,n8,TS,tai30_15_02.F.15_01,11,1713.0,2017.0,1865.0
n8_TS,n8,TS,tai30_15_02.F.15_01,12,1766.0,2002.0,1884.0
n8_TS,n8,TS,tai30_15_02.F.15_01,13,1729.0,2010.0,1869.5
n8_TS,n8,TS,tai30_15_02.F.15_01,14,1713.0,2017.0,1865.0
n8_TS,n8,TS,tai30_15_02.F.15_01,15,1737.0,2042.0,1889.5
n8_TS,n8,TS,tai30_15_02.F.15_01,16,1741.0,2015.0,1878.0
n8_TS,n8,TS,tai30_15_02.F.15_01,17,1718.0,2005.0,1861.5
n8_TS,n8,TS,tai30_15_02.F.15_01,18,1743.0,2049.0,1896.0
n8_TS,n8,TS,tai30_15_02.F.15_01,19,1727.0,2017.0,1872.0
n8_TS,n8,TS,tai30_15_02.F.15_01,20,1702.0,1982.0,1842.0
n8_TS,n8,TS,tai30_15_02.F.15_01,21,1741.0,2011.0,1876.0
n8_TS,n8,TS,tai30_15_02.F.15_01,22,1753.0,2024.0,1888.5
n8_TS,n8,TS,tai30_15_02.F.15_01,23,1725.0,2017.0,1871.0
n8_TS,n8,TS,tai30_15_02.F.15_01,24,1747.0,2023.0,1885.0
n8_TS,n8,TS,tai30_15_02.F.15_01,25,1757.0,2057.0,1907.0
n8_TS,n8,TS,tai30_15_02.F.15_01,26,1715.0,1996.0,1855.5
n8_TS,n8,TS,tai30_15_02.F.15_01,27,1748.0,1991.0,1869.5
n8_TS,n8,TS,tai30_15_02.F.15_01,28,1754.0,2011.0,1882.5
n8_TS,n8,TS,tai30_15_02.F.15_01,29,1705.0,1988.0,1846.5
n8_TS,n8,TS,tai30_15_02.F.15_01,30,1717.0,2017.0,1867.0
n8_TS,n8,TS,tai30_15_03.F.15_01,1,1732.0,2000.0,1866.0
n8_TS,n8,TS,tai30_15_03.F.15_01,2,1726.0,2005.0,1865.5
n8_TS,n8,TS,tai30_15_03.F.15_01,3,1719.0,1970.0,1844.5
n8_TS,n8,TS,tai30_15_03.F.15_01,4,1738.0,1996.0,1867.0
n8_TS,n8,TS,tai30_15_03.F.15_01,5,1729.0,2006.0,1867.5
n8_TS,n8,TS,tai30_15_03.F.15_01,6,1765.0,2031.0,1898.0
n8_TS,n8,TS,tai30_15_03.F.15_01,7,1735.0,1985.0,1860.0
n8_TS,n8,TS,tai30_15_03.F.15_01,8,1740.0,1996.0,1868.0
n8_TS,n8,TS,tai30_15_03.F.15_01,9,1726.0,1999.0,1862.5
n8_TS,n8,TS,tai30_15_03.F.15_01,10,1718.0,1996.0,1857.0
n8_TS,n8,TS,tai30_15_03.F.15_01,11,1788.0,2037.0,1912.5
n8_TS,n8,TS,tai30_15_03.F.15_01,12,1740.0,2004.0,1872.0
n8_TS,n8,TS,tai30_15_03.F.15_01,13,1749.0,2007.0,1878.0
n8_TS,n8,TS,tai30_15_03.F.15_01,14,1757.0,2040.0,1898.5
n8_TS,n8,TS,tai30_15_03.F.15_01,15,1748.0,2010.0,1879.0
n8_TS,n8,TS,tai30_15_03.F.15_01,16,1762.0,2012.0,1887.0
n8_TS,n8,TS,tai30_15_03.F.15_01,17,1729.0,1986.0,1857.5
n8_TS,n8,TS,tai30_15_03.F.15_01,18,1714.0,1977.0,1845.5
n8_TS,n8,TS,tai30_15_03.F.15_01,19,1727.0,2011.0,1869.0
n8_TS,n8,TS,tai30_15_03.F.15_01,20,1758.0,2011.0,1884.5
n8_TS,n8,TS,tai30_15_03.F.15_01,21,1735.0,1989.0,1862.0
n8_TS,n8,TS,tai30_15_03.F.15_01,22,1736.0,2017.0,1876.5
n8_TS,n8,TS,tai30_15_03.F.15_01,23,1748.0,2001.0,1874.5
n8_TS,n8,TS,tai30_15_03.F.15_01,24,1753.0,2005.0,1879.0
n8_TS,n8,TS,tai30_15_03.F.15_01,25,1766.0,1999.0,1882.5
n8_TS,n8,TS,tai30_15_03.F.15_01,26,1742.0,1996.0,1869.0
n8_TS,n8,TS,tai30_15_03.F.15_01,27,1747.0,2016.0,1881.5
n8_TS,n8,TS,tai30_15_03.F.15_01,28,1748.0,1997.0,1872.5
n8_TS,n8,TS,tai30_15_03.F.15_01,29,1745.0,2023.0,1884.0
n8_TS,n8,TS,tai30_15_03.F.15_01,30,1743.0,2011.0,1877.0
n8_TS,n8,TS,tai30_15_04.F.15_01,1,1782.0,2082.0,1932.0
n8_TS,n8,TS,tai30_15_04.F.15_01,2,1759.0,2030.0,1894.5
n8_TS,n8,TS,tai30_15_04.F.15_01,3,1757.0,2046.0,1901.5
n8_TS,n8,TS,tai30_15_04.F.15_01,4,1784.0,2023.0,1903.5
n8_TS,n8,TS,tai30_15_04.F.15_01,5,1823.0,2083.0,1953.0
n8_TS,n8,TS,tai30_15_04.F.15_01,6,1736.0,2031.0,1883.5
n8_TS,n8,TS,tai30_15_04.F.15_01,7,1779.0,2066.0,1922.5
n8_TS,n8,TS,tai30_15_04.F.15_01,8,1807.0,2070.0,1938.5
n8_TS,n8,TS,tai30_15_04.F.15_01,9,1806.0,2051.0,1928.5
n8_TS,n8,TS,tai30_15_04.F.15_01,10,1803.0,2081.0,1942.0
n8_TS,n8,TS,tai30_15_04.F.15_01,11,1759.0,2046.0,1902.5
n8_TS,n8,TS,tai30_15_04.F.15_01,12,1753.0,2043.0,1898.0
n8_TS,n8,TS,tai30_15_04.F.15_01,13,1782.0,2058.0,1920.0
n8_TS,n8,TS,tai30_15_04.F.15_01,14,1797.0,2045.0,1921.0
n8_TS,n8,TS,tai30_15_04.F.15_01,15,1787.0,2073.0,1930.0
n8_TS,n8,TS,tai30_15_04.F.15_01,16,1791.0,2044.0,1917.5
n8_TS,n8,TS,tai30_15_04.F.15_01,17,1752.0,2041.0,1896.5
n8_TS,n8,TS,tai30_15_04.F.15_01,18,1774.0,2051.0,1912.5
n8_TS,n8,TS,tai30_15_04.F.15_01,19,1769.0,2018.0,1893.5
n8_TS,n8,TS,tai30_15_04.F.15_01,20,1783.0,2033.0,1908.0
n8_TS,n8,TS,tai30_15_04.F.15_01,21,1774.0,2031.0,1902.5
n8_TS,n8,TS,tai30_15_04.F.15_01,22,1775.0,2033.0,1904.0
n8_TS,n8,TS,tai30_15_04.F.15_01,23,1766.0,2046.0,1906.0
n8_TS,n8,TS,tai30_15_04.F.15_01,24,1776.0,2031.0,1903.5
n8_TS,n8,TS,tai30_15_04.F.15_01,25,1764.0,2036.0,1900.0
n8_TS,n8,TS,tai30_15_04.F.15_01,26,1770.0,2046.0,1908.0
n8_TS,n8,TS,tai30_15_04.F.15_01,27,1815.0,2082.0,1948.5
n8_TS,n8,TS,tai30_15_04.F.15_01,28,1750.0,2046.0,1898.0
n8_TS,n8,TS,tai30_15_04.F.15_01,29,1757.0,2066.0,1911.5
n8_TS,n8,TS,tai30_15_04.F.15_01,30,1803.0,2081.0,1942.0
n8_TS,n8,TS,tai30_15_05.F.15_01,1,1856.0,2167.0,2011.5
n8_TS,n8,TS,tai30_15_05.F.15_01,2,1851.0,2167.0,2009.0
n8_TS,n8,TS,tai30_15_05.F.15_01,3,1856.0,2167.0,2011.5
n8_TS,n8,TS,tai30_15_05.F.15_01,4,1854.0,2176.0,2015.0
n8_TS,n8,TS,tai30_15_05.F.15_01,5,1848.0,2167.0,2007.5
n8_TS,n8,TS,tai30_15_05.F.15_01,6,1854.0,2176.0,2015.0
n8_TS,n8,TS,tai30_15_05.F.15_01,7,1854.0,2176.0,2015.0
n8_TS,n8,TS,tai30_15_05.F.15_01,8,1848.0,2167.0,2007.5
n8_TS,n8,TS,tai30_15_05.F.15_01,9,1856.0,2167.0,2011.5
n8_TS,n8,TS,tai30_15_05.F.15_01,10,1854.0,2176.0,2015.0
n8_TS,n8,TS,tai30_15_05.F.15_01,11,1847.0,2167.0,2007.0
n8_TS,n8,TS,tai30_15_05.F.15_01,12,1847.0,2167.0,2007.0
n8_TS,n8,TS,tai30_15_05.F.15_01,13,1854.0,2176.0,2015.0
n8_TS,n8,TS,tai30_15_05.F.15_01,14,1847.0,2167.0,2007.0
n8_TS,n8,TS,tai30_15_05.F.15_01,15,1854.0,2176.0,2015.0
n8_TS,n8,TS,tai30_15_05.F.15_01,16,1854.0,2176.0,2015.0
n8_TS,n8,TS,tai30_15_05.F.15_01,17,1854.0,2176.0,2015.0
n8_TS,n8,TS,tai30_15_05.F.15_01,18,1854.0,2176.0,2015.0
n8_TS,n8,TS,tai30_15_05.F.15_01,19,1854.0,2176.0,2015.0
n8_TS,n8,TS,tai30_15_05.F.15_01,20,1854.0,2176.0,2015.0
n8_TS,n8,TS,tai30_15_05.F.15_01,21,1854.0,2176.0,2015.0
n8_TS,n8,TS,tai30_15_05.F.15_01,22,1864.0,2176.0,2020.0
n8_TS,n8,TS,tai30_15_05.F.15_01,23,1854.0,2176.0,2015.0
n8_TS,n8,TS,tai30_15_05.F.15_01,24,1854.0,2176.0,2015.0
n8_TS,n8,TS,tai30_15_05.F.15_01,25,1854.0,2176.0,2015.0
n8_TS,n8,TS,tai30_15_05.F.15_01,26,1847.0,2167.0,2007.0
n8_TS,n8,TS,tai30_15_05.F.15_01,27,1856.0,2167.0,2011.5
n8_TS,n8,TS,tai30_15_05.F.15_01,28,1856.0,2167.0,2011.5
n8_TS,n8,TS,tai30_15_05.F.15_01,29,1847.0,2167.0,2007.0
n8_TS,n8,TS,tai30_15_05.F.15_01,30,1850.0,2167.0,2008.5
n8_TS,n8,TS,tai30_15_06.F.15_01,1,1748.0,2005.0,1876.5
n8_TS,n8,TS,tai30_15_06.F.15_01,2,1751.0,2024.0,1887.5
n8_TS,n8,TS,tai30_15_06.F.15_01,3,1727.0,1975.0,1851.0
n8_TS,n8,TS,tai30_15_06.F.15_01,4,1713.0,1990.0,1851.5
n8_TS,n8,TS,tai30_15_06.F.15_01,5,1795.0,2027.0,1911.0
n8_TS,n8,TS,tai30_15_06.F.15_01,6,1721.0,1990.0,1855.5
n8_TS,n8,TS,tai30_15_06.F.15_01,7,1727.0,1992.0,1859.5
n8_TS,n8,TS,tai30_15_06.F.15_01,8,1765.0,2005.0,1885.0
n8_TS,n8,TS,tai30_15_06.F.15_01,9,1747.0,1998.0,1872.5
n8_TS,n8,TS,tai30_15_06.F.15_01,10,1758.0,2022.0,1890.0
n8_TS,n8,TS,tai30_15_06.F.15_01,11,1733.0,2005.0,1869.0
n8_TS,n8,TS,tai30_15_06.F.15_01,12,1719.0,1975.0,1847.0
n8_TS,n8,TS,tai30_15_06.F.15_01,13,1761.0,1990.0,1875.5
n8_TS,n8,TS,tai30_15_06.F.15_01,14,1738.0,1982.0,1860.0
n8_TS,n8,TS,tai30_15_06.F.15_01,15,1762.0,2022.0,1892.0
n8_TS,n8,TS,tai30_15_06.F.15_01,16,1757.0,2018.0,1887.5
n8_TS,n8,TS,tai30_15_06.F.15_01,17,1741.0,1979.0,1860.0
n8_TS,n8,TS,tai30_15_06.F.15_01,18,1734.0,1997.0,1865.5
n8_TS,n8,TS,tai30_15_06.F.15_01,19,1737.0,1991.0,1864.0
n8_TS,n8,TS,tai30_15_06.F.15_01,20,1737.0,1992.0,1864.5
n8_TS,n8,TS,tai30_15_06.F.15_01,21,1735.0,1991.0,1863.0
n8_TS,n8,TS,tai30_15_06.F.15_01,22,1744.0,1999.0,1871.5
n8_TS,n8,TS,tai30_15_06.F.15_01,23,1706.0,1975.0,1840.5
n8_TS,n8,TS,tai30_15_06.F.15_01,24,1768.0,2000.0,1884.0
n8_TS,n8,TS,tai30_15_06.F.15_01,25,1733.0,2013.0,1873.0
n8_TS,n8,TS,tai30_15_06.F.15_01,26,1722.0,1993.0,1857.5
n8_TS,n8,TS,tai30_15_06.F.15_01,27,1732.0,1998.0,1865.0
n8_TS,n8,TS,tai30_15_06.F.15_01,28,1761.0,2022.0,1891.5
n8_TS,n8,TS,tai30_15_06.F.15_01,29,1764.0,2010.0,1887.0
n8_TS,n8,TS,tai30_15_06.F.15_01,30,1748.0,2003.0,1875.5
n8_TS,n8,TS,tai30_15_07.F.15_01,1,1722.0,1986.0,1854.0
n8_TS,n8,TS,tai30_15_07.F.15_01,2,1724.0,2009.0,1866.5
n8_TS,n8,TS,tai30_15_07.F.15_01,3,1676.0,1978.0,1827.0
n8_TS,n8,TS,tai30_15_07.F.15_01,4,1715.0,1974.0,1844.5
n8_TS,n8,TS,tai30_15_07.F.15_01,5,1695.0,1966.0,1830.5
n8_TS,n8,TS,tai30_15_07.F.15_01,6,1721.0,1965.0,1843.0
n8_TS,n8,TS,tai30_15_07.F.15_01,7,1706.0,1965.0,1835.5
n8_TS,n8,TS,tai30_15_07.F.15_01,8,1698.0,1986.0,1842.0
n8_TS,n8,TS,tai30_15_07.F.15_01,9,1739.0,1975.0,1857.0
n8_TS,n8,TS,tai30_15_07.F.15_01,10,1710.0,1961.0,1835.5
n8_TS,n8,TS,tai30_15_07.F.15_01,11,1720.0,1982.0,1851.0
n8_TS,n8,TS,tai30_15_07.F.15_01,12,1728.0,1968.0,1848.0
n8_TS,n8,TS,tai30_15_07.F.15_01,13,1703.0,1962.0,1832.5
n8_TS,n8,TS,tai30_15_07.F.15_01,14,1690.0,1972.0,1831.0
n8_TS,n8,TS,tai30_15_07.F.15_01,15,1698.0,1978.0,1838.0
n8_TS,n8,TS,tai30_15_07.F.15_01,16,1711.0,1977.0,1844.0
n8_TS,n8,TS,tai30_15_07.F.15_01,17,1706.0,1978.0,1842.0
n8_TS,n8,TS,tai30_15_07.F.15_01,18,1716.0,1991.0,1853.5
n8_TS,n8,TS,tai30_15_07.F.15_01,19,1715.0,1977.0,1846.0
n8_TS,n8,TS,tai30_15_07.F.15_01,20,1703.0,1975.0,1839.0
n8_TS,n8,TS,tai30_15_07.F.15_01,21,1703.0,1979.0,1841.0
n8_TS,n8,TS,tai30_15_07.F.15_01,22,1703.0,1980.0,1841.5
n8_TS,n8,TS,tai30_15_07.F.15_01,23,1710.0,1978.0,1844.0
n8_TS,n8,TS,tai30_15_07.F.15_01,24,1710.0,1972.0,1841.0
n8_TS,n8,TS,tai30_15_07.F.15_01,25,1710.0,1984.0,1847.0
n8_TS,n8,TS,tai30_15_07.F.15_01,26,1721.0,1971.0,1846.0
n8_TS,n8,TS,tai30_15_07.F.15_01,27,1705.0,1989.0,1847.0
n8_TS,n8,TS,tai30_15_07.F.15_01,28,1716.0,1957.0,1836.5
n8_TS,n8,TS,tai30_15_07.F.15_01,29,1700.0,1975.0,1837.5
n8_TS,n8,TS,tai30_15_07.F.15_01,30,1718.0,1968.0,1843.0
n8_TS,n8,TS,tai30_15_08.F.15_01,1,1650.0,1877.0,1763.5
n8_TS,n8,TS,tai30_15_08.F.15_01,2,1614.0,1863.0,1738.5
n8_TS,n8,TS,tai30_15_08.F.15_01,3,1624.0,1863.0,1743.5
n8_TS,n8,TS,tai30_15_08.F.15_01,4,1639.0,1889.0,1764.0
n8_TS,n8,TS,tai30_15_08.F.15_01,5,1657.0,1880.0,1768.5
n8_TS,n8,TS,tai30_15_08.F.15_01,6,1635.0,1863.0,1749.0
n8_TS,n8,TS,tai30_15_08.F.15_01,7,1624.0,1866.0,1745.0
n8_TS,n8,TS,tai30_15_08.F.15_01,8,1628.0,1882.0,1755.0
n8_TS,n8,TS,tai30_15_08.F.15_01,9,1627.0,1848.0,1737.5
n8_TS,n8,TS,tai30_15_08.F.15_01,10,1648.0,1859.0,1753.5
n8_TS,n8,TS,tai30_15_08.F.15_01,11,1633.0,1844.0,1738.5
n8_TS,n8,TS,tai30_15_08.F.15_01,12,1625.0,1869.0,1747.0
n8_TS,n8,TS,tai30_15_08.F.15_01,13,1640.0,1888.0,1764.0
n8_TS,n8,TS,tai30_15_08.F.15_01,14,1649.0,1884.0,1766.5
n8_TS,n8,TS,tai30_15_08.F.15_01,15,1643.0,1868.0,1755.5
n8_TS,n8,TS,tai30_15_08.F.15_01,16,1620.0,1876.0,1748.0
n8_TS,n8,TS,tai30_15_08.F.15_01,17,1631.0,1854.0,1742.5
n8_TS,n8,TS,tai30_15_08.F.15_01,18,1623.0,1869.0,1746.0
n8_TS,n8,TS,tai30_15_08.F.15_01,19,1623.0,1874.0,1748.5
n8_TS,n8,TS,tai30_15_08.F.15_01,20,1647.0,1890.0,1768.5
n8_TS,n8,TS,tai30_15_08.F.15_01,21,1600.0,1840.0,1720.0
n8_TS,n8,TS,tai30_15_08.F.15_01,22,1610.0,1869.0,1739.5
n8_TS,n8,TS,tai30_15_08.F.15_01,23,1618.0,1846.0,1732.0
n8_TS,n8,TS,tai30_15_08.F.15_01,24,1630.0,1882.0,1756.0
n8_TS,n8,TS,tai30_15_08.F.15_01,25,1625.0,1874.0,1749.5
n8_TS,n8,TS,tai30_15_08.F.15_01,26,1616.0,1884.0,1750.0
n8_TS,n8,TS,tai30_15_08.F.15_01,27,1607.0,1846.0,1726.5
n8_TS,n8,TS,tai30_15_08.F.15_01,28,1615.0,1878.0,1746.5
n8_TS,n8,TS,tai30_15_08.F.15_01,29,1634.0,1847.0,1740.5
n8_TS,n8,TS,tai30_15_08.F.15_01,30,1615.0,1854.0,1734.5
n8_TS,n8,TS,tai30_15_09.F.15_01,1,1714.0,1947.0,1830.5
n8_TS,n8,TS,tai30_15_09.F.15_01,2,1713.0,1957.0,1835.0
n8_TS,n8,TS,tai30_15_09.F.15_01,3,1722.0,1954.0,1838.0
n8_TS,n8,TS,tai30_15_09.F.15_01,4,1711.0,1957.0,1834.0
n8_TS,n8,TS,tai30_15_09.F.15_01,5,1718.0,1942.0,1830.0
n8_TS,n8,TS,tai30_15_09.F.15_01,6,1702.0,1952.0,1827.0
n8_TS,n8,TS,tai30_15_09.F.15_01,7,1723.0,1964.0,1843.5
n8_TS,n8,TS,tai30_15_09.F.15_01,8,1717.0,1964.0,1840.5
n8_TS,n8,TS,tai30_15_09.F.15_01,9,1723.0,1956.0,1839.5
n8_TS,n8,TS,tai30_15_09.F.15_01,10,1731.0,1961.0,1846.0
n8_TS,n8,TS,tai30_15_09.F.15_01,11,1746.0,1988.0,1867.0
n8_TS,n8,TS,tai30_15_09.F.15_01,12,1717.0,1955.0,1836.0
n8_TS,n8,TS,tai30_15_09.F.15_01,13,1732.0,1968.0,1850.0
n8_TS,n8,TS,tai30_15_09.F.15_01,14,1748.0,2021.0,1884.5
n8_TS,n8,TS,tai30_15_09.F.15_01,15,1744.0,1975.0,1859.5
n8_TS,n8,TS,tai30_15_09.F.15_01,16,1719.0,1957.0,1838.0
n8_TS,n8,TS,tai30_15_09.F.15_01,17,1735.0,1953.0,1844.0
n8_TS,n8,TS,tai30_15_09.F.15_01,18,1716.0,1957.0,1836.5
n8_TS,n8,TS,tai30_15_09.F.15_01,19,1732.0,1972.0,1852.0
n8_TS,n8,TS,tai30_15_09.F.15_01,20,1744.0,1966.0,1855.0
n8_TS,n8,TS,tai30_15_09.F.15_01,21,1715.0,1959.0,1837.0
n8_TS,n8,TS,tai30_15_09.F.15_01,22,1710.0,1946.0,1828.0
n8_TS,n8,TS,tai30_15_09.F.15_01,23,1712.0,1957.0,1834.5
n8_TS,n8,TS,tai30_15_09.F.15_01,24,1693.0,1957.0,1825.0
n8_TS,n8,TS,tai30_15_09.F.15_01,25,1709.0,1957.0,1833.0
n8_TS,n8,TS,tai30_15_09.F.15_01,26,1717.0,1957.0,1837.0
n8_TS,n8,TS,tai30_15_09.F.15_01,27,1721.0,1955.0,1838.0
n8_TS,n8,TS,tai30_15_09.F.15_01,28,1713.0,1963.0,1838.0
n8_TS,n8,TS,tai30_15_09.F.15_01,29,1726.0,1985.0,1855.5
n8_TS,n8,TS,tai30_15_09.F.15_01,30,1719.0,1952.0,1835.5
n8_TS,n8,TS,tai30_15_10.F.15_01,1,1652.0,1864.0,1758.0
n8_TS,n8,TS,tai30_15_10.F.15_01,2,1649.0,1857.0,1753.0
n8_TS,n8,TS,tai30_15_10.F.15_01,3,1630.0,1857.0,1743.5
n8_TS,n8,TS,tai30_15_10.F.15_01,4,1621.0,1840.0,1730.5
n8_TS,n8,TS,tai30_15_10.F.15_01,5,1673.0,1883.0,1778.0
n8_TS,n8,TS,tai30_15_10.F.15_01,6,1657.0,1849.0,1753.0
n8_TS,n8,TS,tai30_15_10.F.15_01,7,1658.0,1863.0,1760.5
n8_TS,n8,TS,tai30_15_10.F.15_01,8,1635.0,1848.0,1741.5
n8_TS,n8,TS,tai30_15_10.F.15_01,9,1634.0,1862.0,1748.0
n8_TS,n8,TS,tai30_15_10.F.15_01,10,1663.0,1870.0,1766.5
n8_TS,n8,TS,tai30_15_10.F.15_01,11,1661.0,1883.0,1772.0
n8_TS,n8,TS,tai30_15_10.F.15_01,12,1645.0,1864.0,1754.5
n8_TS,n8,TS,tai30_15_10.F.15_01,13,1649.0,1871.0,1760.0
n8_TS,n8,TS,tai30_15_10.F.15_01,14,1655.0,1860.0,1757.5
n8_TS,n8,TS,tai30_15_10.F.15_01,15,1649.0,1856.0,1752.5
n8_TS,n8,TS,tai30_15_10.F.15_01,16,1649.0,1855.0,1752.0
n8_TS,n8,TS,tai30_15_10.F.15_01,17,1660.0,1869.0,1764.5
n8_TS,n8,TS,tai30_15_10.F.15_01,18,1652.0,1870.0,1761.0
n8_TS,n8,TS,tai30_15_10.F.15_01,19,1679.0,1903.0,1791.0
n8_TS,n8,TS,tai30_15_10.F.15_01,20,1632.0,1872.0,1752.0
n8_TS,n8,TS,tai30_15_10.F.15_01,21,1666.0,1866.0,1766.0
n8_TS,n8,TS,tai30_15_10.F.15_01,22,1645.0,1867.0,1756.0
n8_TS,n8,TS,tai30_15_10.F.15_01,23,1643.0,1876.0,1759.5
n8_TS,n8,TS,tai30_15_10.F.15_01,24,1649.0,1865.0,1757.0
n8_TS,n8,TS,tai30_15_10.F.15_01,25,1676.0,1890.0,1783.0
n8_TS,n8,TS,tai30_15_10.F.15_01,26,1685.0,1898.0,1791.5
n8_TS,n8,TS,tai30_15_10.F.15_01,27,1656.0,1864.0,1760.0
n8_TS,n8,TS,tai30_15_10.F.15_01,28,1645.0,1867.0,1756.0
n8_TS,n8,TS,tai30_15_10.F.15_01,29,1642.0,1862.0,1752.0
n8_TS,n8,TS,tai30_15_10.F.15_01,30,1658.0,1849.0,1753.5
n8_TS,n8,TS,tai30_20_01.F.15_01,1,2017.0,2280.0,2148.5
n8_TS,n8,TS,tai30_20_01.F.15_01,2,2045.0,2310.0,2177.5
n8_TS,n8,TS,tai30_20_01.F.15_01,3,1993.0,2263.0,2128.0
n8_TS,n8,TS,tai30_20_01.F.15_01,4,2005.0,2275.0,2140.0
n8_TS,n8,TS,tai30_20_01.F.15_01,5,2007.0,2281.0,2144.0
n8_TS,n8,TS,tai30_20_01.F.15_01,6,1995.0,2284.0,2139.5
n8_TS,n8,TS,tai30_20_01.F.15_01,7,1979.0,2262.0,2120.5
n8_TS,n8,TS,tai30_20_01.F.15_01,8,2014.0,2277.0,2145.5
n8_TS,n8,TS,tai30_20_01.F.15_01,9,1968.0,2246.0,2107.0
n8_TS,n8,TS,tai30_20_01.F.15_01,10,1967.0,2240.0,2103.5
n8_TS,n8,TS,tai30_20_01.F.15_01,11,2032.0,2305.0,2168.5
n8_TS,n8,TS,tai30_20_01.F.15_01,12,2000.0,2270.0,2135.0
n8_TS,n8,TS,tai30_20_01.F.15_01,13,1980.0,2275.0,2127.5
n8_TS,n8,TS,tai30_20_01.F.15_01,14,1990.0,2265.0,2127.5
n8_TS,n8,TS,tai30_20_01.F.15_01,15,2020.0,2272.0,2146.0
n8_TS,n8,TS,tai30_20_01.F.15_01,16,2026.0,2292.0,2159.0
n8_TS,n8,TS,tai30_20_01.F.15_01,17,2046.0,2317.0,2181.5
n8_TS,n8,TS,tai30_20_01.F.15_01,18,1997.0,2314.0,2155.5
n8_TS,n8,TS,tai30_20_01.F.15_01,19,2025.0,2276.0,2150.5
n8_TS,n8,TS,tai30_20_01.F.15_01,20,2019.0,2291.0,2155.0
n8_TS,n8,TS,tai30_20_01.F.15_01,21,1988.0,2270.0,2129.0
n8_TS,n8,TS,tai30_20_01.F.15_01,22,2004.0,2293.0,2148.5
n8_TS,n8,TS,tai30_20_01.F.15_01,23,1984.0,2254.0,2119.0
n8_TS,n8,TS,tai30_20_01.F.15_01,24,2025.0,2286.0,2155.5
n8_TS,n8,TS,tai30_20_01.F.15_01,25,1991.0,2251.0,2121.0
n8_TS,n8,TS,tai30_20_01.F.15_01,26,1995.0,2285.0,2140.0
n8_TS,n8,TS,tai30_20_01.F.15_01,27,2007.0,2297.0,2152.0
n8_TS,n8,TS,tai30_20_01.F.15_01,28,1991.0,2268.0,2129.5
n8_TS,n8,TS,tai30_20_01.F.15_01,29,2003.0,2269.0,2136.0
n8_TS,n8,TS,tai30_20_01.F.15_01,30,2000.0,2262.0,2131.0
n8_TS,n8,TS,tai30_20_02.F.15_01,1,1912.0,2186.0,2049.0
n8_TS,n8,TS,tai30_20_02.F.15_01,2,1905.0,2194.0,2049.5
n8_TS,n8,TS,tai30_20_02.F.15_01,3,1884.0,2174.0,2029.0
n8_TS,n8,TS,tai30_20_02.F.15_01,4,1932.0,2190.0,2061.0
n8_TS,n8,TS,tai30_20_02.F.15_01,5,1918.0,2199.0,2058.5
n8_TS,n8,TS,tai30_20_02.F.15_01,6,1912.0,2191.0,2051.5
n8_TS,n8,TS,tai30_20_02.F.15_01,7,1940.0,2210.0,2075.0
n8_TS,n8,TS,tai30_20_02.F.15_01,8,1903.0,2176.0,2039.5
n8_TS,n8,TS,tai30_20_02.F.15_01,9,1899.0,2205.0,2052.0
n8_TS,n8,TS,tai30_20_02.F.15_01,10,1888.0,2199.0,2043.5
n8_TS,n8,TS,tai30_20_02.F.15_01,11,1915.0,2182.0,2048.5
n8_TS,n8,TS,tai30_20_02.F.15_01,12,1936.0,2186.0,2061.0
n8_TS,n8,TS,tai30_20_02.F.15_01,13,1906.0,2224.0,2065.0
n8_TS,n8,TS,tai30_20_02.F.15_01,14,1863.0,2151.0,2007.0
n8_TS,n8,TS,tai30_20_02.F.15_01,15,1949.0,2195.0,2072.0
n8_TS,n8,TS,tai30_20_02.F.15_01,16,1899.0,2179.0,2039.0
n8_TS,n8,TS,tai30_20_02.F.15_01,17,1895.0,2202.0,2048.5
n8_TS,n8,TS,tai30_20_02.F.15_01,18,1886.0,2181.0,2033.5
n8_TS,n8,TS,tai30_20_02.F.15_01,19,1918.0,2210.0,2064.0
n8_TS,n8,TS,tai30_20_02.F.15_01,20,1920.0,2171.0,2045.5
n8_TS,n8,TS,tai30_20_02.F.15_01,21,1886.0,2146.0,2016.0
n8_TS,n8,TS,tai30_20_02.F.15_01,22,1929.0,2234.0,2081.5
n8_TS,n8,TS,tai30_20_02.F.15_01,23,1924.0,2204.0,2064.0
n8_TS,n8,TS,tai30_20_02.F.15_01,24,1894.0,2212.0,2053.0
n8_TS,n8,TS,tai30_20_02.F.15_01,25,1874.0,2151.0,2012.5
n8_TS,n8,TS,tai30_20_02.F.15_01,26,1943.0,2194.0,2068.5
n8_TS,n8,TS,tai30_20_02.F.15_01,27,1897.0,2187.0,2042.0
n8_TS,n8,TS,tai30_20_02.F.15_01,28,1894.0,2179.0,2036.5
n8_TS,n8,TS,tai30_20_02.F.15_01,29,1917.0,2171.0,2044.0
n8_TS,n8,TS,tai30_20_02.F.15_01,30,1922.0,2208.0,2065.0
n8_TS,n8,TS,tai30_20_03.F.15_01,1,1865.0,2133.0,1999.0
n8_TS,n8,TS,tai30_20_03.F.15_01,2,1824.0,2070.0,1947.0
n8_TS,n8,TS,tai30_20_03.F.15_01,3,1821.0,2083.0,1952.0
n8_TS,n8,TS,tai30_20_03.F.15_01,4,1864.0,2090.0,1977.0
n8_TS,n8,TS,tai30_20_03.F.15_01,5,1873.0,2103.0,1988.0
n8_TS,n8,TS,tai30_20_03.F.15_01,6,1830.0,2057.0,1943.5
n8_TS,n8,TS,tai30_20_03.F.15_01,7,1824.0,2053.0,1938.5
n8_TS,n8,TS,tai30_20_03.F.15_01,8,1856.0,2102.0,1979.0
n8_TS,n8,TS,tai30_20_03.F.15_01,9,1863.0,2104.0,1983.5
n8_TS,n8,TS,tai30_20_03.F.15_01,10,1841.0,2084.0,1962.5
n8_TS,n8,TS,tai30_20_03.F.15_01,11,1827.0,2081.0,1954.0
n8_TS,n8,TS,tai30_20_03.F.15_01,12,1865.0,2108.0,1986.5
n8_TS,n8,TS,tai30_20_03.F.15_01,13,1882.0,2120.0,2001.0
n8_TS,n8,TS,tai30_20_03.F.15_01,14,1819.0,2075.0,1947.0
n8_TS,n8,TS,tai30_20_03.F.15_01,15,1840.0,2079.0,1959.5
n8_TS,n8,TS,tai30_20_03.F.15_01,16,1833.0,2088.0,1960.5
n8_TS,n8,TS,tai30_20_03.F.15_01,17,1853.0,2137.0,1995.0
n8_TS,n8,TS,tai30_20_03.F.15_01,18,1880.0,2117.0,1998.5
n8_TS,n8,TS,tai30_20_03.F.15_01,19,1818.0,2090.0,1954.0
n8_TS,n8,TS,tai30_20_03.F.15_01,20,1806.0,2057.0,1931.5
n8_TS,n8,TS,tai30_20_03.F.15_01,21,1848.0,2092.0,1970.0
n8_TS,n8,TS,tai30_20_03.F.15_01,22,1841.0,2087.0,1964.0
n8_TS,n8,TS,tai30_20_03.F.15_01,23,1839.0,2098.0,1968.5
n8_TS,n8,TS,tai30_20_03.F.15_01,24,1846.0,2101.0,1973.5
n8_TS,n8,TS,tai30_20_03.F.15_01,25,1840.0,2103.0,1971.5
n8_TS,n8,TS,tai30_20_03.F.15_01,26,1877.0,2119.0,1998.0
n8_TS,n8,TS,tai30_20_03.F.15_01,27,1853.0,2077.0,1965.0
n8_TS,n8,TS,tai30_20_03.F.15_01,28,1853.0,2086.0,1969.5
n8_TS,n8,TS,tai30_20_03.F.15_01,29,1829.0,2096.0,1962.5
n8_TS,n8,TS,tai30_20_03.F.15_01,30,1813.0,2071.0,1942.0
n8_TS,n8,TS,tai30_20_04.F.15_01,1,1935.0,2191.0,2063.0
n8_TS,n8,TS,tai30_20_04.F.15_01,2,1959.0,2205.0,2082.0
n8_TS,n8,TS,tai30_20_04.F.15_01,3,1941.0,2189.0,2065.0
n8_TS,n8,TS,tai30_20_04.F.15_01,4,1943.0,2178.0,2060.5
n8_TS,n8,TS,tai30_20_04.F.15_01,5,1956.0,2198.0,2077.0
n8_TS,n8,TS,tai30_20_04.F.15_01,6,1943.0,2209.0,2076.0
n8_TS,n8,TS,tai30_20_04.F.15_01,7,1989.0,2236.0,2112.5
n8_TS,n8,TS,tai30_20_04.F.15_01,8,1963.0,2208.0,2085.5
n8_TS,n8,TS,tai30_20_04.F.15_01,9,1987.0,2223.0,2105.0
n8_TS,n8,TS,tai30_20_04.F.15_01,10,1950.0,2194.0,2072.0
n8_TS,n8,TS,tai30_20_04.F.15_01,11,1959.0,2220.0,2089.5
n8_TS,n8,TS,tai30_20_04.F.15_01,12,2009.0,2211.0,2110.0
n8_TS,n8,TS,tai30_20_04.F.15_01,13,1980.0,2209.0,2094.5
n8_TS,n8,TS,tai30_20_04.F.15_01,14,1950.0,2219.0,2084.5
n8_TS,n8,TS,tai30_20_04.F.15_01,15,1970.0,2226.0,2098.0
n8_TS,n8,TS,tai30_20_04.F.15_01,16,1967.0,2219.0,2093.0
n8_TS,n8,TS,tai30_20_04.F.15_01,17,1975.0,2209.0,2092.0
n8_TS,n8,TS,tai30_20_04.F.15_01,18,1940.0,2188.0,2064.0
n8_TS,n8,TS,tai30_20_04.F.15_01,19,1958.0,2233.0,2095.5
n8_TS,n8,TS,tai30_20_04.F.15_01,20,1968.0,2206.0,2087.0
n8_TS,n8,TS,tai30_20_04.F.15_01,21,2001.0,2249.0,2125.0
n8_TS,n8,TS,tai30_20_04.F.15_01,22,1948.0,2183.0,2065.5
n8_TS,n8,TS,tai30_20_04.F.15_01,23,2011.0,2253.0,2132.0
n8_TS,n8,TS,tai30_20_04.F.15_01,24,1959.0,2225.0,2092.0
n8_TS,n8,TS,tai30_20_04.F.15_01,25,1955.0,2221.0,2088.0
n8_TS,n8,TS,tai30_20_04.F.15_01,26,1933.0,2194.0,2063.5
n8_TS,n8,TS,tai30_20_04.F.15_01,27,1953.0,2210.0,2081.5
n8_TS,n8,TS,tai30_20_04.F.15_01,28,1941.0,2198.0,2069.5
n8_TS,n8,TS,tai30_20_04.F.15_01,29,1958.0,2189.0,2073.5
n8_TS,n8,TS,tai30_20_04.F.15_01,30,1977.0,2230.0,2103.5
n8_TS,n8,TS,tai30_20_05.F.15_01,1,1975.0,2221.0,2098.0
n8_TS,n8,TS,tai30_20_05.F.15_01,2,1973.0,2227.0,2100.0
n8_TS,n8,TS,tai30_20_05.F.15_01,3,1963.0,2185.0,2074.0
n8_TS,n8,TS,tai30_20_05.F.15_01,4,1984.0,2230.0,2107.0
n8_TS,n8,TS,tai30_20_05.F.15_01,5,1959.0,2205.0,2082.0
n8_TS,n8,TS,tai30_20_05.F.15_01,6,1949.0,2171.0,2060.0
n8_TS,n8,TS,tai30_20_05.F.15_01,7,1966.0,2208.0,2087.0
n8_TS,n8,TS,tai30_20_05.F.15_01,8,1966.0,2204.0,2085.0
n8_TS,n8,TS,tai30_20_05.F.15_01,9,2006.0,2240.0,2123.0
n8_TS,n8,TS,tai30_20_05.F.15_01,10,1939.0,2170.0,2054.5
n8_TS,n8,TS,tai30_20_05.F.15_01,11,1938.0,2181.0,2059.5
n8_TS,n8,TS,tai30_20_05.F.15_01,12,1955.0,2190.0,2072.5
n8_TS,n8,TS,tai30_20_05.F.15_01,13,1965.0,2192.0,2078.5
n8_TS,n8,TS,tai30_20_05.F.15_01,14,1945.0,2173.0,2059.0
n8_TS,n8,TS,tai30_20_05.F.15_01,15,1965.0,2194.0,2079.5
n8_TS,n8,TS,tai30_20_05.F.15_01,16,1984.0,2196.0,2090.0
n8_TS,n8,TS,tai30_20_05.F.15_01,17,2027.0,2247.0,2137.0
n8_TS,n8,TS,tai30_20_05.F.15_01,18,1956.0,2206.0,2081.0
n8_TS,n8,TS,tai30_20_05.F.15_01,19,1975.0,2201.0,2088.0
n8_TS,n8,TS,tai30_20_05.F.15_01,20,1958.0,2191.0,2074.5
n8_TS,n8,TS,tai30_20_05.F.15_01,21,1939.0,2173.0,2056.0
n8_TS,n8,TS,tai30_20_05.F.15_01,22,1985.0,2225.0,2105.0
n8_TS,n8,TS,tai30_20_05.F.15_01,23,1954.0,2169.0,2061.5
n8_TS,n8,TS,tai30_20_05.F.15_01,24,1955.0,2202.0,2078.5
n8_TS,n8,TS,tai30_20_05.F.15_01,25,1973.0,2194.0,2083.5
n8_TS,n8,TS,tai30_20_05.F.15_01,26,1963.0,2218.0,2090.5
n8_TS,n8,TS,tai30_20_05.F.15_01,27,1998.0,2213.0,2105.5
n8_TS,n8,TS,tai30_20_05.F.15_01,28,1962.0,2194.0,2078.0
n8_TS,n8,TS,tai30_20_05.F.15_01,29,1977.0,2227.0,2102.0
n8_TS,n8,TS,tai30_20_05.F.15_01,30,1957.0,2202.0,2079.5
n8_TS,n8,TS,tai30_20_06.F.15_01,1,2033.0,2294.0,2163.5
n8_TS,n8,TS,tai30_20_06.F.15_01,2,2020.0,2276.0,2148.0
n8_TS,n8,TS,tai30_20_06.F.15_01,3,2035.0,2279.0,2157.0
n8_TS,n8,TS,tai30_20_06.F.15_01,4,1997.0,2275.0,2136.0
n8_TS,n8,TS,tai30_20_06.F.15_01,5,1992.0,2252.0,2122.0
n8_TS,n8,TS,tai30_20_06.F.15_01,6,1988.0,2256.0,2122.0
n8_TS,n8,TS,tai30_20_06.F.15_01,7,2004.0,2283.0,2143.5
n8_TS,n8,TS,tai30_20_06.F.15_01,8,1985.0,2241.0,2113.0
n8_TS,n8,TS,tai30_20_06.F.15_01,9,1995.0,2271.0,2133.0
n8_TS,n8,TS,tai30_20_06.F.15_01,10,1980.0,2249.0,2114.5
n8_TS,n8,TS,tai30_20_06.F.15_01,11,1979.0,2258.0,2118.5
n8_TS,n8,TS,tai30_20_06.F.15_01,12,2024.0,2301.0,2162.5
n8_TS,n8,TS,tai30_20_06.F.15_01,13,2013.0,2269.0,2141.0
n8_TS,n8,TS,tai30_20_06.F.15_01,14,1970.0,2247.0,2108.5
n8_TS,n8,TS,tai30_20_06.F.15_01,15,1980.0,2270.0,2125.0
n8_TS,n8,TS,tai30_20_06.F.15_01,16,2016.0,2298.0,2157.0
n8_TS,n8,TS,tai30_20_06.F.15_01,17,1993.0,2261.0,2127.0
n8_TS,n8,TS,tai30_20_06.F.15_01,18,1990.0,2276.0,2133.0
n8_TS,n8,TS,tai30_20_06.F.15_01,19,1978.0,2251.0,2114.5
n8_TS,n8,TS,tai30_20_06.F.15_01,20,1973.0,2232.0,2102.5
n8_TS,n8,TS,tai30_20_06.F.15_01,21,1938.0,2208.0,2073.0
n8_TS,n8,TS,tai30_20_06.F.15_01,22,1976.0,2242.0,2109.0
n8_TS,n8,TS,tai30_20_06.F.15_01,23,1953.0,2241.0,2097.0
n8_TS,n8,TS,tai30_20_06.F.15_01,24,1996.0,2280.0,2138.0
n8_TS,n8,TS,tai30_20_06.F.15_01,25,1998.0,2259.0,2128.5
n8_TS,n8,TS,tai30_20_06.F.15_01,26,1959.0,2234.0,2096.5
n8_TS,n8,TS,tai30_20_06.F.15_01,27,1972.0,2258.0,2115.0
n8_TS,n8,TS,tai30_20_06.F.15_01,28,2001.0,2248.0,2124.5
n8_TS,n8,TS,tai30_20_06.F.15_01,29,2001.0,2257.0,2129.0
n8_TS,n8,TS,tai30_20_06.F.15_01,30,2024.0,2303.0,2163.5
n8_TS,n8,TS,tai30_20_07.F.15_01,1,1887.0,2147.0,2017.0
n8_TS,n8,TS,tai30_20_07.F.15_01,2,1889.0,2176.0,2032.5
n8_TS,n8,TS,tai30_20_07.F.15_01,3,1971.0,2202.0,2086.5
n8_TS,n8,TS,tai30_20_07.F.15_01,4,1902.0,2175.0,2038.5
n8_TS,n8,TS,tai30_20_07.F.15_01,5,1884.0,2147.0,2015.5
n8_TS,n8,TS,tai30_20_07.F.15_01,6,1890.0,2164.0,2027.0
n8_TS,n8,TS,tai30_20_07.F.15_01,7,1909.0,2164.0,2036.5
n8_TS,n8,TS,tai30_20_07.F.15_01,8,1899.0,2130.0,2014.5
n8_TS,n8,TS,tai30_20_07.F.15_01,9,1865.0,2139.0,2002.0
n8_TS,n8,TS,tai30_20_07.F.15_01,10,1888.0,2125.0,2006.5
n8_TS,n8,TS,tai30_20_07.F.15_01,11,1905.0,2150.0,2027.5
n8_TS,n8,TS,tai30_20_07.F.15_01,12,1892.0,2155.0,2023.5
n8_TS,n8,TS,tai30_20_07.F.15_01,13,1920.0,2185.0,2052.5
n8_TS,n8,TS,tai30_20_07.F.15_01,14,1909.0,2159.0,2034.0
n8_TS,n8,TS,tai30_20_07.F.15_01,15,1934.0,2163.0,2048.5
n8_TS,n8,TS,tai30_20_07.F.15_01,16,1970.0,2224.0,2097.0
n8_TS,n8,TS,tai30_20_07.F.15_01,17,1867.0,2119.0,1993.0
n8_TS,n8,TS,tai30_20_07.F.15_01,18,1898.0,2160.0,2029.0
n8_TS,n8,TS,tai30_20_07.F.15_01,19,1911.0,2172.0,2041.5
n8_TS,n8,TS,tai30_20_07.F.15_01,20,1875.0,2121.0,1998.0
n8_TS,n8,TS,tai30_20_07.F.15_01,21,1905.0,2145.0,2025.0
n8_TS,n8,TS,tai30_20_07.F.15_01,22,1877.0,2168.0,2022.5
n8_TS,n8,TS,tai30_20_07.F.15_01,23,1903.0,2133.0,2018.0
n8_TS,n8,TS,tai30_20_07.F.15_01,24,1878.0,2139.0,2008.5
n8_TS,n8,TS,tai30_20_07.F.15_01,25,1906.0,2158.0,2032.0
n8_TS,n8,TS,tai30_20_07.F.15_01,26,1873.0,2130.0,2001.5
n8_TS,n8,TS,tai30_20_07.F.15_01,27,1930.0,2179.0,2054.5
n8_TS,n8,TS,tai30_20_07.F.15_01,28,1858.0,2131.0,1994.5
n8_TS,n8,TS,tai30_20_07.F.15_01,29,1887.0,2163.0,2025.0
n8_TS,n8,TS,tai30_20_07.F.15_01,30,1883.0,2161.0,2022.0
n8_TS,n8,TS,tai30_20_08.F.15_01,1,1941.0,2209.0,2075.0
n8_TS,n8,TS,tai30_20_08.F.15_01,2,1939.0,2201.0,2070.0
n8_TS,n8,TS,tai30_20_08.F.15_01,3,1915.0,2191.0,2053.0
n8_TS,n8,TS,tai30_20_08.F.15_01,4,1903.0,2159.0,2031.0
n8_TS,n8,TS,tai30_20_08.F.15_01,5,1891.0,2194.0,2042.5
n8_TS,n8,TS,tai30_20_08.F.15_01,6,1910.0,2181.0,2045.5
n8_TS,n8,TS,tai30_20_08.F.15_01,7,1906.0,2170.0,2038.0
n8_TS,n8,TS,tai30_20_08.F.15_01,8,1913.0,2188.0,2050.5
n8_TS,n8,TS,tai30_20_08.F.15_01,9,1920.0,2222.0,2071.0
n8_TS,n8,TS,tai30_20_08.F.15_01,10,1920.0,2193.0,2056.5
n8_TS,n8,TS,tai30_20_08.F.15_01,11,1911.0,2189.0,2050.0
n8_TS,n8,TS,tai30_20_08.F.15_01,12,1940.0,2196.0,2068.0
n8_TS,n8,TS,tai30_20_08.F.15_01,13,1924.0,2192.0,2058.0
n8_TS,n8,TS,tai30_20_08.F.15_01,14,1912.0,2203.0,2057.5
n8_TS,n8,TS,tai30_20_08.F.15_01,15,1948.0,2246.0,2097.0
n8_TS,n8,TS,tai30_20_08.F.15_01,16,1928.0,2225.0,2076.5
n8_TS,n8,TS,tai30_20_08.F.15_01,17,1924.0,2217.0,2070.5
n8_TS,n8,TS,tai30_20_08.F.15_01,18,1937.0,2198.0,2067.5
n8_TS,n8,TS,tai30_20_08.F.15_01,19,1909.0,2182.0,2045.5
n8_TS,n8,TS,tai30_20_08.F.15_01,20,1933.0,2207.0,2070.0
n8_TS,n8,TS,tai30_20_08.F.15_01,21,1959.0,2225.0,2092.0
n8_TS,n8,TS,tai30_20_08.F.15_01,22,1920.0,2202.0,2061.0
n8_TS,n8,TS,tai30_20_08.F.15_01,23,1932.0,2207.0,2069.5
n8_TS,n8,TS,tai30_20_08.F.15_01,24,1920.0,2199.0,2059.5
n8_TS,n8,TS,tai30_20_08.F.15_01,25,1932.0,2179.0,2055.5
n8_TS,n8,TS,tai30_20_08.F.15_01,26,1979.0,2208.0,2093.5
n8_TS,n8,TS,tai30_20_08.F.15_01,27,1921.0,2219.0,2070.0
n8_TS,n8,TS,tai30_20_08.F.15_01,28,1924.0,2205.0,2064.5
n8_TS,n8,TS,tai30_20_08.F.15_01,29,1986.0,2201.0,2093.5
n8_TS,n8,TS,tai30_20_08.F.15_01,30,1915.0,2177.0,2046.0
n8_TS,n8,TS,tai30_20_09.F.15_01,1,1915.0,2184.0,2049.5
n8_TS,n8,TS,tai30_20_09.F.15_01,2,1920.0,2180.0,2050.0
n8_TS,n8,TS,tai30_20_09.F.15_01,3,1910.0,2182.0,2046.0
n8_TS,n8,TS,tai30_20_09.F.15_01,4,1958.0,2202.0,2080.0
n8_TS,n8,TS,tai30_20_09.F.15_01,5,1922.0,2165.0,2043.5
n8_TS,n8,TS,tai30_20_09.F.15_01,6,1923.0,2170.0,2046.5
n8_TS,n8,TS,tai30_20_09.F.15_01,7,1937.0,2161.0,2049.0
n8_TS,n8,TS,tai30_20_09.F.15_01,8,1937.0,2182.0,2059.5
n8_TS,n8,TS,tai30_20_09.F.15_01,9,1952.0,2196.0,2074.0
n8_TS,n8,TS,tai30_20_09.F.15_01,10,1888.0,2159.0,2023.5
n8_TS,n8,TS,tai30_20_09.F.15_01,11,1932.0,2177.0,2054.5
n8_TS,n8,TS,tai30_20_09.F.15_01,12,1963.0,2216.0,2089.5
n8_TS,n8,TS,tai30_20_09.F.15_01,13,1927.0,2165.0,2046.0
n8_TS,n8,TS,tai30_20_09.F.15_01,14,1949.0,2187.0,2068.0
n8_TS,n8,TS,tai30_20_09.F.15_01,15,1944.0,2183.0,2063.5
n8_TS,n8,TS,tai30_20_09.F.15_01,16,1973.0,2210.0,2091.5
n8_TS,n8,TS,tai30_20_09.F.15_01,17,1933.0,2195.0,2064.0
n8_TS,n8,TS,tai30_20_09.F.15_01,18,1930.0,2180.0,2055.0
n8_TS,n8,TS,tai30_20_09.F.15_01,19,1965.0,2212.0,2088.5
n8_TS,n8,TS,tai30_20_09.F.15_01,20,1974.0,2221.0,2097.5
n8_TS,n8,TS,tai30_20_09.F.15_01,21,1937.0,2204.0,2070.5
n8_TS,n8,TS,tai30_20_09.F.15_01,22,1952.0,2174.0,2063.0
n8_TS,n8,TS,tai30_20_09.F.15_01,23,1923.0,2167.0,2045.0
n8_TS,n8,TS,tai30_20_09.F.15_01,24,1917.0,2182.0,2049.5
n8_TS,n8,TS,tai30_20_09.F.15_01,25,1927.0,2170.0,2048.5
n8_TS,n8,TS,tai30_20_09.F.15_01,26,1932.0,2158.0,2045.0
n8_TS,n8,TS,tai30_20_09.F.15_01,27,1906.0,2152.0,2029.0
n8_TS,n8,TS,tai30_20_09.F.15_01,28,1944.0,2184.0,2064.0
n8_TS,n8,TS,tai30_20_09.F.15_01,29,1913.0,2171.0,2042.0
n8_TS,n8,TS,tai30_20_09.F.15_01,30,1965.0,2200.0,2082.5
n8_TS,n8,TS,tai30_20_10.F.15_01,1,1894.0,2180.0,2037.0
n8_TS,n8,TS,tai30_20_10.F.15_01,2,1890.0,2161.0,2025.5
n8_TS,n8,TS,tai30_20_10.F.15_01,3,1916.0,2183.0,2049.5
n8_TS,n8,TS,tai30_20_10.F.15_01,4,1916.0,2192.0,2054.0
n8_TS,n8,TS,tai30_20_10.F.15_01,5,1911.0,2173.0,2042.0
n8_TS,n8,TS,tai30_20_10.F.15_01,6,1904.0,2174.0,2039.0
n8_TS,n8,TS,tai30_20_10.F.15_01,7,1903.0,2170.0,2036.5
n8_TS,n8,TS,tai30_20_10.F.15_01,8,1916.0,2194.0,2055.0
n8_TS,n8,TS,tai30_20_10.F.15_01,9,1909.0,2173.0,2041.0
n8_TS,n8,TS,tai30_20_10.F.15_01,10,1906.0,2173.0,2039.5
n8_TS,n8,TS,tai30_20_10.F.15_01,11,1897.0,2157.0,2027.0
n8_TS,n8,TS,tai30_20_10.F.15_01,12,1905.0,2141.0,2023.0
n8_TS,n8,TS,tai30_20_10.F.15_01,13,1971.0,2216.0,2093.5
n8_TS,n8,TS,tai30_20_10.F.15_01,14,1908.0,2173.0,2040.5
n8_TS,n8,TS,tai30_20_10.F.15_01,15,1888.0,2161.0,2024.5
n8_TS,n8,TS,tai30_20_10.F.15_01,16,1952.0,2199.0,2075.5
n8_TS,n8,TS,tai30_20_10.F.15_01,17,1929.0,2197.0,2063.0
n8_TS,n8,TS,tai30_20_10.F.15_01,18,1945.0,2205.0,2075.0
n8_TS,n8,TS,tai30_20_10.F.15_01,19,1945.0,2221.0,2083.0
n8_TS,n8,TS,tai30_20_10.F.15_01,20,1895.0,2159.0,2027.0
n8_TS,n8,TS,tai30_20_10.F.15_01,21,1920.0,2175.0,2047.5
n8_TS,n8,TS,tai30_20_10.F.15_01,22,1900.0,2151.0,2025.5
n8_TS,n8,TS,tai30_20_10.F.15_01,23,1928.0,2186.0,2057.0
n8_TS,n8,TS,tai30_20_10.F.15_01,24,1919.0,2193.0,2056.0
n8_TS,n8,TS,tai30_20_10.F.15_01,25,1895.0,2196.0,2045.5
n8_TS,n8,TS,tai30_20_10.F.15_01,26,1924.0,2173.0,2048.5
n8_TS,n8,TS,tai30_20_10.F.15_01,27,1927.0,2203.0,2065.0
n8_TS,n8,TS,tai30_20_10.F.15_01,28,1884.0,2165.0,2024.5
n8_TS,n8,TS,tai30_20_10.F.15_01,29,1893.0,2157.0,2025.0
n8_TS,n8,TS,tai30_20_10.F.15_01,30,1921.0,2197.0,2059.0
n8_TS,n8,TS,tai50_15_01.F.15_01,1,2562.0,2971.0,2766.5
n8_TS,n8,TS,tai50_15_01.F.15_01,2,2549.0,2971.0,2760.0
n8_TS,n8,TS,tai50_15_01.F.15_01,3,2549.0,2971.0,2760.0
n8_TS,n8,TS,tai50_15_01.F.15_01,4,2586.0,2971.0,2778.5
n8_TS,n8,TS,tai50_15_01.F.15_01,5,2549.0,2971.0,2760.0
n8_TS,n8,TS,tai50_15_01.F.15_01,6,2581.0,2971.0,2776.0
n8_TS,n8,TS,tai50_15_01.F.15_01,7,2549.0,2971.0,2760.0
n8_TS,n8,TS,tai50_15_01.F.15_01,8,2549.0,2971.0,2760.0
n8_TS,n8,TS,tai50_15_01.F.15_01,9,2549.0,2971.0,2760.0
n8_TS,n8,TS,tai50_15_01.F.15_01,10,2549.0,2971.0,2760.0
n8_TS,n8,TS,tai50_15_01.F.15_01,11,2549.0,2971.0,2760.0
n8_TS,n8,TS,tai50_15_01.F.15_01,12,2570.0,2971.0,2770.5
n8_TS,n8,TS,tai50_15_01.F.15_01,13,2549.0,2971.0,2760.0
n8_TS,n8,TS,tai50_15_01.F.15_01,14,2550.0,2971.0,2760.5
n8_TS,n8,TS,tai50_15_01.F.15_01,15,2549.0,2971.0,2760.0
n8_TS,n8,TS,tai50_15_01.F.15_01,16,2549.0,2971.0,2760.0
n8_TS,n8,TS,tai50_15_01.F.15_01,17,2549.0,2971.0,2760.0
n8_TS,n8,TS,tai50_15_01.F.15_01,18,2549.0,2971.0,2760.0
n8_TS,n8,TS,tai50_15_01.F.15_01,19,2578.0,2971.0,2774.5
n8_TS,n8,TS,tai50_15_01.F.15_01,20,2549.0,2971.0,2760.0
n8_TS,n8,TS,tai50_15_01.F.15_01,21,2549.0,2971.0,2760.0
n8_TS,n8,TS,tai50_15_01.F.15_01,22,2549.0,2971.0,2760.0
n8_TS,n8,TS,tai50_15_01.F.15_01,23,2549.0,2971.0,2760.0
n8_TS,n8,TS,tai50_15_01.F.15_01,24,2549.0,2971.0,2760.0
n8_TS,n8,TS,tai50_15_01.F.15_01,25,2549.0,2971.0,2760.0
n8_TS,n8,TS,tai50_15_01.F.15_01,26,2549.0,2971.0,2760.0
n8_TS,n8,TS,tai50_15_01.F.15_01,27,2549.0,2971.0,2760.0
n8_TS,n8,TS,tai50_15_01.F.15_01,28,2549.0,2971.0,2760.0
n8_TS,n8,TS,tai50_15_01.F.15_01,29,2557.0,2971.0,2764.0
n8_TS,n8,TS,tai50_15_01.F.15_01,30,2549.0,2971.0,2760.0
n8_TS,n8,TS,tai50_15_02.F.15_01,1,2581.0,2931.0,2756.0
n8_TS,n8,TS,tai50_15_02.F.15_01,2,2581.0,2932.0,2756.5
n8_TS,n8,TS,tai50_15_02.F.15_01,3,2581.0,2950.0,2765.5
n8_TS,n8,TS,tai50_15_02.F.15_01,4,2588.0,2939.0,2763.5
n8_TS,n8,TS,tai50_15_02.F.15_01,5,2581.0,2931.0,2756.0
n8_TS,n8,TS,tai50_15_02.F.15_01,6,2581.0,2940.0,2760.5
n8_TS,n8,TS,tai50_15_02.F.15_01,7,2581.0,2931.0,2756.0
n8_TS,n8,TS,tai50_15_02.F.15_01,8,2581.0,2931.0,2756.0
n8_TS,n8,TS,tai50_15_02.F.15_01,9,2581.0,2931.0,2756.0
n8_TS,n8,TS,tai50_15_02.F.15_01,10,2581.0,2931.0,2756.0
n8_TS,n8,TS,tai50_15_02.F.15_01,11,2586.0,2948.0,2767.0
n8_TS,n8,TS,tai50_15_02.F.15_01,12,2581.0,2931.0,2756.0
n8_TS,n8,TS,tai50_15_02.F.15_01,13,2581.0,2947.0,2764.0
n8_TS,n8,TS,tai50_15_02.F.15_01,14,2581.0,2931.0,2756.0
n8_TS,n8,TS,tai50_15_02.F.15_01,15,2581.0,2931.0,2756.0
n8_TS,n8,TS,tai50_15_02.F.15_01,16,2581.0,2931.0,2756.0
n8_TS,n8,TS,tai50_15_02.F.15_01,17,2581.0,2933.0,2757.0
n8_TS,n8,TS,tai50_15_02.F.15_01,18,2581.0,2931.0,2756.0
n8_TS,n8,TS,tai50_15_02.F.15_01,19,2581.0,2935.0,2758.0
n8_TS,n8,TS,tai50_15_02.F.15_01,20,2599.0,2940.0,2769.5
n8_TS,n8,TS,tai50_15_02.F.15_01,21,2581.0,2931.0,2756.0
n8_TS,n8,TS,tai50_15_02.F.15_01,22,2596.0,2964.0,2780.0
n8_TS,n8,TS,tai50_15_02.F.15_01,23,2581.0,2931.0,2756.0
n8_TS,n8,TS,tai50_15_02.F.15_01,24,2581.0,2931.0,2756.0
n8_TS,n8,TS,tai50_15_02.F.15_01,25,2581.0,2931.0,2756.0
n8_TS,n8,TS,tai50_15_02.F.15_01,26,2581.0,2931.0,2756.0
n8_TS,n8,TS,tai50_15_02.F.15_01,27,2581.0,2931.0,2756.0
n8_TS,n8,TS,tai50_15_02.F.15_01,28,2581.0,2931.0,2756.0
n8_TS,n8,TS,tai50_15_02.F.15_01,29,2581.0,2931.0,2756.0
n8_TS,n8,TS,tai50_15_02.F.15_01,30,2581.0,2931.0,2756.0
n8_TS,n8,TS,tai50_15_03.F.15_01,1,2521.0,2915.0,2718.0
n8_TS,n8,TS,tai50_15_03.F.15_01,2,2521.0,2915.0,2718.0
n8_TS,n8,TS,tai50_15_03.F.15_01,3,2521.0,2915.0,2718.0
n8_TS,n8,TS,tai50_15_03.F.15_01,4,2521.0,2915.0,2718.0
n8_TS,n8,TS,tai50_15_03.F.15_01,5,2521.0,2915.0,2718.0
n8_TS,n8,TS,tai50_15_03.F.15_01,6,2521.0,2915.0,2718.0
n8_TS,n8,TS,tai50_15_03.F.15_01,7,2521.0,2915.0,2718.0
n8_TS,n8,TS,tai50_15_03.F.15_01,8,2521.0,2915.0,2718.0
n8_TS,n8,TS,tai50_15_03.F.15_01,9,2521.0,2930.0,2725.5
n8_TS,n8,TS,tai50_15_03.F.15_01,10,2521.0,2915.0,2718.0
n8_TS,n8,TS,tai50_15_03.F.15_01,11,2521.0,2915.0,2718.0
n8_TS,n8,TS,tai50_15_03.F.15_01,12,2521.0,2915.0,2718.0
n8_TS,n8,TS,tai50_15_03.F.15_01,13,2521.0,2917.0,2719.0
n8_TS,n8,TS,tai50_15_03.F.15_01,14,2521.0,2915.0,2718.0
n8_TS,n8,TS,tai50_15_03.F.15_01,15,2521.0,2915.0,2718.0
n8_TS,n8,TS,tai50_15_03.F.15_01,16,2521.0,2915.0,2718.0
n8_TS,n8,TS,tai50_15_03.F.15_01,17,2521.0,2915.0,2718.0
n8_TS,n8,TS,tai50_15_03.F.15_01,18,2521.0,2915.0,2718.0
n8_TS,n8,TS,tai50_15_03.F.15_01,19,2521.0,2915.0,2718.0
n8_TS,n8,TS,tai50_15_03.F.15_01,20,2521.0,2915.0,2718.0
n8_TS,n8,TS,tai50_15_03.F.15_01,21,2521.0,2915.0,2718.0
n8_TS,n8,TS,tai50_15_03.F.15_01,22,2521.0,2915.0,2718.0
n8_TS,n8,TS,tai50_15_03.F.15_01,23,2521.0,2915.0,2718.0
n8_TS,n8,TS,tai50_15_03.F.15_01,24,2521.0,2915.0,2718.0
n8_TS,n8,TS,tai50_15_03.F.15_01,25,2521.0,2915.0,2718.0
n8_TS,n8,TS,tai50_15_03.F.15_01,26,2521.0,2915.0,2718.0
n8_TS,n8,TS,tai50_15_03.F.15_01,27,2521.0,2915.0,2718.0
n8_TS,n8,TS,tai50_15_03.F.15_01,28,2521.0,2919.0,2720.0
n8_TS,n8,TS,tai50_15_03.F.15_01,29,2521.0,2915.0,2718.0
n8_TS,n8,TS,tai50_15_03.F.15_01,30,2521.0,2915.0,2718.0
n8_TS,n8,TS,tai50_15_04.F.15_01,1,2605.0,3073.0,2839.0
n8_TS,n8,TS,tai50_15_04.F.15_01,2,2605.0,3073.0,2839.0
n8_TS,n8,TS,tai50_15_04.F.15_01,3,2605.0,3073.0,2839.0
n8_TS,n8,TS,tai50_15_04.F.15_01,4,2605.0,3073.0,2839.0
n8_TS,n8,TS,tai50_15_04.F.15_01,5,2605.0,3073.0,2839.0
n8_TS,n8,TS,tai50_15_04.F.15_01,6,2605.0,3073.0,2839.0
n8_TS,n8,TS,tai50_15_04.F.15_01,7,2605.0,3073.0,2839.0
n8_TS,n8,TS,tai50_15_04.F.15_01,8,2605.0,3073.0,2839.0
n8_TS,n8,TS,tai50_15_04.F.15_01,9,2605.0,3073.0,2839.0
n8_TS,n8,TS,tai50_15_04.F.15_01,10,2605.0,3073.0,2839.0
n8_TS,n8,TS,tai50_15_04.F.15_01,11,2605.0,3073.0,2839.0
n8_TS,n8,TS,tai50_15_04.F.15_01,12,2605.0,3073.0,2839.0
n8_TS,n8,TS,tai50_15_04.F.15_01,13,2605.0,3073.0,2839.0
n8_TS,n8,TS,tai50_15_04.F.15_01,14,2605.0,3073.0,2839.0
n8_TS,n8,TS,tai50_15_04.F.15_01,15,2619.0,3089.0,2854.0
n8_TS,n8,TS,tai50_15_04.F.15_01,16,2605.0,3073.0,2839.0
n8_TS,n8,TS,tai50_15_04.F.15_01,17,2605.0,3073.0,2839.0
n8_TS,n8,TS,tai50_15_04.F.15_01,18,2605.0,3073.0,2839.0
n8_TS,n8,TS,tai50_15_04.F.15_01,19,2605.0,3073.0,2839.0
n8_TS,n8,TS,tai50_15_04.F.15_01,20,2605.0,3073.0,2839.0
n8_TS,n8,TS,tai50_15_04.F.15_01,21,2605.0,3073.0,2839.0
n8_TS,n8,TS,tai50_15_04.F.15_01,22,2605.0,3073.0,2839.0
n8_TS,n8,TS,tai50_15_04.F.15_01,23,2605.0,3073.0,2839.0
n8_TS,n8,TS,tai50_15_04.F.15_01,24,2619.0,3089.0,2854.0
n8_TS,n8,TS,tai50_15_04.F.15_01,25,2605.0,3073.0,2839.0
n8_TS,n8,TS,tai50_15_04.F.15_01,26,2605.0,3073.0,2839.0
n8_TS,n8,TS,tai50_15_04.F.15_01,27,2605.0,3073.0,2839.0
n8_TS,n8,TS,tai50_15_04.F.15_01,28,2605.0,3073.0,2839.0
n8_TS,n8,TS,tai50_15_04.F.15_01,29,2605.0,3073.0,2839.0
n8_TS,n8,TS,tai50_15_04.F.15_01,30,2605.0,3073.0,2839.0
n8_TS,n8,TS,tai50_15_05.F.15_01,1,2518.0,2910.0,2714.0
n8_TS,n8,TS,tai50_15_05.F.15_01,2,2552.0,2918.0,2735.0
n8_TS,n8,TS,tai50_15_05.F.15_01,3,2497.0,2883.0,2690.0
n8_TS,n8,TS,tai50_15_05.F.15_01,4,2512.0,2900.0,2706.0
n8_TS,n8,TS,tai50_15_05.F.15_01,5,2497.0,2884.0,2690.5
n8_TS,n8,TS,tai50_15_05.F.15_01,6,2524.0,2898.0,2711.0
n8_TS,n8,TS,tai50_15_05.F.15_01,7,2509.0,2891.0,2700.0
n8_TS,n8,TS,tai50_15_05.F.15_01,8,2497.0,2879.0,2688.0
n8_TS,n8,TS,tai50_15_05.F.15_01,9,2521.0,2890.0,2705.5
n8_TS,n8,TS,tai50_15_05.F.15_01,10,2498.0,2879.0,2688.5
n8_TS,n8,TS,tai50_15_05.F.15_01,11,2508.0,2894.0,2701.0
n8_TS,n8,TS,tai50_15_05.F.15_01,12,2501.0,2879.0,2690.0
n8_TS,n8,TS,tai50_15_05.F.15_01,13,2497.0,2879.0,2688.0
n8_TS,n8,TS,tai50_15_05.F.15_01,14,2519.0,2886.0,2702.5
n8_TS,n8,TS,tai50_15_05.F.15_01,15,2512.0,2879.0,2695.5
n8_TS,n8,TS,tai50_15_05.F.15_01,16,2514.0,2895.0,2704.5
n8_TS,n8,TS,tai50_15_05.F.15_01,17,2497.0,2890.0,2693.5
n8_TS,n8,TS,tai50_15_05.F.15_01,18,2514.0,2887.0,2700.5
n8_TS,n8,TS,tai50_15_05.F.15_01,19,2540.0,2910.0,2725.0
n8_TS,n8,TS,tai50_15_05.F.15_01,20,2543.0,2917.0,2730.0
n8_TS,n8,TS,tai50_15_05.F.15_01,21,2509.0,2890.0,2699.5
n8_TS,n8,TS,tai50_15_05.F.15_01,22,2502.0,2891.0,2696.5
n8_TS,n8,TS,tai50_15_05.F.15_01,23,2497.0,2879.0,2688.0
n8_TS,n8,TS,tai50_15_05.F.15_01,24,2503.0,2881.0,2692.0
n8_TS,n8,TS,tai50_15_05.F.15_01,25,2497.0,2879.0,2688.0
n8_TS,n8,TS,tai50_15_05.F.15_01,26,2530.0,2885.0,2707.5
n8_TS,n8,TS,tai50_15_05.F.15_01,27,2531.0,2908.0,2719.5
n8_TS,n8,TS,tai50_15_05.F.15_01,28,2499.0,2891.0,2695.0
n8_TS,n8,TS,tai50_15_05.F.15_01,29,2527.0,2894.0,2710.5
n8_TS,n8,TS,tai50_15_05.F.15_01,30,2534.0,2907.0,2720.5
n8_TS,n8,TS,tai50_15_06.F.15_01,1,2587.0,2998.0,2792.5
n8_TS,n8,TS,tai50_15_06.F.15_01,2,2587.0,2998.0,2792.5
n8_TS,n8,TS,tai50_15_06.F.15_01,3,2588.0,2994.0,2791.0
n8_TS,n8,TS,tai50_15_06.F.15_01,4,2588.0,2994.0,2791.0
n8_TS,n8,TS,tai50_15_06.F.15_01,5,2608.0,2994.0,2801.0
n8_TS,n8,TS,tai50_15_06.F.15_01,6,2615.0,3005.0,2810.0
n8_TS,n8,TS,tai50_15_06.F.15_01,7,2574.0,2994.0,2784.0
n8_TS,n8,TS,tai50_15_06.F.15_01,8,2588.0,2994.0,2791.0
n8_TS,n8,TS,tai50_15_06.F.15_01,9,2592.0,2994.0,2793.0
n8_TS,n8,TS,tai50_15_06.F.15_01,10,2574.0,2994.0,2784.0
n8_TS,n8,TS,tai50_15_06.F.15_01,11,2597.0,2998.0,2797.5
n8_TS,n8,TS,tai50_15_06.F.15_01,12,2591.0,2994.0,2792.5
n8_TS,n8,TS,tai50_15_06.F.15_01,13,2592.0,2994.0,2793.0
n8_TS,n8,TS,tai50_15_06.F.15_01,14,2574.0,2994.0,2784.0
n8_TS,n8,TS,tai50_15_06.F.15_01,15,2588.0,2994.0,2791.0
n8_TS,n8,TS,tai50_15_06.F.15_01,16,2588.0,2994.0,2791.0
n8_TS,n8,TS,tai50_15_06.F.15_01,17,2577.0,2994.0,2785.5
n8_TS,n8,TS,tai50_15_06.F.15_01,18,2574.0,2994.0,2784.0
n8_TS,n8,TS,tai50_15_06.F.15_01,19,2574.0,2994.0,2784.0
n8_TS,n8,TS,tai50_15_06.F.15_01,20,2588.0,2994.0,2791.0
n8_TS,n8,TS,tai50_15_06.F.15_01,21,2599.0,2994.0,2796.5
n8_TS,n8,TS,tai50_15_06.F.15_01,22,2577.0,2994.0,2785.5
n8_TS,n8,TS,tai50_15_06.F.15_01,23,2574.0,2994.0,2784.0
n8_TS,n8,TS,tai50_15_06.F.15_01,24,2574.0,2994.0,2784.0
n8_TS,n8,TS,tai50_15_06.F.15_01,25,2583.0,2994.0,2788.5
n8_TS,n8,TS,tai50_15_06.F.15_01,26,2574.0,2994.0,2784.0
n8_TS,n8,TS,tai50_15_06.F.15_01,27,2574.0,2994.0,2784.0
n8_TS,n8,TS,tai50_15_06.F.15_01,28,2574.0,2994.0,2784.0
n8_TS,n8,TS,tai50_15_06.F.15_01,29,2577.0,2998.0,2787.5
n8_TS,n8,TS,tai50_15_06.F.15_01,30,2618.0,2994.0,2806.0
n8_TS,n8,TS,tai50_15_07.F.15_01,1,2719.0,3167.0,2943.0
n8_TS,n8,TS,tai50_15_07.F.15_01,2,2719.0,3167.0,2943.0
n8_TS,n8,TS,tai50_15_07.F.15_01,3,2719.0,3167.0,2943.0
n8_TS,n8,TS,tai50_15_07.F.15_01,4,2719.0,3167.0,2943.0
n8_TS,n8,TS,tai50_15_07.F.15_01,5,2719.0,3167.0,2943.0
n8_TS,n8,TS,tai50_15_07.F.15_01,6,2719.0,3167.0,2943.0
n8_TS,n8,TS,tai50_15_07.F.15_01,7,2719.0,3167.0,2943.0
n8_TS,n8,TS,tai50_15_07.F.15_01,8,2719.0,3167.0,2943.0
n8_TS,n8,TS,tai50_15_07.F.15_01,9,2719.0,3167.0,2943.0
n8_TS,n8,TS,tai50_15_07.F.15_01,10,2719.0,3167.0,2943.0
n8_TS,n8,TS,tai50_15_07.F.15_01,11,2719.0,3167.0,2943.0
n8_TS,n8,TS,tai50_15_07.F.15_01,12,2719.0,3167.0,2943.0
n8_TS,n8,TS,tai50_15_07.F.15_01,13,2719.0,3167.0,2943.0
n8_TS,n8,TS,tai50_15_07.F.15_01,14,2719.0,3167.0,2943.0
n8_TS,n8,TS,tai50_15_07.F.15_01,15,2719.0,3167.0,2943.0
n8_TS,n8,TS,tai50_15_07.F.15_01,16,2719.0,3167.0,2943.0
n8_TS,n8,TS,tai50_15_07.F.15_01,17,2719.0,3167.0,2943.0
n8_TS,n8,TS,tai50_15_07.F.15_01,18,2719.0,3167.0,2943.0
n8_TS,n8,TS,tai50_15_07.F.15_01,19,2719.0,3167.0,2943.0
n8_TS,n8,TS,tai50_15_07.F.15_01,20,2719.0,3167.0,2943.0
n8_TS,n8,TS,tai50_15_07.F.15_01,21,2719.0,3167.0,2943.0
n8_TS,n8,TS,tai50_15_07.F.15_01,22,2719.0,3167.0,2943.0
n8_TS,n8,TS,tai50_15_07.F.15_01,23,2719.0,3167.0,2943.0
n8_TS,n8,TS,tai50_15_07.F.15_01,24,2719.0,3167.0,2943.0
n8_TS,n8,TS,tai50_15_07.F.15_01,25,2719.0,3167.0,2943.0
n8_TS,n8,TS,tai50_15_07.F.15_01,26,2719.0,3167.0,2943.0
n8_TS,n8,TS,tai50_15_07.F.15_01,27,2719.0,3167.0,2943.0
n8_TS,n8,TS,tai50_15_07.F.15_01,28,2719.0,3167.0,2943.0
n8_TS,n8,TS,tai50_15_07.F.15_01,29,2719.0,3167.0,2943.0
n8_TS,n8,TS,tai50_15_07.F.15_01,30,2719.0,3167.0,2943.0
n8_TS,n8,TS,tai50_15_08.F.15_01,1,2682.0,3128.0,2905.0
n8_TS,n8,TS,tai50_15_08.F.15_01,2,2682.0,3128.0,2905.0
n8_TS,n8,TS,tai50_15_08.F.15_01,3,2682.0,3128.0,2905.0
n8_TS,n8,TS,tai50_15_08.F.15_01,4,2682.0,3128.0,2905.0
n8_TS,n8,TS,tai50_15_08.F.15_01,5,2682.0,3128.0,2905.0
n8_TS,n8,TS,tai50_15_08.F.15_01,6,2682.0,3128.0,2905.0
n8_TS,n8,TS,tai50_15_08.F.15_01,7,2682.0,3128.0,2905.0
n8_TS,n8,TS,tai50_15_08.F.15_01,8,2682.0,3128.0,2905.0
n8_TS,n8,TS,tai50_15_08.F.15_01,9,2682.0,3128.0,2905.0
n8_TS,n8,TS,tai50_15_08.F.15_01,10,2682.0,3128.0,2905.0
n8_TS,n8,TS,tai50_15_08.F.15_01,11,2682.0,3128.0,2905.0
n8_TS,n8,TS,tai50_15_08.F.15_01,12,2682.0,3128.0,2905.0
n8_TS,n8,TS,tai50_15_08.F.15_01,13,2682.0,3128.0,2905.0
n8_TS,n8,TS,tai50_15_08.F.15_01,14,2682.0,3128.0,2905.0
n8_TS,n8,TS,tai50_15_08.F.15_01,15,2682.0,3128.0,2905.0
n8_TS,n8,TS,tai50_15_08.F.15_01,16,2682.0,3128.0,2905.0
n8_TS,n8,TS,tai50_15_08.F.15_01,17,2682.0,3128.0,2905.0
n8_TS,n8,TS,tai50_15_08.F.15_01,18,2682.0,3128.0,2905.0
n8_TS,n8,TS,tai50_15_08.F.15_01,19,2682.0,3128.0,2905.0
n8_TS,n8,TS,tai50_15_08.F.15_01,20,2682.0,3128.0,2905.0
n8_TS,n8,TS,tai50_15_08.F.15_01,21,2682.0,3128.0,2905.0
n8_TS,n8,TS,tai50_15_08.F.15_01,22,2682.0,3128.0,2905.0
n8_TS,n8,TS,tai50_15_08.F.15_01,23,2682.0,3128.0,2905.0
n8_TS,n8,TS,tai50_15_08.F.15_01,24,2682.0,3128.0,2905.0
n8_TS,n8,TS,tai50_15_08.F.15_01,25,2682.0,3128.0,2905.0
n8_TS,n8,TS,tai50_15_08.F.15_01,26,2682.0,3128.0,2905.0
n8_TS,n8,TS,tai50_15_08.F.15_01,27,2682.0,3128.0,2905.0
n8_TS,n8,TS,tai50_15_08.F.15_01,28,2682.0,3128.0,2905.0
n8_TS,n8,TS,tai50_15_08.F.15_01,29,2682.0,3128.0,2905.0
n8_TS,n8,TS,tai50_15_08.F.15_01,30,2682.0,3128.0,2905.0
n8_TS,n8,TS,tai50_15_09.F.15_01,1,2469.0,2865.0,2667.0
n8_TS,n8,TS,tai50_15_09.F.15_01,2,2480.0,2877.0,2678.5
n8_TS,n8,TS,tai50_15_09.F.15_01,3,2539.0,2927.0,2733.0
n8_TS,n8,TS,tai50_15_09.F.15_01,4,2469.0,2865.0,2667.0
n8_TS,n8,TS,tai50_15_09.F.15_01,5,2469.0,2865.0,2667.0
n8_TS,n8,TS,tai50_15_09.F.15_01,6,2469.0,2865.0,2667.0
n8_TS,n8,TS,tai50_15_09.F.15_01,7,2469.0,2865.0,2667.0
n8_TS,n8,TS,tai50_15_09.F.15_01,8,2469.0,2865.0,2667.0
n8_TS,n8,TS,tai50_15_09.F.15_01,9,2483.0,2872.0,2677.5
n8_TS,n8,TS,tai50_15_09.F.15_01,10,2469.0,2865.0,2667.0
n8_TS,n8,TS,tai50_15_09.F.15_01,11,2488.0,2869.0,2678.5
n8_TS,n8,TS,tai50_15_09.F.15_01,12,2469.0,2865.0,2667.0
n8_TS,n8,TS,tai50_15_09.F.15_01,13,2469.0,2865.0,2667.0
n8_TS,n8,TS,tai50_15_09.F.15_01,14,2494.0,2866.0,2680.0
n8_TS,n8,TS,tai50_15_09.F.15_01,15,2502.0,2884.0,2693.0
n8_TS,n8,TS,tai50_15_09.F.15_01,16,2502.0,2884.0,2693.0
n8_TS,n8,TS,tai50_15_09.F.15_01,17,2469.0,2865.0,2667.0
n8_TS,n8,TS,tai50_15_09.F.15_01,18,2502.0,2884.0,2693.0
n8_TS,n8,TS,tai50_15_09.F.15_01,19,2471.0,2865.0,2668.0
n8_TS,n8,TS,tai50_15_09.F.15_01,20,2502.0,2896.0,2699.0
n8_TS,n8,TS,tai50_15_09.F.15_01,21,2469.0,2865.0,2667.0
n8_TS,n8,TS,tai50_15_09.F.15_01,22,2469.0,2865.0,2667.0
n8_TS,n8,TS,tai50_15_09.F.15_01,23,2515.0,2879.0,2697.0
n8_TS,n8,TS,tai50_15_09.F.15_01,24,2502.0,2884.0,2693.0
n8_TS,n8,TS,tai50_15_09.F.15_01,25,2469.0,2865.0,2667.0
n8_TS,n8,TS,tai50_15_09.F.15_01,26,2469.0,2865.0,2667.0
n8_TS,n8,TS,tai50_15_09.F.15_01,27,2472.0,2865.0,2668.5
n8_TS,n8,TS,tai50_15_09.F.15_01,28,2476.0,2865.0,2670.5
n8_TS,n8,TS,tai50_15_09.F.15_01,29,2469.0,2865.0,2667.0
n8_TS,n8,TS,tai50_15_09.F.15_01,30,2469.0,2865.0,2667.0
n8_TS,n8,TS,tai50_15_10.F.15_01,1,2525.0,2927.0,2726.0
n8_TS,n8,TS,tai50_15_10.F.15_01,2,2547.0,2927.0,2737.0
n8_TS,n8,TS,tai50_15_10.F.15_01,3,2525.0,2927.0,2726.0
n8_TS,n8,TS,tai50_15_10.F.15_01,4,2527.0,2927.0,2727.0
n8_TS,n8,TS,tai50_15_10.F.15_01,5,2525.0,2927.0,2726.0
n8_TS,n8,TS,tai50_15_10.F.15_01,6,2525.0,2927.0,2726.0
n8_TS,n8,TS,tai50_15_10.F.15_01,7,2531.0,2927.0,2729.0
n8_TS,n8,TS,tai50_15_10.F.15_01,8,2555.0,2939.0,2747.0
n8_TS,n8,TS,tai50_15_10.F.15_01,9,2548.0,2927.0,2737.5
n8_TS,n8,TS,tai50_15_10.F.15_01,10,2525.0,2927.0,2726.0
n8_TS,n8,TS,tai50_15_10.F.15_01,11,2555.0,2939.0,2747.0
n8_TS,n8,TS,tai50_15_10.F.15_01,12,2552.0,2927.0,2739.5
n8_TS,n8,TS,tai50_15_10.F.15_01,13,2533.0,2927.0,2730.0
n8_TS,n8,TS,tai50_15_10.F.15_01,14,2525.0,2936.0,2730.5
n8_TS,n8,TS,tai50_15_10.F.15_01,15,2547.0,2942.0,2744.5
n8_TS,n8,TS,tai50_15_10.F.15_01,16,2525.0,2927.0,2726.0
n8_TS,n8,TS,tai50_15_10.F.15_01,17,2525.0,2927.0,2726.0
n8_TS,n8,TS,tai50_15_10.F.15_01,18,2538.0,2927.0,2732.5
n8_TS,n8,TS,tai50_15_10.F.15_01,19,2556.0,2944.0,2750.0
n8_TS,n8,TS,tai50_15_10.F.15_01,20,2531.0,2927.0,2729.0
n8_TS,n8,TS,tai50_15_10.F.15_01,21,2525.0,2927.0,2726.0
n8_TS,n8,TS,tai50_15_10.F.15_01,22,2525.0,2927.0,2726.0
n8_TS,n8,TS,tai50_15_10.F.15_01,23,2555.0,2941.0,2748.0
n8_TS,n8,TS,tai50_15_10.F.15_01,24,2525.0,2927.0,2726.0
n8_TS,n8,TS,tai50_15_10.F.15_01,25,2525.0,2927.0,2726.0
n8_TS,n8,TS,tai50_15_10.F.15_01,26,2533.0,2927.0,2730.0
n8_TS,n8,TS,tai50_15_10.F.15_01,27,2555.0,2939.0,2747.0
n8_TS,n8,TS,tai50_15_10.F.15_01,28,2525.0,2927.0,2726.0
n8_TS,n8,TS,tai50_15_10.F.15_01,29,2534.0,2927.0,2730.5
n8_TS,n8,TS,tai50_15_10.F.15_01,30,2525.0,2927.0,2726.0
n8_TS,n8,TS,tai50_20_01.F.15_01,1,2760.0,3130.0,2945.0
n8_TS,n8,TS,tai50_20_01.F.15_01,2,2736.0,3151.0,2943.5
n8_TS,n8,TS,tai50_20_01.F.15_01,3,2733.0,3114.0,2923.5
n8_TS,n8,TS,tai50_20_01.F.15_01,4,2691.0,3072.0,2881.5
n8_TS,n8,TS,tai50_20_01.F.15_01,5,2746.0,3117.0,2931.5
n8_TS,n8,TS,tai50_20_01.F.15_01,6,2700.0,3093.0,2896.5
n8_TS,n8,TS,tai50_20_01.F.15_01,7,2747.0,3172.0,2959.5
n8_TS,n8,TS,tai50_20_01.F.15_01,8,2743.0,3140.0,2941.5
n8_TS,n8,TS,tai50_20_01.F.15_01,9,2757.0,3176.0,2966.5
n8_TS,n8,TS,tai50_20_01.F.15_01,10,2723.0,3092.0,2907.5
n8_TS,n8,TS,tai50_20_01.F.15_01,11,2753.0,3141.0,2947.0
n8_TS,n8,TS,tai50_20_01.F.15_01,12,2749.0,3140.0,2944.5
n8_TS,n8,TS,tai50_20_01.F.15_01,13,2723.0,3122.0,2922.5
n8_TS,n8,TS,tai50_20_01.F.15_01,14,2736.0,3140.0,2938.0
n8_TS,n8,TS,tai50_20_01.F.15_01,15,2759.0,3146.0,2952.5
n8_TS,n8,TS,tai50_20_01.F.15_01,16,2729.0,3141.0,2935.0
n8_TS,n8,TS,tai50_20_01.F.15_01,17,2716.0,3113.0,2914.5
n8_TS,n8,TS,tai50_20_01.F.15_01,18,2702.0,3095.0,2898.5
n8_TS,n8,TS,tai50_20_01.F.15_01,19,2696.0,3097.0,2896.5
n8_TS,n8,TS,tai50_20_01.F.15_01,20,2707.0,3094.0,2900.5
n8_TS,n8,TS,tai50_20_01.F.15_01,21,2744.0,3145.0,2944.5
n8_TS,n8,TS,tai50_20_01.F.15_01,22,2712.0,3120.0,2916.0
n8_TS,n8,TS,tai50_20_01.F.15_01,23,2732.0,3099.0,2915.5
n8_TS,n8,TS,tai50_20_01.F.15_01,24,2716.0,3118.0,2917.0
n8_TS,n8,TS,tai50_20_01.F.15_01,25,2719.0,3129.0,2924.0
n8_TS,n8,TS,tai50_20_01.F.15_01,26,2750.0,3142.0,2946.0
n8_TS,n8,TS,tai50_20_01.F.15_01,27,2732.0,3107.0,2919.5
n8_TS,n8,TS,tai50_20_01.F.15_01,28,2781.0,3182.0,2981.5
n8_TS,n8,TS,tai50_20_01.F.15_01,29,2754.0,3164.0,2959.0
n8_TS,n8,TS,tai50_20_01.F.15_01,30,2767.0,3127.0,2947.0
n8_TS,n8,TS,tai50_20_02.F.15_01,1,2878.0,3281.0,3079.5
n8_TS,n8,TS,tai50_20_02.F.15_01,2,2816.0,3191.0,3003.5
n8_TS,n8,TS,tai50_20_02.F.15_01,3,2790.0,3155.0,2972.5
n8_TS,n8,TS,tai50_20_02.F.15_01,4,2798.0,3192.0,2995.0
n8_TS,n8,TS,tai50_20_02.F.15_01,5,2810.0,3202.0,3006.0
n8_TS,n8,TS,tai50_20_02.F.15_01,6,2862.0,3227.0,3044.5
n8_TS,n8,TS,tai50_20_02.F.15_01,7,2796.0,3186.0,2991.0
n8_TS,n8,TS,tai50_20_02.F.15_01,8,2854.0,3191.0,3022.5
n8_TS,n8,TS,tai50_20_02.F.15_01,9,2814.0,3181.0,2997.5
n8_TS,n8,TS,tai50_20_02.F.15_01,10,2840.0,3202.0,3021.0
n8_TS,n8,TS,tai50_20_02.F.15_01,11,2885.0,3268.0,3076.5
n8_TS,n8,TS,tai50_20_02.F.15_01,12,2825.0,3182.0,3003.5
n8_TS,n8,TS,tai50_20_02.F.15_01,13,2800.0,3159.0,2979.5
n8_TS,n8,TS,tai50_20_02.F.15_01,14,2806.0,3204.0,3005.0
n8_TS,n8,TS,tai50_20_02.F.15_01,15,2814.0,3171.0,2992.5
n8_TS,n8,TS,tai50_20_02.F.15_01,16,2775.0,3153.0,2964.0
n8_TS,n8,TS,tai50_20_02.F.15_01,17,2807.0,3204.0,3005.5
n8_TS,n8,TS,tai50_20_02.F.15_01,18,2852.0,3201.0,3026.5
n8_TS,n8,TS,tai50_20_02.F.15_01,19,2791.0,3167.0,2979.0
n8_TS,n8,TS,tai50_20_02.F.15_01,20,2887.0,3240.0,3063.5
n8_TS,n8,TS,tai50_20_02.F.15_01,21,2853.0,3213.0,3033.0
n8_TS,n8,TS,tai50_20_02.F.15_01,22,2865.0,3215.0,3040.0
n8_TS,n8,TS,tai50_20_02.F.15_01,23,2856.0,3200.0,3028.0
n8_TS,n8,TS,tai50_20_02.F.15_01,24,2894.0,3252.0,3073.0
n8_TS,n8,TS,tai50_20_02.F.15_01,25,2839.0,3190.0,3014.5
n8_TS,n8,TS,tai50_20_02.F.15_01,26,2804.0,3180.0,2992.0
n8_TS,n8,TS,tai50_20_02.F.15_01,27,2843.0,3225.0,3034.0
n8_TS,n8,TS,tai50_20_02.F.15_01,28,2794.0,3174.0,2984.0
n8_TS,n8,TS,tai50_20_02.F.15_01,29,2834.0,3185.0,3009.5
n8_TS,n8,TS,tai50_20_02.F.15_01,30,2840.0,3178.0,3009.0
n8_TS,n8,TS,tai50_20_03.F.15_01,1,2566.0,2996.0,2781.0
n8_TS,n8,TS,tai50_20_03.F.15_01,2,2592.0,3010.0,2801.0
n8_TS,n8,TS,tai50_20_03.F.15_01,3,2586.0,2987.0,2786.5
n8_TS,n8,TS,tai50_20_03.F.15_01,4,2579.0,3017.0,2798.0
n8_TS,n8,TS,tai50_20_03.F.15_01,5,2562.0,3021.0,2791.5
n8_TS,n8,TS,tai50_20_03.F.15_01,6,2568.0,2993.0,2780.5
n8_TS,n8,TS,tai50_20_03.F.15_01,7,2605.0,3047.0,2826.0
n8_TS,n8,TS,tai50_20_03.F.15_01,8,2598.0,3016.0,2807.0
n8_TS,n8,TS,tai50_20_03.F.15_01,9,2594.0,3012.0,2803.0
n8_TS,n8,TS,tai50_20_03.F.15_01,10,2637.0,3051.0,2844.0
n8_TS,n8,TS,tai50_20_03.F.15_01,11,2606.0,3006.0,2806.0
n8_TS,n8,TS,tai50_20_03.F.15_01,12,2595.0,3025.0,2810.0
n8_TS,n8,TS,tai50_20_03.F.15_01,13,2603.0,3047.0,2825.0
n8_TS,n8,TS,tai50_20_03.F.15_01,14,2594.0,3012.0,2803.0
n8_TS,n8,TS,tai50_20_03.F.15_01,15,2546.0,2987.0,2766.5
n8_TS,n8,TS,tai50_20_03.F.15_01,16,2566.0,2994.0,2780.0
n8_TS,n8,TS,tai50_20_03.F.15_01,17,2567.0,2996.0,2781.5
n8_TS,n8,TS,tai50_20_03.F.15_01,18,2562.0,2987.0,2774.5
n8_TS,n8,TS,tai50_20_03.F.15_01,19,2593.0,3041.0,2817.0
n8_TS,n8,TS,tai50_20_03.F.15_01,20,2574.0,2997.0,2785.5
n8_TS,n8,TS,tai50_20_03.F.15_01,21,2575.0,3013.0,2794.0
n8_TS,n8,TS,tai50_20_03.F.15_01,22,2595.0,3002.0,2798.5
n8_TS,n8,TS,tai50_20_03.F.15_01,23,2581.0,2987.0,2784.0
n8_TS,n8,TS,tai50_20_03.F.15_01,24,2658.0,3088.0,2873.0
n8_TS,n8,TS,tai50_20_03.F.15_01,25,2566.0,2987.0,2776.5
n8_TS,n8,TS,tai50_20_03.F.15_01,26,2607.0,3017.0,2812.0
n8_TS,n8,TS,tai50_20_03.F.15_01,27,2586.0,2997.0,2791.5
n8_TS,n8,TS,tai50_20_03.F.15_01,28,2611.0,3032.0,2821.5
n8_TS,n8,TS,tai50_20_03.F.15_01,29,2572.0,2998.0,2785.0
n8_TS,n8,TS,tai50_20_03.F.15_01,30,2603.0,3040.0,2821.5
n8_TS,n8,TS,tai50_20_04.F.15_01,1,2584.0,2952.0,2768.0
n8_TS,n8,TS,tai50_20_04.F.15_01,2,2543.0,2943.0,2743.0
n8_TS,n8,TS,tai50_20_04.F.15_01,3,2541.0,2934.0,2737.5
n8_TS,n8,TS,tai50_20_04.F.15_01,4,2539.0,2937.0,2738.0
n8_TS,n8,TS,tai50_20_04.F.15_01,5,2558.0,2948.0,2753.0
n8_TS,n8,TS,tai50_20_04.F.15_01,6,2525.0,2942.0,2733.5
n8_TS,n8,TS,tai50_20_04.F.15_01,7,2528.0,2934.0,2731.0
n8_TS,n8,TS,tai50_20_04.F.15_01,8,2502.0,2909.0,2705.5
n8_TS,n8,TS,tai50_20_04.F.15_01,9,2585.0,2961.0,2773.0
n8_TS,n8,TS,tai50_20_04.F.15_01,10,2527.0,2934.0,2730.5
n8_TS,n8,TS,tai50_20_04.F.15_01,11,2514.0,2909.0,2711.5
n8_TS,n8,TS,tai50_20_04.F.15_01,12,2535.0,2938.0,2736.5
n8_TS,n8,TS,tai50_20_04.F.15_01,13,2561.0,2948.0,2754.5
n8_TS,n8,TS,tai50_20_04.F.15_01,14,2575.0,2963.0,2769.0
n8_TS,n8,TS,tai50_20_04.F.15_01,15,2530.0,2915.0,2722.5
n8_TS,n8,TS,tai50_20_04.F.15_01,16,2560.0,2945.0,2752.5
n8_TS,n8,TS,tai50_20_04.F.15_01,17,2541.0,2941.0,2741.0
n8_TS,n8,TS,tai50_20_04.F.15_01,18,2524.0,2934.0,2729.0
n8_TS,n8,TS,tai50_20_04.F.15_01,19,2509.0,2930.0,2719.5
n8_TS,n8,TS,tai50_20_04.F.15_01,20,2546.0,2938.0,2742.0
n8_TS,n8,TS,tai50_20_04.F.15_01,21,2560.0,2947.0,2753.5
n8_TS,n8,TS,tai50_20_04.F.15_01,22,2546.0,2927.0,2736.5
n8_TS,n8,TS,tai50_20_04.F.15_01,23,2535.0,2946.0,2740.5
n8_TS,n8,TS,tai50_20_04.F.15_01,24,2527.0,2934.0,2730.5
n8_TS,n8,TS,tai50_20_04.F.15_01,25,2532.0,2953.0,2742.5
n8_TS,n8,TS,tai50_20_04.F.15_01,26,2530.0,2923.0,2726.5
n8_TS,n8,TS,tai50_20_04.F.15_01,27,2575.0,2982.0,2778.5
n8_TS,n8,TS,tai50_20_04.F.15_01,28,2531.0,2948.0,2739.5
n8_TS,n8,TS,tai50_20_04.F.15_01,29,2538.0,2942.0,2740.0
n8_TS,n8,TS,tai50_20_04.F.15_01,30,2548.0,2944.0,2746.0
n8_TS,n8,TS,tai50_20_05.F.15_01,1,2617.0,2995.0,2806.0
n8_TS,n8,TS,tai50_20_05.F.15_01,2,2631.0,3019.0,2825.0
n8_TS,n8,TS,tai50_20_05.F.15_01,3,2574.0,2948.0,2761.0
n8_TS,n8,TS,tai50_20_05.F.15_01,4,2564.0,2948.0,2756.0
n8_TS,n8,TS,tai50_20_05.F.15_01,5,2598.0,2978.0,2788.0
n8_TS,n8,TS,tai50_20_05.F.15_01,6,2606.0,2978.0,2792.0
n8_TS,n8,TS,tai50_20_05.F.15_01,7,2639.0,2994.0,2816.5
n8_TS,n8,TS,tai50_20_05.F.15_01,8,2602.0,2989.0,2795.5
n8_TS,n8,TS,tai50_20_05.F.15_01,9,2595.0,2981.0,2788.0
n8_TS,n8,TS,tai50_20_05.F.15_01,10,2611.0,2977.0,2794.0
n8_TS,n8,TS,tai50_20_05.F.15_01,11,2591.0,2981.0,2786.0
n8_TS,n8,TS,tai50_20_05.F.15_01,12,2596.0,2958.0,2777.0
n8_TS,n8,TS,tai50_20_05.F.15_01,13,2561.0,2948.0,2754.5
n8_TS,n8,TS,tai50_20_05.F.15_01,14,2593.0,2965.0,2779.0
n8_TS,n8,TS,tai50_20_05.F.15_01,15,2595.0,2955.0,2775.0
n8_TS,n8,TS,tai50_20_05.F.15_01,16,2604.0,2965.0,2784.5
n8_TS,n8,TS,tai50_20_05.F.15_01,17,2567.0,2948.0,2757.5
n8_TS,n8,TS,tai50_20_05.F.15_01,18,2600.0,2981.0,2790.5
n8_TS,n8,TS,tai50_20_05.F.15_01,19,2616.0,2988.0,2802.0
n8_TS,n8,TS,tai50_20_05.F.15_01,20,2587.0,2960.0,2773.5
n8_TS,n8,TS,tai50_20_05.F.15_01,21,2595.0,2977.0,2786.0
n8_TS,n8,TS,tai50_20_05.F.15_01,22,2625.0,3002.0,2813.5
n8_TS,n8,TS,tai50_20_05.F.15_01,23,2614.0,2973.0,2793.5
n8_TS,n8,TS,tai50_20_05.F.15_01,24,2619.0,2989.0,2804.0
n8_TS,n8,TS,tai50_20_05.F.15_01,25,2596.0,2978.0,2787.0
n8_TS,n8,TS,tai50_20_05.F.15_01,26,2607.0,2971.0,2789.0
n8_TS,n8,TS,tai50_20_05.F.15_01,27,2590.0,2948.0,2769.0
n8_TS,n8,TS,tai50_20_05.F.15_01,28,2646.0,3026.0,2836.0
n8_TS,n8,TS,tai50_20_05.F.15_01,29,2599.0,2973.0,2786.0
n8_TS,n8,TS,tai50_20_05.F.15_01,30,2595.0,2962.0,2778.5
n8_TS,n8,TS,tai50_20_06.F.15_01,1,2688.0,3101.0,2894.5
n8_TS,n8,TS,tai50_20_06.F.15_01,2,2736.0,3133.0,2934.5
n8_TS,n8,TS,tai50_20_06.F.15_01,3,2672.0,3094.0,2883.0
n8_TS,n8,TS,tai50_20_06.F.15_01,4,2751.0,3218.0,2984.5
n8_TS,n8,TS,tai50_20_06.F.15_01,5,2680.0,3096.0,2888.0
n8_TS,n8,TS,tai50_20_06.F.15_01,6,2691.0,3102.0,2896.5
n8_TS,n8,TS,tai50_20_06.F.15_01,7,2685.0,3103.0,2894.0
n8_TS,n8,TS,tai50_20_06.F.15_01,8,2663.0,3139.0,2901.0
n8_TS,n8,TS,tai50_20_06.F.15_01,9,2683.0,3105.0,2894.0
n8_TS,n8,TS,tai50_20_06.F.15_01,10,2676.0,3094.0,2885.0
n8_TS,n8,TS,tai50_20_06.F.15_01,11,2708.0,3113.0,2910.5
n8_TS,n8,TS,tai50_20_06.F.15_01,12,2671.0,3094.0,2882.5
n8_TS,n8,TS,tai50_20_06.F.15_01,13,2675.0,3094.0,2884.5
n8_TS,n8,TS,tai50_20_06.F.15_01,14,2695.0,3115.0,2905.0
n8_TS,n8,TS,tai50_20_06.F.15_01,15,2662.0,3094.0,2878.0
n8_TS,n8,TS,tai50_20_06.F.15_01,16,2693.0,3114.0,2903.5
n8_TS,n8,TS,tai50_20_06.F.15_01,17,2711.0,3133.0,2922.0
n8_TS,n8,TS,tai50_20_06.F.15_01,18,2671.0,3094.0,2882.5
n8_TS,n8,TS,tai50_20_06.F.15_01,19,2661.0,3094.0,2877.5
n8_TS,n8,TS,tai50_20_06.F.15_01,20,2704.0,3124.0,2914.0
n8_TS,n8,TS,tai50_20_06.F.15_01,21,2677.0,3162.0,2919.5
n8_TS,n8,TS,tai50_20_06.F.15_01,22,2690.0,3136.0,2913.0
n8_TS,n8,TS,tai50_20_06.F.15_01,23,2690.0,3094.0,2892.0
n8_TS,n8,TS,tai50_20_06.F.15_01,24,2681.0,3159.0,2920.0
n8_TS,n8,TS,tai50_20_06.F.15_01,25,2686.0,3098.0,2892.0
n8_TS,n8,TS,tai50_20_06.F.15_01,26,2697.0,3128.0,2912.5
n8_TS,n8,TS,tai50_20_06.F.15_01,27,2644.0,3139.0,2891.5
n8_TS,n8,TS,tai50_20_06.F.15_01,28,2649.0,3094.0,2871.5
n8_TS,n8,TS,tai50_20_06.F.15_01,29,2687.0,3137.0,2912.0
n8_TS,n8,TS,tai50_20_06.F.15_01,30,2664.0,3094.0,2879.0
n8_TS,n8,TS,tai50_20_07.F.15_01,1,2638.0,3095.0,2866.5
n8_TS,n8,TS,tai50_20_07.F.15_01,2,2671.0,3110.0,2890.5
n8_TS,n8,TS,tai50_20_07.F.15_01,3,2654.0,3095.0,2874.5
n8_TS,n8,TS,tai50_20_07.F.15_01,4,2651.0,3087.0,2869.0
n8_TS,n8,TS,tai50_20_07.F.15_01,5,2644.0,3104.0,2874.0
n8_TS,n8,TS,tai50_20_07.F.15_01,6,2671.0,3105.0,2888.0
n8_TS,n8,TS,tai50_20_07.F.15_01,7,2691.0,3111.0,2901.0
n8_TS,n8,TS,tai50_20_07.F.15_01,8,2678.0,3100.0,2889.0
n8_TS,n8,TS,tai50_20_07.F.15_01,9,2641.0,3083.0,2862.0
n8_TS,n8,TS,tai50_20_07.F.15_01,10,2645.0,3095.0,2870.0
n8_TS,n8,TS,tai50_20_07.F.15_01,11,2684.0,3122.0,2903.0
n8_TS,n8,TS,tai50_20_07.F.15_01,12,2674.0,3112.0,2893.0
n8_TS,n8,TS,tai50_20_07.F.15_01,13,2678.0,3143.0,2910.5
n8_TS,n8,TS,tai50_20_07.F.15_01,14,2646.0,3091.0,2868.5
n8_TS,n8,TS,tai50_20_07.F.15_01,15,2706.0,3131.0,2918.5
n8_TS,n8,TS,tai50_20_07.F.15_01,16,2650.0,3100.0,2875.0
n8_TS,n8,TS,tai50_20_07.F.15_01,17,2722.0,3135.0,2928.5
n8_TS,n8,TS,tai50_20_07.F.15_01,18,2664.0,3100.0,2882.0
n8_TS,n8,TS,tai50_20_07.F.15_01,19,2642.0,3110.0,2876.0
n8_TS,n8,TS,tai50_20_07.F.15_01,20,2649.0,3110.0,2879.5
n8_TS,n8,TS,tai50_20_07.F.15_01,21,2663.0,3110.0,2886.5
n8_TS,n8,TS,tai50_20_07.F.15_01,22,2666.0,3097.0,2881.5
n8_TS,n8,TS,tai50_20_07.F.15_01,23,2691.0,3111.0,2901.0
n8_TS,n8,TS,tai50_20_07.F.15_01,24,2650.0,3110.0,2880.0
n8_TS,n8,TS,tai50_20_07.F.15_01,25,2675.0,3113.0,2894.0
n8_TS,n8,TS,tai50_20_07.F.15_01,26,2680.0,3116.0,2898.0
n8_TS,n8,TS,tai50_20_07.F.15_01,27,2724.0,3160.0,2942.0
n8_TS,n8,TS,tai50_20_07.F.15_01,28,2673.0,3096.0,2884.5
n8_TS,n8,TS,tai50_20_07.F.15_01,29,2663.0,3097.0,2880.0
n8_TS,n8,TS,tai50_20_07.F.15_01,30,2659.0,3112.0,2885.5
n8_TS,n8,TS,tai50_20_08.F.15_01,1,2640.0,3028.0,2834.0
n8_TS,n8,TS,tai50_20_08.F.15_01,2,2632.0,2981.0,2806.5
n8_TS,n8,TS,tai50_20_08.F.15_01,3,2623.0,2995.0,2809.0
n8_TS,n8,TS,tai50_20_08.F.15_01,4,2666.0,3027.0,2846.5
n8_TS,n8,TS,tai50_20_08.F.15_01,5,2649.0,3012.0,2830.5
n8_TS,n8,TS,tai50_20_08.F.15_01,6,2609.0,2996.0,2802.5
n8_TS,n8,TS,tai50_20_08.F.15_01,7,2612.0,2971.0,2791.5
n8_TS,n8,TS,tai50_20_08.F.15_01,8,2626.0,2984.0,2805.0
n8_TS,n8,TS,tai50_20_08.F.15_01,9,2647.0,3029.0,2838.0
n8_TS,n8,TS,tai50_20_08.F.15_01,10,2643.0,2995.0,2819.0
n8_TS,n8,TS,tai50_20_08.F.15_01,11,2623.0,2978.0,2800.5
n8_TS,n8,TS,tai50_20_08.F.15_01,12,2626.0,2983.0,2804.5
n8_TS,n8,TS,tai50_20_08.F.15_01,13,2650.0,3010.0,2830.0
n8_TS,n8,TS,tai50_20_08.F.15_01,14,2638.0,2985.0,2811.5
n8_TS,n8,TS,tai50_20_08.F.15_01,15,2650.0,3003.0,2826.5
n8_TS,n8,TS,tai50_20_08.F.15_01,16,2643.0,3005.0,2824.0
n8_TS,n8,TS,tai50_20_08.F.15_01,17,2658.0,3018.0,2838.0
n8_TS,n8,TS,tai50_20_08.F.15_01,18,2609.0,2988.0,2798.5
n8_TS,n8,TS,tai50_20_08.F.15_01,19,2647.0,3006.0,2826.5
n8_TS,n8,TS,tai50_20_08.F.15_01,20,2638.0,2984.0,2811.0
n8_TS,n8,TS,tai50_20_08.F.15_01,21,2642.0,2995.0,2818.5
n8_TS,n8,TS,tai50_20_08.F.15_01,22,2616.0,2992.0,2804.0
n8_TS,n8,TS,tai50_20_08.F.15_01,23,2609.0,2988.0,2798.5
n8_TS,n8,TS,tai50_20_08.F.15_01,24,2609.0,3000.0,2804.5
n8_TS,n8,TS,tai50_20_08.F.15_01,25,2610.0,2988.0,2799.0
n8_TS,n8,TS,tai50_20_08.F.15_01,26,2630.0,3008.0,2819.0
n8_TS,n8,TS,tai50_20_08.F.15_01,27,2626.0,3002.0,2814.0
n8_TS,n8,TS,tai50_20_08.F.15_01,28,2648.0,3014.0,2831.0
n8_TS,n8,TS,tai50_20_08.F.15_01,29,2630.0,3010.0,2820.0
n8_TS,n8,TS,tai50_20_08.F.15_01,30,2636.0,3000.0,2818.0
n8_TS,n8,TS,tai50_20_09.F.15_01,1,2888.0,3346.0,3117.0
n8_TS,n8,TS,tai50_20_09.F.15_01,2,2850.0,3292.0,3071.0
n8_TS,n8,TS,tai50_20_09.F.15_01,3,2858.0,3326.0,3092.0
n8_TS,n8,TS,tai50_20_09.F.15_01,4,2850.0,3292.0,3071.0
n8_TS,n8,TS,tai50_20_09.F.15_01,5,2850.0,3292.0,3071.0
n8_TS,n8,TS,tai50_20_09.F.15_01,6,2874.0,3330.0,3102.0
n8_TS,n8,TS,tai50_20_09.F.15_01,7,2850.0,3292.0,3071.0
n8_TS,n8,TS,tai50_20_09.F.15_01,8,2869.0,3311.0,3090.0
n8_TS,n8,TS,tai50_20_09.F.15_01,9,2850.0,3319.0,3084.5
n8_TS,n8,TS,tai50_20_09.F.15_01,10,2850.0,3293.0,3071.5
n8_TS,n8,TS,tai50_20_09.F.15_01,11,2858.0,3318.0,3088.0
n8_TS,n8,TS,tai50_20_09.F.15_01,12,2879.0,3321.0,3100.0
n8_TS,n8,TS,tai50_20_09.F.15_01,13,2850.0,3292.0,3071.0
n8_TS,n8,TS,tai50_20_09.F.15_01,14,2858.0,3306.0,3082.0
n8_TS,n8,TS,tai50_20_09.F.15_01,15,2850.0,3297.0,3073.5
n8_TS,n8,TS,tai50_20_09.F.15_01,16,2850.0,3292.0,3071.0
n8_TS,n8,TS,tai50_20_09.F.15_01,17,2850.0,3296.0,3073.0
n8_TS,n8,TS,tai50_20_09.F.15_01,18,2871.0,3326.0,3098.5
n8_TS,n8,TS,tai50_20_09.F.15_01,19,2850.0,3292.0,3071.0
n8_TS,n8,TS,tai50_20_09.F.15_01,20,2850.0,3306.0,3078.0
n8_TS,n8,TS,tai50_20_09.F.15_01,21,2922.0,3364.0,3143.0
n8_TS,n8,TS,tai50_20_09.F.15_01,22,2850.0,3292.0,3071.0
n8_TS,n8,TS,tai50_20_09.F.15_01,23,2882.0,3318.0,3100.0
n8_TS,n8,TS,tai50_20_09.F.15_01,24,2850.0,3292.0,3071.0
n8_TS,n8,TS,tai50_20_09.F.15_01,25,2850.0,3292.0,3071.0
n8_TS,n8,TS,tai50_20_09.F.15_01,26,2850.0,3293.0,3071.5
n8_TS,n8,TS,tai50_20_09.F.15_01,27,2850.0,3315.0,3082.5
n8_TS,n8,TS,tai50_20_09.F.15_01,28,2850.0,3292.0,3071.0
n8_TS,n8,TS,tai50_20_09.F.15_01,29,2857.0,3292.0,3074.5
n8_TS,n8,TS,tai50_20_09.F.15_01,30,2857.0,3292.0,3074.5
n8_TS,n8,TS,tai50_20_10.F.15_01,1,2871.0,3316.0,3093.5
n8_TS,n8,TS,tai50_20_10.F.15_01,2,2861.0,3269.0,3065.0
n8_TS,n8,TS,tai50_20_10.F.15_01,3,2930.0,3289.0,3109.5
n8_TS,n8,TS,tai50_20_10.F.15_01,4,2871.0,3297.0,3084.0
n8_TS,n8,TS,tai50_20_10.F.15_01,5,2857.0,3257.0,3057.0
n8_TS,n8,TS,tai50_20_10.F.15_01,6,2886.0,3342.0,3114.0
n8_TS,n8,TS,tai50_20_10.F.15_01,7,2894.0,3310.0,3102.0
n8_TS,n8,TS,tai50_20_10.F.15_01,8,2866.0,3275.0,3070.5
n8_TS,n8,TS,tai50_20_10.F.15_01,9,2870.0,3287.0,3078.5
n8_TS,n8,TS,tai50_20_10.F.15_01,10,2859.0,3261.0,3060.0
n8_TS,n8,TS,tai50_20_10.F.15_01,11,2922.0,3313.0,3117.5
n8_TS,n8,TS,tai50_20_10.F.15_01,12,2858.0,3247.0,3052.5
n8_TS,n8,TS,tai50_20_10.F.15_01,13,2850.0,3254.0,3052.0
n8_TS,n8,TS,tai50_20_10.F.15_01,14,2875.0,3307.0,3091.0
n8_TS,n8,TS,tai50_20_10.F.15_01,15,2875.0,3288.0,3081.5
n8_TS,n8,TS,tai50_20_10.F.15_01,16,2859.0,3298.0,3078.5
n8_TS,n8,TS,tai50_20_10.F.15_01,17,2908.0,3342.0,3125.0
n8_TS,n8,TS,tai50_20_10.F.15_01,18,2834.0,3268.0,3051.0
n8_TS,n8,TS,tai50_20_10.F.15_01,19,2886.0,3312.0,3099.0
n8_TS,n8,TS,tai50_20_10.F.15_01,20,2864.0,3282.0,3073.0
n8_TS,n8,TS,tai50_20_10.F.15_01,21,2840.0,3258.0,3049.0
n8_TS,n8,TS,tai50_20_10.F.15_01,22,2869.0,3297.0,3083.0
n8_TS,n8,TS,tai50_20_10.F.15_01,23,2895.0,3311.0,3103.0
n8_TS,n8,TS,tai50_20_10.F.15_01,24,2872.0,3242.0,3057.0
n8_TS,n8,TS,tai50_20_10.F.15_01,25,2857.0,3309.0,3083.0
n8_TS,n8,TS,tai50_20_10.F.15_01,26,2856.0,3275.0,3065.5
n8_TS,n8,TS,tai50_20_10.F.15_01,27,2880.0,3301.0,3090.5
n8_TS,n8,TS,tai50_20_10.F.15_01,28,2862.0,3302.0,3082.0
n8_TS,n8,TS,tai50_20_10.F.15_01,29,2876.0,3300.0,3088.0
n8_TS,n8,TS,tai50_20_10.F.15_01,30,2894.0,3306.0,3100.0
next_TS,next,TS,F0.15.0.abz7_06,1,633.0,721.0,677.0
next_TS,next,TS,F0.15.0.abz7_06,2,635.0,719.0,677.0
next_TS,next,TS,F0.15.0.abz7_06,3,643.0,711.0,677.0
next_TS,next,TS,F0.15.0.abz7_06,4,650.0,726.0,688.0
next_TS,next,TS,F0.15.0.abz7_06,5,637.0,722.0,679.5
next_TS,next,TS,F0.15.0.abz7_06,6,632.0,720.0,676.0
next_TS,next,TS,F0.15.0.abz7_06,7,640.0,708.0,674.0
next_TS,next,TS,F0.15.0.abz7_06,8,637.0,721.0,679.0
next_TS,next,TS,F0.15.0.abz7_06,9,642.0,714.0,678.0
next_TS,next,TS,F0.15.0.abz7_06,10,636.0,716.0,676.0
next_TS,next,TS,F0.15.0.abz7_06,11,631.0,718.0,674.5
next_TS,next,TS,F0.15.0.abz7_06,12,639.0,716.0,677.5
next_TS,next,TS,F0.15.0.abz7_06,13,636.0,721.0,678.5
next_TS,next,TS,F0.15.0.abz7_06,14,630.0,715.0,672.5
next_TS,next,TS,F0.15.0.abz7_06,15,637.0,717.0,677.0
next_TS,next,TS,F0.15.0.abz7_06,16,636.0,717.0,676.5
next_TS,next,TS,F0.15.0.abz7_06,17,638.0,720.0,679.0
next_TS,next,TS,F0.15.0.abz7_06,18,638.0,711.0,674.5
next_TS,next,TS,F0.15.0.abz7_06,19,640.0,708.0,674.0
next_TS,next,TS,F0.15.0.abz7_06,20,646.0,730.0,688.0
next_TS,next,TS,F0.15.0.abz7_06,21,640.0,718.0,679.0
next_TS,next,TS,F0.15.0.abz7_06,22,645.0,710.0,677.5
next_TS,next,TS,F0.15.0.abz7_06,23,630.0,717.0,673.5
next_TS,next,TS,F0.15.0.abz7_06,24,634.0,716.0,675.0
next_TS,next,TS,F0.15.0.abz7_06,25,646.0,711.0,678.5
next_TS,next,TS,F0.15.0.abz7_06,26,636.0,718.0,677.0
next_TS,next,TS,F0.15.0.abz7_06,27,636.0,717.0,676.5
next_TS,next,TS,F0.15.0.abz7_06,28,633.0,709.0,671.0
next_TS,next,TS,F0.15.0.abz7_06,29,640.0,720.0,680.0
next_TS,next,TS,F0.15.0.abz7_06,30,635.0,718.0,676.5
next_TS,next,TS,F0.15.0.abz8_05,1,650.0,720.0,685.0
next_TS,next,TS,F0.15.0.abz8_05,2,650.0,720.0,685.0
next_TS,next,TS,F0.15.0.abz8_05,3,651.0,720.0,685.5
next_TS,next,TS,F0.15.0.abz8_05,4,656.0,723.0,689.5
next_TS,next,TS,F0.15.0.abz8_05,5,643.0,717.0,680.0
next_TS,next,TS,F0.15.0.abz8_05,6,659.0,724.0,691.5
next_TS,next,TS,F0.15.0.abz8_05,7,653.0,720.0,686.5
next_TS,next,TS,F0.15.0.abz8_05,8,670.0,728.0,699.0
next_TS,next,TS,F0.15.0.abz8_05,9,652.0,713.0,682.5
next_TS,next,TS,F0.15.0.abz8_05,10,650.0,719.0,684.5
next_TS,next,TS,F0.15.0.abz8_05,11,654.0,718.0,686.0
next_TS,next,TS,F0.15.0.abz8_05,12,653.0,716.0,684.5
next_TS,next,TS,F0.15.0.abz8_05,13,650.0,722.0,686.0
next_TS,next,TS,F0.15.0.abz8_05,14,648.0,720.0,684.0
next_TS,next,TS,F0.15.0.abz8_05,15,662.0,732.0,697.0
next_TS,next,TS,F0.15.0.abz8_05,16,654.0,719.0,686.5
next_TS,next,TS,F0.15.0.abz8_05,17,655.0,715.0,685.0
next_TS,next,TS,F0.15.0.abz8_05,18,651.0,716.0,683.5
next_TS,next,TS,F0.15.0.abz8_05,19,650.0,724.0,687.0
next_TS,next,TS,F0.15.0.abz8_05,20,656.0,723.0,689.5
next_TS,next,TS,F0.15.0.abz8_05,21,651.0,724.0,687.5
next_TS,next,TS,F0.15.0.abz8_05,22,651.0,726.0,688.5
next_TS,next,TS,F0.15.0.abz8_05,23,659.0,725.0,692.0
next_TS,next,TS,F0.15.0.abz8_05,24,653.0,716.0,684.5
next_TS,next,TS,F0.15.0.abz8_05,25,653.0,720.0,686.5
next_TS,next,TS,F0.15.0.abz8_05,26,652.0,715.0,683.5
next_TS,next,TS,F0.15.0.abz8_05,27,652.0,715.0,683.5
next_TS,next,TS,F0.15.0.abz8_05,28,655.0,722.0,688.5
next_TS,next,TS,F0.15.0.abz8_05,29,662.0,712.0,687.0
next_TS,next,TS,F0.15.0.abz8_05,30,662.0,719.0,690.5
next_TS,next,TS,F0.15.0.abz9_10,1,666.0,730.0,698.0
next_TS,next,TS,F0.15.0.abz9_10,2,686.0,737.0,711.5
next_TS,next,TS,F0.15.0.abz9_10,3,677.0,736.0,706.5
next_TS,next,TS,F0.15.0.abz9_10,4,671.0,736.0,703.5
next_TS,next,TS,F0.15.0.abz9_10,5,677.0,753.0,715.0
next_TS,next,TS,F0.15.0.abz9_10,6,674.0,739.0,706.5
next_TS,next,TS,F0.15.0.abz9_10,7,675.0,745.0,710.0
next_TS,next,TS,F0.15.0.abz9_10,8,667.0,745.0,706.0
next_TS,next,TS,F0.15.0.abz9_10,9,673.0,735.0,704.0
next_TS,next,TS,F0.15.0.abz9_10,10,680.0,736.0,708.0
next_TS,next,TS,F0.15.0.abz9_10,11,681.0,737.0,709.0
next_TS,next,TS,F0.15.0.abz9_10,12,673.0,739.0,706.0
next_TS,next,TS,F0.15.0.abz9_10,13,678.0,738.0,708.0
next_TS,next,TS,F0.15.0.abz9_10,14,684.0,737.0,710.5
next_TS,next,TS,F0.15.0.abz9_10,15,676.0,735.0,705.5
next_TS,next,TS,F0.15.0.abz9_10,16,677.0,740.0,708.5
next_TS,next,TS,F0.15.0.abz9_10,17,662.0,731.0,696.5
next_TS,next,TS,F0.15.0.abz9_10,18,668.0,732.0,700.0
next_TS,next,TS,F0.15.0.abz9_10,19,672.0,737.0,704.5
next_TS,next,TS,F0.15.0.abz9_10,20,670.0,734.0,702.0
next_TS,next,TS,F0.15.0.abz9_10,21,705.0,751.0,728.0
next_TS,next,TS,F0.15.0.abz9_10,22,666.0,734.0,700.0
next_TS,next,TS,F0.15.0.abz9_10,23,672.0,732.0,702.0
next_TS,next,TS,F0.15.0.abz9_10,24,679.0,738.0,708.5
next_TS,next,TS,F0.15.0.abz9_10,25,671.0,731.0,701.0
next_TS,next,TS,F0.15.0.abz9_10,26,672.0,732.0,702.0
next_TS,next,TS,F0.15.0.abz9_10,27,665.0,731.0,698.0
next_TS,next,TS,F0.15.0.abz9_10,28,671.0,740.0,705.5
next_TS,next,TS,F0.15.0.abz9_10,29,674.0,737.0,705.5
next_TS,next,TS,F0.15.0.abz9_10,30,676.0,732.0,704.0
next_TS,next,TS,F0.15.0.ft10_10,1,890.0,990.0,940.0
next_TS,next,TS,F0.15.0.ft10_10,2,882.0,989.0,935.5
next_TS,next,TS,F0.15.0.ft10_10,3,882.0,989.0,935.5
next_TS,next,TS,F0.15.0.ft10_10,4,882.0,989.0,935.5
next_TS,next,TS,F0.15.0.ft10_10,5,890.0,990.0,940.0
next_TS,next,TS,F0.15.0.ft10_10,6,905.0,993.0,949.0
next_TS,next,TS,F0.15.0.ft10_10,7,890.0,990.0,940.0
next_TS,next,TS,F0.15.0.ft10_10,8,890.0,990.0,940.0
next_TS,next,TS,F0.15.0.ft10_10,9,890.0,990.0,940.0
next_TS,next,TS,F0.15.0.ft10_10,10,905.0,993.0,949.0
next_TS,next,TS,F0.15.0.ft10_10,11,890.0,990.0,940.0
next_TS,next,TS,F0.15.0.ft10_10,12,890.0,990.0,940.0
next_TS,next,TS,F0.15.0.ft10_10,13,905.0,993.0,949.0
next_TS,next,TS,F0.15.0.ft10_10,14,882.0,989.0,935.5
next_TS,next,TS,F0.15.0.ft10_10,15,890.0,990.0,940.0
next_TS,next,TS,F0.15.0.ft10_10,16,890.0,990.0,940.0
next_TS,next,TS,F0.15.0.ft10_10,17,882.0,989.0,935.5
next_TS,next,TS,F0.15.0.ft10_10,18,895.0,997.0,946.0
next_TS,next,TS,F0.15.0.ft10_10,19,882.0,989.0,935.5
next_TS,next,TS,F0.15.0.ft10_10,20,890.0,990.0,940.0
next_TS,next,TS,F0.15.0.ft10_10,21,882.0,989.0,935.5
next_TS,next,TS,F0.15.0.ft10_10,22,882.0,989.0,935.5
next_TS,next,TS,F0.15.0.ft10_10,23,890.0,990.0,940.0
next_TS,next,TS,F0.15.0.ft10_10,24,882.0,989.0,935.5
next_TS,next,TS,F0.15.0.ft10_10,25,882.0,989.0,935.5
next_TS,next,TS,F0.15.0.ft10_10,26,882.0,989.0,935.5
next_TS,next,TS,F0.15.0.ft10_10,27,890.0,990.0,940.0
next_TS,next,TS,F0.15.0.ft10_10,28,882.0,989.0,935.5
next_TS,next,TS,F0.15.0.ft10_10,29,882.0,989.0,935.5
next_TS,next,TS,F0.15.0.ft10_10,30,882.0,989.0,935.5
next_TS,next,TS,F0.15.0.ft20_05,1,1094.0,1238.0,1166.0
next_TS,next,TS,F0.15.0.ft20_05,2,1094.0,1238.0,1166.0
next_TS,next,TS,F0.15.0.ft20_05,3,1106.0,1250.0,1178.0
next_TS,next,TS,F0.15.0.ft20_05,4,1094.0,1238.0,1166.0
next_TS,next,TS,F0.15.0.ft20_05,5,1094.0,1238.0,1166.0
next_TS,next,TS,F0.15.0.ft20_05,6,1101.0,1245.0,1173.0
next_TS,next,TS,F0.15.0.ft20_05,7,1094.0,1238.0,1166.0
next_TS,next,TS,F0.15.0.ft20_05,8,1094.0,1238.0,1166.0
next_TS,next,TS,F0.15.0.ft20_05,9,1101.0,1245.0,1173.0
next_TS,next,TS,F0.15.0.ft20_05,10,1094.0,1238.0,1166.0
next_TS,next,TS,F0.15.0.ft20_05,11,1094.0,1238.0,1166.0
next_TS,next,TS,F0.15.0.ft20_05,12,1106.0,1250.0,1178.0
next_TS,next,TS,F0.15.0.ft20_05,13,1094.0,1238.0,1166.0
next_TS,next,TS,F0.15.0.ft20_05,14,1094.0,1238.0,1166.0
next_TS,next,TS,F0.15.0.ft20_05,15,1094.0,1238.0,1166.0
next_TS,next,TS,F0.15.0.ft20_05,16,1094.0,1238.0,1166.0
next_TS,next,TS,F0.15.0.ft20_05,17,1094.0,1238.0,1166.0
next_TS,next,TS,F0.15.0.ft20_05,18,1094.0,1238.0,1166.0
next_TS,next,TS,F0.15.0.ft20_05,19,1106.0,1250.0,1178.0
next_TS,next,TS,F0.15.0.ft20_05,20,1094.0,1238.0,1166.0
next_TS,next,TS,F0.15.0.ft20_05,21,1101.0,1245.0,1173.0
next_TS,next,TS,F0.15.0.ft20_05,22,1101.0,1245.0,1173.0
next_TS,next,TS,F0.15.0.ft20_05,23,1094.0,1238.0,1166.0
next_TS,next,TS,F0.15.0.ft20_05,24,1094.0,1238.0,1166.0
next_TS,next,TS,F0.15.0.ft20_05,25,1094.0,1238.0,1166.0
next_TS,next,TS,F0.15.0.ft20_05,26,1094.0,1238.0,1166.0
next_TS,next,TS,F0.15.0.ft20_05,27,1094.0,1238.0,1166.0
next_TS,next,TS,F0.15.0.ft20_05,28,1094.0,1238.0,1166.0
next_TS,next,TS,F0.15.0.ft20_05,29,1094.0,1238.0,1166.0
next_TS,next,TS,F0.15.0.ft20_05,30,1101.0,1245.0,1173.0
next_TS,next,TS,F0.15.0.la21_04,1,996.0,1122.0,1059.0
next_TS,next,TS,F0.15.0.la21_04,2,985.0,1129.0,1057.0
next_TS,next,TS,F0.15.0.la21_04,3,980.0,1138.0,1059.0
next_TS,next,TS,F0.15.0.la21_04,4,996.0,1122.0,1059.0
next_TS,next,TS,F0.15.0.la21_04,5,996.0,1122.0,1059.0
next_TS,next,TS,F0.15.0.la21_04,6,996.0,1122.0,1059.0
next_TS,next,TS,F0.15.0.la21_04,7,1020.0,1140.0,1080.0
next_TS,next,TS,F0.15.0.la21_04,8,996.0,1122.0,1059.0
next_TS,next,TS,F0.15.0.la21_04,9,982.0,1122.0,1052.0
next_TS,next,TS,F0.15.0.la21_04,10,980.0,1138.0,1059.0
next_TS,next,TS,F0.15.0.la21_04,11,996.0,1122.0,1059.0
next_TS,next,TS,F0.15.0.la21_04,12,997.0,1141.0,1069.0
next_TS,next,TS,F0.15.0.la21_04,13,996.0,1122.0,1059.0
next_TS,next,TS,F0.15.0.la21_04,14,996.0,1122.0,1059.0
next_TS,next,TS,F0.15.0.la21_04,15,996.0,1122.0,1059.0
next_TS,next,TS,F0.15.0.la21_04,16,992.0,1134.0,1063.0
next_TS,next,TS,F0.15.0.la21_04,17,996.0,1122.0,1059.0
next_TS,next,TS,F0.15.0.la21_04,18,1007.0,1128.0,1067.5
next_TS,next,TS,F0.15.0.la21_04,19,996.0,1122.0,1059.0
next_TS,next,TS,F0.15.0.la21_04,20,997.0,1141.0,1069.0
next_TS,next,TS,F0.15.0.la21_04,21,996.0,1122.0,1059.0
next_TS,next,TS,F0.15.0.la21_04,22,996.0,1122.0,1059.0
next_TS,next,TS,F0.15.0.la21_04,23,996.0,1122.0,1059.0
next_TS,next,TS,F0.15.0.la21_04,24,996.0,1122.0,1059.0
next_TS,next,TS,F0.15.0.la21_04,25,982.0,1122.0,1052.0
next_TS,next,TS,F0.15.0.la21_04,26,1016.0,1134.0,1075.0
next_TS,next,TS,F0.15.0.la21_04,27,996.0,1122.0,1059.0
next_TS,next,TS,F0.15.0.la21_04,28,997.0,1141.0,1069.0
next_TS,next,TS,F0.15.0.la21_04,29,997.0,1141.0,1069.0
next_TS,next,TS,F0.15.0.la21_04,30,996.0,1122.0,1059.0
next_TS,next,TS,F0.15.0.la24_03,1,899.0,1013.0,956.0
next_TS,next,TS,F0.15.0.la24_03,2,876.0,1013.0,944.5
next_TS,next,TS,F0.15.0.la24_03,3,899.0,1013.0,956.0
next_TS,next,TS,F0.15.0.la24_03,4,876.0,1012.0,944.0
next_TS,next,TS,F0.15.0.la24_03,5,871.0,1013.0,942.0
next_TS,next,TS,F0.15.0.la24_03,6,876.0,1013.0,944.5
next_TS,next,TS,F0.15.0.la24_03,7,876.0,1013.0,944.5
next_TS,next,TS,F0.15.0.la24_03,8,876.0,1013.0,944.5
next_TS,next,TS,F0.15.0.la24_03,9,900.0,1016.0,958.0
next_TS,next,TS,F0.15.0.la24_03,10,880.0,1013.0,946.5
next_TS,next,TS,F0.15.0.la24_03,11,889.0,1012.0,950.5
next_TS,next,TS,F0.15.0.la24_03,12,876.0,1013.0,944.5
next_TS,next,TS,F0.15.0.la24_03,13,883.0,1015.0,949.0
next_TS,next,TS,F0.15.0.la24_03,14,876.0,1013.0,944.5
next_TS,next,TS,F0.15.0.la24_03,15,876.0,1012.0,944.0
next_TS,next,TS,F0.15.0.la24_03,16,880.0,1013.0,946.5
next_TS,next,TS,F0.15.0.la24_03,17,899.0,1013.0,956.0
next_TS,next,TS,F0.15.0.la24_03,18,873.0,1012.0,942.5
next_TS,next,TS,F0.15.0.la24_03,19,876.0,1013.0,944.5
next_TS,next,TS,F0.15.0.la24_03,20,871.0,1010.0,940.5
next_TS,next,TS,F0.15.0.la24_03,21,885.0,1011.0,948.0
next_TS,next,TS,F0.15.0.la24_03,22,876.0,1013.0,944.5
next_TS,next,TS,F0.15.0.la24_03,23,876.0,1013.0,944.5
next_TS,next,TS,F0.15.0.la24_03,24,880.0,1013.0,946.5
next_TS,next,TS,F0.15.0.la24_03,25,895.0,1018.0,956.5
next_TS,next,TS,F0.15.0.la24_03,26,889.0,1015.0,952.0
next_TS,next,TS,F0.15.0.la24_03,27,899.0,1013.0,956.0
next_TS,next,TS,F0.15.0.la24_03,28,889.0,1015.0,952.0
next_TS,next,TS,F0.15.0.la24_03,29,876.0,1013.0,944.5
next_TS,next,TS,F0.15.0.la24_03,30,876.0,1013.0,944.5
next_TS,next,TS,F0.15.0.la25_04,1,948.0,1047.0,997.5
next_TS,next,TS,F0.15.0.la25_04,2,942.0,1051.0,996.5
next_TS,next,TS,F0.15.0.la25_04,3,946.0,1045.0,995.5
next_TS,next,TS,F0.15.0.la25_04,4,942.0,1050.0,996.0
next_TS,next,TS,F0.15.0.la25_04,5,917.0,1052.0,984.5
next_TS,next,TS,F0.15.0.la25_04,6,946.0,1045.0,995.5
next_TS,next,TS,F0.15.0.la25_04,7,942.0,1050.0,996.0
next_TS,next,TS,F0.15.0.la25_04,8,917.0,1052.0,984.5
next_TS,next,TS,F0.15.0.la25_04,9,923.0,1054.0,988.5
next_TS,next,TS,F0.15.0.la25_04,10,935.0,1054.0,994.5
next_TS,next,TS,F0.15.0.la25_04,11,942.0,1050.0,996.0
next_TS,next,TS,F0.15.0.la25_04,12,917.0,1052.0,984.5
next_TS,next,TS,F0.15.0.la25_04,13,917.0,1052.0,984.5
next_TS,next,TS,F0.15.0.la25_04,14,944.0,1045.0,994.5
next_TS,next,TS,F0.15.0.la25_04,15,933.0,1058.0,995.5
next_TS,next,TS,F0.15.0.la25_04,16,917.0,1052.0,984.5
next_TS,next,TS,F0.15.0.la25_04,17,946.0,1050.0,998.0
next_TS,next,TS,F0.15.0.la25_04,18,926.0,1057.0,991.5
next_TS,next,TS,F0.15.0.la25_04,19,940.0,1055.0,997.5
next_TS,next,TS,F0.15.0.la25_04,20,958.0,1064.0,1011.0
next_TS,next,TS,F0.15.0.la25_04,21,917.0,1052.0,984.5
next_TS,next,TS,F0.15.0.la25_04,22,931.0,1051.0,991.0
next_TS,next,TS,F0.15.0.la25_04,23,917.0,1052.0,984.5
next_TS,next,TS,F0.15.0.la25_04,24,921.0,1059.0,990.0
next_TS,next,TS,F0.15.0.la25_04,25,917.0,1052.0,984.5
next_TS,next,TS,F0.15.0.la25_04,26,935.0,1054.0,994.5
next_TS,next,TS,F0.15.0.la25_04,27,942.0,1050.0,996.0
next_TS,next,TS,F0.15.0.la25_04,28,917.0,1052.0,984.5
next_TS,next,TS,F0.15.0.la25_04,29,935.0,1054.0,994.5
next_TS,next,TS,F0.15.0.la25_04,30,942.0,1050.0,996.0
next_TS,next,TS,F0.15.0.la27_09,1,1179.0,1333.0,1256.0
next_TS,next,TS,F0.15.0.la27_09,2,1179.0,1333.0,1256.0
next_TS,next,TS,F0.15.0.la27_09,3,1175.0,1333.0,1254.0
next_TS,next,TS,F0.15.0.la27_09,4,1176.0,1324.0,1250.0
next_TS,next,TS,F0.15.0.la27_09,5,1185.0,1329.0,1257.0
next_TS,next,TS,F0.15.0.la27_09,6,1186.0,1352.0,1269.0
next_TS,next,TS,F0.15.0.la27_09,7,1186.0,1352.0,1269.0
next_TS,next,TS,F0.15.0.la27_09,8,1180.0,1344.0,1262.0
next_TS,next,TS,F0.15.0.la27_09,9,1186.0,1352.0,1269.0
next_TS,next,TS,F0.15.0.la27_09,10,1185.0,1329.0,1257.0
next_TS,next,TS,F0.15.0.la27_09,11,1190.0,1329.0,1259.5
next_TS,next,TS,F0.15.0.la27_09,12,1183.0,1345.0,1264.0
next_TS,next,TS,F0.15.0.la27_09,13,1184.0,1329.0,1256.5
next_TS,next,TS,F0.15.0.la27_09,14,1175.0,1333.0,1254.0
next_TS,next,TS,F0.15.0.la27_09,15,1179.0,1339.0,1259.0
next_TS,next,TS,F0.15.0.la27_09,16,1171.0,1329.0,1250.0
next_TS,next,TS,F0.15.0.la27_09,17,1173.0,1335.0,1254.0
next_TS,next,TS,F0.15.0.la27_09,18,1182.0,1329.0,1255.5
next_TS,next,TS,F0.15.0.la27_09,19,1183.0,1345.0,1264.0
next_TS,next,TS,F0.15.0.la27_09,20,1179.0,1338.0,1258.5
next_TS,next,TS,F0.15.0.la27_09,21,1183.0,1345.0,1264.0
next_TS,next,TS,F0.15.0.la27_09,22,1183.0,1345.0,1264.0
next_TS,next,TS,F0.15.0.la27_09,23,1178.0,1333.0,1255.5
next_TS,next,TS,F0.15.0.la27_09,24,1183.0,1345.0,1264.0
next_TS,next,TS,F0.15.0.la27_09,25,1173.0,1335.0,1254.0
next_TS,next,TS,F0.15.0.la27_09,26,1179.0,1333.0,1256.0
next_TS,next,TS,F0.15.0.la27_09,27,1183.0,1345.0,1264.0
next_TS,next,TS,F0.15.0.la27_09,28,1183.0,1345.0,1264.0
next_TS,next,TS,F0.15.0.la27_09,29,1163.0,1345.0,1254.0
next_TS,next,TS,F0.15.0.la27_09,30,1171.0,1321.0,1246.0
next_TS,next,TS,F0.15.0.la29_03,1,1103.0,1247.0,1175.0
next_TS,next,TS,F0.15.0.la29_03,2,1143.0,1284.0,1213.5
next_TS,next,TS,F0.15.0.la29_03,3,1120.0,1260.0,1190.0
next_TS,next,TS,F0.15.0.la29_03,4,1115.0,1245.0,1180.0
next_TS,next,TS,F0.15.0.la29_03,5,1125.0,1263.0,1194.0
next_TS,next,TS,F0.15.0.la29_03,6,1106.0,1260.0,1183.0
next_TS,next,TS,F0.15.0.la29_03,7,1125.0,1262.0,1193.5
next_TS,next,TS,F0.15.0.la29_03,8,1128.0,1266.0,1197.0
next_TS,next,TS,F0.15.0.la29_03,9,1105.0,1243.0,1174.0
next_TS,next,TS,F0.15.0.la29_03,10,1130.0,1258.0,1194.0
next_TS,next,TS,F0.15.0.la29_03,11,1119.0,1256.0,1187.5
next_TS,next,TS,F0.15.0.la29_03,12,1138.0,1272.0,1205.0
next_TS,next,TS,F0.15.0.la29_03,13,1099.0,1265.0,1182.0
next_TS,next,TS,F0.15.0.la29_03,14,1103.0,1247.0,1175.0
next_TS,next,TS,F0.15.0.la29_03,15,1106.0,1253.0,1179.5
next_TS,next,TS,F0.15.0.la29_03,16,1117.0,1258.0,1187.5
next_TS,next,TS,F0.15.0.la29_03,17,1128.0,1267.0,1197.5
next_TS,next,TS,F0.15.0.la29_03,18,1114.0,1247.0,1180.5
next_TS,next,TS,F0.15.0.la29_03,19,1146.0,1253.0,1199.5
next_TS,next,TS,F0.15.0.la29_03,20,1106.0,1256.0,1181.0
next_TS,next,TS,F0.15.0.la29_03,21,1132.0,1270.0,1201.0
next_TS,next,TS,F0.15.0.la29_03,22,1123.0,1268.0,1195.5
next_TS,next,TS,F0.15.0.la29_03,23,1107.0,1260.0,1183.5
next_TS,next,TS,F0.15.0.la29_03,24,1103.0,1252.0,1177.5
next_TS,next,TS,F0.15.0.la29_03,25,1139.0,1281.0,1210.0
next_TS,next,TS,F0.15.0.la29_03,26,1112.0,1249.0,1180.5
next_TS,next,TS,F0.15.0.la29_03,27,1109.0,1262.0,1185.5
next_TS,next,TS,F0.15.0.la29_03,28,1128.0,1254.0,1191.0
next_TS,next,TS,F0.15.0.la29_03,29,1103.0,1256.0,1179.5
next_TS,next,TS,F0.15.0.la29_03,30,1103.0,1250.0,1176.5
next_TS,next,TS,F0.15.0.la38_06,1,1140.0,1289.0,1214.5
next_TS,next,TS,F0.15.0.la38_06,2,1142.0,1279.0,1210.5
next_TS,next,TS,F0.15.0.la38_06,3,1187.0,1295.0,1241.0
next_TS,next,TS,F0.15.0.la38_06,4,1149.0,1290.0,1219.5
next_TS,next,TS,F0.15.0.la38_06,5,1187.0,1293.0,1240.0
next_TS,next,TS,F0.15.0.la38_06,6,1151.0,1306.0,1228.5
next_TS,next,TS,F0.15.0.la38_06,7,1140.0,1289.0,1214.5
next_TS,next,TS,F0.15.0.la38_06,8,1165.0,1318.0,1241.5
next_TS,next,TS,F0.15.0.la38_06,9,1142.0,1279.0,1210.5
next_TS,next,TS,F0.15.0.la38_06,10,1140.0,1289.0,1214.5
next_TS,next,TS,F0.15.0.la38_06,11,1140.0,1289.0,1214.5
next_TS,next,TS,F0.15.0.la38_06,12,1144.0,1295.0,1219.5
next_TS,next,TS,F0.15.0.la38_06,13,1140.0,1289.0,1214.5
next_TS,next,TS,F0.15.0.la38_06,14,1142.0,1279.0,1210.5
next_TS,next,TS,F0.15.0.la38_06,15,1142.0,1279.0,1210.5
next_TS,next,TS,F0.15.0.la38_06,16,1140.0,1289.0,1214.5
next_TS,next,TS,F0.15.0.la38_06,17,1140.0,1289.0,1214.5
next_TS,next,TS,F0.15.0.la38_06,18,1150.0,1306.0,1228.0
next_TS,next,TS,F0.15.0.la38_06,19,1126.0,1283.0,1204.5
next_TS,next,TS,F0.15.0.la38_06,20,1170.0,1290.0,1230.0
next_TS,next,TS,F0.15.0.la38_06,21,1142.0,1279.0,1210.5
next_TS,next,TS,F0.15.0.la38_06,22,1140.0,1289.0,1214.5
next_TS,next,TS,F0.15.0.la38_06,23,1144.0,1295.0,1219.5
next_TS,next,TS,F0.15.0.la38_06,24,1140.0,1289.0,1214.5
next_TS,next,TS,F0.15.0.la38_06,25,1140.0,1289.0,1214.5
next_TS,next,TS,F0.15.0.la38_06,26,1142.0,1279.0,1210.5
next_TS,next,TS,F0.15.0.la38_06,27,1140.0,1289.0,1214.5
next_TS,next,TS,F0.15.0.la38_06,28,1156.0,1308.0,1232.0
next_TS,next,TS,F0.15.0.la38_06,29,1142.0,1279.0,1210.5
next_TS,next,TS,F0.15.0.la38_06,30,1149.0,1285.0,1217.0
next_TS,next,TS,F0.15.0.la40_05,1,1144.0,1323.0,1233.5
next_TS,next,TS,F0.15.0.la40_05,2,1144.0,1323.0,1233.5
next_TS,next,TS,F0.15.0.la40_05,3,1156.0,1313.0,1234.5
next_TS,next,TS,F0.15.0.la40_05,4,1144.0,1323.0,1233.5
next_TS,next,TS,F0.15.0.la40_05,5,1144.0,1323.0,1233.5
next_TS,next,TS,F0.15.0.la40_05,6,1144.0,1323.0,1233.5
next_TS,next,TS,F0.15.0.la40_05,7,1145.0,1328.0,1236.5
next_TS,next,TS,F0.15.0.la40_05,8,1144.0,1328.0,1236.0
next_TS,next,TS,F0.15.0.la40_05,9,1144.0,1323.0,1233.5
next_TS,next,TS,F0.15.0.la40_05,10,1144.0,1323.0,1233.5
next_TS,next,TS,F0.15.0.la40_05,11,1180.0,1330.0,1255.0
next_TS,next,TS,F0.15.0.la40_05,12,1144.0,1323.0,1233.5
next_TS,next,TS,F0.15.0.la40_05,13,1144.0,1328.0,1236.0
next_TS,next,TS,F0.15.0.la40_05,14,1144.0,1323.0,1233.5
next_TS,next,TS,F0.15.0.la40_05,15,1144.0,1323.0,1233.5
next_TS,next,TS,F0.15.0.la40_05,16,1145.0,1316.0,1230.5
next_TS,next,TS,F0.15.0.la40_05,17,1144.0,1323.0,1233.5
next_TS,next,TS,F0.15.0.la40_05,18,1144.0,1323.0,1233.5
next_TS,next,TS,F0.15.0.la40_05,19,1173.0,1323.0,1248.0
next_TS,next,TS,F0.15.0.la40_05,20,1163.0,1324.0,1243.5
next_TS,next,TS,F0.15.0.la40_05,21,1146.0,1313.0,1229.5
next_TS,next,TS,F0.15.0.la40_05,22,1144.0,1323.0,1233.5
next_TS,next,TS,F0.15.0.la40_05,23,1144.0,1323.0,1233.5
next_TS,next,TS,F0.15.0.la40_05,24,1144.0,1323.0,1233.5
next_TS,next,TS,F0.15.0.la40_05,25,1144.0,1323.0,1233.5
next_TS,next,TS,F0.15.0.la40_05,26,1144.0,1327.0,1235.5
next_TS,next,TS,F0.15.0.la40_05,27,1144.0,1328.0,1236.0
next_TS,next,TS,F0.15.0.la40_05,28,1174.0,1332.0,1253.0
next_TS,next,TS,F0.15.0.la40_05,29,1144.0,1323.0,1233.5
next_TS,next,TS,F0.15.0.la40_05,30,1144.0,1323.0,1233.5
next_TS,next,TS,tai15_15_01.F.15_01,1,1189.0,1341.0,1265.0
next_TS,next,TS,tai15_15_01.F.15_01,2,1169.0,1332.0,1250.5
next_TS,next,TS,tai15_15_01.F.15_01,3,1175.0,1332.0,1253.5
next_TS,next,TS,tai15_15_01.F.15_01,4,1175.0,1332.0,1253.5
next_TS,next,TS,tai15_15_01.F.15_01,5,1169.0,1332.0,1250.5
next_TS,next,TS,tai15_15_01.F.15_01,6,1175.0,1332.0,1253.5
next_TS,next,TS,tai15_15_01.F.15_01,7,1175.0,1332.0,1253.5
next_TS,next,TS,tai15_15_01.F.15_01,8,1162.0,1353.0,1257.5
next_TS,next,TS,tai15_15_01.F.15_01,9,1175.0,1332.0,1253.5
next_TS,next,TS,tai15_15_01.F.15_01,10,1175.0,1332.0,1253.5
next_TS,next,TS,tai15_15_01.F.15_01,11,1167.0,1350.0,1258.5
next_TS,next,TS,tai15_15_01.F.15_01,12,1175.0,1332.0,1253.5
next_TS,next,TS,tai15_15_01.F.15_01,13,1175.0,1332.0,1253.5
next_TS,next,TS,tai15_15_01.F.15_01,14,1175.0,1332.0,1253.5
next_TS,next,TS,tai15_15_01.F.15_01,15,1175.0,1332.0,1253.5
next_TS,next,TS,tai15_15_01.F.15_01,16,1195.0,1348.0,1271.5
next_TS,next,TS,tai15_15_01.F.15_01,17,1149.0,1344.0,1246.5
next_TS,next,TS,tai15_15_01.F.15_01,18,1205.0,1349.0,1277.0
next_TS,next,TS,tai15_15_01.F.15_01,19,1175.0,1332.0,1253.5
next_TS,next,TS,tai15_15_01.F.15_01,20,1174.0,1351.0,1262.5
next_TS,next,TS,tai15_15_01.F.15_01,21,1179.0,1358.0,1268.5
next_TS,next,TS,tai15_15_01.F.15_01,22,1172.0,1351.0,1261.5
next_TS,next,TS,tai15_15_01.F.15_01,23,1175.0,1332.0,1253.5
next_TS,next,TS,tai15_15_01.F.15_01,24,1175.0,1332.0,1253.5
next_TS,next,TS,tai15_15_01.F.15_01,25,1179.0,1348.0,1263.5
next_TS,next,TS,tai15_15_01.F.15_01,26,1175.0,1332.0,1253.5
next_TS,next,TS,tai15_15_01.F.15_01,27,1175.0,1332.0,1253.5
next_TS,next,TS,tai15_15_01.F.15_01,28,1169.0,1332.0,1250.5
next_TS,next,TS,tai15_15_01.F.15_01,29,1149.0,1344.0,1246.5
next_TS,next,TS,tai15_15_01.F.15_01,30,1175.0,1332.0,1253.5
next_TS,next,TS,tai15_15_02.F.15_01,1,1184.0,1337.0,1260.5
next_TS,next,TS,tai15_15_02.F.15_01,2,1178.0,1361.0,1269.5
next_TS,next,TS,tai15_15_02.F.15_01,3,1184.0,1337.0,1260.5
next_TS,next,TS,tai15_15_02.F.15_01,4,1199.0,1366.0,1282.5
next_TS,next,TS,tai15_15_02.F.15_01,5,1184.0,1337.0,1260.5
next_TS,next,TS,tai15_15_02.F.15_01,6,1184.0,1337.0,1260.5
next_TS,next,TS,tai15_15_02.F.15_01,7,1185.0,1346.0,1265.5
next_TS,next,TS,tai15_15_02.F.15_01,8,1197.0,1362.0,1279.5
next_TS,next,TS,tai15_15_02.F.15_01,9,1176.0,1351.0,1263.5
next_TS,next,TS,tai15_15_02.F.15_01,10,1183.0,1349.0,1266.0
next_TS,next,TS,tai15_15_02.F.15_01,11,1183.0,1349.0,1266.0
next_TS,next,TS,tai15_15_02.F.15_01,12,1172.0,1351.0,1261.5
next_TS,next,TS,tai15_15_02.F.15_01,13,1184.0,1337.0,1260.5
next_TS,next,TS,tai15_15_02.F.15_01,14,1178.0,1361.0,1269.5
next_TS,next,TS,tai15_15_02.F.15_01,15,1180.0,1360.0,1270.0
next_TS,next,TS,tai15_15_02.F.15_01,16,1188.0,1337.0,1262.5
next_TS,next,TS,tai15_15_02.F.15_01,17,1183.0,1349.0,1266.0
next_TS,next,TS,tai15_15_02.F.15_01,18,1172.0,1351.0,1261.5
next_TS,next,TS,tai15_15_02.F.15_01,19,1184.0,1337.0,1260.5
next_TS,next,TS,tai15_15_02.F.15_01,20,1184.0,1337.0,1260.5
next_TS,next,TS,tai15_15_02.F.15_01,21,1184.0,1337.0,1260.5
next_TS,next,TS,tai15_15_02.F.15_01,22,1178.0,1361.0,1269.5
next_TS,next,TS,tai15_15_02.F.15_01,23,1189.0,1353.0,1271.0
next_TS,next,TS,tai15_15_02.F.15_01,24,1175.0,1352.0,1263.5
next_TS,next,TS,tai15_15_02.F.15_01,25,1178.0,1361.0,1269.5
next_TS,next,TS,tai15_15_02.F.15_01,26,1184.0,1337.0,1260.5
next_TS,next,TS,tai15_15_02.F.15_01,27,1189.0,1353.0,1271.0
next_TS,next,TS,tai15_15_02.F.15_01,28,1176.0,1351.0,1263.5
next_TS,next,TS,tai15_15_02.F.15_01,29,1172.0,1351.0,1261.5
next_TS,next,TS,tai15_15_02.F.15_01,30,1185.0,1363.0,1274.0
next_TS,next,TS,tai15_15_03.F.15_01,1,1178.0,1300.0,1239.0
next_TS,next,TS,tai15_15_03.F.15_01,2,1202.0,1314.0,1258.0
next_TS,next,TS,tai15_15_03.F.15_01,3,1167.0,1319.0,1243.0
next_TS,next,TS,tai15_15_03.F.15_01,4,1173.0,1312.0,1242.5
next_TS,next,TS,tai15_15_03.F.15_01,5,1183.0,1308.0,1245.5
next_TS,next,TS,tai15_15_03.F.15_01,6,1165.0,1323.0,1244.0
next_TS,next,TS,tai15_15_03.F.15_01,7,1178.0,1300.0,1239.0
next_TS,next,TS,tai15_15_03.F.15_01,8,1183.0,1323.0,1253.0
next_TS,next,TS,tai15_15_03.F.15_01,9,1173.0,1317.0,1245.0
next_TS,next,TS,tai15_15_03.F.15_01,10,1161.0,1327.0,1244.0
next_TS,next,TS,tai15_15_03.F.15_01,11,1173.0,1317.0,1245.0
next_TS,next,TS,tai15_15_03.F.15_01,12,1182.0,1310.0,1246.0
next_TS,next,TS,tai15_15_03.F.15_01,13,1167.0,1308.0,1237.5
next_TS,next,TS,tai15_15_03.F.15_01,14,1162.0,1309.0,1235.5
next_TS,next,TS,tai15_15_03.F.15_01,15,1167.0,1319.0,1243.0
next_TS,next,TS,tai15_15_03.F.15_01,16,1187.0,1312.0,1249.5
next_TS,next,TS,tai15_15_03.F.15_01,17,1178.0,1313.0,1245.5
next_TS,next,TS,tai15_15_03.F.15_01,18,1167.0,1329.0,1248.0
next_TS,next,TS,tai15_15_03.F.15_01,19,1160.0,1308.0,1234.0
next_TS,next,TS,tai15_15_03.F.15_01,20,1167.0,1329.0,1248.0
next_TS,next,TS,tai15_15_03.F.15_01,21,1173.0,1312.0,1242.5
next_TS,next,TS,tai15_15_03.F.15_01,22,1173.0,1312.0,1242.5
next_TS,next,TS,tai15_15_03.F.15_01,23,1183.0,1308.0,1245.5
next_TS,next,TS,tai15_15_03.F.15_01,24,1183.0,1357.0,1270.0
next_TS,next,TS,tai15_15_03.F.15_01,25,1173.0,1317.0,1245.0
next_TS,next,TS,tai15_15_03.F.15_01,26,1162.0,1309.0,1235.5
next_TS,next,TS,tai15_15_03.F.15_01,27,1178.0,1300.0,1239.0
next_TS,next,TS,tai15_15_03.F.15_01,28,1173.0,1312.0,1242.5
next_TS,next,TS,tai15_15_03.F.15_01,29,1173.0,1312.0,1242.5
next_TS,next,TS,tai15_15_03.F.15_01,30,1183.0,1315.0,1249.0
next_TS,next,TS,tai15_15_04.F.15_01,1,1099.0,1273.0,1186.0
next_TS,next,TS,tai15_15_04.F.15_01,2,1099.0,1273.0,1186.0
next_TS,next,TS,tai15_15_04.F.15_01,3,1099.0,1273.0,1186.0
next_TS,next,TS,tai15_15_04.F.15_01,4,1083.0,1275.0,1179.0
next_TS,next,TS,tai15_15_04.F.15_01,5,1109.0,1275.0,1192.0
next_TS,next,TS,tai15_15_04.F.15_01,6,1099.0,1273.0,1186.0
next_TS,next,TS,tai15_15_04.F.15_01,7,1107.0,1279.0,1193.0
next_TS,next,TS,tai15_15_04.F.15_01,8,1116.0,1277.0,1196.5
next_TS,next,TS,tai15_15_04.F.15_01,9,1128.0,1281.0,1204.5
next_TS,next,TS,tai15_15_04.F.15_01,10,1128.0,1281.0,1204.5
next_TS,next,TS,tai15_15_04.F.15_01,11,1107.0,1279.0,1193.0
next_TS,next,TS,tai15_15_04.F.15_01,12,1099.0,1273.0,1186.0
next_TS,next,TS,tai15_15_04.F.15_01,13,1128.0,1281.0,1204.5
next_TS,next,TS,tai15_15_04.F.15_01,14,1115.0,1281.0,1198.0
next_TS,next,TS,tai15_15_04.F.15_01,15,1107.0,1276.0,1191.5
next_TS,next,TS,tai15_15_04.F.15_01,16,1099.0,1273.0,1186.0
next_TS,next,TS,tai15_15_04.F.15_01,17,1107.0,1273.0,1190.0
next_TS,next,TS,tai15_15_04.F.15_01,18,1115.0,1281.0,1198.0
next_TS,next,TS,tai15_15_04.F.15_01,19,1099.0,1273.0,1186.0
next_TS,next,TS,tai15_15_04.F.15_01,20,1128.0,1281.0,1204.5
next_TS,next,TS,tai15_15_04.F.15_01,21,1109.0,1280.0,1194.5
next_TS,next,TS,tai15_15_04.F.15_01,22,1116.0,1277.0,1196.5
next_TS,next,TS,tai15_15_04.F.15_01,23,1099.0,1273.0,1186.0
next_TS,next,TS,tai15_15_04.F.15_01,24,1099.0,1275.0,1187.0
next_TS,next,TS,tai15_15_04.F.15_01,25,1116.0,1277.0,1196.5
next_TS,next,TS,tai15_15_04.F.15_01,26,1125.0,1279.0,1202.0
next_TS,next,TS,tai15_15_04.F.15_01,27,1099.0,1275.0,1187.0
next_TS,next,TS,tai15_15_04.F.15_01,28,1131.0,1295.0,1213.0
next_TS,next,TS,tai15_15_04.F.15_01,29,1102.0,1274.0,1188.0
next_TS,next,TS,tai15_15_04.F.15_01,30,1137.0,1308.0,1222.5
next_TS,next,TS,tai15_15_05.F.15_01,1,1173.0,1327.0,1250.0
next_TS,next,TS,tai15_15_05.F.15_01,2,1177.0,1335.0,1256.0
next_TS,next,TS,tai15_15_05.F.15_01,3,1184.0,1331.0,1257.5
next_TS,next,TS,tai15_15_05.F.15_01,4,1180.0,1332.0,1256.0
next_TS,next,TS,tai15_15_05.F.15_01,5,1193.0,1309.0,1251.0
next_TS,next,TS,tai15_15_05.F.15_01,6,1169.0,1317.0,1243.0
next_TS,next,TS,tai15_15_05.F.15_01,7,1193.0,1309.0,1251.0
next_TS,next,TS,tai15_15_05.F.15_01,8,1183.0,1327.0,1255.0
next_TS,next,TS,tai15_15_05.F.15_01,9,1193.0,1309.0,1251.0
next_TS,next,TS,tai15_15_05.F.15_01,10,1184.0,1331.0,1257.5
next_TS,next,TS,tai15_15_05.F.15_01,11,1172.0,1324.0,1248.0
next_TS,next,TS,tai15_15_05.F.15_01,12,1193.0,1309.0,1251.0
next_TS,next,TS,tai15_15_05.F.15_01,13,1193.0,1309.0,1251.0
next_TS,next,TS,tai15_15_05.F.15_01,14,1193.0,1309.0,1251.0
next_TS,next,TS,tai15_15_05.F.15_01,15,1193.0,1309.0,1251.0
next_TS,next,TS,tai15_15_05.F.15_01,16,1169.0,1317.0,1243.0
next_TS,next,TS,tai15_15_05.F.15_01,17,1193.0,1309.0,1251.0
next_TS,next,TS,tai15_15_05.F.15_01,18,1185.0,1330.0,1257.5
next_TS,next,TS,tai15_15_05.F.15_01,19,1193.0,1309.0,1251.0
next_TS,next,TS,tai15_15_05.F.15_01,20,1193.0,1309.0,1251.0
next_TS,next,TS,tai15_15_05.F.15_01,21,1184.0,1331.0,1257.5
next_TS,next,TS,tai15_15_05.F.15_01,22,1183.0,1327.0,1255.0
next_TS,next,TS,tai15_15_05.F.15_01,23,1193.0,1309.0,1251.0
next_TS,next,TS,tai15_15_05.F.15_01,24,1177.0,1329.0,1253.0
next_TS,next,TS,tai15_15_05.F.15_01,25,1177.0,1325.0,1251.0
next_TS,next,TS,tai15_15_05.F.15_01,26,1161.0,1322.0,1241.5
next_TS,next,TS,tai15_15_05.F.15_01,27,1181.0,1323.0,1252.0
next_TS,next,TS,tai15_15_05.F.15_01,28,1169.0,1317.0,1243.0
next_TS,next,TS,tai15_15_05.F.15_01,29,1183.0,1327.0,1255.0
next_TS,next,TS,tai15_15_05.F.15_01,30,1204.0,1331.0,1267.5
next_TS,next,TS,tai15_15_06.F.15_01,1,1195.0,1336.0,1265.5
next_TS,next,TS,tai15_15_06.F.15_01,2,1189.0,1326.0,1257.5
next_TS,next,TS,tai15_15_06.F.15_01,3,1194.0,1348.0,1271.0
next_TS,next,TS,tai15_15_06.F.15_01,4,1187.0,1349.0,1268.0
next_TS,next,TS,tai15_15_06.F.15_01,5,1178.0,1338.0,1258.0
next_TS,next,TS,tai15_15_06.F.15_01,6,1178.0,1340.0,1259.0
next_TS,next,TS,tai15_15_06.F.15_01,7,1185.0,1333.0,1259.0
next_TS,next,TS,tai15_15_06.F.15_01,8,1204.0,1341.0,1272.5
next_TS,next,TS,tai15_15_06.F.15_01,9,1181.0,1346.0,1263.5
next_TS,next,TS,tai15_15_06.F.15_01,10,1178.0,1338.0,1258.0
next_TS,next,TS,tai15_15_06.F.15_01,11,1207.0,1355.0,1281.0
next_TS,next,TS,tai15_15_06.F.15_01,12,1226.0,1342.0,1284.0
next_TS,next,TS,tai15_15_06.F.15_01,13,1182.0,1338.0,1260.0
next_TS,next,TS,tai15_15_06.F.15_01,14,1182.0,1338.0,1260.0
next_TS,next,TS,tai15_15_06.F.15_01,15,1194.0,1340.0,1267.0
next_TS,next,TS,tai15_15_06.F.15_01,16,1180.0,1343.0,1261.5
next_TS,next,TS,tai15_15_06.F.15_01,17,1178.0,1359.0,1268.5
next_TS,next,TS,tai15_15_06.F.15_01,18,1180.0,1343.0,1261.5
next_TS,next,TS,tai15_15_06.F.15_01,19,1194.0,1348.0,1271.0
next_TS,next,TS,tai15_15_06.F.15_01,20,1182.0,1335.0,1258.5
next_TS,next,TS,tai15_15_06.F.15_01,21,1177.0,1345.0,1261.0
next_TS,next,TS,tai15_15_06.F.15_01,22,1182.0,1338.0,1260.0
next_TS,next,TS,tai15_15_06.F.15_01,23,1182.0,1338.0,1260.0
next_TS,next,TS,tai15_15_06.F.15_01,24,1185.0,1333.0,1259.0
next_TS,next,TS,tai15_15_06.F.15_01,25,1201.0,1345.0,1273.0
next_TS,next,TS,tai15_15_06.F.15_01,26,1178.0,1342.0,1260.0
next_TS,next,TS,tai15_15_06.F.15_01,27,1180.0,1343.0,1261.5
next_TS,next,TS,tai15_15_06.F.15_01,28,1182.0,1338.0,1260.0
next_TS,next,TS,tai15_15_06.F.15_01,29,1208.0,1348.0,1278.0
next_TS,next,TS,tai15_15_06.F.15_01,30,1238.0,1358.0,1298.0
next_TS,next,TS,tai15_15_07.F.15_01,1,1147.0,1322.0,1234.5
next_TS,next,TS,tai15_15_07.F.15_01,2,1160.0,1324.0,1242.0
next_TS,next,TS,tai15_15_07.F.15_01,3,1147.0,1322.0,1234.5
next_TS,next,TS,tai15_15_07.F.15_01,4,1168.0,1329.0,1248.5
next_TS,next,TS,tai15_15_07.F.15_01,5,1165.0,1339.0,1252.0
next_TS,next,TS,tai15_15_07.F.15_01,6,1147.0,1322.0,1234.5
next_TS,next,TS,tai15_15_07.F.15_01,7,1147.0,1322.0,1234.5
next_TS,next,TS,tai15_15_07.F.15_01,8,1186.0,1340.0,1263.0
next_TS,next,TS,tai15_15_07.F.15_01,9,1160.0,1324.0,1242.0
next_TS,next,TS,tai15_15_07.F.15_01,10,1164.0,1346.0,1255.0
next_TS,next,TS,tai15_15_07.F.15_01,11,1178.0,1342.0,1260.0
next_TS,next,TS,tai15_15_07.F.15_01,12,1164.0,1346.0,1255.0
next_TS,next,TS,tai15_15_07.F.15_01,13,1186.0,1340.0,1263.0
next_TS,next,TS,tai15_15_07.F.15_01,14,1153.0,1335.0,1244.0
next_TS,next,TS,tai15_15_07.F.15_01,15,1186.0,1340.0,1263.0
next_TS,next,TS,tai15_15_07.F.15_01,16,1170.0,1330.0,1250.0
next_TS,next,TS,tai15_15_07.F.15_01,17,1202.0,1349.0,1275.5
next_TS,next,TS,tai15_15_07.F.15_01,18,1186.0,1340.0,1263.0
next_TS,next,TS,tai15_15_07.F.15_01,19,1147.0,1322.0,1234.5
next_TS,next,TS,tai15_15_07.F.15_01,20,1167.0,1331.0,1249.0
next_TS,next,TS,tai15_15_07.F.15_01,21,1174.0,1344.0,1259.0
next_TS,next,TS,tai15_15_07.F.15_01,22,1178.0,1342.0,1260.0
next_TS,next,TS,tai15_15_07.F.15_01,23,1177.0,1344.0,1260.5
next_TS,next,TS,tai15_15_07.F.15_01,24,1160.0,1324.0,1242.0
next_TS,next,TS,tai15_15_07.F.15_01,25,1178.0,1342.0,1260.0
next_TS,next,TS,tai15_15_07.F.15_01,26,1147.0,1322.0,1234.5
next_TS,next,TS,tai15_15_07.F.15_01,27,1147.0,1322.0,1234.5
next_TS,next,TS,tai15_15_07.F.15_01,28,1178.0,1343.0,1260.5
next_TS,next,TS,tai15_15_07.F.15_01,29,1164.0,1344.0,1254.0
next_TS,next,TS,tai15_15_07.F.15_01,30,1172.0,1342.0,1257.0
next_TS,next,TS,tai15_15_08.F.15_01,1,1192.0,1329.0,1260.5
next_TS,next,TS,tai15_15_08.F.15_01,2,1182.0,1312.0,1247.0
next_TS,next,TS,tai15_15_08.F.15_01,3,1182.0,1312.0,1247.0
next_TS,next,TS,tai15_15_08.F.15_01,4,1225.0,1339.0,1282.0
next_TS,next,TS,tai15_15_08.F.15_01,5,1182.0,1312.0,1247.0
next_TS,next,TS,tai15_15_08.F.15_01,6,1182.0,1312.0,1247.0
next_TS,next,TS,tai15_15_08.F.15_01,7,1168.0,1313.0,1240.5
next_TS,next,TS,tai15_15_08.F.15_01,8,1182.0,1312.0,1247.0
next_TS,next,TS,tai15_15_08.F.15_01,9,1182.0,1312.0,1247.0
next_TS,next,TS,tai15_15_08.F.15_01,10,1168.0,1313.0,1240.5
next_TS,next,TS,tai15_15_08.F.15_01,11,1168.0,1313.0,1240.5
next_TS,next,TS,tai15_15_08.F.15_01,12,1182.0,1312.0,1247.0
next_TS,next,TS,tai15_15_08.F.15_01,13,1168.0,1313.0,1240.5
next_TS,next,TS,tai15_15_08.F.15_01,14,1168.0,1313.0,1240.5
next_TS,next,TS,tai15_15_08.F.15_01,15,1168.0,1313.0,1240.5
next_TS,next,TS,tai15_15_08.F.15_01,16,1159.0,1328.0,1243.5
next_TS,next,TS,tai15_15_08.F.15_01,17,1182.0,1312.0,1247.0
next_TS,next,TS,tai15_15_08.F.15_01,18,1182.0,1312.0,1247.0
next_TS,next,TS,tai15_15_08.F.15_01,19,1168.0,1313.0,1240.5
next_TS,next,TS,tai15_15_08.F.15_01,20,1182.0,1312.0,1247.0
next_TS,next,TS,tai15_15_08.F.15_01,21,1159.0,1316.0,1237.5
next_TS,next,TS,tai15_15_08.F.15_01,22,1182.0,1312.0,1247.0
next_TS,next,TS,tai15_15_08.F.15_01,23,1182.0,1312.0,1247.0
next_TS,next,TS,tai15_15_08.F.15_01,24,1168.0,1313.0,1240.5
next_TS,next,TS,tai15_15_08.F.15_01,25,1175.0,1315.0,1245.0
next_TS,next,TS,tai15_15_08.F.15_01,26,1197.0,1335.0,1266.0
next_TS,next,TS,tai15_15_08.F.15_01,27,1203.0,1328.0,1265.5
next_TS,next,TS,tai15_15_08.F.15_01,28,1182.0,1312.0,1247.0
next_TS,next,TS,tai15_15_08.F.15_01,29,1182.0,1312.0,1247.0
next_TS,next,TS,tai15_15_08.F.15_01,30,1159.0,1316.0,1237.5
next_TS,next,TS,tai15_15_09.F.15_01,1,1222.0,1407.0,1314.5
next_TS,next,TS,tai15_15_09.F.15_01,2,1218.0,1397.0,1307.5
next_TS,next,TS,tai15_15_09.F.15_01,3,1223.0,1404.0,1313.5
next_TS,next,TS,tai15_15_09.F.15_01,4,1218.0,1397.0,1307.5
next_TS,next,TS,tai15_15_09.F.15_01,5,1218.0,1397.0,1307.5
next_TS,next,TS,tai15_15_09.F.15_01,6,1232.0,1422.0,1327.0
next_TS,next,TS,tai15_15_09.F.15_01,7,1218.0,1397.0,1307.5
next_TS,next,TS,tai15_15_09.F.15_01,8,1217.0,1423.0,1320.0
next_TS,next,TS,tai15_15_09.F.15_01,9,1218.0,1414.0,1316.0
next_TS,next,TS,tai15_15_09.F.15_01,10,1232.0,1422.0,1327.0
next_TS,next,TS,tai15_15_09.F.15_01,11,1218.0,1397.0,1307.5
next_TS,next,TS,tai15_15_09.F.15_01,12,1218.0,1397.0,1307.5
next_TS,next,TS,tai15_15_09.F.15_01,13,1203.0,1412.0,1307.5
next_TS,next,TS,tai15_15_09.F.15_01,14,1226.0,1422.0,1324.0
next_TS,next,TS,tai15_15_09.F.15_01,15,1203.0,1412.0,1307.5
next_TS,next,TS,tai15_15_09.F.15_01,16,1218.0,1397.0,1307.5
next_TS,next,TS,tai15_15_09.F.15_01,17,1226.0,1422.0,1324.0
next_TS,next,TS,tai15_15_09.F.15_01,18,1212.0,1396.0,1304.0
next_TS,next,TS,tai15_15_09.F.15_01,19,1218.0,1397.0,1307.5
next_TS,next,TS,tai15_15_09.F.15_01,20,1217.0,1411.0,1314.0
next_TS,next,TS,tai15_15_09.F.15_01,21,1232.0,1422.0,1327.0
next_TS,next,TS,tai15_15_09.F.15_01,22,1244.0,1420.0,1332.0
next_TS,next,TS,tai15_15_09.F.15_01,23,1203.0,1412.0,1307.5
next_TS,next,TS,tai15_15_09.F.15_01,24,1205.0,1412.0,1308.5
next_TS,next,TS,tai15_15_09.F.15_01,25,1204.0,1412.0,1308.0
next_TS,next,TS,tai15_15_09.F.15_01,26,1218.0,1397.0,1307.5
next_TS,next,TS,tai15_15_09.F.15_01,27,1218.0,1397.0,1307.5
next_TS,next,TS,tai15_15_09.F.15_01,28,1218.0,1397.0,1307.5
next_TS,next,TS,tai15_15_09.F.15_01,29,1218.0,1397.0,1307.5
next_TS,next,TS,tai15_15_09.F.15_01,30,1244.0,1420.0,1332.0
next_TS,next,TS,tai15_15_10.F.15_01,1,1198.0,1358.0,1278.0
next_TS,next,TS,tai15_15_10.F.15_01,2,1196.0,1353.0,1274.5
next_TS,next,TS,tai15_15_10.F.15_01,3,1176.0,1348.0,1262.0
next_TS,next,TS,tai15_15_10.F.15_01,4,1163.0,1325.0,1244.0
next_TS,next,TS,tai15_15_10.F.15_01,5,1163.0,1325.0,1244.0
next_TS,next,TS,tai15_15_10.F.15_01,6,1222.0,1361.0,1291.5
next_TS,next,TS,tai15_15_10.F.15_01,7,1195.0,1374.0,1284.5
next_TS,next,TS,tai15_15_10.F.15_01,8,1197.0,1361.0,1279.0
next_TS,next,TS,tai15_15_10.F.15_01,9,1210.0,1362.0,1286.0
next_TS,next,TS,tai15_15_10.F.15_01,10,1216.0,1376.0,1296.0
next_TS,next,TS,tai15_15_10.F.15_01,11,1197.0,1361.0,1279.0
next_TS,next,TS,tai15_15_10.F.15_01,12,1197.0,1361.0,1279.0
next_TS,next,TS,tai15_15_10.F.15_01,13,1201.0,1363.0,1282.0
next_TS,next,TS,tai15_15_10.F.15_01,14,1165.0,1349.0,1257.0
next_TS,next,TS,tai15_15_10.F.15_01,15,1164.0,1325.0,1244.5
next_TS,next,TS,tai15_15_10.F.15_01,16,1176.0,1348.0,1262.0
next_TS,next,TS,tai15_15_10.F.15_01,17,1201.0,1363.0,1282.0
next_TS,next,TS,tai15_15_10.F.15_01,18,1216.0,1362.0,1289.0
next_TS,next,TS,tai15_15_10.F.15_01,19,1197.0,1361.0,1279.0
next_TS,next,TS,tai15_15_10.F.15_01,20,1197.0,1361.0,1279.0
next_TS,next,TS,tai15_15_10.F.15_01,21,1163.0,1325.0,1244.0
next_TS,next,TS,tai15_15_10.F.15_01,22,1197.0,1361.0,1279.0
next_TS,next,TS,tai15_15_10.F.15_01,23,1224.0,1367.0,1295.5
next_TS,next,TS,tai15_15_10.F.15_01,24,1216.0,1359.0,1287.5
next_TS,next,TS,tai15_15_10.F.15_01,25,1199.0,1375.0,1287.0
next_TS,next,TS,tai15_15_10.F.15_01,26,1197.0,1361.0,1279.0
next_TS,next,TS,tai15_15_10.F.15_01,27,1215.0,1377.0,1296.0
next_TS,next,TS,tai15_15_10.F.15_01,28,1185.0,1342.0,1263.5
next_TS,next,TS,tai15_15_10.F.15_01,29,1216.0,1359.0,1287.5
next_TS,next,TS,tai15_15_10.F.15_01,30,1163.0,1325.0,1244.0
next_TS,next,TS,tai20_15_01.F.15_01,1,1313.0,1512.0,1412.5
next_TS,next,TS,tai20_15_01.F.15_01,2,1325.0,1521.0,1423.0
next_TS,next,TS,tai20_15_01.F.15_01,3,1317.0,1518.0,1417.5
next_TS,next,TS,tai20_15_01.F.15_01,4,1327.0,1529.0,1428.0
next_TS,next,TS,tai20_15_01.F.15_01,5,1307.0,1509.0,1408.0
next_TS,next,TS,tai20_15_01.F.15_01,6,1303.0,1514.0,1408.5
next_TS,next,TS,tai20_15_01.F.15_01,7,1312.0,1515.0,1413.5
next_TS,next,TS,tai20_15_01.F.15_01,8,1319.0,1506.0,1412.5
next_TS,next,TS,tai20_15_01.F.15_01,9,1321.0,1521.0,1421.0
next_TS,next,TS,tai20_15_01.F.15_01,10,1348.0,1508.0,1428.0
next_TS,next,TS,tai20_15_01.F.15_01,11,1322.0,1518.0,1420.0
next_TS,next,TS,tai20_15_01.F.15_01,12,1297.0,1510.0,1403.5
next_TS,next,TS,tai20_15_01.F.15_01,13,1349.0,1530.0,1439.5
next_TS,next,TS,tai20_15_01.F.15_01,14,1287.0,1506.0,1396.5
next_TS,next,TS,tai20_15_01.F.15_01,15,1306.0,1505.0,1405.5
next_TS,next,TS,tai20_15_01.F.15_01,16,1290.0,1514.0,1402.0
next_TS,next,TS,tai20_15_01.F.15_01,17,1325.0,1518.0,1421.5
next_TS,next,TS,tai20_15_01.F.15_01,18,1312.0,1485.0,1398.5
next_TS,next,TS,tai20_15_01.F.15_01,19,1327.0,1497.0,1412.0
next_TS,next,TS,tai20_15_01.F.15_01,20,1322.0,1516.0,1419.0
next_TS,next,TS,tai20_15_01.F.15_01,21,1332.0,1526.0,1429.0
next_TS,next,TS,tai20_15_01.F.15_01,22,1330.0,1522.0,1426.0
next_TS,next,TS,tai20_15_01.F.15_01,23,1318.0,1520.0,1419.0
next_TS,next,TS,tai20_15_01.F.15_01,24,1293.0,1499.0,1396.0
next_TS,next,TS,tai20_15_01.F.15_01,25,1289.0,1492.0,1390.5
next_TS,next,TS,tai20_15_01.F.15_01,26,1328.0,1525.0,1426.5
next_TS,next,TS,tai20_15_01.F.15_01,27,1328.0,1507.0,1417.5
next_TS,next,TS,tai20_15_01.F.15_01,28,1281.0,1497.0,1389.0
next_TS,next,TS,tai20_15_01.F.15_01,29,1320.0,1520.0,1420.0
next_TS,next,TS,tai20_15_01.F.15_01,30,1319.0,1522.0,1420.5
next_TS,next,TS,tai20_15_02.F.15_01,1,1303.0,1511.0,1407.0
next_TS,next,TS,tai20_15_02.F.15_01,2,1303.0,1490.0,1396.5
next_TS,next,TS,tai20_15_02.F.15_01,3,1314.0,1487.0,1400.5
next_TS,next,TS,tai20_15_02.F.15_01,4,1314.0,1487.0,1400.5
next_TS,next,TS,tai20_15_02.F.15_01,5,1298.0,1491.0,1394.5
next_TS,next,TS,tai20_15_02.F.15_01,6,1328.0,1492.0,1410.0
next_TS,next,TS,tai20_15_02.F.15_01,7,1308.0,1502.0,1405.0
next_TS,next,TS,tai20_15_02.F.15_01,8,1296.0,1489.0,1392.5
next_TS,next,TS,tai20_15_02.F.15_01,9,1309.0,1502.0,1405.5
next_TS,next,TS,tai20_15_02.F.15_01,10,1314.0,1487.0,1400.5
next_TS,next,TS,tai20_15_02.F.15_01,11,1309.0,1488.0,1398.5
next_TS,next,TS,tai20_15_02.F.15_01,12,1298.0,1511.0,1404.5
next_TS,next,TS,tai20_15_02.F.15_01,13,1313.0,1506.0,1409.5
next_TS,next,TS,tai20_15_02.F.15_01,14,1295.0,1494.0,1394.5
next_TS,next,TS,tai20_15_02.F.15_01,15,1305.0,1486.0,1395.5
next_TS,next,TS,tai20_15_02.F.15_01,16,1303.0,1495.0,1399.0
next_TS,next,TS,tai20_15_02.F.15_01,17,1305.0,1486.0,1395.5
next_TS,next,TS,tai20_15_02.F.15_01,18,1312.0,1510.0,1411.0
next_TS,next,TS,tai20_15_02.F.15_01,19,1307.0,1486.0,1396.5
next_TS,next,TS,tai20_15_02.F.15_01,20,1305.0,1486.0,1395.5
next_TS,next,TS,tai20_15_02.F.15_01,21,1300.0,1489.0,1394.5
next_TS,next,TS,tai20_15_02.F.15_01,22,1293.0,1492.0,1392.5
next_TS,next,TS,tai20_15_02.F.15_01,23,1308.0,1510.0,1409.0
next_TS,next,TS,tai20_15_02.F.15_01,24,1305.0,1486.0,1395.5
next_TS,next,TS,tai20_15_02.F.15_01,25,1323.0,1497.0,1410.0
next_TS,next,TS,tai20_15_02.F.15_01,26,1317.0,1517.0,1417.0
next_TS,next,TS,tai20_15_02.F.15_01,27,1289.0,1491.0,1390.0
next_TS,next,TS,tai20_15_02.F.15_01,28,1306.0,1512.0,1409.0
next_TS,next,TS,tai20_15_02.F.15_01,29,1334.0,1503.0,1418.5
next_TS,next,TS,tai20_15_02.F.15_01,30,1305.0,1512.0,1408.5
next_TS,next,TS,tai20_15_03.F.15_01,1,1300.0,1503.0,1401.5
next_TS,next,TS,tai20_15_03.F.15_01,2,1303.0,1483.0,1393.0
next_TS,next,TS,tai20_15_03.F.15_01,3,1290.0,1501.0,1395.5
next_TS,next,TS,tai20_15_03.F.15_01,4,1269.0,1469.0,1369.0
next_TS,next,TS,tai20_15_03.F.15_01,5,1291.0,1500.0,1395.5
next_TS,next,TS,tai20_15_03.F.15_01,6,1316.0,1514.0,1415.0
next_TS,next,TS,tai20_15_03.F.15_01,7,1311.0,1482.0,1396.5
next_TS,next,TS,tai20_15_03.F.15_01,8,1335.0,1532.0,1433.5
next_TS,next,TS,tai20_15_03.F.15_01,9,1308.0,1487.0,1397.5
next_TS,next,TS,tai20_15_03.F.15_01,10,1319.0,1510.0,1414.5
next_TS,next,TS,tai20_15_03.F.15_01,11,1332.0,1502.0,1417.0
next_TS,next,TS,tai20_15_03.F.15_01,12,1314.0,1492.0,1403.0
next_TS,next,TS,tai20_15_03.F.15_01,13,1303.0,1491.0,1397.0
next_TS,next,TS,tai20_15_03.F.15_01,14,1292.0,1479.0,1385.5
next_TS,next,TS,tai20_15_03.F.15_01,15,1303.0,1481.0,1392.0
next_TS,next,TS,tai20_15_03.F.15_01,16,1302.0,1498.0,1400.0
next_TS,next,TS,tai20_15_03.F.15_01,17,1311.0,1497.0,1404.0
next_TS,next,TS,tai20_15_03.F.15_01,18,1291.0,1481.0,1386.0
next_TS,next,TS,tai20_15_03.F.15_01,19,1304.0,1484.0,1394.0
next_TS,next,TS,tai20_15_03.F.15_01,20,1323.0,1487.0,1405.0
next_TS,next,TS,tai20_15_03.F.15_01,21,1316.0,1515.0,1415.5
next_TS,next,TS,tai20_15_03.F.15_01,22,1309.0,1489.0,1399.0
next_TS,next,TS,tai20_15_03.F.15_01,23,1314.0,1508.0,1411.0
next_TS,next,TS,tai20_15_03.F.15_01,24,1295.0,1475.0,1385.0
next_TS,next,TS,tai20_15_03.F.15_01,25,1296.0,1489.0,1392.5
next_TS,next,TS,tai20_15_03.F.15_01,26,1303.0,1493.0,1398.0
next_TS,next,TS,tai20_15_03.F.15_01,27,1303.0,1495.0,1399.0
next_TS,next,TS,tai20_15_03.F.15_01,28,1314.0,1492.0,1403.0
next_TS,next,TS,tai20_15_03.F.15_01,29,1288.0,1498.0,1393.0
next_TS,next,TS,tai20_15_03.F.15_01,30,1284.0,1501.0,1392.5
next_TS,next,TS,tai20_15_04.F.15_01,1,1275.0,1446.0,1360.5
next_TS,next,TS,tai20_15_04.F.15_01,2,1306.0,1474.0,1390.0
next_TS,next,TS,tai20_15_04.F.15_01,3,1291.0,1455.0,1373.0
next_TS,next,TS,tai20_15_04.F.15_01,4,1282.0,1450.0,1366.0
next_TS,next,TS,tai20_15_04.F.15_01,5,1276.0,1451.0,1363.5
next_TS,next,TS,tai20_15_04.F.15_01,6,1301.0,1467.0,1384.0
next_TS,next,TS,tai20_15_04.F.15_01,7,1295.0,1462.0,1378.5
next_TS,next,TS,tai20_15_04.F.15_01,8,1279.0,1466.0,1372.5
next_TS,next,TS,tai20_15_04.F.15_01,9,1281.0,1463.0,1372.0
next_TS,next,TS,tai20_15_04.F.15_01,10,1282.0,1450.0,1366.0
next_TS,next,TS,tai20_15_04.F.15_01,11,1282.0,1450.0,1366.0
next_TS,next,TS,tai20_15_04.F.15_01,12,1276.0,1469.0,1372.5
next_TS,next,TS,tai20_15_04.F.15_01,13,1275.0,1451.0,1363.0
next_TS,next,TS,tai20_15_04.F.15_01,14,1273.0,1452.0,1362.5
next_TS,next,TS,tai20_15_04.F.15_01,15,1273.0,1462.0,1367.5
next_TS,next,TS,tai20_15_04.F.15_01,16,1282.0,1451.0,1366.5
next_TS,next,TS,tai20_15_04.F.15_01,17,1273.0,1462.0,1367.5
next_TS,next,TS,tai20_15_04.F.15_01,18,1281.0,1467.0,1374.0
next_TS,next,TS,tai20_15_04.F.15_01,19,1283.0,1446.0,1364.5
next_TS,next,TS,tai20_15_04.F.15_01,20,1268.0,1462.0,1365.0
next_TS,next,TS,tai20_15_04.F.15_01,21,1282.0,1450.0,1366.0
next_TS,next,TS,tai20_15_04.F.15_01,22,1282.0,1462.0,1372.0
next_TS,next,TS,tai20_15_04.F.15_01,23,1282.0,1450.0,1366.0
next_TS,next,TS,tai20_15_04.F.15_01,24,1282.0,1450.0,1366.0
next_TS,next,TS,tai20_15_04.F.15_01,25,1282.0,1450.0,1366.0
next_TS,next,TS,tai20_15_04.F.15_01,26,1282.0,1450.0,1366.0
next_TS,next,TS,tai20_15_04.F.15_01,27,1265.0,1450.0,1357.5
next_TS,next,TS,tai20_15_04.F.15_01,28,1282.0,1450.0,1366.0
next_TS,next,TS,tai20_15_04.F.15_01,29,1286.0,1450.0,1368.0
next_TS,next,TS,tai20_15_04.F.15_01,30,1283.0,1459.0,1371.0
next_TS,next,TS,tai20_15_05.F.15_01,1,1311.0,1494.0,1402.5
next_TS,next,TS,tai20_15_05.F.15_01,2,1306.0,1486.0,1396.0
next_TS,next,TS,tai20_15_05.F.15_01,3,1338.0,1489.0,1413.5
next_TS,next,TS,tai20_15_05.F.15_01,4,1307.0,1481.0,1394.0
next_TS,next,TS,tai20_15_05.F.15_01,5,1312.0,1490.0,1401.0
next_TS,next,TS,tai20_15_05.F.15_01,6,1335.0,1486.0,1410.5
next_TS,next,TS,tai20_15_05.F.15_01,7,1276.0,1491.0,1383.5
next_TS,next,TS,tai20_15_05.F.15_01,8,1292.0,1493.0,1392.5
next_TS,next,TS,tai20_15_05.F.15_01,9,1306.0,1486.0,1396.0
next_TS,next,TS,tai20_15_05.F.15_01,10,1300.0,1492.0,1396.0
next_TS,next,TS,tai20_15_05.F.15_01,11,1322.0,1493.0,1407.5
next_TS,next,TS,tai20_15_05.F.15_01,12,1303.0,1493.0,1398.0
next_TS,next,TS,tai20_15_05.F.15_01,13,1287.0,1472.0,1379.5
next_TS,next,TS,tai20_15_05.F.15_01,14,1303.0,1489.0,1396.0
next_TS,next,TS,tai20_15_05.F.15_01,15,1280.0,1483.0,1381.5
next_TS,next,TS,tai20_15_05.F.15_01,16,1306.0,1486.0,1396.0
next_TS,next,TS,tai20_15_05.F.15_01,17,1322.0,1489.0,1405.5
next_TS,next,TS,tai20_15_05.F.15_01,18,1299.0,1482.0,1390.5
next_TS,next,TS,tai20_15_05.F.15_01,19,1316.0,1491.0,1403.5
next_TS,next,TS,tai20_15_05.F.15_01,20,1305.0,1489.0,1397.0
next_TS,next,TS,tai20_15_05.F.15_01,21,1339.0,1493.0,1416.0
next_TS,next,TS,tai20_15_05.F.15_01,22,1336.0,1493.0,1414.5
next_TS,next,TS,tai20_15_05.F.15_01,23,1335.0,1486.0,1410.5
next_TS,next,TS,tai20_15_05.F.15_01,24,1330.0,1495.0,1412.5
next_TS,next,TS,tai20_15_05.F.15_01,25,1302.0,1496.0,1399.0
next_TS,next,TS,tai20_15_05.F.15_01,26,1310.0,1489.0,1399.5
next_TS,next,TS,tai20_15_05.F.15_01,27,1301.0,1496.0,1398.5
next_TS,next,TS,tai20_15_05.F.15_01,28,1306.0,1505.0,1405.5
next_TS,next,TS,tai20_15_05.F.15_01,29,1307.0,1481.0,1394.0
next_TS,next,TS,tai20_15_05.F.15_01,30,1311.0,1493.0,1402.0
next_TS,next,TS,tai20_15_06.F.15_01,1,1318.0,1532.0,1425.0
next_TS,next,TS,tai20_15_06.F.15_01,2,1300.0,1509.0,1404.5
next_TS,next,TS,tai20_15_06.F.15_01,3,1276.0,1493.0,1384.5
next_TS,next,TS,tai20_15_06.F.15_01,4,1304.0,1499.0,1401.5
next_TS,next,TS,tai20_15_06.F.15_01,5,1319.0,1534.0,1426.5
next_TS,next,TS,tai20_15_06.F.15_01,6,1304.0,1495.0,1399.5
next_TS,next,TS,tai20_15_06.F.15_01,7,1325.0,1498.0,1411.5
next_TS,next,TS,tai20_15_06.F.15_01,8,1270.0,1495.0,1382.5
next_TS,next,TS,tai20_15_06.F.15_01,9,1311.0,1533.0,1422.0
next_TS,next,TS,tai20_15_06.F.15_01,10,1305.0,1504.0,1404.5
next_TS,next,TS,tai20_15_06.F.15_01,11,1299.0,1507.0,1403.0
next_TS,next,TS,tai20_15_06.F.15_01,12,1325.0,1505.0,1415.0
next_TS,next,TS,tai20_15_06.F.15_01,13,1313.0,1534.0,1423.5
next_TS,next,TS,tai20_15_06.F.15_01,14,1307.0,1479.0,1393.0
next_TS,next,TS,tai20_15_06.F.15_01,15,1309.0,1501.0,1405.0
next_TS,next,TS,tai20_15_06.F.15_01,16,1302.0,1521.0,1411.5
next_TS,next,TS,tai20_15_06.F.15_01,17,1290.0,1511.0,1400.5
next_TS,next,TS,tai20_15_06.F.15_01,18,1321.0,1526.0,1423.5
next_TS,next,TS,tai20_15_06.F.15_01,19,1303.0,1501.0,1402.0
next_TS,next,TS,tai20_15_06.F.15_01,20,1310.0,1543.0,1426.5
next_TS,next,TS,tai20_15_06.F.15_01,21,1306.0,1499.0,1402.5
next_TS,next,TS,tai20_15_06.F.15_01,22,1321.0,1531.0,1426.0
next_TS,next,TS,tai20_15_06.F.15_01,23,1290.0,1494.0,1392.0
next_TS,next,TS,tai20_15_06.F.15_01,24,1303.0,1506.0,1404.5
next_TS,next,TS,tai20_15_06.F.15_01,25,1312.0,1520.0,1416.0
next_TS,next,TS,tai20_15_06.F.15_01,26,1283.0,1500.0,1391.5
next_TS,next,TS,tai20_15_06.F.15_01,27,1299.0,1515.0,1407.0
next_TS,next,TS,tai20_15_06.F.15_01,28,1270.0,1470.0,1370.0
next_TS,next,TS,tai20_15_06.F.15_01,29,1299.0,1505.0,1402.0
next_TS,next,TS,tai20_15_06.F.15_01,30,1303.0,1528.0,1415.5
next_TS,next,TS,tai20_15_07.F.15_01,1,1402.0,1646.0,1524.0
next_TS,next,TS,tai20_15_07.F.15_01,2,1402.0,1634.0,1518.0
next_TS,next,TS,tai20_15_07.F.15_01,3,1373.0,1606.0,1489.5
next_TS,next,TS,tai20_15_07.F.15_01,4,1402.0,1634.0,1518.0
next_TS,next,TS,tai20_15_07.F.15_01,5,1378.0,1638.0,1508.0
next_TS,next,TS,tai20_15_07.F.15_01,6,1391.0,1608.0,1499.5
next_TS,next,TS,tai20_15_07.F.15_01,7,1398.0,1630.0,1514.0
next_TS,next,TS,tai20_15_07.F.15_01,8,1393.0,1638.0,1515.5
next_TS,next,TS,tai20_15_07.F.15_01,9,1402.0,1634.0,1518.0
next_TS,next,TS,tai20_15_07.F.15_01,10,1394.0,1621.0,1507.5
next_TS,next,TS,tai20_15_07.F.15_01,11,1405.0,1627.0,1516.0
next_TS,next,TS,tai20_15_07.F.15_01,12,1422.0,1622.0,1522.0
next_TS,next,TS,tai20_15_07.F.15_01,13,1402.0,1634.0,1518.0
next_TS,next,TS,tai20_15_07.F.15_01,14,1402.0,1634.0,1518.0
next_TS,next,TS,tai20_15_07.F.15_01,15,1427.0,1649.0,1538.0
next_TS,next,TS,tai20_15_07.F.15_01,16,1391.0,1611.0,1501.0
next_TS,next,TS,tai20_15_07.F.15_01,17,1402.0,1634.0,1518.0
next_TS,next,TS,tai20_15_07.F.15_01,18,1386.0,1602.0,1494.0
next_TS,next,TS,tai20_15_07.F.15_01,19,1402.0,1634.0,1518.0
next_TS,next,TS,tai20_15_07.F.15_01,20,1402.0,1646.0,1524.0
next_TS,next,TS,tai20_15_07.F.15_01,21,1402.0,1634.0,1518.0
next_TS,next,TS,tai20_15_07.F.15_01,22,1402.0,1634.0,1518.0
next_TS,next,TS,tai20_15_07.F.15_01,23,1398.0,1631.0,1514.5
next_TS,next,TS,tai20_15_07.F.15_01,24,1376.0,1603.0,1489.5
next_TS,next,TS,tai20_15_07.F.15_01,25,1405.0,1634.0,1519.5
next_TS,next,TS,tai20_15_07.F.15_01,26,1430.0,1624.0,1527.0
next_TS,next,TS,tai20_15_07.F.15_01,27,1409.0,1633.0,1521.0
next_TS,next,TS,tai20_15_07.F.15_01,28,1402.0,1634.0,1518.0
next_TS,next,TS,tai20_15_07.F.15_01,29,1402.0,1634.0,1518.0
next_TS,next,TS,tai20_15_07.F.15_01,30,1398.0,1630.0,1514.0
next_TS,next,TS,tai20_15_08.F.15_01,1,1353.0,1544.0,1448.5
next_TS,next,TS,tai20_15_08.F.15_01,2,1365.0,1552.0,1458.5
next_TS,next,TS,tai20_15_08.F.15_01,3,1321.0,1535.0,1428.0
next_TS,next,TS,tai20_15_08.F.15_01,4,1348.0,1533.0,1440.5
next_TS,next,TS,tai20_15_08.F.15_01,5,1330.0,1544.0,1437.0
next_TS,next,TS,tai20_15_08.F.15_01,6,1374.0,1558.0,1466.0
next_TS,next,TS,tai20_15_08.F.15_01,7,1333.0,1547.0,1440.0
next_TS,next,TS,tai20_15_08.F.15_01,8,1342.0,1547.0,1444.5
next_TS,next,TS,tai20_15_08.F.15_01,9,1361.0,1557.0,1459.0
next_TS,next,TS,tai20_15_08.F.15_01,10,1372.0,1575.0,1473.5
next_TS,next,TS,tai20_15_08.F.15_01,11,1359.0,1573.0,1466.0
next_TS,next,TS,tai20_15_08.F.15_01,12,1340.0,1557.0,1448.5
next_TS,next,TS,tai20_15_08.F.15_01,13,1350.0,1561.0,1455.5
next_TS,next,TS,tai20_15_08.F.15_01,14,1384.0,1575.0,1479.5
next_TS,next,TS,tai20_15_08.F.15_01,15,1376.0,1558.0,1467.0
next_TS,next,TS,tai20_15_08.F.15_01,16,1357.0,1543.0,1450.0
next_TS,next,TS,tai20_15_08.F.15_01,17,1349.0,1540.0,1444.5
next_TS,next,TS,tai20_15_08.F.15_01,18,1377.0,1561.0,1469.0
next_TS,next,TS,tai20_15_08.F.15_01,19,1395.0,1577.0,1486.0
next_TS,next,TS,tai20_15_08.F.15_01,20,1348.0,1552.0,1450.0
next_TS,next,TS,tai20_15_08.F.15_01,21,1361.0,1542.0,1451.5
next_TS,next,TS,tai20_15_08.F.15_01,22,1353.0,1537.0,1445.0
next_TS,next,TS,tai20_15_08.F.15_01,23,1324.0,1527.0,1425.5
next_TS,next,TS,tai20_15_08.F.15_01,24,1362.0,1542.0,1452.0
next_TS,next,TS,tai20_15_08.F.15_01,25,1358.0,1563.0,1460.5
next_TS,next,TS,tai20_15_08.F.15_01,26,1373.0,1553.0,1463.0
next_TS,next,TS,tai20_15_08.F.15_01,27,1366.0,1541.0,1453.5
next_TS,next,TS,tai20_15_08.F.15_01,28,1330.0,1521.0,1425.5
next_TS,next,TS,tai20_15_08.F.15_01,29,1388.0,1596.0,1492.0
next_TS,next,TS,tai20_15_08.F.15_01,30,1336.0,1549.0,1442.5
next_TS,next,TS,tai20_15_09.F.15_01,1,1292.0,1504.0,1398.0
next_TS,next,TS,tai20_15_09.F.15_01,2,1273.0,1479.0,1376.0
next_TS,next,TS,tai20_15_09.F.15_01,3,1308.0,1525.0,1416.5
next_TS,next,TS,tai20_15_09.F.15_01,4,1280.0,1479.0,1379.5
next_TS,next,TS,tai20_15_09.F.15_01,5,1320.0,1499.0,1409.5
next_TS,next,TS,tai20_15_09.F.15_01,6,1293.0,1477.0,1385.0
next_TS,next,TS,tai20_15_09.F.15_01,7,1277.0,1461.0,1369.0
next_TS,next,TS,tai20_15_09.F.15_01,8,1320.0,1524.0,1422.0
next_TS,next,TS,tai20_15_09.F.15_01,9,1293.0,1503.0,1398.0
next_TS,next,TS,tai20_15_09.F.15_01,10,1287.0,1499.0,1393.0
next_TS,next,TS,tai20_15_09.F.15_01,11,1307.0,1517.0,1412.0
next_TS,next,TS,tai20_15_09.F.15_01,12,1297.0,1484.0,1390.5
next_TS,next,TS,tai20_15_09.F.15_01,13,1323.0,1521.0,1422.0
next_TS,next,TS,tai20_15_09.F.15_01,14,1320.0,1508.0,1414.0
next_TS,next,TS,tai20_15_09.F.15_01,15,1277.0,1460.0,1368.5
next_TS,next,TS,tai20_15_09.F.15_01,16,1267.0,1469.0,1368.0
next_TS,next,TS,tai20_15_09.F.15_01,17,1313.0,1506.0,1409.5
next_TS,next,TS,tai20_15_09.F.15_01,18,1287.0,1468.0,1377.5
next_TS,next,TS,tai20_15_09.F.15_01,19,1297.0,1483.0,1390.0
next_TS,next,TS,tai20_15_09.F.15_01,20,1303.0,1489.0,1396.0
next_TS,next,TS,tai20_15_09.F.15_01,21,1301.0,1492.0,1396.5
next_TS,next,TS,tai20_15_09.F.15_01,22,1307.0,1510.0,1408.5
next_TS,next,TS,tai20_15_09.F.15_01,23,1293.0,1479.0,1386.0
next_TS,next,TS,tai20_15_09.F.15_01,24,1270.0,1479.0,1374.5
next_TS,next,TS,tai20_15_09.F.15_01,25,1304.0,1500.0,1402.0
next_TS,next,TS,tai20_15_09.F.15_01,26,1310.0,1523.0,1416.5
next_TS,next,TS,tai20_15_09.F.15_01,27,1283.0,1486.0,1384.5
next_TS,next,TS,tai20_15_09.F.15_01,28,1279.0,1477.0,1378.0
next_TS,next,TS,tai20_15_09.F.15_01,29,1295.0,1507.0,1401.0
next_TS,next,TS,tai20_15_09.F.15_01,30,1274.0,1490.0,1382.0
next_TS,next,TS,tai20_15_10.F.15_01,1,1291.0,1494.0,1392.5
next_TS,next,TS,tai20_15_10.F.15_01,2,1303.0,1488.0,1395.5
next_TS,next,TS,tai20_15_10.F.15_01,3,1315.0,1483.0,1399.0
next_TS,next,TS,tai20_15_10.F.15_01,4,1309.0,1494.0,1401.5
next_TS,next,TS,tai20_15_10.F.15_01,5,1309.0,1493.0,1401.0
next_TS,next,TS,tai20_15_10.F.15_01,6,1284.0,1492.0,1388.0
next_TS,next,TS,tai20_15_10.F.15_01,7,1275.0,1491.0,1383.0
next_TS,next,TS,tai20_15_10.F.15_01,8,1283.0,1490.0,1386.5
next_TS,next,TS,tai20_15_10.F.15_01,9,1293.0,1489.0,1391.0
next_TS,next,TS,tai20_15_10.F.15_01,10,1304.0,1505.0,1404.5
next_TS,next,TS,tai20_15_10.F.15_01,11,1316.0,1521.0,1418.5
next_TS,next,TS,tai20_15_10.F.15_01,12,1299.0,1506.0,1402.5
next_TS,next,TS,tai20_15_10.F.15_01,13,1357.0,1501.0,1429.0
next_TS,next,TS,tai20_15_10.F.15_01,14,1291.0,1489.0,1390.0
next_TS,next,TS,tai20_15_10.F.15_01,15,1307.0,1505.0,1406.0
next_TS,next,TS,tai20_15_10.F.15_01,16,1307.0,1495.0,1401.0
next_TS,next,TS,tai20_15_10.F.15_01,17,1307.0,1499.0,1403.0
next_TS,next,TS,tai20_15_10.F.15_01,18,1292.0,1512.0,1402.0
next_TS,next,TS,tai20_15_10.F.15_01,19,1326.0,1498.0,1412.0
next_TS,next,TS,tai20_15_10.F.15_01,20,1324.0,1497.0,1410.5
next_TS,next,TS,tai20_15_10.F.15_01,21,1285.0,1492.0,1388.5
next_TS,next,TS,tai20_15_10.F.15_01,22,1301.0,1487.0,1394.0
next_TS,next,TS,tai20_15_10.F.15_01,23,1294.0,1494.0,1394.0
next_TS,next,TS,tai20_15_10.F.15_01,24,1292.0,1486.0,1389.0
next_TS,next,TS,tai20_15_10.F.15_01,25,1306.0,1491.0,1398.5
next_TS,next,TS,tai20_15_10.F.15_01,26,1307.0,1489.0,1398.0
next_TS,next,TS,tai20_15_10.F.15_01,27,1311.0,1503.0,1407.0
next_TS,next,TS,tai20_15_10.F.15_01,28,1306.0,1490.0,1398.0
next_TS,next,TS,tai20_15_10.F.15_01,29,1318.0,1514.0,1416.0
next_TS,next,TS,tai20_15_10.F.15_01,30,1300.0,1502.0,1401.0
next_TS,next,TS,tai20_20_01.F.15_01,1,1601.0,1847.0,1724.0
next_TS,next,TS,tai20_20_01.F.15_01,2,1629.0,1801.0,1715.0
next_TS,next,TS,tai20_20_01.F.15_01,3,1612.0,1821.0,1716.5
next_TS,next,TS,tai20_20_01.F.15_01,4,1570.0,1782.0,1676.0
next_TS,next,TS,tai20_20_01.F.15_01,5,1611.0,1831.0,1721.0
next_TS,next,TS,tai20_20_01.F.15_01,6,1600.0,1818.0,1709.0
next_TS,next,TS,tai20_20_01.F.15_01,7,1658.0,1821.0,1739.5
next_TS,next,TS,tai20_20_01.F.15_01,8,1599.0,1808.0,1703.5
next_TS,next,TS,tai20_20_01.F.15_01,9,1621.0,1823.0,1722.0
next_TS,next,TS,tai20_20_01.F.15_01,10,1616.0,1795.0,1705.5
next_TS,next,TS,tai20_20_01.F.15_01,11,1591.0,1810.0,1700.5
next_TS,next,TS,tai20_20_01.F.15_01,12,1620.0,1792.0,1706.0
next_TS,next,TS,tai20_20_01.F.15_01,13,1615.0,1817.0,1716.0
next_TS,next,TS,tai20_20_01.F.15_01,14,1634.0,1811.0,1722.5
next_TS,next,TS,tai20_20_01.F.15_01,15,1625.0,1806.0,1715.5
next_TS,next,TS,tai20_20_01.F.15_01,16,1616.0,1817.0,1716.5
next_TS,next,TS,tai20_20_01.F.15_01,17,1643.0,1821.0,1732.0
next_TS,next,TS,tai20_20_01.F.15_01,18,1584.0,1787.0,1685.5
next_TS,next,TS,tai20_20_01.F.15_01,19,1606.0,1787.0,1696.5
next_TS,next,TS,tai20_20_01.F.15_01,20,1598.0,1799.0,1698.5
next_TS,next,TS,tai20_20_01.F.15_01,21,1615.0,1822.0,1718.5
next_TS,next,TS,tai20_20_01.F.15_01,22,1604.0,1823.0,1713.5
next_TS,next,TS,tai20_20_01.F.15_01,23,1601.0,1818.0,1709.5
next_TS,next,TS,tai20_20_01.F.15_01,24,1607.0,1825.0,1716.0
next_TS,next,TS,tai20_20_01.F.15_01,25,1609.0,1795.0,1702.0
next_TS,next,TS,tai20_20_01.F.15_01,26,1621.0,1820.0,1720.5
next_TS,next,TS,tai20_20_01.F.15_01,27,1603.0,1804.0,1703.5
next_TS,next,TS,tai20_20_01.F.15_01,28,1625.0,1822.0,1723.5
next_TS,next,TS,tai20_20_01.F.15_01,29,1591.0,1810.0,1700.5
next_TS,next,TS,tai20_20_01.F.15_01,30,1619.0,1814.0,1716.5
next_TS,next,TS,tai20_20_02.F.15_01,1,1551.0,1781.0,1666.0
next_TS,next,TS,tai20_20_02.F.15_01,2,1564.0,1772.0,1668.0
next_TS,next,TS,tai20_20_02.F.15_01,3,1561.0,1763.0,1662.0
next_TS,next,TS,tai20_20_02.F.15_01,4,1545.0,1752.0,1648.5
next_TS,next,TS,tai20_20_02.F.15_01,5,1572.0,1777.0,1674.5
next_TS,next,TS,tai20_20_02.F.15_01,6,1547.0,1758.0,1652.5
next_TS,next,TS,tai20_20_02.F.15_01,7,1535.0,1742.0,1638.5
next_TS,next,TS,tai20_20_02.F.15_01,8,1554.0,1755.0,1654.5
next_TS,next,TS,tai20_20_02.F.15_01,9,1541.0,1761.0,1651.0
next_TS,next,TS,tai20_20_02.F.15_01,10,1533.0,1752.0,1642.5
next_TS,next,TS,tai20_20_02.F.15_01,11,1564.0,1778.0,1671.0
next_TS,next,TS,tai20_20_02.F.15_01,12,1561.0,1751.0,1656.0
next_TS,next,TS,tai20_20_02.F.15_01,13,1536.0,1747.0,1641.5
next_TS,next,TS,tai20_20_02.F.15_01,14,1541.0,1742.0,1641.5
next_TS,next,TS,tai20_20_02.F.15_01,15,1549.0,1749.0,1649.0
next_TS,next,TS,tai20_20_02.F.15_01,16,1551.0,1757.0,1654.0
next_TS,next,TS,tai20_20_02.F.15_01,17,1558.0,1772.0,1665.0
next_TS,next,TS,tai20_20_02.F.15_01,18,1554.0,1750.0,1652.0
next_TS,next,TS,tai20_20_02.F.15_01,19,1555.0,1763.0,1659.0
next_TS,next,TS,tai20_20_02.F.15_01,20,1524.0,1778.0,1651.0
next_TS,next,TS,tai20_20_02.F.15_01,21,1521.0,1743.0,1632.0
next_TS,next,TS,tai20_20_02.F.15_01,22,1537.0,1759.0,1648.0
next_TS,next,TS,tai20_20_02.F.15_01,23,1578.0,1749.0,1663.5
next_TS,next,TS,tai20_20_02.F.15_01,24,1536.0,1771.0,1653.5
next_TS,next,TS,tai20_20_02.F.15_01,25,1539.0,1753.0,1646.0
next_TS,next,TS,tai20_20_02.F.15_01,26,1544.0,1761.0,1652.5
next_TS,next,TS,tai20_20_02.F.15_01,27,1540.0,1772.0,1656.0
next_TS,next,TS,tai20_20_02.F.15_01,28,1550.0,1781.0,1665.5
next_TS,next,TS,tai20_20_02.F.15_01,29,1564.0,1776.0,1670.0
next_TS,next,TS,tai20_20_02.F.15_01,30,1584.0,1771.0,1677.5
next_TS,next,TS,tai20_20_03.F.15_01,1,1520.0,1685.0,1602.5
next_TS,next,TS,tai20_20_03.F.15_01,2,1524.0,1714.0,1619.0
next_TS,next,TS,tai20_20_03.F.15_01,3,1523.0,1691.0,1607.0
next_TS,next,TS,tai20_20_03.F.15_01,4,1533.0,1694.0,1613.5
next_TS,next,TS,tai20_20_03.F.15_01,5,1510.0,1692.0,1601.0
next_TS,next,TS,tai20_20_03.F.15_01,6,1496.0,1693.0,1594.5
next_TS,next,TS,tai20_20_03.F.15_01,7,1530.0,1714.0,1622.0
next_TS,next,TS,tai20_20_03.F.15_01,8,1541.0,1685.0,1613.0
next_TS,next,TS,tai20_20_03.F.15_01,9,1540.0,1702.0,1621.0
next_TS,next,TS,tai20_20_03.F.15_01,10,1510.0,1693.0,1601.5
next_TS,next,TS,tai20_20_03.F.15_01,11,1552.0,1726.0,1639.0
next_TS,next,TS,tai20_20_03.F.15_01,12,1530.0,1685.0,1607.5
next_TS,next,TS,tai20_20_03.F.15_01,13,1534.0,1698.0,1616.0
next_TS,next,TS,tai20_20_03.F.15_01,14,1567.0,1705.0,1636.0
next_TS,next,TS,tai20_20_03.F.15_01,15,1549.0,1690.0,1619.5
next_TS,next,TS,tai20_20_03.F.15_01,16,1513.0,1689.0,1601.0
next_TS,next,TS,tai20_20_03.F.15_01,17,1515.0,1704.0,1609.5
next_TS,next,TS,tai20_20_03.F.15_01,18,1553.0,1698.0,1625.5
next_TS,next,TS,tai20_20_03.F.15_01,19,1543.0,1681.0,1612.0
next_TS,next,TS,tai20_20_03.F.15_01,20,1520.0,1690.0,1605.0
next_TS,next,TS,tai20_20_03.F.15_01,21,1531.0,1698.0,1614.5
next_TS,next,TS,tai20_20_03.F.15_01,22,1554.0,1720.0,1637.0
next_TS,next,TS,tai20_20_03.F.15_01,23,1537.0,1717.0,1627.0
next_TS,next,TS,tai20_20_03.F.15_01,24,1521.0,1681.0,1601.0
next_TS,next,TS,tai20_20_03.F.15_01,25,1518.0,1698.0,1608.0
next_TS,next,TS,tai20_20_03.F.15_01,26,1555.0,1683.0,1619.0
next_TS,next,TS,tai20_20_03.F.15_01,27,1544.0,1707.0,1625.5
next_TS,next,TS,tai20_20_03.F.15_01,28,1554.0,1684.0,1619.0
next_TS,next,TS,tai20_20_03.F.15_01,29,1532.0,1684.0,1608.0
next_TS,next,TS,tai20_20_03.F.15_01,30,1576.0,1703.0,1639.5
next_TS,next,TS,tai20_20_04.F.15_01,1,1581.0,1815.0,1698.0
next_TS,next,TS,tai20_20_04.F.15_01,2,1547.0,1785.0,1666.0
next_TS,next,TS,tai20_20_04.F.15_01,3,1594.0,1834.0,1714.0
next_TS,next,TS,tai20_20_04.F.15_01,4,1578.0,1815.0,1696.5
next_TS,next,TS,tai20_20_04.F.15_01,5,1572.0,1801.0,1686.5
next_TS,next,TS,tai20_20_04.F.15_01,6,1594.0,1821.0,1707.5
next_TS,next,TS,tai20_20_04.F.15_01,7,1597.0,1857.0,1727.0
next_TS,next,TS,tai20_20_04.F.15_01,8,1584.0,1815.0,1699.5
next_TS,next,TS,tai20_20_04.F.15_01,9,1570.0,1814.0,1692.0
next_TS,next,TS,tai20_20_04.F.15_01,10,1587.0,1814.0,1700.5
next_TS,next,TS,tai20_20_04.F.15_01,11,1576.0,1815.0,1695.5
next_TS,next,TS,tai20_20_04.F.15_01,12,1603.0,1813.0,1708.0
next_TS,next,TS,tai20_20_04.F.15_01,13,1546.0,1783.0,1664.5
next_TS,next,TS,tai20_20_04.F.15_01,14,1598.0,1811.0,1704.5
next_TS,next,TS,tai20_20_04.F.15_01,15,1580.0,1815.0,1697.5
next_TS,next,TS,tai20_20_04.F.15_01,16,1593.0,1823.0,1708.0
next_TS,next,TS,tai20_20_04.F.15_01,17,1601.0,1832.0,1716.5
next_TS,next,TS,tai20_20_04.F.15_01,18,1587.0,1817.0,1702.0
next_TS,next,TS,tai20_20_04.F.15_01,19,1593.0,1810.0,1701.5
next_TS,next,TS,tai20_20_04.F.15_01,20,1598.0,1821.0,1709.5
next_TS,next,TS,tai20_20_04.F.15_01,21,1562.0,1814.0,1688.0
next_TS,next,TS,tai20_20_04.F.15_01,22,1572.0,1815.0,1693.5
next_TS,next,TS,tai20_20_04.F.15_01,23,1562.0,1814.0,1688.0
next_TS,next,TS,tai20_20_04.F.15_01,24,1598.0,1846.0,1722.0
next_TS,next,TS,tai20_20_04.F.15_01,25,1601.0,1795.0,1698.0
next_TS,next,TS,tai20_20_04.F.15_01,26,1562.0,1814.0,1688.0
next_TS,next,TS,tai20_20_04.F.15_01,27,1571.0,1790.0,1680.5
next_TS,next,TS,tai20_20_04.F.15_01,28,1591.0,1815.0,1703.0
next_TS,next,TS,tai20_20_04.F.15_01,29,1579.0,1815.0,1697.0
next_TS,next,TS,tai20_20_04.F.15_01,30,1562.0,1814.0,1688.0
next_TS,next,TS,tai20_20_05.F.15_01,1,1565.0,1775.0,1670.0
next_TS,next,TS,tai20_20_05.F.15_01,2,1572.0,1764.0,1668.0
next_TS,next,TS,tai20_20_05.F.15_01,3,1582.0,1750.0,1666.0
next_TS,next,TS,tai20_20_05.F.15_01,4,1532.0,1757.0,1644.5
next_TS,next,TS,tai20_20_05.F.15_01,5,1570.0,1774.0,1672.0
next_TS,next,TS,tai20_20_05.F.15_01,6,1535.0,1770.0,1652.5
next_TS,next,TS,tai20_20_05.F.15_01,7,1594.0,1788.0,1691.0
next_TS,next,TS,tai20_20_05.F.15_01,8,1614.0,1764.0,1689.0
next_TS,next,TS,tai20_20_05.F.15_01,9,1570.0,1772.0,1671.0
next_TS,next,TS,tai20_20_05.F.15_01,10,1580.0,1761.0,1670.5
next_TS,next,TS,tai20_20_05.F.15_01,11,1557.0,1767.0,1662.0
next_TS,next,TS,tai20_20_05.F.15_01,12,1551.0,1778.0,1664.5
next_TS,next,TS,tai20_20_05.F.15_01,13,1571.0,1755.0,1663.0
next_TS,next,TS,tai20_20_05.F.15_01,14,1570.0,1762.0,1666.0
next_TS,next,TS,tai20_20_05.F.15_01,15,1562.0,1772.0,1667.0
next_TS,next,TS,tai20_20_05.F.15_01,16,1584.0,1765.0,1674.5
next_TS,next,TS,tai20_20_05.F.15_01,17,1545.0,1732.0,1638.5
next_TS,next,TS,tai20_20_05.F.15_01,18,1589.0,1781.0,1685.0
next_TS,next,TS,tai20_20_05.F.15_01,19,1575.0,1762.0,1668.5
next_TS,next,TS,tai20_20_05.F.15_01,20,1563.0,1765.0,1664.0
next_TS,next,TS,tai20_20_05.F.15_01,21,1567.0,1750.0,1658.5
next_TS,next,TS,tai20_20_05.F.15_01,22,1595.0,1793.0,1694.0
next_TS,next,TS,tai20_20_05.F.15_01,23,1577.0,1780.0,1678.5
next_TS,next,TS,tai20_20_05.F.15_01,24,1549.0,1769.0,1659.0
next_TS,next,TS,tai20_20_05.F.15_01,25,1578.0,1747.0,1662.5
next_TS,next,TS,tai20_20_05.F.15_01,26,1550.0,1778.0,1664.0
next_TS,next,TS,tai20_20_05.F.15_01,27,1547.0,1747.0,1647.0
next_TS,next,TS,tai20_20_05.F.15_01,28,1580.0,1763.0,1671.5
next_TS,next,TS,tai20_20_05.F.15_01,29,1563.0,1778.0,1670.5
next_TS,next,TS,tai20_20_05.F.15_01,30,1559.0,1761.0,1660.0
next_TS,next,TS,tai20_20_06.F.15_01,1,1630.0,1823.0,1726.5
next_TS,next,TS,tai20_20_06.F.15_01,2,1626.0,1812.0,1719.0
next_TS,next,TS,tai20_20_06.F.15_01,3,1658.0,1818.0,1738.0
next_TS,next,TS,tai20_20_06.F.15_01,4,1635.0,1819.0,1727.0
next_TS,next,TS,tai20_20_06.F.15_01,5,1628.0,1815.0,1721.5
next_TS,next,TS,tai20_20_06.F.15_01,6,1630.0,1804.0,1717.0
next_TS,next,TS,tai20_20_06.F.15_01,7,1617.0,1819.0,1718.0
next_TS,next,TS,tai20_20_06.F.15_01,8,1591.0,1805.0,1698.0
next_TS,next,TS,tai20_20_06.F.15_01,9,1609.0,1815.0,1712.0
next_TS,next,TS,tai20_20_06.F.15_01,10,1570.0,1821.0,1695.5
next_TS,next,TS,tai20_20_06.F.15_01,11,1630.0,1807.0,1718.5
next_TS,next,TS,tai20_20_06.F.15_01,12,1631.0,1837.0,1734.0
next_TS,next,TS,tai20_20_06.F.15_01,13,1667.0,1830.0,1748.5
next_TS,next,TS,tai20_20_06.F.15_01,14,1644.0,1824.0,1734.0
next_TS,next,TS,tai20_20_06.F.15_01,15,1630.0,1832.0,1731.0
next_TS,next,TS,tai20_20_06.F.15_01,16,1602.0,1801.0,1701.5
next_TS,next,TS,tai20_20_06.F.15_01,17,1630.0,1814.0,1722.0
next_TS,next,TS,tai20_20_06.F.15_01,18,1628.0,1807.0,1717.5
next_TS,next,TS,tai20_20_06.F.15_01,19,1605.0,1825.0,1715.0
next_TS,next,TS,tai20_20_06.F.15_01,20,1631.0,1819.0,1725.0
next_TS,next,TS,tai20_20_06.F.15_01,21,1603.0,1807.0,1705.0
next_TS,next,TS,tai20_20_06.F.15_01,22,1655.0,1824.0,1739.5
next_TS,next,TS,tai20_20_06.F.15_01,23,1610.0,1807.0,1708.5
next_TS,next,TS,tai20_20_06.F.15_01,24,1641.0,1821.0,1731.0
next_TS,next,TS,tai20_20_06.F.15_01,25,1610.0,1804.0,1707.0
next_TS,next,TS,tai20_20_06.F.15_01,26,1626.0,1829.0,1727.5
next_TS,next,TS,tai20_20_06.F.15_01,27,1629.0,1818.0,1723.5
next_TS,next,TS,tai20_20_06.F.15_01,28,1637.0,1821.0,1729.0
next_TS,next,TS,tai20_20_06.F.15_01,29,1618.0,1817.0,1717.5
next_TS,next,TS,tai20_20_06.F.15_01,30,1667.0,1828.0,1747.5
next_TS,next,TS,tai20_20_07.F.15_01,1,1600.0,1821.0,1710.5
next_TS,next,TS,tai20_20_07.F.15_01,2,1667.0,1847.0,1757.0
next_TS,next,TS,tai20_20_07.F.15_01,3,1632.0,1840.0,1736.0
next_TS,next,TS,tai20_20_07.F.15_01,4,1640.0,1838.0,1739.0
next_TS,next,TS,tai20_20_07.F.15_01,5,1645.0,1807.0,1726.0
next_TS,next,TS,tai20_20_07.F.15_01,6,1688.0,1845.0,1766.5
next_TS,next,TS,tai20_20_07.F.15_01,7,1651.0,1842.0,1746.5
next_TS,next,TS,tai20_20_07.F.15_01,8,1628.0,1822.0,1725.0
next_TS,next,TS,tai20_20_07.F.15_01,9,1624.0,1833.0,1728.5
next_TS,next,TS,tai20_20_07.F.15_01,10,1660.0,1844.0,1752.0
next_TS,next,TS,tai20_20_07.F.15_01,11,1642.0,1833.0,1737.5
next_TS,next,TS,tai20_20_07.F.15_01,12,1626.0,1835.0,1730.5
next_TS,next,TS,tai20_20_07.F.15_01,13,1631.0,1821.0,1726.0
next_TS,next,TS,tai20_20_07.F.15_01,14,1665.0,1839.0,1752.0
next_TS,next,TS,tai20_20_07.F.15_01,15,1642.0,1835.0,1738.5
next_TS,next,TS,tai20_20_07.F.15_01,16,1668.0,1824.0,1746.0
next_TS,next,TS,tai20_20_07.F.15_01,17,1645.0,1857.0,1751.0
next_TS,next,TS,tai20_20_07.F.15_01,18,1649.0,1825.0,1737.0
next_TS,next,TS,tai20_20_07.F.15_01,19,1639.0,1834.0,1736.5
next_TS,next,TS,tai20_20_07.F.15_01,20,1647.0,1855.0,1751.0
next_TS,next,TS,tai20_20_07.F.15_01,21,1661.0,1833.0,1747.0
next_TS,next,TS,tai20_20_07.F.15_01,22,1624.0,1834.0,1729.0
next_TS,next,TS,tai20_20_07.F.15_01,23,1683.0,1851.0,1767.0
next_TS,next,TS,tai20_20_07.F.15_01,24,1673.0,1837.0,1755.0
next_TS,next,TS,tai20_20_07.F.15_01,25,1646.0,1852.0,1749.0
next_TS,next,TS,tai20_20_07.F.15_01,26,1656.0,1841.0,1748.5
next_TS,next,TS,tai20_20_07.F.15_01,27,1673.0,1847.0,1760.0
next_TS,next,TS,tai20_20_07.F.15_01,28,1647.0,1848.0,1747.5
next_TS,next,TS,tai20_20_07.F.15_01,29,1618.0,1823.0,1720.5
next_TS,next,TS,tai20_20_07.F.15_01,30,1627.0,1834.0,1730.5
next_TS,next,TS,tai20_20_08.F.15_01,1,1569.0,1758.0,1663.5
next_TS,next,TS,tai20_20_08.F.15_01,2,1561.0,1734.0,1647.5
next_TS,next,TS,tai20_20_08.F.15_01,3,1551.0,1748.0,1649.5
next_TS,next,TS,tai20_20_08.F.15_01,4,1549.0,1776.0,1662.5
next_TS,next,TS,tai20_20_08.F.15_01,5,1601.0,1750.0,1675.5
next_TS,next,TS,tai20_20_08.F.15_01,6,1572.0,1751.0,1661.5
next_TS,next,TS,tai20_20_08.F.15_01,7,1569.0,1746.0,1657.5
next_TS,next,TS,tai20_20_08.F.15_01,8,1562.0,1755.0,1658.5
next_TS,next,TS,tai20_20_08.F.15_01,9,1552.0,1755.0,1653.5
next_TS,next,TS,tai20_20_08.F.15_01,10,1534.0,1751.0,1642.5
next_TS,next,TS,tai20_20_08.F.15_01,11,1571.0,1788.0,1679.5
next_TS,next,TS,tai20_20_08.F.15_01,12,1557.0,1785.0,1671.0
next_TS,next,TS,tai20_20_08.F.15_01,13,1561.0,1754.0,1657.5
next_TS,next,TS,tai20_20_08.F.15_01,14,1587.0,1769.0,1678.0
next_TS,next,TS,tai20_20_08.F.15_01,15,1570.0,1770.0,1670.0
next_TS,next,TS,tai20_20_08.F.15_01,16,1549.0,1755.0,1652.0
next_TS,next,TS,tai20_20_08.F.15_01,17,1568.0,1760.0,1664.0
next_TS,next,TS,tai20_20_08.F.15_01,18,1560.0,1763.0,1661.5
next_TS,next,TS,tai20_20_08.F.15_01,19,1620.0,1757.0,1688.5
next_TS,next,TS,tai20_20_08.F.15_01,20,1541.0,1740.0,1640.5
next_TS,next,TS,tai20_20_08.F.15_01,21,1534.0,1751.0,1642.5
next_TS,next,TS,tai20_20_08.F.15_01,22,1576.0,1763.0,1669.5
next_TS,next,TS,tai20_20_08.F.15_01,23,1557.0,1753.0,1655.0
next_TS,next,TS,tai20_20_08.F.15_01,24,1565.0,1760.0,1662.5
next_TS,next,TS,tai20_20_08.F.15_01,25,1544.0,1754.0,1649.0
next_TS,next,TS,tai20_20_08.F.15_01,26,1551.0,1748.0,1649.5
next_TS,next,TS,tai20_20_08.F.15_01,27,1532.0,1746.0,1639.0
next_TS,next,TS,tai20_20_08.F.15_01,28,1546.0,1758.0,1652.0
next_TS,next,TS,tai20_20_08.F.15_01,29,1564.0,1754.0,1659.0
next_TS,next,TS,tai20_20_08.F.15_01,30,1557.0,1766.0,1661.5
next_TS,next,TS,tai20_20_09.F.15_01,1,1562.0,1745.0,1653.5
next_TS,next,TS,tai20_20_09.F.15_01,2,1565.0,1756.0,1660.5
next_TS,next,TS,tai20_20_09.F.15_01,3,1601.0,1773.0,1687.0
next_TS,next,TS,tai20_20_09.F.15_01,4,1582.0,1765.0,1673.5
next_TS,next,TS,tai20_20_09.F.15_01,5,1582.0,1751.0,1666.5
next_TS,next,TS,tai20_20_09.F.15_01,6,1582.0,1753.0,1667.5
next_TS,next,TS,tai20_20_09.F.15_01,7,1578.0,1764.0,1671.0
next_TS,next,TS,tai20_20_09.F.15_01,8,1568.0,1740.0,1654.0
next_TS,next,TS,tai20_20_09.F.15_01,9,1572.0,1761.0,1666.5
next_TS,next,TS,tai20_20_09.F.15_01,10,1560.0,1748.0,1654.0
next_TS,next,TS,tai20_20_09.F.15_01,11,1583.0,1756.0,1669.5
next_TS,next,TS,tai20_20_09.F.15_01,12,1582.0,1751.0,1666.5
next_TS,next,TS,tai20_20_09.F.15_01,13,1573.0,1764.0,1668.5
next_TS,next,TS,tai20_20_09.F.15_01,14,1589.0,1765.0,1677.0
next_TS,next,TS,tai20_20_09.F.15_01,15,1603.0,1770.0,1686.5
next_TS,next,TS,tai20_20_09.F.15_01,16,1583.0,1767.0,1675.0
next_TS,next,TS,tai20_20_09.F.15_01,17,1562.0,1759.0,1660.5
next_TS,next,TS,tai20_20_09.F.15_01,18,1569.0,1756.0,1662.5
next_TS,next,TS,tai20_20_09.F.15_01,19,1572.0,1752.0,1662.0
next_TS,next,TS,tai20_20_09.F.15_01,20,1559.0,1764.0,1661.5
next_TS,next,TS,tai20_20_09.F.15_01,21,1572.0,1752.0,1662.0
next_TS,next,TS,tai20_20_09.F.15_01,22,1569.0,1756.0,1662.5
next_TS,next,TS,tai20_20_09.F.15_01,23,1566.0,1769.0,1667.5
next_TS,next,TS,tai20_20_09.F.15_01,24,1548.0,1747.0,1647.5
next_TS,next,TS,tai20_20_09.F.15_01,25,1550.0,1756.0,1653.0
next_TS,next,TS,tai20_20_09.F.15_01,26,1566.0,1756.0,1661.0
next_TS,next,TS,tai20_20_09.F.15_01,27,1557.0,1747.0,1652.0
next_TS,next,TS,tai20_20_09.F.15_01,28,1568.0,1740.0,1654.0
next_TS,next,TS,tai20_20_09.F.15_01,29,1561.0,1758.0,1659.5
next_TS,next,TS,tai20_20_09.F.15_01,30,1566.0,1756.0,1661.0
next_TS,next,TS,tai20_20_10.F.15_01,1,1519.0,1736.0,1627.5
next_TS,next,TS,tai20_20_10.F.15_01,2,1538.0,1723.0,1630.5
next_TS,next,TS,tai20_20_10.F.15_01,3,1526.0,1724.0,1625.0
next_TS,next,TS,tai20_20_10.F.15_01,4,1586.0,1731.0,1658.5
next_TS,next,TS,tai20_20_10.F.15_01,5,1552.0,1747.0,1649.5
next_TS,next,TS,tai20_20_10.F.15_01,6,1603.0,1749.0,1676.0
next_TS,next,TS,tai20_20_10.F.15_01,7,1551.0,1740.0,1645.5
next_TS,next,TS,tai20_20_10.F.15_01,8,1541.0,1712.0,1626.5
next_TS,next,TS,tai20_20_10.F.15_01,9,1534.0,1743.0,1638.5
next_TS,next,TS,tai20_20_10.F.15_01,10,1560.0,1763.0,1661.5
next_TS,next,TS,tai20_20_10.F.15_01,11,1547.0,1731.0,1639.0
next_TS,next,TS,tai20_20_10.F.15_01,12,1566.0,1754.0,1660.0
next_TS,next,TS,tai20_20_10.F.15_01,13,1561.0,1732.0,1646.5
next_TS,next,TS,tai20_20_10.F.15_01,14,1563.0,1760.0,1661.5
next_TS,next,TS,tai20_20_10.F.15_01,15,1530.0,1729.0,1629.5
next_TS,next,TS,tai20_20_10.F.15_01,16,1516.0,1742.0,1629.0
next_TS,next,TS,tai20_20_10.F.15_01,17,1557.0,1737.0,1647.0
next_TS,next,TS,tai20_20_10.F.15_01,18,1544.0,1748.0,1646.0
next_TS,next,TS,tai20_20_10.F.15_01,19,1548.0,1742.0,1645.0
next_TS,next,TS,tai20_20_10.F.15_01,20,1543.0,1733.0,1638.0
next_TS,next,TS,tai20_20_10.F.15_01,21,1532.0,1720.0,1626.0
next_TS,next,TS,tai20_20_10.F.15_01,22,1533.0,1739.0,1636.0
next_TS,next,TS,tai20_20_10.F.15_01,23,1589.0,1747.0,1668.0
next_TS,next,TS,tai20_20_10.F.15_01,24,1537.0,1724.0,1630.5
next_TS,next,TS,tai20_20_10.F.15_01,25,1556.0,1736.0,1646.0
next_TS,next,TS,tai20_20_10.F.15_01,26,1560.0,1731.0,1645.5
next_TS,next,TS,tai20_20_10.F.15_01,27,1544.0,1762.0,1653.0
next_TS,next,TS,tai20_20_10.F.15_01,28,1533.0,1734.0,1633.5
next_TS,next,TS,tai20_20_10.F.15_01,29,1559.0,1749.0,1654.0
next_TS,next,TS,tai20_20_10.F.15_01,30,1550.0,1750.0,1650.0
next_TS,next,TS,tai30_15_01.F.15_01,1,1710.0,1928.0,1819.0
next_TS,next,TS,tai30_15_01.F.15_01,2,1685.0,1918.0,1801.5
next_TS,next,TS,tai30_15_01.F.15_01,3,1663.0,1894.0,1778.5
next_TS,next,TS,tai30_15_01.F.15_01,4,1669.0,1910.0,1789.5
next_TS,next,TS,tai30_15_01.F.15_01,5,1719.0,1933.0,1826.0
next_TS,next,TS,tai30_15_01.F.15_01,6,1714.0,1905.0,1809.5
next_TS,next,TS,tai30_15_01.F.15_01,7,1697.0,1917.0,1807.0
next_TS,next,TS,tai30_15_01.F.15_01,8,1683.0,1911.0,1797.0
next_TS,next,TS,tai30_15_01.F.15_01,9,1692.0,1921.0,1806.5
next_TS,next,TS,tai30_15_01.F.15_01,10,1673.0,1922.0,1797.5
next_TS,next,TS,tai30_15_01.F.15_01,11,1693.0,1916.0,1804.5
next_TS,next,TS,tai30_15_01.F.15_01,12,1699.0,1922.0,1810.5
next_TS,next,TS,tai30_15_01.F.15_01,13,1680.0,1902.0,1791.0
next_TS,next,TS,tai30_15_01.F.15_01,14,1689.0,1911.0,1800.0
next_TS,next,TS,tai30_15_01.F.15_01,15,1686.0,1897.0,1791.5
next_TS,next,TS,tai30_15_01.F.15_01,16,1685.0,1906.0,1795.5
next_TS,next,TS,tai30_15_01.F.15_01,17,1669.0,1922.0,1795.5
next_TS,next,TS,tai30_15_01.F.15_01,18,1689.0,1917.0,1803.0
next_TS,next,TS,tai30_15_01.F.15_01,19,1694.0,1931.0,1812.5
next_TS,next,TS,tai30_15_01.F.15_01,20,1717.0,1941.0,1829.0
next_TS,next,TS,tai30_15_01.F.15_01,21,1708.0,1930.0,1819.0
next_TS,next,TS,tai30_15_01.F.15_01,22,1680.0,1902.0,1791.0
next_TS,next,TS,tai30_15_01.F.15_01,23,1663.0,1902.0,1782.5
next_TS,next,TS,tai30_15_01.F.15_01,24,1690.0,1922.0,1806.0
next_TS,next,TS,tai30_15_01.F.15_01,25,1693.0,1920.0,1806.5
next_TS,next,TS,tai30_15_01.F.15_01,26,1685.0,1911.0,1798.0
next_TS,next,TS,tai30_15_01.F.15_01,27,1666.0,1922.0,1794.0
next_TS,next,TS,tai30_15_01.F.15_01,28,1677.0,1925.0,1801.0
next_TS,next,TS,tai30_15_01.F.15_01,29,1701.0,1901.0,1801.0
next_TS,next,TS,tai30_15_01.F.15_01,30,1682.0,1902.0,1792.0
next_TS,next,TS,tai30_15_02.F.15_01,1,1719.0,1980.0,1849.5
next_TS,next,TS,tai30_15_02.F.15_01,2,1714.0,2017.0,1865.5
next_TS,next,TS,tai30_15_02.F.15_01,3,1730.0,2020.0,1875.0
next_TS,next,TS,tai30_15_02.F.15_01,4,1738.0,1997.0,1867.5
next_TS,next,TS,tai30_15_02.F.15_01,5,1775.0,2039.0,1907.0
next_TS,next,TS,tai30_15_02.F.15_01,6,1720.0,2017.0,1868.5
next_TS,next,TS,tai30_15_02.F.15_01,7,1714.0,2017.0,1865.5
next_TS,next,TS,tai30_15_02.F.15_01,8,1756.0,2010.0,1883.0
next_TS,next,TS,tai30_15_02.F.15_01,9,1741.0,2017.0,1879.0
next_TS,next,TS,tai30_15_02.F.15_01,10,1714.0,1998.0,1856.0
next_TS,next,TS,tai30_15_02.F.15_01,11,1729.0,2003.0,1866.0
next_TS,next,TS,tai30_15_02.F.15_01,12,1748.0,2017.0,1882.5
next_TS,next,TS,tai30_15_02.F.15_01,13,1749.0,1989.0,1869.0
next_TS,next,TS,tai30_15_02.F.15_01,14,1762.0,2024.0,1893.0
next_TS,next,TS,tai30_15_02.F.15_01,15,1741.0,2017.0,1879.0
next_TS,next,TS,tai30_15_02.F.15_01,16,1758.0,2033.0,1895.5
next_TS,next,TS,tai30_15_02.F.15_01,17,1740.0,2008.0,1874.0
next_TS,next,TS,tai30_15_02.F.15_01,18,1717.0,1972.0,1844.5
next_TS,next,TS,tai30_15_02.F.15_01,19,1746.0,2043.0,1894.5
next_TS,next,TS,tai30_15_02.F.15_01,20,1740.0,1995.0,1867.5
next_TS,next,TS,tai30_15_02.F.15_01,21,1795.0,2069.0,1932.0
next_TS,next,TS,tai30_15_02.F.15_01,22,1713.0,2017.0,1865.0
next_TS,next,TS,tai30_15_02.F.15_01,23,1735.0,2015.0,1875.0
next_TS,next,TS,tai30_15_02.F.15_01,24,1740.0,2020.0,1880.0
next_TS,next,TS,tai30_15_02.F.15_01,25,1724.0,2017.0,1870.5
next_TS,next,TS,tai30_15_02.F.15_01,26,1735.0,2023.0,1879.0
next_TS,next,TS,tai30_15_02.F.15_01,27,1720.0,2017.0,1868.5
next_TS,next,TS,tai30_15_02.F.15_01,28,1744.0,2017.0,1880.5
next_TS,next,TS,tai30_15_02.F.15_01,29,1726.0,2017.0,1871.5
next_TS,next,TS,tai30_15_02.F.15_01,30,1767.0,2005.0,1886.0
next_TS,next,TS,tai30_15_03.F.15_01,1,1746.0,2012.0,1879.0
next_TS,next,TS,tai30_15_03.F.15_01,2,1748.0,2014.0,1881.0
next_TS,next,TS,tai30_15_03.F.15_01,3,1737.0,1996.0,1866.5
next_TS,next,TS,tai30_15_03.F.15_01,4,1729.0,2005.0,1867.0
next_TS,next,TS,tai30_15_03.F.15_01,5,1728.0,1996.0,1862.0
next_TS,next,TS,tai30_15_03.F.15_01,6,1759.0,2009.0,1884.0
next_TS,next,TS,tai30_15_03.F.15_01,7,1745.0,2026.0,1885.5
next_TS,next,TS,tai30_15_03.F.15_01,8,1747.0,2011.0,1879.0
next_TS,next,TS,tai30_15_03.F.15_01,9,1755.0,1985.0,1870.0
next_TS,next,TS,tai30_15_03.F.15_01,10,1754.0,2017.0,1885.5
next_TS,next,TS,tai30_15_03.F.15_01,11,1793.0,2029.0,1911.0
next_TS,next,TS,tai30_15_03.F.15_01,12,1745.0,1998.0,1871.5
next_TS,next,TS,tai30_15_03.F.15_01,13,1730.0,1996.0,1863.0
next_TS,next,TS,tai30_15_03.F.15_01,14,1731.0,1996.0,1863.5
next_TS,next,TS,tai30_15_03.F.15_01,15,1755.0,2006.0,1880.5
next_TS,next,TS,tai30_15_03.F.15_01,16,1752.0,2010.0,1881.0
next_TS,next,TS,tai30_15_03.F.15_01,17,1747.0,1996.0,1871.5
next_TS,next,TS,tai30_15_03.F.15_01,18,1753.0,2004.0,1878.5
next_TS,next,TS,tai30_15_03.F.15_01,19,1747.0,2004.0,1875.5
next_TS,next,TS,tai30_15_03.F.15_01,20,1733.0,1996.0,1864.5
next_TS,next,TS,tai30_15_03.F.15_01,21,1728.0,1993.0,1860.5
next_TS,next,TS,tai30_15_03.F.15_01,22,1771.0,2035.0,1903.0
next_TS,next,TS,tai30_15_03.F.15_01,23,1717.0,2002.0,1859.5
next_TS,next,TS,tai30_15_03.F.15_01,24,1751.0,2003.0,1877.0
next_TS,next,TS,tai30_15_03.F.15_01,25,1745.0,1998.0,1871.5
next_TS,next,TS,tai30_15_03.F.15_01,26,1744.0,1996.0,1870.0
next_TS,next,TS,tai30_15_03.F.15_01,27,1759.0,2034.0,1896.5
next_TS,next,TS,tai30_15_03.F.15_01,28,1752.0,2007.0,1879.5
next_TS,next,TS,tai30_15_03.F.15_01,29,1744.0,2001.0,1872.5
next_TS,next,TS,tai30_15_03.F.15_01,30,1740.0,2003.0,1871.5
next_TS,next,TS,tai30_15_04.F.15_01,1,1802.0,2046.0,1924.0
next_TS,next,TS,tai30_15_04.F.15_01,2,1774.0,2046.0,1910.0
next_TS,next,TS,tai30_15_04.F.15_01,3,1781.0,2046.0,1913.5
next_TS,next,TS,tai30_15_04.F.15_01,4,1803.0,2081.0,1942.0
next_TS,next,TS,tai30_15_04.F.15_01,5,1766.0,2032.0,1899.0
next_TS,next,TS,tai30_15_04.F.15_01,6,1783.0,2083.0,1933.0
next_TS,next,TS,tai30_15_04.F.15_01,7,1771.0,2033.0,1902.0
next_TS,next,TS,tai30_15_04.F.15_01,8,1782.0,2058.0,1920.0
next_TS,next,TS,tai30_15_04.F.15_01,9,1799.0,2044.0,1921.5
next_TS,next,TS,tai30_15_04.F.15_01,10,1783.0,2055.0,1919.0
next_TS,next,TS,tai30_15_04.F.15_01,11,1757.0,2046.0,1901.5
next_TS,next,TS,tai30_15_04.F.15_01,12,1761.0,2033.0,1897.0
next_TS,next,TS,tai30_15_04.F.15_01,13,1770.0,2051.0,1910.5
next_TS,next,TS,tai30_15_04.F.15_01,14,1790.0,2051.0,1920.5
next_TS,next,TS,tai30_15_04.F.15_01,15,1789.0,2044.0,1916.5
next_TS,next,TS,tai30_15_04.F.15_01,16,1805.0,2051.0,1928.0
next_TS,next,TS,tai30_15_04.F.15_01,17,1756.0,2031.0,1893.5
next_TS,next,TS,tai30_15_04.F.15_01,18,1788.0,2080.0,1934.0
next_TS,next,TS,tai30_15_04.F.15_01,19,1794.0,2032.0,1913.0
next_TS,next,TS,tai30_15_04.F.15_01,20,1769.0,2030.0,1899.5
next_TS,next,TS,tai30_15_04.F.15_01,21,1772.0,2030.0,1901.0
next_TS,next,TS,tai30_15_04.F.15_01,22,1832.0,2083.0,1957.5
next_TS,next,TS,tai30_15_04.F.15_01,23,1758.0,2046.0,1902.0
next_TS,next,TS,tai30_15_04.F.15_01,24,1779.0,2051.0,1915.0
next_TS,next,TS,tai30_15_04.F.15_01,25,1812.0,2073.0,1942.5
next_TS,next,TS,tai30_15_04.F.15_01,26,1779.0,2046.0,1912.5
next_TS,next,TS,tai30_15_04.F.15_01,27,1805.0,2051.0,1928.0
next_TS,next,TS,tai30_15_04.F.15_01,28,1779.0,2058.0,1918.5
next_TS,next,TS,tai30_15_04.F.15_01,29,1789.0,2051.0,1920.0
next_TS,next,TS,tai30_15_04.F.15_01,30,1805.0,2043.0,1924.0
next_TS,next,TS,tai30_15_05.F.15_01,1,1854.0,2176.0,2015.0
next_TS,next,TS,tai30_15_05.F.15_01,2,1847.0,2167.0,2007.0
next_TS,next,TS,tai30_15_05.F.15_01,3,1847.0,2167.0,2007.0
next_TS,next,TS,tai30_15_05.F.15_01,4,1854.0,2176.0,2015.0
next_TS,next,TS,tai30_15_05.F.15_01,5,1854.0,2176.0,2015.0
next_TS,next,TS,tai30_15_05.F.15_01,6,1854.0,2176.0,2015.0
next_TS,next,TS,tai30_15_05.F.15_01,7,1847.0,2167.0,2007.0
next_TS,next,TS,tai30_15_05.F.15_01,8,1854.0,2176.0,2015.0
next_TS,next,TS,tai30_15_05.F.15_01,9,1856.0,2167.0,2011.5
next_TS,next,TS,tai30_15_05.F.15_01,10,1856.0,2176.0,2016.0
next_TS,next,TS,tai30_15_05.F.15_01,11,1856.0,2167.0,2011.5
next_TS,next,TS,tai30_15_05.F.15_01,12,1854.0,2176.0,2015.0
next_TS,next,TS,tai30_15_05.F.15_01,13,1854.0,2176.0,2015.0
next_TS,next,TS,tai30_15_05.F.15_01,14,1854.0,2176.0,2015.0
next_TS,next,TS,tai30_15_05.F.15_01,15,1854.0,2176.0,2015.0
next_TS,next,TS,tai30_15_05.F.15_01,16,1849.0,2176.0,2012.5
next_TS,next,TS,tai30_15_05.F.15_01,17,1854.0,2176.0,2015.0
next_TS,next,TS,tai30_15_05.F.15_01,18,1847.0,2167.0,2007.0
next_TS,next,TS,tai30_15_05.F.15_01,19,1854.0,2176.0,2015.0
next_TS,next,TS,tai30_15_05.F.15_01,20,1854.0,2176.0,2015.0
next_TS,next,TS,tai30_15_05.F.15_01,21,1854.0,2176.0,2015.0
next_TS,next,TS,tai30_15_05.F.15_01,22,1854.0,2176.0,2015.0
next_TS,next,TS,tai30_15_05.F.15_01,23,1851.0,2176.0,2013.5
next_TS,next,TS,tai30_15_05.F.15_01,24,1854.0,2176.0,2015.0
next_TS,next,TS,tai30_15_05.F.15_01,25,1847.0,2167.0,2007.0
next_TS,next,TS,tai30_15_05.F.15_01,26,1848.0,2167.0,2007.5
next_TS,next,TS,tai30_15_05.F.15_01,27,1854.0,2176.0,2015.0
next_TS,next,TS,tai30_15_05.F.15_01,28,1854.0,2176.0,2015.0
next_TS,next,TS,tai30_15_05.F.15_01,29,1854.0,2176.0,2015.0
next_TS,next,TS,tai30_15_05.F.15_01,30,1854.0,2176.0,2015.0
next_TS,next,TS,tai30_15_06.F.15_01,1,1758.0,2015.0,1886.5
next_TS,next,TS,tai30_15_06.F.15_01,2,1759.0,2023.0,1891.0
next_TS,next,TS,tai30_15_06.F.15_01,3,1742.0,1976.0,1859.0
next_TS,next,TS,tai30_15_06.F.15_01,4,1751.0,1998.0,1874.5
next_TS,next,TS,tai30_15_06.F.15_01,5,1738.0,1996.0,1867.0
next_TS,next,TS,tai30_15_06.F.15_01,6,1754.0,2020.0,1887.0
next_TS,next,TS,tai30_15_06.F.15_01,7,1745.0,1998.0,1871.5
next_TS,next,TS,tai30_15_06.F.15_01,8,1718.0,1972.0,1845.0
next_TS,next,TS,tai30_15_06.F.15_01,9,1761.0,2031.0,1896.0
next_TS,next,TS,tai30_15_06.F.15_01,10,1759.0,1996.0,1877.5
next_TS,next,TS,tai30_15_06.F.15_01,11,1767.0,2014.0,1890.5
next_TS,next,TS,tai30_15_06.F.15_01,12,1747.0,2008.0,1877.5
next_TS,next,TS,tai30_15_06.F.15_01,13,1751.0,1992.0,1871.5
next_TS,next,TS,tai30_15_06.F.15_01,14,1748.0,1996.0,1872.0
next_TS,next,TS,tai30_15_06.F.15_01,15,1719.0,1978.0,1848.5
next_TS,next,TS,tai30_15_06.F.15_01,16,1740.0,1990.0,1865.0
next_TS,next,TS,tai30_15_06.F.15_01,17,1747.0,2004.0,1875.5
next_TS,next,TS,tai30_15_06.F.15_01,18,1726.0,1990.0,1858.0
next_TS,next,TS,tai30_15_06.F.15_01,19,1754.0,1989.0,1871.5
next_TS,next,TS,tai30_15_06.F.15_01,20,1751.0,2016.0,1883.5
next_TS,next,TS,tai30_15_06.F.15_01,21,1789.0,2064.0,1926.5
next_TS,next,TS,tai30_15_06.F.15_01,22,1743.0,2023.0,1883.0
next_TS,next,TS,tai30_15_06.F.15_01,23,1729.0,2016.0,1872.5
next_TS,next,TS,tai30_15_06.F.15_01,24,1773.0,2016.0,1894.5
next_TS,next,TS,tai30_15_06.F.15_01,25,1742.0,1991.0,1866.5
next_TS,next,TS,tai30_15_06.F.15_01,26,1749.0,2012.0,1880.5
next_TS,next,TS,tai30_15_06.F.15_01,27,1778.0,2018.0,1898.0
next_TS,next,TS,tai30_15_06.F.15_01,28,1748.0,2006.0,1877.0
next_TS,next,TS,tai30_15_06.F.15_01,29,1731.0,1968.0,1849.5
next_TS,next,TS,tai30_15_06.F.15_01,30,1724.0,2002.0,1863.0
next_TS,next,TS,tai30_15_07.F.15_01,1,1707.0,1975.0,1841.0
next_TS,next,TS,tai30_15_07.F.15_01,2,1712.0,1977.0,1844.5
next_TS,next,TS,tai30_15_07.F.15_01,3,1710.0,1981.0,1845.5
next_TS,next,TS,tai30_15_07.F.15_01,4,1731.0,2031.0,1881.0
next_TS,next,TS,tai30_15_07.F.15_01,5,1703.0,1976.0,1839.5
next_TS,next,TS,tai30_15_07.F.15_01,6,1719.0,1987.0,1853.0
next_TS,next,TS,tai30_15_07.F.15_01,7,1699.0,1974.0,1836.5
next_TS,next,TS,tai30_15_07.F.15_01,8,1744.0,1984.0,1864.0
next_TS,next,TS,tai30_15_07.F.15_01,9,1713.0,1998.0,1855.5
next_TS,next,TS,tai30_15_07.F.15_01,10,1721.0,2001.0,1861.0
next_TS,next,TS,tai30_15_07.F.15_01,11,1720.0,1974.0,1847.0
next_TS,next,TS,tai30_15_07.F.15_01,12,1729.0,1979.0,1854.0
next_TS,next,TS,tai30_15_07.F.15_01,13,1698.0,1972.0,1835.0
next_TS,next,TS,tai30_15_07.F.15_01,14,1765.0,2021.0,1893.0
next_TS,next,TS,tai30_15_07.F.15_01,15,1723.0,1967.0,1845.0
next_TS,next,TS,tai30_15_07.F.15_01,16,1701.0,1983.0,1842.0
next_TS,next,TS,tai30_15_07.F.15_01,17,1713.0,1973.0,1843.0
next_TS,next,TS,tai30_15_07.F.15_01,18,1711.0,1977.0,1844.0
next_TS,next,TS,tai30_15_07.F.15_01,19,1693.0,1987.0,1840.0
next_TS,next,TS,tai30_15_07.F.15_01,20,1715.0,1992.0,1853.5
next_TS,next,TS,tai30_15_07.F.15_01,21,1695.0,1977.0,1836.0
next_TS,next,TS,tai30_15_07.F.15_01,22,1732.0,2012.0,1872.0
next_TS,next,TS,tai30_15_07.F.15_01,23,1720.0,1976.0,1848.0
next_TS,next,TS,tai30_15_07.F.15_01,24,1726.0,1990.0,1858.0
next_TS,next,TS,tai30_15_07.F.15_01,25,1751.0,2037.0,1894.0
next_TS,next,TS,tai30_15_07.F.15_01,26,1695.0,1978.0,1836.5
next_TS,next,TS,tai30_15_07.F.15_01,27,1710.0,1960.0,1835.0
next_TS,next,TS,tai30_15_07.F.15_01,28,1706.0,1973.0,1839.5
next_TS,next,TS,tai30_15_07.F.15_01,29,1695.0,1976.0,1835.5
next_TS,next,TS,tai30_15_07.F.15_01,30,1721.0,1961.0,1841.0
next_TS,next,TS,tai30_15_08.F.15_01,1,1630.0,1875.0,1752.5
next_TS,next,TS,tai30_15_08.F.15_01,2,1633.0,1861.0,1747.0
next_TS,next,TS,tai30_15_08.F.15_01,3,1655.0,1877.0,1766.0
next_TS,next,TS,tai30_15_08.F.15_01,4,1636.0,1887.0,1761.5
next_TS,next,TS,tai30_15_08.F.15_01,5,1646.0,1883.0,1764.5
next_TS,next,TS,tai30_15_08.F.15_01,6,1639.0,1871.0,1755.0
next_TS,next,TS,tai30_15_08.F.15_01,7,1629.0,1882.0,1755.5
next_TS,next,TS,tai30_15_08.F.15_01,8,1628.0,1887.0,1757.5
next_TS,next,TS,tai30_15_08.F.15_01,9,1638.0,1862.0,1750.0
next_TS,next,TS,tai30_15_08.F.15_01,10,1624.0,1876.0,1750.0
next_TS,next,TS,tai30_15_08.F.15_01,11,1646.0,1860.0,1753.0
next_TS,next,TS,tai30_15_08.F.15_01,12,1659.0,1870.0,1764.5
next_TS,next,TS,tai30_15_08.F.15_01,13,1643.0,1853.0,1748.0
next_TS,next,TS,tai30_15_08.F.15_01,14,1671.0,1885.0,1778.0
next_TS,next,TS,tai30_15_08.F.15_01,15,1616.0,1857.0,1736.5
next_TS,next,TS,tai30_15_08.F.15_01,16,1653.0,1886.0,1769.5
next_TS,next,TS,tai30_15_08.F.15_01,17,1618.0,1868.0,1743.0
next_TS,next,TS,tai30_15_08.F.15_01,18,1644.0,1877.0,1760.5
next_TS,next,TS,tai30_15_08.F.15_01,19,1680.0,1907.0,1793.5
next_TS,next,TS,tai30_15_08.F.15_01,20,1665.0,1888.0,1776.5
next_TS,next,TS,tai30_15_08.F.15_01,21,1651.0,1855.0,1753.0
next_TS,next,TS,tai30_15_08.F.15_01,22,1610.0,1862.0,1736.0
next_TS,next,TS,tai30_15_08.F.15_01,23,1663.0,1896.0,1779.5
next_TS,next,TS,tai30_15_08.F.15_01,24,1607.0,1842.0,1724.5
next_TS,next,TS,tai30_15_08.F.15_01,25,1649.0,1881.0,1765.0
next_TS,next,TS,tai30_15_08.F.15_01,26,1653.0,1885.0,1769.0
next_TS,next,TS,tai30_15_08.F.15_01,27,1668.0,1904.0,1786.0
next_TS,next,TS,tai30_15_08.F.15_01,28,1640.0,1880.0,1760.0
next_TS,next,TS,tai30_15_08.F.15_01,29,1604.0,1854.0,1729.0
next_TS,next,TS,tai30_15_08.F.15_01,30,1621.0,1883.0,1752.0
next_TS,next,TS,tai30_15_09.F.15_01,1,1713.0,1946.0,1829.5
next_TS,next,TS,tai30_15_09.F.15_01,2,1797.0,2021.0,1909.0
next_TS,next,TS,tai30_15_09.F.15_01,3,1757.0,1983.0,1870.0
next_TS,next,TS,tai30_15_09.F.15_01,4,1738.0,1998.0,1868.0
next_TS,next,TS,tai30_15_09.F.15_01,5,1749.0,1983.0,1866.0
next_TS,next,TS,tai30_15_09.F.15_01,6,1744.0,2002.0,1873.0
next_TS,next,TS,tai30_15_09.F.15_01,7,1753.0,1993.0,1873.0
next_TS,next,TS,tai30_15_09.F.15_01,8,1709.0,1957.0,1833.0
next_TS,next,TS,tai30_15_09.F.15_01,9,1730.0,1960.0,1845.0
next_TS,next,TS,tai30_15_09.F.15_01,10,1730.0,1957.0,1843.5
next_TS,next,TS,tai30_15_09.F.15_01,11,1728.0,1962.0,1845.0
next_TS,next,TS,tai30_15_09.F.15_01,12,1744.0,1966.0,1855.0
next_TS,next,TS,tai30_15_09.F.15_01,13,1717.0,1957.0,1837.0
next_TS,next,TS,tai30_15_09.F.15_01,14,1728.0,1969.0,1848.5
next_TS,next,TS,tai30_15_09.F.15_01,15,1742.0,1975.0,1858.5
next_TS,next,TS,tai30_15_09.F.15_01,16,1773.0,1969.0,1871.0
next_TS,next,TS,tai30_15_09.F.15_01,17,1737.0,2007.0,1872.0
next_TS,next,TS,tai30_15_09.F.15_01,18,1715.0,1970.0,1842.5
next_TS,next,TS,tai30_15_09.F.15_01,19,1742.0,1962.0,1852.0
next_TS,next,TS,tai30_15_09.F.15_01,20,1716.0,1964.0,1840.0
next_TS,next,TS,tai30_15_09.F.15_01,21,1717.0,1957.0,1837.0
next_TS,next,TS,tai30_15_09.F.15_01,22,1761.0,1952.0,1856.5
next_TS,next,TS,tai30_15_09.F.15_01,23,1731.0,1983.0,1857.0
next_TS,next,TS,tai30_15_09.F.15_01,24,1744.0,1974.0,1859.0
next_TS,next,TS,tai30_15_09.F.15_01,25,1730.0,1963.0,1846.5
next_TS,next,TS,tai30_15_09.F.15_01,26,1721.0,1957.0,1839.0
next_TS,next,TS,tai30_15_09.F.15_01,27,1721.0,1955.0,1838.0
next_TS,next,TS,tai30_15_09.F.15_01,28,1713.0,1941.0,1827.0
next_TS,next,TS,tai30_15_09.F.15_01,29,1701.0,1941.0,1821.0
next_TS,next,TS,tai30_15_09.F.15_01,30,1708.0,1947.0,1827.5
next_TS,next,TS,tai30_15_10.F.15_01,1,1660.0,1870.0,1765.0
next_TS,next,TS,tai30_15_10.F.15_01,2,1637.0,1859.0,1748.0
next_TS,next,TS,tai30_15_10.F.15_01,3,1684.0,1873.0,1778.5
next_TS,next,TS,tai30_15_10.F.15_01,4,1663.0,1858.0,1760.5
next_TS,next,TS,tai30_15_10.F.15_01,5,1675.0,1885.0,1780.0
next_TS,next,TS,tai30_15_10.F.15_01,6,1640.0,1858.0,1749.0
next_TS,next,TS,tai30_15_10.F.15_01,7,1663.0,1857.0,1760.0
next_TS,next,TS,tai30_15_10.F.15_01,8,1657.0,1882.0,1769.5
next_TS,next,TS,tai30_15_10.F.15_01,9,1666.0,1905.0,1785.5
next_TS,next,TS,tai30_15_10.F.15_01,10,1688.0,1875.0,1781.5
next_TS,next,TS,tai30_15_10.F.15_01,11,1652.0,1849.0,1750.5
next_TS,next,TS,tai30_15_10.F.15_01,12,1668.0,1897.0,1782.5
next_TS,next,TS,tai30_15_10.F.15_01,13,1653.0,1867.0,1760.0
next_TS,next,TS,tai30_15_10.F.15_01,14,1660.0,1916.0,1788.0
next_TS,next,TS,tai30_15_10.F.15_01,15,1648.0,1860.0,1754.0
next_TS,next,TS,tai30_15_10.F.15_01,16,1665.0,1905.0,1785.0
next_TS,next,TS,tai30_15_10.F.15_01,17,1666.0,1871.0,1768.5
next_TS,next,TS,tai30_15_10.F.15_01,18,1652.0,1865.0,1758.5
next_TS,next,TS,tai30_15_10.F.15_01,19,1658.0,1845.0,1751.5
next_TS,next,TS,tai30_15_10.F.15_01,20,1656.0,1870.0,1763.0
next_TS,next,TS,tai30_15_10.F.15_01,21,1668.0,1882.0,1775.0
next_TS,next,TS,tai30_15_10.F.15_01,22,1665.0,1888.0,1776.5
next_TS,next,TS,tai30_15_10.F.15_01,23,1662.0,1856.0,1759.0
next_TS,next,TS,tai30_15_10.F.15_01,24,1660.0,1871.0,1765.5
next_TS,next,TS,tai30_15_10.F.15_01,25,1688.0,1916.0,1802.0
next_TS,next,TS,tai30_15_10.F.15_01,26,1652.0,1872.0,1762.0
next_TS,next,TS,tai30_15_10.F.15_01,27,1652.0,1891.0,1771.5
next_TS,next,TS,tai30_15_10.F.15_01,28,1673.0,1913.0,1793.0
next_TS,next,TS,tai30_15_10.F.15_01,29,1669.0,1881.0,1775.0
next_TS,next,TS,tai30_15_10.F.15_01,30,1686.0,1912.0,1799.0
next_TS,next,TS,tai30_20_01.F.15_01,1,1996.0,2259.0,2127.5
next_TS,next,TS,tai30_20_01.F.15_01,2,1980.0,2265.0,2122.5
next_TS,next,TS,tai30_20_01.F.15_01,3,1966.0,2221.0,2093.5
next_TS,next,TS,tai30_20_01.F.15_01,4,1987.0,2251.0,2119.0
next_TS,next,TS,tai30_20_01.F.15_01,5,1999.0,2265.0,2132.0
next_TS,next,TS,tai30_20_01.F.15_01,6,2066.0,2341.0,2203.5
next_TS,next,TS,tai30_20_01.F.15_01,7,2013.0,2280.0,2146.5
next_TS,next,TS,tai30_20_01.F.15_01,8,2042.0,2318.0,2180.0
next_TS,next,TS,tai30_20_01.F.15_01,9,1994.0,2270.0,2132.0
next_TS,next,TS,tai30_20_01.F.15_01,10,1961.0,2232.0,2096.5
next_TS,next,TS,tai30_20_01.F.15_01,11,2018.0,2264.0,2141.0
next_TS,next,TS,tai30_20_01.F.15_01,12,2004.0,2273.0,2138.5
next_TS,next,TS,tai30_20_01.F.15_01,13,1997.0,2276.0,2136.5
next_TS,next,TS,tai30_20_01.F.15_01,14,2022.0,2279.0,2150.5
next_TS,next,TS,tai30_20_01.F.15_01,15,1980.0,2273.0,2126.5
next_TS,next,TS,tai30_20_01.F.15_01,16,2001.0,2269.0,2135.0
next_TS,next,TS,tai30_20_01.F.15_01,17,2001.0,2263.0,2132.0
next_TS,next,TS,tai30_20_01.F.15_01,18,2029.0,2298.0,2163.5
next_TS,next,TS,tai30_20_01.F.15_01,19,1979.0,2262.0,2120.5
next_TS,next,TS,tai30_20_01.F.15_01,20,2028.0,2290.0,2159.0
next_TS,next,TS,tai30_20_01.F.15_01,21,2075.0,2311.0,2193.0
next_TS,next,TS,tai30_20_01.F.15_01,22,2019.0,2255.0,2137.0
next_TS,next,TS,tai30_20_01.F.15_01,23,1997.0,2273.0,2135.0
next_TS,next,TS,tai30_20_01.F.15_01,24,2013.0,2279.0,2146.0
next_TS,next,TS,tai30_20_01.F.15_01,25,1991.0,2245.0,2118.0
next_TS,next,TS,tai30_20_01.F.15_01,26,2062.0,2318.0,2190.0
next_TS,next,TS,tai30_20_01.F.15_01,27,2022.0,2274.0,2148.0
next_TS,next,TS,tai30_20_01.F.15_01,28,2017.0,2292.0,2154.5
next_TS,next,TS,tai30_20_01.F.15_01,29,2022.0,2283.0,2152.5
next_TS,next,TS,tai30_20_01.F.15_01,30,2044.0,2322.0,2183.0
next_TS,next,TS,tai30_20_02.F.15_01,1,1892.0,2183.0,2037.5
next_TS,next,TS,tai30_20_02.F.15_01,2,1889.0,2176.0,2032.5
next_TS,next,TS,tai30_20_02.F.15_01,3,1902.0,2162.0,2032.0
next_TS,next,TS,tai30_20_02.F.15_01,4,1908.0,2187.0,2047.5
next_TS,next,TS,tai30_20_02.F.15_01,5,1920.0,2186.0,2053.0
next_TS,next,TS,tai30_20_02.F.15_01,6,1913.0,2176.0,2044.5
next_TS,next,TS,tai30_20_02.F.15_01,7,1927.0,2198.0,2062.5
next_TS,next,TS,tai30_20_02.F.15_01,8,1922.0,2193.0,2057.5
next_TS,next,TS,tai30_20_02.F.15_01,9,1924.0,2190.0,2057.0
next_TS,next,TS,tai30_20_02.F.15_01,10,1890.0,2178.0,2034.0
next_TS,next,TS,tai30_20_02.F.15_01,11,1918.0,2165.0,2041.5
next_TS,next,TS,tai30_20_02.F.15_01,12,1933.0,2215.0,2074.0
next_TS,next,TS,tai30_20_02.F.15_01,13,1936.0,2209.0,2072.5
next_TS,next,TS,tai30_20_02.F.15_01,14,1937.0,2222.0,2079.5
next_TS,next,TS,tai30_20_02.F.15_01,15,1910.0,2163.0,2036.5
next_TS,next,TS,tai30_20_02.F.15_01,16,1902.0,2214.0,2058.0
next_TS,next,TS,tai30_20_02.F.15_01,17,1906.0,2201.0,2053.5
next_TS,next,TS,tai30_20_02.F.15_01,18,1913.0,2184.0,2048.5
next_TS,next,TS,tai30_20_02.F.15_01,19,1920.0,2166.0,2043.0
next_TS,next,TS,tai30_20_02.F.15_01,20,1903.0,2179.0,2041.0
next_TS,next,TS,tai30_20_02.F.15_01,21,1924.0,2164.0,2044.0
next_TS,next,TS,tai30_20_02.F.15_01,22,1922.0,2194.0,2058.0
next_TS,next,TS,tai30_20_02.F.15_01,23,1882.0,2163.0,2022.5
next_TS,next,TS,tai30_20_02.F.15_01,24,1931.0,2200.0,2065.5
next_TS,next,TS,tai30_20_02.F.15_01,25,1921.0,2187.0,2054.0
next_TS,next,TS,tai30_20_02.F.15_01,26,1914.0,2201.0,2057.5
next_TS,next,TS,tai30_20_02.F.15_01,27,1909.0,2176.0,2042.5
next_TS,next,TS,tai30_20_02.F.15_01,28,1877.0,2184.0,2030.5
next_TS,next,TS,tai30_20_02.F.15_01,29,1925.0,2204.0,2064.5
next_TS,next,TS,tai30_20_02.F.15_01,30,1897.0,2165.0,2031.0
next_TS,next,TS,tai30_20_03.F.15_01,1,1873.0,2098.0,1985.5
next_TS,next,TS,tai30_20_03.F.15_01,2,1856.0,2084.0,1970.0
next_TS,next,TS,tai30_20_03.F.15_01,3,1895.0,2134.0,2014.5
next_TS,next,TS,tai30_20_03.F.15_01,4,1841.0,2089.0,1965.0
next_TS,next,TS,tai30_20_03.F.15_01,5,1835.0,2071.0,1953.0
next_TS,next,TS,tai30_20_03.F.15_01,6,1869.0,2111.0,1990.0
next_TS,next,TS,tai30_20_03.F.15_01,7,1837.0,2084.0,1960.5
next_TS,next,TS,tai30_20_03.F.15_01,8,1837.0,2108.0,1972.5
next_TS,next,TS,tai30_20_03.F.15_01,9,1836.0,2085.0,1960.5
next_TS,next,TS,tai30_20_03.F.15_01,10,1854.0,2070.0,1962.0
next_TS,next,TS,tai30_20_03.F.15_01,11,1848.0,2090.0,1969.0
next_TS,next,TS,tai30_20_03.F.15_01,12,1852.0,2079.0,1965.5
next_TS,next,TS,tai30_20_03.F.15_01,13,1868.0,2103.0,1985.5
next_TS,next,TS,tai30_20_03.F.15_01,14,1823.0,2041.0,1932.0
next_TS,next,TS,tai30_20_03.F.15_01,15,1856.0,2117.0,1986.5
next_TS,next,TS,tai30_20_03.F.15_01,16,1844.0,2095.0,1969.5
next_TS,next,TS,tai30_20_03.F.15_01,17,1854.0,2150.0,2002.0
next_TS,next,TS,tai30_20_03.F.15_01,18,1884.0,2107.0,1995.5
next_TS,next,TS,tai30_20_03.F.15_01,19,1886.0,2136.0,2011.0
next_TS,next,TS,tai30_20_03.F.15_01,20,1831.0,2098.0,1964.5
next_TS,next,TS,tai30_20_03.F.15_01,21,1865.0,2095.0,1980.0
next_TS,next,TS,tai30_20_03.F.15_01,22,1844.0,2078.0,1961.0
next_TS,next,TS,tai30_20_03.F.15_01,23,1855.0,2064.0,1959.5
next_TS,next,TS,tai30_20_03.F.15_01,24,1849.0,2094.0,1971.5
next_TS,next,TS,tai30_20_03.F.15_01,25,1814.0,2083.0,1948.5
next_TS,next,TS,tai30_20_03.F.15_01,26,1858.0,2086.0,1972.0
next_TS,next,TS,tai30_20_03.F.15_01,27,1894.0,2121.0,2007.5
next_TS,next,TS,tai30_20_03.F.15_01,28,1876.0,2114.0,1995.0
next_TS,next,TS,tai30_20_03.F.15_01,29,1866.0,2108.0,1987.0
next_TS,next,TS,tai30_20_03.F.15_01,30,1849.0,2101.0,1975.0
next_TS,next,TS,tai30_20_04.F.15_01,1,1970.0,2212.0,2091.0
next_TS,next,TS,tai30_20_04.F.15_01,2,1976.0,2247.0,2111.5
next_TS,next,TS,tai30_20_04.F.15_01,3,2005.0,2253.0,2129.0
next_TS,next,TS,tai30_20_04.F.15_01,4,1972.0,2212.0,2092.0
next_TS,next,TS,tai30_20_04.F.15_01,5,1947.0,2212.0,2079.5
next_TS,next,TS,tai30_20_04.F.15_01,6,1959.0,2203.0,2081.0
next_TS,next,TS,tai30_20_04.F.15_01,7,2000.0,2236.0,2118.0
next_TS,next,TS,tai30_20_04.F.15_01,8,1988.0,2227.0,2107.5
next_TS,next,TS,tai30_20_04.F.15_01,9,1972.0,2228.0,2100.0
next_TS,next,TS,tai30_20_04.F.15_01,10,1946.0,2216.0,2081.0
next_TS,next,TS,tai30_20_04.F.15_01,11,1983.0,2226.0,2104.5
next_TS,next,TS,tai30_20_04.F.15_01,12,1960.0,2193.0,2076.5
next_TS,next,TS,tai30_20_04.F.15_01,13,1954.0,2207.0,2080.5
next_TS,next,TS,tai30_20_04.F.15_01,14,1987.0,2246.0,2116.5
next_TS,next,TS,tai30_20_04.F.15_01,15,1954.0,2197.0,2075.5
next_TS,next,TS,tai30_20_04.F.15_01,16,1976.0,2206.0,2091.0
next_TS,next,TS,tai30_20_04.F.15_01,17,1931.0,2179.0,2055.0
next_TS,next,TS,tai30_20_04.F.15_01,18,1988.0,2227.0,2107.5
next_TS,next,TS,tai30_20_04.F.15_01,19,1955.0,2241.0,2098.0
next_TS,next,TS,tai30_20_04.F.15_01,20,1988.0,2211.0,2099.5
next_TS,next,TS,tai30_20_04.F.15_01,21,1961.0,2201.0,2081.0
next_TS,next,TS,tai30_20_04.F.15_01,22,1980.0,2204.0,2092.0
next_TS,next,TS,tai30_20_04.F.15_01,23,2037.0,2254.0,2145.5
next_TS,next,TS,tai30_20_04.F.15_01,24,1987.0,2211.0,2099.0
next_TS,next,TS,tai30_20_04.F.15_01,25,1964.0,2199.0,2081.5
next_TS,next,TS,tai30_20_04.F.15_01,26,1957.0,2201.0,2079.0
next_TS,next,TS,tai30_20_04.F.15_01,27,1955.0,2198.0,2076.5
next_TS,next,TS,tai30_20_04.F.15_01,28,1977.0,2234.0,2105.5
next_TS,next,TS,tai30_20_04.F.15_01,29,2007.0,2250.0,2128.5
next_TS,next,TS,tai30_20_04.F.15_01,30,1962.0,2203.0,2082.5
next_TS,next,TS,tai30_20_05.F.15_01,1,1950.0,2200.0,2075.0
next_TS,next,TS,tai30_20_05.F.15_01,2,1974.0,2220.0,2097.0
next_TS,next,TS,tai30_20_05.F.15_01,3,1974.0,2198.0,2086.0
next_TS,next,TS,tai30_20_05.F.15_01,4,1971.0,2195.0,2083.0
next_TS,next,TS,tai30_20_05.F.15_01,5,1965.0,2201.0,2083.0
next_TS,next,TS,tai30_20_05.F.15_01,6,1993.0,2229.0,2111.0
next_TS,next,TS,tai30_20_05.F.15_01,7,1950.0,2189.0,2069.5
next_TS,next,TS,tai30_20_05.F.15_01,8,1970.0,2208.0,2089.0
next_TS,next,TS,tai30_20_05.F.15_01,9,1975.0,2190.0,2082.5
next_TS,next,TS,tai30_20_05.F.15_01,10,1959.0,2212.0,2085.5
next_TS,next,TS,tai30_20_05.F.15_01,11,1975.0,2219.0,2097.0
next_TS,next,TS,tai30_20_05.F.15_01,12,1966.0,2211.0,2088.5
next_TS,next,TS,tai30_20_05.F.15_01,13,1960.0,2223.0,2091.5
next_TS,next,TS,tai30_20_05.F.15_01,14,1954.0,2215.0,2084.5
next_TS,next,TS,tai30_20_05.F.15_01,15,1980.0,2225.0,2102.5
next_TS,next,TS,tai30_20_05.F.15_01,16,1955.0,2210.0,2082.5
next_TS,next,TS,tai30_20_05.F.15_01,17,2029.0,2241.0,2135.0
next_TS,next,TS,tai30_20_05.F.15_01,18,1974.0,2220.0,2097.0
next_TS,next,TS,tai30_20_05.F.15_01,19,1980.0,2241.0,2110.5
next_TS,next,TS,tai30_20_05.F.15_01,20,2000.0,2215.0,2107.5
next_TS,next,TS,tai30_20_05.F.15_01,21,2006.0,2212.0,2109.0
next_TS,next,TS,tai30_20_05.F.15_01,22,1971.0,2175.0,2073.0
next_TS,next,TS,tai30_20_05.F.15_01,23,1965.0,2207.0,2086.0
next_TS,next,TS,tai30_20_05.F.15_01,24,1952.0,2188.0,2070.0
next_TS,next,TS,tai30_20_05.F.15_01,25,1972.0,2194.0,2083.0
next_TS,next,TS,tai30_20_05.F.15_01,26,1995.0,2234.0,2114.5
next_TS,next,TS,tai30_20_05.F.15_01,27,1977.0,2191.0,2084.0
next_TS,next,TS,tai30_20_05.F.15_01,28,1966.0,2194.0,2080.0
next_TS,next,TS,tai30_20_05.F.15_01,29,2015.0,2265.0,2140.0
next_TS,next,TS,tai30_20_05.F.15_01,30,1961.0,2189.0,2075.0
next_TS,next,TS,tai30_20_06.F.15_01,1,1986.0,2250.0,2118.0
next_TS,next,TS,tai30_20_06.F.15_01,2,1980.0,2257.0,2118.5
next_TS,next,TS,tai30_20_06.F.15_01,3,2007.0,2284.0,2145.5
next_TS,next,TS,tai30_20_06.F.15_01,4,1957.0,2233.0,2095.0
next_TS,next,TS,tai30_20_06.F.15_01,5,2003.0,2264.0,2133.5
next_TS,next,TS,tai30_20_06.F.15_01,6,2004.0,2278.0,2141.0
next_TS,next,TS,tai30_20_06.F.15_01,7,2030.0,2273.0,2151.5
next_TS,next,TS,tai30_20_06.F.15_01,8,1978.0,2286.0,2132.0
next_TS,next,TS,tai30_20_06.F.15_01,9,2003.0,2285.0,2144.0
next_TS,next,TS,tai30_20_06.F.15_01,10,1987.0,2254.0,2120.5
next_TS,next,TS,tai30_20_06.F.15_01,11,2017.0,2282.0,2149.5
next_TS,next,TS,tai30_20_06.F.15_01,12,2020.0,2265.0,2142.5
next_TS,next,TS,tai30_20_06.F.15_01,13,1996.0,2265.0,2130.5
next_TS,next,TS,tai30_20_06.F.15_01,14,1987.0,2279.0,2133.0
next_TS,next,TS,tai30_20_06.F.15_01,15,1993.0,2247.0,2120.0
next_TS,next,TS,tai30_20_06.F.15_01,16,2002.0,2242.0,2122.0
next_TS,next,TS,tai30_20_06.F.15_01,17,1965.0,2251.0,2108.0
next_TS,next,TS,tai30_20_06.F.15_01,18,1965.0,2235.0,2100.0
next_TS,next,TS,tai30_20_06.F.15_01,19,2015.0,2256.0,2135.5
next_TS,next,TS,tai30_20_06.F.15_01,20,2019.0,2257.0,2138.0
next_TS,next,TS,tai30_20_06.F.15_01,21,1980.0,2248.0,2114.0
next_TS,next,TS,tai30_20_06.F.15_01,22,1979.0,2233.0,2106.0
next_TS,next,TS,tai30_20_06.F.15_01,23,1983.0,2252.0,2117.5
next_TS,next,TS,tai30_20_06.F.15_01,24,2022.0,2274.0,2148.0
next_TS,next,TS,tai30_20_06.F.15_01,25,1969.0,2237.0,2103.0
next_TS,next,TS,tai30_20_06.F.15_01,26,1976.0,2252.0,2114.0
next_TS,next,TS,tai30_20_06.F.15_01,27,1966.0,2234.0,2100.0
next_TS,next,TS,tai30_20_06.F.15_01,28,1986.0,2217.0,2101.5
next_TS,next,TS,tai30_20_06.F.15_01,29,2021.0,2285.0,2153.0
next_TS,next,TS,tai30_20_06.F.15_01,30,2018.0,2282.0,2150.0
next_TS,next,TS,tai30_20_07.F.15_01,1,1903.0,2124.0,2013.5
next_TS,next,TS,tai30_20_07.F.15_01,2,1919.0,2178.0,2048.5
next_TS,next,TS,tai30_20_07.F.15_01,3,1929.0,2152.0,2040.5
next_TS,next,TS,tai30_20_07.F.15_01,4,1893.0,2137.0,2015.0
next_TS,next,TS,tai30_20_07.F.15_01,5,1888.0,2125.0,2006.5
next_TS,next,TS,tai30_20_07.F.15_01,6,1911.0,2147.0,2029.0
next_TS,next,TS,tai30_20_07.F.15_01,7,1903.0,2165.0,2034.0
next_TS,next,TS,tai30_20_07.F.15_01,8,1881.0,2131.0,2006.0
next_TS,next,TS,tai30_20_07.F.15_01,9,1873.0,2129.0,2001.0
next_TS,next,TS,tai30_20_07.F.15_01,10,1892.0,2124.0,2008.0
next_TS,next,TS,tai30_20_07.F.15_01,11,1884.0,2136.0,2010.0
next_TS,next,TS,tai30_20_07.F.15_01,12,1922.0,2157.0,2039.5
next_TS,next,TS,tai30_20_07.F.15_01,13,1919.0,2149.0,2034.0
next_TS,next,TS,tai30_20_07.F.15_01,14,1875.0,2134.0,2004.5
next_TS,next,TS,tai30_20_07.F.15_01,15,1916.0,2167.0,2041.5
next_TS,next,TS,tai30_20_07.F.15_01,16,1942.0,2209.0,2075.5
next_TS,next,TS,tai30_20_07.F.15_01,17,1886.0,2120.0,2003.0
next_TS,next,TS,tai30_20_07.F.15_01,18,1917.0,2160.0,2038.5
next_TS,next,TS,tai30_20_07.F.15_01,19,1893.0,2157.0,2025.0
next_TS,next,TS,tai30_20_07.F.15_01,20,1888.0,2134.0,2011.0
next_TS,next,TS,tai30_20_07.F.15_01,21,1886.0,2125.0,2005.5
next_TS,next,TS,tai30_20_07.F.15_01,22,1921.0,2158.0,2039.5
next_TS,next,TS,tai30_20_07.F.15_01,23,1901.0,2135.0,2018.0
next_TS,next,TS,tai30_20_07.F.15_01,24,1917.0,2147.0,2032.0
next_TS,next,TS,tai30_20_07.F.15_01,25,1867.0,2104.0,1985.5
next_TS,next,TS,tai30_20_07.F.15_01,26,1876.0,2107.0,1991.5
next_TS,next,TS,tai30_20_07.F.15_01,27,1908.0,2167.0,2037.5
next_TS,next,TS,tai30_20_07.F.15_01,28,1899.0,2182.0,2040.5
next_TS,next,TS,tai30_20_07.F.15_01,29,1876.0,2114.0,1995.0
next_TS,next,TS,tai30_20_07.F.15_01,30,1934.0,2186.0,2060.0
next_TS,next,TS,tai30_20_08.F.15_01,1,1962.0,2217.0,2089.5
next_TS,next,TS,tai30_20_08.F.15_01,2,1919.0,2185.0,2052.0
next_TS,next,TS,tai30_20_08.F.15_01,3,1954.0,2237.0,2095.5
next_TS,next,TS,tai30_20_08.F.15_01,4,1955.0,2223.0,2089.0
next_TS,next,TS,tai30_20_08.F.15_01,5,1960.0,2189.0,2074.5
next_TS,next,TS,tai30_20_08.F.15_01,6,1927.0,2209.0,2068.0
next_TS,next,TS,tai30_20_08.F.15_01,7,1927.0,2192.0,2059.5
next_TS,next,TS,tai30_20_08.F.15_01,8,1937.0,2240.0,2088.5
next_TS,next,TS,tai30_20_08.F.15_01,9,1936.0,2226.0,2081.0
next_TS,next,TS,tai30_20_08.F.15_01,10,1968.0,2196.0,2082.0
next_TS,next,TS,tai30_20_08.F.15_01,11,2008.0,2214.0,2111.0
next_TS,next,TS,tai30_20_08.F.15_01,12,1978.0,2219.0,2098.5
next_TS,next,TS,tai30_20_08.F.15_01,13,1940.0,2187.0,2063.5
next_TS,next,TS,tai30_20_08.F.15_01,14,1939.0,2214.0,2076.5
next_TS,next,TS,tai30_20_08.F.15_01,15,1943.0,2223.0,2083.0
next_TS,next,TS,tai30_20_08.F.15_01,16,1960.0,2183.0,2071.5
next_TS,next,TS,tai30_20_08.F.15_01,17,1927.0,2200.0,2063.5
next_TS,next,TS,tai30_20_08.F.15_01,18,1954.0,2187.0,2070.5
next_TS,next,TS,tai30_20_08.F.15_01,19,1950.0,2196.0,2073.0
next_TS,next,TS,tai30_20_08.F.15_01,20,1938.0,2224.0,2081.0
next_TS,next,TS,tai30_20_08.F.15_01,21,1909.0,2191.0,2050.0
next_TS,next,TS,tai30_20_08.F.15_01,22,1952.0,2207.0,2079.5
next_TS,next,TS,tai30_20_08.F.15_01,23,1945.0,2197.0,2071.0
next_TS,next,TS,tai30_20_08.F.15_01,24,1924.0,2175.0,2049.5
next_TS,next,TS,tai30_20_08.F.15_01,25,1908.0,2178.0,2043.0
next_TS,next,TS,tai30_20_08.F.15_01,26,1901.0,2188.0,2044.5
next_TS,next,TS,tai30_20_08.F.15_01,27,1892.0,2222.0,2057.0
next_TS,next,TS,tai30_20_08.F.15_01,28,1942.0,2201.0,2071.5
next_TS,next,TS,tai30_20_08.F.15_01,29,1940.0,2212.0,2076.0
next_TS,next,TS,tai30_20_08.F.15_01,30,1992.0,2255.0,2123.5
next_TS,next,TS,tai30_20_09.F.15_01,1,1931.0,2162.0,2046.5
next_TS,next,TS,tai30_20_09.F.15_01,2,1920.0,2180.0,2050.0
next_TS,next,TS,tai30_20_09.F.15_01,3,1909.0,2154.0,2031.5
next_TS,next,TS,tai30_20_09.F.15_01,4,1914.0,2169.0,2041.5
next_TS,next,TS,tai30_20_09.F.15_01,5,1980.0,2204.0,2092.0
next_TS,next,TS,tai30_20_09.F.15_01,6,1935.0,2163.0,2049.0
next_TS,next,TS,tai30_20_09.F.15_01,7,1956.0,2202.0,2079.0
next_TS,next,TS,tai30_20_09.F.15_01,8,1935.0,2184.0,2059.5
next_TS,next,TS,tai30_20_09.F.15_01,9,1942.0,2184.0,2063.0
next_TS,next,TS,tai30_20_09.F.15_01,10,1945.0,2188.0,2066.5
next_TS,next,TS,tai30_20_09.F.15_01,11,1947.0,2189.0,2068.0
next_TS,next,TS,tai30_20_09.F.15_01,12,1964.0,2211.0,2087.5
next_TS,next,TS,tai30_20_09.F.15_01,13,1944.0,2145.0,2044.5
next_TS,next,TS,tai30_20_09.F.15_01,14,1938.0,2170.0,2054.0
next_TS,next,TS,tai30_20_09.F.15_01,15,1934.0,2168.0,2051.0
next_TS,next,TS,tai30_20_09.F.15_01,16,1977.0,2233.0,2105.0
next_TS,next,TS,tai30_20_09.F.15_01,17,1938.0,2201.0,2069.5
next_TS,next,TS,tai30_20_09.F.15_01,18,1939.0,2207.0,2073.0
next_TS,next,TS,tai30_20_09.F.15_01,19,1951.0,2165.0,2058.0
next_TS,next,TS,tai30_20_09.F.15_01,20,1924.0,2158.0,2041.0
next_TS,next,TS,tai30_20_09.F.15_01,21,1961.0,2222.0,2091.5
next_TS,next,TS,tai30_20_09.F.15_01,22,1979.0,2227.0,2103.0
next_TS,next,TS,tai30_20_09.F.15_01,23,1960.0,2206.0,2083.0
next_TS,next,TS,tai30_20_09.F.15_01,24,1956.0,2196.0,2076.0
next_TS,next,TS,tai30_20_09.F.15_01,25,1929.0,2186.0,2057.5
next_TS,next,TS,tai30_20_09.F.15_01,26,1947.0,2197.0,2072.0
next_TS,next,TS,tai30_20_09.F.15_01,27,1971.0,2202.0,2086.5
next_TS,next,TS,tai30_20_09.F.15_01,28,1967.0,2198.0,2082.5
next_TS,next,TS,tai30_20_09.F.15_01,29,1952.0,2206.0,2079.0
next_TS,next,TS,tai30_20_09.F.15_01,30,1938.0,2177.0,2057.5
next_TS,next,TS,tai30_20_10.F.15_01,1,1938.0,2190.0,2064.0
next_TS,next,TS,tai30_20_10.F.15_01,2,1933.0,2203.0,2068.0
next_TS,next,TS,tai30_20_10.F.15_01,3,1904.0,2154.0,2029.0
next_TS,next,TS,tai30_20_10.F.15_01,4,1889.0,2163.0,2026.0
next_TS,next,TS,tai30_20_10.F.15_01,5,1919.0,2189.0,2054.0
next_TS,next,TS,tai30_20_10.F.15_01,6,1931.0,2169.0,2050.0
next_TS,next,TS,tai30_20_10.F.15_01,7,1934.0,2174.0,2054.0
next_TS,next,TS,tai30_20_10.F.15_01,8,1924.0,2186.0,2055.0
next_TS,next,TS,tai30_20_10.F.15_01,9,1859.0,2130.0,1994.5
next_TS,next,TS,tai30_20_10.F.15_01,10,1880.0,2142.0,2011.0
next_TS,next,TS,tai30_20_10.F.15_01,11,1885.0,2132.0,2008.5
next_TS,next,TS,tai30_20_10.F.15_01,12,1929.0,2205.0,2067.0
next_TS,next,TS,tai30_20_10.F.15_01,13,1917.0,2189.0,2053.0
next_TS,next,TS,tai30_20_10.F.15_01,14,1919.0,2157.0,2038.0
next_TS,next,TS,tai30_20_10.F.15_01,15,1944.0,2210.0,2077.0
next_TS,next,TS,tai30_20_10.F.15_01,16,1931.0,2194.0,2062.5
next_TS,next,TS,tai30_20_10.F.15_01,17,1938.0,2219.0,2078.5
next_TS,next,TS,tai30_20_10.F.15_01,18,1904.0,2154.0,2029.0
next_TS,next,TS,tai30_20_10.F.15_01,19,1934.0,2177.0,2055.5
next_TS,next,TS,tai30_20_10.F.15_01,20,1901.0,2182.0,2041.5
next_TS,next,TS,tai30_20_10.F.15_01,21,1910.0,2173.0,2041.5
next_TS,next,TS,tai30_20_10.F.15_01,22,1964.0,2218.0,2091.0
next_TS,next,TS,tai30_20_10.F.15_01,23,1913.0,2165.0,2039.0
next_TS,next,TS,tai30_20_10.F.15_01,24,1939.0,2192.0,2065.5
next_TS,next,TS,tai30_20_10.F.15_01,25,1949.0,2213.0,2081.0
next_TS,next,TS,tai30_20_10.F.15_01,26,1896.0,2154.0,2025.0
next_TS,next,TS,tai30_20_10.F.15_01,27,1921.0,2175.0,2048.0
next_TS,next,TS,tai30_20_10.F.15_01,28,1917.0,2175.0,2046.0
next_TS,next,TS,tai30_20_10.F.15_01,29,1918.0,2179.0,2048.5
next_TS,next,TS,tai30_20_10.F.15_01,30,1903.0,2170.0,2036.5
next_TS,next,TS,tai50_15_01.F.15_01,1,2591.0,2990.0,2790.5
next_TS,next,TS,tai50_15_01.F.15_01,2,2549.0,2971.0,2760.0
next_TS,next,TS,tai50_15_01.F.15_01,3,2587.0,2971.0,2779.0
next_TS,next,TS,tai50_15_01.F.15_01,4,2569.0,2971.0,2770.0
next_TS,next,TS,tai50_15_01.F.15_01,5,2551.0,2971.0,2761.0
next_TS,next,TS,tai50_15_01.F.15_01,6,2549.0,2971.0,2760.0
next_TS,next,TS,tai50_15_01.F.15_01,7,2587.0,2999.0,2793.0
next_TS,next,TS,tai50_15_01.F.15_01,8,2551.0,2971.0,2761.0
next_TS,next,TS,tai50_15_01.F.15_01,9,2555.0,2971.0,2763.0
next_TS,next,TS,tai50_15_01.F.15_01,10,2549.0,2971.0,2760.0
next_TS,next,TS,tai50_15_01.F.15_01,11,2550.0,2971.0,2760.5
next_TS,next,TS,tai50_15_01.F.15_01,12,2572.0,2971.0,2771.5
next_TS,next,TS,tai50_15_01.F.15_01,13,2549.0,2971.0,2760.0
next_TS,next,TS,tai50_15_01.F.15_01,14,2601.0,3007.0,2804.0
next_TS,next,TS,tai50_15_01.F.15_01,15,2577.0,2971.0,2774.0
next_TS,next,TS,tai50_15_01.F.15_01,16,2551.0,2971.0,2761.0
next_TS,next,TS,tai50_15_01.F.15_01,17,2549.0,2971.0,2760.0
next_TS,next,TS,tai50_15_01.F.15_01,18,2549.0,2971.0,2760.0
next_TS,next,TS,tai50_15_01.F.15_01,19,2576.0,2987.0,2781.5
next_TS,next,TS,tai50_15_01.F.15_01,20,2549.0,2971.0,2760.0
next_TS,next,TS,tai50_15_01.F.15_01,21,2549.0,2971.0,2760.0
next_TS,next,TS,tai50_15_01.F.15_01,22,2556.0,2971.0,2763.5
next_TS,next,TS,tai50_15_01.F.15_01,23,2556.0,2971.0,2763.5
next_TS,next,TS,tai50_15_01.F.15_01,24,2585.0,2971.0,2778.0
next_TS,next,TS,tai50_15_01.F.15_01,25,2609.0,2971.0,2790.0
next_TS,next,TS,tai50_15_01.F.15_01,26,2549.0,2971.0,2760.0
next_TS,next,TS,tai50_15_01.F.15_01,27,2571.0,2973.0,2772.0
next_TS,next,TS,tai50_15_01.F.15_01,28,2596.0,2971.0,2783.5
next_TS,next,TS,tai50_15_01.F.15_01,29,2565.0,2971.0,2768.0
next_TS,next,TS,tai50_15_01.F.15_01,30,2549.0,2971.0,2760.0
next_TS,next,TS,tai50_15_02.F.15_01,1,2615.0,2980.0,2797.5
next_TS,next,TS,tai50_15_02.F.15_01,2,2581.0,2931.0,2756.0
next_TS,next,TS,tai50_15_02.F.15_01,3,2610.0,2969.0,2789.5
next_TS,next,TS,tai50_15_02.F.15_01,4,2597.0,2936.0,2766.5
next_TS,next,TS,tai50_15_02.F.15_01,5,2615.0,2957.0,2786.0
next_TS,next,TS,tai50_15_02.F.15_01,6,2604.0,2945.0,2774.5
next_TS,next,TS,tai50_15_02.F.15_01,7,2581.0,2931.0,2756.0
next_TS,next,TS,tai50_15_02.F.15_01,8,2581.0,2948.0,2764.5
next_TS,next,TS,tai50_15_02.F.15_01,9,2581.0,2931.0,2756.0
next_TS,next,TS,tai50_15_02.F.15_01,10,2581.0,2931.0,2756.0
next_TS,next,TS,tai50_15_02.F.15_01,11,2625.0,3003.0,2814.0
next_TS,next,TS,tai50_15_02.F.15_01,12,2619.0,2977.0,2798.0
next_TS,next,TS,tai50_15_02.F.15_01,13,2587.0,2942.0,2764.5
next_TS,next,TS,tai50_15_02.F.15_01,14,2609.0,2973.0,2791.0
next_TS,next,TS,tai50_15_02.F.15_01,15,2600.0,2937.0,2768.5
next_TS,next,TS,tai50_15_02.F.15_01,16,2581.0,2931.0,2756.0
next_TS,next,TS,tai50_15_02.F.15_01,17,2581.0,2943.0,2762.0
next_TS,next,TS,tai50_15_02.F.15_01,18,2581.0,2965.0,2773.0
next_TS,next,TS,tai50_15_02.F.15_01,19,2581.0,2934.0,2757.5
next_TS,next,TS,tai50_15_02.F.15_01,20,2581.0,2951.0,2766.0
next_TS,next,TS,tai50_15_02.F.15_01,21,2581.0,2940.0,2760.5
next_TS,next,TS,tai50_15_02.F.15_01,22,2581.0,2956.0,2768.5
next_TS,next,TS,tai50_15_02.F.15_01,23,2595.0,2931.0,2763.0
next_TS,next,TS,tai50_15_02.F.15_01,24,2581.0,2938.0,2759.5
next_TS,next,TS,tai50_15_02.F.15_01,25,2590.0,2964.0,2777.0
next_TS,next,TS,tai50_15_02.F.15_01,26,2581.0,2931.0,2756.0
next_TS,next,TS,tai50_15_02.F.15_01,27,2581.0,2931.0,2756.0
next_TS,next,TS,tai50_15_02.F.15_01,28,2581.0,2931.0,2756.0
next_TS,next,TS,tai50_15_02.F.15_01,29,2611.0,2969.0,2790.0
next_TS,next,TS,tai50_15_02.F.15_01,30,2581.0,2940.0,2760.5
next_TS,next,TS,tai50_15_03.F.15_01,1,2521.0,2964.0,2742.5
next_TS,next,TS,tai50_15_03.F.15_01,2,2521.0,2915.0,2718.0
next_TS,next,TS,tai50_15_03.F.15_01,3,2521.0,2917.0,2719.0
next_TS,next,TS,tai50_15_03.F.15_01,4,2521.0,2920.0,2720.5
next_TS,next,TS,tai50_15_03.F.15_01,5,2521.0,2915.0,2718.0
next_TS,next,TS,tai50_15_03.F.15_01,6,2521.0,2915.0,2718.0
next_TS,next,TS,tai50_15_03.F.15_01,7,2521.0,2915.0,2718.0
next_TS,next,TS,tai50_15_03.F.15_01,8,2521.0,2915.0,2718.0
next_TS,next,TS,tai50_15_03.F.15_01,9,2521.0,2915.0,2718.0
next_TS,next,TS,tai50_15_03.F.15_01,10,2521.0,2915.0,2718.0
next_TS,next,TS,tai50_15_03.F.15_01,11,2521.0,2915.0,2718.0
next_TS,next,TS,tai50_15_03.F.15_01,12,2521.0,2915.0,2718.0
next_TS,next,TS,tai50_15_03.F.15_01,13,2531.0,2919.0,2725.0
next_TS,next,TS,tai50_15_03.F.15_01,14,2521.0,2915.0,2718.0
next_TS,next,TS,tai50_15_03.F.15_01,15,2521.0,2937.0,2729.0
next_TS,next,TS,tai50_15_03.F.15_01,16,2521.0,2921.0,2721.0
next_TS,next,TS,tai50_15_03.F.15_01,17,2521.0,2915.0,2718.0
next_TS,next,TS,tai50_15_03.F.15_01,18,2521.0,2915.0,2718.0
next_TS,next,TS,tai50_15_03.F.15_01,19,2521.0,2915.0,2718.0
next_TS,next,TS,tai50_15_03.F.15_01,20,2521.0,2920.0,2720.5
next_TS,next,TS,tai50_15_03.F.15_01,21,2521.0,2915.0,2718.0
next_TS,next,TS,tai50_15_03.F.15_01,22,2521.0,2915.0,2718.0
next_TS,next,TS,tai50_15_03.F.15_01,23,2521.0,2918.0,2719.5
next_TS,next,TS,tai50_15_03.F.15_01,24,2535.0,2915.0,2725.0
next_TS,next,TS,tai50_15_03.F.15_01,25,2521.0,2915.0,2718.0
next_TS,next,TS,tai50_15_03.F.15_01,26,2521.0,2915.0,2718.0
next_TS,next,TS,tai50_15_03.F.15_01,27,2521.0,2915.0,2718.0
next_TS,next,TS,tai50_15_03.F.15_01,28,2521.0,2915.0,2718.0
next_TS,next,TS,tai50_15_03.F.15_01,29,2539.0,2967.0,2753.0
next_TS,next,TS,tai50_15_03.F.15_01,30,2521.0,2915.0,2718.0
next_TS,next,TS,tai50_15_04.F.15_01,1,2605.0,3073.0,2839.0
next_TS,next,TS,tai50_15_04.F.15_01,2,2605.0,3073.0,2839.0
next_TS,next,TS,tai50_15_04.F.15_01,3,2605.0,3073.0,2839.0
next_TS,next,TS,tai50_15_04.F.15_01,4,2619.0,3089.0,2854.0
next_TS,next,TS,tai50_15_04.F.15_01,5,2605.0,3073.0,2839.0
next_TS,next,TS,tai50_15_04.F.15_01,6,2605.0,3073.0,2839.0
next_TS,next,TS,tai50_15_04.F.15_01,7,2605.0,3073.0,2839.0
next_TS,next,TS,tai50_15_04.F.15_01,8,2605.0,3073.0,2839.0
next_TS,next,TS,tai50_15_04.F.15_01,9,2605.0,3073.0,2839.0
next_TS,next,TS,tai50_15_04.F.15_01,10,2605.0,3073.0,2839.0
next_TS,next,TS,tai50_15_04.F.15_01,11,2605.0,3073.0,2839.0
next_TS,next,TS,tai50_15_04.F.15_01,12,2605.0,3073.0,2839.0
next_TS,next,TS,tai50_15_04.F.15_01,13,2605.0,3073.0,2839.0
next_TS,next,TS,tai50_15_04.F.15_01,14,2605.0,3073.0,2839.0
next_TS,next,TS,tai50_15_04.F.15_01,15,2605.0,3073.0,2839.0
next_TS,next,TS,tai50_15_04.F.15_01,16,2605.0,3073.0,2839.0
next_TS,next,TS,tai50_15_04.F.15_01,17,2605.0,3073.0,2839.0
next_TS,next,TS,tai50_15_04.F.15_01,18,2605.0,3073.0,2839.0
next_TS,next,TS,tai50_15_04.F.15_01,19,2605.0,3073.0,2839.0
next_TS,next,TS,tai50_15_04.F.15_01,20,2605.0,3073.0,2839.0
next_TS,next,TS,tai50_15_04.F.15_01,21,2605.0,3073.0,2839.0
next_TS,next,TS,tai50_15_04.F.15_01,22,2605.0,3073.0,2839.0
next_TS,next,TS,tai50_15_04.F.15_01,23,2605.0,3073.0,2839.0
next_TS,next,TS,tai50_15_04.F.15_01,24,2605.0,3073.0,2839.0
next_TS,next,TS,tai50_15_04.F.15_01,25,2605.0,3073.0,2839.0
next_TS,next,TS,tai50_15_04.F.15_01,26,2605.0,3073.0,2839.0
next_TS,next,TS,tai50_15_04.F.15_01,27,2605.0,3073.0,2839.0
next_TS,next,TS,tai50_15_04.F.15_01,28,2605.0,3073.0,2839.0
next_TS,next,TS,tai50_15_04.F.15_01,29,2605.0,3073.0,2839.0
next_TS,next,TS,tai50_15_04.F.15_01,30,2605.0,3073.0,2839.0
next_TS,next,TS,tai50_15_05.F.15_01,1,2560.0,2936.0,2748.0
next_TS,next,TS,tai50_15_05.F.15_01,2,2514.0,2885.0,2699.5
next_TS,next,TS,tai50_15_05.F.15_01,3,2525.0,2899.0,2712.0
next_TS,next,TS,tai50_15_05.F.15_01,4,2538.0,2922.0,2730.0
next_TS,next,TS,tai50_15_05.F.15_01,5,2513.0,2897.0,2705.0
next_TS,next,TS,tai50_15_05.F.15_01,6,2509.0,2899.0,2704.0
next_TS,next,TS,tai50_15_05.F.15_01,7,2512.0,2891.0,2701.5
next_TS,next,TS,tai50_15_05.F.15_01,8,2533.0,2894.0,2713.5
next_TS,next,TS,tai50_15_05.F.15_01,9,2498.0,2879.0,2688.5
next_TS,next,TS,tai50_15_05.F.15_01,10,2539.0,2920.0,2729.5
next_TS,next,TS,tai50_15_05.F.15_01,11,2552.0,2924.0,2738.0
next_TS,next,TS,tai50_15_05.F.15_01,12,2511.0,2899.0,2705.0
next_TS,next,TS,tai50_15_05.F.15_01,13,2535.0,2920.0,2727.5
next_TS,next,TS,tai50_15_05.F.15_01,14,2546.0,2910.0,2728.0
next_TS,next,TS,tai50_15_05.F.15_01,15,2539.0,2911.0,2725.0
next_TS,next,TS,tai50_15_05.F.15_01,16,2506.0,2890.0,2698.0
next_TS,next,TS,tai50_15_05.F.15_01,17,2534.0,2953.0,2743.5
next_TS,next,TS,tai50_15_05.F.15_01,18,2558.0,2930.0,2744.0
next_TS,next,TS,tai50_15_05.F.15_01,19,2548.0,2929.0,2738.5
next_TS,next,TS,tai50_15_05.F.15_01,20,2520.0,2912.0,2716.0
next_TS,next,TS,tai50_15_05.F.15_01,21,2531.0,2917.0,2724.0
next_TS,next,TS,tai50_15_05.F.15_01,22,2547.0,2899.0,2723.0
next_TS,next,TS,tai50_15_05.F.15_01,23,2524.0,2882.0,2703.0
next_TS,next,TS,tai50_15_05.F.15_01,24,2516.0,2879.0,2697.5
next_TS,next,TS,tai50_15_05.F.15_01,25,2534.0,2899.0,2716.5
next_TS,next,TS,tai50_15_05.F.15_01,26,2599.0,2961.0,2780.0
next_TS,next,TS,tai50_15_05.F.15_01,27,2536.0,2914.0,2725.0
next_TS,next,TS,tai50_15_05.F.15_01,28,2526.0,2899.0,2712.5
next_TS,next,TS,tai50_15_05.F.15_01,29,2517.0,2906.0,2711.5
next_TS,next,TS,tai50_15_05.F.15_01,30,2497.0,2879.0,2688.0
next_TS,next,TS,tai50_15_06.F.15_01,1,2683.0,3020.0,2851.5
next_TS,next,TS,tai50_15_06.F.15_01,2,2584.0,2994.0,2789.0
next_TS,next,TS,tai50_15_06.F.15_01,3,2600.0,2998.0,2799.0
next_TS,next,TS,tai50_15_06.F.15_01,4,2620.0,2994.0,2807.0
next_TS,next,TS,tai50_15_06.F.15_01,5,2618.0,3010.0,2814.0
next_TS,next,TS,tai50_15_06.F.15_01,6,2590.0,2994.0,2792.0
next_TS,next,TS,tai50_15_06.F.15_01,7,2628.0,3035.0,2831.5
next_TS,next,TS,tai50_15_06.F.15_01,8,2650.0,2994.0,2822.0
next_TS,next,TS,tai50_15_06.F.15_01,9,2588.0,2994.0,2791.0
next_TS,next,TS,tai50_15_06.F.15_01,10,2594.0,2994.0,2794.0
next_TS,next,TS,tai50_15_06.F.15_01,11,2648.0,3017.0,2832.5
next_TS,next,TS,tai50_15_06.F.15_01,12,2578.0,2994.0,2786.0
next_TS,next,TS,tai50_15_06.F.15_01,13,2574.0,2994.0,2784.0
next_TS,next,TS,tai50_15_06.F.15_01,14,2594.0,3010.0,2802.0
next_TS,next,TS,tai50_15_06.F.15_01,15,2594.0,3010.0,2802.0
next_TS,next,TS,tai50_15_06.F.15_01,16,2608.0,2994.0,2801.0
next_TS,next,TS,tai50_15_06.F.15_01,17,2588.0,2994.0,2791.0
next_TS,next,TS,tai50_15_06.F.15_01,18,2641.0,3010.0,2825.5
next_TS,next,TS,tai50_15_06.F.15_01,19,2613.0,3005.0,2809.0
next_TS,next,TS,tai50_15_06.F.15_01,20,2605.0,2994.0,2799.5
next_TS,next,TS,tai50_15_06.F.15_01,21,2603.0,2994.0,2798.5
next_TS,next,TS,tai50_15_06.F.15_01,22,2667.0,2994.0,2830.5
next_TS,next,TS,tai50_15_06.F.15_01,23,2588.0,2994.0,2791.0
next_TS,next,TS,tai50_15_06.F.15_01,24,2594.0,3002.0,2798.0
next_TS,next,TS,tai50_15_06.F.15_01,25,2597.0,2998.0,2797.5
next_TS,next,TS,tai50_15_06.F.15_01,26,2613.0,2998.0,2805.5
next_TS,next,TS,tai50_15_06.F.15_01,27,2593.0,2994.0,2793.5
next_TS,next,TS,tai50_15_06.F.15_01,28,2575.0,2994.0,2784.5
next_TS,next,TS,tai50_15_06.F.15_01,29,2589.0,2994.0,2791.5
next_TS,next,TS,tai50_15_06.F.15_01,30,2582.0,2994.0,2788.0
next_TS,next,TS,tai50_15_07.F.15_01,1,2719.0,3167.0,2943.0
next_TS,next,TS,tai50_15_07.F.15_01,2,2719.0,3167.0,2943.0
next_TS,next,TS,tai50_15_07.F.15_01,3,2719.0,3167.0,2943.0
next_TS,next,TS,tai50_15_07.F.15_01,4,2719.0,3167.0,2943.0
next_TS,next,TS,tai50_15_07.F.15_01,5,2719.0,3167.0,2943.0
next_TS,next,TS,tai50_15_07.F.15_01,6,2719.0,3167.0,2943.0
next_TS,next,TS,tai50_15_07.F.15_01,7,2719.0,3167.0,2943.0
next_TS,next,TS,tai50_15_07.F.15_01,8,2724.0,3167.0,2945.5
next_TS,next,TS,tai50_15_07.F.15_01,9,2719.0,3167.0,2943.0
next_TS,next,TS,tai50_15_07.F.15_01,10,2719.0,3167.0,2943.0
next_TS,next,TS,tai50_15_07.F.15_01,11,2719.0,3167.0,2943.0
next_TS,next,TS,tai50_15_07.F.15_01,12,2723.0,3167.0,2945.0
next_TS,next,TS,tai50_15_07.F.15_01,13,2719.0,3167.0,2943.0
next_TS,next,TS,tai50_15_07.F.15_01,14,2719.0,3167.0,2943.0
next_TS,next,TS,tai50_15_07.F.15_01,15,2719.0,3167.0,2943.0
next_TS,next,TS,tai50_15_07.F.15_01,16,2719.0,3167.0,2943.0
next_TS,next,TS,tai50_15_07.F.15_01,17,2719.0,3167.0,2943.0
next_TS,next,TS,tai50_15_07.F.15_01,18,2725.0,3167.0,2946.0
next_TS,next,TS,tai50_15_07.F.15_01,19,2719.0,3167.0,2943.0
next_TS,next,TS,tai50_15_07.F.15_01,20,2719.0,3167.0,2943.0
next_TS,next,TS,tai50_15_07.F.15_01,21,2719.0,3167.0,2943.0
next_TS,next,TS,tai50_15_07.F.15_01,22,2719.0,3167.0,2943.0
next_TS,next,TS,tai50_15_07.F.15_01,23,2719.0,3167.0,2943.0
next_TS,next,TS,tai50_15_07.F.15_01,24,2719.0,3167.0,2943.0
next_TS,next,TS,tai50_15_07.F.15_01,25,2719.0,3167.0,2943.0
next_TS,next,TS,tai50_15_07.F.15_01,26,2719.0,3167.0,2943.0
next_TS,next,TS,tai50_15_07.F.15_01,27,2719.0,3167.0,2943.0
next_TS,next,TS,tai50_15_07.F.15_01,28,2719.0,3167.0,2943.0
next_TS,next,TS,tai50_15_07.F.15_01,29,2719.0,3167.0,2943.0
next_TS,next,TS,tai50_15_07.F.15_01,30,2719.0,3167.0,2943.0
next_TS,next,TS,tai50_15_08.F.15_01,1,2682.0,3128.0,2905.0
next_TS,next,TS,tai50_15_08.F.15_01,2,2682.0,3128.0,2905.0
next_TS,next,TS,tai50_15_08.F.15_01,3,2682.0,3128.0,2905.0
next_TS,next,TS,tai50_15_08.F.15_01,4,2682.0,3128.0,2905.0
next_TS,next,TS,tai50_15_08.F.15_01,5,2682.0,3128.0,2905.0
next_TS,next,TS,tai50_15_08.F.15_01,6,2682.0,3128.0,2905.0
next_TS,next,TS,tai50_15_08.F.15_01,7,2682.0,3128.0,2905.0
next_TS,next,TS,tai50_15_08.F.15_01,8,2682.0,3128.0,2905.0
next_TS,next,TS,tai50_15_08.F.15_01,9,2682.0,3128.0,2905.0
next_TS,next,TS,tai50_15_08.F.15_01,10,2682.0,3128.0,2905.0
next_TS,next,TS,tai50_15_08.F.15_01,11,2682.0,3128.0,2905.0
next_TS,next,TS,tai50_15_08.F.15_01,12,2682.0,3128.0,2905.0
next_TS,next,TS,tai50_15_08.F.15_01,13,2682.0,3128.0,2905.0
next_TS,next,TS,tai50_15_08.F.15_01,14,2682.0,3128.0,2905.0
next_TS,next,TS,tai50_15_08.F.15_01,15,2682.0,3128.0,2905.0
next_TS,next,TS,tai50_15_08.F.15_01,16,2682.0,3128.0,2905.0
next_TS,next,TS,tai50_15_08.F.15_01,17,2682.0,3128.0,2905.0
next_TS,next,TS,tai50_15_08.F.15_01,18,2682.0,3128.0,2905.0
next_TS,next,TS,tai50_15_08.F.15_01,19,2682.0,3128.0,2905.0
next_TS,next,TS,tai50_15_08.F.15_01,20,2682.0,3128.0,2905.0
next_TS,next,TS,tai50_15_08.F.15_01,21,2682.0,3128.0,2905.0
next_TS,next,TS,tai50_15_08.F.15_01,22,2682.0,3128.0,2905.0
next_TS,next,TS,tai50_15_08.F.15_01,23,2682.0,3128.0,2905.0
next_TS,next,TS,tai50_15_08.F.15_01,24,2682.0,3128.0,2905.0
next_TS,next,TS,tai50_15_08.F.15_01,25,2682.0,3128.0,2905.0
next_TS,next,TS,tai50_15_08.F.15_01,26,2682.0,3128.0,2905.0
next_TS,next,TS,tai50_15_08.F.15_01,27,2682.0,3128.0,2905.0
next_TS,next,TS,tai50_15_08.F.15_01,28,2682.0,3128.0,2905.0
next_TS,next,TS,tai50_15_08.F.15_01,29,2682.0,3128.0,2905.0
next_TS,next,TS,tai50_15_08.F.15_01,30,2682.0,3128.0,2905.0
next_TS,next,TS,tai50_15_09.F.15_01,1,2484.0,2865.0,2674.5
next_TS,next,TS,tai50_15_09.F.15_01,2,2529.0,2923.0,2726.0
next_TS,next,TS,tai50_15_09.F.15_01,3,2493.0,2865.0,2679.0
next_TS,next,TS,tai50_15_09.F.15_01,4,2516.0,2880.0,2698.0
next_TS,next,TS,tai50_15_09.F.15_01,5,2542.0,2924.0,2733.0
next_TS,next,TS,tai50_15_09.F.15_01,6,2483.0,2875.0,2679.0
next_TS,next,TS,tai50_15_09.F.15_01,7,2486.0,2879.0,2682.5
next_TS,next,TS,tai50_15_09.F.15_01,8,2508.0,2867.0,2687.5
next_TS,next,TS,tai50_15_09.F.15_01,9,2469.0,2865.0,2667.0
next_TS,next,TS,tai50_15_09.F.15_01,10,2477.0,2865.0,2671.0
next_TS,next,TS,tai50_15_09.F.15_01,11,2526.0,2886.0,2706.0
next_TS,next,TS,tai50_15_09.F.15_01,12,2469.0,2866.0,2667.5
next_TS,next,TS,tai50_15_09.F.15_01,13,2469.0,2865.0,2667.0
next_TS,next,TS,tai50_15_09.F.15_01,14,2515.0,2890.0,2702.5
next_TS,next,TS,tai50_15_09.F.15_01,15,2470.0,2865.0,2667.5
next_TS,next,TS,tai50_15_09.F.15_01,16,2531.0,2895.0,2713.0
next_TS,next,TS,tai50_15_09.F.15_01,17,2527.0,2919.0,2723.0
next_TS,next,TS,tai50_15_09.F.15_01,18,2497.0,2904.0,2700.5
next_TS,next,TS,tai50_15_09.F.15_01,19,2507.0,2908.0,2707.5
next_TS,next,TS,tai50_15_09.F.15_01,20,2510.0,2910.0,2710.0
next_TS,next,TS,tai50_15_09.F.15_01,21,2474.0,2865.0,2669.5
next_TS,next,TS,tai50_15_09.F.15_01,22,2469.0,2865.0,2667.0
next_TS,next,TS,tai50_15_09.F.15_01,23,2489.0,2865.0,2677.0
next_TS,next,TS,tai50_15_09.F.15_01,24,2501.0,2870.0,2685.5
next_TS,next,TS,tai50_15_09.F.15_01,25,2488.0,2865.0,2676.5
next_TS,next,TS,tai50_15_09.F.15_01,26,2490.0,2886.0,2688.0
next_TS,next,TS,tai50_15_09.F.15_01,27,2474.0,2865.0,2669.5
next_TS,next,TS,tai50_15_09.F.15_01,28,2500.0,2875.0,2687.5
next_TS,next,TS,tai50_15_09.F.15_01,29,2497.0,2878.0,2687.5
next_TS,next,TS,tai50_15_09.F.15_01,30,2535.0,2868.0,2701.5
next_TS,next,TS,tai50_15_10.F.15_01,1,2549.0,2927.0,2738.0
next_TS,next,TS,tai50_15_10.F.15_01,2,2556.0,2944.0,2750.0
next_TS,next,TS,tai50_15_10.F.15_01,3,2563.0,2942.0,2752.5
next_TS,next,TS,tai50_15_10.F.15_01,4,2582.0,2966.0,2774.0
next_TS,next,TS,tai50_15_10.F.15_01,5,2525.0,2927.0,2726.0
next_TS,next,TS,tai50_15_10.F.15_01,6,2532.0,2927.0,2729.5
next_TS,next,TS,tai50_15_10.F.15_01,7,2536.0,2927.0,2731.5
next_TS,next,TS,tai50_15_10.F.15_01,8,2539.0,2927.0,2733.0
next_TS,next,TS,tai50_15_10.F.15_01,9,2536.0,2927.0,2731.5
next_TS,next,TS,tai50_15_10.F.15_01,10,2569.0,2983.0,2776.0
next_TS,next,TS,tai50_15_10.F.15_01,11,2525.0,2927.0,2726.0
next_TS,next,TS,tai50_15_10.F.15_01,12,2542.0,2931.0,2736.5
next_TS,next,TS,tai50_15_10.F.15_01,13,2555.0,2951.0,2753.0
next_TS,next,TS,tai50_15_10.F.15_01,14,2556.0,2944.0,2750.0
next_TS,next,TS,tai50_15_10.F.15_01,15,2559.0,2962.0,2760.5
next_TS,next,TS,tai50_15_10.F.15_01,16,2525.0,2927.0,2726.0
next_TS,next,TS,tai50_15_10.F.15_01,17,2525.0,2927.0,2726.0
next_TS,next,TS,tai50_15_10.F.15_01,18,2536.0,2927.0,2731.5
next_TS,next,TS,tai50_15_10.F.15_01,19,2551.0,2937.0,2744.0
next_TS,next,TS,tai50_15_10.F.15_01,20,2563.0,2946.0,2754.5
next_TS,next,TS,tai50_15_10.F.15_01,21,2539.0,2927.0,2733.0
next_TS,next,TS,tai50_15_10.F.15_01,22,2564.0,2944.0,2754.0
next_TS,next,TS,tai50_15_10.F.15_01,23,2560.0,2944.0,2752.0
next_TS,next,TS,tai50_15_10.F.15_01,24,2555.0,2939.0,2747.0
next_TS,next,TS,tai50_15_10.F.15_01,25,2525.0,2927.0,2726.0
next_TS,next,TS,tai50_15_10.F.15_01,26,2556.0,2944.0,2750.0
next_TS,next,TS,tai50_15_10.F.15_01,27,2547.0,2942.0,2744.5
next_TS,next,TS,tai50_15_10.F.15_01,28,2525.0,2927.0,2726.0
next_TS,next,TS,tai50_15_10.F.15_01,29,2573.0,2953.0,2763.0
next_TS,next,TS,tai50_15_10.F.15_01,30,2564.0,2939.0,2751.5
next_TS,next,TS,tai50_20_01.F.15_01,1,2749.0,3144.0,2946.5
next_TS,next,TS,tai50_20_01.F.15_01,2,2742.0,3128.0,2935.0
next_TS,next,TS,tai50_20_01.F.15_01,3,2744.0,3134.0,2939.0
next_TS,next,TS,tai50_20_01.F.15_01,4,2724.0,3131.0,2927.5
next_TS,next,TS,tai50_20_01.F.15_01,5,2764.0,3150.0,2957.0
next_TS,next,TS,tai50_20_01.F.15_01,6,2822.0,3196.0,3009.0
next_TS,next,TS,tai50_20_01.F.15_01,7,2721.0,3122.0,2921.5
next_TS,next,TS,tai50_20_01.F.15_01,8,2713.0,3092.0,2902.5
next_TS,next,TS,tai50_20_01.F.15_01,9,2743.0,3148.0,2945.5
next_TS,next,TS,tai50_20_01.F.15_01,10,2743.0,3103.0,2923.0
next_TS,next,TS,tai50_20_01.F.15_01,11,2728.0,3109.0,2918.5
next_TS,next,TS,tai50_20_01.F.15_01,12,2788.0,3176.0,2982.0
next_TS,next,TS,tai50_20_01.F.15_01,13,2731.0,3099.0,2915.0
next_TS,next,TS,tai50_20_01.F.15_01,14,2728.0,3124.0,2926.0
next_TS,next,TS,tai50_20_01.F.15_01,15,2771.0,3149.0,2960.0
next_TS,next,TS,tai50_20_01.F.15_01,16,2752.0,3154.0,2953.0
next_TS,next,TS,tai50_20_01.F.15_01,17,2794.0,3161.0,2977.5
next_TS,next,TS,tai50_20_01.F.15_01,18,2742.0,3144.0,2943.0
next_TS,next,TS,tai50_20_01.F.15_01,19,2753.0,3128.0,2940.5
next_TS,next,TS,tai50_20_01.F.15_01,20,2771.0,3131.0,2951.0
next_TS,next,TS,tai50_20_01.F.15_01,21,2776.0,3198.0,2987.0
next_TS,next,TS,tai50_20_01.F.15_01,22,2718.0,3115.0,2916.5
next_TS,next,TS,tai50_20_01.F.15_01,23,2756.0,3133.0,2944.5
next_TS,next,TS,tai50_20_01.F.15_01,24,2772.0,3152.0,2962.0
next_TS,next,TS,tai50_20_01.F.15_01,25,2730.0,3123.0,2926.5
next_TS,next,TS,tai50_20_01.F.15_01,26,2773.0,3143.0,2958.0
next_TS,next,TS,tai50_20_01.F.15_01,27,2788.0,3166.0,2977.0
next_TS,next,TS,tai50_20_01.F.15_01,28,2741.0,3136.0,2938.5
next_TS,next,TS,tai50_20_01.F.15_01,29,2732.0,3111.0,2921.5
next_TS,next,TS,tai50_20_01.F.15_01,30,2740.0,3154.0,2947.0
next_TS,next,TS,tai50_20_02.F.15_01,1,2857.0,3215.0,3036.0
next_TS,next,TS,tai50_20_02.F.15_01,2,2869.0,3256.0,3062.5
next_TS,next,TS,tai50_20_02.F.15_01,3,2832.0,3180.0,3006.0
next_TS,next,TS,tai50_20_02.F.15_01,4,2774.0,3194.0,2984.0
next_TS,next,TS,tai50_20_02.F.15_01,5,2865.0,3215.0,3040.0
next_TS,next,TS,tai50_20_02.F.15_01,6,2881.0,3251.0,3066.0
next_TS,next,TS,tai50_20_02.F.15_01,7,2819.0,3204.0,3011.5
next_TS,next,TS,tai50_20_02.F.15_01,8,2830.0,3178.0,3004.0
next_TS,next,TS,tai50_20_02.F.15_01,9,2824.0,3206.0,3015.0
next_TS,next,TS,tai50_20_02.F.15_01,10,2840.0,3214.0,3027.0
next_TS,next,TS,tai50_20_02.F.15_01,11,2850.0,3213.0,3031.5
next_TS,next,TS,tai50_20_02.F.15_01,12,2864.0,3220.0,3042.0
next_TS,next,TS,tai50_20_02.F.15_01,13,2828.0,3214.0,3021.0
next_TS,next,TS,tai50_20_02.F.15_01,14,2820.0,3196.0,3008.0
next_TS,next,TS,tai50_20_02.F.15_01,15,2812.0,3176.0,2994.0
next_TS,next,TS,tai50_20_02.F.15_01,16,2870.0,3234.0,3052.0
next_TS,next,TS,tai50_20_02.F.15_01,17,2905.0,3263.0,3084.0
next_TS,next,TS,tai50_20_02.F.15_01,18,2818.0,3196.0,3007.0
next_TS,next,TS,tai50_20_02.F.15_01,19,2883.0,3245.0,3064.0
next_TS,next,TS,tai50_20_02.F.15_01,20,2846.0,3194.0,3020.0
next_TS,next,TS,tai50_20_02.F.15_01,21,2856.0,3211.0,3033.5
next_TS,next,TS,tai50_20_02.F.15_01,22,2801.0,3192.0,2996.5
next_TS,next,TS,tai50_20_02.F.15_01,23,2874.0,3233.0,3053.5
next_TS,next,TS,tai50_20_02.F.15_01,24,2854.0,3234.0,3044.0
next_TS,next,TS,tai50_20_02.F.15_01,25,2831.0,3203.0,3017.0
next_TS,next,TS,tai50_20_02.F.15_01,26,2807.0,3185.0,2996.0
next_TS,next,TS,tai50_20_02.F.15_01,27,2831.0,3207.0,3019.0
next_TS,next,TS,tai50_20_02.F.15_01,28,2812.0,3198.0,3005.0
next_TS,next,TS,tai50_20_02.F.15_01,29,2915.0,3275.0,3095.0
next_TS,next,TS,tai50_20_02.F.15_01,30,2833.0,3216.0,3024.5
next_TS,next,TS,tai50_20_03.F.15_01,1,2630.0,3033.0,2831.5
next_TS,next,TS,tai50_20_03.F.15_01,2,2654.0,3094.0,2874.0
next_TS,next,TS,tai50_20_03.F.15_01,3,2596.0,3040.0,2818.0
next_TS,next,TS,tai50_20_03.F.15_01,4,2605.0,3040.0,2822.5
next_TS,next,TS,tai50_20_03.F.15_01,5,2580.0,3008.0,2794.0
next_TS,next,TS,tai50_20_03.F.15_01,6,2579.0,3012.0,2795.5
next_TS,next,TS,tai50_20_03.F.15_01,7,2656.0,3074.0,2865.0
next_TS,next,TS,tai50_20_03.F.15_01,8,2585.0,3023.0,2804.0
next_TS,next,TS,tai50_20_03.F.15_01,9,2611.0,3029.0,2820.0
next_TS,next,TS,tai50_20_03.F.15_01,10,2606.0,3045.0,2825.5
next_TS,next,TS,tai50_20_03.F.15_01,11,2580.0,2993.0,2786.5
next_TS,next,TS,tai50_20_03.F.15_01,12,2619.0,3040.0,2829.5
next_TS,next,TS,tai50_20_03.F.15_01,13,2569.0,3016.0,2792.5
next_TS,next,TS,tai50_20_03.F.15_01,14,2598.0,3004.0,2801.0
next_TS,next,TS,tai50_20_03.F.15_01,15,2656.0,3078.0,2867.0
next_TS,next,TS,tai50_20_03.F.15_01,16,2629.0,3047.0,2838.0
next_TS,next,TS,tai50_20_03.F.15_01,17,2594.0,3027.0,2810.5
next_TS,next,TS,tai50_20_03.F.15_01,18,2619.0,3064.0,2841.5
next_TS,next,TS,tai50_20_03.F.15_01,19,2642.0,3053.0,2847.5
next_TS,next,TS,tai50_20_03.F.15_01,20,2642.0,3051.0,2846.5
next_TS,next,TS,tai50_20_03.F.15_01,21,2570.0,2996.0,2783.0
next_TS,next,TS,tai50_20_03.F.15_01,22,2600.0,3016.0,2808.0
next_TS,next,TS,tai50_20_03.F.15_01,23,2600.0,3011.0,2805.5
next_TS,next,TS,tai50_20_03.F.15_01,24,2610.0,3032.0,2821.0
next_TS,next,TS,tai50_20_03.F.15_01,25,2629.0,3045.0,2837.0
next_TS,next,TS,tai50_20_03.F.15_01,26,2596.0,3026.0,2811.0
next_TS,next,TS,tai50_20_03.F.15_01,27,2649.0,3067.0,2858.0
next_TS,next,TS,tai50_20_03.F.15_01,28,2614.0,3025.0,2819.5
next_TS,next,TS,tai50_20_03.F.15_01,29,2570.0,2987.0,2778.5
next_TS,next,TS,tai50_20_03.F.15_01,30,2587.0,3017.0,2802.0
next_TS,next,TS,tai50_20_04.F.15_01,1,2563.0,2938.0,2750.5
next_TS,next,TS,tai50_20_04.F.15_01,2,2560.0,2929.0,2744.5
next_TS,next,TS,tai50_20_04.F.15_01,3,2533.0,2918.0,2725.5
next_TS,next,TS,tai50_20_04.F.15_01,4,2551.0,2940.0,2745.5
next_TS,next,TS,tai50_20_04.F.15_01,5,2561.0,2930.0,2745.5
next_TS,next,TS,tai50_20_04.F.15_01,6,2604.0,2976.0,2790.0
next_TS,next,TS,tai50_20_04.F.15_01,7,2549.0,2917.0,2733.0
next_TS,next,TS,tai50_20_04.F.15_01,8,2618.0,3007.0,2812.5
next_TS,next,TS,tai50_20_04.F.15_01,9,2623.0,3001.0,2812.0
next_TS,next,TS,tai50_20_04.F.15_01,10,2523.0,2934.0,2728.5
next_TS,next,TS,tai50_20_04.F.15_01,11,2544.0,2953.0,2748.5
next_TS,next,TS,tai50_20_04.F.15_01,12,2553.0,2975.0,2764.0
next_TS,next,TS,tai50_20_04.F.15_01,13,2634.0,2974.0,2804.0
next_TS,next,TS,tai50_20_04.F.15_01,14,2545.0,2942.0,2743.5
next_TS,next,TS,tai50_20_04.F.15_01,15,2531.0,2938.0,2734.5
next_TS,next,TS,tai50_20_04.F.15_01,16,2573.0,2942.0,2757.5
next_TS,next,TS,tai50_20_04.F.15_01,17,2569.0,2966.0,2767.5
next_TS,next,TS,tai50_20_04.F.15_01,18,2631.0,2976.0,2803.5
next_TS,next,TS,tai50_20_04.F.15_01,19,2601.0,2988.0,2794.5
next_TS,next,TS,tai50_20_04.F.15_01,20,2593.0,2977.0,2785.0
next_TS,next,TS,tai50_20_04.F.15_01,21,2583.0,2979.0,2781.0
next_TS,next,TS,tai50_20_04.F.15_01,22,2599.0,2999.0,2799.0
next_TS,next,TS,tai50_20_04.F.15_01,23,2565.0,2946.0,2755.5
next_TS,next,TS,tai50_20_04.F.15_01,24,2555.0,2951.0,2753.0
next_TS,next,TS,tai50_20_04.F.15_01,25,2588.0,2984.0,2786.0
next_TS,next,TS,tai50_20_04.F.15_01,26,2573.0,2980.0,2776.5
next_TS,next,TS,tai50_20_04.F.15_01,27,2556.0,2930.0,2743.0
next_TS,next,TS,tai50_20_04.F.15_01,28,2592.0,2991.0,2791.5
next_TS,next,TS,tai50_20_04.F.15_01,29,2559.0,2948.0,2753.5
next_TS,next,TS,tai50_20_04.F.15_01,30,2578.0,2930.0,2754.0
next_TS,next,TS,tai50_20_05.F.15_01,1,2648.0,2974.0,2811.0
next_TS,next,TS,tai50_20_05.F.15_01,2,2663.0,3027.0,2845.0
next_TS,next,TS,tai50_20_05.F.15_01,3,2614.0,2963.0,2788.5
next_TS,next,TS,tai50_20_05.F.15_01,4,2613.0,2982.0,2797.5
next_TS,next,TS,tai50_20_05.F.15_01,5,2573.0,2948.0,2760.5
next_TS,next,TS,tai50_20_05.F.15_01,6,2601.0,2974.0,2787.5
next_TS,next,TS,tai50_20_05.F.15_01,7,2597.0,2950.0,2773.5
next_TS,next,TS,tai50_20_05.F.15_01,8,2619.0,2978.0,2798.5
next_TS,next,TS,tai50_20_05.F.15_01,9,2616.0,3014.0,2815.0
next_TS,next,TS,tai50_20_05.F.15_01,10,2591.0,2963.0,2777.0
next_TS,next,TS,tai50_20_05.F.15_01,11,2652.0,3038.0,2845.0
next_TS,next,TS,tai50_20_05.F.15_01,12,2637.0,2991.0,2814.0
next_TS,next,TS,tai50_20_05.F.15_01,13,2618.0,2970.0,2794.0
next_TS,next,TS,tai50_20_05.F.15_01,14,2616.0,2976.0,2796.0
next_TS,next,TS,tai50_20_05.F.15_01,15,2657.0,3013.0,2835.0
next_TS,next,TS,tai50_20_05.F.15_01,16,2619.0,2995.0,2807.0
next_TS,next,TS,tai50_20_05.F.15_01,17,2662.0,2977.0,2819.5
next_TS,next,TS,tai50_20_05.F.15_01,18,2639.0,2981.0,2810.0
next_TS,next,TS,tai50_20_05.F.15_01,19,2693.0,3034.0,2863.5
next_TS,next,TS,tai50_20_05.F.15_01,20,2597.0,2948.0,2772.5
next_TS,next,TS,tai50_20_05.F.15_01,21,2634.0,2978.0,2806.0
next_TS,next,TS,tai50_20_05.F.15_01,22,2601.0,2960.0,2780.5
next_TS,next,TS,tai50_20_05.F.15_01,23,2677.0,3002.0,2839.5
next_TS,next,TS,tai50_20_05.F.15_01,24,2606.0,2969.0,2787.5
next_TS,next,TS,tai50_20_05.F.15_01,25,2603.0,2955.0,2779.0
next_TS,next,TS,tai50_20_05.F.15_01,26,2620.0,2983.0,2801.5
next_TS,next,TS,tai50_20_05.F.15_01,27,2608.0,2952.0,2780.0
next_TS,next,TS,tai50_20_05.F.15_01,28,2562.0,2948.0,2755.0
next_TS,next,TS,tai50_20_05.F.15_01,29,2622.0,2989.0,2805.5
next_TS,next,TS,tai50_20_05.F.15_01,30,2646.0,2979.0,2812.5
next_TS,next,TS,tai50_20_06.F.15_01,1,2735.0,3162.0,2948.5
next_TS,next,TS,tai50_20_06.F.15_01,2,2714.0,3137.0,2925.5
next_TS,next,TS,tai50_20_06.F.15_01,3,2690.0,3102.0,2896.0
next_TS,next,TS,tai50_20_06.F.15_01,4,2708.0,3123.0,2915.5
next_TS,next,TS,tai50_20_06.F.15_01,5,2726.0,3117.0,2921.5
next_TS,next,TS,tai50_20_06.F.15_01,6,2706.0,3139.0,2922.5
next_TS,next,TS,tai50_20_06.F.15_01,7,2712.0,3133.0,2922.5
next_TS,next,TS,tai50_20_06.F.15_01,8,2732.0,3162.0,2947.0
next_TS,next,TS,tai50_20_06.F.15_01,9,2685.0,3120.0,2902.5
next_TS,next,TS,tai50_20_06.F.15_01,10,2737.0,3163.0,2950.0
next_TS,next,TS,tai50_20_06.F.15_01,11,2743.0,3178.0,2960.5
next_TS,next,TS,tai50_20_06.F.15_01,12,2687.0,3095.0,2891.0
next_TS,next,TS,tai50_20_06.F.15_01,13,2746.0,3152.0,2949.0
next_TS,next,TS,tai50_20_06.F.15_01,14,2720.0,3162.0,2941.0
next_TS,next,TS,tai50_20_06.F.15_01,15,2686.0,3095.0,2890.5
next_TS,next,TS,tai50_20_06.F.15_01,16,2693.0,3105.0,2899.0
next_TS,next,TS,tai50_20_06.F.15_01,17,2793.0,3177.0,2985.0
next_TS,next,TS,tai50_20_06.F.15_01,18,2703.0,3128.0,2915.5
next_TS,next,TS,tai50_20_06.F.15_01,19,2689.0,3106.0,2897.5
next_TS,next,TS,tai50_20_06.F.15_01,20,2728.0,3115.0,2921.5
next_TS,next,TS,tai50_20_06.F.15_01,21,2731.0,3139.0,2935.0
next_TS,next,TS,tai50_20_06.F.15_01,22,2699.0,3119.0,2909.0
next_TS,next,TS,tai50_20_06.F.15_01,23,2728.0,3164.0,2946.0
next_TS,next,TS,tai50_20_06.F.15_01,24,2727.0,3162.0,2944.5
next_TS,next,TS,tai50_20_06.F.15_01,25,2780.0,3172.0,2976.0
next_TS,next,TS,tai50_20_06.F.15_01,26,2712.0,3148.0,2930.0
next_TS,next,TS,tai50_20_06.F.15_01,27,2682.0,3133.0,2907.5
next_TS,next,TS,tai50_20_06.F.15_01,28,2692.0,3133.0,2912.5
next_TS,next,TS,tai50_20_06.F.15_01,29,2690.0,3116.0,2903.0
next_TS,next,TS,tai50_20_06.F.15_01,30,2738.0,3173.0,2955.5
next_TS,next,TS,tai50_20_07.F.15_01,1,2712.0,3151.0,2931.5
next_TS,next,TS,tai50_20_07.F.15_01,2,2723.0,3185.0,2954.0
next_TS,next,TS,tai50_20_07.F.15_01,3,2703.0,3125.0,2914.0
next_TS,next,TS,tai50_20_07.F.15_01,4,2688.0,3102.0,2895.0
next_TS,next,TS,tai50_20_07.F.15_01,5,2677.0,3102.0,2889.5
next_TS,next,TS,tai50_20_07.F.15_01,6,2692.0,3134.0,2913.0
next_TS,next,TS,tai50_20_07.F.15_01,7,2683.0,3137.0,2910.0
next_TS,next,TS,tai50_20_07.F.15_01,8,2692.0,3131.0,2911.5
next_TS,next,TS,tai50_20_07.F.15_01,9,2721.0,3152.0,2936.5
next_TS,next,TS,tai50_20_07.F.15_01,10,2712.0,3128.0,2920.0
next_TS,next,TS,tai50_20_07.F.15_01,11,2677.0,3113.0,2895.0
next_TS,next,TS,tai50_20_07.F.15_01,12,2701.0,3123.0,2912.0
next_TS,next,TS,tai50_20_07.F.15_01,13,2713.0,3130.0,2921.5
next_TS,next,TS,tai50_20_07.F.15_01,14,2647.0,3083.0,2865.0
next_TS,next,TS,tai50_20_07.F.15_01,15,2684.0,3098.0,2891.0
next_TS,next,TS,tai50_20_07.F.15_01,16,2674.0,3101.0,2887.5
next_TS,next,TS,tai50_20_07.F.15_01,17,2697.0,3132.0,2914.5
next_TS,next,TS,tai50_20_07.F.15_01,18,2735.0,3178.0,2956.5
next_TS,next,TS,tai50_20_07.F.15_01,19,2651.0,3083.0,2867.0
next_TS,next,TS,tai50_20_07.F.15_01,20,2695.0,3129.0,2912.0
next_TS,next,TS,tai50_20_07.F.15_01,21,2685.0,3127.0,2906.0
next_TS,next,TS,tai50_20_07.F.15_01,22,2706.0,3145.0,2925.5
next_TS,next,TS,tai50_20_07.F.15_01,23,2714.0,3152.0,2933.0
next_TS,next,TS,tai50_20_07.F.15_01,24,2670.0,3087.0,2878.5
next_TS,next,TS,tai50_20_07.F.15_01,25,2708.0,3140.0,2924.0
next_TS,next,TS,tai50_20_07.F.15_01,26,2685.0,3128.0,2906.5
next_TS,next,TS,tai50_20_07.F.15_01,27,2689.0,3152.0,2920.5
next_TS,next,TS,tai50_20_07.F.15_01,28,2651.0,3096.0,2873.5
next_TS,next,TS,tai50_20_07.F.15_01,29,2675.0,3131.0,2903.0
next_TS,next,TS,tai50_20_07.F.15_01,30,2694.0,3142.0,2918.0
next_TS,next,TS,tai50_20_08.F.15_01,1,2634.0,2996.0,2815.0
next_TS,next,TS,tai50_20_08.F.15_01,2,2672.0,3017.0,2844.5
next_TS,next,TS,tai50_20_08.F.15_01,3,2636.0,2984.0,2810.0
next_TS,next,TS,tai50_20_08.F.15_01,4,2643.0,2988.0,2815.5
next_TS,next,TS,tai50_20_08.F.15_01,5,2637.0,2983.0,2810.0
next_TS,next,TS,tai50_20_08.F.15_01,6,2643.0,3011.0,2827.0
next_TS,next,TS,tai50_20_08.F.15_01,7,2661.0,3021.0,2841.0
next_TS,next,TS,tai50_20_08.F.15_01,8,2643.0,2999.0,2821.0
next_TS,next,TS,tai50_20_08.F.15_01,9,2619.0,2982.0,2800.5
next_TS,next,TS,tai50_20_08.F.15_01,10,2663.0,3020.0,2841.5
next_TS,next,TS,tai50_20_08.F.15_01,11,2645.0,3004.0,2824.5
next_TS,next,TS,tai50_20_08.F.15_01,12,2648.0,2998.0,2823.0
next_TS,next,TS,tai50_20_08.F.15_01,13,2648.0,3023.0,2835.5
next_TS,next,TS,tai50_20_08.F.15_01,14,2658.0,2998.0,2828.0
next_TS,next,TS,tai50_20_08.F.15_01,15,2638.0,3012.0,2825.0
next_TS,next,TS,tai50_20_08.F.15_01,16,2679.0,3017.0,2848.0
next_TS,next,TS,tai50_20_08.F.15_01,17,2629.0,2985.0,2807.0
next_TS,next,TS,tai50_20_08.F.15_01,18,2653.0,3025.0,2839.0
next_TS,next,TS,tai50_20_08.F.15_01,19,2647.0,3019.0,2833.0
next_TS,next,TS,tai50_20_08.F.15_01,20,2639.0,3016.0,2827.5
next_TS,next,TS,tai50_20_08.F.15_01,21,2639.0,2989.0,2814.0
next_TS,next,TS,tai50_20_08.F.15_01,22,2654.0,2999.0,2826.5
next_TS,next,TS,tai50_20_08.F.15_01,23,2670.0,3028.0,2849.0
next_TS,next,TS,tai50_20_08.F.15_01,24,2640.0,2994.0,2817.0
next_TS,next,TS,tai50_20_08.F.15_01,25,2638.0,2986.0,2812.0
next_TS,next,TS,tai50_20_08.F.15_01,26,2677.0,3035.0,2856.0
next_TS,next,TS,tai50_20_08.F.15_01,27,2650.0,3020.0,2835.0
next_TS,next,TS,tai50_20_08.F.15_01,28,2648.0,3017.0,2832.5
next_TS,next,TS,tai50_20_08.F.15_01,29,2656.0,3007.0,2831.5
next_TS,next,TS,tai50_20_08.F.15_01,30,2631.0,3049.0,2840.0
next_TS,next,TS,tai50_20_09.F.15_01,1,2850.0,3292.0,3071.0
next_TS,next,TS,tai50_20_09.F.15_01,2,2850.0,3292.0,3071.0
next_TS,next,TS,tai50_20_09.F.15_01,3,2878.0,3335.0,3106.5
next_TS,next,TS,tai50_20_09.F.15_01,4,2911.0,3379.0,3145.0
next_TS,next,TS,tai50_20_09.F.15_01,5,2880.0,3337.0,3108.5
next_TS,next,TS,tai50_20_09.F.15_01,6,2858.0,3308.0,3083.0
next_TS,next,TS,tai50_20_09.F.15_01,7,2906.0,3345.0,3125.5
next_TS,next,TS,tai50_20_09.F.15_01,8,2885.0,3339.0,3112.0
next_TS,next,TS,tai50_20_09.F.15_01,9,2858.0,3317.0,3087.5
next_TS,next,TS,tai50_20_09.F.15_01,10,2854.0,3304.0,3079.0
next_TS,next,TS,tai50_20_09.F.15_01,11,2851.0,3315.0,3083.0
next_TS,next,TS,tai50_20_09.F.15_01,12,2850.0,3293.0,3071.5
next_TS,next,TS,tai50_20_09.F.15_01,13,2850.0,3292.0,3071.0
next_TS,next,TS,tai50_20_09.F.15_01,14,2853.0,3292.0,3072.5
next_TS,next,TS,tai50_20_09.F.15_01,15,2850.0,3292.0,3071.0
next_TS,next,TS,tai50_20_09.F.15_01,16,2857.0,3292.0,3074.5
next_TS,next,TS,tai50_20_09.F.15_01,17,2916.0,3370.0,3143.0
next_TS,next,TS,tai50_20_09.F.15_01,18,2858.0,3314.0,3086.0
next_TS,next,TS,tai50_20_09.F.15_01,19,2904.0,3354.0,3129.0
next_TS,next,TS,tai50_20_09.F.15_01,20,2850.0,3292.0,3071.0
next_TS,next,TS,tai50_20_09.F.15_01,21,2888.0,3330.0,3109.0
next_TS,next,TS,tai50_20_09.F.15_01,22,2850.0,3292.0,3071.0
next_TS,next,TS,tai50_20_09.F.15_01,23,2850.0,3292.0,3071.0
next_TS,next,TS,tai50_20_09.F.15_01,24,2850.0,3292.0,3071.0
next_TS,next,TS,tai50_20_09.F.15_01,25,2870.0,3330.0,3100.0
next_TS,next,TS,tai50_20_09.F.15_01,26,2850.0,3292.0,3071.0
next_TS,next,TS,tai50_20_09.F.15_01,27,2879.0,3326.0,3102.5
next_TS,next,TS,tai50_20_09.F.15_01,28,2931.0,3379.0,3155.0
next_TS,next,TS,tai50_20_09.F.15_01,29,2911.0,3337.0,3124.0
next_TS,next,TS,tai50_20_09.F.15_01,30,2850.0,3296.0,3073.0
next_TS,next,TS,tai50_20_10.F.15_01,1,2920.0,3344.0,3132.0
next_TS,next,TS,tai50_20_10.F.15_01,2,2897.0,3342.0,3119.5
next_TS,next,TS,tai50_20_10.F.15_01,3,2933.0,3339.0,3136.0
next_TS,next,TS,tai50_20_10.F.15_01,4,2936.0,3304.0,3120.0
next_TS,next,TS,tai50_20_10.F.15_01,5,2942.0,3343.0,3142.5
next_TS,next,TS,tai50_20_10.F.15_01,6,2886.0,3334.0,3110.0
next_TS,next,TS,tai50_20_10.F.15_01,7,2928.0,3341.0,3134.5
next_TS,next,TS,tai50_20_10.F.15_01,8,2883.0,3263.0,3073.0
next_TS,next,TS,tai50_20_10.F.15_01,9,2911.0,3325.0,3118.0
next_TS,next,TS,tai50_20_10.F.15_01,10,2849.0,3290.0,3069.5
next_TS,next,TS,tai50_20_10.F.15_01,11,2950.0,3364.0,3157.0
next_TS,next,TS,tai50_20_10.F.15_01,12,2865.0,3312.0,3088.5
next_TS,next,TS,tai50_20_10.F.15_01,13,2924.0,3380.0,3152.0
next_TS,next,TS,tai50_20_10.F.15_01,14,2889.0,3340.0,3114.5
next_TS,next,TS,tai50_20_10.F.15_01,15,2904.0,3308.0,3106.0
next_TS,next,TS,tai50_20_10.F.15_01,16,2973.0,3390.0,3181.5
next_TS,next,TS,tai50_20_10.F.15_01,17,2931.0,3348.0,3139.5
next_TS,next,TS,tai50_20_10.F.15_01,18,2945.0,3355.0,3150.0
next_TS,next,TS,tai50_20_10.F.15_01,19,2888.0,3329.0,3108.5
next_TS,next,TS,tai50_20_10.F.15_01,20,2878.0,3313.0,3095.5
next_TS,next,TS,tai50_20_10.F.15_01,21,2952.0,3351.0,3151.5
next_TS,next,TS,tai50_20_10.F.15_01,22,2893.0,3329.0,3111.0
next_TS,next,TS,tai50_20_10.F.15_01,23,2910.0,3312.0,3111.0
next_TS,next,TS,tai50_20_10.F.15_01,24,2896.0,3327.0,3111.5
next_TS,next,TS,tai50_20_10.F.15_01,25,2893.0,3335.0,3114.0
next_TS,next,TS,tai50_20_10.F.15_01,26,2941.0,3325.0,3133.0
next_TS,next,TS,tai50_20_10.F.15_01,27,2896.0,3299.0,3097.5
next_TS,next,TS,tai50_20_10.F.15_01,28,2938.0,3350.0,3144.0
next_TS,next,TS,tai50_20_10.F.15_01,29,2894.0,3305.0,3099.5
next_TS,next,TS,tai50_20_10.F.15_01,30,2892.0,3311.0,3101.5
