config,neigh,comp,instance,run,lower,upper,midpoint
n1_HC,n1,HC,F0.15.0.abz7_06,1,646.0,733.0,689.5
n1_HC,n1,HC,F0.15.0.abz7_06,2,642.0,724.0,683.0
n1_HC,n1,HC,F0.15.0.abz7_06,3,655.0,731.0,693.0
n1_HC,n1,HC,F0.15.0.abz7_06,4,653.0,730.0,691.5
n1_HC,n1,HC,F0.15.0.abz7_06,5,651.0,738.0,694.5
n1_HC,n1,HC,F0.15.0.abz7_06,6,636.0,721.0,678.5
n1_HC,n1,HC,F0.15.0.abz7_06,7,649.0,736.0,692.5
n1_HC,n1,HC,F0.15.0.abz7_06,8,640.0,720.0,680.0
n1_HC,n1,HC,F0.15.0.abz7_06,9,647.0,726.0,686.5
n1_HC,n1,HC,F0.15.0.abz7_06,10,655.0,735.0,695.0
n1_HC,n1,HC,F0.15.0.abz7_06,11,642.0,725.0,683.5
n1_HC,n1,HC,F0.15.0.abz7_06,12,646.0,731.0,688.5
n1_HC,n1,HC,F0.15.0.abz7_06,13,647.0,728.0,687.5
n1_HC,n1,HC,F0.15.0.abz7_06,14,639.0,717.0,678.0
n1_HC,n1,HC,F0.15.0.abz7_06,15,641.0,725.0,683.0
n1_HC,n1,HC,F0.15.0.abz7_06,16,645.0,732.0,688.5
n1_HC,n1,HC,F0.15.0.abz7_06,17,641.0,731.0,686.0
n1_HC,n1,HC,F0.15.0.abz7_06,18,649.0,735.0,692.0
n1_HC,n1,HC,F0.15.0.abz7_06,19,640.0,718.0,679.0
n1_HC,n1,HC,F0.15.0.abz7_06,20,642.0,725.0,683.5
n1_HC,n1,HC,F0.15.0.abz7_06,21,645.0,722.0,683.5
n1_HC,n1,HC,F0.15.0.abz7_06,22,636.0,721.0,678.5
n1_HC,n1,HC,F0.15.0.abz7_06,23,637.0,727.0,682.0
n1_HC,n1,HC,F0.15.0.abz7_06,24,661.0,725.0,693.0
n1_HC,n1,HC,F0.15.0.abz7_06,25,652.0,730.0,691.0
n1_HC,n1,HC,F0.15.0.abz7_06,26,644.0,731.0,687.5
n1_HC,n1,HC,F0.15.0.abz7_06,27,648.0,723.0,685.5
n1_HC,n1,HC,F0.15.0.abz7_06,28,643.0,735.0,689.0
n1_HC,n1,HC,F0.15.0.abz7_06,29,635.0,723.0,679.0
n1_HC,n1,HC,F0.15.0.abz7_06,30,644.0,721.0,682.5
n1_HC,n1,HC,F0.15.0.abz8_05,1,660.0,730.0,695.0
n1_HC,n1,HC,F0.15.0.abz8_05,2,663.0,740.0,701.5
n1_HC,n1,HC,F0.15.0.abz8_05,3,659.0,732.0,695.5
n1_HC,n1,HC,F0.15.0.abz8_05,4,654.0,728.0,691.0
n1_HC,n1,HC,F0.15.0.abz8_05,5,667.0,743.0,705.0
n1_HC,n1,HC,F0.15.0.abz8_05,6,665.0,742.0,703.5
n1_HC,n1,HC,F0.15.0.abz8_05,7,673.0,738.0,705.5
n1_HC,n1,HC,F0.15.0.abz8_05,8,672.0,727.0,699.5
n1_HC,n1,HC,F0.15.0.abz8_05,9,677.0,733.0,705.0
n1_HC,n1,HC,F0.15.0.abz8_05,10,657.0,723.0,690.0
n1_HC,n1,HC,F0.15.0.abz8_05,11,658.0,725.0,691.5
n1_HC,n1,HC,F0.15.0.abz8_05,12,667.0,742.0,704.5
n1_HC,n1,HC,F0.15.0.abz8_05,13,667.0,742.0,704.5
n1_HC,n1,HC,F0.15.0.abz8_05,14,679.0,737.0,708.0
n1_HC,n1,HC,F0.15.0.abz8_05,15,655.0,737.0,696.0
n1_HC,n1,HC,F0.15.0.abz8_05,16,662.0,736.0,699.0
n1_HC,n1,HC,F0.15.0.abz8_05,17,660.0,732.0,696.0
n1_HC,n1,HC,F0.15.0.abz8_05,18,674.0,742.0,708.0
n1_HC,n1,HC,F0.15.0.abz8_05,19,667.0,736.0,701.5
n1_HC,n1,HC,F0.15.0.abz8_05,20,663.0,746.0,704.5
n1_HC,n1,HC,F0.15.0.abz8_05,21,654.0,728.0,691.0
n1_HC,n1,HC,F0.15.0.abz8_05,22,670.0,746.0,708.0
n1_HC,n1,HC,F0.15.0.abz8_05,23,663.0,733.0,698.0
n1_HC,n1,HC,F0.15.0.abz8_05,24,662.0,726.0,694.0
n1_HC,n1,HC,F0.15.0.abz8_05,25,660.0,730.0,695.0
n1_HC,n1,HC,F0.15.0.abz8_05,26,663.0,732.0,697.5
n1_HC,n1,HC,F0.15.0.abz8_05,27,668.0,736.0,702.0
n1_HC,n1,HC,F0.15.0.abz8_05,28,663.0,741.0,702.0
n1_HC,n1,HC,F0.15.0.abz8_05,29,655.0,732.0,693.5
n1_HC,n1,HC,F0.15.0.abz8_05,30,661.0,738.0,699.5
n1_HC,n1,HC,F0.15.0.abz9_10,1,692.0,764.0,728.0
n1_HC,n1,HC,F0.15.0.abz9_10,2,666.0,739.0,702.5
n1_HC,n1,HC,F0.15.0.abz9_10,3,690.0,756.0,723.0
n1_HC,n1,HC,F0.15.0.abz9_10,4,702.0,768.0,735.0
n1_HC,n1,HC,F0.15.0.abz9_10,5,688.0,757.0,722.5
n1_HC,n1,HC,F0.15.0.abz9_10,6,695.0,753.0,724.0
n1_HC,n1,HC,F0.15.0.abz9_10,7,695.0,770.0,732.5
n1_HC,n1,HC,F0.15.0.abz9_10,8,686.0,754.0,720.0
n1_HC,n1,HC,F0.15.0.abz9_10,9,690.0,764.0,727.0
n1_HC,n1,HC,F0.15.0.abz9_10,10,680.0,751.0,715.5
n1_HC,n1,HC,F0.15.0.abz9_10,11,667.0,749.0,708.0
n1_HC,n1,HC,F0.15.0.abz9_10,12,677.0,746.0,711.5
n1_HC,n1,HC,F0.15.0.abz9_10,13,688.0,753.0,720.5
n1_HC,n1,HC,F0.15.0.abz9_10,14,680.0,749.0,714.5
n1_HC,n1,HC,F0.15.0.abz9_10,15,698.0,767.0,732.5
n1_HC,n1,HC,F0.15.0.abz9_10,16,683.0,758.0,720.5
n1_HC,n1,HC,F0.15.0.abz9_10,17,698.0,778.0,738.0
n1_HC,n1,HC,F0.15.0.abz9_10,18,662.0,737.0,699.5
n1_HC,n1,HC,F0.15.0.abz9_10,19,668.0,728.0,698.0
n1_HC,n1,HC,F0.15.0.abz9_10,20,691.0,773.0,732.0
n1_HC,n1,HC,F0.15.0.abz9_10,21,696.0,764.0,730.0
n1_HC,n1,HC,F0.15.0.abz9_10,22,674.0,745.0,709.5
n1_HC,n1,HC,F0.15.0.abz9_10,23,689.0,754.0,721.5
n1_HC,n1,HC,F0.15.0.abz9_10,24,687.0,750.0,718.5
n1_HC,n1,HC,F0.15.0.abz9_10,25,695.0,760.0,727.5
n1_HC,n1,HC,F0.15.0.abz9_10,26,694.0,759.0,726.5
n1_HC,n1,HC,F0.15.0.abz9_10,27,686.0,758.0,722.0
n1_HC,n1,HC,F0.15.0.abz9_10,28,681.0,758.0,719.5
n1_HC,n1,HC,F0.15.0.abz9_10,29,697.0,747.0,722.0
n1_HC,n1,HC,F0.15.0.abz9_10,30,691.0,758.0,724.5
n1_HC,n1,HC,F0.15.0.ft10_10,1,913.0,1025.0,969.0
n1_HC,n1,HC,F0.15.0.ft10_10,2,913.0,1025.0,969.0
n1_HC,n1,HC,F0.15.0.ft10_10,3,892.0,998.0,945.0
n1_HC,n1,HC,F0.15.0.ft10_10,4,882.0,989.0,935.5
n1_HC,n1,HC,F0.15.0.ft10_10,5,910.0,1038.0,974.0
n1_HC,n1,HC,F0.15.0.ft10_10,6,933.0,1029.0,981.0
n1_HC,n1,HC,F0.15.0.ft10_10,7,906.0,1004.0,955.0
n1_HC,n1,HC,F0.15.0.ft10_10,8,913.0,1027.0,970.0
n1_HC,n1,HC,F0.15.0.ft10_10,9,897.0,1001.0,949.0
n1_HC,n1,HC,F0.15.0.ft10_10,10,907.0,1003.0,955.0
n1_HC,n1,HC,F0.15.0.ft10_10,11,905.0,993.0,949.0
n1_HC,n1,HC,F0.15.0.ft10_10,12,913.0,1025.0,969.0
n1_HC,n1,HC,F0.15.0.ft10_10,13,892.0,990.0,941.0
n1_HC,n1,HC,F0.15.0.ft10_10,14,908.0,1015.0,961.5
n1_HC,n1,HC,F0.15.0.ft10_10,15,909.0,1003.0,956.0
n1_HC,n1,HC,F0.15.0.ft10_10,16,883.0,995.0,939.0
n1_HC,n1,HC,F0.15.0.ft10_10,17,910.0,1032.0,971.0
n1_HC,n1,HC,F0.15.0.ft10_10,18,905.0,994.0,949.5
n1_HC,n1,HC,F0.15.0.ft10_10,19,905.0,993.0,949.0
n1_HC,n1,HC,F0.15.0.ft10_10,20,905.0,1013.0,959.0
n1_HC,n1,HC,F0.15.0.ft10_10,21,913.0,1025.0,969.0
n1_HC,n1,HC,F0.15.0.ft10_10,22,882.0,989.0,935.5
n1_HC,n1,HC,F0.15.0.ft10_10,23,907.0,1003.0,955.0
n1_HC,n1,HC,F0.15.0.ft10_10,24,900.0,1006.0,953.0
n1_HC,n1,HC,F0.15.0.ft10_10,25,882.0,989.0,935.5
n1_HC,n1,HC,F0.15.0.ft10_10,26,901.0,1003.0,952.0
n1_HC,n1,HC,F0.15.0.ft10_10,27,907.0,1000.0,953.5
n1_HC,n1,HC,F0.15.0.ft10_10,28,913.0,1025.0,969.0
n1_HC,n1,HC,F0.15.0.ft10_10,29,913.0,1025.0,969.0
n1_HC,n1,HC,F0.15.0.ft10_10,30,882.0,989.0,935.5
n1_HC,n1,HC,F0.15.0.ft20_05,1,1109.0,1251.0,1180.0
n1_HC,n1,HC,F0.15.0.ft20_05,2,1109.0,1251.0,1180.0
n1_HC,n1,HC,F0.15.0.ft20_05,3,1106.0,1250.0,1178.0
n1_HC,n1,HC,F0.15.0.ft20_05,4,1109.0,1251.0,1180.0
n1_HC,n1,HC,F0.15.0.ft20_05,5,1128.0,1272.0,1200.0
n1_HC,n1,HC,F0.15.0.ft20_05,6,1106.0,1250.0,1178.0
n1_HC,n1,HC,F0.15.0.ft20_05,7,1111.0,1253.0,1182.0
n1_HC,n1,HC,F0.15.0.ft20_05,8,1109.0,1251.0,1180.0
n1_HC,n1,HC,F0.15.0.ft20_05,9,1109.0,1251.0,1180.0
n1_HC,n1,HC,F0.15.0.ft20_05,10,1094.0,1238.0,1166.0
n1_HC,n1,HC,F0.15.0.ft20_05,11,1118.0,1245.0,1181.5
n1_HC,n1,HC,F0.15.0.ft20_05,12,1109.0,1251.0,1180.0
n1_HC,n1,HC,F0.15.0.ft20_05,13,1109.0,1251.0,1180.0
n1_HC,n1,HC,F0.15.0.ft20_05,14,1109.0,1251.0,1180.0
n1_HC,n1,HC,F0.15.0.ft20_05,15,1106.0,1250.0,1178.0
n1_HC,n1,HC,F0.15.0.ft20_05,16,1109.0,1251.0,1180.0
n1_HC,n1,HC,F0.15.0.ft20_05,17,1121.0,1263.0,1192.0
n1_HC,n1,HC,F0.15.0.ft20_05,18,1106.0,1250.0,1178.0
n1_HC,n1,HC,F0.15.0.ft20_05,19,1106.0,1250.0,1178.0
n1_HC,n1,HC,F0.15.0.ft20_05,20,1101.0,1245.0,1173.0
n1_HC,n1,HC,F0.15.0.ft20_05,21,1106.0,1250.0,1178.0
n1_HC,n1,HC,F0.15.0.ft20_05,22,1106.0,1250.0,1178.0
n1_HC,n1,HC,F0.15.0.ft20_05,23,1109.0,1251.0,1180.0
n1_HC,n1,HC,F0.15.0.ft20_05,24,1101.0,1245.0,1173.0
n1_HC,n1,HC,F0.15.0.ft20_05,25,1109.0,1251.0,1180.0
n1_HC,n1,HC,F0.15.0.ft20_05,26,1106.0,1250.0,1178.0
n1_HC,n1,HC,F0.15.0.ft20_05,27,1109.0,1251.0,1180.0
n1_HC,n1,HC,F0.15.0.ft20_05,28,1101.0,1245.0,1173.0
n1_HC,n1,HC,F0.15.0.ft20_05,29,1106.0,1250.0,1178.0
n1_HC,n1,HC,F0.15.0.ft20_05,30,1106.0,1250.0,1178.0
n1_HC,n1,HC,F0.15.0.la21_04,1,1005.0,1153.0,1079.0
n1_HC,n1,HC,F0.15.0.la21_04,2,1015.0,1171.0,1093.0
n1_HC,n1,HC,F0.15.0.la21_04,3,1020.0,1149.0,1084.5
n1_HC,n1,HC,F0.15.0.la21_04,4,1050.0,1181.0,1115.5
n1_HC,n1,HC,F0.15.0.la21_04,5,1045.0,1166.0,1105.5
n1_HC,n1,HC,F0.15.0.la21_04,6,1004.0,1152.0,1078.0
n1_HC,n1,HC,F0.15.0.la21_04,7,996.0,1125.0,1060.5
n1_HC,n1,HC,F0.15.0.la21_04,8,1026.0,1140.0,1083.0
n1_HC,n1,HC,F0.15.0.la21_04,9,1013.0,1138.0,1075.5
n1_HC,n1,HC,F0.15.0.la21_04,10,1029.0,1155.0,1092.0
n1_HC,n1,HC,F0.15.0.la21_04,11,1014.0,1160.0,1087.0
n1_HC,n1,HC,F0.15.0.la21_04,12,996.0,1122.0,1059.0
n1_HC,n1,HC,F0.15.0.la21_04,13,1020.0,1143.0,1081.5
n1_HC,n1,HC,F0.15.0.la21_04,14,1006.0,1146.0,1076.0
n1_HC,n1,HC,F0.15.0.la21_04,15,1018.0,1151.0,1084.5
n1_HC,n1,HC,F0.15.0.la21_04,16,997.0,1141.0,1069.0
n1_HC,n1,HC,F0.15.0.la21_04,17,1013.0,1151.0,1082.0
n1_HC,n1,HC,F0.15.0.la21_04,18,1032.0,1155.0,1093.5
n1_HC,n1,HC,F0.15.0.la21_04,19,1024.0,1137.0,1080.5
n1_HC,n1,HC,F0.15.0.la21_04,20,1010.0,1132.0,1071.0
n1_HC,n1,HC,F0.15.0.la21_04,21,1037.0,1171.0,1104.0
n1_HC,n1,HC,F0.15.0.la21_04,22,996.0,1122.0,1059.0
n1_HC,n1,HC,F0.15.0.la21_04,23,1029.0,1155.0,1092.0
n1_HC,n1,HC,F0.15.0.la21_04,24,996.0,1124.0,1060.0
n1_HC,n1,HC,F0.15.0.la21_04,25,1030.0,1136.0,1083.0
n1_HC,n1,HC,F0.15.0.la21_04,26,1022.0,1149.0,1085.5
n1_HC,n1,HC,F0.15.0.la21_04,27,1001.0,1151.0,1076.0
n1_HC,n1,HC,F0.15.0.la21_04,28,1021.0,1167.0,1094.0
n1_HC,n1,HC,F0.15.0.la21_04,29,1013.0,1156.0,1084.5
n1_HC,n1,HC,F0.15.0.la21_04,30,1002.0,1141.0,1071.5
n1_HC,n1,HC,F0.15.0.la24_03,1,889.0,1012.0,950.5
n1_HC,n1,HC,F0.15.0.la24_03,2,865.0,1019.0,942.0
n1_HC,n1,HC,F0.15.0.la24_03,3,894.0,1048.0,971.0
n1_HC,n1,HC,F0.15.0.la24_03,4,880.0,1026.0,953.0
n1_HC,n1,HC,F0.15.0.la24_03,5,893.0,1025.0,959.0
n1_HC,n1,HC,F0.15.0.la24_03,6,880.0,1039.0,959.5
n1_HC,n1,HC,F0.15.0.la24_03,7,876.0,1013.0,944.5
n1_HC,n1,HC,F0.15.0.la24_03,8,895.0,1051.0,973.0
n1_HC,n1,HC,F0.15.0.la24_03,9,899.0,1041.0,970.0
n1_HC,n1,HC,F0.15.0.la24_03,10,876.0,1013.0,944.5
n1_HC,n1,HC,F0.15.0.la24_03,11,902.0,1024.0,963.0
n1_HC,n1,HC,F0.15.0.la24_03,12,895.0,1051.0,973.0
n1_HC,n1,HC,F0.15.0.la24_03,13,883.0,1019.0,951.0
n1_HC,n1,HC,F0.15.0.la24_03,14,900.0,1024.0,962.0
n1_HC,n1,HC,F0.15.0.la24_03,15,878.0,1013.0,945.5
n1_HC,n1,HC,F0.15.0.la24_03,16,928.0,1041.0,984.5
n1_HC,n1,HC,F0.15.0.la24_03,17,889.0,1028.0,958.5
n1_HC,n1,HC,F0.15.0.la24_03,18,889.0,1030.0,959.5
n1_HC,n1,HC,F0.15.0.la24_03,19,893.0,1025.0,959.0
n1_HC,n1,HC,F0.15.0.la24_03,20,891.0,1034.0,962.5
n1_HC,n1,HC,F0.15.0.la24_03,21,876.0,1013.0,944.5
n1_HC,n1,HC,F0.15.0.la24_03,22,899.0,1013.0,956.0
n1_HC,n1,HC,F0.15.0.la24_03,23,893.0,1025.0,959.0
n1_HC,n1,HC,F0.15.0.la24_03,24,924.0,1047.0,985.5
n1_HC,n1,HC,F0.15.0.la24_03,25,877.0,1027.0,952.0
n1_HC,n1,HC,F0.15.0.la24_03,26,888.0,1028.0,958.0
n1_HC,n1,HC,F0.15.0.la24_03,27,888.0,1028.0,958.0
n1_HC,n1,HC,F0.15.0.la24_03,28,894.0,1048.0,971.0
n1_HC,n1,HC,F0.15.0.la24_03,29,889.0,1028.0,958.5
n1_HC,n1,HC,F0.15.0.la24_03,30,920.0,1020.0,970.0
n1_HC,n1,HC,F0.15.0.la25_04,1,935.0,1054.0,994.5
n1_HC,n1,HC,F0.15.0.la25_04,2,917.0,1052.0,984.5
n1_HC,n1,HC,F0.15.0.la25_04,3,938.0,1063.0,1000.5
n1_HC,n1,HC,F0.15.0.la25_04,4,958.0,1064.0,1011.0
n1_HC,n1,HC,F0.15.0.la25_04,5,945.0,1072.0,1008.5
n1_HC,n1,HC,F0.15.0.la25_04,6,947.0,1051.0,999.0
n1_HC,n1,HC,F0.15.0.la25_04,7,939.0,1062.0,1000.5
n1_HC,n1,HC,F0.15.0.la25_04,8,924.0,1045.0,984.5
n1_HC,n1,HC,F0.15.0.la25_04,9,931.0,1066.0,998.5
n1_HC,n1,HC,F0.15.0.la25_04,10,920.0,1057.0,988.5
n1_HC,n1,HC,F0.15.0.la25_04,11,934.0,1066.0,1000.0
n1_HC,n1,HC,F0.15.0.la25_04,12,932.0,1047.0,989.5
n1_HC,n1,HC,F0.15.0.la25_04,13,964.0,1071.0,1017.5
n1_HC,n1,HC,F0.15.0.la25_04,14,958.0,1066.0,1012.0
n1_HC,n1,HC,F0.15.0.la25_04,15,942.0,1060.0,1001.0
n1_HC,n1,HC,F0.15.0.la25_04,16,938.0,1063.0,1000.5
n1_HC,n1,HC,F0.15.0.la25_04,17,917.0,1052.0,984.5
n1_HC,n1,HC,F0.15.0.la25_04,18,934.0,1066.0,1000.0
n1_HC,n1,HC,F0.15.0.la25_04,19,956.0,1076.0,1016.0
n1_HC,n1,HC,F0.15.0.la25_04,20,958.0,1064.0,1011.0
n1_HC,n1,HC,F0.15.0.la25_04,21,917.0,1052.0,984.5
n1_HC,n1,HC,F0.15.0.la25_04,22,917.0,1052.0,984.5
n1_HC,n1,HC,F0.15.0.la25_04,23,922.0,1062.0,992.0
n1_HC,n1,HC,F0.15.0.la25_04,24,975.0,1072.0,1023.5
n1_HC,n1,HC,F0.15.0.la25_04,25,917.0,1052.0,984.5
n1_HC,n1,HC,F0.15.0.la25_04,26,938.0,1063.0,1000.5
n1_HC,n1,HC,F0.15.0.la25_04,27,936.0,1059.0,997.5
n1_HC,n1,HC,F0.15.0.la25_04,28,958.0,1064.0,1011.0
n1_HC,n1,HC,F0.15.0.la25_04,29,923.0,1052.0,987.5
n1_HC,n1,HC,F0.15.0.la25_04,30,917.0,1052.0,984.5
n1_HC,n1,HC,F0.15.0.la27_09,1,1194.0,1352.0,1273.0
n1_HC,n1,HC,F0.15.0.la27_09,2,1187.0,1352.0,1269.5
n1_HC,n1,HC,F0.15.0.la27_09,3,1186.0,1352.0,1269.0
n1_HC,n1,HC,F0.15.0.la27_09,4,1186.0,1352.0,1269.0
n1_HC,n1,HC,F0.15.0.la27_09,5,1186.0,1352.0,1269.0
n1_HC,n1,HC,F0.15.0.la27_09,6,1187.0,1339.0,1263.0
n1_HC,n1,HC,F0.15.0.la27_09,7,1189.0,1352.0,1270.5
n1_HC,n1,HC,F0.15.0.la27_09,8,1186.0,1352.0,1269.0
n1_HC,n1,HC,F0.15.0.la27_09,9,1180.0,1344.0,1262.0
n1_HC,n1,HC,F0.15.0.la27_09,10,1192.0,1352.0,1272.0
n1_HC,n1,HC,F0.15.0.la27_09,11,1208.0,1366.0,1287.0
n1_HC,n1,HC,F0.15.0.la27_09,12,1208.0,1366.0,1287.0
n1_HC,n1,HC,F0.15.0.la27_09,13,1186.0,1352.0,1269.0
n1_HC,n1,HC,F0.15.0.la27_09,14,1186.0,1352.0,1269.0
n1_HC,n1,HC,F0.15.0.la27_09,15,1219.0,1383.0,1301.0
n1_HC,n1,HC,F0.15.0.la27_09,16,1201.0,1361.0,1281.0
n1_HC,n1,HC,F0.15.0.la27_09,17,1185.0,1343.0,1264.0
n1_HC,n1,HC,F0.15.0.la27_09,18,1184.0,1350.0,1267.0
n1_HC,n1,HC,F0.15.0.la27_09,19,1173.0,1335.0,1254.0
n1_HC,n1,HC,F0.15.0.la27_09,20,1179.0,1337.0,1258.0
n1_HC,n1,HC,F0.15.0.la27_09,21,1186.0,1352.0,1269.0
n1_HC,n1,HC,F0.15.0.la27_09,22,1204.0,1364.0,1284.0
n1_HC,n1,HC,F0.15.0.la27_09,23,1186.0,1352.0,1269.0
n1_HC,n1,HC,F0.15.0.la27_09,24,1186.0,1353.0,1269.5
n1_HC,n1,HC,F0.15.0.la27_09,25,1204.0,1352.0,1278.0
n1_HC,n1,HC,F0.15.0.la27_09,26,1181.0,1343.0,1262.0
n1_HC,n1,HC,F0.15.0.la27_09,27,1186.0,1352.0,1269.0
n1_HC,n1,HC,F0.15.0.la27_09,28,1211.0,1374.0,1292.5
n1_HC,n1,HC,F0.15.0.la27_09,29,1206.0,1360.0,1283.0
n1_HC,n1,HC,F0.15.0.la27_09,30,1194.0,1354.0,1274.0
n1_HC,n1,HC,F0.15.0.la29_03,1,1140.0,1300.0,1220.0
n1_HC,n1,HC,F0.15.0.la29_03,2,1151.0,1303.0,1227.0
n1_HC,n1,HC,F0.15.0.la29_03,3,1128.0,1282.0,1205.0
n1_HC,n1,HC,F0.15.0.la29_03,4,1137.0,1296.0,1216.5
n1_HC,n1,HC,F0.15.0.la29_03,5,1142.0,1282.0,1212.0
n1_HC,n1,HC,F0.15.0.la29_03,6,1141.0,1303.0,1222.0
n1_HC,n1,HC,F0.15.0.la29_03,7,1158.0,1291.0,1224.5
n1_HC,n1,HC,F0.15.0.la29_03,8,1139.0,1302.0,1220.5
n1_HC,n1,HC,F0.15.0.la29_03,9,1119.0,1265.0,1192.0
n1_HC,n1,HC,F0.15.0.la29_03,10,1137.0,1296.0,1216.5
n1_HC,n1,HC,F0.15.0.la29_03,11,1124.0,1285.0,1204.5
n1_HC,n1,HC,F0.15.0.la29_03,12,1110.0,1265.0,1187.5
n1_HC,n1,HC,F0.15.0.la29_03,13,1115.0,1283.0,1199.0
n1_HC,n1,HC,F0.15.0.la29_03,14,1134.0,1299.0,1216.5
n1_HC,n1,HC,F0.15.0.la29_03,15,1155.0,1293.0,1224.0
n1_HC,n1,HC,F0.15.0.la29_03,16,1153.0,1299.0,1226.0
n1_HC,n1,HC,F0.15.0.la29_03,17,1166.0,1327.0,1246.5
n1_HC,n1,HC,F0.15.0.la29_03,18,1137.0,1303.0,1220.0
n1_HC,n1,HC,F0.15.0.la29_03,19,1155.0,1291.0,1223.0
n1_HC,n1,HC,F0.15.0.la29_03,20,1138.0,1267.0,1202.5
n1_HC,n1,HC,F0.15.0.la29_03,21,1144.0,1296.0,1220.0
n1_HC,n1,HC,F0.15.0.la29_03,22,1115.0,1276.0,1195.5
n1_HC,n1,HC,F0.15.0.la29_03,23,1127.0,1276.0,1201.5
n1_HC,n1,HC,F0.15.0.la29_03,24,1118.0,1257.0,1187.5
n1_HC,n1,HC,F0.15.0.la29_03,25,1133.0,1292.0,1212.5
n1_HC,n1,HC,F0.15.0.la29_03,26,1150.0,1309.0,1229.5
n1_HC,n1,HC,F0.15.0.la29_03,27,1128.0,1271.0,1199.5
n1_HC,n1,HC,F0.15.0.la29_03,28,1123.0,1267.0,1195.0
n1_HC,n1,HC,F0.15.0.la29_03,29,1135.0,1283.0,1209.0
n1_HC,n1,HC,F0.15.0.la29_03,30,1114.0,1280.0,1197.0
n1_HC,n1,HC,F0.15.0.la38_06,1,1180.0,1342.0,1261.0
n1_HC,n1,HC,F0.15.0.la38_06,2,1173.0,1343.0,1258.0
n1_HC,n1,HC,F0.15.0.la38_06,3,1179.0,1330.0,1254.5
n1_HC,n1,HC,F0.15.0.la38_06,4,1204.0,1339.0,1271.5
n1_HC,n1,HC,F0.15.0.la38_06,5,1192.0,1346.0,1269.0
n1_HC,n1,HC,F0.15.0.la38_06,6,1211.0,1326.0,1268.5
n1_HC,n1,HC,F0.15.0.la38_06,7,1169.0,1318.0,1243.5
n1_HC,n1,HC,F0.15.0.la38_06,8,1163.0,1316.0,1239.5
n1_HC,n1,HC,F0.15.0.la38_06,9,1175.0,1344.0,1259.5
n1_HC,n1,HC,F0.15.0.la38_06,10,1159.0,1339.0,1249.0
n1_HC,n1,HC,F0.15.0.la38_06,11,1148.0,1296.0,1222.0
n1_HC,n1,HC,F0.15.0.la38_06,12,1196.0,1328.0,1262.0
n1_HC,n1,HC,F0.15.0.la38_06,13,1182.0,1328.0,1255.0
n1_HC,n1,HC,F0.15.0.la38_06,14,1159.0,1306.0,1232.5
n1_HC,n1,HC,F0.15.0.la38_06,15,1168.0,1322.0,1245.0
n1_HC,n1,HC,F0.15.0.la38_06,16,1157.0,1331.0,1244.0
n1_HC,n1,HC,F0.15.0.la38_06,17,1178.0,1331.0,1254.5
n1_HC,n1,HC,F0.15.0.la38_06,18,1174.0,1339.0,1256.5
n1_HC,n1,HC,F0.15.0.la38_06,19,1187.0,1344.0,1265.5
n1_HC,n1,HC,F0.15.0.la38_06,20,1183.0,1347.0,1265.0
n1_HC,n1,HC,F0.15.0.la38_06,21,1204.0,1343.0,1273.5
n1_HC,n1,HC,F0.15.0.la38_06,22,1170.0,1322.0,1246.0
n1_HC,n1,HC,F0.15.0.la38_06,23,1182.0,1347.0,1264.5
n1_HC,n1,HC,F0.15.0.la38_06,24,1195.0,1357.0,1276.0
n1_HC,n1,HC,F0.15.0.la38_06,25,1168.0,1330.0,1249.0
n1_HC,n1,HC,F0.15.0.la38_06,26,1146.0,1313.0,1229.5
n1_HC,n1,HC,F0.15.0.la38_06,27,1161.0,1313.0,1237.0
n1_HC,n1,HC,F0.15.0.la38_06,28,1197.0,1323.0,1260.0
n1_HC,n1,HC,F0.15.0.la38_06,29,1158.0,1306.0,1232.0
n1_HC,n1,HC,F0.15.0.la38_06,30,1170.0,1330.0,1250.0
n1_HC,n1,HC,F0.15.0.la40_05,1,1154.0,1319.0,1236.5
n1_HC,n1,HC,F0.15.0.la40_05,2,1167.0,1328.0,1247.5
n1_HC,n1,HC,F0.15.0.la40_05,3,1174.0,1334.0,1254.0
n1_HC,n1,HC,F0.15.0.la40_05,4,1176.0,1362.0,1269.0
n1_HC,n1,HC,F0.15.0.la40_05,5,1161.0,1335.0,1248.0
n1_HC,n1,HC,F0.15.0.la40_05,6,1157.0,1337.0,1247.0
n1_HC,n1,HC,F0.15.0.la40_05,7,1151.0,1337.0,1244.0
n1_HC,n1,HC,F0.15.0.la40_05,8,1176.0,1362.0,1269.0
n1_HC,n1,HC,F0.15.0.la40_05,9,1156.0,1337.0,1246.5
n1_HC,n1,HC,F0.15.0.la40_05,10,1144.0,1323.0,1233.5
n1_HC,n1,HC,F0.15.0.la40_05,11,1156.0,1328.0,1242.0
n1_HC,n1,HC,F0.15.0.la40_05,12,1174.0,1334.0,1254.0
n1_HC,n1,HC,F0.15.0.la40_05,13,1144.0,1323.0,1233.5
n1_HC,n1,HC,F0.15.0.la40_05,14,1165.0,1337.0,1251.0
n1_HC,n1,HC,F0.15.0.la40_05,15,1156.0,1337.0,1246.5
n1_HC,n1,HC,F0.15.0.la40_05,16,1150.0,1323.0,1236.5
n1_HC,n1,HC,F0.15.0.la40_05,17,1162.0,1348.0,1255.0
n1_HC,n1,HC,F0.15.0.la40_05,18,1164.0,1344.0,1254.0
n1_HC,n1,HC,F0.15.0.la40_05,19,1151.0,1337.0,1244.0
n1_HC,n1,HC,F0.15.0.la40_05,20,1171.0,1342.0,1256.5
n1_HC,n1,HC,F0.15.0.la40_05,21,1164.0,1340.0,1252.0
n1_HC,n1,HC,F0.15.0.la40_05,22,1174.0,1334.0,1254.0
n1_HC,n1,HC,F0.15.0.la40_05,23,1148.0,1344.0,1246.0
n1_HC,n1,HC,F0.15.0.la40_05,24,1173.0,1344.0,1258.5
n1_HC,n1,HC,F0.15.0.la40_05,25,1152.0,1345.0,1248.5
n1_HC,n1,HC,F0.15.0.la40_05,26,1152.0,1332.0,1242.0
n1_HC,n1,HC,F0.15.0.la40_05,27,1145.0,1337.0,1241.0
n1_HC,n1,HC,F0.15.0.la40_05,28,1176.0,1363.0,1269.5
n1_HC,n1,HC,F0.15.0.la40_05,29,1172.0,1330.0,1251.0
n1_HC,n1,HC,F0.15.0.la40_05,30,1154.0,1320.0,1237.0
n1_HC,n1,HC,tai15_15_01.F.15_01,1,1200.0,1388.0,1294.0
n1_HC,n1,HC,tai15_15_01.F.15_01,2,1200.0,1388.0,1294.0
n1_HC,n1,HC,tai15_15_01.F.15_01,3,1227.0,1353.0,1290.0
n1_HC,n1,HC,tai15_15_01.F.15_01,4,1232.0,1373.0,1302.5
n1_HC,n1,HC,tai15_15_01.F.15_01,5,1212.0,1361.0,1286.5
n1_HC,n1,HC,tai15_15_01.F.15_01,6,1165.0,1364.0,1264.5
n1_HC,n1,HC,tai15_15_01.F.15_01,7,1177.0,1365.0,1271.0
n1_HC,n1,HC,tai15_15_01.F.15_01,8,1207.0,1386.0,1296.5
n1_HC,n1,HC,tai15_15_01.F.15_01,9,1158.0,1353.0,1255.5
n1_HC,n1,HC,tai15_15_01.F.15_01,10,1177.0,1365.0,1271.0
n1_HC,n1,HC,tai15_15_01.F.15_01,11,1175.0,1332.0,1253.5
n1_HC,n1,HC,tai15_15_01.F.15_01,12,1165.0,1364.0,1264.5
n1_HC,n1,HC,tai15_15_01.F.15_01,13,1179.0,1358.0,1268.5
n1_HC,n1,HC,tai15_15_01.F.15_01,14,1177.0,1365.0,1271.0
n1_HC,n1,HC,tai15_15_01.F.15_01,15,1193.0,1382.0,1287.5
n1_HC,n1,HC,tai15_15_01.F.15_01,16,1200.0,1388.0,1294.0
n1_HC,n1,HC,tai15_15_01.F.15_01,17,1196.0,1366.0,1281.0
n1_HC,n1,HC,tai15_15_01.F.15_01,18,1198.0,1367.0,1282.5
n1_HC,n1,HC,tai15_15_01.F.15_01,19,1192.0,1374.0,1283.0
n1_HC,n1,HC,tai15_15_01.F.15_01,20,1193.0,1378.0,1285.5
n1_HC,n1,HC,tai15_15_01.F.15_01,21,1179.0,1358.0,1268.5
n1_HC,n1,HC,tai15_15_01.F.15_01,22,1186.0,1369.0,1277.5
n1_HC,n1,HC,tai15_15_01.F.15_01,23,1198.0,1367.0,1282.5
n1_HC,n1,HC,tai15_15_01.F.15_01,24,1195.0,1386.0,1290.5
n1_HC,n1,HC,tai15_15_01.F.15_01,25,1182.0,1357.0,1269.5
n1_HC,n1,HC,tai15_15_01.F.15_01,26,1167.0,1350.0,1258.5
n1_HC,n1,HC,tai15_15_01.F.15_01,27,1200.0,1388.0,1294.0
n1_HC,n1,HC,tai15_15_01.F.15_01,28,1179.0,1358.0,1268.5
n1_HC,n1,HC,tai15_15_01.F.15_01,29,1196.0,1386.0,1291.0
n1_HC,n1,HC,tai15_15_01.F.15_01,30,1164.0,1348.0,1256.0
n1_HC,n1,HC,tai15_15_02.F.15_01,1,1184.0,1337.0,1260.5
n1_HC,n1,HC,tai15_15_02.F.15_01,2,1185.0,1363.0,1274.0
n1_HC,n1,HC,tai15_15_02.F.15_01,3,1199.0,1366.0,1282.5
n1_HC,n1,HC,tai15_15_02.F.15_01,4,1177.0,1376.0,1276.5
n1_HC,n1,HC,tai15_15_02.F.15_01,5,1185.0,1363.0,1274.0
n1_HC,n1,HC,tai15_15_02.F.15_01,6,1188.0,1366.0,1277.0
n1_HC,n1,HC,tai15_15_02.F.15_01,7,1181.0,1363.0,1272.0
n1_HC,n1,HC,tai15_15_02.F.15_01,8,1199.0,1366.0,1282.5
n1_HC,n1,HC,tai15_15_02.F.15_01,9,1199.0,1366.0,1282.5
n1_HC,n1,HC,tai15_15_02.F.15_01,10,1178.0,1361.0,1269.5
n1_HC,n1,HC,tai15_15_02.F.15_01,11,1199.0,1376.0,1287.5
n1_HC,n1,HC,tai15_15_02.F.15_01,12,1199.0,1376.0,1287.5
n1_HC,n1,HC,tai15_15_02.F.15_01,13,1184.0,1363.0,1273.5
n1_HC,n1,HC,tai15_15_02.F.15_01,14,1199.0,1376.0,1287.5
n1_HC,n1,HC,tai15_15_02.F.15_01,15,1199.0,1376.0,1287.5
n1_HC,n1,HC,tai15_15_02.F.15_01,16,1197.0,1376.0,1286.5
n1_HC,n1,HC,tai15_15_02.F.15_01,17,1178.0,1361.0,1269.5
n1_HC,n1,HC,tai15_15_02.F.15_01,18,1168.0,1349.0,1258.5
n1_HC,n1,HC,tai15_15_02.F.15_01,19,1199.0,1366.0,1282.5
n1_HC,n1,HC,tai15_15_02.F.15_01,20,1178.0,1361.0,1269.5
n1_HC,n1,HC,tai15_15_02.F.15_01,21,1199.0,1376.0,1287.5
n1_HC,n1,HC,tai15_15_02.F.15_01,22,1178.0,1364.0,1271.0
n1_HC,n1,HC,tai15_15_02.F.15_01,23,1178.0,1361.0,1269.5
n1_HC,n1,HC,tai15_15_02.F.15_01,24,1185.0,1363.0,1274.0
n1_HC,n1,HC,tai15_15_02.F.15_01,25,1181.0,1363.0,1272.0
n1_HC,n1,HC,tai15_15_02.F.15_01,26,1199.0,1366.0,1282.5
n1_HC,n1,HC,tai15_15_02.F.15_01,27,1199.0,1370.0,1284.5
n1_HC,n1,HC,tai15_15_02.F.15_01,28,1199.0,1366.0,1282.5
n1_HC,n1,HC,tai15_15_02.F.15_01,29,1181.0,1363.0,1272.0
n1_HC,n1,HC,tai15_15_02.F.15_01,30,1199.0,1366.0,1282.5
n1_HC,n1,HC,tai15_15_03.F.15_01,1,1167.0,1333.0,1250.0
n1_HC,n1,HC,tai15_15_03.F.15_01,2,1161.0,1327.0,1244.0
n1_HC,n1,HC,tai15_15_03.F.15_01,3,1207.0,1364.0,1285.5
n1_HC,n1,HC,tai15_15_03.F.15_01,4,1178.0,1354.0,1266.0
n1_HC,n1,HC,tai15_15_03.F.15_01,5,1160.0,1332.0,1246.0
n1_HC,n1,HC,tai15_15_03.F.15_01,6,1164.0,1358.0,1261.0
n1_HC,n1,HC,tai15_15_03.F.15_01,7,1169.0,1337.0,1253.0
n1_HC,n1,HC,tai15_15_03.F.15_01,8,1158.0,1342.0,1250.0
n1_HC,n1,HC,tai15_15_03.F.15_01,9,1157.0,1318.0,1237.5
n1_HC,n1,HC,tai15_15_03.F.15_01,10,1164.0,1358.0,1261.0
n1_HC,n1,HC,tai15_15_03.F.15_01,11,1154.0,1347.0,1250.5
n1_HC,n1,HC,tai15_15_03.F.15_01,12,1164.0,1349.0,1256.5
n1_HC,n1,HC,tai15_15_03.F.15_01,13,1184.0,1347.0,1265.5
n1_HC,n1,HC,tai15_15_03.F.15_01,14,1173.0,1318.0,1245.5
n1_HC,n1,HC,tai15_15_03.F.15_01,15,1183.0,1359.0,1271.0
n1_HC,n1,HC,tai15_15_03.F.15_01,16,1173.0,1317.0,1245.0
n1_HC,n1,HC,tai15_15_03.F.15_01,17,1160.0,1332.0,1246.0
n1_HC,n1,HC,tai15_15_03.F.15_01,18,1180.0,1349.0,1264.5
n1_HC,n1,HC,tai15_15_03.F.15_01,19,1167.0,1329.0,1248.0
n1_HC,n1,HC,tai15_15_03.F.15_01,20,1176.0,1349.0,1262.5
n1_HC,n1,HC,tai15_15_03.F.15_01,21,1188.0,1334.0,1261.0
n1_HC,n1,HC,tai15_15_03.F.15_01,22,1169.0,1321.0,1245.0
n1_HC,n1,HC,tai15_15_03.F.15_01,23,1197.0,1377.0,1287.0
n1_HC,n1,HC,tai15_15_03.F.15_01,24,1175.0,1351.0,1263.0
n1_HC,n1,HC,tai15_15_03.F.15_01,25,1181.0,1338.0,1259.5
n1_HC,n1,HC,tai15_15_03.F.15_01,26,1177.0,1338.0,1257.5
n1_HC,n1,HC,tai15_15_03.F.15_01,27,1173.0,1316.0,1244.5
n1_HC,n1,HC,tai15_15_03.F.15_01,28,1164.0,1358.0,1261.0
n1_HC,n1,HC,tai15_15_03.F.15_01,29,1189.0,1334.0,1261.5
n1_HC,n1,HC,tai15_15_03.F.15_01,30,1176.0,1338.0,1257.0
n1_HC,n1,HC,tai15_15_04.F.15_01,1,1157.0,1325.0,1241.0
n1_HC,n1,HC,tai15_15_04.F.15_01,2,1116.0,1283.0,1199.5
n1_HC,n1,HC,tai15_15_04.F.15_01,3,1122.0,1298.0,1210.0
n1_HC,n1,HC,tai15_15_04.F.15_01,4,1128.0,1281.0,1204.5
n1_HC,n1,HC,tai15_15_04.F.15_01,5,1141.0,1296.0,1218.5
n1_HC,n1,HC,tai15_15_04.F.15_01,6,1145.0,1317.0,1231.0
n1_HC,n1,HC,tai15_15_04.F.15_01,7,1159.0,1329.0,1244.0
n1_HC,n1,HC,tai15_15_04.F.15_01,8,1115.0,1281.0,1198.0
n1_HC,n1,HC,tai15_15_04.F.15_01,9,1128.0,1281.0,1204.5
n1_HC,n1,HC,tai15_15_04.F.15_01,10,1126.0,1279.0,1202.5
n1_HC,n1,HC,tai15_15_04.F.15_01,11,1141.0,1321.0,1231.0
n1_HC,n1,HC,tai15_15_04.F.15_01,12,1134.0,1293.0,1213.5
n1_HC,n1,HC,tai15_15_04.F.15_01,13,1103.0,1281.0,1192.0
n1_HC,n1,HC,tai15_15_04.F.15_01,14,1133.0,1309.0,1221.0
n1_HC,n1,HC,tai15_15_04.F.15_01,15,1122.0,1298.0,1210.0
n1_HC,n1,HC,tai15_15_04.F.15_01,16,1114.0,1292.0,1203.0
n1_HC,n1,HC,tai15_15_04.F.15_01,17,1126.0,1279.0,1202.5
n1_HC,n1,HC,tai15_15_04.F.15_01,18,1145.0,1315.0,1230.0
n1_HC,n1,HC,tai15_15_04.F.15_01,19,1107.0,1288.0,1197.5
n1_HC,n1,HC,tai15_15_04.F.15_01,20,1114.0,1293.0,1203.5
n1_HC,n1,HC,tai15_15_04.F.15_01,21,1128.0,1281.0,1204.5
n1_HC,n1,HC,tai15_15_04.F.15_01,22,1143.0,1307.0,1225.0
n1_HC,n1,HC,tai15_15_04.F.15_01,23,1117.0,1298.0,1207.5
n1_HC,n1,HC,tai15_15_04.F.15_01,24,1145.0,1315.0,1230.0
n1_HC,n1,HC,tai15_15_04.F.15_01,25,1107.0,1319.0,1213.0
n1_HC,n1,HC,tai15_15_04.F.15_01,26,1128.0,1281.0,1204.5
n1_HC,n1,HC,tai15_15_04.F.15_01,27,1107.0,1279.0,1193.0
n1_HC,n1,HC,tai15_15_04.F.15_01,28,1128.0,1308.0,1218.0
n1_HC,n1,HC,tai15_15_04.F.15_01,29,1131.0,1287.0,1209.0
n1_HC,n1,HC,tai15_15_04.F.15_01,30,1118.0,1274.0,1196.0
n1_HC,n1,HC,tai15_15_05.F.15_01,1,1186.0,1352.0,1269.0
n1_HC,n1,HC,tai15_15_05.F.15_01,2,1177.0,1329.0,1253.0
n1_HC,n1,HC,tai15_15_05.F.15_01,3,1193.0,1309.0,1251.0
n1_HC,n1,HC,tai15_15_05.F.15_01,4,1204.0,1353.0,1278.5
n1_HC,n1,HC,tai15_15_05.F.15_01,5,1189.0,1338.0,1263.5
n1_HC,n1,HC,tai15_15_05.F.15_01,6,1180.0,1324.0,1252.0
n1_HC,n1,HC,tai15_15_05.F.15_01,7,1196.0,1340.0,1268.0
n1_HC,n1,HC,tai15_15_05.F.15_01,8,1187.0,1340.0,1263.5
n1_HC,n1,HC,tai15_15_05.F.15_01,9,1187.0,1340.0,1263.5
n1_HC,n1,HC,tai15_15_05.F.15_01,10,1184.0,1330.0,1257.0
n1_HC,n1,HC,tai15_15_05.F.15_01,11,1189.0,1332.0,1260.5
n1_HC,n1,HC,tai15_15_05.F.15_01,12,1184.0,1330.0,1257.0
n1_HC,n1,HC,tai15_15_05.F.15_01,13,1188.0,1345.0,1266.5
n1_HC,n1,HC,tai15_15_05.F.15_01,14,1184.0,1330.0,1257.0
n1_HC,n1,HC,tai15_15_05.F.15_01,15,1177.0,1338.0,1257.5
n1_HC,n1,HC,tai15_15_05.F.15_01,16,1169.0,1322.0,1245.5
n1_HC,n1,HC,tai15_15_05.F.15_01,17,1193.0,1309.0,1251.0
n1_HC,n1,HC,tai15_15_05.F.15_01,18,1190.0,1333.0,1261.5
n1_HC,n1,HC,tai15_15_05.F.15_01,19,1185.0,1331.0,1258.0
n1_HC,n1,HC,tai15_15_05.F.15_01,20,1206.0,1332.0,1269.0
n1_HC,n1,HC,tai15_15_05.F.15_01,21,1183.0,1332.0,1257.5
n1_HC,n1,HC,tai15_15_05.F.15_01,22,1188.0,1339.0,1263.5
n1_HC,n1,HC,tai15_15_05.F.15_01,23,1178.0,1333.0,1255.5
n1_HC,n1,HC,tai15_15_05.F.15_01,24,1194.0,1349.0,1271.5
n1_HC,n1,HC,tai15_15_05.F.15_01,25,1191.0,1328.0,1259.5
n1_HC,n1,HC,tai15_15_05.F.15_01,26,1183.0,1327.0,1255.0
n1_HC,n1,HC,tai15_15_05.F.15_01,27,1166.0,1345.0,1255.5
n1_HC,n1,HC,tai15_15_05.F.15_01,28,1191.0,1328.0,1259.5
n1_HC,n1,HC,tai15_15_05.F.15_01,29,1179.0,1330.0,1254.5
n1_HC,n1,HC,tai15_15_05.F.15_01,30,1189.0,1332.0,1260.5
n1_HC,n1,HC,tai15_15_06.F.15_01,1,1181.0,1346.0,1263.5
n1_HC,n1,HC,tai15_15_06.F.15_01,2,1187.0,1353.0,1270.0
n1_HC,n1,HC,tai15_15_06.F.15_01,3,1214.0,1376.0,1295.0
n1_HC,n1,HC,tai15_15_06.F.15_01,4,1194.0,1364.0,1279.0
n1_HC,n1,HC,tai15_15_06.F.15_01,5,1230.0,1376.0,1303.0
n1_HC,n1,HC,tai15_15_06.F.15_01,6,1194.0,1364.0,1279.0
n1_HC,n1,HC,tai15_15_06.F.15_01,7,1186.0,1355.0,1270.5
n1_HC,n1,HC,tai15_15_06.F.15_01,8,1178.0,1359.0,1268.5
n1_HC,n1,HC,tai15_15_06.F.15_01,9,1210.0,1338.0,1274.0
n1_HC,n1,HC,tai15_15_06.F.15_01,10,1183.0,1364.0,1273.5
n1_HC,n1,HC,tai15_15_06.F.15_01,11,1208.0,1372.0,1290.0
n1_HC,n1,HC,tai15_15_06.F.15_01,12,1198.0,1366.0,1282.0
n1_HC,n1,HC,tai15_15_06.F.15_01,13,1193.0,1344.0,1268.5
n1_HC,n1,HC,tai15_15_06.F.15_01,14,1205.0,1364.0,1284.5
n1_HC,n1,HC,tai15_15_06.F.15_01,15,1191.0,1363.0,1277.0
n1_HC,n1,HC,tai15_15_06.F.15_01,16,1181.0,1362.0,1271.5
n1_HC,n1,HC,tai15_15_06.F.15_01,17,1194.0,1348.0,1271.0
n1_HC,n1,HC,tai15_15_06.F.15_01,18,1202.0,1364.0,1283.0
n1_HC,n1,HC,tai15_15_06.F.15_01,19,1221.0,1359.0,1290.0
n1_HC,n1,HC,tai15_15_06.F.15_01,20,1183.0,1365.0,1274.0
n1_HC,n1,HC,tai15_15_06.F.15_01,21,1200.0,1370.0,1285.0
n1_HC,n1,HC,tai15_15_06.F.15_01,22,1194.0,1364.0,1279.0
n1_HC,n1,HC,tai15_15_06.F.15_01,23,1189.0,1367.0,1278.0
n1_HC,n1,HC,tai15_15_06.F.15_01,24,1209.0,1359.0,1284.0
n1_HC,n1,HC,tai15_15_06.F.15_01,25,1195.0,1364.0,1279.5
n1_HC,n1,HC,tai15_15_06.F.15_01,26,1196.0,1367.0,1281.5
n1_HC,n1,HC,tai15_15_06.F.15_01,27,1194.0,1364.0,1279.0
n1_HC,n1,HC,tai15_15_06.F.15_01,28,1210.0,1338.0,1274.0
n1_HC,n1,HC,tai15_15_06.F.15_01,29,1177.0,1345.0,1261.0
n1_HC,n1,HC,tai15_15_06.F.15_01,30,1206.0,1349.0,1277.5
n1_HC,n1,HC,tai15_15_07.F.15_01,1,1186.0,1340.0,1263.0
n1_HC,n1,HC,tai15_15_07.F.15_01,2,1180.0,1354.0,1267.0
n1_HC,n1,HC,tai15_15_07.F.15_01,3,1167.0,1349.0,1258.0
n1_HC,n1,HC,tai15_15_07.F.15_01,4,1175.0,1349.0,1262.0
n1_HC,n1,HC,tai15_15_07.F.15_01,5,1173.0,1337.0,1255.0
n1_HC,n1,HC,tai15_15_07.F.15_01,6,1191.0,1354.0,1272.5
n1_HC,n1,HC,tai15_15_07.F.15_01,7,1186.0,1350.0,1268.0
n1_HC,n1,HC,tai15_15_07.F.15_01,8,1191.0,1354.0,1272.5
n1_HC,n1,HC,tai15_15_07.F.15_01,9,1178.0,1356.0,1267.0
n1_HC,n1,HC,tai15_15_07.F.15_01,10,1159.0,1344.0,1251.5
n1_HC,n1,HC,tai15_15_07.F.15_01,11,1182.0,1366.0,1274.0
n1_HC,n1,HC,tai15_15_07.F.15_01,12,1166.0,1363.0,1264.5
n1_HC,n1,HC,tai15_15_07.F.15_01,13,1157.0,1337.0,1247.0
n1_HC,n1,HC,tai15_15_07.F.15_01,14,1169.0,1366.0,1267.5
n1_HC,n1,HC,tai15_15_07.F.15_01,15,1167.0,1339.0,1253.0
n1_HC,n1,HC,tai15_15_07.F.15_01,16,1167.0,1349.0,1258.0
n1_HC,n1,HC,tai15_15_07.F.15_01,17,1170.0,1366.0,1268.0
n1_HC,n1,HC,tai15_15_07.F.15_01,18,1195.0,1349.0,1272.0
n1_HC,n1,HC,tai15_15_07.F.15_01,19,1186.0,1340.0,1263.0
n1_HC,n1,HC,tai15_15_07.F.15_01,20,1170.0,1366.0,1268.0
n1_HC,n1,HC,tai15_15_07.F.15_01,21,1178.0,1342.0,1260.0
n1_HC,n1,HC,tai15_15_07.F.15_01,22,1170.0,1366.0,1268.0
n1_HC,n1,HC,tai15_15_07.F.15_01,23,1174.0,1356.0,1265.0
n1_HC,n1,HC,tai15_15_07.F.15_01,24,1186.0,1370.0,1278.0
n1_HC,n1,HC,tai15_15_07.F.15_01,25,1190.0,1365.0,1277.5
n1_HC,n1,HC,tai15_15_07.F.15_01,26,1167.0,1349.0,1258.0
n1_HC,n1,HC,tai15_15_07.F.15_01,27,1190.0,1365.0,1277.5
n1_HC,n1,HC,tai15_15_07.F.15_01,28,1190.0,1365.0,1277.5
n1_HC,n1,HC,tai15_15_07.F.15_01,29,1186.0,1340.0,1263.0
n1_HC,n1,HC,tai15_15_07.F.15_01,30,1189.0,1345.0,1267.0
n1_HC,n1,HC,tai15_15_08.F.15_01,1,1168.0,1313.0,1240.5
n1_HC,n1,HC,tai15_15_08.F.15_01,2,1179.0,1344.0,1261.5
n1_HC,n1,HC,tai15_15_08.F.15_01,3,1160.0,1322.0,1241.0
n1_HC,n1,HC,tai15_15_08.F.15_01,4,1163.0,1331.0,1247.0
n1_HC,n1,HC,tai15_15_08.F.15_01,5,1155.0,1322.0,1238.5
n1_HC,n1,HC,tai15_15_08.F.15_01,6,1164.0,1324.0,1244.0
n1_HC,n1,HC,tai15_15_08.F.15_01,7,1185.0,1359.0,1272.0
n1_HC,n1,HC,tai15_15_08.F.15_01,8,1182.0,1312.0,1247.0
n1_HC,n1,HC,tai15_15_08.F.15_01,9,1155.0,1334.0,1244.5
n1_HC,n1,HC,tai15_15_08.F.15_01,10,1155.0,1322.0,1238.5
n1_HC,n1,HC,tai15_15_08.F.15_01,11,1225.0,1345.0,1285.0
n1_HC,n1,HC,tai15_15_08.F.15_01,12,1182.0,1312.0,1247.0
n1_HC,n1,HC,tai15_15_08.F.15_01,13,1160.0,1322.0,1241.0
n1_HC,n1,HC,tai15_15_08.F.15_01,14,1168.0,1313.0,1240.5
n1_HC,n1,HC,tai15_15_08.F.15_01,15,1168.0,1313.0,1240.5
n1_HC,n1,HC,tai15_15_08.F.15_01,16,1155.0,1322.0,1238.5
n1_HC,n1,HC,tai15_15_08.F.15_01,17,1155.0,1318.0,1236.5
n1_HC,n1,HC,tai15_15_08.F.15_01,18,1182.0,1325.0,1253.5
n1_HC,n1,HC,tai15_15_08.F.15_01,19,1147.0,1315.0,1231.0
n1_HC,n1,HC,tai15_15_08.F.15_01,20,1171.0,1344.0,1257.5
n1_HC,n1,HC,tai15_15_08.F.15_01,21,1225.0,1343.0,1284.0
n1_HC,n1,HC,tai15_15_08.F.15_01,22,1229.0,1348.0,1288.5
n1_HC,n1,HC,tai15_15_08.F.15_01,23,1168.0,1313.0,1240.5
n1_HC,n1,HC,tai15_15_08.F.15_01,24,1182.0,1312.0,1247.0
n1_HC,n1,HC,tai15_15_08.F.15_01,25,1203.0,1339.0,1271.0
n1_HC,n1,HC,tai15_15_08.F.15_01,26,1187.0,1312.0,1249.5
n1_HC,n1,HC,tai15_15_08.F.15_01,27,1155.0,1318.0,1236.5
n1_HC,n1,HC,tai15_15_08.F.15_01,28,1180.0,1347.0,1263.5
n1_HC,n1,HC,tai15_15_08.F.15_01,29,1197.0,1342.0,1269.5
n1_HC,n1,HC,tai15_15_08.F.15_01,30,1155.0,1318.0,1236.5
n1_HC,n1,HC,tai15_15_09.F.15_01,1,1249.0,1426.0,1337.5
n1_HC,n1,HC,tai15_15_09.F.15_01,2,1203.0,1412.0,1307.5
n1_HC,n1,HC,tai15_15_09.F.15_01,3,1257.0,1424.0,1340.5
n1_HC,n1,HC,tai15_15_09.F.15_01,4,1214.0,1429.0,1321.5
n1_HC,n1,HC,tai15_15_09.F.15_01,5,1219.0,1435.0,1327.0
n1_HC,n1,HC,tai15_15_09.F.15_01,6,1231.0,1439.0,1335.0
n1_HC,n1,HC,tai15_15_09.F.15_01,7,1214.0,1429.0,1321.5
n1_HC,n1,HC,tai15_15_09.F.15_01,8,1236.0,1452.0,1344.0
n1_HC,n1,HC,tai15_15_09.F.15_01,9,1276.0,1453.0,1364.5
n1_HC,n1,HC,tai15_15_09.F.15_01,10,1236.0,1420.0,1328.0
n1_HC,n1,HC,tai15_15_09.F.15_01,11,1218.0,1397.0,1307.5
n1_HC,n1,HC,tai15_15_09.F.15_01,12,1249.0,1423.0,1336.0
n1_HC,n1,HC,tai15_15_09.F.15_01,13,1249.0,1426.0,1337.5
n1_HC,n1,HC,tai15_15_09.F.15_01,14,1218.0,1397.0,1307.5
n1_HC,n1,HC,tai15_15_09.F.15_01,15,1214.0,1429.0,1321.5
n1_HC,n1,HC,tai15_15_09.F.15_01,16,1244.0,1423.0,1333.5
n1_HC,n1,HC,tai15_15_09.F.15_01,17,1244.0,1423.0,1333.5
n1_HC,n1,HC,tai15_15_09.F.15_01,18,1200.0,1412.0,1306.0
n1_HC,n1,HC,tai15_15_09.F.15_01,19,1224.0,1460.0,1342.0
n1_HC,n1,HC,tai15_15_09.F.15_01,20,1210.0,1412.0,1311.0
n1_HC,n1,HC,tai15_15_09.F.15_01,21,1252.0,1428.0,1340.0
n1_HC,n1,HC,tai15_15_09.F.15_01,22,1236.0,1437.0,1336.5
n1_HC,n1,HC,tai15_15_09.F.15_01,23,1260.0,1434.0,1347.0
n1_HC,n1,HC,tai15_15_09.F.15_01,24,1264.0,1446.0,1355.0
n1_HC,n1,HC,tai15_15_09.F.15_01,25,1214.0,1429.0,1321.5
n1_HC,n1,HC,tai15_15_09.F.15_01,26,1249.0,1423.0,1336.0
n1_HC,n1,HC,tai15_15_09.F.15_01,27,1218.0,1397.0,1307.5
n1_HC,n1,HC,tai15_15_09.F.15_01,28,1244.0,1423.0,1333.5
n1_HC,n1,HC,tai15_15_09.F.15_01,29,1212.0,1396.0,1304.0
n1_HC,n1,HC,tai15_15_09.F.15_01,30,1214.0,1429.0,1321.5
n1_HC,n1,HC,tai15_15_10.F.15_01,1,1201.0,1363.0,1282.0
n1_HC,n1,HC,tai15_15_10.F.15_01,2,1215.0,1377.0,1296.0
n1_HC,n1,HC,tai15_15_10.F.15_01,3,1209.0,1365.0,1287.0
n1_HC,n1,HC,tai15_15_10.F.15_01,4,1212.0,1361.0,1286.5
n1_HC,n1,HC,tai15_15_10.F.15_01,5,1229.0,1385.0,1307.0
n1_HC,n1,HC,tai15_15_10.F.15_01,6,1209.0,1365.0,1287.0
n1_HC,n1,HC,tai15_15_10.F.15_01,7,1214.0,1380.0,1297.0
n1_HC,n1,HC,tai15_15_10.F.15_01,8,1199.0,1375.0,1287.0
n1_HC,n1,HC,tai15_15_10.F.15_01,9,1198.0,1361.0,1279.5
n1_HC,n1,HC,tai15_15_10.F.15_01,10,1223.0,1363.0,1293.0
n1_HC,n1,HC,tai15_15_10.F.15_01,11,1215.0,1377.0,1296.0
n1_HC,n1,HC,tai15_15_10.F.15_01,12,1222.0,1361.0,1291.5
n1_HC,n1,HC,tai15_15_10.F.15_01,13,1216.0,1359.0,1287.5
n1_HC,n1,HC,tai15_15_10.F.15_01,14,1224.0,1374.0,1299.0
n1_HC,n1,HC,tai15_15_10.F.15_01,15,1201.0,1366.0,1283.5
n1_HC,n1,HC,tai15_15_10.F.15_01,16,1204.0,1381.0,1292.5
n1_HC,n1,HC,tai15_15_10.F.15_01,17,1215.0,1377.0,1296.0
n1_HC,n1,HC,tai15_15_10.F.15_01,18,1203.0,1375.0,1289.0
n1_HC,n1,HC,tai15_15_10.F.15_01,19,1213.0,1377.0,1295.0
n1_HC,n1,HC,tai15_15_10.F.15_01,20,1215.0,1377.0,1296.0
n1_HC,n1,HC,tai15_15_10.F.15_01,21,1214.0,1385.0,1299.5
n1_HC,n1,HC,tai15_15_10.F.15_01,22,1199.0,1375.0,1287.0
n1_HC,n1,HC,tai15_15_10.F.15_01,23,1215.0,1377.0,1296.0
n1_HC,n1,HC,tai15_15_10.F.15_01,24,1209.0,1383.0,1296.0
n1_HC,n1,HC,tai15_15_10.F.15_01,25,1230.0,1382.0,1306.0
n1_HC,n1,HC,tai15_15_10.F.15_01,26,1218.0,1386.0,1302.0
n1_HC,n1,HC,tai15_15_10.F.15_01,27,1216.0,1377.0,1296.5
n1_HC,n1,HC,tai15_15_10.F.15_01,28,1216.0,1377.0,1296.5
n1_HC,n1,HC,tai15_15_10.F.15_01,29,1199.0,1382.0,1290.5
n1_HC,n1,HC,tai15_15_10.F.15_01,30,1222.0,1361.0,1291.5
n1_HC,n1,HC,tai20_15_01.F.15_01,1,1364.0,1571.0,1467.5
n1_HC,n1,HC,tai20_15_01.F.15_01,2,1319.0,1531.0,1425.0
n1_HC,n1,HC,tai20_15_01.F.15_01,3,1336.0,1546.0,1441.0
n1_HC,n1,HC,tai20_15_01.F.15_01,4,1336.0,1538.0,1437.0
n1_HC,n1,HC,tai20_15_01.F.15_01,5,1343.0,1538.0,1440.5
n1_HC,n1,HC,tai20_15_01.F.15_01,6,1363.0,1549.0,1456.0
n1_HC,n1,HC,tai20_15_01.F.15_01,7,1324.0,1526.0,1425.0
n1_HC,n1,HC,tai20_15_01.F.15_01,8,1322.0,1516.0,1419.0
n1_HC,n1,HC,tai20_15_01.F.15_01,9,1356.0,1549.0,1452.5
n1_HC,n1,HC,tai20_15_01.F.15_01,10,1332.0,1526.0,1429.0
n1_HC,n1,HC,tai20_15_01.F.15_01,11,1336.0,1544.0,1440.0
n1_HC,n1,HC,tai20_15_01.F.15_01,12,1342.0,1537.0,1439.5
n1_HC,n1,HC,tai20_15_01.F.15_01,13,1344.0,1548.0,1446.0
n1_HC,n1,HC,tai20_15_01.F.15_01,14,1343.0,1536.0,1439.5
n1_HC,n1,HC,tai20_15_01.F.15_01,15,1334.0,1526.0,1430.0
n1_HC,n1,HC,tai20_15_01.F.15_01,16,1356.0,1538.0,1447.0
n1_HC,n1,HC,tai20_15_01.F.15_01,17,1330.0,1515.0,1422.5
n1_HC,n1,HC,tai20_15_01.F.15_01,18,1322.0,1544.0,1433.0
n1_HC,n1,HC,tai20_15_01.F.15_01,19,1360.0,1540.0,1450.0
n1_HC,n1,HC,tai20_15_01.F.15_01,20,1346.0,1523.0,1434.5
n1_HC,n1,HC,tai20_15_01.F.15_01,21,1343.0,1530.0,1436.5
n1_HC,n1,HC,tai20_15_01.F.15_01,22,1340.0,1543.0,1441.5
n1_HC,n1,HC,tai20_15_01.F.15_01,23,1341.0,1521.0,1431.0
n1_HC,n1,HC,tai20_15_01.F.15_01,24,1324.0,1528.0,1426.0
n1_HC,n1,HC,tai20_15_01.F.15_01,25,1328.0,1526.0,1427.0
n1_HC,n1,HC,tai20_15_01.F.15_01,26,1344.0,1534.0,1439.0
n1_HC,n1,HC,tai20_15_01.F.15_01,27,1337.0,1522.0,1429.5
n1_HC,n1,HC,tai20_15_01.F.15_01,28,1364.0,1556.0,1460.0
n1_HC,n1,HC,tai20_15_01.F.15_01,29,1343.0,1519.0,1431.0
n1_HC,n1,HC,tai20_15_01.F.15_01,30,1316.0,1529.0,1422.5
n1_HC,n1,HC,tai20_15_02.F.15_01,1,1322.0,1516.0,1419.0
n1_HC,n1,HC,tai20_15_02.F.15_01,2,1331.0,1531.0,1431.0
n1_HC,n1,HC,tai20_15_02.F.15_01,3,1307.0,1514.0,1410.5
n1_HC,n1,HC,tai20_15_02.F.15_01,4,1290.0,1513.0,1401.5
n1_HC,n1,HC,tai20_15_02.F.15_01,5,1305.0,1512.0,1408.5
n1_HC,n1,HC,tai20_15_02.F.15_01,6,1316.0,1507.0,1411.5
n1_HC,n1,HC,tai20_15_02.F.15_01,7,1320.0,1510.0,1415.0
n1_HC,n1,HC,tai20_15_02.F.15_01,8,1334.0,1530.0,1432.0
n1_HC,n1,HC,tai20_15_02.F.15_01,9,1330.0,1510.0,1420.0
n1_HC,n1,HC,tai20_15_02.F.15_01,10,1305.0,1512.0,1408.5
n1_HC,n1,HC,tai20_15_02.F.15_01,11,1319.0,1512.0,1415.5
n1_HC,n1,HC,tai20_15_02.F.15_01,12,1316.0,1509.0,1412.5
n1_HC,n1,HC,tai20_15_02.F.15_01,13,1320.0,1510.0,1415.0
n1_HC,n1,HC,tai20_15_02.F.15_01,14,1305.0,1512.0,1408.5
n1_HC,n1,HC,tai20_15_02.F.15_01,15,1322.0,1520.0,1421.0
n1_HC,n1,HC,tai20_15_02.F.15_01,16,1326.0,1503.0,1414.5
n1_HC,n1,HC,tai20_15_02.F.15_01,17,1323.0,1514.0,1418.5
n1_HC,n1,HC,tai20_15_02.F.15_01,18,1326.0,1537.0,1431.5
n1_HC,n1,HC,tai20_15_02.F.15_01,19,1320.0,1538.0,1429.0
n1_HC,n1,HC,tai20_15_02.F.15_01,20,1306.0,1512.0,1409.0
n1_HC,n1,HC,tai20_15_02.F.15_01,21,1334.0,1521.0,1427.5
n1_HC,n1,HC,tai20_15_02.F.15_01,22,1310.0,1512.0,1411.0
n1_HC,n1,HC,tai20_15_02.F.15_01,23,1350.0,1547.0,1448.5
n1_HC,n1,HC,tai20_15_02.F.15_01,24,1312.0,1521.0,1416.5
n1_HC,n1,HC,tai20_15_02.F.15_01,25,1315.0,1492.0,1403.5
n1_HC,n1,HC,tai20_15_02.F.15_01,26,1317.0,1521.0,1419.0
n1_HC,n1,HC,tai20_15_02.F.15_01,27,1298.0,1500.0,1399.0
n1_HC,n1,HC,tai20_15_02.F.15_01,28,1346.0,1517.0,1431.5
n1_HC,n1,HC,tai20_15_02.F.15_01,29,1349.0,1528.0,1438.5
n1_HC,n1,HC,tai20_15_02.F.15_01,30,1320.0,1520.0,1420.0
n1_HC,n1,HC,tai20_15_03.F.15_01,1,1324.0,1513.0,1418.5
n1_HC,n1,HC,tai20_15_03.F.15_01,2,1333.0,1517.0,1425.0
n1_HC,n1,HC,tai20_15_03.F.15_01,3,1327.0,1526.0,1426.5
n1_HC,n1,HC,tai20_15_03.F.15_01,4,1314.0,1520.0,1417.0
n1_HC,n1,HC,tai20_15_03.F.15_01,5,1314.0,1512.0,1413.0
n1_HC,n1,HC,tai20_15_03.F.15_01,6,1361.0,1554.0,1457.5
n1_HC,n1,HC,tai20_15_03.F.15_01,7,1316.0,1506.0,1411.0
n1_HC,n1,HC,tai20_15_03.F.15_01,8,1335.0,1529.0,1432.0
n1_HC,n1,HC,tai20_15_03.F.15_01,9,1326.0,1510.0,1418.0
n1_HC,n1,HC,tai20_15_03.F.15_01,10,1338.0,1518.0,1428.0
n1_HC,n1,HC,tai20_15_03.F.15_01,11,1311.0,1510.0,1410.5
n1_HC,n1,HC,tai20_15_03.F.15_01,12,1326.0,1503.0,1414.5
n1_HC,n1,HC,tai20_15_03.F.15_01,13,1335.0,1537.0,1436.0
n1_HC,n1,HC,tai20_15_03.F.15_01,14,1310.0,1499.0,1404.5
n1_HC,n1,HC,tai20_15_03.F.15_01,15,1309.0,1521.0,1415.0
n1_HC,n1,HC,tai20_15_03.F.15_01,16,1312.0,1509.0,1410.5
n1_HC,n1,HC,tai20_15_03.F.15_01,17,1331.0,1532.0,1431.5
n1_HC,n1,HC,tai20_15_03.F.15_01,18,1304.0,1510.0,1407.0
n1_HC,n1,HC,tai20_15_03.F.15_01,19,1308.0,1499.0,1403.5
n1_HC,n1,HC,tai20_15_03.F.15_01,20,1295.0,1518.0,1406.5
n1_HC,n1,HC,tai20_15_03.F.15_01,21,1313.0,1521.0,1417.0
n1_HC,n1,HC,tai20_15_03.F.15_01,22,1315.0,1505.0,1410.0
n1_HC,n1,HC,tai20_15_03.F.15_01,23,1345.0,1520.0,1432.5
n1_HC,n1,HC,tai20_15_03.F.15_01,24,1305.0,1500.0,1402.5
n1_HC,n1,HC,tai20_15_03.F.15_01,25,1332.0,1526.0,1429.0
n1_HC,n1,HC,tai20_15_03.F.15_01,26,1316.0,1520.0,1418.0
n1_HC,n1,HC,tai20_15_03.F.15_01,27,1308.0,1508.0,1408.0
n1_HC,n1,HC,tai20_15_03.F.15_01,28,1337.0,1545.0,1441.0
n1_HC,n1,HC,tai20_15_03.F.15_01,29,1327.0,1527.0,1427.0
n1_HC,n1,HC,tai20_15_03.F.15_01,30,1308.0,1516.0,1412.0
n1_HC,n1,HC,tai20_15_04.F.15_01,1,1276.0,1476.0,1376.0
n1_HC,n1,HC,tai20_15_04.F.15_01,2,1300.0,1488.0,1394.0
n1_HC,n1,HC,tai20_15_04.F.15_01,3,1289.0,1467.0,1378.0
n1_HC,n1,HC,tai20_15_04.F.15_01,4,1285.0,1462.0,1373.5
n1_HC,n1,HC,tai20_15_04.F.15_01,5,1295.0,1474.0,1384.5
n1_HC,n1,HC,tai20_15_04.F.15_01,6,1288.0,1457.0,1372.5
n1_HC,n1,HC,tai20_15_04.F.15_01,7,1332.0,1493.0,1412.5
n1_HC,n1,HC,tai20_15_04.F.15_01,8,1293.0,1473.0,1383.0
n1_HC,n1,HC,tai20_15_04.F.15_01,9,1293.0,1467.0,1380.0
n1_HC,n1,HC,tai20_15_04.F.15_01,10,1301.0,1498.0,1399.5
n1_HC,n1,HC,tai20_15_04.F.15_01,11,1278.0,1462.0,1370.0
n1_HC,n1,HC,tai20_15_04.F.15_01,12,1296.0,1462.0,1379.0
n1_HC,n1,HC,tai20_15_04.F.15_01,13,1296.0,1468.0,1382.0
n1_HC,n1,HC,tai20_15_04.F.15_01,14,1279.0,1462.0,1370.5
n1_HC,n1,HC,tai20_15_04.F.15_01,15,1296.0,1462.0,1379.0
n1_HC,n1,HC,tai20_15_04.F.15_01,16,1278.0,1466.0,1372.0
n1_HC,n1,HC,tai20_15_04.F.15_01,17,1292.0,1464.0,1378.0
n1_HC,n1,HC,tai20_15_04.F.15_01,18,1297.0,1485.0,1391.0
n1_HC,n1,HC,tai20_15_04.F.15_01,19,1284.0,1462.0,1373.0
n1_HC,n1,HC,tai20_15_04.F.15_01,20,1274.0,1488.0,1381.0
n1_HC,n1,HC,tai20_15_04.F.15_01,21,1308.0,1490.0,1399.0
n1_HC,n1,HC,tai20_15_04.F.15_01,22,1289.0,1467.0,1378.0
n1_HC,n1,HC,tai20_15_04.F.15_01,23,1301.0,1470.0,1385.5
n1_HC,n1,HC,tai20_15_04.F.15_01,24,1275.0,1472.0,1373.5
n1_HC,n1,HC,tai20_15_04.F.15_01,25,1280.0,1493.0,1386.5
n1_HC,n1,HC,tai20_15_04.F.15_01,26,1300.0,1488.0,1394.0
n1_HC,n1,HC,tai20_15_04.F.15_01,27,1297.0,1466.0,1381.5
n1_HC,n1,HC,tai20_15_04.F.15_01,28,1273.0,1462.0,1367.5
n1_HC,n1,HC,tai20_15_04.F.15_01,29,1278.0,1470.0,1374.0
n1_HC,n1,HC,tai20_15_04.F.15_01,30,1285.0,1468.0,1376.5
n1_HC,n1,HC,tai20_15_05.F.15_01,1,1339.0,1519.0,1429.0
n1_HC,n1,HC,tai20_15_05.F.15_01,2,1332.0,1509.0,1420.5
n1_HC,n1,HC,tai20_15_05.F.15_01,3,1319.0,1518.0,1418.5
n1_HC,n1,HC,tai20_15_05.F.15_01,4,1322.0,1530.0,1426.0
n1_HC,n1,HC,tai20_15_05.F.15_01,5,1311.0,1490.0,1400.5
n1_HC,n1,HC,tai20_15_05.F.15_01,6,1309.0,1517.0,1413.0
n1_HC,n1,HC,tai20_15_05.F.15_01,7,1332.0,1505.0,1418.5
n1_HC,n1,HC,tai20_15_05.F.15_01,8,1328.0,1535.0,1431.5
n1_HC,n1,HC,tai20_15_05.F.15_01,9,1331.0,1526.0,1428.5
n1_HC,n1,HC,tai20_15_05.F.15_01,10,1346.0,1516.0,1431.0
n1_HC,n1,HC,tai20_15_05.F.15_01,11,1293.0,1506.0,1399.5
n1_HC,n1,HC,tai20_15_05.F.15_01,12,1335.0,1500.0,1417.5
n1_HC,n1,HC,tai20_15_05.F.15_01,13,1325.0,1496.0,1410.5
n1_HC,n1,HC,tai20_15_05.F.15_01,14,1299.0,1508.0,1403.5
n1_HC,n1,HC,tai20_15_05.F.15_01,15,1343.0,1502.0,1422.5
n1_HC,n1,HC,tai20_15_05.F.15_01,16,1332.0,1503.0,1417.5
n1_HC,n1,HC,tai20_15_05.F.15_01,17,1295.0,1502.0,1398.5
n1_HC,n1,HC,tai20_15_05.F.15_01,18,1303.0,1493.0,1398.0
n1_HC,n1,HC,tai20_15_05.F.15_01,19,1293.0,1509.0,1401.0
n1_HC,n1,HC,tai20_15_05.F.15_01,20,1341.0,1519.0,1430.0
n1_HC,n1,HC,tai20_15_05.F.15_01,21,1323.0,1496.0,1409.5
n1_HC,n1,HC,tai20_15_05.F.15_01,22,1340.0,1519.0,1429.5
n1_HC,n1,HC,tai20_15_05.F.15_01,23,1335.0,1512.0,1423.5
n1_HC,n1,HC,tai20_15_05.F.15_01,24,1300.0,1508.0,1404.0
n1_HC,n1,HC,tai20_15_05.F.15_01,25,1307.0,1504.0,1405.5
n1_HC,n1,HC,tai20_15_05.F.15_01,26,1357.0,1510.0,1433.5
n1_HC,n1,HC,tai20_15_05.F.15_01,27,1306.0,1501.0,1403.5
n1_HC,n1,HC,tai20_15_05.F.15_01,28,1332.0,1538.0,1435.0
n1_HC,n1,HC,tai20_15_05.F.15_01,29,1318.0,1528.0,1423.0
n1_HC,n1,HC,tai20_15_05.F.15_01,30,1329.0,1508.0,1418.5
n1_HC,n1,HC,tai20_15_06.F.15_01,1,1333.0,1549.0,1441.0
n1_HC,n1,HC,tai20_15_06.F.15_01,2,1325.0,1580.0,1452.5
n1_HC,n1,HC,tai20_15_06.F.15_01,3,1343.0,1547.0,1445.0
n1_HC,n1,HC,tai20_15_06.F.15_01,4,1318.0,1528.0,1423.0
n1_HC,n1,HC,tai20_15_06.F.15_01,5,1345.0,1562.0,1453.5
n1_HC,n1,HC,tai20_15_06.F.15_01,6,1324.0,1539.0,1431.5
n1_HC,n1,HC,tai20_15_06.F.15_01,7,1339.0,1567.0,1453.0
n1_HC,n1,HC,tai20_15_06.F.15_01,8,1334.0,1537.0,1435.5
n1_HC,n1,HC,tai20_15_06.F.15_01,9,1325.0,1569.0,1447.0
n1_HC,n1,HC,tai20_15_06.F.15_01,10,1306.0,1537.0,1421.5
n1_HC,n1,HC,tai20_15_06.F.15_01,11,1333.0,1549.0,1441.0
n1_HC,n1,HC,tai20_15_06.F.15_01,12,1359.0,1542.0,1450.5
n1_HC,n1,HC,tai20_15_06.F.15_01,13,1320.0,1564.0,1442.0
n1_HC,n1,HC,tai20_15_06.F.15_01,14,1352.0,1579.0,1465.5
n1_HC,n1,HC,tai20_15_06.F.15_01,15,1316.0,1552.0,1434.0
n1_HC,n1,HC,tai20_15_06.F.15_01,16,1301.0,1529.0,1415.0
n1_HC,n1,HC,tai20_15_06.F.15_01,17,1342.0,1568.0,1455.0
n1_HC,n1,HC,tai20_15_06.F.15_01,18,1324.0,1523.0,1423.5
n1_HC,n1,HC,tai20_15_06.F.15_01,19,1316.0,1541.0,1428.5
n1_HC,n1,HC,tai20_15_06.F.15_01,20,1316.0,1533.0,1424.5
n1_HC,n1,HC,tai20_15_06.F.15_01,21,1343.0,1571.0,1457.0
n1_HC,n1,HC,tai20_15_06.F.15_01,22,1312.0,1548.0,1430.0
n1_HC,n1,HC,tai20_15_06.F.15_01,23,1335.0,1545.0,1440.0
n1_HC,n1,HC,tai20_15_06.F.15_01,24,1346.0,1565.0,1455.5
n1_HC,n1,HC,tai20_15_06.F.15_01,25,1334.0,1564.0,1449.0
n1_HC,n1,HC,tai20_15_06.F.15_01,26,1335.0,1549.0,1442.0
n1_HC,n1,HC,tai20_15_06.F.15_01,27,1321.0,1541.0,1431.0
n1_HC,n1,HC,tai20_15_06.F.15_01,28,1306.0,1537.0,1421.5
n1_HC,n1,HC,tai20_15_06.F.15_01,29,1331.0,1541.0,1436.0
n1_HC,n1,HC,tai20_15_06.F.15_01,30,1336.0,1554.0,1445.0
n1_HC,n1,HC,tai20_15_07.F.15_01,1,1409.0,1633.0,1521.0
n1_HC,n1,HC,tai20_15_07.F.15_01,2,1411.0,1649.0,1530.0
n1_HC,n1,HC,tai20_15_07.F.15_01,3,1441.0,1663.0,1552.0
n1_HC,n1,HC,tai20_15_07.F.15_01,4,1443.0,1657.0,1550.0
n1_HC,n1,HC,tai20_15_07.F.15_01,5,1409.0,1650.0,1529.5
n1_HC,n1,HC,tai20_15_07.F.15_01,6,1388.0,1632.0,1510.0
n1_HC,n1,HC,tai20_15_07.F.15_01,7,1434.0,1678.0,1556.0
n1_HC,n1,HC,tai20_15_07.F.15_01,8,1397.0,1632.0,1514.5
n1_HC,n1,HC,tai20_15_07.F.15_01,9,1416.0,1635.0,1525.5
n1_HC,n1,HC,tai20_15_07.F.15_01,10,1444.0,1676.0,1560.0
n1_HC,n1,HC,tai20_15_07.F.15_01,11,1402.0,1634.0,1518.0
n1_HC,n1,HC,tai20_15_07.F.15_01,12,1402.0,1634.0,1518.0
n1_HC,n1,HC,tai20_15_07.F.15_01,13,1383.0,1626.0,1504.5
n1_HC,n1,HC,tai20_15_07.F.15_01,14,1412.0,1630.0,1521.0
n1_HC,n1,HC,tai20_15_07.F.15_01,15,1440.0,1672.0,1556.0
n1_HC,n1,HC,tai20_15_07.F.15_01,16,1445.0,1678.0,1561.5
n1_HC,n1,HC,tai20_15_07.F.15_01,17,1397.0,1627.0,1512.0
n1_HC,n1,HC,tai20_15_07.F.15_01,18,1451.0,1684.0,1567.5
n1_HC,n1,HC,tai20_15_07.F.15_01,19,1453.0,1679.0,1566.0
n1_HC,n1,HC,tai20_15_07.F.15_01,20,1402.0,1652.0,1527.0
n1_HC,n1,HC,tai20_15_07.F.15_01,21,1438.0,1650.0,1544.0
n1_HC,n1,HC,tai20_15_07.F.15_01,22,1448.0,1662.0,1555.0
n1_HC,n1,HC,tai20_15_07.F.15_01,23,1405.0,1649.0,1527.0
n1_HC,n1,HC,tai20_15_07.F.15_01,24,1423.0,1657.0,1540.0
n1_HC,n1,HC,tai20_15_07.F.15_01,25,1441.0,1684.0,1562.5
n1_HC,n1,HC,tai20_15_07.F.15_01,26,1440.0,1672.0,1556.0
n1_HC,n1,HC,tai20_15_07.F.15_01,27,1419.0,1627.0,1523.0
n1_HC,n1,HC,tai20_15_07.F.15_01,28,1405.0,1648.0,1526.5
n1_HC,n1,HC,tai20_15_07.F.15_01,29,1417.0,1661.0,1539.0
n1_HC,n1,HC,tai20_15_07.F.15_01,30,1399.0,1641.0,1520.0
n1_HC,n1,HC,tai20_15_08.F.15_01,1,1385.0,1597.0,1491.0
n1_HC,n1,HC,tai20_15_08.F.15_01,2,1392.0,1576.0,1484.0
n1_HC,n1,HC,tai20_15_08.F.15_01,3,1393.0,1587.0,1490.0
n1_HC,n1,HC,tai20_15_08.F.15_01,4,1395.0,1612.0,1503.5
n1_HC,n1,HC,tai20_15_08.F.15_01,5,1384.0,1586.0,1485.0
n1_HC,n1,HC,tai20_15_08.F.15_01,6,1379.0,1607.0,1493.0
n1_HC,n1,HC,tai20_15_08.F.15_01,7,1384.0,1590.0,1487.0
n1_HC,n1,HC,tai20_15_08.F.15_01,8,1403.0,1616.0,1509.5
n1_HC,n1,HC,tai20_15_08.F.15_01,9,1367.0,1577.0,1472.0
n1_HC,n1,HC,tai20_15_08.F.15_01,10,1383.0,1593.0,1488.0
n1_HC,n1,HC,tai20_15_08.F.15_01,11,1396.0,1604.0,1500.0
n1_HC,n1,HC,tai20_15_08.F.15_01,12,1367.0,1572.0,1469.5
n1_HC,n1,HC,tai20_15_08.F.15_01,13,1402.0,1615.0,1508.5
n1_HC,n1,HC,tai20_15_08.F.15_01,14,1364.0,1576.0,1470.0
n1_HC,n1,HC,tai20_15_08.F.15_01,15,1385.0,1588.0,1486.5
n1_HC,n1,HC,tai20_15_08.F.15_01,16,1395.0,1600.0,1497.5
n1_HC,n1,HC,tai20_15_08.F.15_01,17,1372.0,1580.0,1476.0
n1_HC,n1,HC,tai20_15_08.F.15_01,18,1414.0,1616.0,1515.0
n1_HC,n1,HC,tai20_15_08.F.15_01,19,1423.0,1631.0,1527.0
n1_HC,n1,HC,tai20_15_08.F.15_01,20,1384.0,1598.0,1491.0
n1_HC,n1,HC,tai20_15_08.F.15_01,21,1398.0,1593.0,1495.5
n1_HC,n1,HC,tai20_15_08.F.15_01,22,1404.0,1614.0,1509.0
n1_HC,n1,HC,tai20_15_08.F.15_01,23,1402.0,1586.0,1494.0
n1_HC,n1,HC,tai20_15_08.F.15_01,24,1379.0,1593.0,1486.0
n1_HC,n1,HC,tai20_15_08.F.15_01,25,1388.0,1593.0,1490.5
n1_HC,n1,HC,tai20_15_08.F.15_01,26,1373.0,1577.0,1475.0
n1_HC,n1,HC,tai20_15_08.F.15_01,27,1392.0,1596.0,1494.0
n1_HC,n1,HC,tai20_15_08.F.15_01,28,1385.0,1601.0,1493.0
n1_HC,n1,HC,tai20_15_08.F.15_01,29,1382.0,1592.0,1487.0
n1_HC,n1,HC,tai20_15_08.F.15_01,30,1378.0,1581.0,1479.5
n1_HC,n1,HC,tai20_15_09.F.15_01,1,1322.0,1509.0,1415.5
n1_HC,n1,HC,tai20_15_09.F.15_01,2,1335.0,1524.0,1429.5
n1_HC,n1,HC,tai20_15_09.F.15_01,3,1339.0,1535.0,1437.0
n1_HC,n1,HC,tai20_15_09.F.15_01,4,1337.0,1544.0,1440.5
n1_HC,n1,HC,tai20_15_09.F.15_01,5,1315.0,1553.0,1434.0
n1_HC,n1,HC,tai20_15_09.F.15_01,6,1323.0,1545.0,1434.0
n1_HC,n1,HC,tai20_15_09.F.15_01,7,1308.0,1549.0,1428.5
n1_HC,n1,HC,tai20_15_09.F.15_01,8,1330.0,1536.0,1433.0
n1_HC,n1,HC,tai20_15_09.F.15_01,9,1321.0,1524.0,1422.5
n1_HC,n1,HC,tai20_15_09.F.15_01,10,1354.0,1566.0,1460.0
n1_HC,n1,HC,tai20_15_09.F.15_01,11,1357.0,1529.0,1443.0
n1_HC,n1,HC,tai20_15_09.F.15_01,12,1309.0,1523.0,1416.0
n1_HC,n1,HC,tai20_15_09.F.15_01,13,1303.0,1537.0,1420.0
n1_HC,n1,HC,tai20_15_09.F.15_01,14,1338.0,1527.0,1432.5
n1_HC,n1,HC,tai20_15_09.F.15_01,15,1328.0,1521.0,1424.5
n1_HC,n1,HC,tai20_15_09.F.15_01,16,1333.0,1535.0,1434.0
n1_HC,n1,HC,tai20_15_09.F.15_01,17,1310.0,1519.0,1414.5
n1_HC,n1,HC,tai20_15_09.F.15_01,18,1296.0,1526.0,1411.0
n1_HC,n1,HC,tai20_15_09.F.15_01,19,1343.0,1521.0,1432.0
n1_HC,n1,HC,tai20_15_09.F.15_01,20,1317.0,1522.0,1419.5
n1_HC,n1,HC,tai20_15_09.F.15_01,21,1325.0,1537.0,1431.0
n1_HC,n1,HC,tai20_15_09.F.15_01,22,1315.0,1539.0,1427.0
n1_HC,n1,HC,tai20_15_09.F.15_01,23,1288.0,1478.0,1383.0
n1_HC,n1,HC,tai20_15_09.F.15_01,24,1315.0,1522.0,1418.5
n1_HC,n1,HC,tai20_15_09.F.15_01,25,1301.0,1517.0,1409.0
n1_HC,n1,HC,tai20_15_09.F.15_01,26,1331.0,1521.0,1426.0
n1_HC,n1,HC,tai20_15_09.F.15_01,27,1346.0,1557.0,1451.5
n1_HC,n1,HC,tai20_15_09.F.15_01,28,1360.0,1566.0,1463.0
n1_HC,n1,HC,tai20_15_09.F.15_01,29,1299.0,1506.0,1402.5
n1_HC,n1,HC,tai20_15_09.F.15_01,30,1305.0,1524.0,1414.5
n1_HC,n1,HC,tai20_15_10.F.15_01,1,1300.0,1505.0,1402.5
n1_HC,n1,HC,tai20_15_10.F.15_01,2,1311.0,1525.0,1418.0
n1_HC,n1,HC,tai20_15_10.F.15_01,3,1311.0,1494.0,1402.5
n1_HC,n1,HC,tai20_15_10.F.15_01,4,1294.0,1494.0,1394.0
n1_HC,n1,HC,tai20_15_10.F.15_01,5,1317.0,1528.0,1422.5
n1_HC,n1,HC,tai20_15_10.F.15_01,6,1303.0,1503.0,1403.0
n1_HC,n1,HC,tai20_15_10.F.15_01,7,1313.0,1520.0,1416.5
n1_HC,n1,HC,tai20_15_10.F.15_01,8,1309.0,1520.0,1414.5
n1_HC,n1,HC,tai20_15_10.F.15_01,9,1316.0,1525.0,1420.5
n1_HC,n1,HC,tai20_15_10.F.15_01,10,1321.0,1515.0,1418.0
n1_HC,n1,HC,tai20_15_10.F.15_01,11,1294.0,1500.0,1397.0
n1_HC,n1,HC,tai20_15_10.F.15_01,12,1301.0,1500.0,1400.5
n1_HC,n1,HC,tai20_15_10.F.15_01,13,1309.0,1514.0,1411.5
n1_HC,n1,HC,tai20_15_10.F.15_01,14,1315.0,1504.0,1409.5
n1_HC,n1,HC,tai20_15_10.F.15_01,15,1306.0,1514.0,1410.0
n1_HC,n1,HC,tai20_15_10.F.15_01,16,1360.0,1520.0,1440.0
n1_HC,n1,HC,tai20_15_10.F.15_01,17,1330.0,1511.0,1420.5
n1_HC,n1,HC,tai20_15_10.F.15_01,18,1305.0,1504.0,1404.5
n1_HC,n1,HC,tai20_15_10.F.15_01,19,1314.0,1516.0,1415.0
n1_HC,n1,HC,tai20_15_10.F.15_01,20,1300.0,1503.0,1401.5
n1_HC,n1,HC,tai20_15_10.F.15_01,21,1303.0,1493.0,1398.0
n1_HC,n1,HC,tai20_15_10.F.15_01,22,1303.0,1525.0,1414.0
n1_HC,n1,HC,tai20_15_10.F.15_01,23,1326.0,1523.0,1424.5
n1_HC,n1,HC,tai20_15_10.F.15_01,24,1306.0,1527.0,1416.5
n1_HC,n1,HC,tai20_15_10.F.15_01,25,1338.0,1544.0,1441.0
n1_HC,n1,HC,tai20_15_10.F.15_01,26,1313.0,1515.0,1414.0
n1_HC,n1,HC,tai20_15_10.F.15_01,27,1326.0,1536.0,1431.0
n1_HC,n1,HC,tai20_15_10.F.15_01,28,1320.0,1527.0,1423.5
n1_HC,n1,HC,tai20_15_10.F.15_01,29,1347.0,1524.0,1435.5
n1_HC,n1,HC,tai20_15_10.F.15_01,30,1306.0,1497.0,1401.5
n1_HC,n1,HC,tai20_20_01.F.15_01,1,1646.0,1839.0,1742.5
n1_HC,n1,HC,tai20_20_01.F.15_01,2,1600.0,1846.0,1723.0
n1_HC,n1,HC,tai20_20_01.F.15_01,3,1638.0,1840.0,1739.0
n1_HC,n1,HC,tai20_20_01.F.15_01,4,1610.0,1855.0,1732.5
n1_HC,n1,HC,tai20_20_01.F.15_01,5,1607.0,1824.0,1715.5
n1_HC,n1,HC,tai20_20_01.F.15_01,6,1604.0,1870.0,1737.0
n1_HC,n1,HC,tai20_20_01.F.15_01,7,1600.0,1817.0,1708.5
n1_HC,n1,HC,tai20_20_01.F.15_01,8,1646.0,1872.0,1759.0
n1_HC,n1,HC,tai20_20_01.F.15_01,9,1599.0,1858.0,1728.5
n1_HC,n1,HC,tai20_20_01.F.15_01,10,1598.0,1842.0,1720.0
n1_HC,n1,HC,tai20_20_01.F.15_01,11,1588.0,1843.0,1715.5
n1_HC,n1,HC,tai20_20_01.F.15_01,12,1602.0,1846.0,1724.0
n1_HC,n1,HC,tai20_20_01.F.15_01,13,1606.0,1842.0,1724.0
n1_HC,n1,HC,tai20_20_01.F.15_01,14,1615.0,1859.0,1737.0
n1_HC,n1,HC,tai20_20_01.F.15_01,15,1600.0,1829.0,1714.5
n1_HC,n1,HC,tai20_20_01.F.15_01,16,1607.0,1856.0,1731.5
n1_HC,n1,HC,tai20_20_01.F.15_01,17,1620.0,1835.0,1727.5
n1_HC,n1,HC,tai20_20_01.F.15_01,18,1608.0,1828.0,1718.0
n1_HC,n1,HC,tai20_20_01.F.15_01,19,1629.0,1855.0,1742.0
n1_HC,n1,HC,tai20_20_01.F.15_01,20,1616.0,1861.0,1738.5
n1_HC,n1,HC,tai20_20_01.F.15_01,21,1609.0,1835.0,1722.0
n1_HC,n1,HC,tai20_20_01.F.15_01,22,1599.0,1837.0,1718.0
n1_HC,n1,HC,tai20_20_01.F.15_01,23,1577.0,1836.0,1706.5
n1_HC,n1,HC,tai20_20_01.F.15_01,24,1642.0,1862.0,1752.0
n1_HC,n1,HC,tai20_20_01.F.15_01,25,1655.0,1841.0,1748.0
n1_HC,n1,HC,tai20_20_01.F.15_01,26,1617.0,1847.0,1732.0
n1_HC,n1,HC,tai20_20_01.F.15_01,27,1630.0,1843.0,1736.5
n1_HC,n1,HC,tai20_20_01.F.15_01,28,1640.0,1861.0,1750.5
n1_HC,n1,HC,tai20_20_01.F.15_01,29,1614.0,1842.0,1728.0
n1_HC,n1,HC,tai20_20_01.F.15_01,30,1616.0,1848.0,1732.0
n1_HC,n1,HC,tai20_20_02.F.15_01,1,1560.0,1806.0,1683.0
n1_HC,n1,HC,tai20_20_02.F.15_01,2,1577.0,1776.0,1676.5
n1_HC,n1,HC,tai20_20_02.F.15_01,3,1594.0,1798.0,1696.0
n1_HC,n1,HC,tai20_20_02.F.15_01,4,1603.0,1807.0,1705.0
n1_HC,n1,HC,tai20_20_02.F.15_01,5,1595.0,1845.0,1720.0
n1_HC,n1,HC,tai20_20_02.F.15_01,6,1576.0,1805.0,1690.5
n1_HC,n1,HC,tai20_20_02.F.15_01,7,1561.0,1799.0,1680.0
n1_HC,n1,HC,tai20_20_02.F.15_01,8,1561.0,1795.0,1678.0
n1_HC,n1,HC,tai20_20_02.F.15_01,9,1572.0,1813.0,1692.5
n1_HC,n1,HC,tai20_20_02.F.15_01,10,1595.0,1799.0,1697.0
n1_HC,n1,HC,tai20_20_02.F.15_01,11,1556.0,1794.0,1675.0
n1_HC,n1,HC,tai20_20_02.F.15_01,12,1548.0,1783.0,1665.5
n1_HC,n1,HC,tai20_20_02.F.15_01,13,1576.0,1779.0,1677.5
n1_HC,n1,HC,tai20_20_02.F.15_01,14,1571.0,1774.0,1672.5
n1_HC,n1,HC,tai20_20_02.F.15_01,15,1567.0,1804.0,1685.5
n1_HC,n1,HC,tai20_20_02.F.15_01,16,1533.0,1754.0,1643.5
n1_HC,n1,HC,tai20_20_02.F.15_01,17,1560.0,1770.0,1665.0
n1_HC,n1,HC,tai20_20_02.F.15_01,18,1553.0,1781.0,1667.0
n1_HC,n1,HC,tai20_20_02.F.15_01,19,1538.0,1792.0,1665.0
n1_HC,n1,HC,tai20_20_02.F.15_01,20,1581.0,1797.0,1689.0
n1_HC,n1,HC,tai20_20_02.F.15_01,21,1556.0,1792.0,1674.0
n1_HC,n1,HC,tai20_20_02.F.15_01,22,1572.0,1768.0,1670.0
n1_HC,n1,HC,tai20_20_02.F.15_01,23,1619.0,1807.0,1713.0
n1_HC,n1,HC,tai20_20_02.F.15_01,24,1621.0,1806.0,1713.5
n1_HC,n1,HC,tai20_20_02.F.15_01,25,1559.0,1793.0,1676.0
n1_HC,n1,HC,tai20_20_02.F.15_01,26,1563.0,1795.0,1679.0
n1_HC,n1,HC,tai20_20_02.F.15_01,27,1578.0,1811.0,1694.5
n1_HC,n1,HC,tai20_20_02.F.15_01,28,1557.0,1772.0,1664.5
n1_HC,n1,HC,tai20_20_02.F.15_01,29,1558.0,1798.0,1678.0
n1_HC,n1,HC,tai20_20_02.F.15_01,30,1546.0,1785.0,1665.5
n1_HC,n1,HC,tai20_20_03.F.15_01,1,1541.0,1712.0,1626.5
n1_HC,n1,HC,tai20_20_03.F.15_01,2,1565.0,1725.0,1645.0
n1_HC,n1,HC,tai20_20_03.F.15_01,3,1526.0,1696.0,1611.0
n1_HC,n1,HC,tai20_20_03.F.15_01,4,1545.0,1711.0,1628.0
n1_HC,n1,HC,tai20_20_03.F.15_01,5,1549.0,1737.0,1643.0
n1_HC,n1,HC,tai20_20_03.F.15_01,6,1553.0,1725.0,1639.0
n1_HC,n1,HC,tai20_20_03.F.15_01,7,1564.0,1747.0,1655.5
n1_HC,n1,HC,tai20_20_03.F.15_01,8,1559.0,1742.0,1650.5
n1_HC,n1,HC,tai20_20_03.F.15_01,9,1542.0,1723.0,1632.5
n1_HC,n1,HC,tai20_20_03.F.15_01,10,1552.0,1746.0,1649.0
n1_HC,n1,HC,tai20_20_03.F.15_01,11,1544.0,1734.0,1639.0
n1_HC,n1,HC,tai20_20_03.F.15_01,12,1561.0,1759.0,1660.0
n1_HC,n1,HC,tai20_20_03.F.15_01,13,1562.0,1736.0,1649.0
n1_HC,n1,HC,tai20_20_03.F.15_01,14,1517.0,1721.0,1619.0
n1_HC,n1,HC,tai20_20_03.F.15_01,15,1566.0,1762.0,1664.0
n1_HC,n1,HC,tai20_20_03.F.15_01,16,1575.0,1738.0,1656.5
n1_HC,n1,HC,tai20_20_03.F.15_01,17,1563.0,1733.0,1648.0
n1_HC,n1,HC,tai20_20_03.F.15_01,18,1545.0,1757.0,1651.0
n1_HC,n1,HC,tai20_20_03.F.15_01,19,1522.0,1715.0,1618.5
n1_HC,n1,HC,tai20_20_03.F.15_01,20,1598.0,1764.0,1681.0
n1_HC,n1,HC,tai20_20_03.F.15_01,21,1551.0,1735.0,1643.0
n1_HC,n1,HC,tai20_20_03.F.15_01,22,1541.0,1709.0,1625.0
n1_HC,n1,HC,tai20_20_03.F.15_01,23,1568.0,1755.0,1661.5
n1_HC,n1,HC,tai20_20_03.F.15_01,24,1557.0,1727.0,1642.0
n1_HC,n1,HC,tai20_20_03.F.15_01,25,1562.0,1726.0,1644.0
n1_HC,n1,HC,tai20_20_03.F.15_01,26,1540.0,1723.0,1631.5
n1_HC,n1,HC,tai20_20_03.F.15_01,27,1546.0,1734.0,1640.0
n1_HC,n1,HC,tai20_20_03.F.15_01,28,1549.0,1736.0,1642.5
n1_HC,n1,HC,tai20_20_03.F.15_01,29,1557.0,1754.0,1655.5
n1_HC,n1,HC,tai20_20_03.F.15_01,30,1568.0,1746.0,1657.0
n1_HC,n1,HC,tai20_20_04.F.15_01,1,1592.0,1828.0,1710.0
n1_HC,n1,HC,tai20_20_04.F.15_01,2,1562.0,1814.0,1688.0
n1_HC,n1,HC,tai20_20_04.F.15_01,3,1630.0,1866.0,1748.0
n1_HC,n1,HC,tai20_20_04.F.15_01,4,1624.0,1846.0,1735.0
n1_HC,n1,HC,tai20_20_04.F.15_01,5,1599.0,1856.0,1727.5
n1_HC,n1,HC,tai20_20_04.F.15_01,6,1582.0,1840.0,1711.0
n1_HC,n1,HC,tai20_20_04.F.15_01,7,1566.0,1797.0,1681.5
n1_HC,n1,HC,tai20_20_04.F.15_01,8,1632.0,1842.0,1737.0
n1_HC,n1,HC,tai20_20_04.F.15_01,9,1612.0,1836.0,1724.0
n1_HC,n1,HC,tai20_20_04.F.15_01,10,1599.0,1851.0,1725.0
n1_HC,n1,HC,tai20_20_04.F.15_01,11,1627.0,1805.0,1716.0
n1_HC,n1,HC,tai20_20_04.F.15_01,12,1581.0,1811.0,1696.0
n1_HC,n1,HC,tai20_20_04.F.15_01,13,1612.0,1828.0,1720.0
n1_HC,n1,HC,tai20_20_04.F.15_01,14,1623.0,1838.0,1730.5
n1_HC,n1,HC,tai20_20_04.F.15_01,15,1624.0,1828.0,1726.0
n1_HC,n1,HC,tai20_20_04.F.15_01,16,1602.0,1828.0,1715.0
n1_HC,n1,HC,tai20_20_04.F.15_01,17,1583.0,1814.0,1698.5
n1_HC,n1,HC,tai20_20_04.F.15_01,18,1602.0,1852.0,1727.0
n1_HC,n1,HC,tai20_20_04.F.15_01,19,1592.0,1828.0,1710.0
n1_HC,n1,HC,tai20_20_04.F.15_01,20,1602.0,1832.0,1717.0
n1_HC,n1,HC,tai20_20_04.F.15_01,21,1604.0,1842.0,1723.0
n1_HC,n1,HC,tai20_20_04.F.15_01,22,1592.0,1828.0,1710.0
n1_HC,n1,HC,tai20_20_04.F.15_01,23,1592.0,1828.0,1710.0
n1_HC,n1,HC,tai20_20_04.F.15_01,24,1636.0,1861.0,1748.5
n1_HC,n1,HC,tai20_20_04.F.15_01,25,1589.0,1825.0,1707.0
n1_HC,n1,HC,tai20_20_04.F.15_01,26,1609.0,1857.0,1733.0
n1_HC,n1,HC,tai20_20_04.F.15_01,27,1598.0,1832.0,1715.0
n1_HC,n1,HC,tai20_20_04.F.15_01,28,1598.0,1822.0,1710.0
n1_HC,n1,HC,tai20_20_04.F.15_01,29,1580.0,1822.0,1701.0
n1_HC,n1,HC,tai20_20_04.F.15_01,30,1605.0,1828.0,1716.5
n1_HC,n1,HC,tai20_20_05.F.15_01,1,1628.0,1796.0,1712.0
n1_HC,n1,HC,tai20_20_05.F.15_01,2,1585.0,1795.0,1690.0
n1_HC,n1,HC,tai20_20_05.F.15_01,3,1554.0,1785.0,1669.5
n1_HC,n1,HC,tai20_20_05.F.15_01,4,1589.0,1818.0,1703.5
n1_HC,n1,HC,tai20_20_05.F.15_01,5,1588.0,1777.0,1682.5
n1_HC,n1,HC,tai20_20_05.F.15_01,6,1576.0,1795.0,1685.5
n1_HC,n1,HC,tai20_20_05.F.15_01,7,1615.0,1804.0,1709.5
n1_HC,n1,HC,tai20_20_05.F.15_01,8,1589.0,1795.0,1692.0
n1_HC,n1,HC,tai20_20_05.F.15_01,9,1597.0,1774.0,1685.5
n1_HC,n1,HC,tai20_20_05.F.15_01,10,1580.0,1794.0,1687.0
n1_HC,n1,HC,tai20_20_05.F.15_01,11,1570.0,1753.0,1661.5
n1_HC,n1,HC,tai20_20_05.F.15_01,12,1588.0,1790.0,1689.0
n1_HC,n1,HC,tai20_20_05.F.15_01,13,1547.0,1792.0,1669.5
n1_HC,n1,HC,tai20_20_05.F.15_01,14,1600.0,1791.0,1695.5
n1_HC,n1,HC,tai20_20_05.F.15_01,15,1614.0,1781.0,1697.5
n1_HC,n1,HC,tai20_20_05.F.15_01,16,1565.0,1774.0,1669.5
n1_HC,n1,HC,tai20_20_05.F.15_01,17,1557.0,1795.0,1676.0
n1_HC,n1,HC,tai20_20_05.F.15_01,18,1567.0,1792.0,1679.5
n1_HC,n1,HC,tai20_20_05.F.15_01,19,1581.0,1784.0,1682.5
n1_HC,n1,HC,tai20_20_05.F.15_01,20,1579.0,1780.0,1679.5
n1_HC,n1,HC,tai20_20_05.F.15_01,21,1616.0,1773.0,1694.5
n1_HC,n1,HC,tai20_20_05.F.15_01,22,1567.0,1782.0,1674.5
n1_HC,n1,HC,tai20_20_05.F.15_01,23,1568.0,1792.0,1680.0
n1_HC,n1,HC,tai20_20_05.F.15_01,24,1581.0,1759.0,1670.0
n1_HC,n1,HC,tai20_20_05.F.15_01,25,1588.0,1810.0,1699.0
n1_HC,n1,HC,tai20_20_05.F.15_01,26,1569.0,1786.0,1677.5
n1_HC,n1,HC,tai20_20_05.F.15_01,27,1597.0,1789.0,1693.0
n1_HC,n1,HC,tai20_20_05.F.15_01,28,1582.0,1760.0,1671.0
n1_HC,n1,HC,tai20_20_05.F.15_01,29,1619.0,1811.0,1715.0
n1_HC,n1,HC,tai20_20_05.F.15_01,30,1599.0,1776.0,1687.5
n1_HC,n1,HC,tai20_20_06.F.15_01,1,1654.0,1869.0,1761.5
n1_HC,n1,HC,tai20_20_06.F.15_01,2,1673.0,1839.0,1756.0
n1_HC,n1,HC,tai20_20_06.F.15_01,3,1653.0,1845.0,1749.0
n1_HC,n1,HC,tai20_20_06.F.15_01,4,1645.0,1846.0,1745.5
n1_HC,n1,HC,tai20_20_06.F.15_01,5,1646.0,1848.0,1747.0
n1_HC,n1,HC,tai20_20_06.F.15_01,6,1662.0,1844.0,1753.0
n1_HC,n1,HC,tai20_20_06.F.15_01,7,1640.0,1837.0,1738.5
n1_HC,n1,HC,tai20_20_06.F.15_01,8,1658.0,1852.0,1755.0
n1_HC,n1,HC,tai20_20_06.F.15_01,9,1636.0,1827.0,1731.5
n1_HC,n1,HC,tai20_20_06.F.15_01,10,1653.0,1835.0,1744.0
n1_HC,n1,HC,tai20_20_06.F.15_01,11,1660.0,1860.0,1760.0
n1_HC,n1,HC,tai20_20_06.F.15_01,12,1673.0,1849.0,1761.0
n1_HC,n1,HC,tai20_20_06.F.15_01,13,1658.0,1854.0,1756.0
n1_HC,n1,HC,tai20_20_06.F.15_01,14,1667.0,1859.0,1763.0
n1_HC,n1,HC,tai20_20_06.F.15_01,15,1646.0,1854.0,1750.0
n1_HC,n1,HC,tai20_20_06.F.15_01,16,1662.0,1851.0,1756.5
n1_HC,n1,HC,tai20_20_06.F.15_01,17,1656.0,1874.0,1765.0
n1_HC,n1,HC,tai20_20_06.F.15_01,18,1656.0,1850.0,1753.0
n1_HC,n1,HC,tai20_20_06.F.15_01,19,1630.0,1853.0,1741.5
n1_HC,n1,HC,tai20_20_06.F.15_01,20,1679.0,1866.0,1772.5
n1_HC,n1,HC,tai20_20_06.F.15_01,21,1640.0,1835.0,1737.5
n1_HC,n1,HC,tai20_20_06.F.15_01,22,1662.0,1843.0,1752.5
n1_HC,n1,HC,tai20_20_06.F.15_01,23,1668.0,1844.0,1756.0
n1_HC,n1,HC,tai20_20_06.F.15_01,24,1676.0,1852.0,1764.0
n1_HC,n1,HC,tai20_20_06.F.15_01,25,1663.0,1835.0,1749.0
n1_HC,n1,HC,tai20_20_06.F.15_01,26,1663.0,1838.0,1750.5
n1_HC,n1,HC,tai20_20_06.F.15_01,27,1677.0,1868.0,1772.5
n1_HC,n1,HC,tai20_20_06.F.15_01,28,1632.0,1828.0,1730.0
n1_HC,n1,HC,tai20_20_06.F.15_01,29,1637.0,1840.0,1738.5
n1_HC,n1,HC,tai20_20_06.F.15_01,30,1657.0,1846.0,1751.5
n1_HC,n1,HC,tai20_20_07.F.15_01,1,1648.0,1852.0,1750.0
n1_HC,n1,HC,tai20_20_07.F.15_01,2,1702.0,1875.0,1788.5
n1_HC,n1,HC,tai20_20_07.F.15_01,3,1708.0,1881.0,1794.5
n1_HC,n1,HC,tai20_20_07.F.15_01,4,1634.0,1843.0,1738.5
n1_HC,n1,HC,tai20_20_07.F.15_01,5,1665.0,1866.0,1765.5
n1_HC,n1,HC,tai20_20_07.F.15_01,6,1674.0,1864.0,1769.0
n1_HC,n1,HC,tai20_20_07.F.15_01,7,1680.0,1879.0,1779.5
n1_HC,n1,HC,tai20_20_07.F.15_01,8,1662.0,1895.0,1778.5
n1_HC,n1,HC,tai20_20_07.F.15_01,9,1645.0,1882.0,1763.5
n1_HC,n1,HC,tai20_20_07.F.15_01,10,1709.0,1907.0,1808.0
n1_HC,n1,HC,tai20_20_07.F.15_01,11,1682.0,1884.0,1783.0
n1_HC,n1,HC,tai20_20_07.F.15_01,12,1650.0,1854.0,1752.0
n1_HC,n1,HC,tai20_20_07.F.15_01,13,1664.0,1887.0,1775.5
n1_HC,n1,HC,tai20_20_07.F.15_01,14,1684.0,1869.0,1776.5
n1_HC,n1,HC,tai20_20_07.F.15_01,15,1664.0,1873.0,1768.5
n1_HC,n1,HC,tai20_20_07.F.15_01,16,1728.0,1893.0,1810.5
n1_HC,n1,HC,tai20_20_07.F.15_01,17,1661.0,1862.0,1761.5
n1_HC,n1,HC,tai20_20_07.F.15_01,18,1669.0,1873.0,1771.0
n1_HC,n1,HC,tai20_20_07.F.15_01,19,1660.0,1862.0,1761.0
n1_HC,n1,HC,tai20_20_07.F.15_01,20,1721.0,1891.0,1806.0
n1_HC,n1,HC,tai20_20_07.F.15_01,21,1677.0,1893.0,1785.0
n1_HC,n1,HC,tai20_20_07.F.15_01,22,1676.0,1867.0,1771.5
n1_HC,n1,HC,tai20_20_07.F.15_01,23,1657.0,1875.0,1766.0
n1_HC,n1,HC,tai20_20_07.F.15_01,24,1688.0,1869.0,1778.5
n1_HC,n1,HC,tai20_20_07.F.15_01,25,1658.0,1865.0,1761.5
n1_HC,n1,HC,tai20_20_07.F.15_01,26,1708.0,1889.0,1798.5
n1_HC,n1,HC,tai20_20_07.F.15_01,27,1671.0,1875.0,1773.0
n1_HC,n1,HC,tai20_20_07.F.15_01,28,1652.0,1857.0,1754.5
n1_HC,n1,HC,tai20_20_07.F.15_01,29,1675.0,1874.0,1774.5
n1_HC,n1,HC,tai20_20_07.F.15_01,30,1680.0,1863.0,1771.5
n1_HC,n1,HC,tai20_20_08.F.15_01,1,1564.0,1772.0,1668.0
n1_HC,n1,HC,tai20_20_08.F.15_01,2,1569.0,1791.0,1680.0
n1_HC,n1,HC,tai20_20_08.F.15_01,3,1595.0,1821.0,1708.0
n1_HC,n1,HC,tai20_20_08.F.15_01,4,1547.0,1767.0,1657.0
n1_HC,n1,HC,tai20_20_08.F.15_01,5,1581.0,1799.0,1690.0
n1_HC,n1,HC,tai20_20_08.F.15_01,6,1542.0,1774.0,1658.0
n1_HC,n1,HC,tai20_20_08.F.15_01,7,1544.0,1751.0,1647.5
n1_HC,n1,HC,tai20_20_08.F.15_01,8,1560.0,1781.0,1670.5
n1_HC,n1,HC,tai20_20_08.F.15_01,9,1533.0,1758.0,1645.5
n1_HC,n1,HC,tai20_20_08.F.15_01,10,1605.0,1787.0,1696.0
n1_HC,n1,HC,tai20_20_08.F.15_01,11,1588.0,1781.0,1684.5
n1_HC,n1,HC,tai20_20_08.F.15_01,12,1567.0,1768.0,1667.5
n1_HC,n1,HC,tai20_20_08.F.15_01,13,1591.0,1776.0,1683.5
n1_HC,n1,HC,tai20_20_08.F.15_01,14,1597.0,1776.0,1686.5
n1_HC,n1,HC,tai20_20_08.F.15_01,15,1568.0,1773.0,1670.5
n1_HC,n1,HC,tai20_20_08.F.15_01,16,1581.0,1775.0,1678.0
n1_HC,n1,HC,tai20_20_08.F.15_01,17,1584.0,1794.0,1689.0
n1_HC,n1,HC,tai20_20_08.F.15_01,18,1549.0,1748.0,1648.5
n1_HC,n1,HC,tai20_20_08.F.15_01,19,1577.0,1784.0,1680.5
n1_HC,n1,HC,tai20_20_08.F.15_01,20,1571.0,1785.0,1678.0
n1_HC,n1,HC,tai20_20_08.F.15_01,21,1584.0,1808.0,1696.0
n1_HC,n1,HC,tai20_20_08.F.15_01,22,1575.0,1769.0,1672.0
n1_HC,n1,HC,tai20_20_08.F.15_01,23,1550.0,1791.0,1670.5
n1_HC,n1,HC,tai20_20_08.F.15_01,24,1577.0,1773.0,1675.0
n1_HC,n1,HC,tai20_20_08.F.15_01,25,1529.0,1773.0,1651.0
n1_HC,n1,HC,tai20_20_08.F.15_01,26,1556.0,1770.0,1663.0
n1_HC,n1,HC,tai20_20_08.F.15_01,27,1573.0,1785.0,1679.0
n1_HC,n1,HC,tai20_20_08.F.15_01,28,1577.0,1792.0,1684.5
n1_HC,n1,HC,tai20_20_08.F.15_01,29,1565.0,1756.0,1660.5
n1_HC,n1,HC,tai20_20_08.F.15_01,30,1575.0,1764.0,1669.5
n1_HC,n1,HC,tai20_20_09.F.15_01,1,1584.0,1791.0,1687.5
n1_HC,n1,HC,tai20_20_09.F.15_01,2,1646.0,1804.0,1725.0
n1_HC,n1,HC,tai20_20_09.F.15_01,3,1554.0,1760.0,1657.0
n1_HC,n1,HC,tai20_20_09.F.15_01,4,1588.0,1796.0,1692.0
n1_HC,n1,HC,tai20_20_09.F.15_01,5,1603.0,1776.0,1689.5
n1_HC,n1,HC,tai20_20_09.F.15_01,6,1600.0,1799.0,1699.5
n1_HC,n1,HC,tai20_20_09.F.15_01,7,1574.0,1750.0,1662.0
n1_HC,n1,HC,tai20_20_09.F.15_01,8,1573.0,1802.0,1687.5
n1_HC,n1,HC,tai20_20_09.F.15_01,9,1564.0,1767.0,1665.5
n1_HC,n1,HC,tai20_20_09.F.15_01,10,1573.0,1761.0,1667.0
n1_HC,n1,HC,tai20_20_09.F.15_01,11,1562.0,1779.0,1670.5
n1_HC,n1,HC,tai20_20_09.F.15_01,12,1592.0,1780.0,1686.0
n1_HC,n1,HC,tai20_20_09.F.15_01,13,1604.0,1778.0,1691.0
n1_HC,n1,HC,tai20_20_09.F.15_01,14,1612.0,1791.0,1701.5
n1_HC,n1,HC,tai20_20_09.F.15_01,15,1586.0,1776.0,1681.0
n1_HC,n1,HC,tai20_20_09.F.15_01,16,1583.0,1777.0,1680.0
n1_HC,n1,HC,tai20_20_09.F.15_01,17,1577.0,1782.0,1679.5
n1_HC,n1,HC,tai20_20_09.F.15_01,18,1575.0,1795.0,1685.0
n1_HC,n1,HC,tai20_20_09.F.15_01,19,1604.0,1779.0,1691.5
n1_HC,n1,HC,tai20_20_09.F.15_01,20,1619.0,1811.0,1715.0
n1_HC,n1,HC,tai20_20_09.F.15_01,21,1583.0,1794.0,1688.5
n1_HC,n1,HC,tai20_20_09.F.15_01,22,1563.0,1781.0,1672.0
n1_HC,n1,HC,tai20_20_09.F.15_01,23,1553.0,1766.0,1659.5
n1_HC,n1,HC,tai20_20_09.F.15_01,24,1672.0,1836.0,1754.0
n1_HC,n1,HC,tai20_20_09.F.15_01,25,1604.0,1801.0,1702.5
n1_HC,n1,HC,tai20_20_09.F.15_01,26,1577.0,1768.0,1672.5
n1_HC,n1,HC,tai20_20_09.F.15_01,27,1557.0,1778.0,1667.5
n1_HC,n1,HC,tai20_20_09.F.15_01,28,1568.0,1785.0,1676.5
n1_HC,n1,HC,tai20_20_09.F.15_01,29,1563.0,1764.0,1663.5
n1_HC,n1,HC,tai20_20_09.F.15_01,30,1583.0,1781.0,1682.0
n1_HC,n1,HC,tai20_20_10.F.15_01,1,1549.0,1783.0,1666.0
n1_HC,n1,HC,tai20_20_10.F.15_01,2,1556.0,1775.0,1665.5
n1_HC,n1,HC,tai20_20_10.F.15_01,3,1569.0,1746.0,1657.5
n1_HC,n1,HC,tai20_20_10.F.15_01,4,1550.0,1752.0,1651.0
n1_HC,n1,HC,tai20_20_10.F.15_01,5,1572.0,1784.0,1678.0
n1_HC,n1,HC,tai20_20_10.F.15_01,6,1590.0,1761.0,1675.5
n1_HC,n1,HC,tai20_20_10.F.15_01,7,1585.0,1759.0,1672.0
n1_HC,n1,HC,tai20_20_10.F.15_01,8,1572.0,1782.0,1677.0
n1_HC,n1,HC,tai20_20_10.F.15_01,9,1578.0,1772.0,1675.0
n1_HC,n1,HC,tai20_20_10.F.15_01,10,1564.0,1776.0,1670.0
n1_HC,n1,HC,tai20_20_10.F.15_01,11,1535.0,1763.0,1649.0
n1_HC,n1,HC,tai20_20_10.F.15_01,12,1559.0,1759.0,1659.0
n1_HC,n1,HC,tai20_20_10.F.15_01,13,1573.0,1753.0,1663.0
n1_HC,n1,HC,tai20_20_10.F.15_01,14,1545.0,1739.0,1642.0
n1_HC,n1,HC,tai20_20_10.F.15_01,15,1542.0,1760.0,1651.0
n1_HC,n1,HC,tai20_20_10.F.15_01,16,1565.0,1737.0,1651.0
n1_HC,n1,HC,tai20_20_10.F.15_01,17,1619.0,1790.0,1704.5
n1_HC,n1,HC,tai20_20_10.F.15_01,18,1564.0,1757.0,1660.5
n1_HC,n1,HC,tai20_20_10.F.15_01,19,1579.0,1750.0,1664.5
n1_HC,n1,HC,tai20_20_10.F.15_01,20,1599.0,1764.0,1681.5
n1_HC,n1,HC,tai20_20_10.F.15_01,21,1558.0,1772.0,1665.0
n1_HC,n1,HC,tai20_20_10.F.15_01,22,1575.0,1765.0,1670.0
n1_HC,n1,HC,tai20_20_10.F.15_01,23,1575.0,1768.0,1671.5
n1_HC,n1,HC,tai20_20_10.F.15_01,24,1574.0,1768.0,1671.0
n1_HC,n1,HC,tai20_20_10.F.15_01,25,1562.0,1773.0,1667.5
n1_HC,n1,HC,tai20_20_10.F.15_01,26,1566.0,1798.0,1682.0
n1_HC,n1,HC,tai20_20_10.F.15_01,27,1569.0,1766.0,1667.5
n1_HC,n1,HC,tai20_20_10.F.15_01,28,1574.0,1773.0,1673.5
n1_HC,n1,HC,tai20_20_10.F.15_01,29,1582.0,1772.0,1677.0
n1_HC,n1,HC,tai20_20_10.F.15_01,30,1587.0,1787.0,1687.0
n1_HC,n1,HC,tai30_15_01.F.15_01,1,1717.0,1945.0,1831.0
n1_HC,n1,HC,tai30_15_01.F.15_01,2,1747.0,1963.0,1855.0
n1_HC,n1,HC,tai30_15_01.F.15_01,3,1698.0,1931.0,1814.5
n1_HC,n1,HC,tai30_15_01.F.15_01,4,1706.0,1936.0,1821.0
n1_HC,n1,HC,tai30_15_01.F.15_01,5,1722.0,1963.0,1842.5
n1_HC,n1,HC,tai30_15_01.F.15_01,6,1714.0,1934.0,1824.0
n1_HC,n1,HC,tai30_15_01.F.15_01,7,1705.0,1924.0,1814.5
n1_HC,n1,HC,tai30_15_01.F.15_01,8,1753.0,1987.0,1870.0
n1_HC,n1,HC,tai30_15_01.F.15_01,9,1763.0,1975.0,1869.0
n1_HC,n1,HC,tai30_15_01.F.15_01,10,1709.0,1931.0,1820.0
n1_HC,n1,HC,tai30_15_01.F.15_01,11,1710.0,1948.0,1829.0
n1_HC,n1,HC,tai30_15_01.F.15_01,12,1719.0,1945.0,1832.0
n1_HC,n1,HC,tai30_15_01.F.15_01,13,1757.0,1982.0,1869.5
n1_HC,n1,HC,tai30_15_01.F.15_01,14,1719.0,1944.0,1831.5
n1_HC,n1,HC,tai30_15_01.F.15_01,15,1739.0,1983.0,1861.0
n1_HC,n1,HC,tai30_15_01.F.15_01,16,1713.0,1940.0,1826.5
n1_HC,n1,HC,tai30_15_01.F.15_01,17,1737.0,1967.0,1852.0
n1_HC,n1,HC,tai30_15_01.F.15_01,18,1713.0,1937.0,1825.0
n1_HC,n1,HC,tai30_15_01.F.15_01,19,1745.0,1970.0,1857.5
n1_HC,n1,HC,tai30_15_01.F.15_01,20,1804.0,2064.0,1934.0
n1_HC,n1,HC,tai30_15_01.F.15_01,21,1716.0,1932.0,1824.0
n1_HC,n1,HC,tai30_15_01.F.15_01,22,1706.0,1948.0,1827.0
n1_HC,n1,HC,tai30_15_01.F.15_01,23,1741.0,1969.0,1855.0
n1_HC,n1,HC,tai30_15_01.F.15_01,24,1771.0,1989.0,1880.0
n1_HC,n1,HC,tai30_15_01.F.15_01,25,1724.0,1958.0,1841.0
n1_HC,n1,HC,tai30_15_01.F.15_01,26,1739.0,1965.0,1852.0
n1_HC,n1,HC,tai30_15_01.F.15_01,27,1716.0,1948.0,1832.0
n1_HC,n1,HC,tai30_15_01.F.15_01,28,1719.0,1943.0,1831.0
n1_HC,n1,HC,tai30_15_01.F.15_01,29,1754.0,2007.0,1880.5
n1_HC,n1,HC,tai30_15_01.F.15_01,30,1734.0,1967.0,1850.5
n1_HC,n1,HC,tai30_15_02.F.15_01,1,1810.0,2074.0,1942.0
n1_HC,n1,HC,tai30_15_02.F.15_01,2,1792.0,2080.0,1936.0
n1_HC,n1,HC,tai30_15_02.F.15_01,3,1752.0,2032.0,1892.0
n1_HC,n1,HC,tai30_15_02.F.15_01,4,1764.0,2043.0,1903.5
n1_HC,n1,HC,tai30_15_02.F.15_01,5,1738.0,2014.0,1876.0
n1_HC,n1,HC,tai30_15_02.F.15_01,6,1782.0,2075.0,1928.5
n1_HC,n1,HC,tai30_15_02.F.15_01,7,1823.0,2096.0,1959.5
n1_HC,n1,HC,tai30_15_02.F.15_01,8,1807.0,2071.0,1939.0
n1_HC,n1,HC,tai30_15_02.F.15_01,9,1778.0,2056.0,1917.0
n1_HC,n1,HC,tai30_15_02.F.15_01,10,1817.0,2096.0,1956.5
n1_HC,n1,HC,tai30_15_02.F.15_01,11,1757.0,2059.0,1908.0
n1_HC,n1,HC,tai30_15_02.F.15_01,12,1784.0,2068.0,1926.0
n1_HC,n1,HC,tai30_15_02.F.15_01,13,1778.0,2061.0,1919.5
n1_HC,n1,HC,tai30_15_02.F.15_01,14,1790.0,2075.0,1932.5
n1_HC,n1,HC,tai30_15_02.F.15_01,15,1772.0,2037.0,1904.5
n1_HC,n1,HC,tai30_15_02.F.15_01,16,1764.0,2062.0,1913.0
n1_HC,n1,HC,tai30_15_02.F.15_01,17,1753.0,2045.0,1899.0
n1_HC,n1,HC,tai30_15_02.F.15_01,18,1792.0,2054.0,1923.0
n1_HC,n1,HC,tai30_15_02.F.15_01,19,1759.0,2047.0,1903.0
n1_HC,n1,HC,tai30_15_02.F.15_01,20,1789.0,2088.0,1938.5
n1_HC,n1,HC,tai30_15_02.F.15_01,21,1748.0,2022.0,1885.0
n1_HC,n1,HC,tai30_15_02.F.15_01,22,1817.0,2111.0,1964.0
n1_HC,n1,HC,tai30_15_02.F.15_01,23,1824.0,2081.0,1952.5
n1_HC,n1,HC,tai30_15_02.F.15_01,24,1782.0,2054.0,1918.0
n1_HC,n1,HC,tai30_15_02.F.15_01,25,1768.0,2066.0,1917.0
n1_HC,n1,HC,tai30_15_02.F.15_01,26,1797.0,2061.0,1929.0
n1_HC,n1,HC,tai30_15_02.F.15_01,27,1857.0,2135.0,1996.0
n1_HC,n1,HC,tai30_15_02.F.15_01,28,1781.0,2045.0,1913.0
n1_HC,n1,HC,tai30_15_02.F.15_01,29,1747.0,2056.0,1901.5
n1_HC,n1,HC,tai30_15_02.F.15_01,30,1796.0,2091.0,1943.5
n1_HC,n1,HC,tai30_15_03.F.15_01,1,1771.0,2031.0,1901.0
n1_HC,n1,HC,tai30_15_03.F.15_01,2,1769.0,2024.0,1896.5
n1_HC,n1,HC,tai30_15_03.F.15_01,3,1782.0,2036.0,1909.0
n1_HC,n1,HC,tai30_15_03.F.15_01,4,1789.0,2055.0,1922.0
n1_HC,n1,HC,tai30_15_03.F.15_01,5,1771.0,2033.0,1902.0
n1_HC,n1,HC,tai30_15_03.F.15_01,6,1775.0,2028.0,1901.5
n1_HC,n1,HC,tai30_15_03.F.15_01,7,1792.0,2040.0,1916.0
n1_HC,n1,HC,tai30_15_03.F.15_01,8,1780.0,2065.0,1922.5
n1_HC,n1,HC,tai30_15_03.F.15_01,9,1740.0,2029.0,1884.5
n1_HC,n1,HC,tai30_15_03.F.15_01,10,1771.0,2057.0,1914.0
n1_HC,n1,HC,tai30_15_03.F.15_01,11,1782.0,2035.0,1908.5
n1_HC,n1,HC,tai30_15_03.F.15_01,12,1780.0,2057.0,1918.5
n1_HC,n1,HC,tai30_15_03.F.15_01,13,1769.0,2036.0,1902.5
n1_HC,n1,HC,tai30_15_03.F.15_01,14,1785.0,2039.0,1912.0
n1_HC,n1,HC,tai30_15_03.F.15_01,15,1792.0,2068.0,1930.0
n1_HC,n1,HC,tai30_15_03.F.15_01,16,1773.0,2007.0,1890.0
n1_HC,n1,HC,tai30_15_03.F.15_01,17,1756.0,2027.0,1891.5
n1_HC,n1,HC,tai30_15_03.F.15_01,18,1752.0,2033.0,1892.5
n1_HC,n1,HC,tai30_15_03.F.15_01,19,1782.0,2055.0,1918.5
n1_HC,n1,HC,tai30_15_03.F.15_01,20,1785.0,2069.0,1927.0
n1_HC,n1,HC,tai30_15_03.F.15_01,21,1791.0,2055.0,1923.0
n1_HC,n1,HC,tai30_15_03.F.15_01,22,1801.0,2047.0,1924.0
n1_HC,n1,HC,tai30_15_03.F.15_01,23,1772.0,2040.0,1906.0
n1_HC,n1,HC,tai30_15_03.F.15_01,24,1753.0,2038.0,1895.5
n1_HC,n1,HC,tai30_15_03.F.15_01,25,1771.0,2065.0,1918.0
n1_HC,n1,HC,tai30_15_03.F.15_01,26,1751.0,2036.0,1893.5
n1_HC,n1,HC,tai30_15_03.F.15_01,27,1755.0,2026.0,1890.5
n1_HC,n1,HC,tai30_15_03.F.15_01,28,1771.0,2051.0,1911.0
n1_HC,n1,HC,tai30_15_03.F.15_01,29,1762.0,2021.0,1891.5
n1_HC,n1,HC,tai30_15_03.F.15_01,30,1762.0,2031.0,1896.5
n1_HC,n1,HC,tai30_15_04.F.15_01,1,1845.0,2083.0,1964.0
n1_HC,n1,HC,tai30_15_04.F.15_01,2,1814.0,2083.0,1948.5
n1_HC,n1,HC,tai30_15_04.F.15_01,3,1818.0,2050.0,1934.0
n1_HC,n1,HC,tai30_15_04.F.15_01,4,1842.0,2084.0,1963.0
n1_HC,n1,HC,tai30_15_04.F.15_01,5,1842.0,2090.0,1966.0
n1_HC,n1,HC,tai30_15_04.F.15_01,6,1824.0,2083.0,1953.5
n1_HC,n1,HC,tai30_15_04.F.15_01,7,1846.0,2082.0,1964.0
n1_HC,n1,HC,tai30_15_04.F.15_01,8,1798.0,2046.0,1922.0
n1_HC,n1,HC,tai30_15_04.F.15_01,9,1806.0,2051.0,1928.5
n1_HC,n1,HC,tai30_15_04.F.15_01,10,1828.0,2081.0,1954.5
n1_HC,n1,HC,tai30_15_04.F.15_01,11,1797.0,2051.0,1924.0
n1_HC,n1,HC,tai30_15_04.F.15_01,12,1826.0,2088.0,1957.0
n1_HC,n1,HC,tai30_15_04.F.15_01,13,1818.0,2075.0,1946.5
n1_HC,n1,HC,tai30_15_04.F.15_01,14,1844.0,2083.0,1963.5
n1_HC,n1,HC,tai30_15_04.F.15_01,15,1823.0,2085.0,1954.0
n1_HC,n1,HC,tai30_15_04.F.15_01,16,1835.0,2083.0,1959.0
n1_HC,n1,HC,tai30_15_04.F.15_01,17,1803.0,2081.0,1942.0
n1_HC,n1,HC,tai30_15_04.F.15_01,18,1847.0,2075.0,1961.0
n1_HC,n1,HC,tai30_15_04.F.15_01,19,1833.0,2089.0,1961.0
n1_HC,n1,HC,tai30_15_04.F.15_01,20,1803.0,2081.0,1942.0
n1_HC,n1,HC,tai30_15_04.F.15_01,21,1818.0,2082.0,1950.0
n1_HC,n1,HC,tai30_15_04.F.15_01,22,1846.0,2082.0,1964.0
n1_HC,n1,HC,tai30_15_04.F.15_01,23,1803.0,2083.0,1943.0
n1_HC,n1,HC,tai30_15_04.F.15_01,24,1807.0,2083.0,1945.0
n1_HC,n1,HC,tai30_15_04.F.15_01,25,1844.0,2081.0,1962.5
n1_HC,n1,HC,tai30_15_04.F.15_01,26,1833.0,2089.0,1961.0
n1_HC,n1,HC,tai30_15_04.F.15_01,27,1825.0,2081.0,1953.0
n1_HC,n1,HC,tai30_15_04.F.15_01,28,1839.0,2083.0,1961.0
n1_HC,n1,HC,tai30_15_04.F.15_01,29,1797.0,2051.0,1924.0
n1_HC,n1,HC,tai30_15_04.F.15_01,30,1821.0,2083.0,1952.0
n1_HC,n1,HC,tai30_15_05.F.15_01,1,1881.0,2203.0,2042.0
n1_HC,n1,HC,tai30_15_05.F.15_01,2,1859.0,2176.0,2017.5
n1_HC,n1,HC,tai30_15_05.F.15_01,3,1860.0,2167.0,2013.5
n1_HC,n1,HC,tai30_15_05.F.15_01,4,1872.0,2176.0,2024.0
n1_HC,n1,HC,tai30_15_05.F.15_01,5,1873.0,2219.0,2046.0
n1_HC,n1,HC,tai30_15_05.F.15_01,6,1856.0,2167.0,2011.5
n1_HC,n1,HC,tai30_15_05.F.15_01,7,1867.0,2191.0,2029.0
n1_HC,n1,HC,tai30_15_05.F.15_01,8,1879.0,2199.0,2039.0
n1_HC,n1,HC,tai30_15_05.F.15_01,9,1910.0,2206.0,2058.0
n1_HC,n1,HC,tai30_15_05.F.15_01,10,1890.0,2213.0,2051.5
n1_HC,n1,HC,tai30_15_05.F.15_01,11,1857.0,2167.0,2012.0
n1_HC,n1,HC,tai30_15_05.F.15_01,12,1908.0,2256.0,2082.0
n1_HC,n1,HC,tai30_15_05.F.15_01,13,1861.0,2167.0,2014.0
n1_HC,n1,HC,tai30_15_05.F.15_01,14,1854.0,2176.0,2015.0
n1_HC,n1,HC,tai30_15_05.F.15_01,15,1854.0,2176.0,2015.0
n1_HC,n1,HC,tai30_15_05.F.15_01,16,1874.0,2191.0,2032.5
n1_HC,n1,HC,tai30_15_05.F.15_01,17,1883.0,2207.0,2045.0
n1_HC,n1,HC,tai30_15_05.F.15_01,18,1855.0,2176.0,2015.5
n1_HC,n1,HC,tai30_15_05.F.15_01,19,1867.0,2191.0,2029.0
n1_HC,n1,HC,tai30_15_05.F.15_01,20,1859.0,2176.0,2017.5
n1_HC,n1,HC,tai30_15_05.F.15_01,21,1882.0,2188.0,2035.0
n1_HC,n1,HC,tai30_15_05.F.15_01,22,1867.0,2191.0,2029.0
n1_HC,n1,HC,tai30_15_05.F.15_01,23,1847.0,2167.0,2007.0
n1_HC,n1,HC,tai30_15_05.F.15_01,24,1867.0,2191.0,2029.0
n1_HC,n1,HC,tai30_15_05.F.15_01,25,1862.0,2178.0,2020.0
n1_HC,n1,HC,tai30_15_05.F.15_01,26,1878.0,2188.0,2033.0
n1_HC,n1,HC,tai30_15_05.F.15_01,27,1888.0,2213.0,2050.5
n1_HC,n1,HC,tai30_15_05.F.15_01,28,1865.0,2179.0,2022.0
n1_HC,n1,HC,tai30_15_05.F.15_01,29,1883.0,2176.0,2029.5
n1_HC,n1,HC,tai30_15_05.F.15_01,30,1926.0,2208.0,2067.0
n1_HC,n1,HC,tai30_15_06.F.15_01,1,1777.0,2029.0,1903.0
n1_HC,n1,HC,tai30_15_06.F.15_01,2,1795.0,2071.0,1933.0
n1_HC,n1,HC,tai30_15_06.F.15_01,3,1748.0,1990.0,1869.0
n1_HC,n1,HC,tai30_15_06.F.15_01,4,1778.0,2045.0,1911.5
n1_HC,n1,HC,tai30_15_06.F.15_01,5,1786.0,2052.0,1919.0
n1_HC,n1,HC,tai30_15_06.F.15_01,6,1782.0,2075.0,1928.5
n1_HC,n1,HC,tai30_15_06.F.15_01,7,1815.0,2050.0,1932.5
n1_HC,n1,HC,tai30_15_06.F.15_01,8,1770.0,2048.0,1909.0
n1_HC,n1,HC,tai30_15_06.F.15_01,9,1791.0,2054.0,1922.5
n1_HC,n1,HC,tai30_15_06.F.15_01,10,1801.0,2063.0,1932.0
n1_HC,n1,HC,tai30_15_06.F.15_01,11,1781.0,2060.0,1920.5
n1_HC,n1,HC,tai30_15_06.F.15_01,12,1826.0,2044.0,1935.0
n1_HC,n1,HC,tai30_15_06.F.15_01,13,1796.0,2055.0,1925.5
n1_HC,n1,HC,tai30_15_06.F.15_01,14,1780.0,2018.0,1899.0
n1_HC,n1,HC,tai30_15_06.F.15_01,15,1767.0,2024.0,1895.5
n1_HC,n1,HC,tai30_15_06.F.15_01,16,1785.0,2063.0,1924.0
n1_HC,n1,HC,tai30_15_06.F.15_01,17,1823.0,2079.0,1951.0
n1_HC,n1,HC,tai30_15_06.F.15_01,18,1772.0,2032.0,1902.0
n1_HC,n1,HC,tai30_15_06.F.15_01,19,1831.0,2105.0,1968.0
n1_HC,n1,HC,tai30_15_06.F.15_01,20,1770.0,2022.0,1896.0
n1_HC,n1,HC,tai30_15_06.F.15_01,21,1757.0,2049.0,1903.0
n1_HC,n1,HC,tai30_15_06.F.15_01,22,1766.0,2014.0,1890.0
n1_HC,n1,HC,tai30_15_06.F.15_01,23,1813.0,2091.0,1952.0
n1_HC,n1,HC,tai30_15_06.F.15_01,24,1763.0,2029.0,1896.0
n1_HC,n1,HC,tai30_15_06.F.15_01,25,1801.0,2088.0,1944.5
n1_HC,n1,HC,tai30_15_06.F.15_01,26,1737.0,2019.0,1878.0
n1_HC,n1,HC,tai30_15_06.F.15_01,27,1776.0,2058.0,1917.0
n1_HC,n1,HC,tai30_15_06.F.15_01,28,1787.0,2022.0,1904.5
n1_HC,n1,HC,tai30_15_06.F.15_01,29,1763.0,2042.0,1902.5
n1_HC,n1,HC,tai30_15_06.F.15_01,30,1804.0,2052.0,1928.0
n1_HC,n1,HC,tai30_15_07.F.15_01,1,1723.0,2011.0,1867.0
n1_HC,n1,HC,tai30_15_07.F.15_01,2,1715.0,1990.0,1852.5
n1_HC,n1,HC,tai30_15_07.F.15_01,3,1713.0,2007.0,1860.0
n1_HC,n1,HC,tai30_15_07.F.15_01,4,1731.0,2011.0,1871.0
n1_HC,n1,HC,tai30_15_07.F.15_01,5,1753.0,2030.0,1891.5
n1_HC,n1,HC,tai30_15_07.F.15_01,6,1773.0,2045.0,1909.0
n1_HC,n1,HC,tai30_15_07.F.15_01,7,1767.0,2068.0,1917.5
n1_HC,n1,HC,tai30_15_07.F.15_01,8,1745.0,2016.0,1880.5
n1_HC,n1,HC,tai30_15_07.F.15_01,9,1724.0,2001.0,1862.5
n1_HC,n1,HC,tai30_15_07.F.15_01,10,1724.0,2014.0,1869.0
n1_HC,n1,HC,tai30_15_07.F.15_01,11,1736.0,2002.0,1869.0
n1_HC,n1,HC,tai30_15_07.F.15_01,12,1783.0,2051.0,1917.0
n1_HC,n1,HC,tai30_15_07.F.15_01,13,1720.0,1999.0,1859.5
n1_HC,n1,HC,tai30_15_07.F.15_01,14,1713.0,2005.0,1859.0
n1_HC,n1,HC,tai30_15_07.F.15_01,15,1712.0,2001.0,1856.5
n1_HC,n1,HC,tai30_15_07.F.15_01,16,1726.0,2003.0,1864.5
n1_HC,n1,HC,tai30_15_07.F.15_01,17,1767.0,2041.0,1904.0
n1_HC,n1,HC,tai30_15_07.F.15_01,18,1760.0,2018.0,1889.0
n1_HC,n1,HC,tai30_15_07.F.15_01,19,1716.0,1987.0,1851.5
n1_HC,n1,HC,tai30_15_07.F.15_01,20,1718.0,1983.0,1850.5
n1_HC,n1,HC,tai30_15_07.F.15_01,21,1731.0,2001.0,1866.0
n1_HC,n1,HC,tai30_15_07.F.15_01,22,1709.0,1998.0,1853.5
n1_HC,n1,HC,tai30_15_07.F.15_01,23,1752.0,2003.0,1877.5
n1_HC,n1,HC,tai30_15_07.F.15_01,24,1749.0,2049.0,1899.0
n1_HC,n1,HC,tai30_15_07.F.15_01,25,1758.0,2033.0,1895.5
n1_HC,n1,HC,tai30_15_07.F.15_01,26,1773.0,2045.0,1909.0
n1_HC,n1,HC,tai30_15_07.F.15_01,27,1750.0,2004.0,1877.0
n1_HC,n1,HC,tai30_15_07.F.15_01,28,1732.0,2019.0,1875.5
n1_HC,n1,HC,tai30_15_07.F.15_01,29,1749.0,2036.0,1892.5
n1_HC,n1,HC,tai30_15_07.F.15_01,30,1757.0,2018.0,1887.5
n1_HC,n1,HC,tai30_15_08.F.15_01,1,1670.0,1909.0,1789.5
n1_HC,n1,HC,tai30_15_08.F.15_01,2,1631.0,1885.0,1758.0
n1_HC,n1,HC,tai30_15_08.F.15_01,3,1649.0,1920.0,1784.5
n1_HC,n1,HC,tai30_15_08.F.15_01,4,1658.0,1899.0,1778.5
n1_HC,n1,HC,tai30_15_08.F.15_01,5,1637.0,1894.0,1765.5
n1_HC,n1,HC,tai30_15_08.F.15_01,6,1668.0,1930.0,1799.0
n1_HC,n1,HC,tai30_15_08.F.15_01,7,1641.0,1874.0,1757.5
n1_HC,n1,HC,tai30_15_08.F.15_01,8,1672.0,1935.0,1803.5
n1_HC,n1,HC,tai30_15_08.F.15_01,9,1641.0,1901.0,1771.0
n1_HC,n1,HC,tai30_15_08.F.15_01,10,1645.0,1900.0,1772.5
n1_HC,n1,HC,tai30_15_08.F.15_01,11,1637.0,1878.0,1757.5
n1_HC,n1,HC,tai30_15_08.F.15_01,12,1681.0,1919.0,1800.0
n1_HC,n1,HC,tai30_15_08.F.15_01,13,1615.0,1890.0,1752.5
n1_HC,n1,HC,tai30_15_08.F.15_01,14,1652.0,1923.0,1787.5
n1_HC,n1,HC,tai30_15_08.F.15_01,15,1635.0,1897.0,1766.0
n1_HC,n1,HC,tai30_15_08.F.15_01,16,1660.0,1915.0,1787.5
n1_HC,n1,HC,tai30_15_08.F.15_01,17,1626.0,1879.0,1752.5
n1_HC,n1,HC,tai30_15_08.F.15_01,18,1674.0,1884.0,1779.0
n1_HC,n1,HC,tai30_15_08.F.15_01,19,1681.0,1927.0,1804.0
n1_HC,n1,HC,tai30_15_08.F.15_01,20,1643.0,1888.0,1765.5
n1_HC,n1,HC,tai30_15_08.F.15_01,21,1651.0,1894.0,1772.5
n1_HC,n1,HC,tai30_15_08.F.15_01,22,1653.0,1869.0,1761.0
n1_HC,n1,HC,tai30_15_08.F.15_01,23,1631.0,1884.0,1757.5
n1_HC,n1,HC,tai30_15_08.F.15_01,24,1654.0,1907.0,1780.5
n1_HC,n1,HC,tai30_15_08.F.15_01,25,1631.0,1880.0,1755.5
n1_HC,n1,HC,tai30_15_08.F.15_01,26,1672.0,1940.0,1806.0
n1_HC,n1,HC,tai30_15_08.F.15_01,27,1654.0,1894.0,1774.0
n1_HC,n1,HC,tai30_15_08.F.15_01,28,1654.0,1912.0,1783.0
n1_HC,n1,HC,tai30_15_08.F.15_01,29,1626.0,1882.0,1754.0
n1_HC,n1,HC,tai30_15_08.F.15_01,30,1682.0,1908.0,1795.0
n1_HC,n1,HC,tai30_15_09.F.15_01,1,1747.0,1987.0,1867.0
n1_HC,n1,HC,tai30_15_09.F.15_01,2,1791.0,2024.0,1907.5
n1_HC,n1,HC,tai30_15_09.F.15_01,3,1777.0,2031.0,1904.0
n1_HC,n1,HC,tai30_15_09.F.15_01,4,1771.0,2003.0,1887.0
n1_HC,n1,HC,tai30_15_09.F.15_01,5,1761.0,2026.0,1893.5
n1_HC,n1,HC,tai30_15_09.F.15_01,6,1757.0,2009.0,1883.0
n1_HC,n1,HC,tai30_15_09.F.15_01,7,1761.0,2003.0,1882.0
n1_HC,n1,HC,tai30_15_09.F.15_01,8,1779.0,2023.0,1901.0
n1_HC,n1,HC,tai30_15_09.F.15_01,9,1764.0,2010.0,1887.0
n1_HC,n1,HC,tai30_15_09.F.15_01,10,1800.0,2025.0,1912.5
n1_HC,n1,HC,tai30_15_09.F.15_01,11,1763.0,2011.0,1887.0
n1_HC,n1,HC,tai30_15_09.F.15_01,12,1760.0,1993.0,1876.5
n1_HC,n1,HC,tai30_15_09.F.15_01,13,1753.0,1987.0,1870.0
n1_HC,n1,HC,tai30_15_09.F.15_01,14,1771.0,1986.0,1878.5
n1_HC,n1,HC,tai30_15_09.F.15_01,15,1800.0,2036.0,1918.0
n1_HC,n1,HC,tai30_15_09.F.15_01,16,1748.0,2008.0,1878.0
n1_HC,n1,HC,tai30_15_09.F.15_01,17,1796.0,2035.0,1915.5
n1_HC,n1,HC,tai30_15_09.F.15_01,18,1788.0,2023.0,1905.5
n1_HC,n1,HC,tai30_15_09.F.15_01,19,1772.0,1990.0,1881.0
n1_HC,n1,HC,tai30_15_09.F.15_01,20,1783.0,2018.0,1900.5
n1_HC,n1,HC,tai30_15_09.F.15_01,21,1764.0,1995.0,1879.5
n1_HC,n1,HC,tai30_15_09.F.15_01,22,1750.0,1980.0,1865.0
n1_HC,n1,HC,tai30_15_09.F.15_01,23,1758.0,2009.0,1883.5
n1_HC,n1,HC,tai30_15_09.F.15_01,24,1759.0,2004.0,1881.5
n1_HC,n1,HC,tai30_15_09.F.15_01,25,1749.0,1988.0,1868.5
n1_HC,n1,HC,tai30_15_09.F.15_01,26,1766.0,2019.0,1892.5
n1_HC,n1,HC,tai30_15_09.F.15_01,27,1754.0,1986.0,1870.0
n1_HC,n1,HC,tai30_15_09.F.15_01,28,1789.0,2033.0,1911.0
n1_HC,n1,HC,tai30_15_09.F.15_01,29,1754.0,2007.0,1880.5
n1_HC,n1,HC,tai30_15_09.F.15_01,30,1777.0,2026.0,1901.5
n1_HC,n1,HC,tai30_15_10.F.15_01,1,1711.0,1919.0,1815.0
n1_HC,n1,HC,tai30_15_10.F.15_01,2,1701.0,1922.0,1811.5
n1_HC,n1,HC,tai30_15_10.F.15_01,3,1717.0,1918.0,1817.5
n1_HC,n1,HC,tai30_15_10.F.15_01,4,1694.0,1912.0,1803.0
n1_HC,n1,HC,tai30_15_10.F.15_01,5,1719.0,1927.0,1823.0
n1_HC,n1,HC,tai30_15_10.F.15_01,6,1710.0,1930.0,1820.0
n1_HC,n1,HC,tai30_15_10.F.15_01,7,1705.0,1925.0,1815.0
n1_HC,n1,HC,tai30_15_10.F.15_01,8,1696.0,1929.0,1812.5
n1_HC,n1,HC,tai30_15_10.F.15_01,9,1721.0,1930.0,1825.5
n1_HC,n1,HC,tai30_15_10.F.15_01,10,1667.0,1890.0,1778.5
n1_HC,n1,HC,tai30_15_10.F.15_01,11,1681.0,1899.0,1790.0
n1_HC,n1,HC,tai30_15_10.F.15_01,12,1677.0,1892.0,1784.5
n1_HC,n1,HC,tai30_15_10.F.15_01,13,1688.0,1914.0,1801.0
n1_HC,n1,HC,tai30_15_10.F.15_01,14,1690.0,1913.0,1801.5
n1_HC,n1,HC,tai30_15_10.F.15_01,15,1665.0,1900.0,1782.5
n1_HC,n1,HC,tai30_15_10.F.15_01,16,1717.0,1943.0,1830.0
n1_HC,n1,HC,tai30_15_10.F.15_01,17,1689.0,1915.0,1802.0
n1_HC,n1,HC,tai30_15_10.F.15_01,18,1694.0,1922.0,1808.0
n1_HC,n1,HC,tai30_15_10.F.15_01,19,1696.0,1925.0,1810.5
n1_HC,n1,HC,tai30_15_10.F.15_01,20,1700.0,1930.0,1815.0
n1_HC,n1,HC,tai30_15_10.F.15_01,21,1703.0,1928.0,1815.5
n1_HC,n1,HC,tai30_15_10.F.15_01,22,1699.0,1913.0,1806.0
n1_HC,n1,HC,tai30_15_10.F.15_01,23,1688.0,1932.0,1810.0
n1_HC,n1,HC,tai30_15_10.F.15_01,24,1686.0,1907.0,1796.5
n1_HC,n1,HC,tai30_15_10.F.15_01,25,1692.0,1898.0,1795.0
n1_HC,n1,HC,tai30_15_10.F.15_01,26,1704.0,1899.0,1801.5
n1_HC,n1,HC,tai30_15_10.F.15_01,27,1708.0,1922.0,1815.0
n1_HC,n1,HC,tai30_15_10.F.15_01,28,1673.0,1885.0,1779.0
n1_HC,n1,HC,tai30_15_10.F.15_01,29,1740.0,1972.0,1856.0
n1_HC,n1,HC,tai30_15_10.F.15_01,30,1691.0,1905.0,1798.0
n1_HC,n1,HC,tai30_20_01.F.15_01,1,2062.0,2340.0,2201.0
n1_HC,n1,HC,tai30_20_01.F.15_01,2,2067.0,2336.0,2201.5
n1_HC,n1,HC,tai30_20_01.F.15_01,3,2046.0,2328.0,2187.0
n1_HC,n1,HC,tai30_20_01.F.15_01,4,2035.0,2320.0,2177.5
n1_HC,n1,HC,tai30_20_01.F.15_01,5,2056.0,2331.0,2193.5
n1_HC,n1,HC,tai30_20_01.F.15_01,6,2118.0,2371.0,2244.5
n1_HC,n1,HC,tai30_20_01.F.15_01,7,2101.0,2377.0,2239.0
n1_HC,n1,HC,tai30_20_01.F.15_01,8,2009.0,2313.0,2161.0
n1_HC,n1,HC,tai30_20_01.F.15_01,9,2038.0,2306.0,2172.0
n1_HC,n1,HC,tai30_20_01.F.15_01,10,2034.0,2315.0,2174.5
n1_HC,n1,HC,tai30_20_01.F.15_01,11,2035.0,2324.0,2179.5
n1_HC,n1,HC,tai30_20_01.F.15_01,12,2070.0,2334.0,2202.0
n1_HC,n1,HC,tai30_20_01.F.15_01,13,2082.0,2354.0,2218.0
n1_HC,n1,HC,tai30_20_01.F.15_01,14,2042.0,2310.0,2176.0
n1_HC,n1,HC,tai30_20_01.F.15_01,15,2043.0,2337.0,2190.0
n1_HC,n1,HC,tai30_20_01.F.15_01,16,2033.0,2311.0,2172.0
n1_HC,n1,HC,tai30_20_01.F.15_01,17,2091.0,2349.0,2220.0
n1_HC,n1,HC,tai30_20_01.F.15_01,18,2086.0,2364.0,2225.0
n1_HC,n1,HC,tai30_20_01.F.15_01,19,2075.0,2352.0,2213.5
n1_HC,n1,HC,tai30_20_01.F.15_01,20,2052.0,2316.0,2184.0
n1_HC,n1,HC,tai30_20_01.F.15_01,21,2033.0,2327.0,2180.0
n1_HC,n1,HC,tai30_20_01.F.15_01,22,2086.0,2389.0,2237.5
n1_HC,n1,HC,tai30_20_01.F.15_01,23,2054.0,2335.0,2194.5
n1_HC,n1,HC,tai30_20_01.F.15_01,24,2109.0,2381.0,2245.0
n1_HC,n1,HC,tai30_20_01.F.15_01,25,2054.0,2308.0,2181.0
n1_HC,n1,HC,tai30_20_01.F.15_01,26,2081.0,2337.0,2209.0
n1_HC,n1,HC,tai30_20_01.F.15_01,27,2084.0,2379.0,2231.5
n1_HC,n1,HC,tai30_20_01.F.15_01,28,2053.0,2345.0,2199.0
n1_HC,n1,HC,tai30_20_01.F.15_01,29,2051.0,2330.0,2190.5
n1_HC,n1,HC,tai30_20_01.F.15_01,30,2075.0,2367.0,2221.0
n1_HC,n1,HC,tai30_20_02.F.15_01,1,1948.0,2274.0,2111.0
n1_HC,n1,HC,tai30_20_02.F.15_01,2,1929.0,2229.0,2079.0
n1_HC,n1,HC,tai30_20_02.F.15_01,3,1966.0,2272.0,2119.0
n1_HC,n1,HC,tai30_20_02.F.15_01,4,1950.0,2253.0,2101.5
n1_HC,n1,HC,tai30_20_02.F.15_01,5,1981.0,2229.0,2105.0
n1_HC,n1,HC,tai30_20_02.F.15_01,6,2029.0,2278.0,2153.5
n1_HC,n1,HC,tai30_20_02.F.15_01,7,1945.0,2243.0,2094.0
n1_HC,n1,HC,tai30_20_02.F.15_01,8,1961.0,2243.0,2102.0
n1_HC,n1,HC,tai30_20_02.F.15_01,9,1966.0,2277.0,2121.5
n1_HC,n1,HC,tai30_20_02.F.15_01,10,1936.0,2236.0,2086.0
n1_HC,n1,HC,tai30_20_02.F.15_01,11,1980.0,2279.0,2129.5
n1_HC,n1,HC,tai30_20_02.F.15_01,12,1974.0,2287.0,2130.5
n1_HC,n1,HC,tai30_20_02.F.15_01,13,1993.0,2259.0,2126.0
n1_HC,n1,HC,tai30_20_02.F.15_01,14,1978.0,2272.0,2125.0
n1_HC,n1,HC,tai30_20_02.F.15_01,15,2000.0,2250.0,2125.0
n1_HC,n1,HC,tai30_20_02.F.15_01,16,1934.0,2227.0,2080.5
n1_HC,n1,HC,tai30_20_02.F.15_01,17,1993.0,2279.0,2136.0
n1_HC,n1,HC,tai30_20_02.F.15_01,18,1949.0,2224.0,2086.5
n1_HC,n1,HC,tai30_20_02.F.15_01,19,1957.0,2254.0,2105.5
n1_HC,n1,HC,tai30_20_02.F.15_01,20,1968.0,2276.0,2122.0
n1_HC,n1,HC,tai30_20_02.F.15_01,21,1990.0,2269.0,2129.5
n1_HC,n1,HC,tai30_20_02.F.15_01,22,1960.0,2235.0,2097.5
n1_HC,n1,HC,tai30_20_02.F.15_01,23,1921.0,2228.0,2074.5
n1_HC,n1,HC,tai30_20_02.F.15_01,24,1942.0,2252.0,2097.0
n1_HC,n1,HC,tai30_20_02.F.15_01,25,1982.0,2251.0,2116.5
n1_HC,n1,HC,tai30_20_02.F.15_01,26,1951.0,2244.0,2097.5
n1_HC,n1,HC,tai30_20_02.F.15_01,27,1965.0,2255.0,2110.0
n1_HC,n1,HC,tai30_20_02.F.15_01,28,1933.0,2259.0,2096.0
n1_HC,n1,HC,tai30_20_02.F.15_01,29,1995.0,2283.0,2139.0
n1_HC,n1,HC,tai30_20_02.F.15_01,30,1975.0,2279.0,2127.0
n1_HC,n1,HC,tai30_20_03.F.15_01,1,1870.0,2127.0,1998.5
n1_HC,n1,HC,tai30_20_03.F.15_01,2,1882.0,2133.0,2007.5
n1_HC,n1,HC,tai30_20_03.F.15_01,3,1907.0,2153.0,2030.0
n1_HC,n1,HC,tai30_20_03.F.15_01,4,1919.0,2177.0,2048.0
n1_HC,n1,HC,tai30_20_03.F.15_01,5,1862.0,2133.0,1997.5
n1_HC,n1,HC,tai30_20_03.F.15_01,6,1916.0,2153.0,2034.5
n1_HC,n1,HC,tai30_20_03.F.15_01,7,1913.0,2161.0,2037.0
n1_HC,n1,HC,tai30_20_03.F.15_01,8,1915.0,2193.0,2054.0
n1_HC,n1,HC,tai30_20_03.F.15_01,9,1919.0,2180.0,2049.5
n1_HC,n1,HC,tai30_20_03.F.15_01,10,1914.0,2180.0,2047.0
n1_HC,n1,HC,tai30_20_03.F.15_01,11,1918.0,2145.0,2031.5
n1_HC,n1,HC,tai30_20_03.F.15_01,12,1914.0,2155.0,2034.5
n1_HC,n1,HC,tai30_20_03.F.15_01,13,1935.0,2179.0,2057.0
n1_HC,n1,HC,tai30_20_03.F.15_01,14,1874.0,2147.0,2010.5
n1_HC,n1,HC,tai30_20_03.F.15_01,15,1963.0,2211.0,2087.0
n1_HC,n1,HC,tai30_20_03.F.15_01,16,1921.0,2221.0,2071.0
n1_HC,n1,HC,tai30_20_03.F.15_01,17,1900.0,2146.0,2023.0
n1_HC,n1,HC,tai30_20_03.F.15_01,18,1906.0,2178.0,2042.0
n1_HC,n1,HC,tai30_20_03.F.15_01,19,1904.0,2135.0,2019.5
n1_HC,n1,HC,tai30_20_03.F.15_01,20,1876.0,2193.0,2034.5
n1_HC,n1,HC,tai30_20_03.F.15_01,21,1953.0,2174.0,2063.5
n1_HC,n1,HC,tai30_20_03.F.15_01,22,1937.0,2199.0,2068.0
n1_HC,n1,HC,tai30_20_03.F.15_01,23,1916.0,2153.0,2034.5
n1_HC,n1,HC,tai30_20_03.F.15_01,24,1918.0,2158.0,2038.0
n1_HC,n1,HC,tai30_20_03.F.15_01,25,1923.0,2168.0,2045.5
n1_HC,n1,HC,tai30_20_03.F.15_01,26,1946.0,2236.0,2091.0
n1_HC,n1,HC,tai30_20_03.F.15_01,27,1874.0,2121.0,1997.5
n1_HC,n1,HC,tai30_20_03.F.15_01,28,1905.0,2165.0,2035.0
n1_HC,n1,HC,tai30_20_03.F.15_01,29,1949.0,2205.0,2077.0
n1_HC,n1,HC,tai30_20_03.F.15_01,30,1929.0,2244.0,2086.5
n1_HC,n1,HC,tai30_20_04.F.15_01,1,2023.0,2279.0,2151.0
n1_HC,n1,HC,tai30_20_04.F.15_01,2,2000.0,2245.0,2122.5
n1_HC,n1,HC,tai30_20_04.F.15_01,3,2026.0,2280.0,2153.0
n1_HC,n1,HC,tai30_20_04.F.15_01,4,1989.0,2247.0,2118.0
n1_HC,n1,HC,tai30_20_04.F.15_01,5,2009.0,2269.0,2139.0
n1_HC,n1,HC,tai30_20_04.F.15_01,6,2011.0,2256.0,2133.5
n1_HC,n1,HC,tai30_20_04.F.15_01,7,2021.0,2296.0,2158.5
n1_HC,n1,HC,tai30_20_04.F.15_01,8,2005.0,2259.0,2132.0
n1_HC,n1,HC,tai30_20_04.F.15_01,9,2048.0,2289.0,2168.5
n1_HC,n1,HC,tai30_20_04.F.15_01,10,2010.0,2267.0,2138.5
n1_HC,n1,HC,tai30_20_04.F.15_01,11,1975.0,2249.0,2112.0
n1_HC,n1,HC,tai30_20_04.F.15_01,12,2045.0,2283.0,2164.0
n1_HC,n1,HC,tai30_20_04.F.15_01,13,2094.0,2329.0,2211.5
n1_HC,n1,HC,tai30_20_04.F.15_01,14,2040.0,2285.0,2162.5
n1_HC,n1,HC,tai30_20_04.F.15_01,15,2010.0,2274.0,2142.0
n1_HC,n1,HC,tai30_20_04.F.15_01,16,2038.0,2307.0,2172.5
n1_HC,n1,HC,tai30_20_04.F.15_01,17,2003.0,2241.0,2122.0
n1_HC,n1,HC,tai30_20_04.F.15_01,18,2045.0,2297.0,2171.0
n1_HC,n1,HC,tai30_20_04.F.15_01,19,2017.0,2247.0,2132.0
n1_HC,n1,HC,tai30_20_04.F.15_01,20,2049.0,2289.0,2169.0
n1_HC,n1,HC,tai30_20_04.F.15_01,21,2014.0,2275.0,2144.5
n1_HC,n1,HC,tai30_20_04.F.15_01,22,2019.0,2256.0,2137.5
n1_HC,n1,HC,tai30_20_04.F.15_01,23,2075.0,2300.0,2187.5
n1_HC,n1,HC,tai30_20_04.F.15_01,24,2026.0,2265.0,2145.5
n1_HC,n1,HC,tai30_20_04.F.15_01,25,2057.0,2290.0,2173.5
n1_HC,n1,HC,tai30_20_04.F.15_01,26,2015.0,2271.0,2143.0
n1_HC,n1,HC,tai30_20_04.F.15_01,27,2011.0,2289.0,2150.0
n1_HC,n1,HC,tai30_20_04.F.15_01,28,2052.0,2288.0,2170.0
n1_HC,n1,HC,tai30_20_04.F.15_01,29,2014.0,2254.0,2134.0
n1_HC,n1,HC,tai30_20_04.F.15_01,30,2000.0,2243.0,2121.5
n1_HC,n1,HC,tai30_20_05.F.15_01,1,2011.0,2243.0,2127.0
n1_HC,n1,HC,tai30_20_05.F.15_01,2,1979.0,2221.0,2100.0
n1_HC,n1,HC,tai30_20_05.F.15_01,3,2029.0,2248.0,2138.5
n1_HC,n1,HC,tai30_20_05.F.15_01,4,2038.0,2301.0,2169.5
n1_HC,n1,HC,tai30_20_05.F.15_01,5,1989.0,2248.0,2118.5
n1_HC,n1,HC,tai30_20_05.F.15_01,6,1991.0,2220.0,2105.5
n1_HC,n1,HC,tai30_20_05.F.15_01,7,2022.0,2234.0,2128.0
n1_HC,n1,HC,tai30_20_05.F.15_01,8,1987.0,2235.0,2111.0
n1_HC,n1,HC,tai30_20_05.F.15_01,9,2016.0,2266.0,2141.0
n1_HC,n1,HC,tai30_20_05.F.15_01,10,2010.0,2228.0,2119.0
n1_HC,n1,HC,tai30_20_05.F.15_01,11,2031.0,2242.0,2136.5
n1_HC,n1,HC,tai30_20_05.F.15_01,12,1987.0,2227.0,2107.0
n1_HC,n1,HC,tai30_20_05.F.15_01,13,1984.0,2247.0,2115.5
n1_HC,n1,HC,tai30_20_05.F.15_01,14,1993.0,2247.0,2120.0
n1_HC,n1,HC,tai30_20_05.F.15_01,15,1993.0,2226.0,2109.5
n1_HC,n1,HC,tai30_20_05.F.15_01,16,1985.0,2237.0,2111.0
n1_HC,n1,HC,tai30_20_05.F.15_01,17,2037.0,2245.0,2141.0
n1_HC,n1,HC,tai30_20_05.F.15_01,18,2019.0,2271.0,2145.0
n1_HC,n1,HC,tai30_20_05.F.15_01,19,1975.0,2221.0,2098.0
n1_HC,n1,HC,tai30_20_05.F.15_01,20,2001.0,2235.0,2118.0
n1_HC,n1,HC,tai30_20_05.F.15_01,21,2008.0,2240.0,2124.0
n1_HC,n1,HC,tai30_20_05.F.15_01,22,2010.0,2240.0,2125.0
n1_HC,n1,HC,tai30_20_05.F.15_01,23,1999.0,2251.0,2125.0
n1_HC,n1,HC,tai30_20_05.F.15_01,24,2005.0,2255.0,2130.0
n1_HC,n1,HC,tai30_20_05.F.15_01,25,2007.0,2259.0,2133.0
n1_HC,n1,HC,tai30_20_05.F.15_01,26,2015.0,2268.0,2141.5
n1_HC,n1,HC,tai30_20_05.F.15_01,27,2025.0,2217.0,2121.0
n1_HC,n1,HC,tai30_20_05.F.15_01,28,1976.0,2248.0,2112.0
n1_HC,n1,HC,tai30_20_05.F.15_01,29,2012.0,2219.0,2115.5
n1_HC,n1,HC,tai30_20_05.F.15_01,30,2006.0,2248.0,2127.0
n1_HC,n1,HC,tai30_20_06.F.15_01,1,2017.0,2289.0,2153.0
n1_HC,n1,HC,tai30_20_06.F.15_01,2,2050.0,2324.0,2187.0
n1_HC,n1,HC,tai30_20_06.F.15_01,3,2083.0,2339.0,2211.0
n1_HC,n1,HC,tai30_20_06.F.15_01,4,2015.0,2296.0,2155.5
n1_HC,n1,HC,tai30_20_06.F.15_01,5,2044.0,2328.0,2186.0
n1_HC,n1,HC,tai30_20_06.F.15_01,6,2019.0,2301.0,2160.0
n1_HC,n1,HC,tai30_20_06.F.15_01,7,2050.0,2324.0,2187.0
n1_HC,n1,HC,tai30_20_06.F.15_01,8,2048.0,2320.0,2184.0
n1_HC,n1,HC,tai30_20_06.F.15_01,9,2064.0,2341.0,2202.5
n1_HC,n1,HC,tai30_20_06.F.15_01,10,2066.0,2354.0,2210.0
n1_HC,n1,HC,tai30_20_06.F.15_01,11,2059.0,2332.0,2195.5
n1_HC,n1,HC,tai30_20_06.F.15_01,12,2036.0,2300.0,2168.0
n1_HC,n1,HC,tai30_20_06.F.15_01,13,2078.0,2358.0,2218.0
n1_HC,n1,HC,tai30_20_06.F.15_01,14,2055.0,2349.0,2202.0
n1_HC,n1,HC,tai30_20_06.F.15_01,15,2008.0,2298.0,2153.0
n1_HC,n1,HC,tai30_20_06.F.15_01,16,2095.0,2371.0,2233.0
n1_HC,n1,HC,tai30_20_06.F.15_01,17,2025.0,2302.0,2163.5
n1_HC,n1,HC,tai30_20_06.F.15_01,18,2043.0,2328.0,2185.5
n1_HC,n1,HC,tai30_20_06.F.15_01,19,2015.0,2303.0,2159.0
n1_HC,n1,HC,tai30_20_06.F.15_01,20,2092.0,2369.0,2230.5
n1_HC,n1,HC,tai30_20_06.F.15_01,21,2104.0,2378.0,2241.0
n1_HC,n1,HC,tai30_20_06.F.15_01,22,2019.0,2295.0,2157.0
n1_HC,n1,HC,tai30_20_06.F.15_01,23,2043.0,2332.0,2187.5
n1_HC,n1,HC,tai30_20_06.F.15_01,24,1992.0,2285.0,2138.5
n1_HC,n1,HC,tai30_20_06.F.15_01,25,2071.0,2347.0,2209.0
n1_HC,n1,HC,tai30_20_06.F.15_01,26,2073.0,2348.0,2210.5
n1_HC,n1,HC,tai30_20_06.F.15_01,27,2025.0,2298.0,2161.5
n1_HC,n1,HC,tai30_20_06.F.15_01,28,2036.0,2337.0,2186.5
n1_HC,n1,HC,tai30_20_06.F.15_01,29,2026.0,2322.0,2174.0
n1_HC,n1,HC,tai30_20_06.F.15_01,30,2032.0,2317.0,2174.5
n1_HC,n1,HC,tai30_20_07.F.15_01,1,1959.0,2205.0,2082.0
n1_HC,n1,HC,tai30_20_07.F.15_01,2,1970.0,2230.0,2100.0
n1_HC,n1,HC,tai30_20_07.F.15_01,3,1960.0,2232.0,2096.0
n1_HC,n1,HC,tai30_20_07.F.15_01,4,1935.0,2196.0,2065.5
n1_HC,n1,HC,tai30_20_07.F.15_01,5,1929.0,2210.0,2069.5
n1_HC,n1,HC,tai30_20_07.F.15_01,6,1952.0,2237.0,2094.5
n1_HC,n1,HC,tai30_20_07.F.15_01,7,1940.0,2217.0,2078.5
n1_HC,n1,HC,tai30_20_07.F.15_01,8,1950.0,2227.0,2088.5
n1_HC,n1,HC,tai30_20_07.F.15_01,9,1935.0,2158.0,2046.5
n1_HC,n1,HC,tai30_20_07.F.15_01,10,1967.0,2237.0,2102.0
n1_HC,n1,HC,tai30_20_07.F.15_01,11,1928.0,2211.0,2069.5
n1_HC,n1,HC,tai30_20_07.F.15_01,12,1950.0,2202.0,2076.0
n1_HC,n1,HC,tai30_20_07.F.15_01,13,1976.0,2239.0,2107.5
n1_HC,n1,HC,tai30_20_07.F.15_01,14,1925.0,2203.0,2064.0
n1_HC,n1,HC,tai30_20_07.F.15_01,15,1968.0,2242.0,2105.0
n1_HC,n1,HC,tai30_20_07.F.15_01,16,1972.0,2225.0,2098.5
n1_HC,n1,HC,tai30_20_07.F.15_01,17,1941.0,2219.0,2080.0
n1_HC,n1,HC,tai30_20_07.F.15_01,18,1927.0,2162.0,2044.5
n1_HC,n1,HC,tai30_20_07.F.15_01,19,1970.0,2222.0,2096.0
n1_HC,n1,HC,tai30_20_07.F.15_01,20,1957.0,2232.0,2094.5
n1_HC,n1,HC,tai30_20_07.F.15_01,21,1917.0,2170.0,2043.5
n1_HC,n1,HC,tai30_20_07.F.15_01,22,1926.0,2193.0,2059.5
n1_HC,n1,HC,tai30_20_07.F.15_01,23,1934.0,2168.0,2051.0
n1_HC,n1,HC,tai30_20_07.F.15_01,24,1984.0,2274.0,2129.0
n1_HC,n1,HC,tai30_20_07.F.15_01,25,1947.0,2220.0,2083.5
n1_HC,n1,HC,tai30_20_07.F.15_01,26,1921.0,2194.0,2057.5
n1_HC,n1,HC,tai30_20_07.F.15_01,27,1965.0,2263.0,2114.0
n1_HC,n1,HC,tai30_20_07.F.15_01,28,1951.0,2190.0,2070.5
n1_HC,n1,HC,tai30_20_07.F.15_01,29,1968.0,2207.0,2087.5
n1_HC,n1,HC,tai30_20_07.F.15_01,30,1946.0,2209.0,2077.5
n1_HC,n1,HC,tai30_20_08.F.15_01,1,1970.0,2217.0,2093.5
n1_HC,n1,HC,tai30_20_08.F.15_01,2,1971.0,2244.0,2107.5
n1_HC,n1,HC,tai30_20_08.F.15_01,3,1966.0,2213.0,2089.5
n1_HC,n1,HC,tai30_20_08.F.15_01,4,1947.0,2259.0,2103.0
n1_HC,n1,HC,tai30_20_08.F.15_01,5,1964.0,2219.0,2091.5
n1_HC,n1,HC,tai30_20_08.F.15_01,6,1967.0,2279.0,2123.0
n1_HC,n1,HC,tai30_20_08.F.15_01,7,1961.0,2277.0,2119.0
n1_HC,n1,HC,tai30_20_08.F.15_01,8,1958.0,2246.0,2102.0
n1_HC,n1,HC,tai30_20_08.F.15_01,9,1942.0,2250.0,2096.0
n1_HC,n1,HC,tai30_20_08.F.15_01,10,1934.0,2232.0,2083.0
n1_HC,n1,HC,tai30_20_08.F.15_01,11,1974.0,2247.0,2110.5
n1_HC,n1,HC,tai30_20_08.F.15_01,12,1953.0,2209.0,2081.0
n1_HC,n1,HC,tai30_20_08.F.15_01,13,1976.0,2244.0,2110.0
n1_HC,n1,HC,tai30_20_08.F.15_01,14,1954.0,2231.0,2092.5
n1_HC,n1,HC,tai30_20_08.F.15_01,15,2006.0,2270.0,2138.0
n1_HC,n1,HC,tai30_20_08.F.15_01,16,1937.0,2206.0,2071.5
n1_HC,n1,HC,tai30_20_08.F.15_01,17,1961.0,2268.0,2114.5
n1_HC,n1,HC,tai30_20_08.F.15_01,18,1942.0,2248.0,2095.0
n1_HC,n1,HC,tai30_20_08.F.15_01,19,1966.0,2233.0,2099.5
n1_HC,n1,HC,tai30_20_08.F.15_01,20,1988.0,2249.0,2118.5
n1_HC,n1,HC,tai30_20_08.F.15_01,21,1933.0,2227.0,2080.0
n1_HC,n1,HC,tai30_20_08.F.15_01,22,1951.0,2228.0,2089.5
n1_HC,n1,HC,tai30_20_08.F.15_01,23,1953.0,2246.0,2099.5
n1_HC,n1,HC,tai30_20_08.F.15_01,24,1990.0,2237.0,2113.5
n1_HC,n1,HC,tai30_20_08.F.15_01,25,1957.0,2227.0,2092.0
n1_HC,n1,HC,tai30_20_08.F.15_01,26,1966.0,2227.0,2096.5
n1_HC,n1,HC,tai30_20_08.F.15_01,27,1932.0,2232.0,2082.0
n1_HC,n1,HC,tai30_20_08.F.15_01,28,1916.0,2225.0,2070.5
n1_HC,n1,HC,tai30_20_08.F.15_01,29,1920.0,2221.0,2070.5
n1_HC,n1,HC,tai30_20_08.F.15_01,30,2008.0,2232.0,2120.0
n1_HC,n1,HC,tai30_20_09.F.15_01,1,1994.0,2259.0,2126.5
n1_HC,n1,HC,tai30_20_09.F.15_01,2,1987.0,2232.0,2109.5
n1_HC,n1,HC,tai30_20_09.F.15_01,3,1943.0,2223.0,2083.0
n1_HC,n1,HC,tai30_20_09.F.15_01,4,1988.0,2239.0,2113.5
n1_HC,n1,HC,tai30_20_09.F.15_01,5,1940.0,2204.0,2072.0
n1_HC,n1,HC,tai30_20_09.F.15_01,6,1943.0,2210.0,2076.5
n1_HC,n1,HC,tai30_20_09.F.15_01,7,1962.0,2218.0,2090.0
n1_HC,n1,HC,tai30_20_09.F.15_01,8,1995.0,2245.0,2120.0
n1_HC,n1,HC,tai30_20_09.F.15_01,9,1971.0,2211.0,2091.0
n1_HC,n1,HC,tai30_20_09.F.15_01,10,2001.0,2256.0,2128.5
n1_HC,n1,HC,tai30_20_09.F.15_01,11,1985.0,2257.0,2121.0
n1_HC,n1,HC,tai30_20_09.F.15_01,12,1989.0,2250.0,2119.5
n1_HC,n1,HC,tai30_20_09.F.15_01,13,1995.0,2245.0,2120.0
n1_HC,n1,HC,tai30_20_09.F.15_01,14,1982.0,2238.0,2110.0
n1_HC,n1,HC,tai30_20_09.F.15_01,15,1973.0,2221.0,2097.0
n1_HC,n1,HC,tai30_20_09.F.15_01,16,1988.0,2243.0,2115.5
n1_HC,n1,HC,tai30_20_09.F.15_01,17,1950.0,2230.0,2090.0
n1_HC,n1,HC,tai30_20_09.F.15_01,18,1975.0,2229.0,2102.0
n1_HC,n1,HC,tai30_20_09.F.15_01,19,1993.0,2257.0,2125.0
n1_HC,n1,HC,tai30_20_09.F.15_01,20,1977.0,2225.0,2101.0
n1_HC,n1,HC,tai30_20_09.F.15_01,21,1979.0,2273.0,2126.0
n1_HC,n1,HC,tai30_20_09.F.15_01,22,1994.0,2231.0,2112.5
n1_HC,n1,HC,tai30_20_09.F.15_01,23,1950.0,2198.0,2074.0
n1_HC,n1,HC,tai30_20_09.F.15_01,24,1986.0,2261.0,2123.5
n1_HC,n1,HC,tai30_20_09.F.15_01,25,1949.0,2210.0,2079.5
n1_HC,n1,HC,tai30_20_09.F.15_01,26,1988.0,2232.0,2110.0
n1_HC,n1,HC,tai30_20_09.F.15_01,27,2023.0,2256.0,2139.5
n1_HC,n1,HC,tai30_20_09.F.15_01,28,2031.0,2268.0,2149.5
n1_HC,n1,HC,tai30_20_09.F.15_01,29,2007.0,2279.0,2143.0
n1_HC,n1,HC,tai30_20_09.F.15_01,30,1972.0,2207.0,2089.5
n1_HC,n1,HC,tai30_20_10.F.15_01,1,1989.0,2265.0,2127.0
n1_HC,n1,HC,tai30_20_10.F.15_01,2,1931.0,2198.0,2064.5
n1_HC,n1,HC,tai30_20_10.F.15_01,3,1993.0,2279.0,2136.0
n1_HC,n1,HC,tai30_20_10.F.15_01,4,2000.0,2263.0,2131.5
n1_HC,n1,HC,tai30_20_10.F.15_01,5,1919.0,2207.0,2063.0
n1_HC,n1,HC,tai30_20_10.F.15_01,6,1904.0,2186.0,2045.0
n1_HC,n1,HC,tai30_20_10.F.15_01,7,2006.0,2292.0,2149.0
n1_HC,n1,HC,tai30_20_10.F.15_01,8,1972.0,2236.0,2104.0
n1_HC,n1,HC,tai30_20_10.F.15_01,9,1992.0,2256.0,2124.0
n1_HC,n1,HC,tai30_20_10.F.15_01,10,1922.0,2199.0,2060.5
n1_HC,n1,HC,tai30_20_10.F.15_01,11,1968.0,2244.0,2106.0
n1_HC,n1,HC,tai30_20_10.F.15_01,12,1990.0,2279.0,2134.5
n1_HC,n1,HC,tai30_20_10.F.15_01,13,1939.0,2230.0,2084.5
n1_HC,n1,HC,tai30_20_10.F.15_01,14,2021.0,2262.0,2141.5
n1_HC,n1,HC,tai30_20_10.F.15_01,15,1986.0,2260.0,2123.0
n1_HC,n1,HC,tai30_20_10.F.15_01,16,1946.0,2224.0,2085.0
n1_HC,n1,HC,tai30_20_10.F.15_01,17,1981.0,2253.0,2117.0
n1_HC,n1,HC,tai30_20_10.F.15_01,18,2013.0,2283.0,2148.0
n1_HC,n1,HC,tai30_20_10.F.15_01,19,1949.0,2180.0,2064.5
n1_HC,n1,HC,tai30_20_10.F.15_01,20,1990.0,2272.0,2131.0
n1_HC,n1,HC,tai30_20_10.F.15_01,21,2016.0,2290.0,2153.0
n1_HC,n1,HC,tai30_20_10.F.15_01,22,1985.0,2257.0,2121.0
n1_HC,n1,HC,tai30_20_10.F.15_01,23,1974.0,2240.0,2107.0
n1_HC,n1,HC,tai30_20_10.F.15_01,24,1988.0,2247.0,2117.5
n1_HC,n1,HC,tai30_20_10.F.15_01,25,1960.0,2235.0,2097.5
n1_HC,n1,HC,tai30_20_10.F.15_01,26,1962.0,2238.0,2100.0
n1_HC,n1,HC,tai30_20_10.F.15_01,27,1964.0,2229.0,2096.5
n1_HC,n1,HC,tai30_20_10.F.15_01,28,1982.0,2241.0,2111.5
n1_HC,n1,HC,tai30_20_10.F.15_01,29,1991.0,2262.0,2126.5
n1_HC,n1,HC,tai30_20_10.F.15_01,30,1990.0,2263.0,2126.5
n1_HC,n1,HC,tai50_15_01.F.15_01,1,2620.0,3048.0,2834.0
n1_HC,n1,HC,tai50_15_01.F.15_01,2,2611.0,3017.0,2814.0
n1_HC,n1,HC,tai50_15_01.F.15_01,3,2620.0,3028.0,2824.0
n1_HC,n1,HC,tai50_15_01.F.15_01,4,2585.0,2990.0,2787.5
n1_HC,n1,HC,tai50_15_01.F.15_01,5,2651.0,3043.0,2847.0
n1_HC,n1,HC,tai50_15_01.F.15_01,6,2696.0,3165.0,2930.5
n1_HC,n1,HC,tai50_15_01.F.15_01,7,2615.0,3050.0,2832.5
n1_HC,n1,HC,tai50_15_01.F.15_01,8,2565.0,2971.0,2768.0
n1_HC,n1,HC,tai50_15_01.F.15_01,9,2637.0,3048.0,2842.5
n1_HC,n1,HC,tai50_15_01.F.15_01,10,2653.0,3084.0,2868.5
n1_HC,n1,HC,tai50_15_01.F.15_01,11,2587.0,2999.0,2793.0
n1_HC,n1,HC,tai50_15_01.F.15_01,12,2632.0,3054.0,2843.0
n1_HC,n1,HC,tai50_15_01.F.15_01,13,2622.0,3030.0,2826.0
n1_HC,n1,HC,tai50_15_01.F.15_01,14,2600.0,2988.0,2794.0
n1_HC,n1,HC,tai50_15_01.F.15_01,15,2610.0,3006.0,2808.0
n1_HC,n1,HC,tai50_15_01.F.15_01,16,2613.0,3016.0,2814.5
n1_HC,n1,HC,tai50_15_01.F.15_01,17,2587.0,3020.0,2803.5
n1_HC,n1,HC,tai50_15_01.F.15_01,18,2635.0,3002.0,2818.5
n1_HC,n1,HC,tai50_15_01.F.15_01,19,2625.0,3045.0,2835.0
n1_HC,n1,HC,tai50_15_01.F.15_01,20,2622.0,3015.0,2818.5
n1_HC,n1,HC,tai50_15_01.F.15_01,21,2627.0,3036.0,2831.5
n1_HC,n1,HC,tai50_15_01.F.15_01,22,2671.0,3083.0,2877.0
n1_HC,n1,HC,tai50_15_01.F.15_01,23,2582.0,2990.0,2786.0
n1_HC,n1,HC,tai50_15_01.F.15_01,24,2652.0,3053.0,2852.5
n1_HC,n1,HC,tai50_15_01.F.15_01,25,2603.0,2993.0,2798.0
n1_HC,n1,HC,tai50_15_01.F.15_01,26,2651.0,3039.0,2845.0
n1_HC,n1,HC,tai50_15_01.F.15_01,27,2632.0,3048.0,2840.0
n1_HC,n1,HC,tai50_15_01.F.15_01,28,2670.0,3068.0,2869.0
n1_HC,n1,HC,tai50_15_01.F.15_01,29,2653.0,3062.0,2857.5
n1_HC,n1,HC,tai50_15_01.F.15_01,30,2706.0,3111.0,2908.5
n1_HC,n1,HC,tai50_15_02.F.15_01,1,2584.0,2964.0,2774.0
n1_HC,n1,HC,tai50_15_02.F.15_01,2,2640.0,2999.0,2819.5
n1_HC,n1,HC,tai50_15_02.F.15_01,3,2590.0,2984.0,2787.0
n1_HC,n1,HC,tai50_15_02.F.15_01,4,2597.0,2965.0,2781.0
n1_HC,n1,HC,tai50_15_02.F.15_01,5,2638.0,2991.0,2814.5
n1_HC,n1,HC,tai50_15_02.F.15_01,6,2614.0,2986.0,2800.0
n1_HC,n1,HC,tai50_15_02.F.15_01,7,2581.0,2950.0,2765.5
n1_HC,n1,HC,tai50_15_02.F.15_01,8,2640.0,3072.0,2856.0
n1_HC,n1,HC,tai50_15_02.F.15_01,9,2615.0,2978.0,2796.5
n1_HC,n1,HC,tai50_15_02.F.15_01,10,2597.0,2948.0,2772.5
n1_HC,n1,HC,tai50_15_02.F.15_01,11,2608.0,2944.0,2776.0
n1_HC,n1,HC,tai50_15_02.F.15_01,12,2609.0,2980.0,2794.5
n1_HC,n1,HC,tai50_15_02.F.15_01,13,2610.0,2991.0,2800.5
n1_HC,n1,HC,tai50_15_02.F.15_01,14,2656.0,3022.0,2839.0
n1_HC,n1,HC,tai50_15_02.F.15_01,15,2594.0,2971.0,2782.5
n1_HC,n1,HC,tai50_15_02.F.15_01,16,2588.0,2945.0,2766.5
n1_HC,n1,HC,tai50_15_02.F.15_01,17,2581.0,2933.0,2757.0
n1_HC,n1,HC,tai50_15_02.F.15_01,18,2582.0,2934.0,2758.0
n1_HC,n1,HC,tai50_15_02.F.15_01,19,2624.0,2985.0,2804.5
n1_HC,n1,HC,tai50_15_02.F.15_01,20,2641.0,3001.0,2821.0
n1_HC,n1,HC,tai50_15_02.F.15_01,21,2627.0,2977.0,2802.0
n1_HC,n1,HC,tai50_15_02.F.15_01,22,2617.0,2991.0,2804.0
n1_HC,n1,HC,tai50_15_02.F.15_01,23,2612.0,2971.0,2791.5
n1_HC,n1,HC,tai50_15_02.F.15_01,24,2606.0,2974.0,2790.0
n1_HC,n1,HC,tai50_15_02.F.15_01,25,2605.0,3024.0,2814.5
n1_HC,n1,HC,tai50_15_02.F.15_01,26,2599.0,3006.0,2802.5
n1_HC,n1,HC,tai50_15_02.F.15_01,27,2628.0,3059.0,2843.5
n1_HC,n1,HC,tai50_15_02.F.15_01,28,2590.0,2980.0,2785.0
n1_HC,n1,HC,tai50_15_02.F.15_01,29,2583.0,3001.0,2792.0
n1_HC,n1,HC,tai50_15_02.F.15_01,30,2610.0,3022.0,2816.0
n1_HC,n1,HC,tai50_15_03.F.15_01,1,2523.0,2937.0,2730.0
n1_HC,n1,HC,tai50_15_03.F.15_01,2,2526.0,2915.0,2720.5
n1_HC,n1,HC,tai50_15_03.F.15_01,3,2581.0,2973.0,2777.0
n1_HC,n1,HC,tai50_15_03.F.15_01,4,2566.0,2921.0,2743.5
n1_HC,n1,HC,tai50_15_03.F.15_01,5,2521.0,2918.0,2719.5
n1_HC,n1,HC,tai50_15_03.F.15_01,6,2527.0,2916.0,2721.5
n1_HC,n1,HC,tai50_15_03.F.15_01,7,2547.0,2964.0,2755.5
n1_HC,n1,HC,tai50_15_03.F.15_01,8,2531.0,2920.0,2725.5
n1_HC,n1,HC,tai50_15_03.F.15_01,9,2521.0,2915.0,2718.0
n1_HC,n1,HC,tai50_15_03.F.15_01,10,2521.0,2933.0,2727.0
n1_HC,n1,HC,tai50_15_03.F.15_01,11,2549.0,2942.0,2745.5
n1_HC,n1,HC,tai50_15_03.F.15_01,12,2521.0,2915.0,2718.0
n1_HC,n1,HC,tai50_15_03.F.15_01,13,2525.0,2921.0,2723.0
n1_HC,n1,HC,tai50_15_03.F.15_01,14,2541.0,3004.0,2772.5
n1_HC,n1,HC,tai50_15_03.F.15_01,15,2549.0,2925.0,2737.0
n1_HC,n1,HC,tai50_15_03.F.15_01,16,2533.0,2943.0,2738.0
n1_HC,n1,HC,tai50_15_03.F.15_01,17,2546.0,2947.0,2746.5
n1_HC,n1,HC,tai50_15_03.F.15_01,18,2521.0,2924.0,2722.5
n1_HC,n1,HC,tai50_15_03.F.15_01,19,2521.0,2942.0,2731.5
n1_HC,n1,HC,tai50_15_03.F.15_01,20,2539.0,2976.0,2757.5
n1_HC,n1,HC,tai50_15_03.F.15_01,21,2543.0,2949.0,2746.0
n1_HC,n1,HC,tai50_15_03.F.15_01,22,2570.0,2966.0,2768.0
n1_HC,n1,HC,tai50_15_03.F.15_01,23,2521.0,2925.0,2723.0
n1_HC,n1,HC,tai50_15_03.F.15_01,24,2521.0,2950.0,2735.5
n1_HC,n1,HC,tai50_15_03.F.15_01,25,2529.0,2954.0,2741.5
n1_HC,n1,HC,tai50_15_03.F.15_01,26,2521.0,2927.0,2724.0
n1_HC,n1,HC,tai50_15_03.F.15_01,27,2532.0,2963.0,2747.5
n1_HC,n1,HC,tai50_15_03.F.15_01,28,2534.0,2940.0,2737.0
n1_HC,n1,HC,tai50_15_03.F.15_01,29,2532.0,2915.0,2723.5
n1_HC,n1,HC,tai50_15_03.F.15_01,30,2521.0,2940.0,2730.5
n1_HC,n1,HC,tai50_15_04.F.15_01,1,2621.0,3078.0,2849.5
n1_HC,n1,HC,tai50_15_04.F.15_01,2,2605.0,3073.0,2839.0
n1_HC,n1,HC,tai50_15_04.F.15_01,3,2619.0,3089.0,2854.0
n1_HC,n1,HC,tai50_15_04.F.15_01,4,2616.0,3073.0,2844.5
n1_HC,n1,HC,tai50_15_04.F.15_01,5,2608.0,3073.0,2840.5
n1_HC,n1,HC,tai50_15_04.F.15_01,6,2625.0,3091.0,2858.0
n1_HC,n1,HC,tai50_15_04.F.15_01,7,2622.0,3089.0,2855.5
n1_HC,n1,HC,tai50_15_04.F.15_01,8,2619.0,3089.0,2854.0
n1_HC,n1,HC,tai50_15_04.F.15_01,9,2605.0,3073.0,2839.0
n1_HC,n1,HC,tai50_15_04.F.15_01,10,2618.0,3078.0,2848.0
n1_HC,n1,HC,tai50_15_04.F.15_01,11,2608.0,3073.0,2840.5
n1_HC,n1,HC,tai50_15_04.F.15_01,12,2622.0,3089.0,2855.5
n1_HC,n1,HC,tai50_15_04.F.15_01,13,2608.0,3073.0,2840.5
n1_HC,n1,HC,tai50_15_04.F.15_01,14,2605.0,3073.0,2839.0
n1_HC,n1,HC,tai50_15_04.F.15_01,15,2608.0,3073.0,2840.5
n1_HC,n1,HC,tai50_15_04.F.15_01,16,2622.0,3089.0,2855.5
n1_HC,n1,HC,tai50_15_04.F.15_01,17,2658.0,3130.0,2894.0
n1_HC,n1,HC,tai50_15_04.F.15_01,18,2619.0,3089.0,2854.0
n1_HC,n1,HC,tai50_15_04.F.15_01,19,2622.0,3089.0,2855.5
n1_HC,n1,HC,tai50_15_04.F.15_01,20,2605.0,3073.0,2839.0
n1_HC,n1,HC,tai50_15_04.F.15_01,21,2605.0,3073.0,2839.0
n1_HC,n1,HC,tai50_15_04.F.15_01,22,2617.0,3073.0,2845.0
n1_HC,n1,HC,tai50_15_04.F.15_01,23,2605.0,3073.0,2839.0
n1_HC,n1,HC,tai50_15_04.F.15_01,24,2605.0,3073.0,2839.0
n1_HC,n1,HC,tai50_15_04.F.15_01,25,2605.0,3073.0,2839.0
n1_HC,n1,HC,tai50_15_04.F.15_01,26,2608.0,3073.0,2840.5
n1_HC,n1,HC,tai50_15_04.F.15_01,27,2605.0,3073.0,2839.0
n1_HC,n1,HC,tai50_15_04.F.15_01,28,2619.0,3089.0,2854.0
n1_HC,n1,HC,tai50_15_04.F.15_01,29,2618.0,3073.0,2845.5
n1_HC,n1,HC,tai50_15_04.F.15_01,30,2608.0,3073.0,2840.5
n1_HC,n1,HC,tai50_15_05.F.15_01,1,2586.0,2956.0,2771.0
n1_HC,n1,HC,tai50_15_05.F.15_01,2,2609.0,2990.0,2799.5
n1_HC,n1,HC,tai50_15_05.F.15_01,3,2566.0,2958.0,2762.0
n1_HC,n1,HC,tai50_15_05.F.15_01,4,2553.0,2944.0,2748.5
n1_HC,n1,HC,tai50_15_05.F.15_01,5,2610.0,2994.0,2802.0
n1_HC,n1,HC,tai50_15_05.F.15_01,6,2531.0,2914.0,2722.5
n1_HC,n1,HC,tai50_15_05.F.15_01,7,2581.0,2975.0,2778.0
n1_HC,n1,HC,tai50_15_05.F.15_01,8,2618.0,2982.0,2800.0
n1_HC,n1,HC,tai50_15_05.F.15_01,9,2606.0,2977.0,2791.5
n1_HC,n1,HC,tai50_15_05.F.15_01,10,2573.0,2961.0,2767.0
n1_HC,n1,HC,tai50_15_05.F.15_01,11,2574.0,2923.0,2748.5
n1_HC,n1,HC,tai50_15_05.F.15_01,12,2585.0,2961.0,2773.0
n1_HC,n1,HC,tai50_15_05.F.15_01,13,2588.0,2966.0,2777.0
n1_HC,n1,HC,tai50_15_05.F.15_01,14,2596.0,2988.0,2792.0
n1_HC,n1,HC,tai50_15_05.F.15_01,15,2542.0,2908.0,2725.0
n1_HC,n1,HC,tai50_15_05.F.15_01,16,2628.0,2997.0,2812.5
n1_HC,n1,HC,tai50_15_05.F.15_01,17,2637.0,2994.0,2815.5
n1_HC,n1,HC,tai50_15_05.F.15_01,18,2548.0,2928.0,2738.0
n1_HC,n1,HC,tai50_15_05.F.15_01,19,2603.0,2970.0,2786.5
n1_HC,n1,HC,tai50_15_05.F.15_01,20,2594.0,2979.0,2786.5
n1_HC,n1,HC,tai50_15_05.F.15_01,21,2563.0,2938.0,2750.5
n1_HC,n1,HC,tai50_15_05.F.15_01,22,2598.0,2977.0,2787.5
n1_HC,n1,HC,tai50_15_05.F.15_01,23,2592.0,2947.0,2769.5
n1_HC,n1,HC,tai50_15_05.F.15_01,24,2547.0,2933.0,2740.0
n1_HC,n1,HC,tai50_15_05.F.15_01,25,2545.0,2921.0,2733.0
n1_HC,n1,HC,tai50_15_05.F.15_01,26,2538.0,2922.0,2730.0
n1_HC,n1,HC,tai50_15_05.F.15_01,27,2614.0,2981.0,2797.5
n1_HC,n1,HC,tai50_15_05.F.15_01,28,2607.0,2982.0,2794.5
n1_HC,n1,HC,tai50_15_05.F.15_01,29,2552.0,2922.0,2737.0
n1_HC,n1,HC,tai50_15_05.F.15_01,30,2576.0,2945.0,2760.5
n1_HC,n1,HC,tai50_15_06.F.15_01,1,2706.0,3066.0,2886.0
n1_HC,n1,HC,tai50_15_06.F.15_01,2,2630.0,3017.0,2823.5
n1_HC,n1,HC,tai50_15_06.F.15_01,3,2631.0,3000.0,2815.5
n1_HC,n1,HC,tai50_15_06.F.15_01,4,2629.0,3037.0,2833.0
n1_HC,n1,HC,tai50_15_06.F.15_01,5,2662.0,3003.0,2832.5
n1_HC,n1,HC,tai50_15_06.F.15_01,6,2627.0,3029.0,2828.0
n1_HC,n1,HC,tai50_15_06.F.15_01,7,2643.0,3016.0,2829.5
n1_HC,n1,HC,tai50_15_06.F.15_01,8,2616.0,3001.0,2808.5
n1_HC,n1,HC,tai50_15_06.F.15_01,9,2661.0,3044.0,2852.5
n1_HC,n1,HC,tai50_15_06.F.15_01,10,2646.0,3036.0,2841.0
n1_HC,n1,HC,tai50_15_06.F.15_01,11,2665.0,3060.0,2862.5
n1_HC,n1,HC,tai50_15_06.F.15_01,12,2623.0,3000.0,2811.5
n1_HC,n1,HC,tai50_15_06.F.15_01,13,2638.0,2994.0,2816.0
n1_HC,n1,HC,tai50_15_06.F.15_01,14,2627.0,3037.0,2832.0
n1_HC,n1,HC,tai50_15_06.F.15_01,15,2617.0,3010.0,2813.5
n1_HC,n1,HC,tai50_15_06.F.15_01,16,2636.0,2994.0,2815.0
n1_HC,n1,HC,tai50_15_06.F.15_01,17,2685.0,3023.0,2854.0
n1_HC,n1,HC,tai50_15_06.F.15_01,18,2639.0,3010.0,2824.5
n1_HC,n1,HC,tai50_15_06.F.15_01,19,2640.0,2998.0,2819.0
n1_HC,n1,HC,tai50_15_06.F.15_01,20,2665.0,3042.0,2853.5
n1_HC,n1,HC,tai50_15_06.F.15_01,21,2719.0,3047.0,2883.0
n1_HC,n1,HC,tai50_15_06.F.15_01,22,2634.0,3030.0,2832.0
n1_HC,n1,HC,tai50_15_06.F.15_01,23,2646.0,3058.0,2852.0
n1_HC,n1,HC,tai50_15_06.F.15_01,24,2650.0,3050.0,2850.0
n1_HC,n1,HC,tai50_15_06.F.15_01,25,2683.0,3063.0,2873.0
n1_HC,n1,HC,tai50_15_06.F.15_01,26,2644.0,3036.0,2840.0
n1_HC,n1,HC,tai50_15_06.F.15_01,27,2663.0,3010.0,2836.5
n1_HC,n1,HC,tai50_15_06.F.15_01,28,2598.0,2994.0,2796.0
n1_HC,n1,HC,tai50_15_06.F.15_01,29,2640.0,3014.0,2827.0
n1_HC,n1,HC,tai50_15_06.F.15_01,30,2655.0,3030.0,2842.5
n1_HC,n1,HC,tai50_15_07.F.15_01,1,2745.0,3167.0,2956.0
n1_HC,n1,HC,tai50_15_07.F.15_01,2,2719.0,3167.0,2943.0
n1_HC,n1,HC,tai50_15_07.F.15_01,3,2730.0,3167.0,2948.5
n1_HC,n1,HC,tai50_15_07.F.15_01,4,2742.0,3192.0,2967.0
n1_HC,n1,HC,tai50_15_07.F.15_01,5,2741.0,3167.0,2954.0
n1_HC,n1,HC,tai50_15_07.F.15_01,6,2721.0,3167.0,2944.0
n1_HC,n1,HC,tai50_15_07.F.15_01,7,2774.0,3176.0,2975.0
n1_HC,n1,HC,tai50_15_07.F.15_01,8,2719.0,3167.0,2943.0
n1_HC,n1,HC,tai50_15_07.F.15_01,9,2751.0,3167.0,2959.0
n1_HC,n1,HC,tai50_15_07.F.15_01,10,2723.0,3167.0,2945.0
n1_HC,n1,HC,tai50_15_07.F.15_01,11,2734.0,3200.0,2967.0
n1_HC,n1,HC,tai50_15_07.F.15_01,12,2719.0,3167.0,2943.0
n1_HC,n1,HC,tai50_15_07.F.15_01,13,2726.0,3167.0,2946.5
n1_HC,n1,HC,tai50_15_07.F.15_01,14,2774.0,3198.0,2986.0
n1_HC,n1,HC,tai50_15_07.F.15_01,15,2742.0,3167.0,2954.5
n1_HC,n1,HC,tai50_15_07.F.15_01,16,2741.0,3196.0,2968.5
n1_HC,n1,HC,tai50_15_07.F.15_01,17,2747.0,3167.0,2957.0
n1_HC,n1,HC,tai50_15_07.F.15_01,18,2733.0,3167.0,2950.0
n1_HC,n1,HC,tai50_15_07.F.15_01,19,2719.0,3167.0,2943.0
n1_HC,n1,HC,tai50_15_07.F.15_01,20,2762.0,3168.0,2965.0
n1_HC,n1,HC,tai50_15_07.F.15_01,21,2722.0,3167.0,2944.5
n1_HC,n1,HC,tai50_15_07.F.15_01,22,2742.0,3167.0,2954.5
n1_HC,n1,HC,tai50_15_07.F.15_01,23,2719.0,3167.0,2943.0
n1_HC,n1,HC,tai50_15_07.F.15_01,24,2733.0,3167.0,2950.0
n1_HC,n1,HC,tai50_15_07.F.15_01,25,2719.0,3167.0,2943.0
n1_HC,n1,HC,tai50_15_07.F.15_01,26,2719.0,3167.0,2943.0
n1_HC,n1,HC,tai50_15_07.F.15_01,27,2748.0,3167.0,2957.5
n1_HC,n1,HC,tai50_15_07.F.15_01,28,2751.0,3170.0,2960.5
n1_HC,n1,HC,tai50_15_07.F.15_01,29,2734.0,3167.0,2950.5
n1_HC,n1,HC,tai50_15_07.F.15_01,30,2797.0,3171.0,2984.0
n1_HC,n1,HC,tai50_15_08.F.15_01,1,2682.0,3128.0,2905.0
n1_HC,n1,HC,tai50_15_08.F.15_01,2,2682.0,3128.0,2905.0
n1_HC,n1,HC,tai50_15_08.F.15_01,3,2682.0,3128.0,2905.0
n1_HC,n1,HC,tai50_15_08.F.15_01,4,2682.0,3128.0,2905.0
n1_HC,n1,HC,tai50_15_08.F.15_01,5,2693.0,3128.0,2910.5
n1_HC,n1,HC,tai50_15_08.F.15_01,6,2682.0,3128.0,2905.0
n1_HC,n1,HC,tai50_15_08.F.15_01,7,2682.0,3128.0,2905.0
n1_HC,n1,HC,tai50_15_08.F.15_01,8,2682.0,3128.0,2905.0
n1_HC,n1,HC,tai50_15_08.F.15_01,9,2682.0,3128.0,2905.0
n1_HC,n1,HC,tai50_15_08.F.15_01,10,2707.0,3134.0,2920.5
n1_HC,n1,HC,tai50_15_08.F.15_01,11,2701.0,3128.0,2914.5
n1_HC,n1,HC,tai50_15_08.F.15_01,12,2682.0,3128.0,2905.0
n1_HC,n1,HC,tai50_15_08.F.15_01,13,2687.0,3128.0,2907.5
n1_HC,n1,HC,tai50_15_08.F.15_01,14,2701.0,3128.0,2914.5
n1_HC,n1,HC,tai50_15_08.F.15_01,15,2684.0,3128.0,2906.0
n1_HC,n1,HC,tai50_15_08.F.15_01,16,2682.0,3128.0,2905.0
n1_HC,n1,HC,tai50_15_08.F.15_01,17,2682.0,3128.0,2905.0
n1_HC,n1,HC,tai50_15_08.F.15_01,18,2682.0,3128.0,2905.0
n1_HC,n1,HC,tai50_15_08.F.15_01,19,2693.0,3128.0,2910.5
n1_HC,n1,HC,tai50_15_08.F.15_01,20,2682.0,3128.0,2905.0
n1_HC,n1,HC,tai50_15_08.F.15_01,21,2707.0,3129.0,2918.0
n1_HC,n1,HC,tai50_15_08.F.15_01,22,2682.0,3128.0,2905.0
n1_HC,n1,HC,tai50_15_08.F.15_01,23,2682.0,3128.0,2905.0
n1_HC,n1,HC,tai50_15_08.F.15_01,24,2682.0,3128.0,2905.0
n1_HC,n1,HC,tai50_15_08.F.15_01,25,2682.0,3128.0,2905.0
n1_HC,n1,HC,tai50_15_08.F.15_01,26,2718.0,3128.0,2923.0
n1_HC,n1,HC,tai50_15_08.F.15_01,27,2682.0,3128.0,2905.0
n1_HC,n1,HC,tai50_15_08.F.15_01,28,2682.0,3128.0,2905.0
n1_HC,n1,HC,tai50_15_08.F.15_01,29,2682.0,3128.0,2905.0
n1_HC,n1,HC,tai50_15_08.F.15_01,30,2694.0,3128.0,2911.0
n1_HC,n1,HC,tai50_15_09.F.15_01,1,2533.0,2926.0,2729.5
n1_HC,n1,HC,tai50_15_09.F.15_01,2,2551.0,2936.0,2743.5
n1_HC,n1,HC,tai50_15_09.F.15_01,3,2557.0,2949.0,2753.0
n1_HC,n1,HC,tai50_15_09.F.15_01,4,2532.0,2924.0,2728.0
n1_HC,n1,HC,tai50_15_09.F.15_01,5,2537.0,2901.0,2719.0
n1_HC,n1,HC,tai50_15_09.F.15_01,6,2528.0,2923.0,2725.5
n1_HC,n1,HC,tai50_15_09.F.15_01,7,2567.0,2922.0,2744.5
n1_HC,n1,HC,tai50_15_09.F.15_01,8,2593.0,2972.0,2782.5
n1_HC,n1,HC,tai50_15_09.F.15_01,9,2584.0,2950.0,2767.0
n1_HC,n1,HC,tai50_15_09.F.15_01,10,2583.0,2979.0,2781.0
n1_HC,n1,HC,tai50_15_09.F.15_01,11,2533.0,2910.0,2721.5
n1_HC,n1,HC,tai50_15_09.F.15_01,12,2593.0,2987.0,2790.0
n1_HC,n1,HC,tai50_15_09.F.15_01,13,2515.0,2909.0,2712.0
n1_HC,n1,HC,tai50_15_09.F.15_01,14,2540.0,2936.0,2738.0
n1_HC,n1,HC,tai50_15_09.F.15_01,15,2551.0,2946.0,2748.5
n1_HC,n1,HC,tai50_15_09.F.15_01,16,2494.0,2895.0,2694.5
n1_HC,n1,HC,tai50_15_09.F.15_01,17,2571.0,2957.0,2764.0
n1_HC,n1,HC,tai50_15_09.F.15_01,18,2540.0,2929.0,2734.5
n1_HC,n1,HC,tai50_15_09.F.15_01,19,2551.0,2961.0,2756.0
n1_HC,n1,HC,tai50_15_09.F.15_01,20,2536.0,2915.0,2725.5
n1_HC,n1,HC,tai50_15_09.F.15_01,21,2551.0,2955.0,2753.0
n1_HC,n1,HC,tai50_15_09.F.15_01,22,2552.0,2940.0,2746.0
n1_HC,n1,HC,tai50_15_09.F.15_01,23,2545.0,2953.0,2749.0
n1_HC,n1,HC,tai50_15_09.F.15_01,24,2594.0,2950.0,2772.0
n1_HC,n1,HC,tai50_15_09.F.15_01,25,2567.0,2947.0,2757.0
n1_HC,n1,HC,tai50_15_09.F.15_01,26,2548.0,2969.0,2758.5
n1_HC,n1,HC,tai50_15_09.F.15_01,27,2557.0,2925.0,2741.0
n1_HC,n1,HC,tai50_15_09.F.15_01,28,2567.0,2950.0,2758.5
n1_HC,n1,HC,tai50_15_09.F.15_01,29,2502.0,2904.0,2703.0
n1_HC,n1,HC,tai50_15_09.F.15_01,30,2506.0,2916.0,2711.0
n1_HC,n1,HC,tai50_15_10.F.15_01,1,2575.0,2964.0,2769.5
n1_HC,n1,HC,tai50_15_10.F.15_01,2,2572.0,2970.0,2771.0
n1_HC,n1,HC,tai50_15_10.F.15_01,3,2578.0,2965.0,2771.5
n1_HC,n1,HC,tai50_15_10.F.15_01,4,2635.0,3021.0,2828.0
n1_HC,n1,HC,tai50_15_10.F.15_01,5,2573.0,2967.0,2770.0
n1_HC,n1,HC,tai50_15_10.F.15_01,6,2596.0,2982.0,2789.0
n1_HC,n1,HC,tai50_15_10.F.15_01,7,2569.0,2949.0,2759.0
n1_HC,n1,HC,tai50_15_10.F.15_01,8,2624.0,3002.0,2813.0
n1_HC,n1,HC,tai50_15_10.F.15_01,9,2600.0,2968.0,2784.0
n1_HC,n1,HC,tai50_15_10.F.15_01,10,2544.0,2937.0,2740.5
n1_HC,n1,HC,tai50_15_10.F.15_01,11,2590.0,2954.0,2772.0
n1_HC,n1,HC,tai50_15_10.F.15_01,12,2567.0,2966.0,2766.5
n1_HC,n1,HC,tai50_15_10.F.15_01,13,2555.0,2939.0,2747.0
n1_HC,n1,HC,tai50_15_10.F.15_01,14,2584.0,2963.0,2773.5
n1_HC,n1,HC,tai50_15_10.F.15_01,15,2555.0,2939.0,2747.0
n1_HC,n1,HC,tai50_15_10.F.15_01,16,2562.0,2943.0,2752.5
n1_HC,n1,HC,tai50_15_10.F.15_01,17,2616.0,2993.0,2804.5
n1_HC,n1,HC,tai50_15_10.F.15_01,18,2563.0,2961.0,2762.0
n1_HC,n1,HC,tai50_15_10.F.15_01,19,2570.0,2960.0,2765.0
n1_HC,n1,HC,tai50_15_10.F.15_01,20,2562.0,2946.0,2754.0
n1_HC,n1,HC,tai50_15_10.F.15_01,21,2575.0,2954.0,2764.5
n1_HC,n1,HC,tai50_15_10.F.15_01,22,2555.0,2939.0,2747.0
n1_HC,n1,HC,tai50_15_10.F.15_01,23,2559.0,2948.0,2753.5
n1_HC,n1,HC,tai50_15_10.F.15_01,24,2585.0,2975.0,2780.0
n1_HC,n1,HC,tai50_15_10.F.15_01,25,2573.0,2967.0,2770.0
n1_HC,n1,HC,tai50_15_10.F.15_01,26,2575.0,2958.0,2766.5
n1_HC,n1,HC,tai50_15_10.F.15_01,27,2613.0,3010.0,2811.5
n1_HC,n1,HC,tai50_15_10.F.15_01,28,2596.0,2978.0,2787.0
n1_HC,n1,HC,tai50_15_10.F.15_01,29,2597.0,2983.0,2790.0
n1_HC,n1,HC,tai50_15_10.F.15_01,30,2598.0,2956.0,2777.0
n1_HC,n1,HC,tai50_20_01.F.15_01,1,2807.0,3215.0,3011.0
n1_HC,n1,HC,tai50_20_01.F.15_01,2,2802.0,3200.0,3001.0
n1_HC,n1,HC,tai50_20_01.F.15_01,3,2791.0,3174.0,2982.5
n1_HC,n1,HC,tai50_20_01.F.15_01,4,2775.0,3187.0,2981.0
n1_HC,n1,HC,tai50_20_01.F.15_01,5,2830.0,3206.0,3018.0
n1_HC,n1,HC,tai50_20_01.F.15_01,6,2816.0,3212.0,3014.0
n1_HC,n1,HC,tai50_20_01.F.15_01,7,2799.0,3188.0,2993.5
n1_HC,n1,HC,tai50_20_01.F.15_01,8,2803.0,3214.0,3008.5
n1_HC,n1,HC,tai50_20_01.F.15_01,9,2730.0,3119.0,2924.5
n1_HC,n1,HC,tai50_20_01.F.15_01,10,2807.0,3209.0,3008.0
n1_HC,n1,HC,tai50_20_01.F.15_01,11,2808.0,3207.0,3007.5
n1_HC,n1,HC,tai50_20_01.F.15_01,12,2793.0,3183.0,2988.0
n1_HC,n1,HC,tai50_20_01.F.15_01,13,2821.0,3230.0,3025.5
n1_HC,n1,HC,tai50_20_01.F.15_01,14,2836.0,3235.0,3035.5
n1_HC,n1,HC,tai50_20_01.F.15_01,15,2797.0,3185.0,2991.0
n1_HC,n1,HC,tai50_20_01.F.15_01,16,2842.0,3245.0,3043.5
n1_HC,n1,HC,tai50_20_01.F.15_01,17,2810.0,3205.0,3007.5
n1_HC,n1,HC,tai50_20_01.F.15_01,18,2816.0,3230.0,3023.0
n1_HC,n1,HC,tai50_20_01.F.15_01,19,2767.0,3185.0,2976.0
n1_HC,n1,HC,tai50_20_01.F.15_01,20,2817.0,3191.0,3004.0
n1_HC,n1,HC,tai50_20_01.F.15_01,21,2780.0,3184.0,2982.0
n1_HC,n1,HC,tai50_20_01.F.15_01,22,2790.0,3177.0,2983.5
n1_HC,n1,HC,tai50_20_01.F.15_01,23,2766.0,3144.0,2955.0
n1_HC,n1,HC,tai50_20_01.F.15_01,24,2790.0,3174.0,2982.0
n1_HC,n1,HC,tai50_20_01.F.15_01,25,2795.0,3192.0,2993.5
n1_HC,n1,HC,tai50_20_01.F.15_01,26,2774.0,3167.0,2970.5
n1_HC,n1,HC,tai50_20_01.F.15_01,27,2750.0,3144.0,2947.0
n1_HC,n1,HC,tai50_20_01.F.15_01,28,2824.0,3212.0,3018.0
n1_HC,n1,HC,tai50_20_01.F.15_01,29,2849.0,3240.0,3044.5
n1_HC,n1,HC,tai50_20_01.F.15_01,30,2838.0,3269.0,3053.5
n1_HC,n1,HC,tai50_20_02.F.15_01,1,2925.0,3302.0,3113.5
n1_HC,n1,HC,tai50_20_02.F.15_01,2,2924.0,3298.0,3111.0
n1_HC,n1,HC,tai50_20_02.F.15_01,3,2932.0,3277.0,3104.5
n1_HC,n1,HC,tai50_20_02.F.15_01,4,2905.0,3290.0,3097.5
n1_HC,n1,HC,tai50_20_02.F.15_01,5,2920.0,3303.0,3111.5
n1_HC,n1,HC,tai50_20_02.F.15_01,6,2904.0,3265.0,3084.5
n1_HC,n1,HC,tai50_20_02.F.15_01,7,2919.0,3262.0,3090.5
n1_HC,n1,HC,tai50_20_02.F.15_01,8,2902.0,3251.0,3076.5
n1_HC,n1,HC,tai50_20_02.F.15_01,9,2924.0,3320.0,3122.0
n1_HC,n1,HC,tai50_20_02.F.15_01,10,2945.0,3307.0,3126.0
n1_HC,n1,HC,tai50_20_02.F.15_01,11,2964.0,3324.0,3144.0
n1_HC,n1,HC,tai50_20_02.F.15_01,12,2970.0,3337.0,3153.5
n1_HC,n1,HC,tai50_20_02.F.15_01,13,2885.0,3269.0,3077.0
n1_HC,n1,HC,tai50_20_02.F.15_01,14,2935.0,3301.0,3118.0
n1_HC,n1,HC,tai50_20_02.F.15_01,15,2900.0,3276.0,3088.0
n1_HC,n1,HC,tai50_20_02.F.15_01,16,2949.0,3311.0,3130.0
n1_HC,n1,HC,tai50_20_02.F.15_01,17,2872.0,3250.0,3061.0
n1_HC,n1,HC,tai50_20_02.F.15_01,18,2894.0,3284.0,3089.0
n1_HC,n1,HC,tai50_20_02.F.15_01,19,2910.0,3294.0,3102.0
n1_HC,n1,HC,tai50_20_02.F.15_01,20,2922.0,3280.0,3101.0
n1_HC,n1,HC,tai50_20_02.F.15_01,21,2866.0,3277.0,3071.5
n1_HC,n1,HC,tai50_20_02.F.15_01,22,3017.0,3385.0,3201.0
n1_HC,n1,HC,tai50_20_02.F.15_01,23,2891.0,3285.0,3088.0
n1_HC,n1,HC,tai50_20_02.F.15_01,24,3029.0,3401.0,3215.0
n1_HC,n1,HC,tai50_20_02.F.15_01,25,2908.0,3284.0,3096.0
n1_HC,n1,HC,tai50_20_02.F.15_01,26,2935.0,3312.0,3123.5
n1_HC,n1,HC,tai50_20_02.F.15_01,27,2903.0,3311.0,3107.0
n1_HC,n1,HC,tai50_20_02.F.15_01,28,2895.0,3259.0,3077.0
n1_HC,n1,HC,tai50_20_02.F.15_01,29,2938.0,3311.0,3124.5
n1_HC,n1,HC,tai50_20_02.F.15_01,30,2900.0,3254.0,3077.0
n1_HC,n1,HC,tai50_20_03.F.15_01,1,2653.0,3089.0,2871.0
n1_HC,n1,HC,tai50_20_03.F.15_01,2,2606.0,3058.0,2832.0
n1_HC,n1,HC,tai50_20_03.F.15_01,3,2700.0,3164.0,2932.0
n1_HC,n1,HC,tai50_20_03.F.15_01,4,2655.0,3117.0,2886.0
n1_HC,n1,HC,tai50_20_03.F.15_01,5,2634.0,3058.0,2846.0
n1_HC,n1,HC,tai50_20_03.F.15_01,6,2628.0,3044.0,2836.0
n1_HC,n1,HC,tai50_20_03.F.15_01,7,2619.0,3032.0,2825.5
n1_HC,n1,HC,tai50_20_03.F.15_01,8,2674.0,3118.0,2896.0
n1_HC,n1,HC,tai50_20_03.F.15_01,9,2658.0,3107.0,2882.5
n1_HC,n1,HC,tai50_20_03.F.15_01,10,2654.0,3111.0,2882.5
n1_HC,n1,HC,tai50_20_03.F.15_01,11,2632.0,3064.0,2848.0
n1_HC,n1,HC,tai50_20_03.F.15_01,12,2644.0,3087.0,2865.5
n1_HC,n1,HC,tai50_20_03.F.15_01,13,2689.0,3114.0,2901.5
n1_HC,n1,HC,tai50_20_03.F.15_01,14,2696.0,3110.0,2903.0
n1_HC,n1,HC,tai50_20_03.F.15_01,15,2674.0,3115.0,2894.5
n1_HC,n1,HC,tai50_20_03.F.15_01,16,2649.0,3073.0,2861.0
n1_HC,n1,HC,tai50_20_03.F.15_01,17,2680.0,3095.0,2887.5
n1_HC,n1,HC,tai50_20_03.F.15_01,18,2612.0,3039.0,2825.5
n1_HC,n1,HC,tai50_20_03.F.15_01,19,2672.0,3100.0,2886.0
n1_HC,n1,HC,tai50_20_03.F.15_01,20,2648.0,3082.0,2865.0
n1_HC,n1,HC,tai50_20_03.F.15_01,21,2749.0,3177.0,2963.0
n1_HC,n1,HC,tai50_20_03.F.15_01,22,2632.0,3060.0,2846.0
n1_HC,n1,HC,tai50_20_03.F.15_01,23,2634.0,3068.0,2851.0
n1_HC,n1,HC,tai50_20_03.F.15_01,24,2643.0,3081.0,2862.0
n1_HC,n1,HC,tai50_20_03.F.15_01,25,2664.0,3130.0,2897.0
n1_HC,n1,HC,tai50_20_03.F.15_01,26,2624.0,3058.0,2841.0
n1_HC,n1,HC,tai50_20_03.F.15_01,27,2600.0,3027.0,2813.5
n1_HC,n1,HC,tai50_20_03.F.15_01,28,2642.0,3059.0,2850.5
n1_HC,n1,HC,tai50_20_03.F.15_01,29,2644.0,3060.0,2852.0
n1_HC,n1,HC,tai50_20_03.F.15_01,30,2626.0,3082.0,2854.0
n1_HC,n1,HC,tai50_20_04.F.15_01,1,2641.0,2992.0,2816.5
n1_HC,n1,HC,tai50_20_04.F.15_01,2,2611.0,2993.0,2802.0
n1_HC,n1,HC,tai50_20_04.F.15_01,3,2663.0,3004.0,2833.5
n1_HC,n1,HC,tai50_20_04.F.15_01,4,2623.0,3020.0,2821.5
n1_HC,n1,HC,tai50_20_04.F.15_01,5,2615.0,2992.0,2803.5
n1_HC,n1,HC,tai50_20_04.F.15_01,6,2587.0,2966.0,2776.5
n1_HC,n1,HC,tai50_20_04.F.15_01,7,2638.0,3032.0,2835.0
n1_HC,n1,HC,tai50_20_04.F.15_01,8,2604.0,2969.0,2786.5
n1_HC,n1,HC,tai50_20_04.F.15_01,9,2615.0,2996.0,2805.5
n1_HC,n1,HC,tai50_20_04.F.15_01,10,2618.0,3000.0,2809.0
n1_HC,n1,HC,tai50_20_04.F.15_01,11,2623.0,3029.0,2826.0
n1_HC,n1,HC,tai50_20_04.F.15_01,12,2659.0,3036.0,2847.5
n1_HC,n1,HC,tai50_20_04.F.15_01,13,2606.0,2989.0,2797.5
n1_HC,n1,HC,tai50_20_04.F.15_01,14,2619.0,2991.0,2805.0
n1_HC,n1,HC,tai50_20_04.F.15_01,15,2583.0,2956.0,2769.5
n1_HC,n1,HC,tai50_20_04.F.15_01,16,2582.0,2995.0,2788.5
n1_HC,n1,HC,tai50_20_04.F.15_01,17,2608.0,3014.0,2811.0
n1_HC,n1,HC,tai50_20_04.F.15_01,18,2596.0,2956.0,2776.0
n1_HC,n1,HC,tai50_20_04.F.15_01,19,2602.0,3002.0,2802.0
n1_HC,n1,HC,tai50_20_04.F.15_01,20,2617.0,3009.0,2813.0
n1_HC,n1,HC,tai50_20_04.F.15_01,21,2629.0,3035.0,2832.0
n1_HC,n1,HC,tai50_20_04.F.15_01,22,2600.0,3009.0,2804.5
n1_HC,n1,HC,tai50_20_04.F.15_01,23,2622.0,3020.0,2821.0
n1_HC,n1,HC,tai50_20_04.F.15_01,24,2675.0,3021.0,2848.0
n1_HC,n1,HC,tai50_20_04.F.15_01,25,2599.0,2987.0,2793.0
n1_HC,n1,HC,tai50_20_04.F.15_01,26,2577.0,2975.0,2776.0
n1_HC,n1,HC,tai50_20_04.F.15_01,27,2639.0,3047.0,2843.0
n1_HC,n1,HC,tai50_20_04.F.15_01,28,2640.0,3046.0,2843.0
n1_HC,n1,HC,tai50_20_04.F.15_01,29,2606.0,2987.0,2796.5
n1_HC,n1,HC,tai50_20_04.F.15_01,30,2649.0,3048.0,2848.5
n1_HC,n1,HC,tai50_20_05.F.15_01,1,2687.0,3060.0,2873.5
n1_HC,n1,HC,tai50_20_05.F.15_01,2,2691.0,3077.0,2884.0
n1_HC,n1,HC,tai50_20_05.F.15_01,3,2692.0,3076.0,2884.0
n1_HC,n1,HC,tai50_20_05.F.15_01,4,2715.0,3110.0,2912.5
n1_HC,n1,HC,tai50_20_05.F.15_01,5,2682.0,3053.0,2867.5
n1_HC,n1,HC,tai50_20_05.F.15_01,6,2642.0,3025.0,2833.5
n1_HC,n1,HC,tai50_20_05.F.15_01,7,2654.0,3041.0,2847.5
n1_HC,n1,HC,tai50_20_05.F.15_01,8,2663.0,3045.0,2854.0
n1_HC,n1,HC,tai50_20_05.F.15_01,9,2609.0,3005.0,2807.0
n1_HC,n1,HC,tai50_20_05.F.15_01,10,2678.0,3047.0,2862.5
n1_HC,n1,HC,tai50_20_05.F.15_01,11,2645.0,3030.0,2837.5
n1_HC,n1,HC,tai50_20_05.F.15_01,12,2671.0,3051.0,2861.0
n1_HC,n1,HC,tai50_20_05.F.15_01,13,2665.0,3077.0,2871.0
n1_HC,n1,HC,tai50_20_05.F.15_01,14,2674.0,3042.0,2858.0
n1_HC,n1,HC,tai50_20_05.F.15_01,15,2695.0,3065.0,2880.0
n1_HC,n1,HC,tai50_20_05.F.15_01,16,2688.0,3066.0,2877.0
n1_HC,n1,HC,tai50_20_05.F.15_01,17,2648.0,3014.0,2831.0
n1_HC,n1,HC,tai50_20_05.F.15_01,18,2637.0,3021.0,2829.0
n1_HC,n1,HC,tai50_20_05.F.15_01,19,2704.0,3101.0,2902.5
n1_HC,n1,HC,tai50_20_05.F.15_01,20,2641.0,3013.0,2827.0
n1_HC,n1,HC,tai50_20_05.F.15_01,21,2669.0,3060.0,2864.5
n1_HC,n1,HC,tai50_20_05.F.15_01,22,2646.0,3055.0,2850.5
n1_HC,n1,HC,tai50_20_05.F.15_01,23,2693.0,3066.0,2879.5
n1_HC,n1,HC,tai50_20_05.F.15_01,24,2650.0,3035.0,2842.5
n1_HC,n1,HC,tai50_20_05.F.15_01,25,2650.0,3026.0,2838.0
n1_HC,n1,HC,tai50_20_05.F.15_01,26,2668.0,3051.0,2859.5
n1_HC,n1,HC,tai50_20_05.F.15_01,27,2701.0,3100.0,2900.5
n1_HC,n1,HC,tai50_20_05.F.15_01,28,2654.0,3049.0,2851.5
n1_HC,n1,HC,tai50_20_05.F.15_01,29,2681.0,3059.0,2870.0
n1_HC,n1,HC,tai50_20_05.F.15_01,30,2641.0,3044.0,2842.5
n1_HC,n1,HC,tai50_20_06.F.15_01,1,2817.0,3203.0,3010.0
n1_HC,n1,HC,tai50_20_06.F.15_01,2,2760.0,3180.0,2970.0
n1_HC,n1,HC,tai50_20_06.F.15_01,3,2792.0,3172.0,2982.0
n1_HC,n1,HC,tai50_20_06.F.15_01,4,2760.0,3158.0,2959.0
n1_HC,n1,HC,tai50_20_06.F.15_01,5,2775.0,3174.0,2974.5
n1_HC,n1,HC,tai50_20_06.F.15_01,6,2763.0,3168.0,2965.5
n1_HC,n1,HC,tai50_20_06.F.15_01,7,2791.0,3215.0,3003.0
n1_HC,n1,HC,tai50_20_06.F.15_01,8,2725.0,3150.0,2937.5
n1_HC,n1,HC,tai50_20_06.F.15_01,9,2802.0,3217.0,3009.5
n1_HC,n1,HC,tai50_20_06.F.15_01,10,2731.0,3162.0,2946.5
n1_HC,n1,HC,tai50_20_06.F.15_01,11,2752.0,3141.0,2946.5
n1_HC,n1,HC,tai50_20_06.F.15_01,12,2769.0,3192.0,2980.5
n1_HC,n1,HC,tai50_20_06.F.15_01,13,2753.0,3157.0,2955.0
n1_HC,n1,HC,tai50_20_06.F.15_01,14,2733.0,3163.0,2948.0
n1_HC,n1,HC,tai50_20_06.F.15_01,15,2744.0,3162.0,2953.0
n1_HC,n1,HC,tai50_20_06.F.15_01,16,2763.0,3177.0,2970.0
n1_HC,n1,HC,tai50_20_06.F.15_01,17,2741.0,3161.0,2951.0
n1_HC,n1,HC,tai50_20_06.F.15_01,18,2753.0,3162.0,2957.5
n1_HC,n1,HC,tai50_20_06.F.15_01,19,2764.0,3192.0,2978.0
n1_HC,n1,HC,tai50_20_06.F.15_01,20,2754.0,3160.0,2957.0
n1_HC,n1,HC,tai50_20_06.F.15_01,21,2755.0,3162.0,2958.5
n1_HC,n1,HC,tai50_20_06.F.15_01,22,2769.0,3173.0,2971.0
n1_HC,n1,HC,tai50_20_06.F.15_01,23,2765.0,3188.0,2976.5
n1_HC,n1,HC,tai50_20_06.F.15_01,24,2777.0,3183.0,2980.0
n1_HC,n1,HC,tai50_20_06.F.15_01,25,2762.0,3177.0,2969.5
n1_HC,n1,HC,tai50_20_06.F.15_01,26,2792.0,3185.0,2988.5
n1_HC,n1,HC,tai50_20_06.F.15_01,27,2760.0,3169.0,2964.5
n1_HC,n1,HC,tai50_20_06.F.15_01,28,2787.0,3182.0,2984.5
n1_HC,n1,HC,tai50_20_06.F.15_01,29,2755.0,3197.0,2976.0
n1_HC,n1,HC,tai50_20_06.F.15_01,30,2764.0,3176.0,2970.0
n1_HC,n1,HC,tai50_20_07.F.15_01,1,2714.0,3171.0,2942.5
n1_HC,n1,HC,tai50_20_07.F.15_01,2,2718.0,3183.0,2950.5
n1_HC,n1,HC,tai50_20_07.F.15_01,3,2741.0,3178.0,2959.5
n1_HC,n1,HC,tai50_20_07.F.15_01,4,2754.0,3184.0,2969.0
n1_HC,n1,HC,tai50_20_07.F.15_01,5,2838.0,3249.0,3043.5
n1_HC,n1,HC,tai50_20_07.F.15_01,6,2714.0,3146.0,2930.0
n1_HC,n1,HC,tai50_20_07.F.15_01,7,2759.0,3184.0,2971.5
n1_HC,n1,HC,tai50_20_07.F.15_01,8,2749.0,3177.0,2963.0
n1_HC,n1,HC,tai50_20_07.F.15_01,9,2690.0,3155.0,2922.5
n1_HC,n1,HC,tai50_20_07.F.15_01,10,2732.0,3172.0,2952.0
n1_HC,n1,HC,tai50_20_07.F.15_01,11,2670.0,3127.0,2898.5
n1_HC,n1,HC,tai50_20_07.F.15_01,12,2732.0,3189.0,2960.5
n1_HC,n1,HC,tai50_20_07.F.15_01,13,2725.0,3147.0,2936.0
n1_HC,n1,HC,tai50_20_07.F.15_01,14,2749.0,3201.0,2975.0
n1_HC,n1,HC,tai50_20_07.F.15_01,15,2729.0,3164.0,2946.5
n1_HC,n1,HC,tai50_20_07.F.15_01,16,2777.0,3215.0,2996.0
n1_HC,n1,HC,tai50_20_07.F.15_01,17,2742.0,3210.0,2976.0
n1_HC,n1,HC,tai50_20_07.F.15_01,18,2737.0,3181.0,2959.0
n1_HC,n1,HC,tai50_20_07.F.15_01,19,2728.0,3157.0,2942.5
n1_HC,n1,HC,tai50_20_07.F.15_01,20,2777.0,3207.0,2992.0
n1_HC,n1,HC,tai50_20_07.F.15_01,21,2766.0,3206.0,2986.0
n1_HC,n1,HC,tai50_20_07.F.15_01,22,2759.0,3229.0,2994.0
n1_HC,n1,HC,tai50_20_07.F.15_01,23,2721.0,3118.0,2919.5
n1_HC,n1,HC,tai50_20_07.F.15_01,24,2720.0,3146.0,2933.0
n1_HC,n1,HC,tai50_20_07.F.15_01,25,2758.0,3183.0,2970.5
n1_HC,n1,HC,tai50_20_07.F.15_01,26,2723.0,3158.0,2940.5
n1_HC,n1,HC,tai50_20_07.F.15_01,27,2716.0,3138.0,2927.0
n1_HC,n1,HC,tai50_20_07.F.15_01,28,2764.0,3188.0,2976.0
n1_HC,n1,HC,tai50_20_07.F.15_01,29,2736.0,3171.0,2953.5
n1_HC,n1,HC,tai50_20_07.F.15_01,30,2771.0,3199.0,2985.0
n1_HC,n1,HC,tai50_20_08.F.15_01,1,2702.0,3088.0,2895.0
n1_HC,n1,HC,tai50_20_08.F.15_01,2,2732.0,3117.0,2924.5
n1_HC,n1,HC,tai50_20_08.F.15_01,3,2661.0,3046.0,2853.5
n1_HC,n1,HC,tai50_20_08.F.15_01,4,2673.0,3058.0,2865.5
n1_HC,n1,HC,tai50_20_08.F.15_01,5,2698.0,3097.0,2897.5
n1_HC,n1,HC,tai50_20_08.F.15_01,6,2698.0,3072.0,2885.0
n1_HC,n1,HC,tai50_20_08.F.15_01,7,2680.0,3052.0,2866.0
n1_HC,n1,HC,tai50_20_08.F.15_01,8,2677.0,3040.0,2858.5
n1_HC,n1,HC,tai50_20_08.F.15_01,9,2668.0,3031.0,2849.5
n1_HC,n1,HC,tai50_20_08.F.15_01,10,2676.0,3101.0,2888.5
n1_HC,n1,HC,tai50_20_08.F.15_01,11,2685.0,3084.0,2884.5
n1_HC,n1,HC,tai50_20_08.F.15_01,12,2700.0,3073.0,2886.5
n1_HC,n1,HC,tai50_20_08.F.15_01,13,2684.0,3067.0,2875.5
n1_HC,n1,HC,tai50_20_08.F.15_01,14,2657.0,3051.0,2854.0
n1_HC,n1,HC,tai50_20_08.F.15_01,15,2715.0,3079.0,2897.0
n1_HC,n1,HC,tai50_20_08.F.15_01,16,2696.0,3063.0,2879.5
n1_HC,n1,HC,tai50_20_08.F.15_01,17,2703.0,3089.0,2896.0
n1_HC,n1,HC,tai50_20_08.F.15_01,18,2728.0,3119.0,2923.5
n1_HC,n1,HC,tai50_20_08.F.15_01,19,2672.0,3058.0,2865.0
n1_HC,n1,HC,tai50_20_08.F.15_01,20,2689.0,3098.0,2893.5
n1_HC,n1,HC,tai50_20_08.F.15_01,21,2720.0,3093.0,2906.5
n1_HC,n1,HC,tai50_20_08.F.15_01,22,2711.0,3084.0,2897.5
n1_HC,n1,HC,tai50_20_08.F.15_01,23,2667.0,3043.0,2855.0
n1_HC,n1,HC,tai50_20_08.F.15_01,24,2669.0,3048.0,2858.5
n1_HC,n1,HC,tai50_20_08.F.15_01,25,2656.0,3031.0,2843.5
n1_HC,n1,HC,tai50_20_08.F.15_01,26,2705.0,3075.0,2890.0
n1_HC,n1,HC,tai50_20_08.F.15_01,27,2669.0,3068.0,2868.5
n1_HC,n1,HC,tai50_20_08.F.15_01,28,2697.0,3085.0,2891.0
n1_HC,n1,HC,tai50_20_08.F.15_01,29,2667.0,3058.0,2862.5
n1_HC,n1,HC,tai50_20_08.F.15_01,30,2705.0,3077.0,2891.0
n1_HC,n1,HC,tai50_20_09.F.15_01,1,2925.0,3371.0,3148.0
n1_HC,n1,HC,tai50_20_09.F.15_01,2,2884.0,3329.0,3106.5
n1_HC,n1,HC,tai50_20_09.F.15_01,3,2949.0,3404.0,3176.5
n1_HC,n1,HC,tai50_20_09.F.15_01,4,2869.0,3323.0,3096.0
n1_HC,n1,HC,tai50_20_09.F.15_01,5,2916.0,3361.0,3138.5
n1_HC,n1,HC,tai50_20_09.F.15_01,6,2929.0,3349.0,3139.0
n1_HC,n1,HC,tai50_20_09.F.15_01,7,2901.0,3365.0,3133.0
n1_HC,n1,HC,tai50_20_09.F.15_01,8,2905.0,3363.0,3134.0
n1_HC,n1,HC,tai50_20_09.F.15_01,9,2934.0,3391.0,3162.5
n1_HC,n1,HC,tai50_20_09.F.15_01,10,2890.0,3337.0,3113.5
n1_HC,n1,HC,tai50_20_09.F.15_01,11,2922.0,3387.0,3154.5
n1_HC,n1,HC,tai50_20_09.F.15_01,12,2916.0,3352.0,3134.0
n1_HC,n1,HC,tai50_20_09.F.15_01,13,2879.0,3325.0,3102.0
n1_HC,n1,HC,tai50_20_09.F.15_01,14,2926.0,3379.0,3152.5
n1_HC,n1,HC,tai50_20_09.F.15_01,15,2935.0,3391.0,3163.0
n1_HC,n1,HC,tai50_20_09.F.15_01,16,2931.0,3407.0,3169.0
n1_HC,n1,HC,tai50_20_09.F.15_01,17,2940.0,3404.0,3172.0
n1_HC,n1,HC,tai50_20_09.F.15_01,18,2908.0,3356.0,3132.0
n1_HC,n1,HC,tai50_20_09.F.15_01,19,2949.0,3414.0,3181.5
n1_HC,n1,HC,tai50_20_09.F.15_01,20,2919.0,3370.0,3144.5
n1_HC,n1,HC,tai50_20_09.F.15_01,21,2960.0,3414.0,3187.0
n1_HC,n1,HC,tai50_20_09.F.15_01,22,2949.0,3398.0,3173.5
n1_HC,n1,HC,tai50_20_09.F.15_01,23,2924.0,3397.0,3160.5
n1_HC,n1,HC,tai50_20_09.F.15_01,24,2966.0,3421.0,3193.5
n1_HC,n1,HC,tai50_20_09.F.15_01,25,2930.0,3402.0,3166.0
n1_HC,n1,HC,tai50_20_09.F.15_01,26,2946.0,3408.0,3177.0
n1_HC,n1,HC,tai50_20_09.F.15_01,27,2907.0,3364.0,3135.5
n1_HC,n1,HC,tai50_20_09.F.15_01,28,2889.0,3357.0,3123.0
n1_HC,n1,HC,tai50_20_09.F.15_01,29,2931.0,3391.0,3161.0
n1_HC,n1,HC,tai50_20_09.F.15_01,30,2941.0,3392.0,3166.5
n1_HC,n1,HC,tai50_20_10.F.15_01,1,2963.0,3367.0,3165.0
n1_HC,n1,HC,tai50_20_10.F.15_01,2,2945.0,3387.0,3166.0
n1_HC,n1,HC,tai50_20_10.F.15_01,3,2988.0,3402.0,3195.0
n1_HC,n1,HC,tai50_20_10.F.15_01,4,2965.0,3430.0,3197.5
n1_HC,n1,HC,tai50_20_10.F.15_01,5,2944.0,3397.0,3170.5
n1_HC,n1,HC,tai50_20_10.F.15_01,6,2963.0,3377.0,3170.0
n1_HC,n1,HC,tai50_20_10.F.15_01,7,2952.0,3359.0,3155.5
n1_HC,n1,HC,tai50_20_10.F.15_01,8,3018.0,3431.0,3224.5
n1_HC,n1,HC,tai50_20_10.F.15_01,9,2970.0,3378.0,3174.0
n1_HC,n1,HC,tai50_20_10.F.15_01,10,2992.0,3430.0,3211.0
n1_HC,n1,HC,tai50_20_10.F.15_01,11,3050.0,3426.0,3238.0
n1_HC,n1,HC,tai50_20_10.F.15_01,12,2936.0,3354.0,3145.0
n1_HC,n1,HC,tai50_20_10.F.15_01,13,3026.0,3428.0,3227.0
n1_HC,n1,HC,tai50_20_10.F.15_01,14,2982.0,3402.0,3192.0
n1_HC,n1,HC,tai50_20_10.F.15_01,15,2991.0,3409.0,3200.0
n1_HC,n1,HC,tai50_20_10.F.15_01,16,2932.0,3360.0,3146.0
n1_HC,n1,HC,tai50_20_10.F.15_01,17,2965.0,3406.0,3185.5
n1_HC,n1,HC,tai50_20_10.F.15_01,18,3005.0,3415.0,3210.0
n1_HC,n1,HC,tai50_20_10.F.15_01,19,2962.0,3371.0,3166.5
n1_HC,n1,HC,tai50_20_10.F.15_01,20,2947.0,3350.0,3148.5
n1_HC,n1,HC,tai50_20_10.F.15_01,21,3015.0,3405.0,3210.0
n1_HC,n1,HC,tai50_20_10.F.15_01,22,3019.0,3426.0,3222.5
n1_HC,n1,HC,tai50_20_10.F.15_01,23,2944.0,3372.0,3158.0
n1_HC,n1,HC,tai50_20_10.F.15_01,24,3001.0,3422.0,3211.5
n1_HC,n1,HC,tai50_20_10.F.15_01,25,2972.0,3370.0,3171.0
n1_HC,n1,HC,tai50_20_10.F.15_01,26,2982.0,3386.0,3184.0
n1_HC,n1,HC,tai50_20_10.F.15_01,27,3001.0,3410.0,3205.5
n1_HC,n1,HC,tai50_20_10.F.15_01,28,2984.0,3412.0,3198.0
n1_HC,n1,HC,tai50_20_10.F.15_01,29,2959.0,3390.0,3174.5
n1_HC,n1,HC,tai50_20_10.F.15_01,30,2979.0,3382.0,3180.5
n2_HC,n2,HC,F0.15.0.abz7_06,1,644.0,730.0,687.0
n2_HC,n2,HC,F0.15.0.abz7_06,2,649.0,730.0,689.5
n2_HC,n2,HC,F0.15.0.abz7_06,3,634.0,723.0,678.5
n2_HC,n2,HC,F0.15.0.abz7_06,4,646.0,735.0,690.5
n2_HC,n2,HC,F0.15.0.abz7_06,5,644.0,731.0,687.5
n2_HC,n2,HC,F0.15.0.abz7_06,6,647.0,729.0,688.0
n2_HC,n2,HC,F0.15.0.abz7_06,7,644.0,730.0,687.0
n2_HC,n2,HC,F0.15.0.abz7_06,8,633.0,715.0,674.0
n2_HC,n2,HC,F0.15.0.abz7_06,9,639.0,722.0,680.5
n2_HC,n2,HC,F0.15.0.abz7_06,10,633.0,721.0,677.0
n2_HC,n2,HC,F0.15.0.abz7_06,11,648.0,736.0,692.0
n2_HC,n2,HC,F0.15.0.abz7_06,12,636.0,724.0,680.0
n2_HC,n2,HC,F0.15.0.abz7_06,13,648.0,724.0,686.0
n2_HC,n2,HC,F0.15.0.abz7_06,14,631.0,719.0,675.0
n2_HC,n2,HC,F0.15.0.abz7_06,15,659.0,736.0,697.5
n2_HC,n2,HC,F0.15.0.abz7_06,16,658.0,731.0,694.5
n2_HC,n2,HC,F0.15.0.abz7_06,17,646.0,733.0,689.5
n2_HC,n2,HC,F0.15.0.abz7_06,18,636.0,720.0,678.0
n2_HC,n2,HC,F0.15.0.abz7_06,19,638.0,723.0,680.5
n2_HC,n2,HC,F0.15.0.abz7_06,20,636.0,720.0,678.0
n2_HC,n2,HC,F0.15.0.abz7_06,21,650.0,738.0,694.0
n2_HC,n2,HC,F0.15.0.abz7_06,22,644.0,738.0,691.0
n2_HC,n2,HC,F0.15.0.abz7_06,23,632.0,728.0,680.0
n2_HC,n2,HC,F0.15.0.abz7_06,24,643.0,718.0,680.5
n2_HC,n2,HC,F0.15.0.abz7_06,25,636.0,727.0,681.5
n2_HC,n2,HC,F0.15.0.abz7_06,26,648.0,731.0,689.5
n2_HC,n2,HC,F0.15.0.abz7_06,27,636.0,722.0,679.0
n2_HC,n2,HC,F0.15.0.abz7_06,28,650.0,730.0,690.0
n2_HC,n2,HC,F0.15.0.abz7_06,29,656.0,749.0,702.5
n2_HC,n2,HC,F0.15.0.abz7_06,30,643.0,733.0,688.0
n2_HC,n2,HC,F0.15.0.abz8_05,1,657.0,724.0,690.5
n2_HC,n2,HC,F0.15.0.abz8_05,2,653.0,723.0,688.0
n2_HC,n2,HC,F0.15.0.abz8_05,3,646.0,725.0,685.5
n2_HC,n2,HC,F0.15.0.abz8_05,4,656.0,735.0,695.5
n2_HC,n2,HC,F0.15.0.abz8_05,5,666.0,731.0,698.5
n2_HC,n2,HC,F0.15.0.abz8_05,6,662.0,727.0,694.5
n2_HC,n2,HC,F0.15.0.abz8_05,7,655.0,732.0,693.5
n2_HC,n2,HC,F0.15.0.abz8_05,8,663.0,737.0,700.0
n2_HC,n2,HC,F0.15.0.abz8_05,9,655.0,731.0,693.0
n2_HC,n2,HC,F0.15.0.abz8_05,10,656.0,734.0,695.0
n2_HC,n2,HC,F0.15.0.abz8_05,11,653.0,728.0,690.5
n2_HC,n2,HC,F0.15.0.abz8_05,12,656.0,727.0,691.5
n2_HC,n2,HC,F0.15.0.abz8_05,13,662.0,730.0,696.0
n2_HC,n2,HC,F0.15.0.abz8_05,14,654.0,722.0,688.0
n2_HC,n2,HC,F0.15.0.abz8_05,15,665.0,738.0,701.5
n2_HC,n2,HC,F0.15.0.abz8_05,16,668.0,737.0,702.5
n2_HC,n2,HC,F0.15.0.abz8_05,17,662.0,735.0,698.5
n2_HC,n2,HC,F0.15.0.abz8_05,18,675.0,736.0,705.5
n2_HC,n2,HC,F0.15.0.abz8_05,19,660.0,737.0,698.5
n2_HC,n2,HC,F0.15.0.abz8_05,20,662.0,731.0,696.5
n2_HC,n2,HC,F0.15.0.abz8_05,21,657.0,729.0,693.0
n2_HC,n2,HC,F0.15.0.abz8_05,22,662.0,740.0,701.0
n2_HC,n2,HC,F0.15.0.abz8_05,23,663.0,729.0,696.0
n2_HC,n2,HC,F0.15.0.abz8_05,24,667.0,743.0,705.0
n2_HC,n2,HC,F0.15.0.abz8_05,25,663.0,739.0,701.0
n2_HC,n2,HC,F0.15.0.abz8_05,26,662.0,732.0,697.0
n2_HC,n2,HC,F0.15.0.abz8_05,27,664.0,734.0,699.0
n2_HC,n2,HC,F0.15.0.abz8_05,28,657.0,731.0,694.0
n2_HC,n2,HC,F0.15.0.abz8_05,29,668.0,730.0,699.0
n2_HC,n2,HC,F0.15.0.abz8_05,30,668.0,738.0,703.0
n2_HC,n2,HC,F0.15.0.abz9_10,1,664.0,730.0,697.0
n2_HC,n2,HC,F0.15.0.abz9_10,2,677.0,755.0,716.0
n2_HC,n2,HC,F0.15.0.abz9_10,3,671.0,745.0,708.0
n2_HC,n2,HC,F0.15.0.abz9_10,4,672.0,747.0,709.5
n2_HC,n2,HC,F0.15.0.abz9_10,5,688.0,754.0,721.0
n2_HC,n2,HC,F0.15.0.abz9_10,6,671.0,738.0,704.5
n2_HC,n2,HC,F0.15.0.abz9_10,7,667.0,746.0,706.5
n2_HC,n2,HC,F0.15.0.abz9_10,8,678.0,754.0,716.0
n2_HC,n2,HC,F0.15.0.abz9_10,9,696.0,753.0,724.5
n2_HC,n2,HC,F0.15.0.abz9_10,10,671.0,736.0,703.5
n2_HC,n2,HC,F0.15.0.abz9_10,11,694.0,751.0,722.5
n2_HC,n2,HC,F0.15.0.abz9_10,12,691.0,761.0,726.0
n2_HC,n2,HC,F0.15.0.abz9_10,13,679.0,751.0,715.0
n2_HC,n2,HC,F0.15.0.abz9_10,14,680.0,750.0,715.0
n2_HC,n2,HC,F0.15.0.abz9_10,15,699.0,762.0,730.5
n2_HC,n2,HC,F0.15.0.abz9_10,16,688.0,752.0,720.0
n2_HC,n2,HC,F0.15.0.abz9_10,17,680.0,742.0,711.0
n2_HC,n2,HC,F0.15.0.abz9_10,18,686.0,752.0,719.0
n2_HC,n2,HC,F0.15.0.abz9_10,19,695.0,765.0,730.0
n2_HC,n2,HC,F0.15.0.abz9_10,20,677.0,749.0,713.0
n2_HC,n2,HC,F0.15.0.abz9_10,21,684.0,764.0,724.0
n2_HC,n2,HC,F0.15.0.abz9_10,22,671.0,753.0,712.0
n2_HC,n2,HC,F0.15.0.abz9_10,23,704.0,756.0,730.0
n2_HC,n2,HC,F0.15.0.abz9_10,24,694.0,754.0,724.0
n2_HC,n2,HC,F0.15.0.abz9_10,25,676.0,756.0,716.0
n2_HC,n2,HC,F0.15.0.abz9_10,26,683.0,765.0,724.0
n2_HC,n2,HC,F0.15.0.abz9_10,27,686.0,752.0,719.0
n2_HC,n2,HC,F0.15.0.abz9_10,28,686.0,764.0,725.0
n2_HC,n2,HC,F0.15.0.abz9_10,29,693.0,752.0,722.5
n2_HC,n2,HC,F0.15.0.abz9_10,30,686.0,754.0,720.0
n2_HC,n2,HC,F0.15.0.ft10_10,1,882.0,989.0,935.5
n2_HC,n2,HC,F0.15.0.ft10_10,2,879.0,999.0,939.0
n2_HC,n2,HC,F0.15.0.ft10_10,3,895.0,997.0,946.0
n2_HC,n2,HC,F0.15.0.ft10_10,4,890.0,990.0,940.0
n2_HC,n2,HC,F0.15.0.ft10_10,5,916.0,994.0,955.0
n2_HC,n2,HC,F0.15.0.ft10_10,6,878.0,1000.0,939.0
n2_HC,n2,HC,F0.15.0.ft10_10,7,882.0,989.0,935.5
n2_HC,n2,HC,F0.15.0.ft10_10,8,904.0,996.0,950.0
n2_HC,n2,HC,F0.15.0.ft10_10,9,882.0,989.0,935.5
n2_HC,n2,HC,F0.15.0.ft10_10,10,905.0,993.0,949.0
n2_HC,n2,HC,F0.15.0.ft10_10,11,910.0,1032.0,971.0
n2_HC,n2,HC,F0.15.0.ft10_10,12,900.0,1003.0,951.5
n2_HC,n2,HC,F0.15.0.ft10_10,13,882.0,989.0,935.5
n2_HC,n2,HC,F0.15.0.ft10_10,14,882.0,989.0,935.5
n2_HC,n2,HC,F0.15.0.ft10_10,15,878.0,1000.0,939.0
n2_HC,n2,HC,F0.15.0.ft10_10,16,878.0,1000.0,939.0
n2_HC,n2,HC,F0.15.0.ft10_10,17,907.0,1003.0,955.0
n2_HC,n2,HC,F0.15.0.ft10_10,18,878.0,1000.0,939.0
n2_HC,n2,HC,F0.15.0.ft10_10,19,890.0,990.0,940.0
n2_HC,n2,HC,F0.15.0.ft10_10,20,895.0,1003.0,949.0
n2_HC,n2,HC,F0.15.0.ft10_10,21,905.0,993.0,949.0
n2_HC,n2,HC,F0.15.0.ft10_10,22,882.0,989.0,935.5
n2_HC,n2,HC,F0.15.0.ft10_10,23,890.0,990.0,940.0
n2_HC,n2,HC,F0.15.0.ft10_10,24,890.0,990.0,940.0
n2_HC,n2,HC,F0.15.0.ft10_10,25,878.0,1000.0,939.0
n2_HC,n2,HC,F0.15.0.ft10_10,26,890.0,990.0,940.0
n2_HC,n2,HC,F0.15.0.ft10_10,27,890.0,990.0,940.0
n2_HC,n2,HC,F0.15.0.ft10_10,28,878.0,1000.0,939.0
n2_HC,n2,HC,F0.15.0.ft10_10,29,904.0,1000.0,952.0
n2_HC,n2,HC,F0.15.0.ft10_10,30,882.0,989.0,935.5
n2_HC,n2,HC,F0.15.0.ft20_05,1,1106.0,1250.0,1178.0
n2_HC,n2,HC,F0.15.0.ft20_05,2,1111.0,1253.0,1182.0
n2_HC,n2,HC,F0.15.0.ft20_05,3,1109.0,1251.0,1180.0
n2_HC,n2,HC,F0.15.0.ft20_05,4,1109.0,1251.0,1180.0
n2_HC,n2,HC,F0.15.0.ft20_05,5,1106.0,1250.0,1178.0
n2_HC,n2,HC,F0.15.0.ft20_05,6,1101.0,1245.0,1173.0
n2_HC,n2,HC,F0.15.0.ft20_05,7,1121.0,1263.0,1192.0
n2_HC,n2,HC,F0.15.0.ft20_05,8,1106.0,1250.0,1178.0
n2_HC,n2,HC,F0.15.0.ft20_05,9,1101.0,1245.0,1173.0
n2_HC,n2,HC,F0.15.0.ft20_05,10,1094.0,1238.0,1166.0
n2_HC,n2,HC,F0.15.0.ft20_05,11,1111.0,1253.0,1182.0
n2_HC,n2,HC,F0.15.0.ft20_05,12,1109.0,1251.0,1180.0
n2_HC,n2,HC,F0.15.0.ft20_05,13,1109.0,1251.0,1180.0
n2_HC,n2,HC,F0.15.0.ft20_05,14,1101.0,1245.0,1173.0
n2_HC,n2,HC,F0.15.0.ft20_05,15,1109.0,1251.0,1180.0
n2_HC,n2,HC,F0.15.0.ft20_05,16,1109.0,1251.0,1180.0
n2_HC,n2,HC,F0.15.0.ft20_05,17,1101.0,1245.0,1173.0
n2_HC,n2,HC,F0.15.0.ft20_05,18,1106.0,1250.0,1178.0
n2_HC,n2,HC,F0.15.0.ft20_05,19,1109.0,1251.0,1180.0
n2_HC,n2,HC,F0.15.0.ft20_05,20,1106.0,1250.0,1178.0
n2_HC,n2,HC,F0.15.0.ft20_05,21,1101.0,1245.0,1173.0
n2_HC,n2,HC,F0.15.0.ft20_05,22,1106.0,1250.0,1178.0
n2_HC,n2,HC,F0.15.0.ft20_05,23,1106.0,1250.0,1178.0
n2_HC,n2,HC,F0.15.0.ft20_05,24,1106.0,1250.0,1178.0
n2_HC,n2,HC,F0.15.0.ft20_05,25,1106.0,1250.0,1178.0
n2_HC,n2,HC,F0.15.0.ft20_05,26,1111.0,1253.0,1182.0
n2_HC,n2,HC,F0.15.0.ft20_05,27,1109.0,1251.0,1180.0
n2_HC,n2,HC,F0.15.0.ft20_05,28,1106.0,1250.0,1178.0
n2_HC,n2,HC,F0.15.0.ft20_05,29,1094.0,1238.0,1166.0
n2_HC,n2,HC,F0.15.0.ft20_05,30,1111.0,1253.0,1182.0
n2_HC,n2,HC,F0.15.0.la21_04,1,1006.0,1142.0,1074.0
n2_HC,n2,HC,F0.15.0.la21_04,2,999.0,1136.0,1067.5
n2_HC,n2,HC,F0.15.0.la21_04,3,1011.0,1142.0,1076.5
n2_HC,n2,HC,F0.15.0.la21_04,4,996.0,1122.0,1059.0
n2_HC,n2,HC,F0.15.0.la21_04,5,1002.0,1143.0,1072.5
n2_HC,n2,HC,F0.15.0.la21_04,6,997.0,1141.0,1069.0
n2_HC,n2,HC,F0.15.0.la21_04,7,996.0,1122.0,1059.0
n2_HC,n2,HC,F0.15.0.la21_04,8,980.0,1138.0,1059.0
n2_HC,n2,HC,F0.15.0.la21_04,9,999.0,1130.0,1064.5
n2_HC,n2,HC,F0.15.0.la21_04,10,1008.0,1149.0,1078.5
n2_HC,n2,HC,F0.15.0.la21_04,11,997.0,1141.0,1069.0
n2_HC,n2,HC,F0.15.0.la21_04,12,1024.0,1160.0,1092.0
n2_HC,n2,HC,F0.15.0.la21_04,13,1011.0,1132.0,1071.5
n2_HC,n2,HC,F0.15.0.la21_04,14,1021.0,1148.0,1084.5
n2_HC,n2,HC,F0.15.0.la21_04,15,1004.0,1130.0,1067.0
n2_HC,n2,HC,F0.15.0.la21_04,16,1016.0,1147.0,1081.5
n2_HC,n2,HC,F0.15.0.la21_04,17,1019.0,1140.0,1079.5
n2_HC,n2,HC,F0.15.0.la21_04,18,996.0,1122.0,1059.0
n2_HC,n2,HC,F0.15.0.la21_04,19,996.0,1122.0,1059.0
n2_HC,n2,HC,F0.15.0.la21_04,20,1014.0,1149.0,1081.5
n2_HC,n2,HC,F0.15.0.la21_04,21,1011.0,1142.0,1076.5
n2_HC,n2,HC,F0.15.0.la21_04,22,1011.0,1142.0,1076.5
n2_HC,n2,HC,F0.15.0.la21_04,23,997.0,1130.0,1063.5
n2_HC,n2,HC,F0.15.0.la21_04,24,1002.0,1143.0,1072.5
n2_HC,n2,HC,F0.15.0.la21_04,25,1004.0,1156.0,1080.0
n2_HC,n2,HC,F0.15.0.la21_04,26,1011.0,1132.0,1071.5
n2_HC,n2,HC,F0.15.0.la21_04,27,997.0,1141.0,1069.0
n2_HC,n2,HC,F0.15.0.la21_04,28,996.0,1122.0,1059.0
n2_HC,n2,HC,F0.15.0.la21_04,29,997.0,1141.0,1069.0
n2_HC,n2,HC,F0.15.0.la21_04,30,1011.0,1142.0,1076.5
n2_HC,n2,HC,F0.15.0.la24_03,1,876.0,1013.0,944.5
n2_HC,n2,HC,F0.15.0.la24_03,2,904.0,1032.0,968.0
n2_HC,n2,HC,F0.15.0.la24_03,3,878.0,1040.0,959.0
n2_HC,n2,HC,F0.15.0.la24_03,4,889.0,1015.0,952.0
n2_HC,n2,HC,F0.15.0.la24_03,5,876.0,1013.0,944.5
n2_HC,n2,HC,F0.15.0.la24_03,6,878.0,1013.0,945.5
n2_HC,n2,HC,F0.15.0.la24_03,7,879.0,1027.0,953.0
n2_HC,n2,HC,F0.15.0.la24_03,8,885.0,1019.0,952.0
n2_HC,n2,HC,F0.15.0.la24_03,9,889.0,1028.0,958.5
n2_HC,n2,HC,F0.15.0.la24_03,10,899.0,1013.0,956.0
n2_HC,n2,HC,F0.15.0.la24_03,11,894.0,1048.0,971.0
n2_HC,n2,HC,F0.15.0.la24_03,12,892.0,1042.0,967.0
n2_HC,n2,HC,F0.15.0.la24_03,13,876.0,1013.0,944.5
n2_HC,n2,HC,F0.15.0.la24_03,14,889.0,1015.0,952.0
n2_HC,n2,HC,F0.15.0.la24_03,15,888.0,1028.0,958.0
n2_HC,n2,HC,F0.15.0.la24_03,16,885.0,1014.0,949.5
n2_HC,n2,HC,F0.15.0.la24_03,17,878.0,1013.0,945.5
n2_HC,n2,HC,F0.15.0.la24_03,18,890.0,1030.0,960.0
n2_HC,n2,HC,F0.15.0.la24_03,19,880.0,1013.0,946.5
n2_HC,n2,HC,F0.15.0.la24_03,20,879.0,1035.0,957.0
n2_HC,n2,HC,F0.15.0.la24_03,21,900.0,1016.0,958.0
n2_HC,n2,HC,F0.15.0.la24_03,22,894.0,1048.0,971.0
n2_HC,n2,HC,F0.15.0.la24_03,23,910.0,1058.0,984.0
n2_HC,n2,HC,F0.15.0.la24_03,24,888.0,1028.0,958.0
n2_HC,n2,HC,F0.15.0.la24_03,25,899.0,1020.0,959.5
n2_HC,n2,HC,F0.15.0.la24_03,26,876.0,1013.0,944.5
n2_HC,n2,HC,F0.15.0.la24_03,27,876.0,1013.0,944.5
n2_HC,n2,HC,F0.15.0.la24_03,28,899.0,1018.0,958.5
n2_HC,n2,HC,F0.15.0.la24_03,29,891.0,1035.0,963.0
n2_HC,n2,HC,F0.15.0.la24_03,30,876.0,1013.0,944.5
n2_HC,n2,HC,F0.15.0.la25_04,1,948.0,1051.0,999.5
n2_HC,n2,HC,F0.15.0.la25_04,2,917.0,1052.0,984.5
n2_HC,n2,HC,F0.15.0.la25_04,3,917.0,1052.0,984.5
n2_HC,n2,HC,F0.15.0.la25_04,4,947.0,1051.0,999.0
n2_HC,n2,HC,F0.15.0.la25_04,5,944.0,1050.0,997.0
n2_HC,n2,HC,F0.15.0.la25_04,6,917.0,1052.0,984.5
n2_HC,n2,HC,F0.15.0.la25_04,7,949.0,1060.0,1004.5
n2_HC,n2,HC,F0.15.0.la25_04,8,917.0,1052.0,984.5
n2_HC,n2,HC,F0.15.0.la25_04,9,928.0,1068.0,998.0
n2_HC,n2,HC,F0.15.0.la25_04,10,917.0,1052.0,984.5
n2_HC,n2,HC,F0.15.0.la25_04,11,944.0,1050.0,997.0
n2_HC,n2,HC,F0.15.0.la25_04,12,944.0,1050.0,997.0
n2_HC,n2,HC,F0.15.0.la25_04,13,923.0,1052.0,987.5
n2_HC,n2,HC,F0.15.0.la25_04,14,947.0,1051.0,999.0
n2_HC,n2,HC,F0.15.0.la25_04,15,947.0,1051.0,999.0
n2_HC,n2,HC,F0.15.0.la25_04,16,922.0,1062.0,992.0
n2_HC,n2,HC,F0.15.0.la25_04,17,956.0,1076.0,1016.0
n2_HC,n2,HC,F0.15.0.la25_04,18,923.0,1052.0,987.5
n2_HC,n2,HC,F0.15.0.la25_04,19,947.0,1051.0,999.0
n2_HC,n2,HC,F0.15.0.la25_04,20,917.0,1052.0,984.5
n2_HC,n2,HC,F0.15.0.la25_04,21,947.0,1051.0,999.0
n2_HC,n2,HC,F0.15.0.la25_04,22,917.0,1052.0,984.5
n2_HC,n2,HC,F0.15.0.la25_04,23,932.0,1064.0,998.0
n2_HC,n2,HC,F0.15.0.la25_04,24,958.0,1066.0,1012.0
n2_HC,n2,HC,F0.15.0.la25_04,25,927.0,1060.0,993.5
n2_HC,n2,HC,F0.15.0.la25_04,26,917.0,1052.0,984.5
n2_HC,n2,HC,F0.15.0.la25_04,27,923.0,1052.0,987.5
n2_HC,n2,HC,F0.15.0.la25_04,28,923.0,1057.0,990.0
n2_HC,n2,HC,F0.15.0.la25_04,29,947.0,1051.0,999.0
n2_HC,n2,HC,F0.15.0.la25_04,30,931.0,1051.0,991.0
n2_HC,n2,HC,F0.15.0.la27_09,1,1185.0,1345.0,1265.0
n2_HC,n2,HC,F0.15.0.la27_09,2,1199.0,1355.0,1277.0
n2_HC,n2,HC,F0.15.0.la27_09,3,1186.0,1352.0,1269.0
n2_HC,n2,HC,F0.15.0.la27_09,4,1186.0,1352.0,1269.0
n2_HC,n2,HC,F0.15.0.la27_09,5,1186.0,1352.0,1269.0
n2_HC,n2,HC,F0.15.0.la27_09,6,1194.0,1354.0,1274.0
n2_HC,n2,HC,F0.15.0.la27_09,7,1175.0,1335.0,1255.0
n2_HC,n2,HC,F0.15.0.la27_09,8,1186.0,1352.0,1269.0
n2_HC,n2,HC,F0.15.0.la27_09,9,1184.0,1333.0,1258.5
n2_HC,n2,HC,F0.15.0.la27_09,10,1186.0,1352.0,1269.0
n2_HC,n2,HC,F0.15.0.la27_09,11,1186.0,1352.0,1269.0
n2_HC,n2,HC,F0.15.0.la27_09,12,1186.0,1352.0,1269.0
n2_HC,n2,HC,F0.15.0.la27_09,13,1187.0,1351.0,1269.0
n2_HC,n2,HC,F0.15.0.la27_09,14,1192.0,1352.0,1272.0
n2_HC,n2,HC,F0.15.0.la27_09,15,1196.0,1352.0,1274.0
n2_HC,n2,HC,F0.15.0.la27_09,16,1194.0,1354.0,1274.0
n2_HC,n2,HC,F0.15.0.la27_09,17,1194.0,1352.0,1273.0
n2_HC,n2,HC,F0.15.0.la27_09,18,1186.0,1352.0,1269.0
n2_HC,n2,HC,F0.15.0.la27_09,19,1187.0,1352.0,1269.5
n2_HC,n2,HC,F0.15.0.la27_09,20,1194.0,1354.0,1274.0
n2_HC,n2,HC,F0.15.0.la27_09,21,1186.0,1352.0,1269.0
n2_HC,n2,HC,F0.15.0.la27_09,22,1186.0,1352.0,1269.0
n2_HC,n2,HC,F0.15.0.la27_09,23,1194.0,1354.0,1274.0
n2_HC,n2,HC,F0.15.0.la27_09,24,1209.0,1379.0,1294.0
n2_HC,n2,HC,F0.15.0.la27_09,25,1172.0,1341.0,1256.5
n2_HC,n2,HC,F0.15.0.la27_09,26,1185.0,1335.0,1260.0
n2_HC,n2,HC,F0.15.0.la27_09,27,1183.0,1345.0,1264.0
n2_HC,n2,HC,F0.15.0.la27_09,28,1186.0,1352.0,1269.0
n2_HC,n2,HC,F0.15.0.la27_09,29,1186.0,1352.0,1269.0
n2_HC,n2,HC,F0.15.0.la27_09,30,1189.0,1352.0,1270.5
n2_HC,n2,HC,F0.15.0.la29_03,1,1118.0,1280.0,1199.0
n2_HC,n2,HC,F0.15.0.la29_03,2,1113.0,1264.0,1188.5
n2_HC,n2,HC,F0.15.0.la29_03,3,1125.0,1291.0,1208.0
n2_HC,n2,HC,F0.15.0.la29_03,4,1131.0,1276.0,1203.5
n2_HC,n2,HC,F0.15.0.la29_03,5,1120.0,1269.0,1194.5
n2_HC,n2,HC,F0.15.0.la29_03,6,1115.0,1261.0,1188.0
n2_HC,n2,HC,F0.15.0.la29_03,7,1110.0,1279.0,1194.5
n2_HC,n2,HC,F0.15.0.la29_03,8,1140.0,1268.0,1204.0
n2_HC,n2,HC,F0.15.0.la29_03,9,1107.0,1255.0,1181.0
n2_HC,n2,HC,F0.15.0.la29_03,10,1120.0,1280.0,1200.0
n2_HC,n2,HC,F0.15.0.la29_03,11,1112.0,1267.0,1189.5
n2_HC,n2,HC,F0.15.0.la29_03,12,1126.0,1279.0,1202.5
n2_HC,n2,HC,F0.15.0.la29_03,13,1113.0,1280.0,1196.5
n2_HC,n2,HC,F0.15.0.la29_03,14,1152.0,1285.0,1218.5
n2_HC,n2,HC,F0.15.0.la29_03,15,1115.0,1277.0,1196.0
n2_HC,n2,HC,F0.15.0.la29_03,16,1124.0,1275.0,1199.5
n2_HC,n2,HC,F0.15.0.la29_03,17,1123.0,1278.0,1200.5
n2_HC,n2,HC,F0.15.0.la29_03,18,1132.0,1278.0,1205.0
n2_HC,n2,HC,F0.15.0.la29_03,19,1129.0,1270.0,1199.5
n2_HC,n2,HC,F0.15.0.la29_03,20,1129.0,1287.0,1208.0
n2_HC,n2,HC,F0.15.0.la29_03,21,1140.0,1292.0,1216.0
n2_HC,n2,HC,F0.15.0.la29_03,22,1140.0,1300.0,1220.0
n2_HC,n2,HC,F0.15.0.la29_03,23,1112.0,1268.0,1190.0
n2_HC,n2,HC,F0.15.0.la29_03,24,1126.0,1272.0,1199.0
n2_HC,n2,HC,F0.15.0.la29_03,25,1118.0,1267.0,1192.5
n2_HC,n2,HC,F0.15.0.la29_03,26,1126.0,1273.0,1199.5
n2_HC,n2,HC,F0.15.0.la29_03,27,1132.0,1261.0,1196.5
n2_HC,n2,HC,F0.15.0.la29_03,28,1106.0,1250.0,1178.0
n2_HC,n2,HC,F0.15.0.la29_03,29,1104.0,1255.0,1179.5
n2_HC,n2,HC,F0.15.0.la29_03,30,1129.0,1250.0,1189.5
n2_HC,n2,HC,F0.15.0.la38_06,1,1172.0,1338.0,1255.0
n2_HC,n2,HC,F0.15.0.la38_06,2,1151.0,1306.0,1228.5
n2_HC,n2,HC,F0.15.0.la38_06,3,1165.0,1333.0,1249.0
n2_HC,n2,HC,F0.15.0.la38_06,4,1157.0,1314.0,1235.5
n2_HC,n2,HC,F0.15.0.la38_06,5,1169.0,1334.0,1251.5
n2_HC,n2,HC,F0.15.0.la38_06,6,1181.0,1314.0,1247.5
n2_HC,n2,HC,F0.15.0.la38_06,7,1192.0,1337.0,1264.5
n2_HC,n2,HC,F0.15.0.la38_06,8,1151.0,1306.0,1228.5
n2_HC,n2,HC,F0.15.0.la38_06,9,1179.0,1330.0,1254.5
n2_HC,n2,HC,F0.15.0.la38_06,10,1182.0,1310.0,1246.0
n2_HC,n2,HC,F0.15.0.la38_06,11,1153.0,1337.0,1245.0
n2_HC,n2,HC,F0.15.0.la38_06,12,1172.0,1338.0,1255.0
n2_HC,n2,HC,F0.15.0.la38_06,13,1182.0,1344.0,1263.0
n2_HC,n2,HC,F0.15.0.la38_06,14,1184.0,1346.0,1265.0
n2_HC,n2,HC,F0.15.0.la38_06,15,1167.0,1339.0,1253.0
n2_HC,n2,HC,F0.15.0.la38_06,16,1169.0,1330.0,1249.5
n2_HC,n2,HC,F0.15.0.la38_06,17,1162.0,1320.0,1241.0
n2_HC,n2,HC,F0.15.0.la38_06,18,1169.0,1292.0,1230.5
n2_HC,n2,HC,F0.15.0.la38_06,19,1179.0,1330.0,1254.5
n2_HC,n2,HC,F0.15.0.la38_06,20,1151.0,1306.0,1228.5
n2_HC,n2,HC,F0.15.0.la38_06,21,1144.0,1324.0,1234.0
n2_HC,n2,HC,F0.15.0.la38_06,22,1157.0,1314.0,1235.5
n2_HC,n2,HC,F0.15.0.la38_06,23,1176.0,1339.0,1257.5
n2_HC,n2,HC,F0.15.0.la38_06,24,1153.0,1337.0,1245.0
n2_HC,n2,HC,F0.15.0.la38_06,25,1187.0,1344.0,1265.5
n2_HC,n2,HC,F0.15.0.la38_06,26,1184.0,1337.0,1260.5
n2_HC,n2,HC,F0.15.0.la38_06,27,1176.0,1333.0,1254.5
n2_HC,n2,HC,F0.15.0.la38_06,28,1152.0,1303.0,1227.5
n2_HC,n2,HC,F0.15.0.la38_06,29,1168.0,1335.0,1251.5
n2_HC,n2,HC,F0.15.0.la38_06,30,1151.0,1306.0,1228.5
n2_HC,n2,HC,F0.15.0.la40_05,1,1151.0,1337.0,1244.0
n2_HC,n2,HC,F0.15.0.la40_05,2,1156.0,1337.0,1246.5
n2_HC,n2,HC,F0.15.0.la40_05,3,1164.0,1340.0,1252.0
n2_HC,n2,HC,F0.15.0.la40_05,4,1144.0,1324.0,1234.0
n2_HC,n2,HC,F0.15.0.la40_05,5,1167.0,1348.0,1257.5
n2_HC,n2,HC,F0.15.0.la40_05,6,1144.0,1327.0,1235.5
n2_HC,n2,HC,F0.15.0.la40_05,7,1144.0,1323.0,1233.5
n2_HC,n2,HC,F0.15.0.la40_05,8,1169.0,1357.0,1263.0
n2_HC,n2,HC,F0.15.0.la40_05,9,1172.0,1344.0,1258.0
n2_HC,n2,HC,F0.15.0.la40_05,10,1163.0,1334.0,1248.5
n2_HC,n2,HC,F0.15.0.la40_05,11,1153.0,1344.0,1248.5
n2_HC,n2,HC,F0.15.0.la40_05,12,1154.0,1328.0,1241.0
n2_HC,n2,HC,F0.15.0.la40_05,13,1167.0,1328.0,1247.5
n2_HC,n2,HC,F0.15.0.la40_05,14,1156.0,1340.0,1248.0
n2_HC,n2,HC,F0.15.0.la40_05,15,1163.0,1347.0,1255.0
n2_HC,n2,HC,F0.15.0.la40_05,16,1153.0,1344.0,1248.5
n2_HC,n2,HC,F0.15.0.la40_05,17,1176.0,1362.0,1269.0
n2_HC,n2,HC,F0.15.0.la40_05,18,1172.0,1341.0,1256.5
n2_HC,n2,HC,F0.15.0.la40_05,19,1145.0,1337.0,1241.0
n2_HC,n2,HC,F0.15.0.la40_05,20,1144.0,1323.0,1233.5
n2_HC,n2,HC,F0.15.0.la40_05,21,1144.0,1323.0,1233.5
n2_HC,n2,HC,F0.15.0.la40_05,22,1156.0,1337.0,1246.5
n2_HC,n2,HC,F0.15.0.la40_05,23,1144.0,1323.0,1233.5
n2_HC,n2,HC,F0.15.0.la40_05,24,1153.0,1344.0,1248.5
n2_HC,n2,HC,F0.15.0.la40_05,25,1148.0,1344.0,1246.0
n2_HC,n2,HC,F0.15.0.la40_05,26,1174.0,1336.0,1255.0
n2_HC,n2,HC,F0.15.0.la40_05,27,1148.0,1344.0,1246.0
n2_HC,n2,HC,F0.15.0.la40_05,28,1156.0,1337.0,1246.5
n2_HC,n2,HC,F0.15.0.la40_05,29,1154.0,1344.0,1249.0
n2_HC,n2,HC,F0.15.0.la40_05,30,1193.0,1331.0,1262.0
n2_HC,n2,HC,tai15_15_01.F.15_01,1,1190.0,1360.0,1275.0
n2_HC,n2,HC,tai15_15_01.F.15_01,2,1189.0,1359.0,1274.0
n2_HC,n2,HC,tai15_15_01.F.15_01,3,1162.0,1352.0,1257.0
n2_HC,n2,HC,tai15_15_01.F.15_01,4,1175.0,1332.0,1253.5
n2_HC,n2,HC,tai15_15_01.F.15_01,5,1180.0,1354.0,1267.0
n2_HC,n2,HC,tai15_15_01.F.15_01,6,1165.0,1364.0,1264.5
n2_HC,n2,HC,tai15_15_01.F.15_01,7,1200.0,1388.0,1294.0
n2_HC,n2,HC,tai15_15_01.F.15_01,8,1195.0,1367.0,1281.0
n2_HC,n2,HC,tai15_15_01.F.15_01,9,1175.0,1332.0,1253.5
n2_HC,n2,HC,tai15_15_01.F.15_01,10,1171.0,1357.0,1264.0
n2_HC,n2,HC,tai15_15_01.F.15_01,11,1187.0,1358.0,1272.5
n2_HC,n2,HC,tai15_15_01.F.15_01,12,1164.0,1360.0,1262.0
n2_HC,n2,HC,tai15_15_01.F.15_01,13,1182.0,1360.0,1271.0
n2_HC,n2,HC,tai15_15_01.F.15_01,14,1181.0,1370.0,1275.5
n2_HC,n2,HC,tai15_15_01.F.15_01,15,1172.0,1366.0,1269.0
n2_HC,n2,HC,tai15_15_01.F.15_01,16,1179.0,1339.0,1259.0
n2_HC,n2,HC,tai15_15_01.F.15_01,17,1179.0,1339.0,1259.0
n2_HC,n2,HC,tai15_15_01.F.15_01,18,1167.0,1350.0,1258.5
n2_HC,n2,HC,tai15_15_01.F.15_01,19,1187.0,1360.0,1273.5
n2_HC,n2,HC,tai15_15_01.F.15_01,20,1178.0,1357.0,1267.5
n2_HC,n2,HC,tai15_15_01.F.15_01,21,1185.0,1367.0,1276.0
n2_HC,n2,HC,tai15_15_01.F.15_01,22,1189.0,1357.0,1273.0
n2_HC,n2,HC,tai15_15_01.F.15_01,23,1192.0,1375.0,1283.5
n2_HC,n2,HC,tai15_15_01.F.15_01,24,1191.0,1351.0,1271.0
n2_HC,n2,HC,tai15_15_01.F.15_01,25,1188.0,1364.0,1276.0
n2_HC,n2,HC,tai15_15_01.F.15_01,26,1200.0,1371.0,1285.5
n2_HC,n2,HC,tai15_15_01.F.15_01,27,1197.0,1376.0,1286.5
n2_HC,n2,HC,tai15_15_01.F.15_01,28,1170.0,1362.0,1266.0
n2_HC,n2,HC,tai15_15_01.F.15_01,29,1196.0,1371.0,1283.5
n2_HC,n2,HC,tai15_15_01.F.15_01,30,1182.0,1357.0,1269.5
n2_HC,n2,HC,tai15_15_02.F.15_01,1,1178.0,1361.0,1269.5
n2_HC,n2,HC,tai15_15_02.F.15_01,2,1177.0,1379.0,1278.0
n2_HC,n2,HC,tai15_15_02.F.15_01,3,1191.0,1366.0,1278.5
n2_HC,n2,HC,tai15_15_02.F.15_01,4,1194.0,1361.0,1277.5
n2_HC,n2,HC,tai15_15_02.F.15_01,5,1177.0,1379.0,1278.0
n2_HC,n2,HC,tai15_15_02.F.15_01,6,1179.0,1379.0,1279.0
n2_HC,n2,HC,tai15_15_02.F.15_01,7,1194.0,1366.0,1280.0
n2_HC,n2,HC,tai15_15_02.F.15_01,8,1178.0,1364.0,1271.0
n2_HC,n2,HC,tai15_15_02.F.15_01,9,1185.0,1378.0,1281.5
n2_HC,n2,HC,tai15_15_02.F.15_01,10,1180.0,1361.0,1270.5
n2_HC,n2,HC,tai15_15_02.F.15_01,11,1194.0,1356.0,1275.0
n2_HC,n2,HC,tai15_15_02.F.15_01,12,1178.0,1366.0,1272.0
n2_HC,n2,HC,tai15_15_02.F.15_01,13,1168.0,1354.0,1261.0
n2_HC,n2,HC,tai15_15_02.F.15_01,14,1192.0,1369.0,1280.5
n2_HC,n2,HC,tai15_15_02.F.15_01,15,1174.0,1362.0,1268.0
n2_HC,n2,HC,tai15_15_02.F.15_01,16,1193.0,1360.0,1276.5
n2_HC,n2,HC,tai15_15_02.F.15_01,17,1199.0,1384.0,1291.5
n2_HC,n2,HC,tai15_15_02.F.15_01,18,1177.0,1379.0,1278.0
n2_HC,n2,HC,tai15_15_02.F.15_01,19,1212.0,1362.0,1287.0
n2_HC,n2,HC,tai15_15_02.F.15_01,20,1189.0,1361.0,1275.0
n2_HC,n2,HC,tai15_15_02.F.15_01,21,1181.0,1367.0,1274.0
n2_HC,n2,HC,tai15_15_02.F.15_01,22,1187.0,1376.0,1281.5
n2_HC,n2,HC,tai15_15_02.F.15_01,23,1213.0,1373.0,1293.0
n2_HC,n2,HC,tai15_15_02.F.15_01,24,1184.0,1363.0,1273.5
n2_HC,n2,HC,tai15_15_02.F.15_01,25,1170.0,1346.0,1258.0
n2_HC,n2,HC,tai15_15_02.F.15_01,26,1193.0,1362.0,1277.5
n2_HC,n2,HC,tai15_15_02.F.15_01,27,1189.0,1353.0,1271.0
n2_HC,n2,HC,tai15_15_02.F.15_01,28,1196.0,1382.0,1289.0
n2_HC,n2,HC,tai15_15_02.F.15_01,29,1177.0,1379.0,1278.0
n2_HC,n2,HC,tai15_15_02.F.15_01,30,1199.0,1366.0,1282.5
n2_HC,n2,HC,tai15_15_03.F.15_01,1,1175.0,1322.0,1248.5
n2_HC,n2,HC,tai15_15_03.F.15_01,2,1186.0,1328.0,1257.0
n2_HC,n2,HC,tai15_15_03.F.15_01,3,1163.0,1347.0,1255.0
n2_HC,n2,HC,tai15_15_03.F.15_01,4,1157.0,1342.0,1249.5
n2_HC,n2,HC,tai15_15_03.F.15_01,5,1150.0,1334.0,1242.0
n2_HC,n2,HC,tai15_15_03.F.15_01,6,1214.0,1375.0,1294.5
n2_HC,n2,HC,tai15_15_03.F.15_01,7,1171.0,1358.0,1264.5
n2_HC,n2,HC,tai15_15_03.F.15_01,8,1172.0,1336.0,1254.0
n2_HC,n2,HC,tai15_15_03.F.15_01,9,1155.0,1320.0,1237.5
n2_HC,n2,HC,tai15_15_03.F.15_01,10,1169.0,1345.0,1257.0
n2_HC,n2,HC,tai15_15_03.F.15_01,11,1183.0,1314.0,1248.5
n2_HC,n2,HC,tai15_15_03.F.15_01,12,1158.0,1342.0,1250.0
n2_HC,n2,HC,tai15_15_03.F.15_01,13,1164.0,1358.0,1261.0
n2_HC,n2,HC,tai15_15_03.F.15_01,14,1173.0,1318.0,1245.5
n2_HC,n2,HC,tai15_15_03.F.15_01,15,1153.0,1348.0,1250.5
n2_HC,n2,HC,tai15_15_03.F.15_01,16,1176.0,1346.0,1261.0
n2_HC,n2,HC,tai15_15_03.F.15_01,17,1169.0,1348.0,1258.5
n2_HC,n2,HC,tai15_15_03.F.15_01,18,1199.0,1350.0,1274.5
n2_HC,n2,HC,tai15_15_03.F.15_01,19,1164.0,1358.0,1261.0
n2_HC,n2,HC,tai15_15_03.F.15_01,20,1174.0,1315.0,1244.5
n2_HC,n2,HC,tai15_15_03.F.15_01,21,1169.0,1331.0,1250.0
n2_HC,n2,HC,tai15_15_03.F.15_01,22,1202.0,1359.0,1280.5
n2_HC,n2,HC,tai15_15_03.F.15_01,23,1184.0,1366.0,1275.0
n2_HC,n2,HC,tai15_15_03.F.15_01,24,1184.0,1351.0,1267.5
n2_HC,n2,HC,tai15_15_03.F.15_01,25,1178.0,1360.0,1269.0
n2_HC,n2,HC,tai15_15_03.F.15_01,26,1162.0,1309.0,1235.5
n2_HC,n2,HC,tai15_15_03.F.15_01,27,1177.0,1336.0,1256.5
n2_HC,n2,HC,tai15_15_03.F.15_01,28,1158.0,1342.0,1250.0
n2_HC,n2,HC,tai15_15_03.F.15_01,29,1184.0,1349.0,1266.5
n2_HC,n2,HC,tai15_15_03.F.15_01,30,1157.0,1342.0,1249.5
n2_HC,n2,HC,tai15_15_04.F.15_01,1,1099.0,1273.0,1186.0
n2_HC,n2,HC,tai15_15_04.F.15_01,2,1147.0,1298.0,1222.5
n2_HC,n2,HC,tai15_15_04.F.15_01,3,1115.0,1281.0,1198.0
n2_HC,n2,HC,tai15_15_04.F.15_01,4,1119.0,1294.0,1206.5
n2_HC,n2,HC,tai15_15_04.F.15_01,5,1117.0,1298.0,1207.5
n2_HC,n2,HC,tai15_15_04.F.15_01,6,1115.0,1281.0,1198.0
n2_HC,n2,HC,tai15_15_04.F.15_01,7,1128.0,1281.0,1204.5
n2_HC,n2,HC,tai15_15_04.F.15_01,8,1122.0,1298.0,1210.0
n2_HC,n2,HC,tai15_15_04.F.15_01,9,1157.0,1325.0,1241.0
n2_HC,n2,HC,tai15_15_04.F.15_01,10,1108.0,1287.0,1197.5
n2_HC,n2,HC,tai15_15_04.F.15_01,11,1117.0,1298.0,1207.5
n2_HC,n2,HC,tai15_15_04.F.15_01,12,1114.0,1286.0,1200.0
n2_HC,n2,HC,tai15_15_04.F.15_01,13,1132.0,1310.0,1221.0
n2_HC,n2,HC,tai15_15_04.F.15_01,14,1115.0,1281.0,1198.0
n2_HC,n2,HC,tai15_15_04.F.15_01,15,1128.0,1281.0,1204.5
n2_HC,n2,HC,tai15_15_04.F.15_01,16,1123.0,1299.0,1211.0
n2_HC,n2,HC,tai15_15_04.F.15_01,17,1128.0,1281.0,1204.5
n2_HC,n2,HC,tai15_15_04.F.15_01,18,1147.0,1298.0,1222.5
n2_HC,n2,HC,tai15_15_04.F.15_01,19,1133.0,1307.0,1220.0
n2_HC,n2,HC,tai15_15_04.F.15_01,20,1140.0,1313.0,1226.5
n2_HC,n2,HC,tai15_15_04.F.15_01,21,1108.0,1292.0,1200.0
n2_HC,n2,HC,tai15_15_04.F.15_01,22,1107.0,1293.0,1200.0
n2_HC,n2,HC,tai15_15_04.F.15_01,23,1116.0,1294.0,1205.0
n2_HC,n2,HC,tai15_15_04.F.15_01,24,1117.0,1301.0,1209.0
n2_HC,n2,HC,tai15_15_04.F.15_01,25,1156.0,1300.0,1228.0
n2_HC,n2,HC,tai15_15_04.F.15_01,26,1103.0,1274.0,1188.5
n2_HC,n2,HC,tai15_15_04.F.15_01,27,1120.0,1298.0,1209.0
n2_HC,n2,HC,tai15_15_04.F.15_01,28,1123.0,1299.0,1211.0
n2_HC,n2,HC,tai15_15_04.F.15_01,29,1128.0,1309.0,1218.5
n2_HC,n2,HC,tai15_15_04.F.15_01,30,1120.0,1298.0,1209.0
n2_HC,n2,HC,tai15_15_05.F.15_01,1,1183.0,1327.0,1255.0
n2_HC,n2,HC,tai15_15_05.F.15_01,2,1186.0,1359.0,1272.5
n2_HC,n2,HC,tai15_15_05.F.15_01,3,1178.0,1340.0,1259.0
n2_HC,n2,HC,tai15_15_05.F.15_01,4,1199.0,1335.0,1267.0
n2_HC,n2,HC,tai15_15_05.F.15_01,5,1201.0,1342.0,1271.5
n2_HC,n2,HC,tai15_15_05.F.15_01,6,1192.0,1340.0,1266.0
n2_HC,n2,HC,tai15_15_05.F.15_01,7,1187.0,1345.0,1266.0
n2_HC,n2,HC,tai15_15_05.F.15_01,8,1173.0,1332.0,1252.5
n2_HC,n2,HC,tai15_15_05.F.15_01,9,1171.0,1324.0,1247.5
n2_HC,n2,HC,tai15_15_05.F.15_01,10,1177.0,1325.0,1251.0
n2_HC,n2,HC,tai15_15_05.F.15_01,11,1178.0,1328.0,1253.0
n2_HC,n2,HC,tai15_15_05.F.15_01,12,1201.0,1339.0,1270.0
n2_HC,n2,HC,tai15_15_05.F.15_01,13,1181.0,1340.0,1260.5
n2_HC,n2,HC,tai15_15_05.F.15_01,14,1204.0,1331.0,1267.5
n2_HC,n2,HC,tai15_15_05.F.15_01,15,1192.0,1340.0,1266.0
n2_HC,n2,HC,tai15_15_05.F.15_01,16,1196.0,1354.0,1275.0
n2_HC,n2,HC,tai15_15_05.F.15_01,17,1170.0,1334.0,1252.0
n2_HC,n2,HC,tai15_15_05.F.15_01,18,1184.0,1330.0,1257.0
n2_HC,n2,HC,tai15_15_05.F.15_01,19,1194.0,1324.0,1259.0
n2_HC,n2,HC,tai15_15_05.F.15_01,20,1201.0,1342.0,1271.5
n2_HC,n2,HC,tai15_15_05.F.15_01,21,1193.0,1332.0,1262.5
n2_HC,n2,HC,tai15_15_05.F.15_01,22,1183.0,1332.0,1257.5
n2_HC,n2,HC,tai15_15_05.F.15_01,23,1178.0,1332.0,1255.0
n2_HC,n2,HC,tai15_15_05.F.15_01,24,1177.0,1343.0,1260.0
n2_HC,n2,HC,tai15_15_05.F.15_01,25,1196.0,1340.0,1268.0
n2_HC,n2,HC,tai15_15_05.F.15_01,26,1184.0,1334.0,1259.0
n2_HC,n2,HC,tai15_15_05.F.15_01,27,1199.0,1348.0,1273.5
n2_HC,n2,HC,tai15_15_05.F.15_01,28,1180.0,1332.0,1256.0
n2_HC,n2,HC,tai15_15_05.F.15_01,29,1188.0,1360.0,1274.0
n2_HC,n2,HC,tai15_15_05.F.15_01,30,1181.0,1324.0,1252.5
n2_HC,n2,HC,tai15_15_06.F.15_01,1,1194.0,1364.0,1279.0
n2_HC,n2,HC,tai15_15_06.F.15_01,2,1184.0,1338.0,1261.0
n2_HC,n2,HC,tai15_15_06.F.15_01,3,1210.0,1380.0,1295.0
n2_HC,n2,HC,tai15_15_06.F.15_01,4,1178.0,1359.0,1268.5
n2_HC,n2,HC,tai15_15_06.F.15_01,5,1178.0,1359.0,1268.5
n2_HC,n2,HC,tai15_15_06.F.15_01,6,1180.0,1343.0,1261.5
n2_HC,n2,HC,tai15_15_06.F.15_01,7,1178.0,1359.0,1268.5
n2_HC,n2,HC,tai15_15_06.F.15_01,8,1215.0,1373.0,1294.0
n2_HC,n2,HC,tai15_15_06.F.15_01,9,1221.0,1355.0,1288.0
n2_HC,n2,HC,tai15_15_06.F.15_01,10,1182.0,1338.0,1260.0
n2_HC,n2,HC,tai15_15_06.F.15_01,11,1194.0,1351.0,1272.5
n2_HC,n2,HC,tai15_15_06.F.15_01,12,1194.0,1353.0,1273.5
n2_HC,n2,HC,tai15_15_06.F.15_01,13,1194.0,1364.0,1279.0
n2_HC,n2,HC,tai15_15_06.F.15_01,14,1184.0,1359.0,1271.5
n2_HC,n2,HC,tai15_15_06.F.15_01,15,1201.0,1347.0,1274.0
n2_HC,n2,HC,tai15_15_06.F.15_01,16,1193.0,1376.0,1284.5
n2_HC,n2,HC,tai15_15_06.F.15_01,17,1189.0,1352.0,1270.5
n2_HC,n2,HC,tai15_15_06.F.15_01,18,1191.0,1350.0,1270.5
n2_HC,n2,HC,tai15_15_06.F.15_01,19,1199.0,1369.0,1284.0
n2_HC,n2,HC,tai15_15_06.F.15_01,20,1181.0,1348.0,1264.5
n2_HC,n2,HC,tai15_15_06.F.15_01,21,1235.0,1365.0,1300.0
n2_HC,n2,HC,tai15_15_06.F.15_01,22,1181.0,1333.0,1257.0
n2_HC,n2,HC,tai15_15_06.F.15_01,23,1178.0,1362.0,1270.0
n2_HC,n2,HC,tai15_15_06.F.15_01,24,1172.0,1355.0,1263.5
n2_HC,n2,HC,tai15_15_06.F.15_01,25,1187.0,1364.0,1275.5
n2_HC,n2,HC,tai15_15_06.F.15_01,26,1215.0,1375.0,1295.0
n2_HC,n2,HC,tai15_15_06.F.15_01,27,1192.0,1358.0,1275.0
n2_HC,n2,HC,tai15_15_06.F.15_01,28,1193.0,1361.0,1277.0
n2_HC,n2,HC,tai15_15_06.F.15_01,29,1174.0,1351.0,1262.5
n2_HC,n2,HC,tai15_15_06.F.15_01,30,1181.0,1348.0,1264.5
n2_HC,n2,HC,tai15_15_07.F.15_01,1,1190.0,1352.0,1271.0
n2_HC,n2,HC,tai15_15_07.F.15_01,2,1195.0,1351.0,1273.0
n2_HC,n2,HC,tai15_15_07.F.15_01,3,1167.0,1346.0,1256.5
n2_HC,n2,HC,tai15_15_07.F.15_01,4,1173.0,1345.0,1259.0
n2_HC,n2,HC,tai15_15_07.F.15_01,5,1186.0,1340.0,1263.0
n2_HC,n2,HC,tai15_15_07.F.15_01,6,1167.0,1349.0,1258.0
n2_HC,n2,HC,tai15_15_07.F.15_01,7,1170.0,1330.0,1250.0
n2_HC,n2,HC,tai15_15_07.F.15_01,8,1158.0,1349.0,1253.5
n2_HC,n2,HC,tai15_15_07.F.15_01,9,1186.0,1336.0,1261.0
n2_HC,n2,HC,tai15_15_07.F.15_01,10,1183.0,1337.0,1260.0
n2_HC,n2,HC,tai15_15_07.F.15_01,11,1167.0,1349.0,1258.0
n2_HC,n2,HC,tai15_15_07.F.15_01,12,1186.0,1340.0,1263.0
n2_HC,n2,HC,tai15_15_07.F.15_01,13,1164.0,1346.0,1255.0
n2_HC,n2,HC,tai15_15_07.F.15_01,14,1167.0,1339.0,1253.0
n2_HC,n2,HC,tai15_15_07.F.15_01,15,1195.0,1352.0,1273.5
n2_HC,n2,HC,tai15_15_07.F.15_01,16,1157.0,1337.0,1247.0
n2_HC,n2,HC,tai15_15_07.F.15_01,17,1178.0,1359.0,1268.5
n2_HC,n2,HC,tai15_15_07.F.15_01,18,1183.0,1352.0,1267.5
n2_HC,n2,HC,tai15_15_07.F.15_01,19,1202.0,1348.0,1275.0
n2_HC,n2,HC,tai15_15_07.F.15_01,20,1142.0,1339.0,1240.5
n2_HC,n2,HC,tai15_15_07.F.15_01,21,1186.0,1340.0,1263.0
n2_HC,n2,HC,tai15_15_07.F.15_01,22,1167.0,1343.0,1255.0
n2_HC,n2,HC,tai15_15_07.F.15_01,23,1164.0,1346.0,1255.0
n2_HC,n2,HC,tai15_15_07.F.15_01,24,1186.0,1340.0,1263.0
n2_HC,n2,HC,tai15_15_07.F.15_01,25,1195.0,1351.0,1273.0
n2_HC,n2,HC,tai15_15_07.F.15_01,26,1147.0,1322.0,1234.5
n2_HC,n2,HC,tai15_15_07.F.15_01,27,1178.0,1356.0,1267.0
n2_HC,n2,HC,tai15_15_07.F.15_01,28,1177.0,1349.0,1263.0
n2_HC,n2,HC,tai15_15_07.F.15_01,29,1195.0,1351.0,1273.0
n2_HC,n2,HC,tai15_15_07.F.15_01,30,1178.0,1342.0,1260.0
n2_HC,n2,HC,tai15_15_08.F.15_01,1,1168.0,1313.0,1240.5
n2_HC,n2,HC,tai15_15_08.F.15_01,2,1186.0,1347.0,1266.5
n2_HC,n2,HC,tai15_15_08.F.15_01,3,1203.0,1328.0,1265.5
n2_HC,n2,HC,tai15_15_08.F.15_01,4,1212.0,1354.0,1283.0
n2_HC,n2,HC,tai15_15_08.F.15_01,5,1182.0,1312.0,1247.0
n2_HC,n2,HC,tai15_15_08.F.15_01,6,1179.0,1342.0,1260.5
n2_HC,n2,HC,tai15_15_08.F.15_01,7,1197.0,1337.0,1267.0
n2_HC,n2,HC,tai15_15_08.F.15_01,8,1160.0,1322.0,1241.0
n2_HC,n2,HC,tai15_15_08.F.15_01,9,1201.0,1330.0,1265.5
n2_HC,n2,HC,tai15_15_08.F.15_01,10,1160.0,1322.0,1241.0
n2_HC,n2,HC,tai15_15_08.F.15_01,11,1209.0,1346.0,1277.5
n2_HC,n2,HC,tai15_15_08.F.15_01,12,1155.0,1318.0,1236.5
n2_HC,n2,HC,tai15_15_08.F.15_01,13,1182.0,1312.0,1247.0
n2_HC,n2,HC,tai15_15_08.F.15_01,14,1181.0,1343.0,1262.0
n2_HC,n2,HC,tai15_15_08.F.15_01,15,1192.0,1329.0,1260.5
n2_HC,n2,HC,tai15_15_08.F.15_01,16,1190.0,1329.0,1259.5
n2_HC,n2,HC,tai15_15_08.F.15_01,17,1190.0,1332.0,1261.0
n2_HC,n2,HC,tai15_15_08.F.15_01,18,1159.0,1313.0,1236.0
n2_HC,n2,HC,tai15_15_08.F.15_01,19,1183.0,1338.0,1260.5
n2_HC,n2,HC,tai15_15_08.F.15_01,20,1197.0,1335.0,1266.0
n2_HC,n2,HC,tai15_15_08.F.15_01,21,1225.0,1339.0,1282.0
n2_HC,n2,HC,tai15_15_08.F.15_01,22,1167.0,1316.0,1241.5
n2_HC,n2,HC,tai15_15_08.F.15_01,23,1182.0,1312.0,1247.0
n2_HC,n2,HC,tai15_15_08.F.15_01,24,1164.0,1324.0,1244.0
n2_HC,n2,HC,tai15_15_08.F.15_01,25,1187.0,1332.0,1259.5
n2_HC,n2,HC,tai15_15_08.F.15_01,26,1193.0,1343.0,1268.0
n2_HC,n2,HC,tai15_15_08.F.15_01,27,1185.0,1342.0,1263.5
n2_HC,n2,HC,tai15_15_08.F.15_01,28,1200.0,1350.0,1275.0
n2_HC,n2,HC,tai15_15_08.F.15_01,29,1179.0,1328.0,1253.5
n2_HC,n2,HC,tai15_15_08.F.15_01,30,1188.0,1359.0,1273.5
n2_HC,n2,HC,tai15_15_09.F.15_01,1,1236.0,1420.0,1328.0
n2_HC,n2,HC,tai15_15_09.F.15_01,2,1235.0,1437.0,1336.0
n2_HC,n2,HC,tai15_15_09.F.15_01,3,1218.0,1397.0,1307.5
n2_HC,n2,HC,tai15_15_09.F.15_01,4,1218.0,1397.0,1307.5
n2_HC,n2,HC,tai15_15_09.F.15_01,5,1212.0,1413.0,1312.5
n2_HC,n2,HC,tai15_15_09.F.15_01,6,1218.0,1397.0,1307.5
n2_HC,n2,HC,tai15_15_09.F.15_01,7,1224.0,1435.0,1329.5
n2_HC,n2,HC,tai15_15_09.F.15_01,8,1218.0,1414.0,1316.0
n2_HC,n2,HC,tai15_15_09.F.15_01,9,1205.0,1412.0,1308.5
n2_HC,n2,HC,tai15_15_09.F.15_01,10,1218.0,1397.0,1307.5
n2_HC,n2,HC,tai15_15_09.F.15_01,11,1218.0,1397.0,1307.5
n2_HC,n2,HC,tai15_15_09.F.15_01,12,1238.0,1430.0,1334.0
n2_HC,n2,HC,tai15_15_09.F.15_01,13,1212.0,1413.0,1312.5
n2_HC,n2,HC,tai15_15_09.F.15_01,14,1234.0,1435.0,1334.5
n2_HC,n2,HC,tai15_15_09.F.15_01,15,1218.0,1397.0,1307.5
n2_HC,n2,HC,tai15_15_09.F.15_01,16,1212.0,1413.0,1312.5
n2_HC,n2,HC,tai15_15_09.F.15_01,17,1218.0,1397.0,1307.5
n2_HC,n2,HC,tai15_15_09.F.15_01,18,1200.0,1412.0,1306.0
n2_HC,n2,HC,tai15_15_09.F.15_01,19,1231.0,1414.0,1322.5
n2_HC,n2,HC,tai15_15_09.F.15_01,20,1236.0,1450.0,1343.0
n2_HC,n2,HC,tai15_15_09.F.15_01,21,1229.0,1422.0,1325.5
n2_HC,n2,HC,tai15_15_09.F.15_01,22,1218.0,1397.0,1307.5
n2_HC,n2,HC,tai15_15_09.F.15_01,23,1237.0,1420.0,1328.5
n2_HC,n2,HC,tai15_15_09.F.15_01,24,1238.0,1442.0,1340.0
n2_HC,n2,HC,tai15_15_09.F.15_01,25,1244.0,1423.0,1333.5
n2_HC,n2,HC,tai15_15_09.F.15_01,26,1260.0,1449.0,1354.5
n2_HC,n2,HC,tai15_15_09.F.15_01,27,1218.0,1414.0,1316.0
n2_HC,n2,HC,tai15_15_09.F.15_01,28,1249.0,1423.0,1336.0
n2_HC,n2,HC,tai15_15_09.F.15_01,29,1218.0,1397.0,1307.5
n2_HC,n2,HC,tai15_15_09.F.15_01,30,1203.0,1412.0,1307.5
n2_HC,n2,HC,tai15_15_10.F.15_01,1,1217.0,1385.0,1301.0
n2_HC,n2,HC,tai15_15_10.F.15_01,2,1216.0,1376.0,1296.0
n2_HC,n2,HC,tai15_15_10.F.15_01,3,1228.0,1377.0,1302.5
n2_HC,n2,HC,tai15_15_10.F.15_01,4,1197.0,1361.0,1279.0
n2_HC,n2,HC,tai15_15_10.F.15_01,5,1230.0,1384.0,1307.0
n2_HC,n2,HC,tai15_15_10.F.15_01,6,1171.0,1331.0,1251.0
n2_HC,n2,HC,tai15_15_10.F.15_01,7,1204.0,1376.0,1290.0
n2_HC,n2,HC,tai15_15_10.F.15_01,8,1213.0,1365.0,1289.0
n2_HC,n2,HC,tai15_15_10.F.15_01,9,1233.0,1399.0,1316.0
n2_HC,n2,HC,tai15_15_10.F.15_01,10,1215.0,1377.0,1296.0
n2_HC,n2,HC,tai15_15_10.F.15_01,11,1230.0,1382.0,1306.0
n2_HC,n2,HC,tai15_15_10.F.15_01,12,1220.0,1395.0,1307.5
n2_HC,n2,HC,tai15_15_10.F.15_01,13,1186.0,1366.0,1276.0
n2_HC,n2,HC,tai15_15_10.F.15_01,14,1197.0,1361.0,1279.0
n2_HC,n2,HC,tai15_15_10.F.15_01,15,1163.0,1337.0,1250.0
n2_HC,n2,HC,tai15_15_10.F.15_01,16,1245.0,1394.0,1319.5
n2_HC,n2,HC,tai15_15_10.F.15_01,17,1221.0,1391.0,1306.0
n2_HC,n2,HC,tai15_15_10.F.15_01,18,1190.0,1350.0,1270.0
n2_HC,n2,HC,tai15_15_10.F.15_01,19,1218.0,1386.0,1302.0
n2_HC,n2,HC,tai15_15_10.F.15_01,20,1186.0,1343.0,1264.5
n2_HC,n2,HC,tai15_15_10.F.15_01,21,1218.0,1386.0,1302.0
n2_HC,n2,HC,tai15_15_10.F.15_01,22,1213.0,1378.0,1295.5
n2_HC,n2,HC,tai15_15_10.F.15_01,23,1220.0,1387.0,1303.5
n2_HC,n2,HC,tai15_15_10.F.15_01,24,1209.0,1382.0,1295.5
n2_HC,n2,HC,tai15_15_10.F.15_01,25,1206.0,1362.0,1284.0
n2_HC,n2,HC,tai15_15_10.F.15_01,26,1218.0,1386.0,1302.0
n2_HC,n2,HC,tai15_15_10.F.15_01,27,1202.0,1363.0,1282.5
n2_HC,n2,HC,tai15_15_10.F.15_01,28,1207.0,1379.0,1293.0
n2_HC,n2,HC,tai15_15_10.F.15_01,29,1190.0,1350.0,1270.0
n2_HC,n2,HC,tai15_15_10.F.15_01,30,1207.0,1379.0,1293.0
n2_HC,n2,HC,tai20_15_01.F.15_01,1,1363.0,1572.0,1467.5
n2_HC,n2,HC,tai20_15_01.F.15_01,2,1356.0,1592.0,1474.0
n2_HC,n2,HC,tai20_15_01.F.15_01,3,1328.0,1551.0,1439.5
n2_HC,n2,HC,tai20_15_01.F.15_01,4,1318.0,1528.0,1423.0
n2_HC,n2,HC,tai20_15_01.F.15_01,5,1349.0,1548.0,1448.5
n2_HC,n2,HC,tai20_15_01.F.15_01,6,1332.0,1525.0,1428.5
n2_HC,n2,HC,tai20_15_01.F.15_01,7,1341.0,1542.0,1441.5
n2_HC,n2,HC,tai20_15_01.F.15_01,8,1349.0,1537.0,1443.0
n2_HC,n2,HC,tai20_15_01.F.15_01,9,1340.0,1549.0,1444.5
n2_HC,n2,HC,tai20_15_01.F.15_01,10,1321.0,1545.0,1433.0
n2_HC,n2,HC,tai20_15_01.F.15_01,11,1344.0,1549.0,1446.5
n2_HC,n2,HC,tai20_15_01.F.15_01,12,1352.0,1550.0,1451.0
n2_HC,n2,HC,tai20_15_01.F.15_01,13,1328.0,1546.0,1437.0
n2_HC,n2,HC,tai20_15_01.F.15_01,14,1365.0,1559.0,1462.0
n2_HC,n2,HC,tai20_15_01.F.15_01,15,1357.0,1567.0,1462.0
n2_HC,n2,HC,tai20_15_01.F.15_01,16,1326.0,1530.0,1428.0
n2_HC,n2,HC,tai20_15_01.F.15_01,17,1313.0,1515.0,1414.0
n2_HC,n2,HC,tai20_15_01.F.15_01,18,1330.0,1535.0,1432.5
n2_HC,n2,HC,tai20_15_01.F.15_01,19,1338.0,1554.0,1446.0
n2_HC,n2,HC,tai20_15_01.F.15_01,20,1324.0,1530.0,1427.0
n2_HC,n2,HC,tai20_15_01.F.15_01,21,1355.0,1555.0,1455.0
n2_HC,n2,HC,tai20_15_01.F.15_01,22,1317.0,1511.0,1414.0
n2_HC,n2,HC,tai20_15_01.F.15_01,23,1319.0,1535.0,1427.0
n2_HC,n2,HC,tai20_15_01.F.15_01,24,1348.0,1555.0,1451.5
n2_HC,n2,HC,tai20_15_01.F.15_01,25,1338.0,1543.0,1440.5
n2_HC,n2,HC,tai20_15_01.F.15_01,26,1360.0,1557.0,1458.5
n2_HC,n2,HC,tai20_15_01.F.15_01,27,1312.0,1519.0,1415.5
n2_HC,n2,HC,tai20_15_01.F.15_01,28,1316.0,1543.0,1429.5
n2_HC,n2,HC,tai20_15_01.F.15_01,29,1344.0,1535.0,1439.5
n2_HC,n2,HC,tai20_15_01.F.15_01,30,1325.0,1534.0,1429.5
n2_HC,n2,HC,tai20_15_02.F.15_01,1,1321.0,1509.0,1415.0
n2_HC,n2,HC,tai20_15_02.F.15_01,2,1292.0,1492.0,1392.0
n2_HC,n2,HC,tai20_15_02.F.15_01,3,1306.0,1512.0,1409.0
n2_HC,n2,HC,tai20_15_02.F.15_01,4,1333.0,1516.0,1424.5
n2_HC,n2,HC,tai20_15_02.F.15_01,5,1332.0,1531.0,1431.5
n2_HC,n2,HC,tai20_15_02.F.15_01,6,1340.0,1525.0,1432.5
n2_HC,n2,HC,tai20_15_02.F.15_01,7,1315.0,1512.0,1413.5
n2_HC,n2,HC,tai20_15_02.F.15_01,8,1318.0,1502.0,1410.0
n2_HC,n2,HC,tai20_15_02.F.15_01,9,1307.0,1516.0,1411.5
n2_HC,n2,HC,tai20_15_02.F.15_01,10,1322.0,1522.0,1422.0
n2_HC,n2,HC,tai20_15_02.F.15_01,11,1320.0,1538.0,1429.0
n2_HC,n2,HC,tai20_15_02.F.15_01,12,1329.0,1539.0,1434.0
n2_HC,n2,HC,tai20_15_02.F.15_01,13,1319.0,1531.0,1425.0
n2_HC,n2,HC,tai20_15_02.F.15_01,14,1326.0,1503.0,1414.5
n2_HC,n2,HC,tai20_15_02.F.15_01,15,1317.0,1501.0,1409.0
n2_HC,n2,HC,tai20_15_02.F.15_01,16,1322.0,1496.0,1409.0
n2_HC,n2,HC,tai20_15_02.F.15_01,17,1317.0,1514.0,1415.5
n2_HC,n2,HC,tai20_15_02.F.15_01,18,1330.0,1495.0,1412.5
n2_HC,n2,HC,tai20_15_02.F.15_01,19,1310.0,1504.0,1407.0
n2_HC,n2,HC,tai20_15_02.F.15_01,20,1317.0,1495.0,1406.0
n2_HC,n2,HC,tai20_15_02.F.15_01,21,1323.0,1552.0,1437.5
n2_HC,n2,HC,tai20_15_02.F.15_01,22,1312.0,1537.0,1424.5
n2_HC,n2,HC,tai20_15_02.F.15_01,23,1305.0,1518.0,1411.5
n2_HC,n2,HC,tai20_15_02.F.15_01,24,1336.0,1498.0,1417.0
n2_HC,n2,HC,tai20_15_02.F.15_01,25,1329.0,1521.0,1425.0
n2_HC,n2,HC,tai20_15_02.F.15_01,26,1332.0,1531.0,1431.5
n2_HC,n2,HC,tai20_15_02.F.15_01,27,1334.0,1530.0,1432.0
n2_HC,n2,HC,tai20_15_02.F.15_01,28,1297.0,1495.0,1396.0
n2_HC,n2,HC,tai20_15_02.F.15_01,29,1311.0,1527.0,1419.0
n2_HC,n2,HC,tai20_15_02.F.15_01,30,1332.0,1513.0,1422.5
n2_HC,n2,HC,tai20_15_03.F.15_01,1,1349.0,1508.0,1428.5
n2_HC,n2,HC,tai20_15_03.F.15_01,2,1315.0,1509.0,1412.0
n2_HC,n2,HC,tai20_15_03.F.15_01,3,1322.0,1520.0,1421.0
n2_HC,n2,HC,tai20_15_03.F.15_01,4,1339.0,1543.0,1441.0
n2_HC,n2,HC,tai20_15_03.F.15_01,5,1312.0,1519.0,1415.5
n2_HC,n2,HC,tai20_15_03.F.15_01,6,1329.0,1506.0,1417.5
n2_HC,n2,HC,tai20_15_03.F.15_01,7,1291.0,1487.0,1389.0
n2_HC,n2,HC,tai20_15_03.F.15_01,8,1321.0,1533.0,1427.0
n2_HC,n2,HC,tai20_15_03.F.15_01,9,1299.0,1511.0,1405.0
n2_HC,n2,HC,tai20_15_03.F.15_01,10,1320.0,1512.0,1416.0
n2_HC,n2,HC,tai20_15_03.F.15_01,11,1303.0,1511.0,1407.0
n2_HC,n2,HC,tai20_15_03.F.15_01,12,1302.0,1514.0,1408.0
n2_HC,n2,HC,tai20_15_03.F.15_01,13,1310.0,1523.0,1416.5
n2_HC,n2,HC,tai20_15_03.F.15_01,14,1309.0,1510.0,1409.5
n2_HC,n2,HC,tai20_15_03.F.15_01,15,1311.0,1513.0,1412.0
n2_HC,n2,HC,tai20_15_03.F.15_01,16,1300.0,1498.0,1399.0
n2_HC,n2,HC,tai20_15_03.F.15_01,17,1296.0,1508.0,1402.0
n2_HC,n2,HC,tai20_15_03.F.15_01,18,1322.0,1529.0,1425.5
n2_HC,n2,HC,tai20_15_03.F.15_01,19,1312.0,1545.0,1428.5
n2_HC,n2,HC,tai20_15_03.F.15_01,20,1291.0,1531.0,1411.0
n2_HC,n2,HC,tai20_15_03.F.15_01,21,1332.0,1501.0,1416.5
n2_HC,n2,HC,tai20_15_03.F.15_01,22,1298.0,1526.0,1412.0
n2_HC,n2,HC,tai20_15_03.F.15_01,23,1295.0,1499.0,1397.0
n2_HC,n2,HC,tai20_15_03.F.15_01,24,1321.0,1516.0,1418.5
n2_HC,n2,HC,tai20_15_03.F.15_01,25,1355.0,1569.0,1462.0
n2_HC,n2,HC,tai20_15_03.F.15_01,26,1333.0,1513.0,1423.0
n2_HC,n2,HC,tai20_15_03.F.15_01,27,1316.0,1531.0,1423.5
n2_HC,n2,HC,tai20_15_03.F.15_01,28,1305.0,1506.0,1405.5
n2_HC,n2,HC,tai20_15_03.F.15_01,29,1295.0,1516.0,1405.5
n2_HC,n2,HC,tai20_15_03.F.15_01,30,1310.0,1528.0,1419.0
n2_HC,n2,HC,tai20_15_04.F.15_01,1,1277.0,1461.0,1369.0
n2_HC,n2,HC,tai20_15_04.F.15_01,2,1285.0,1469.0,1377.0
n2_HC,n2,HC,tai20_15_04.F.15_01,3,1277.0,1504.0,1390.5
n2_HC,n2,HC,tai20_15_04.F.15_01,4,1297.0,1457.0,1377.0
n2_HC,n2,HC,tai20_15_04.F.15_01,5,1274.0,1466.0,1370.0
n2_HC,n2,HC,tai20_15_04.F.15_01,6,1272.0,1462.0,1367.0
n2_HC,n2,HC,tai20_15_04.F.15_01,7,1271.0,1476.0,1373.5
n2_HC,n2,HC,tai20_15_04.F.15_01,8,1321.0,1496.0,1408.5
n2_HC,n2,HC,tai20_15_04.F.15_01,9,1288.0,1486.0,1387.0
n2_HC,n2,HC,tai20_15_04.F.15_01,10,1272.0,1466.0,1369.0
n2_HC,n2,HC,tai20_15_04.F.15_01,11,1290.0,1486.0,1388.0
n2_HC,n2,HC,tai20_15_04.F.15_01,12,1284.0,1471.0,1377.5
n2_HC,n2,HC,tai20_15_04.F.15_01,13,1297.0,1502.0,1399.5
n2_HC,n2,HC,tai20_15_04.F.15_01,14,1277.0,1458.0,1367.5
n2_HC,n2,HC,tai20_15_04.F.15_01,15,1279.0,1484.0,1381.5
n2_HC,n2,HC,tai20_15_04.F.15_01,16,1274.0,1466.0,1370.0
n2_HC,n2,HC,tai20_15_04.F.15_01,17,1309.0,1477.0,1393.0
n2_HC,n2,HC,tai20_15_04.F.15_01,18,1283.0,1492.0,1387.5
n2_HC,n2,HC,tai20_15_04.F.15_01,19,1284.0,1462.0,1373.0
n2_HC,n2,HC,tai20_15_04.F.15_01,20,1280.0,1471.0,1375.5
n2_HC,n2,HC,tai20_15_04.F.15_01,21,1274.0,1462.0,1368.0
n2_HC,n2,HC,tai20_15_04.F.15_01,22,1311.0,1480.0,1395.5
n2_HC,n2,HC,tai20_15_04.F.15_01,23,1297.0,1466.0,1381.5
n2_HC,n2,HC,tai20_15_04.F.15_01,24,1277.0,1461.0,1369.0
n2_HC,n2,HC,tai20_15_04.F.15_01,25,1286.0,1481.0,1383.5
n2_HC,n2,HC,tai20_15_04.F.15_01,26,1273.0,1444.0,1358.5
n2_HC,n2,HC,tai20_15_04.F.15_01,27,1304.0,1498.0,1401.0
n2_HC,n2,HC,tai20_15_04.F.15_01,28,1282.0,1450.0,1366.0
n2_HC,n2,HC,tai20_15_04.F.15_01,29,1275.0,1451.0,1363.0
n2_HC,n2,HC,tai20_15_04.F.15_01,30,1329.0,1499.0,1414.0
n2_HC,n2,HC,tai20_15_05.F.15_01,1,1311.0,1508.0,1409.5
n2_HC,n2,HC,tai20_15_05.F.15_01,2,1325.0,1517.0,1421.0
n2_HC,n2,HC,tai20_15_05.F.15_01,3,1311.0,1508.0,1409.5
n2_HC,n2,HC,tai20_15_05.F.15_01,4,1308.0,1508.0,1408.0
n2_HC,n2,HC,tai20_15_05.F.15_01,5,1306.0,1519.0,1412.5
n2_HC,n2,HC,tai20_15_05.F.15_01,6,1280.0,1506.0,1393.0
n2_HC,n2,HC,tai20_15_05.F.15_01,7,1341.0,1502.0,1421.5
n2_HC,n2,HC,tai20_15_05.F.15_01,8,1301.0,1501.0,1401.0
n2_HC,n2,HC,tai20_15_05.F.15_01,9,1299.0,1508.0,1403.5
n2_HC,n2,HC,tai20_15_05.F.15_01,10,1293.0,1517.0,1405.0
n2_HC,n2,HC,tai20_15_05.F.15_01,11,1315.0,1493.0,1404.0
n2_HC,n2,HC,tai20_15_05.F.15_01,12,1313.0,1500.0,1406.5
n2_HC,n2,HC,tai20_15_05.F.15_01,13,1327.0,1503.0,1415.0
n2_HC,n2,HC,tai20_15_05.F.15_01,14,1316.0,1506.0,1411.0
n2_HC,n2,HC,tai20_15_05.F.15_01,15,1317.0,1496.0,1406.5
n2_HC,n2,HC,tai20_15_05.F.15_01,16,1332.0,1515.0,1423.5
n2_HC,n2,HC,tai20_15_05.F.15_01,17,1272.0,1506.0,1389.0
n2_HC,n2,HC,tai20_15_05.F.15_01,18,1310.0,1500.0,1405.0
n2_HC,n2,HC,tai20_15_05.F.15_01,19,1290.0,1508.0,1399.0
n2_HC,n2,HC,tai20_15_05.F.15_01,20,1318.0,1517.0,1417.5
n2_HC,n2,HC,tai20_15_05.F.15_01,21,1332.0,1492.0,1412.0
n2_HC,n2,HC,tai20_15_05.F.15_01,22,1326.0,1511.0,1418.5
n2_HC,n2,HC,tai20_15_05.F.15_01,23,1339.0,1556.0,1447.5
n2_HC,n2,HC,tai20_15_05.F.15_01,24,1280.0,1506.0,1393.0
n2_HC,n2,HC,tai20_15_05.F.15_01,25,1335.0,1486.0,1410.5
n2_HC,n2,HC,tai20_15_05.F.15_01,26,1279.0,1506.0,1392.5
n2_HC,n2,HC,tai20_15_05.F.15_01,27,1279.0,1506.0,1392.5
n2_HC,n2,HC,tai20_15_05.F.15_01,28,1304.0,1504.0,1404.0
n2_HC,n2,HC,tai20_15_05.F.15_01,29,1341.0,1517.0,1429.0
n2_HC,n2,HC,tai20_15_05.F.15_01,30,1308.0,1506.0,1407.0
n2_HC,n2,HC,tai20_15_06.F.15_01,1,1313.0,1531.0,1422.0
n2_HC,n2,HC,tai20_15_06.F.15_01,2,1324.0,1562.0,1443.0
n2_HC,n2,HC,tai20_15_06.F.15_01,3,1345.0,1565.0,1455.0
n2_HC,n2,HC,tai20_15_06.F.15_01,4,1316.0,1540.0,1428.0
n2_HC,n2,HC,tai20_15_06.F.15_01,5,1309.0,1549.0,1429.0
n2_HC,n2,HC,tai20_15_06.F.15_01,6,1305.0,1568.0,1436.5
n2_HC,n2,HC,tai20_15_06.F.15_01,7,1309.0,1507.0,1408.0
n2_HC,n2,HC,tai20_15_06.F.15_01,8,1355.0,1553.0,1454.0
n2_HC,n2,HC,tai20_15_06.F.15_01,9,1314.0,1541.0,1427.5
n2_HC,n2,HC,tai20_15_06.F.15_01,10,1309.0,1510.0,1409.5
n2_HC,n2,HC,tai20_15_06.F.15_01,11,1315.0,1549.0,1432.0
n2_HC,n2,HC,tai20_15_06.F.15_01,12,1304.0,1543.0,1423.5
n2_HC,n2,HC,tai20_15_06.F.15_01,13,1340.0,1552.0,1446.0
n2_HC,n2,HC,tai20_15_06.F.15_01,14,1325.0,1567.0,1446.0
n2_HC,n2,HC,tai20_15_06.F.15_01,15,1327.0,1522.0,1424.5
n2_HC,n2,HC,tai20_15_06.F.15_01,16,1297.0,1568.0,1432.5
n2_HC,n2,HC,tai20_15_06.F.15_01,17,1339.0,1554.0,1446.5
n2_HC,n2,HC,tai20_15_06.F.15_01,18,1319.0,1547.0,1433.0
n2_HC,n2,HC,tai20_15_06.F.15_01,19,1336.0,1540.0,1438.0
n2_HC,n2,HC,tai20_15_06.F.15_01,20,1318.0,1536.0,1427.0
n2_HC,n2,HC,tai20_15_06.F.15_01,21,1321.0,1549.0,1435.0
n2_HC,n2,HC,tai20_15_06.F.15_01,22,1332.0,1568.0,1450.0
n2_HC,n2,HC,tai20_15_06.F.15_01,23,1295.0,1533.0,1414.0
n2_HC,n2,HC,tai20_15_06.F.15_01,24,1353.0,1553.0,1453.0
n2_HC,n2,HC,tai20_15_06.F.15_01,25,1326.0,1549.0,1437.5
n2_HC,n2,HC,tai20_15_06.F.15_01,26,1340.0,1565.0,1452.5
n2_HC,n2,HC,tai20_15_06.F.15_01,27,1301.0,1521.0,1411.0
n2_HC,n2,HC,tai20_15_06.F.15_01,28,1330.0,1536.0,1433.0
n2_HC,n2,HC,tai20_15_06.F.15_01,29,1289.0,1510.0,1399.5
n2_HC,n2,HC,tai20_15_06.F.15_01,30,1314.0,1541.0,1427.5
n2_HC,n2,HC,tai20_15_07.F.15_01,1,1419.0,1651.0,1535.0
n2_HC,n2,HC,tai20_15_07.F.15_01,2,1412.0,1653.0,1532.5
n2_HC,n2,HC,tai20_15_07.F.15_01,3,1402.0,1652.0,1527.0
n2_HC,n2,HC,tai20_15_07.F.15_01,4,1402.0,1646.0,1524.0
n2_HC,n2,HC,tai20_15_07.F.15_01,5,1406.0,1634.0,1520.0
n2_HC,n2,HC,tai20_15_07.F.15_01,6,1402.0,1646.0,1524.0
n2_HC,n2,HC,tai20_15_07.F.15_01,7,1402.0,1646.0,1524.0
n2_HC,n2,HC,tai20_15_07.F.15_01,8,1435.0,1675.0,1555.0
n2_HC,n2,HC,tai20_15_07.F.15_01,9,1404.0,1646.0,1525.0
n2_HC,n2,HC,tai20_15_07.F.15_01,10,1393.0,1625.0,1509.0
n2_HC,n2,HC,tai20_15_07.F.15_01,11,1404.0,1646.0,1525.0
n2_HC,n2,HC,tai20_15_07.F.15_01,12,1413.0,1631.0,1522.0
n2_HC,n2,HC,tai20_15_07.F.15_01,13,1402.0,1646.0,1524.0
n2_HC,n2,HC,tai20_15_07.F.15_01,14,1402.0,1634.0,1518.0
n2_HC,n2,HC,tai20_15_07.F.15_01,15,1430.0,1666.0,1548.0
n2_HC,n2,HC,tai20_15_07.F.15_01,16,1414.0,1631.0,1522.5
n2_HC,n2,HC,tai20_15_07.F.15_01,17,1451.0,1687.0,1569.0
n2_HC,n2,HC,tai20_15_07.F.15_01,18,1428.0,1676.0,1552.0
n2_HC,n2,HC,tai20_15_07.F.15_01,19,1402.0,1634.0,1518.0
n2_HC,n2,HC,tai20_15_07.F.15_01,20,1414.0,1638.0,1526.0
n2_HC,n2,HC,tai20_15_07.F.15_01,21,1431.0,1674.0,1552.5
n2_HC,n2,HC,tai20_15_07.F.15_01,22,1419.0,1654.0,1536.5
n2_HC,n2,HC,tai20_15_07.F.15_01,23,1419.0,1654.0,1536.5
n2_HC,n2,HC,tai20_15_07.F.15_01,24,1433.0,1663.0,1548.0
n2_HC,n2,HC,tai20_15_07.F.15_01,25,1430.0,1672.0,1551.0
n2_HC,n2,HC,tai20_15_07.F.15_01,26,1419.0,1651.0,1535.0
n2_HC,n2,HC,tai20_15_07.F.15_01,27,1438.0,1651.0,1544.5
n2_HC,n2,HC,tai20_15_07.F.15_01,28,1424.0,1648.0,1536.0
n2_HC,n2,HC,tai20_15_07.F.15_01,29,1428.0,1681.0,1554.5
n2_HC,n2,HC,tai20_15_07.F.15_01,30,1402.0,1646.0,1524.0
n2_HC,n2,HC,tai20_15_08.F.15_01,1,1386.0,1587.0,1486.5
n2_HC,n2,HC,tai20_15_08.F.15_01,2,1375.0,1587.0,1481.0
n2_HC,n2,HC,tai20_15_08.F.15_01,3,1379.0,1601.0,1490.0
n2_HC,n2,HC,tai20_15_08.F.15_01,4,1379.0,1601.0,1490.0
n2_HC,n2,HC,tai20_15_08.F.15_01,5,1383.0,1604.0,1493.5
n2_HC,n2,HC,tai20_15_08.F.15_01,6,1387.0,1603.0,1495.0
n2_HC,n2,HC,tai20_15_08.F.15_01,7,1398.0,1591.0,1494.5
n2_HC,n2,HC,tai20_15_08.F.15_01,8,1374.0,1597.0,1485.5
n2_HC,n2,HC,tai20_15_08.F.15_01,9,1379.0,1589.0,1484.0
n2_HC,n2,HC,tai20_15_08.F.15_01,10,1355.0,1560.0,1457.5
n2_HC,n2,HC,tai20_15_08.F.15_01,11,1390.0,1585.0,1487.5
n2_HC,n2,HC,tai20_15_08.F.15_01,12,1364.0,1585.0,1474.5
n2_HC,n2,HC,tai20_15_08.F.15_01,13,1352.0,1557.0,1454.5
n2_HC,n2,HC,tai20_15_08.F.15_01,14,1413.0,1600.0,1506.5
n2_HC,n2,HC,tai20_15_08.F.15_01,15,1378.0,1599.0,1488.5
n2_HC,n2,HC,tai20_15_08.F.15_01,16,1379.0,1593.0,1486.0
n2_HC,n2,HC,tai20_15_08.F.15_01,17,1373.0,1596.0,1484.5
n2_HC,n2,HC,tai20_15_08.F.15_01,18,1394.0,1598.0,1496.0
n2_HC,n2,HC,tai20_15_08.F.15_01,19,1384.0,1600.0,1492.0
n2_HC,n2,HC,tai20_15_08.F.15_01,20,1364.0,1576.0,1470.0
n2_HC,n2,HC,tai20_15_08.F.15_01,21,1358.0,1561.0,1459.5
n2_HC,n2,HC,tai20_15_08.F.15_01,22,1383.0,1590.0,1486.5
n2_HC,n2,HC,tai20_15_08.F.15_01,23,1379.0,1590.0,1484.5
n2_HC,n2,HC,tai20_15_08.F.15_01,24,1394.0,1592.0,1493.0
n2_HC,n2,HC,tai20_15_08.F.15_01,25,1396.0,1610.0,1503.0
n2_HC,n2,HC,tai20_15_08.F.15_01,26,1348.0,1562.0,1455.0
n2_HC,n2,HC,tai20_15_08.F.15_01,27,1354.0,1575.0,1464.5
n2_HC,n2,HC,tai20_15_08.F.15_01,28,1394.0,1592.0,1493.0
n2_HC,n2,HC,tai20_15_08.F.15_01,29,1416.0,1627.0,1521.5
n2_HC,n2,HC,tai20_15_08.F.15_01,30,1377.0,1584.0,1480.5
n2_HC,n2,HC,tai20_15_09.F.15_01,1,1313.0,1529.0,1421.0
n2_HC,n2,HC,tai20_15_09.F.15_01,2,1369.0,1561.0,1465.0
n2_HC,n2,HC,tai20_15_09.F.15_01,3,1343.0,1541.0,1442.0
n2_HC,n2,HC,tai20_15_09.F.15_01,4,1323.0,1517.0,1420.0
n2_HC,n2,HC,tai20_15_09.F.15_01,5,1330.0,1549.0,1439.5
n2_HC,n2,HC,tai20_15_09.F.15_01,6,1313.0,1516.0,1414.5
n2_HC,n2,HC,tai20_15_09.F.15_01,7,1323.0,1514.0,1418.5
n2_HC,n2,HC,tai20_15_09.F.15_01,8,1308.0,1528.0,1418.0
n2_HC,n2,HC,tai20_15_09.F.15_01,9,1288.0,1511.0,1399.5
n2_HC,n2,HC,tai20_15_09.F.15_01,10,1310.0,1489.0,1399.5
n2_HC,n2,HC,tai20_15_09.F.15_01,11,1293.0,1515.0,1404.0
n2_HC,n2,HC,tai20_15_09.F.15_01,12,1307.0,1515.0,1411.0
n2_HC,n2,HC,tai20_15_09.F.15_01,13,1309.0,1553.0,1431.0
n2_HC,n2,HC,tai20_15_09.F.15_01,14,1307.0,1519.0,1413.0
n2_HC,n2,HC,tai20_15_09.F.15_01,15,1326.0,1508.0,1417.0
n2_HC,n2,HC,tai20_15_09.F.15_01,16,1335.0,1520.0,1427.5
n2_HC,n2,HC,tai20_15_09.F.15_01,17,1295.0,1513.0,1404.0
n2_HC,n2,HC,tai20_15_09.F.15_01,18,1320.0,1528.0,1424.0
n2_HC,n2,HC,tai20_15_09.F.15_01,19,1315.0,1514.0,1414.5
n2_HC,n2,HC,tai20_15_09.F.15_01,20,1313.0,1535.0,1424.0
n2_HC,n2,HC,tai20_15_09.F.15_01,21,1317.0,1534.0,1425.5
n2_HC,n2,HC,tai20_15_09.F.15_01,22,1303.0,1515.0,1409.0
n2_HC,n2,HC,tai20_15_09.F.15_01,23,1317.0,1505.0,1411.0
n2_HC,n2,HC,tai20_15_09.F.15_01,24,1304.0,1517.0,1410.5
n2_HC,n2,HC,tai20_15_09.F.15_01,25,1327.0,1519.0,1423.0
n2_HC,n2,HC,tai20_15_09.F.15_01,26,1332.0,1537.0,1434.5
n2_HC,n2,HC,tai20_15_09.F.15_01,27,1283.0,1507.0,1395.0
n2_HC,n2,HC,tai20_15_09.F.15_01,28,1295.0,1472.0,1383.5
n2_HC,n2,HC,tai20_15_09.F.15_01,29,1320.0,1510.0,1415.0
n2_HC,n2,HC,tai20_15_09.F.15_01,30,1322.0,1542.0,1432.0
n2_HC,n2,HC,tai20_15_10.F.15_01,1,1339.0,1549.0,1444.0
n2_HC,n2,HC,tai20_15_10.F.15_01,2,1334.0,1515.0,1424.5
n2_HC,n2,HC,tai20_15_10.F.15_01,3,1320.0,1514.0,1417.0
n2_HC,n2,HC,tai20_15_10.F.15_01,4,1336.0,1536.0,1436.0
n2_HC,n2,HC,tai20_15_10.F.15_01,5,1297.0,1483.0,1390.0
n2_HC,n2,HC,tai20_15_10.F.15_01,6,1340.0,1559.0,1449.5
n2_HC,n2,HC,tai20_15_10.F.15_01,7,1312.0,1519.0,1415.5
n2_HC,n2,HC,tai20_15_10.F.15_01,8,1346.0,1508.0,1427.0
n2_HC,n2,HC,tai20_15_10.F.15_01,9,1286.0,1492.0,1389.0
n2_HC,n2,HC,tai20_15_10.F.15_01,10,1303.0,1524.0,1413.5
n2_HC,n2,HC,tai20_15_10.F.15_01,11,1314.0,1514.0,1414.0
n2_HC,n2,HC,tai20_15_10.F.15_01,12,1320.0,1526.0,1423.0
n2_HC,n2,HC,tai20_15_10.F.15_01,13,1316.0,1490.0,1403.0
n2_HC,n2,HC,tai20_15_10.F.15_01,14,1283.0,1499.0,1391.0
n2_HC,n2,HC,tai20_15_10.F.15_01,15,1308.0,1509.0,1408.5
n2_HC,n2,HC,tai20_15_10.F.15_01,16,1334.0,1520.0,1427.0
n2_HC,n2,HC,tai20_15_10.F.15_01,17,1333.0,1532.0,1432.5
n2_HC,n2,HC,tai20_15_10.F.15_01,18,1306.0,1519.0,1412.5
n2_HC,n2,HC,tai20_15_10.F.15_01,19,1325.0,1521.0,1423.0
n2_HC,n2,HC,tai20_15_10.F.15_01,20,1281.0,1484.0,1382.5
n2_HC,n2,HC,tai20_15_10.F.15_01,21,1355.0,1525.0,1440.0
n2_HC,n2,HC,tai20_15_10.F.15_01,22,1286.0,1508.0,1397.0
n2_HC,n2,HC,tai20_15_10.F.15_01,23,1344.0,1546.0,1445.0
n2_HC,n2,HC,tai20_15_10.F.15_01,24,1334.0,1503.0,1418.5
n2_HC,n2,HC,tai20_15_10.F.15_01,25,1344.0,1532.0,1438.0
n2_HC,n2,HC,tai20_15_10.F.15_01,26,1312.0,1503.0,1407.5
n2_HC,n2,HC,tai20_15_10.F.15_01,27,1307.0,1539.0,1423.0
n2_HC,n2,HC,tai20_15_10.F.15_01,28,1314.0,1526.0,1420.0
n2_HC,n2,HC,tai20_15_10.F.15_01,29,1300.0,1522.0,1411.0
n2_HC,n2,HC,tai20_15_10.F.15_01,30,1282.0,1490.0,1386.0
n2_HC,n2,HC,tai20_20_01.F.15_01,1,1634.0,1852.0,1743.0
n2_HC,n2,HC,tai20_20_01.F.15_01,2,1603.0,1827.0,1715.0
n2_HC,n2,HC,tai20_20_01.F.15_01,3,1640.0,1852.0,1746.0
n2_HC,n2,HC,tai20_20_01.F.15_01,4,1610.0,1824.0,1717.0
n2_HC,n2,HC,tai20_20_01.F.15_01,5,1599.0,1821.0,1710.0
n2_HC,n2,HC,tai20_20_01.F.15_01,6,1615.0,1826.0,1720.5
n2_HC,n2,HC,tai20_20_01.F.15_01,7,1630.0,1821.0,1725.5
n2_HC,n2,HC,tai20_20_01.F.15_01,8,1601.0,1852.0,1726.5
n2_HC,n2,HC,tai20_20_01.F.15_01,9,1606.0,1833.0,1719.5
n2_HC,n2,HC,tai20_20_01.F.15_01,10,1608.0,1849.0,1728.5
n2_HC,n2,HC,tai20_20_01.F.15_01,11,1641.0,1857.0,1749.0
n2_HC,n2,HC,tai20_20_01.F.15_01,12,1647.0,1870.0,1758.5
n2_HC,n2,HC,tai20_20_01.F.15_01,13,1612.0,1829.0,1720.5
n2_HC,n2,HC,tai20_20_01.F.15_01,14,1624.0,1836.0,1730.0
n2_HC,n2,HC,tai20_20_01.F.15_01,15,1649.0,1858.0,1753.5
n2_HC,n2,HC,tai20_20_01.F.15_01,16,1618.0,1840.0,1729.0
n2_HC,n2,HC,tai20_20_01.F.15_01,17,1624.0,1832.0,1728.0
n2_HC,n2,HC,tai20_20_01.F.15_01,18,1611.0,1825.0,1718.0
n2_HC,n2,HC,tai20_20_01.F.15_01,19,1598.0,1850.0,1724.0
n2_HC,n2,HC,tai20_20_01.F.15_01,20,1628.0,1870.0,1749.0
n2_HC,n2,HC,tai20_20_01.F.15_01,21,1617.0,1851.0,1734.0
n2_HC,n2,HC,tai20_20_01.F.15_01,22,1606.0,1836.0,1721.0
n2_HC,n2,HC,tai20_20_01.F.15_01,23,1584.0,1821.0,1702.5
n2_HC,n2,HC,tai20_20_01.F.15_01,24,1625.0,1824.0,1724.5
n2_HC,n2,HC,tai20_20_01.F.15_01,25,1603.0,1821.0,1712.0
n2_HC,n2,HC,tai20_20_01.F.15_01,26,1596.0,1831.0,1713.5
n2_HC,n2,HC,tai20_20_01.F.15_01,27,1649.0,1825.0,1737.0
n2_HC,n2,HC,tai20_20_01.F.15_01,28,1588.0,1829.0,1708.5
n2_HC,n2,HC,tai20_20_01.F.15_01,29,1616.0,1848.0,1732.0
n2_HC,n2,HC,tai20_20_01.F.15_01,30,1607.0,1859.0,1733.0
n2_HC,n2,HC,tai20_20_02.F.15_01,1,1533.0,1779.0,1656.0
n2_HC,n2,HC,tai20_20_02.F.15_01,2,1598.0,1800.0,1699.0
n2_HC,n2,HC,tai20_20_02.F.15_01,3,1573.0,1796.0,1684.5
n2_HC,n2,HC,tai20_20_02.F.15_01,4,1570.0,1786.0,1678.0
n2_HC,n2,HC,tai20_20_02.F.15_01,5,1567.0,1786.0,1676.5
n2_HC,n2,HC,tai20_20_02.F.15_01,6,1560.0,1777.0,1668.5
n2_HC,n2,HC,tai20_20_02.F.15_01,7,1562.0,1801.0,1681.5
n2_HC,n2,HC,tai20_20_02.F.15_01,8,1578.0,1769.0,1673.5
n2_HC,n2,HC,tai20_20_02.F.15_01,9,1556.0,1784.0,1670.0
n2_HC,n2,HC,tai20_20_02.F.15_01,10,1553.0,1786.0,1669.5
n2_HC,n2,HC,tai20_20_02.F.15_01,11,1562.0,1775.0,1668.5
n2_HC,n2,HC,tai20_20_02.F.15_01,12,1545.0,1777.0,1661.0
n2_HC,n2,HC,tai20_20_02.F.15_01,13,1554.0,1779.0,1666.5
n2_HC,n2,HC,tai20_20_02.F.15_01,14,1576.0,1783.0,1679.5
n2_HC,n2,HC,tai20_20_02.F.15_01,15,1555.0,1787.0,1671.0
n2_HC,n2,HC,tai20_20_02.F.15_01,16,1562.0,1795.0,1678.5
n2_HC,n2,HC,tai20_20_02.F.15_01,17,1617.0,1796.0,1706.5
n2_HC,n2,HC,tai20_20_02.F.15_01,18,1542.0,1800.0,1671.0
n2_HC,n2,HC,tai20_20_02.F.15_01,19,1549.0,1782.0,1665.5
n2_HC,n2,HC,tai20_20_02.F.15_01,20,1579.0,1792.0,1685.5
n2_HC,n2,HC,tai20_20_02.F.15_01,21,1561.0,1794.0,1677.5
n2_HC,n2,HC,tai20_20_02.F.15_01,22,1570.0,1796.0,1683.0
n2_HC,n2,HC,tai20_20_02.F.15_01,23,1578.0,1804.0,1691.0
n2_HC,n2,HC,tai20_20_02.F.15_01,24,1592.0,1778.0,1685.0
n2_HC,n2,HC,tai20_20_02.F.15_01,25,1563.0,1788.0,1675.5
n2_HC,n2,HC,tai20_20_02.F.15_01,26,1574.0,1797.0,1685.5
n2_HC,n2,HC,tai20_20_02.F.15_01,27,1592.0,1800.0,1696.0
n2_HC,n2,HC,tai20_20_02.F.15_01,28,1557.0,1806.0,1681.5
n2_HC,n2,HC,tai20_20_02.F.15_01,29,1537.0,1770.0,1653.5
n2_HC,n2,HC,tai20_20_02.F.15_01,30,1563.0,1796.0,1679.5
n2_HC,n2,HC,tai20_20_03.F.15_01,1,1505.0,1712.0,1608.5
n2_HC,n2,HC,tai20_20_03.F.15_01,2,1549.0,1739.0,1644.0
n2_HC,n2,HC,tai20_20_03.F.15_01,3,1610.0,1787.0,1698.5
n2_HC,n2,HC,tai20_20_03.F.15_01,4,1541.0,1744.0,1642.5
n2_HC,n2,HC,tai20_20_03.F.15_01,5,1556.0,1717.0,1636.5
n2_HC,n2,HC,tai20_20_03.F.15_01,6,1564.0,1747.0,1655.5
n2_HC,n2,HC,tai20_20_03.F.15_01,7,1575.0,1748.0,1661.5
n2_HC,n2,HC,tai20_20_03.F.15_01,8,1589.0,1766.0,1677.5
n2_HC,n2,HC,tai20_20_03.F.15_01,9,1561.0,1725.0,1643.0
n2_HC,n2,HC,tai20_20_03.F.15_01,10,1546.0,1736.0,1641.0
n2_HC,n2,HC,tai20_20_03.F.15_01,11,1551.0,1737.0,1644.0
n2_HC,n2,HC,tai20_20_03.F.15_01,12,1580.0,1738.0,1659.0
n2_HC,n2,HC,tai20_20_03.F.15_01,13,1573.0,1745.0,1659.0
n2_HC,n2,HC,tai20_20_03.F.15_01,14,1561.0,1746.0,1653.5
n2_HC,n2,HC,tai20_20_03.F.15_01,15,1581.0,1749.0,1665.0
n2_HC,n2,HC,tai20_20_03.F.15_01,16,1561.0,1724.0,1642.5
n2_HC,n2,HC,tai20_20_03.F.15_01,17,1611.0,1775.0,1693.0
n2_HC,n2,HC,tai20_20_03.F.15_01,18,1585.0,1748.0,1666.5
n2_HC,n2,HC,tai20_20_03.F.15_01,19,1565.0,1755.0,1660.0
n2_HC,n2,HC,tai20_20_03.F.15_01,20,1528.0,1713.0,1620.5
n2_HC,n2,HC,tai20_20_03.F.15_01,21,1557.0,1711.0,1634.0
n2_HC,n2,HC,tai20_20_03.F.15_01,22,1531.0,1724.0,1627.5
n2_HC,n2,HC,tai20_20_03.F.15_01,23,1577.0,1742.0,1659.5
n2_HC,n2,HC,tai20_20_03.F.15_01,24,1585.0,1778.0,1681.5
n2_HC,n2,HC,tai20_20_03.F.15_01,25,1591.0,1745.0,1668.0
n2_HC,n2,HC,tai20_20_03.F.15_01,26,1558.0,1760.0,1659.0
n2_HC,n2,HC,tai20_20_03.F.15_01,27,1545.0,1721.0,1633.0
n2_HC,n2,HC,tai20_20_03.F.15_01,28,1504.0,1691.0,1597.5
n2_HC,n2,HC,tai20_20_03.F.15_01,29,1549.0,1721.0,1635.0
n2_HC,n2,HC,tai20_20_03.F.15_01,30,1533.0,1712.0,1622.5
n2_HC,n2,HC,tai20_20_04.F.15_01,1,1583.0,1814.0,1698.5
n2_HC,n2,HC,tai20_20_04.F.15_01,2,1595.0,1811.0,1703.0
n2_HC,n2,HC,tai20_20_04.F.15_01,3,1606.0,1852.0,1729.0
n2_HC,n2,HC,tai20_20_04.F.15_01,4,1607.0,1857.0,1732.0
n2_HC,n2,HC,tai20_20_04.F.15_01,5,1608.0,1869.0,1738.5
n2_HC,n2,HC,tai20_20_04.F.15_01,6,1597.0,1835.0,1716.0
n2_HC,n2,HC,tai20_20_04.F.15_01,7,1653.0,1880.0,1766.5
n2_HC,n2,HC,tai20_20_04.F.15_01,8,1628.0,1860.0,1744.0
n2_HC,n2,HC,tai20_20_04.F.15_01,9,1606.0,1820.0,1713.0
n2_HC,n2,HC,tai20_20_04.F.15_01,10,1590.0,1814.0,1702.0
n2_HC,n2,HC,tai20_20_04.F.15_01,11,1592.0,1828.0,1710.0
n2_HC,n2,HC,tai20_20_04.F.15_01,12,1594.0,1842.0,1718.0
n2_HC,n2,HC,tai20_20_04.F.15_01,13,1604.0,1832.0,1718.0
n2_HC,n2,HC,tai20_20_04.F.15_01,14,1613.0,1835.0,1724.0
n2_HC,n2,HC,tai20_20_04.F.15_01,15,1624.0,1858.0,1741.0
n2_HC,n2,HC,tai20_20_04.F.15_01,16,1592.0,1828.0,1710.0
n2_HC,n2,HC,tai20_20_04.F.15_01,17,1612.0,1860.0,1736.0
n2_HC,n2,HC,tai20_20_04.F.15_01,18,1602.0,1835.0,1718.5
n2_HC,n2,HC,tai20_20_04.F.15_01,19,1575.0,1822.0,1698.5
n2_HC,n2,HC,tai20_20_04.F.15_01,20,1603.0,1836.0,1719.5
n2_HC,n2,HC,tai20_20_04.F.15_01,21,1602.0,1837.0,1719.5
n2_HC,n2,HC,tai20_20_04.F.15_01,22,1682.0,1872.0,1777.0
n2_HC,n2,HC,tai20_20_04.F.15_01,23,1640.0,1870.0,1755.0
n2_HC,n2,HC,tai20_20_04.F.15_01,24,1649.0,1871.0,1760.0
n2_HC,n2,HC,tai20_20_04.F.15_01,25,1610.0,1847.0,1728.5
n2_HC,n2,HC,tai20_20_04.F.15_01,26,1620.0,1854.0,1737.0
n2_HC,n2,HC,tai20_20_04.F.15_01,27,1603.0,1828.0,1715.5
n2_HC,n2,HC,tai20_20_04.F.15_01,28,1620.0,1848.0,1734.0
n2_HC,n2,HC,tai20_20_04.F.15_01,29,1647.0,1874.0,1760.5
n2_HC,n2,HC,tai20_20_04.F.15_01,30,1632.0,1882.0,1757.0
n2_HC,n2,HC,tai20_20_05.F.15_01,1,1601.0,1801.0,1701.0
n2_HC,n2,HC,tai20_20_05.F.15_01,2,1597.0,1789.0,1693.0
n2_HC,n2,HC,tai20_20_05.F.15_01,3,1602.0,1799.0,1700.5
n2_HC,n2,HC,tai20_20_05.F.15_01,4,1582.0,1796.0,1689.0
n2_HC,n2,HC,tai20_20_05.F.15_01,5,1615.0,1817.0,1716.0
n2_HC,n2,HC,tai20_20_05.F.15_01,6,1583.0,1787.0,1685.0
n2_HC,n2,HC,tai20_20_05.F.15_01,7,1550.0,1792.0,1671.0
n2_HC,n2,HC,tai20_20_05.F.15_01,8,1589.0,1766.0,1677.5
n2_HC,n2,HC,tai20_20_05.F.15_01,9,1612.0,1796.0,1704.0
n2_HC,n2,HC,tai20_20_05.F.15_01,10,1564.0,1801.0,1682.5
n2_HC,n2,HC,tai20_20_05.F.15_01,11,1609.0,1819.0,1714.0
n2_HC,n2,HC,tai20_20_05.F.15_01,12,1587.0,1798.0,1692.5
n2_HC,n2,HC,tai20_20_05.F.15_01,13,1562.0,1785.0,1673.5
n2_HC,n2,HC,tai20_20_05.F.15_01,14,1605.0,1801.0,1703.0
n2_HC,n2,HC,tai20_20_05.F.15_01,15,1587.0,1784.0,1685.5
n2_HC,n2,HC,tai20_20_05.F.15_01,16,1559.0,1801.0,1680.0
n2_HC,n2,HC,tai20_20_05.F.15_01,17,1584.0,1825.0,1704.5
n2_HC,n2,HC,tai20_20_05.F.15_01,18,1624.0,1821.0,1722.5
n2_HC,n2,HC,tai20_20_05.F.15_01,19,1570.0,1775.0,1672.5
n2_HC,n2,HC,tai20_20_05.F.15_01,20,1607.0,1770.0,1688.5
n2_HC,n2,HC,tai20_20_05.F.15_01,21,1585.0,1779.0,1682.0
n2_HC,n2,HC,tai20_20_05.F.15_01,22,1590.0,1780.0,1685.0
n2_HC,n2,HC,tai20_20_05.F.15_01,23,1590.0,1806.0,1698.0
n2_HC,n2,HC,tai20_20_05.F.15_01,24,1586.0,1810.0,1698.0
n2_HC,n2,HC,tai20_20_05.F.15_01,25,1601.0,1801.0,1701.0
n2_HC,n2,HC,tai20_20_05.F.15_01,26,1572.0,1802.0,1687.0
n2_HC,n2,HC,tai20_20_05.F.15_01,27,1589.0,1817.0,1703.0
n2_HC,n2,HC,tai20_20_05.F.15_01,28,1605.0,1794.0,1699.5
n2_HC,n2,HC,tai20_20_05.F.15_01,29,1581.0,1781.0,1681.0
n2_HC,n2,HC,tai20_20_05.F.15_01,30,1572.0,1790.0,1681.0
n2_HC,n2,HC,tai20_20_06.F.15_01,1,1639.0,1854.0,1746.5
n2_HC,n2,HC,tai20_20_06.F.15_01,2,1651.0,1835.0,1743.0
n2_HC,n2,HC,tai20_20_06.F.15_01,3,1634.0,1832.0,1733.0
n2_HC,n2,HC,tai20_20_06.F.15_01,4,1641.0,1849.0,1745.0
n2_HC,n2,HC,tai20_20_06.F.15_01,5,1622.0,1827.0,1724.5
n2_HC,n2,HC,tai20_20_06.F.15_01,6,1644.0,1840.0,1742.0
n2_HC,n2,HC,tai20_20_06.F.15_01,7,1619.0,1832.0,1725.5
n2_HC,n2,HC,tai20_20_06.F.15_01,8,1647.0,1854.0,1750.5
n2_HC,n2,HC,tai20_20_06.F.15_01,9,1680.0,1876.0,1778.0
n2_HC,n2,HC,tai20_20_06.F.15_01,10,1649.0,1833.0,1741.0
n2_HC,n2,HC,tai20_20_06.F.15_01,11,1653.0,1860.0,1756.5
n2_HC,n2,HC,tai20_20_06.F.15_01,12,1627.0,1844.0,1735.5
n2_HC,n2,HC,tai20_20_06.F.15_01,13,1626.0,1839.0,1732.5
n2_HC,n2,HC,tai20_20_06.F.15_01,14,1638.0,1861.0,1749.5
n2_HC,n2,HC,tai20_20_06.F.15_01,15,1636.0,1849.0,1742.5
n2_HC,n2,HC,tai20_20_06.F.15_01,16,1655.0,1853.0,1754.0
n2_HC,n2,HC,tai20_20_06.F.15_01,17,1654.0,1864.0,1759.0
n2_HC,n2,HC,tai20_20_06.F.15_01,18,1630.0,1834.0,1732.0
n2_HC,n2,HC,tai20_20_06.F.15_01,19,1636.0,1828.0,1732.0
n2_HC,n2,HC,tai20_20_06.F.15_01,20,1635.0,1859.0,1747.0
n2_HC,n2,HC,tai20_20_06.F.15_01,21,1666.0,1849.0,1757.5
n2_HC,n2,HC,tai20_20_06.F.15_01,22,1685.0,1859.0,1772.0
n2_HC,n2,HC,tai20_20_06.F.15_01,23,1636.0,1843.0,1739.5
n2_HC,n2,HC,tai20_20_06.F.15_01,24,1677.0,1880.0,1778.5
n2_HC,n2,HC,tai20_20_06.F.15_01,25,1641.0,1827.0,1734.0
n2_HC,n2,HC,tai20_20_06.F.15_01,26,1668.0,1847.0,1757.5
n2_HC,n2,HC,tai20_20_06.F.15_01,27,1661.0,1865.0,1763.0
n2_HC,n2,HC,tai20_20_06.F.15_01,28,1664.0,1826.0,1745.0
n2_HC,n2,HC,tai20_20_06.F.15_01,29,1650.0,1837.0,1743.5
n2_HC,n2,HC,tai20_20_06.F.15_01,30,1669.0,1864.0,1766.5
n2_HC,n2,HC,tai20_20_07.F.15_01,1,1694.0,1859.0,1776.5
n2_HC,n2,HC,tai20_20_07.F.15_01,2,1670.0,1870.0,1770.0
n2_HC,n2,HC,tai20_20_07.F.15_01,3,1664.0,1852.0,1758.0
n2_HC,n2,HC,tai20_20_07.F.15_01,4,1671.0,1880.0,1775.5
n2_HC,n2,HC,tai20_20_07.F.15_01,5,1653.0,1856.0,1754.5
n2_HC,n2,HC,tai20_20_07.F.15_01,6,1644.0,1852.0,1748.0
n2_HC,n2,HC,tai20_20_07.F.15_01,7,1648.0,1845.0,1746.5
n2_HC,n2,HC,tai20_20_07.F.15_01,8,1658.0,1859.0,1758.5
n2_HC,n2,HC,tai20_20_07.F.15_01,9,1659.0,1850.0,1754.5
n2_HC,n2,HC,tai20_20_07.F.15_01,10,1677.0,1902.0,1789.5
n2_HC,n2,HC,tai20_20_07.F.15_01,11,1656.0,1875.0,1765.5
n2_HC,n2,HC,tai20_20_07.F.15_01,12,1681.0,1883.0,1782.0
n2_HC,n2,HC,tai20_20_07.F.15_01,13,1707.0,1897.0,1802.0
n2_HC,n2,HC,tai20_20_07.F.15_01,14,1678.0,1882.0,1780.0
n2_HC,n2,HC,tai20_20_07.F.15_01,15,1650.0,1880.0,1765.0
n2_HC,n2,HC,tai20_20_07.F.15_01,16,1656.0,1850.0,1753.0
n2_HC,n2,HC,tai20_20_07.F.15_01,17,1693.0,1884.0,1788.5
n2_HC,n2,HC,tai20_20_07.F.15_01,18,1673.0,1876.0,1774.5
n2_HC,n2,HC,tai20_20_07.F.15_01,19,1655.0,1857.0,1756.0
n2_HC,n2,HC,tai20_20_07.F.15_01,20,1641.0,1853.0,1747.0
n2_HC,n2,HC,tai20_20_07.F.15_01,21,1671.0,1869.0,1770.0
n2_HC,n2,HC,tai20_20_07.F.15_01,22,1677.0,1886.0,1781.5
n2_HC,n2,HC,tai20_20_07.F.15_01,23,1679.0,1855.0,1767.0
n2_HC,n2,HC,tai20_20_07.F.15_01,24,1662.0,1856.0,1759.0
n2_HC,n2,HC,tai20_20_07.F.15_01,25,1663.0,1842.0,1752.5
n2_HC,n2,HC,tai20_20_07.F.15_01,26,1680.0,1876.0,1778.0
n2_HC,n2,HC,tai20_20_07.F.15_01,27,1672.0,1884.0,1778.0
n2_HC,n2,HC,tai20_20_07.F.15_01,28,1700.0,1891.0,1795.5
n2_HC,n2,HC,tai20_20_07.F.15_01,29,1682.0,1895.0,1788.5
n2_HC,n2,HC,tai20_20_07.F.15_01,30,1641.0,1868.0,1754.5
n2_HC,n2,HC,tai20_20_08.F.15_01,1,1554.0,1767.0,1660.5
n2_HC,n2,HC,tai20_20_08.F.15_01,2,1598.0,1820.0,1709.0
n2_HC,n2,HC,tai20_20_08.F.15_01,3,1555.0,1776.0,1665.5
n2_HC,n2,HC,tai20_20_08.F.15_01,4,1585.0,1800.0,1692.5
n2_HC,n2,HC,tai20_20_08.F.15_01,5,1568.0,1763.0,1665.5
n2_HC,n2,HC,tai20_20_08.F.15_01,6,1586.0,1781.0,1683.5
n2_HC,n2,HC,tai20_20_08.F.15_01,7,1560.0,1774.0,1667.0
n2_HC,n2,HC,tai20_20_08.F.15_01,8,1555.0,1766.0,1660.5
n2_HC,n2,HC,tai20_20_08.F.15_01,9,1585.0,1814.0,1699.5
n2_HC,n2,HC,tai20_20_08.F.15_01,10,1618.0,1792.0,1705.0
n2_HC,n2,HC,tai20_20_08.F.15_01,11,1574.0,1793.0,1683.5
n2_HC,n2,HC,tai20_20_08.F.15_01,12,1573.0,1787.0,1680.0
n2_HC,n2,HC,tai20_20_08.F.15_01,13,1617.0,1815.0,1716.0
n2_HC,n2,HC,tai20_20_08.F.15_01,14,1592.0,1783.0,1687.5
n2_HC,n2,HC,tai20_20_08.F.15_01,15,1542.0,1778.0,1660.0
n2_HC,n2,HC,tai20_20_08.F.15_01,16,1608.0,1786.0,1697.0
n2_HC,n2,HC,tai20_20_08.F.15_01,17,1545.0,1780.0,1662.5
n2_HC,n2,HC,tai20_20_08.F.15_01,18,1587.0,1793.0,1690.0
n2_HC,n2,HC,tai20_20_08.F.15_01,19,1577.0,1758.0,1667.5
n2_HC,n2,HC,tai20_20_08.F.15_01,20,1583.0,1780.0,1681.5
n2_HC,n2,HC,tai20_20_08.F.15_01,21,1599.0,1789.0,1694.0
n2_HC,n2,HC,tai20_20_08.F.15_01,22,1576.0,1782.0,1679.0
n2_HC,n2,HC,tai20_20_08.F.15_01,23,1562.0,1791.0,1676.5
n2_HC,n2,HC,tai20_20_08.F.15_01,24,1571.0,1799.0,1685.0
n2_HC,n2,HC,tai20_20_08.F.15_01,25,1588.0,1775.0,1681.5
n2_HC,n2,HC,tai20_20_08.F.15_01,26,1600.0,1808.0,1704.0
n2_HC,n2,HC,tai20_20_08.F.15_01,27,1580.0,1766.0,1673.0
n2_HC,n2,HC,tai20_20_08.F.15_01,28,1588.0,1785.0,1686.5
n2_HC,n2,HC,tai20_20_08.F.15_01,29,1557.0,1797.0,1677.0
n2_HC,n2,HC,tai20_20_08.F.15_01,30,1572.0,1799.0,1685.5
n2_HC,n2,HC,tai20_20_09.F.15_01,1,1596.0,1790.0,1693.0
n2_HC,n2,HC,tai20_20_09.F.15_01,2,1578.0,1781.0,1679.5
n2_HC,n2,HC,tai20_20_09.F.15_01,3,1571.0,1756.0,1663.5
n2_HC,n2,HC,tai20_20_09.F.15_01,4,1583.0,1773.0,1678.0
n2_HC,n2,HC,tai20_20_09.F.15_01,5,1579.0,1783.0,1681.0
n2_HC,n2,HC,tai20_20_09.F.15_01,6,1545.0,1770.0,1657.5
n2_HC,n2,HC,tai20_20_09.F.15_01,7,1593.0,1772.0,1682.5
n2_HC,n2,HC,tai20_20_09.F.15_01,8,1571.0,1776.0,1673.5
n2_HC,n2,HC,tai20_20_09.F.15_01,9,1598.0,1775.0,1686.5
n2_HC,n2,HC,tai20_20_09.F.15_01,10,1570.0,1763.0,1666.5
n2_HC,n2,HC,tai20_20_09.F.15_01,11,1575.0,1762.0,1668.5
n2_HC,n2,HC,tai20_20_09.F.15_01,12,1582.0,1790.0,1686.0
n2_HC,n2,HC,tai20_20_09.F.15_01,13,1554.0,1787.0,1670.5
n2_HC,n2,HC,tai20_20_09.F.15_01,14,1570.0,1767.0,1668.5
n2_HC,n2,HC,tai20_20_09.F.15_01,15,1585.0,1767.0,1676.0
n2_HC,n2,HC,tai20_20_09.F.15_01,16,1548.0,1756.0,1652.0
n2_HC,n2,HC,tai20_20_09.F.15_01,17,1584.0,1773.0,1678.5
n2_HC,n2,HC,tai20_20_09.F.15_01,18,1579.0,1774.0,1676.5
n2_HC,n2,HC,tai20_20_09.F.15_01,19,1567.0,1766.0,1666.5
n2_HC,n2,HC,tai20_20_09.F.15_01,20,1554.0,1776.0,1665.0
n2_HC,n2,HC,tai20_20_09.F.15_01,21,1581.0,1779.0,1680.0
n2_HC,n2,HC,tai20_20_09.F.15_01,22,1570.0,1792.0,1681.0
n2_HC,n2,HC,tai20_20_09.F.15_01,23,1571.0,1787.0,1679.0
n2_HC,n2,HC,tai20_20_09.F.15_01,24,1595.0,1782.0,1688.5
n2_HC,n2,HC,tai20_20_09.F.15_01,25,1564.0,1763.0,1663.5
n2_HC,n2,HC,tai20_20_09.F.15_01,26,1592.0,1770.0,1681.0
n2_HC,n2,HC,tai20_20_09.F.15_01,27,1536.0,1762.0,1649.0
n2_HC,n2,HC,tai20_20_09.F.15_01,28,1545.0,1772.0,1658.5
n2_HC,n2,HC,tai20_20_09.F.15_01,29,1555.0,1766.0,1660.5
n2_HC,n2,HC,tai20_20_09.F.15_01,30,1592.0,1777.0,1684.5
n2_HC,n2,HC,tai20_20_10.F.15_01,1,1567.0,1753.0,1660.0
n2_HC,n2,HC,tai20_20_10.F.15_01,2,1540.0,1753.0,1646.5
n2_HC,n2,HC,tai20_20_10.F.15_01,3,1543.0,1763.0,1653.0
n2_HC,n2,HC,tai20_20_10.F.15_01,4,1557.0,1754.0,1655.5
n2_HC,n2,HC,tai20_20_10.F.15_01,5,1568.0,1775.0,1671.5
n2_HC,n2,HC,tai20_20_10.F.15_01,6,1547.0,1762.0,1654.5
n2_HC,n2,HC,tai20_20_10.F.15_01,7,1576.0,1765.0,1670.5
n2_HC,n2,HC,tai20_20_10.F.15_01,8,1563.0,1767.0,1665.0
n2_HC,n2,HC,tai20_20_10.F.15_01,9,1537.0,1763.0,1650.0
n2_HC,n2,HC,tai20_20_10.F.15_01,10,1534.0,1752.0,1643.0
n2_HC,n2,HC,tai20_20_10.F.15_01,11,1574.0,1765.0,1669.5
n2_HC,n2,HC,tai20_20_10.F.15_01,12,1559.0,1747.0,1653.0
n2_HC,n2,HC,tai20_20_10.F.15_01,13,1595.0,1764.0,1679.5
n2_HC,n2,HC,tai20_20_10.F.15_01,14,1539.0,1787.0,1663.0
n2_HC,n2,HC,tai20_20_10.F.15_01,15,1565.0,1778.0,1671.5
n2_HC,n2,HC,tai20_20_10.F.15_01,16,1561.0,1764.0,1662.5
n2_HC,n2,HC,tai20_20_10.F.15_01,17,1530.0,1758.0,1644.0
n2_HC,n2,HC,tai20_20_10.F.15_01,18,1556.0,1766.0,1661.0
n2_HC,n2,HC,tai20_20_10.F.15_01,19,1574.0,1780.0,1677.0
n2_HC,n2,HC,tai20_20_10.F.15_01,20,1561.0,1761.0,1661.0
n2_HC,n2,HC,tai20_20_10.F.15_01,21,1556.0,1752.0,1654.0
n2_HC,n2,HC,tai20_20_10.F.15_01,22,1550.0,1767.0,1658.5
n2_HC,n2,HC,tai20_20_10.F.15_01,23,1573.0,1778.0,1675.5
n2_HC,n2,HC,tai20_20_10.F.15_01,24,1564.0,1780.0,1672.0
n2_HC,n2,HC,tai20_20_10.F.15_01,25,1562.0,1754.0,1658.0
n2_HC,n2,HC,tai20_20_10.F.15_01,26,1556.0,1754.0,1655.0
n2_HC,n2,HC,tai20_20_10.F.15_01,27,1555.0,1729.0,1642.0
n2_HC,n2,HC,tai20_20_10.F.15_01,28,1540.0,1754.0,1647.0
n2_HC,n2,HC,tai20_20_10.F.15_01,29,1571.0,1773.0,1672.0
n2_HC,n2,HC,tai20_20_10.F.15_01,30,1565.0,1770.0,1667.5
n2_HC,n2,HC,tai30_15_01.F.15_01,1,1750.0,1964.0,1857.0
n2_HC,n2,HC,tai30_15_01.F.15_01,2,1721.0,1955.0,1838.0
n2_HC,n2,HC,tai30_15_01.F.15_01,3,1722.0,1954.0,1838.0
n2_HC,n2,HC,tai30_15_01.F.15_01,4,1743.0,1978.0,1860.5
n2_HC,n2,HC,tai30_15_01.F.15_01,5,1780.0,2008.0,1894.0
n2_HC,n2,HC,tai30_15_01.F.15_01,6,1716.0,1950.0,1833.0
n2_HC,n2,HC,tai30_15_01.F.15_01,7,1746.0,1986.0,1866.0
n2_HC,n2,HC,tai30_15_01.F.15_01,8,1725.0,1948.0,1836.5
n2_HC,n2,HC,tai30_15_01.F.15_01,9,1729.0,1949.0,1839.0
n2_HC,n2,HC,tai30_15_01.F.15_01,10,1732.0,1953.0,1842.5
n2_HC,n2,HC,tai30_15_01.F.15_01,11,1705.0,1956.0,1830.5
n2_HC,n2,HC,tai30_15_01.F.15_01,12,1746.0,1986.0,1866.0
n2_HC,n2,HC,tai30_15_01.F.15_01,13,1718.0,1949.0,1833.5
n2_HC,n2,HC,tai30_15_01.F.15_01,14,1733.0,1955.0,1844.0
n2_HC,n2,HC,tai30_15_01.F.15_01,15,1731.0,1971.0,1851.0
n2_HC,n2,HC,tai30_15_01.F.15_01,16,1727.0,1961.0,1844.0
n2_HC,n2,HC,tai30_15_01.F.15_01,17,1741.0,1985.0,1863.0
n2_HC,n2,HC,tai30_15_01.F.15_01,18,1709.0,1948.0,1828.5
n2_HC,n2,HC,tai30_15_01.F.15_01,19,1721.0,1948.0,1834.5
n2_HC,n2,HC,tai30_15_01.F.15_01,20,1715.0,1945.0,1830.0
n2_HC,n2,HC,tai30_15_01.F.15_01,21,1712.0,1963.0,1837.5
n2_HC,n2,HC,tai30_15_01.F.15_01,22,1744.0,1988.0,1866.0
n2_HC,n2,HC,tai30_15_01.F.15_01,23,1712.0,1953.0,1832.5
n2_HC,n2,HC,tai30_15_01.F.15_01,24,1706.0,1936.0,1821.0
n2_HC,n2,HC,tai30_15_01.F.15_01,25,1719.0,1959.0,1839.0
n2_HC,n2,HC,tai30_15_01.F.15_01,26,1719.0,1957.0,1838.0
n2_HC,n2,HC,tai30_15_01.F.15_01,27,1718.0,1964.0,1841.0
n2_HC,n2,HC,tai30_15_01.F.15_01,28,1714.0,1943.0,1828.5
n2_HC,n2,HC,tai30_15_01.F.15_01,29,1706.0,1948.0,1827.0
n2_HC,n2,HC,tai30_15_01.F.15_01,30,1733.0,1957.0,1845.0
n2_HC,n2,HC,tai30_15_02.F.15_01,1,1740.0,2023.0,1881.5
n2_HC,n2,HC,tai30_15_02.F.15_01,2,1818.0,2068.0,1943.0
n2_HC,n2,HC,tai30_15_02.F.15_01,3,1827.0,2096.0,1961.5
n2_HC,n2,HC,tai30_15_02.F.15_01,4,1810.0,2093.0,1951.5
n2_HC,n2,HC,tai30_15_02.F.15_01,5,1782.0,2077.0,1929.5
n2_HC,n2,HC,tai30_15_02.F.15_01,6,1766.0,2032.0,1899.0
n2_HC,n2,HC,tai30_15_02.F.15_01,7,1776.0,2075.0,1925.5
n2_HC,n2,HC,tai30_15_02.F.15_01,8,1754.0,2036.0,1895.0
n2_HC,n2,HC,tai30_15_02.F.15_01,9,1811.0,2086.0,1948.5
n2_HC,n2,HC,tai30_15_02.F.15_01,10,1769.0,2061.0,1915.0
n2_HC,n2,HC,tai30_15_02.F.15_01,11,1790.0,2088.0,1939.0
n2_HC,n2,HC,tai30_15_02.F.15_01,12,1835.0,2092.0,1963.5
n2_HC,n2,HC,tai30_15_02.F.15_01,13,1803.0,2089.0,1946.0
n2_HC,n2,HC,tai30_15_02.F.15_01,14,1771.0,2075.0,1923.0
n2_HC,n2,HC,tai30_15_02.F.15_01,15,1759.0,2042.0,1900.5
n2_HC,n2,HC,tai30_15_02.F.15_01,16,1771.0,2064.0,1917.5
n2_HC,n2,HC,tai30_15_02.F.15_01,17,1781.0,2063.0,1922.0
n2_HC,n2,HC,tai30_15_02.F.15_01,18,1780.0,2085.0,1932.5
n2_HC,n2,HC,tai30_15_02.F.15_01,19,1797.0,2078.0,1937.5
n2_HC,n2,HC,tai30_15_02.F.15_01,20,1779.0,2082.0,1930.5
n2_HC,n2,HC,tai30_15_02.F.15_01,21,1835.0,2125.0,1980.0
n2_HC,n2,HC,tai30_15_02.F.15_01,22,1741.0,2031.0,1886.0
n2_HC,n2,HC,tai30_15_02.F.15_01,23,1763.0,2031.0,1897.0
n2_HC,n2,HC,tai30_15_02.F.15_01,24,1807.0,2109.0,1958.0
n2_HC,n2,HC,tai30_15_02.F.15_01,25,1795.0,2112.0,1953.5
n2_HC,n2,HC,tai30_15_02.F.15_01,26,1806.0,2069.0,1937.5
n2_HC,n2,HC,tai30_15_02.F.15_01,27,1812.0,2095.0,1953.5
n2_HC,n2,HC,tai30_15_02.F.15_01,28,1737.0,2043.0,1890.0
n2_HC,n2,HC,tai30_15_02.F.15_01,29,1773.0,2045.0,1909.0
n2_HC,n2,HC,tai30_15_02.F.15_01,30,1781.0,2063.0,1922.0
n2_HC,n2,HC,tai30_15_03.F.15_01,1,1771.0,2040.0,1905.5
n2_HC,n2,HC,tai30_15_03.F.15_01,2,1767.0,2035.0,1901.0
n2_HC,n2,HC,tai30_15_03.F.15_01,3,1759.0,2030.0,1894.5
n2_HC,n2,HC,tai30_15_03.F.15_01,4,1767.0,2025.0,1896.0
n2_HC,n2,HC,tai30_15_03.F.15_01,5,1765.0,2016.0,1890.5
n2_HC,n2,HC,tai30_15_03.F.15_01,6,1808.0,2106.0,1957.0
n2_HC,n2,HC,tai30_15_03.F.15_01,7,1797.0,2047.0,1922.0
n2_HC,n2,HC,tai30_15_03.F.15_01,8,1763.0,2062.0,1912.5
n2_HC,n2,HC,tai30_15_03.F.15_01,9,1808.0,2080.0,1944.0
n2_HC,n2,HC,tai30_15_03.F.15_01,10,1818.0,2076.0,1947.0
n2_HC,n2,HC,tai30_15_03.F.15_01,11,1797.0,2074.0,1935.5
n2_HC,n2,HC,tai30_15_03.F.15_01,12,1763.0,2009.0,1886.0
n2_HC,n2,HC,tai30_15_03.F.15_01,13,1769.0,2026.0,1897.5
n2_HC,n2,HC,tai30_15_03.F.15_01,14,1758.0,2022.0,1890.0
n2_HC,n2,HC,tai30_15_03.F.15_01,15,1807.0,2039.0,1923.0
n2_HC,n2,HC,tai30_15_03.F.15_01,16,1781.0,2054.0,1917.5
n2_HC,n2,HC,tai30_15_03.F.15_01,17,1752.0,2016.0,1884.0
n2_HC,n2,HC,tai30_15_03.F.15_01,18,1776.0,2039.0,1907.5
n2_HC,n2,HC,tai30_15_03.F.15_01,19,1791.0,2059.0,1925.0
n2_HC,n2,HC,tai30_15_03.F.15_01,20,1780.0,2051.0,1915.5
n2_HC,n2,HC,tai30_15_03.F.15_01,21,1840.0,2111.0,1975.5
n2_HC,n2,HC,tai30_15_03.F.15_01,22,1788.0,2034.0,1911.0
n2_HC,n2,HC,tai30_15_03.F.15_01,23,1775.0,2042.0,1908.5
n2_HC,n2,HC,tai30_15_03.F.15_01,24,1755.0,2012.0,1883.5
n2_HC,n2,HC,tai30_15_03.F.15_01,25,1784.0,2072.0,1928.0
n2_HC,n2,HC,tai30_15_03.F.15_01,26,1817.0,2074.0,1945.5
n2_HC,n2,HC,tai30_15_03.F.15_01,27,1765.0,2022.0,1893.5
n2_HC,n2,HC,tai30_15_03.F.15_01,28,1775.0,2041.0,1908.0
n2_HC,n2,HC,tai30_15_03.F.15_01,29,1779.0,2044.0,1911.5
n2_HC,n2,HC,tai30_15_03.F.15_01,30,1788.0,2072.0,1930.0
n2_HC,n2,HC,tai30_15_04.F.15_01,1,1782.0,2046.0,1914.0
n2_HC,n2,HC,tai30_15_04.F.15_01,2,1812.0,2095.0,1953.5
n2_HC,n2,HC,tai30_15_04.F.15_01,3,1819.0,2089.0,1954.0
n2_HC,n2,HC,tai30_15_04.F.15_01,4,1796.0,2092.0,1944.0
n2_HC,n2,HC,tai30_15_04.F.15_01,5,1837.0,2097.0,1967.0
n2_HC,n2,HC,tai30_15_04.F.15_01,6,1809.0,2055.0,1932.0
n2_HC,n2,HC,tai30_15_04.F.15_01,7,1810.0,2061.0,1935.5
n2_HC,n2,HC,tai30_15_04.F.15_01,8,1812.0,2082.0,1947.0
n2_HC,n2,HC,tai30_15_04.F.15_01,9,1816.0,2053.0,1934.5
n2_HC,n2,HC,tai30_15_04.F.15_01,10,1807.0,2065.0,1936.0
n2_HC,n2,HC,tai30_15_04.F.15_01,11,1804.0,2060.0,1932.0
n2_HC,n2,HC,tai30_15_04.F.15_01,12,1786.0,2077.0,1931.5
n2_HC,n2,HC,tai30_15_04.F.15_01,13,1786.0,2090.0,1938.0
n2_HC,n2,HC,tai30_15_04.F.15_01,14,1812.0,2057.0,1934.5
n2_HC,n2,HC,tai30_15_04.F.15_01,15,1810.0,2080.0,1945.0
n2_HC,n2,HC,tai30_15_04.F.15_01,16,1824.0,2065.0,1944.5
n2_HC,n2,HC,tai30_15_04.F.15_01,17,1844.0,2081.0,1962.5
n2_HC,n2,HC,tai30_15_04.F.15_01,18,1802.0,2065.0,1933.5
n2_HC,n2,HC,tai30_15_04.F.15_01,19,1800.0,2087.0,1943.5
n2_HC,n2,HC,tai30_15_04.F.15_01,20,1828.0,2068.0,1948.0
n2_HC,n2,HC,tai30_15_04.F.15_01,21,1846.0,2090.0,1968.0
n2_HC,n2,HC,tai30_15_04.F.15_01,22,1802.0,2077.0,1939.5
n2_HC,n2,HC,tai30_15_04.F.15_01,23,1783.0,2083.0,1933.0
n2_HC,n2,HC,tai30_15_04.F.15_01,24,1801.0,2063.0,1932.0
n2_HC,n2,HC,tai30_15_04.F.15_01,25,1801.0,2079.0,1940.0
n2_HC,n2,HC,tai30_15_04.F.15_01,26,1804.0,2083.0,1943.5
n2_HC,n2,HC,tai30_15_04.F.15_01,27,1838.0,2068.0,1953.0
n2_HC,n2,HC,tai30_15_04.F.15_01,28,1803.0,2071.0,1937.0
n2_HC,n2,HC,tai30_15_04.F.15_01,29,1819.0,2083.0,1951.0
n2_HC,n2,HC,tai30_15_04.F.15_01,30,1825.0,2086.0,1955.5
n2_HC,n2,HC,tai30_15_05.F.15_01,1,1910.0,2206.0,2058.0
n2_HC,n2,HC,tai30_15_05.F.15_01,2,1882.0,2199.0,2040.5
n2_HC,n2,HC,tai30_15_05.F.15_01,3,1880.0,2191.0,2035.5
n2_HC,n2,HC,tai30_15_05.F.15_01,4,1912.0,2210.0,2061.0
n2_HC,n2,HC,tai30_15_05.F.15_01,5,1878.0,2188.0,2033.0
n2_HC,n2,HC,tai30_15_05.F.15_01,6,1878.0,2188.0,2033.0
n2_HC,n2,HC,tai30_15_05.F.15_01,7,1906.0,2196.0,2051.0
n2_HC,n2,HC,tai30_15_05.F.15_01,8,1891.0,2188.0,2039.5
n2_HC,n2,HC,tai30_15_05.F.15_01,9,1924.0,2208.0,2066.0
n2_HC,n2,HC,tai30_15_05.F.15_01,10,1904.0,2216.0,2060.0
n2_HC,n2,HC,tai30_15_05.F.15_01,11,1866.0,2188.0,2027.0
n2_HC,n2,HC,tai30_15_05.F.15_01,12,1856.0,2167.0,2011.5
n2_HC,n2,HC,tai30_15_05.F.15_01,13,1906.0,2196.0,2051.0
n2_HC,n2,HC,tai30_15_05.F.15_01,14,1886.0,2191.0,2038.5
n2_HC,n2,HC,tai30_15_05.F.15_01,15,1848.0,2167.0,2007.5
n2_HC,n2,HC,tai30_15_05.F.15_01,16,1878.0,2188.0,2033.0
n2_HC,n2,HC,tai30_15_05.F.15_01,17,1856.0,2167.0,2011.5
n2_HC,n2,HC,tai30_15_05.F.15_01,18,1865.0,2176.0,2020.5
n2_HC,n2,HC,tai30_15_05.F.15_01,19,1856.0,2176.0,2016.0
n2_HC,n2,HC,tai30_15_05.F.15_01,20,1899.0,2191.0,2045.0
n2_HC,n2,HC,tai30_15_05.F.15_01,21,1854.0,2176.0,2015.0
n2_HC,n2,HC,tai30_15_05.F.15_01,22,1854.0,2176.0,2015.0
n2_HC,n2,HC,tai30_15_05.F.15_01,23,1874.0,2191.0,2032.5
n2_HC,n2,HC,tai30_15_05.F.15_01,24,1883.0,2213.0,2048.0
n2_HC,n2,HC,tai30_15_05.F.15_01,25,1904.0,2192.0,2048.0
n2_HC,n2,HC,tai30_15_05.F.15_01,26,1904.0,2193.0,2048.5
n2_HC,n2,HC,tai30_15_05.F.15_01,27,1865.0,2176.0,2020.5
n2_HC,n2,HC,tai30_15_05.F.15_01,28,1850.0,2167.0,2008.5
n2_HC,n2,HC,tai30_15_05.F.15_01,29,1856.0,2167.0,2011.5
n2_HC,n2,HC,tai30_15_05.F.15_01,30,1874.0,2191.0,2032.5
n2_HC,n2,HC,tai30_15_06.F.15_01,1,1770.0,2026.0,1898.0
n2_HC,n2,HC,tai30_15_06.F.15_01,2,1774.0,2046.0,1910.0
n2_HC,n2,HC,tai30_15_06.F.15_01,3,1782.0,2049.0,1915.5
n2_HC,n2,HC,tai30_15_06.F.15_01,4,1789.0,2078.0,1933.5
n2_HC,n2,HC,tai30_15_06.F.15_01,5,1799.0,2032.0,1915.5
n2_HC,n2,HC,tai30_15_06.F.15_01,6,1800.0,2060.0,1930.0
n2_HC,n2,HC,tai30_15_06.F.15_01,7,1755.0,2027.0,1891.0
n2_HC,n2,HC,tai30_15_06.F.15_01,8,1810.0,2061.0,1935.5
n2_HC,n2,HC,tai30_15_06.F.15_01,9,1797.0,2069.0,1933.0
n2_HC,n2,HC,tai30_15_06.F.15_01,10,1776.0,2056.0,1916.0
n2_HC,n2,HC,tai30_15_06.F.15_01,11,1789.0,2060.0,1924.5
n2_HC,n2,HC,tai30_15_06.F.15_01,12,1782.0,2032.0,1907.0
n2_HC,n2,HC,tai30_15_06.F.15_01,13,1786.0,2061.0,1923.5
n2_HC,n2,HC,tai30_15_06.F.15_01,14,1822.0,2084.0,1953.0
n2_HC,n2,HC,tai30_15_06.F.15_01,15,1805.0,2081.0,1943.0
n2_HC,n2,HC,tai30_15_06.F.15_01,16,1803.0,2073.0,1938.0
n2_HC,n2,HC,tai30_15_06.F.15_01,17,1781.0,2032.0,1906.5
n2_HC,n2,HC,tai30_15_06.F.15_01,18,1805.0,2065.0,1935.0
n2_HC,n2,HC,tai30_15_06.F.15_01,19,1816.0,2073.0,1944.5
n2_HC,n2,HC,tai30_15_06.F.15_01,20,1758.0,2032.0,1895.0
n2_HC,n2,HC,tai30_15_06.F.15_01,21,1779.0,2048.0,1913.5
n2_HC,n2,HC,tai30_15_06.F.15_01,22,1823.0,2076.0,1949.5
n2_HC,n2,HC,tai30_15_06.F.15_01,23,1771.0,2045.0,1908.0
n2_HC,n2,HC,tai30_15_06.F.15_01,24,1788.0,2055.0,1921.5
n2_HC,n2,HC,tai30_15_06.F.15_01,25,1805.0,2064.0,1934.5
n2_HC,n2,HC,tai30_15_06.F.15_01,26,1794.0,2080.0,1937.0
n2_HC,n2,HC,tai30_15_06.F.15_01,27,1757.0,2033.0,1895.0
n2_HC,n2,HC,tai30_15_06.F.15_01,28,1811.0,2062.0,1936.5
n2_HC,n2,HC,tai30_15_06.F.15_01,29,1793.0,2045.0,1919.0
n2_HC,n2,HC,tai30_15_06.F.15_01,30,1828.0,2096.0,1962.0
n2_HC,n2,HC,tai30_15_07.F.15_01,1,1731.0,2017.0,1874.0
n2_HC,n2,HC,tai30_15_07.F.15_01,2,1715.0,1990.0,1852.5
n2_HC,n2,HC,tai30_15_07.F.15_01,3,1712.0,1987.0,1849.5
n2_HC,n2,HC,tai30_15_07.F.15_01,4,1758.0,2019.0,1888.5
n2_HC,n2,HC,tai30_15_07.F.15_01,5,1773.0,2045.0,1909.0
n2_HC,n2,HC,tai30_15_07.F.15_01,6,1724.0,1990.0,1857.0
n2_HC,n2,HC,tai30_15_07.F.15_01,7,1729.0,2006.0,1867.5
n2_HC,n2,HC,tai30_15_07.F.15_01,8,1742.0,2003.0,1872.5
n2_HC,n2,HC,tai30_15_07.F.15_01,9,1831.0,2074.0,1952.5
n2_HC,n2,HC,tai30_15_07.F.15_01,10,1762.0,2053.0,1907.5
n2_HC,n2,HC,tai30_15_07.F.15_01,11,1713.0,1984.0,1848.5
n2_HC,n2,HC,tai30_15_07.F.15_01,12,1733.0,1994.0,1863.5
n2_HC,n2,HC,tai30_15_07.F.15_01,13,1736.0,2010.0,1873.0
n2_HC,n2,HC,tai30_15_07.F.15_01,14,1703.0,1987.0,1845.0
n2_HC,n2,HC,tai30_15_07.F.15_01,15,1743.0,2015.0,1879.0
n2_HC,n2,HC,tai30_15_07.F.15_01,16,1735.0,2019.0,1877.0
n2_HC,n2,HC,tai30_15_07.F.15_01,17,1752.0,2046.0,1899.0
n2_HC,n2,HC,tai30_15_07.F.15_01,18,1739.0,2012.0,1875.5
n2_HC,n2,HC,tai30_15_07.F.15_01,19,1737.0,2003.0,1870.0
n2_HC,n2,HC,tai30_15_07.F.15_01,20,1773.0,2045.0,1909.0
n2_HC,n2,HC,tai30_15_07.F.15_01,21,1741.0,1994.0,1867.5
n2_HC,n2,HC,tai30_15_07.F.15_01,22,1737.0,2036.0,1886.5
n2_HC,n2,HC,tai30_15_07.F.15_01,23,1731.0,2011.0,1871.0
n2_HC,n2,HC,tai30_15_07.F.15_01,24,1724.0,2006.0,1865.0
n2_HC,n2,HC,tai30_15_07.F.15_01,25,1726.0,2011.0,1868.5
n2_HC,n2,HC,tai30_15_07.F.15_01,26,1721.0,2000.0,1860.5
n2_HC,n2,HC,tai30_15_07.F.15_01,27,1728.0,2008.0,1868.0
n2_HC,n2,HC,tai30_15_07.F.15_01,28,1740.0,2042.0,1891.0
n2_HC,n2,HC,tai30_15_07.F.15_01,29,1742.0,2036.0,1889.0
n2_HC,n2,HC,tai30_15_07.F.15_01,30,1742.0,2010.0,1876.0
n2_HC,n2,HC,tai30_15_08.F.15_01,1,1710.0,1960.0,1835.0
n2_HC,n2,HC,tai30_15_08.F.15_01,2,1653.0,1903.0,1778.0
n2_HC,n2,HC,tai30_15_08.F.15_01,3,1646.0,1892.0,1769.0
n2_HC,n2,HC,tai30_15_08.F.15_01,4,1635.0,1901.0,1768.0
n2_HC,n2,HC,tai30_15_08.F.15_01,5,1653.0,1896.0,1774.5
n2_HC,n2,HC,tai30_15_08.F.15_01,6,1642.0,1879.0,1760.5
n2_HC,n2,HC,tai30_15_08.F.15_01,7,1695.0,1931.0,1813.0
n2_HC,n2,HC,tai30_15_08.F.15_01,8,1681.0,1919.0,1800.0
n2_HC,n2,HC,tai30_15_08.F.15_01,9,1644.0,1946.0,1795.0
n2_HC,n2,HC,tai30_15_08.F.15_01,10,1645.0,1891.0,1768.0
n2_HC,n2,HC,tai30_15_08.F.15_01,11,1674.0,1936.0,1805.0
n2_HC,n2,HC,tai30_15_08.F.15_01,12,1716.0,1946.0,1831.0
n2_HC,n2,HC,tai30_15_08.F.15_01,13,1660.0,1918.0,1789.0
n2_HC,n2,HC,tai30_15_08.F.15_01,14,1673.0,1915.0,1794.0
n2_HC,n2,HC,tai30_15_08.F.15_01,15,1682.0,1944.0,1813.0
n2_HC,n2,HC,tai30_15_08.F.15_01,16,1660.0,1927.0,1793.5
n2_HC,n2,HC,tai30_15_08.F.15_01,17,1643.0,1899.0,1771.0
n2_HC,n2,HC,tai30_15_08.F.15_01,18,1672.0,1928.0,1800.0
n2_HC,n2,HC,tai30_15_08.F.15_01,19,1703.0,1942.0,1822.5
n2_HC,n2,HC,tai30_15_08.F.15_01,20,1660.0,1894.0,1777.0
n2_HC,n2,HC,tai30_15_08.F.15_01,21,1671.0,1915.0,1793.0
n2_HC,n2,HC,tai30_15_08.F.15_01,22,1651.0,1912.0,1781.5
n2_HC,n2,HC,tai30_15_08.F.15_01,23,1640.0,1888.0,1764.0
n2_HC,n2,HC,tai30_15_08.F.15_01,24,1689.0,1939.0,1814.0
n2_HC,n2,HC,tai30_15_08.F.15_01,25,1662.0,1946.0,1804.0
n2_HC,n2,HC,tai30_15_08.F.15_01,26,1644.0,1891.0,1767.5
n2_HC,n2,HC,tai30_15_08.F.15_01,27,1634.0,1899.0,1766.5
n2_HC,n2,HC,tai30_15_08.F.15_01,28,1650.0,1911.0,1780.5
n2_HC,n2,HC,tai30_15_08.F.15_01,29,1682.0,1901.0,1791.5
n2_HC,n2,HC,tai30_15_08.F.15_01,30,1655.0,1923.0,1789.0
n2_HC,n2,HC,tai30_15_09.F.15_01,1,1783.0,2029.0,1906.0
n2_HC,n2,HC,tai30_15_09.F.15_01,2,1724.0,2013.0,1868.5
n2_HC,n2,HC,tai30_15_09.F.15_01,3,1758.0,1996.0,1877.0
n2_HC,n2,HC,tai30_15_09.F.15_01,4,1830.0,2062.0,1946.0
n2_HC,n2,HC,tai30_15_09.F.15_01,5,1752.0,1990.0,1871.0
n2_HC,n2,HC,tai30_15_09.F.15_01,6,1756.0,1992.0,1874.0
n2_HC,n2,HC,tai30_15_09.F.15_01,7,1762.0,1985.0,1873.5
n2_HC,n2,HC,tai30_15_09.F.15_01,8,1762.0,2013.0,1887.5
n2_HC,n2,HC,tai30_15_09.F.15_01,9,1769.0,2030.0,1899.5
n2_HC,n2,HC,tai30_15_09.F.15_01,10,1762.0,2010.0,1886.0
n2_HC,n2,HC,tai30_15_09.F.15_01,11,1790.0,2010.0,1900.0
n2_HC,n2,HC,tai30_15_09.F.15_01,12,1767.0,1999.0,1883.0
n2_HC,n2,HC,tai30_15_09.F.15_01,13,1794.0,2038.0,1916.0
n2_HC,n2,HC,tai30_15_09.F.15_01,14,1816.0,2062.0,1939.0
n2_HC,n2,HC,tai30_15_09.F.15_01,15,1779.0,2013.0,1896.0
n2_HC,n2,HC,tai30_15_09.F.15_01,16,1779.0,2007.0,1893.0
n2_HC,n2,HC,tai30_15_09.F.15_01,17,1754.0,2000.0,1877.0
n2_HC,n2,HC,tai30_15_09.F.15_01,18,1761.0,2029.0,1895.0
n2_HC,n2,HC,tai30_15_09.F.15_01,19,1776.0,2005.0,1890.5
n2_HC,n2,HC,tai30_15_09.F.15_01,20,1729.0,1986.0,1857.5
n2_HC,n2,HC,tai30_15_09.F.15_01,21,1744.0,1966.0,1855.0
n2_HC,n2,HC,tai30_15_09.F.15_01,22,1780.0,2064.0,1922.0
n2_HC,n2,HC,tai30_15_09.F.15_01,23,1754.0,2012.0,1883.0
n2_HC,n2,HC,tai30_15_09.F.15_01,24,1789.0,2035.0,1912.0
n2_HC,n2,HC,tai30_15_09.F.15_01,25,1774.0,2010.0,1892.0
n2_HC,n2,HC,tai30_15_09.F.15_01,26,1766.0,2002.0,1884.0
n2_HC,n2,HC,tai30_15_09.F.15_01,27,1790.0,2036.0,1913.0
n2_HC,n2,HC,tai30_15_09.F.15_01,28,1781.0,2032.0,1906.5
n2_HC,n2,HC,tai30_15_09.F.15_01,29,1790.0,2048.0,1919.0
n2_HC,n2,HC,tai30_15_09.F.15_01,30,1740.0,1983.0,1861.5
n2_HC,n2,HC,tai30_15_10.F.15_01,1,1687.0,1939.0,1813.0
n2_HC,n2,HC,tai30_15_10.F.15_01,2,1685.0,1900.0,1792.5
n2_HC,n2,HC,tai30_15_10.F.15_01,3,1688.0,1930.0,1809.0
n2_HC,n2,HC,tai30_15_10.F.15_01,4,1700.0,1945.0,1822.5
n2_HC,n2,HC,tai30_15_10.F.15_01,5,1703.0,1928.0,1815.5
n2_HC,n2,HC,tai30_15_10.F.15_01,6,1689.0,1916.0,1802.5
n2_HC,n2,HC,tai30_15_10.F.15_01,7,1725.0,1959.0,1842.0
n2_HC,n2,HC,tai30_15_10.F.15_01,8,1686.0,1923.0,1804.5
n2_HC,n2,HC,tai30_15_10.F.15_01,9,1686.0,1907.0,1796.5
n2_HC,n2,HC,tai30_15_10.F.15_01,10,1702.0,1923.0,1812.5
n2_HC,n2,HC,tai30_15_10.F.15_01,11,1685.0,1913.0,1799.0
n2_HC,n2,HC,tai30_15_10.F.15_01,12,1689.0,1908.0,1798.5
n2_HC,n2,HC,tai30_15_10.F.15_01,13,1693.0,1905.0,1799.0
n2_HC,n2,HC,tai30_15_10.F.15_01,14,1695.0,1926.0,1810.5
n2_HC,n2,HC,tai30_15_10.F.15_01,15,1698.0,1940.0,1819.0
n2_HC,n2,HC,tai30_15_10.F.15_01,16,1683.0,1917.0,1800.0
n2_HC,n2,HC,tai30_15_10.F.15_01,17,1676.0,1907.0,1791.5
n2_HC,n2,HC,tai30_15_10.F.15_01,18,1690.0,1899.0,1794.5
n2_HC,n2,HC,tai30_15_10.F.15_01,19,1682.0,1901.0,1791.5
n2_HC,n2,HC,tai30_15_10.F.15_01,20,1690.0,1924.0,1807.0
n2_HC,n2,HC,tai30_15_10.F.15_01,21,1665.0,1898.0,1781.5
n2_HC,n2,HC,tai30_15_10.F.15_01,22,1681.0,1923.0,1802.0
n2_HC,n2,HC,tai30_15_10.F.15_01,23,1657.0,1897.0,1777.0
n2_HC,n2,HC,tai30_15_10.F.15_01,24,1712.0,1918.0,1815.0
n2_HC,n2,HC,tai30_15_10.F.15_01,25,1673.0,1902.0,1787.5
n2_HC,n2,HC,tai30_15_10.F.15_01,26,1729.0,1961.0,1845.0
n2_HC,n2,HC,tai30_15_10.F.15_01,27,1681.0,1916.0,1798.5
n2_HC,n2,HC,tai30_15_10.F.15_01,28,1701.0,1906.0,1803.5
n2_HC,n2,HC,tai30_15_10.F.15_01,29,1672.0,1896.0,1784.0
n2_HC,n2,HC,tai30_15_10.F.15_01,30,1727.0,1929.0,1828.0
n2_HC,n2,HC,tai30_20_01.F.15_01,1,2050.0,2334.0,2192.0
n2_HC,n2,HC,tai30_20_01.F.15_01,2,2063.0,2340.0,2201.5
n2_HC,n2,HC,tai30_20_01.F.15_01,3,2119.0,2370.0,2244.5
n2_HC,n2,HC,tai30_20_01.F.15_01,4,2057.0,2339.0,2198.0
n2_HC,n2,HC,tai30_20_01.F.15_01,5,2057.0,2335.0,2196.0
n2_HC,n2,HC,tai30_20_01.F.15_01,6,2039.0,2318.0,2178.5
n2_HC,n2,HC,tai30_20_01.F.15_01,7,2068.0,2372.0,2220.0
n2_HC,n2,HC,tai30_20_01.F.15_01,8,2099.0,2377.0,2238.0
n2_HC,n2,HC,tai30_20_01.F.15_01,9,2079.0,2351.0,2215.0
n2_HC,n2,HC,tai30_20_01.F.15_01,10,2079.0,2386.0,2232.5
n2_HC,n2,HC,tai30_20_01.F.15_01,11,2128.0,2412.0,2270.0
n2_HC,n2,HC,tai30_20_01.F.15_01,12,2097.0,2376.0,2236.5
n2_HC,n2,HC,tai30_20_01.F.15_01,13,2122.0,2397.0,2259.5
n2_HC,n2,HC,tai30_20_01.F.15_01,14,2068.0,2337.0,2202.5
n2_HC,n2,HC,tai30_20_01.F.15_01,15,2015.0,2312.0,2163.5
n2_HC,n2,HC,tai30_20_01.F.15_01,16,2047.0,2342.0,2194.5
n2_HC,n2,HC,tai30_20_01.F.15_01,17,2061.0,2363.0,2212.0
n2_HC,n2,HC,tai30_20_01.F.15_01,18,2071.0,2362.0,2216.5
n2_HC,n2,HC,tai30_20_01.F.15_01,19,2101.0,2396.0,2248.5
n2_HC,n2,HC,tai30_20_01.F.15_01,20,2049.0,2335.0,2192.0
n2_HC,n2,HC,tai30_20_01.F.15_01,21,2064.0,2333.0,2198.5
n2_HC,n2,HC,tai30_20_01.F.15_01,22,2052.0,2330.0,2191.0
n2_HC,n2,HC,tai30_20_01.F.15_01,23,2052.0,2309.0,2180.5
n2_HC,n2,HC,tai30_20_01.F.15_01,24,2022.0,2303.0,2162.5
n2_HC,n2,HC,tai30_20_01.F.15_01,25,2049.0,2342.0,2195.5
n2_HC,n2,HC,tai30_20_01.F.15_01,26,2033.0,2331.0,2182.0
n2_HC,n2,HC,tai30_20_01.F.15_01,27,2054.0,2325.0,2189.5
n2_HC,n2,HC,tai30_20_01.F.15_01,28,2019.0,2314.0,2166.5
n2_HC,n2,HC,tai30_20_01.F.15_01,29,2075.0,2335.0,2205.0
n2_HC,n2,HC,tai30_20_01.F.15_01,30,2057.0,2317.0,2187.0
n2_HC,n2,HC,tai30_20_02.F.15_01,1,2019.0,2256.0,2137.5
n2_HC,n2,HC,tai30_20_02.F.15_01,2,1932.0,2205.0,2068.5
n2_HC,n2,HC,tai30_20_02.F.15_01,3,1998.0,2263.0,2130.5
n2_HC,n2,HC,tai30_20_02.F.15_01,4,1985.0,2257.0,2121.0
n2_HC,n2,HC,tai30_20_02.F.15_01,5,1937.0,2224.0,2080.5
n2_HC,n2,HC,tai30_20_02.F.15_01,6,1986.0,2260.0,2123.0
n2_HC,n2,HC,tai30_20_02.F.15_01,7,1999.0,2270.0,2134.5
n2_HC,n2,HC,tai30_20_02.F.15_01,8,1959.0,2278.0,2118.5
n2_HC,n2,HC,tai30_20_02.F.15_01,9,1972.0,2244.0,2108.0
n2_HC,n2,HC,tai30_20_02.F.15_01,10,1935.0,2252.0,2093.5
n2_HC,n2,HC,tai30_20_02.F.15_01,11,1961.0,2250.0,2105.5
n2_HC,n2,HC,tai30_20_02.F.15_01,12,1965.0,2235.0,2100.0
n2_HC,n2,HC,tai30_20_02.F.15_01,13,1971.0,2239.0,2105.0
n2_HC,n2,HC,tai30_20_02.F.15_01,14,1971.0,2240.0,2105.5
n2_HC,n2,HC,tai30_20_02.F.15_01,15,1959.0,2250.0,2104.5
n2_HC,n2,HC,tai30_20_02.F.15_01,16,1972.0,2294.0,2133.0
n2_HC,n2,HC,tai30_20_02.F.15_01,17,1950.0,2246.0,2098.0
n2_HC,n2,HC,tai30_20_02.F.15_01,18,1915.0,2208.0,2061.5
n2_HC,n2,HC,tai30_20_02.F.15_01,19,1939.0,2213.0,2076.0
n2_HC,n2,HC,tai30_20_02.F.15_01,20,1988.0,2265.0,2126.5
n2_HC,n2,HC,tai30_20_02.F.15_01,21,1924.0,2251.0,2087.5
n2_HC,n2,HC,tai30_20_02.F.15_01,22,1977.0,2252.0,2114.5
n2_HC,n2,HC,tai30_20_02.F.15_01,23,1971.0,2274.0,2122.5
n2_HC,n2,HC,tai30_20_02.F.15_01,24,1954.0,2255.0,2104.5
n2_HC,n2,HC,tai30_20_02.F.15_01,25,1922.0,2212.0,2067.0
n2_HC,n2,HC,tai30_20_02.F.15_01,26,1990.0,2280.0,2135.0
n2_HC,n2,HC,tai30_20_02.F.15_01,27,1994.0,2292.0,2143.0
n2_HC,n2,HC,tai30_20_02.F.15_01,28,1985.0,2276.0,2130.5
n2_HC,n2,HC,tai30_20_02.F.15_01,29,1918.0,2204.0,2061.0
n2_HC,n2,HC,tai30_20_02.F.15_01,30,1938.0,2233.0,2085.5
n2_HC,n2,HC,tai30_20_03.F.15_01,1,1875.0,2117.0,1996.0
n2_HC,n2,HC,tai30_20_03.F.15_01,2,1920.0,2174.0,2047.0
n2_HC,n2,HC,tai30_20_03.F.15_01,3,1913.0,2164.0,2038.5
n2_HC,n2,HC,tai30_20_03.F.15_01,4,1868.0,2133.0,2000.5
n2_HC,n2,HC,tai30_20_03.F.15_01,5,1895.0,2123.0,2009.0
n2_HC,n2,HC,tai30_20_03.F.15_01,6,1909.0,2153.0,2031.0
n2_HC,n2,HC,tai30_20_03.F.15_01,7,1899.0,2129.0,2014.0
n2_HC,n2,HC,tai30_20_03.F.15_01,8,1922.0,2166.0,2044.0
n2_HC,n2,HC,tai30_20_03.F.15_01,9,1874.0,2154.0,2014.0
n2_HC,n2,HC,tai30_20_03.F.15_01,10,1859.0,2122.0,1990.5
n2_HC,n2,HC,tai30_20_03.F.15_01,11,1866.0,2096.0,1981.0
n2_HC,n2,HC,tai30_20_03.F.15_01,12,1895.0,2151.0,2023.0
n2_HC,n2,HC,tai30_20_03.F.15_01,13,1911.0,2162.0,2036.5
n2_HC,n2,HC,tai30_20_03.F.15_01,14,1938.0,2169.0,2053.5
n2_HC,n2,HC,tai30_20_03.F.15_01,15,1884.0,2142.0,2013.0
n2_HC,n2,HC,tai30_20_03.F.15_01,16,1928.0,2197.0,2062.5
n2_HC,n2,HC,tai30_20_03.F.15_01,17,1925.0,2212.0,2068.5
n2_HC,n2,HC,tai30_20_03.F.15_01,18,1875.0,2146.0,2010.5
n2_HC,n2,HC,tai30_20_03.F.15_01,19,1886.0,2129.0,2007.5
n2_HC,n2,HC,tai30_20_03.F.15_01,20,1881.0,2132.0,2006.5
n2_HC,n2,HC,tai30_20_03.F.15_01,21,1914.0,2173.0,2043.5
n2_HC,n2,HC,tai30_20_03.F.15_01,22,1878.0,2134.0,2006.0
n2_HC,n2,HC,tai30_20_03.F.15_01,23,1899.0,2150.0,2024.5
n2_HC,n2,HC,tai30_20_03.F.15_01,24,1871.0,2123.0,1997.0
n2_HC,n2,HC,tai30_20_03.F.15_01,25,1880.0,2128.0,2004.0
n2_HC,n2,HC,tai30_20_03.F.15_01,26,1914.0,2175.0,2044.5
n2_HC,n2,HC,tai30_20_03.F.15_01,27,1920.0,2214.0,2067.0
n2_HC,n2,HC,tai30_20_03.F.15_01,28,1943.0,2188.0,2065.5
n2_HC,n2,HC,tai30_20_03.F.15_01,29,1925.0,2180.0,2052.5
n2_HC,n2,HC,tai30_20_03.F.15_01,30,1857.0,2128.0,1992.5
n2_HC,n2,HC,tai30_20_04.F.15_01,1,1997.0,2256.0,2126.5
n2_HC,n2,HC,tai30_20_04.F.15_01,2,1987.0,2259.0,2123.0
n2_HC,n2,HC,tai30_20_04.F.15_01,3,1997.0,2251.0,2124.0
n2_HC,n2,HC,tai30_20_04.F.15_01,4,2014.0,2274.0,2144.0
n2_HC,n2,HC,tai30_20_04.F.15_01,5,2063.0,2300.0,2181.5
n2_HC,n2,HC,tai30_20_04.F.15_01,6,2030.0,2281.0,2155.5
n2_HC,n2,HC,tai30_20_04.F.15_01,7,2001.0,2256.0,2128.5
n2_HC,n2,HC,tai30_20_04.F.15_01,8,2068.0,2310.0,2189.0
n2_HC,n2,HC,tai30_20_04.F.15_01,9,2009.0,2236.0,2122.5
n2_HC,n2,HC,tai30_20_04.F.15_01,10,2022.0,2297.0,2159.5
n2_HC,n2,HC,tai30_20_04.F.15_01,11,2043.0,2297.0,2170.0
n2_HC,n2,HC,tai30_20_04.F.15_01,12,1992.0,2247.0,2119.5
n2_HC,n2,HC,tai30_20_04.F.15_01,13,1984.0,2232.0,2108.0
n2_HC,n2,HC,tai30_20_04.F.15_01,14,1985.0,2259.0,2122.0
n2_HC,n2,HC,tai30_20_04.F.15_01,15,2096.0,2344.0,2220.0
n2_HC,n2,HC,tai30_20_04.F.15_01,16,2033.0,2279.0,2156.0
n2_HC,n2,HC,tai30_20_04.F.15_01,17,2045.0,2293.0,2169.0
n2_HC,n2,HC,tai30_20_04.F.15_01,18,2010.0,2285.0,2147.5
n2_HC,n2,HC,tai30_20_04.F.15_01,19,2005.0,2263.0,2134.0
n2_HC,n2,HC,tai30_20_04.F.15_01,20,2065.0,2316.0,2190.5
n2_HC,n2,HC,tai30_20_04.F.15_01,21,2048.0,2302.0,2175.0
n2_HC,n2,HC,tai30_20_04.F.15_01,22,1999.0,2246.0,2122.5
n2_HC,n2,HC,tai30_20_04.F.15_01,23,2009.0,2265.0,2137.0
n2_HC,n2,HC,tai30_20_04.F.15_01,24,2056.0,2301.0,2178.5
n2_HC,n2,HC,tai30_20_04.F.15_01,25,2024.0,2262.0,2143.0
n2_HC,n2,HC,tai30_20_04.F.15_01,26,1958.0,2223.0,2090.5
n2_HC,n2,HC,tai30_20_04.F.15_01,27,1998.0,2255.0,2126.5
n2_HC,n2,HC,tai30_20_04.F.15_01,28,2035.0,2270.0,2152.5
n2_HC,n2,HC,tai30_20_04.F.15_01,29,2008.0,2252.0,2130.0
n2_HC,n2,HC,tai30_20_04.F.15_01,30,2016.0,2287.0,2151.5
n2_HC,n2,HC,tai30_20_05.F.15_01,1,2024.0,2265.0,2144.5
n2_HC,n2,HC,tai30_20_05.F.15_01,2,2011.0,2255.0,2133.0
n2_HC,n2,HC,tai30_20_05.F.15_01,3,1974.0,2231.0,2102.5
n2_HC,n2,HC,tai30_20_05.F.15_01,4,2013.0,2219.0,2116.0
n2_HC,n2,HC,tai30_20_05.F.15_01,5,1977.0,2235.0,2106.0
n2_HC,n2,HC,tai30_20_05.F.15_01,6,1999.0,2252.0,2125.5
n2_HC,n2,HC,tai30_20_05.F.15_01,7,1972.0,2217.0,2094.5
n2_HC,n2,HC,tai30_20_05.F.15_01,8,2047.0,2295.0,2171.0
n2_HC,n2,HC,tai30_20_05.F.15_01,9,2011.0,2256.0,2133.5
n2_HC,n2,HC,tai30_20_05.F.15_01,10,2048.0,2282.0,2165.0
n2_HC,n2,HC,tai30_20_05.F.15_01,11,2022.0,2269.0,2145.5
n2_HC,n2,HC,tai30_20_05.F.15_01,12,1997.0,2221.0,2109.0
n2_HC,n2,HC,tai30_20_05.F.15_01,13,2036.0,2240.0,2138.0
n2_HC,n2,HC,tai30_20_05.F.15_01,14,1999.0,2261.0,2130.0
n2_HC,n2,HC,tai30_20_05.F.15_01,15,1996.0,2239.0,2117.5
n2_HC,n2,HC,tai30_20_05.F.15_01,16,1979.0,2225.0,2102.0
n2_HC,n2,HC,tai30_20_05.F.15_01,17,1989.0,2210.0,2099.5
n2_HC,n2,HC,tai30_20_05.F.15_01,18,2012.0,2233.0,2122.5
n2_HC,n2,HC,tai30_20_05.F.15_01,19,1991.0,2238.0,2114.5
n2_HC,n2,HC,tai30_20_05.F.15_01,20,2004.0,2237.0,2120.5
n2_HC,n2,HC,tai30_20_05.F.15_01,21,1991.0,2257.0,2124.0
n2_HC,n2,HC,tai30_20_05.F.15_01,22,2039.0,2281.0,2160.0
n2_HC,n2,HC,tai30_20_05.F.15_01,23,2001.0,2262.0,2131.5
n2_HC,n2,HC,tai30_20_05.F.15_01,24,1981.0,2210.0,2095.5
n2_HC,n2,HC,tai30_20_05.F.15_01,25,2033.0,2292.0,2162.5
n2_HC,n2,HC,tai30_20_05.F.15_01,26,1996.0,2254.0,2125.0
n2_HC,n2,HC,tai30_20_05.F.15_01,27,1993.0,2241.0,2117.0
n2_HC,n2,HC,tai30_20_05.F.15_01,28,2005.0,2253.0,2129.0
n2_HC,n2,HC,tai30_20_05.F.15_01,29,1987.0,2239.0,2113.0
n2_HC,n2,HC,tai30_20_05.F.15_01,30,2028.0,2274.0,2151.0
n2_HC,n2,HC,tai30_20_06.F.15_01,1,2014.0,2300.0,2157.0
n2_HC,n2,HC,tai30_20_06.F.15_01,2,2071.0,2349.0,2210.0
n2_HC,n2,HC,tai30_20_06.F.15_01,3,2020.0,2298.0,2159.0
n2_HC,n2,HC,tai30_20_06.F.15_01,4,2054.0,2356.0,2205.0
n2_HC,n2,HC,tai30_20_06.F.15_01,5,2081.0,2339.0,2210.0
n2_HC,n2,HC,tai30_20_06.F.15_01,6,2073.0,2363.0,2218.0
n2_HC,n2,HC,tai30_20_06.F.15_01,7,2095.0,2380.0,2237.5
n2_HC,n2,HC,tai30_20_06.F.15_01,8,2030.0,2330.0,2180.0
n2_HC,n2,HC,tai30_20_06.F.15_01,9,2052.0,2331.0,2191.5
n2_HC,n2,HC,tai30_20_06.F.15_01,10,2076.0,2366.0,2221.0
n2_HC,n2,HC,tai30_20_06.F.15_01,11,2044.0,2302.0,2173.0
n2_HC,n2,HC,tai30_20_06.F.15_01,12,2056.0,2333.0,2194.5
n2_HC,n2,HC,tai30_20_06.F.15_01,13,2098.0,2390.0,2244.0
n2_HC,n2,HC,tai30_20_06.F.15_01,14,2065.0,2332.0,2198.5
n2_HC,n2,HC,tai30_20_06.F.15_01,15,2094.0,2342.0,2218.0
n2_HC,n2,HC,tai30_20_06.F.15_01,16,2016.0,2320.0,2168.0
n2_HC,n2,HC,tai30_20_06.F.15_01,17,2042.0,2324.0,2183.0
n2_HC,n2,HC,tai30_20_06.F.15_01,18,2045.0,2322.0,2183.5
n2_HC,n2,HC,tai30_20_06.F.15_01,19,2022.0,2322.0,2172.0
n2_HC,n2,HC,tai30_20_06.F.15_01,20,2091.0,2370.0,2230.5
n2_HC,n2,HC,tai30_20_06.F.15_01,21,2079.0,2357.0,2218.0
n2_HC,n2,HC,tai30_20_06.F.15_01,22,2010.0,2288.0,2149.0
n2_HC,n2,HC,tai30_20_06.F.15_01,23,2055.0,2319.0,2187.0
n2_HC,n2,HC,tai30_20_06.F.15_01,24,2127.0,2419.0,2273.0
n2_HC,n2,HC,tai30_20_06.F.15_01,25,2072.0,2352.0,2212.0
n2_HC,n2,HC,tai30_20_06.F.15_01,26,2091.0,2359.0,2225.0
n2_HC,n2,HC,tai30_20_06.F.15_01,27,1999.0,2271.0,2135.0
n2_HC,n2,HC,tai30_20_06.F.15_01,28,2116.0,2382.0,2249.0
n2_HC,n2,HC,tai30_20_06.F.15_01,29,2089.0,2366.0,2227.5
n2_HC,n2,HC,tai30_20_06.F.15_01,30,2016.0,2276.0,2146.0
n2_HC,n2,HC,tai30_20_07.F.15_01,1,1952.0,2221.0,2086.5
n2_HC,n2,HC,tai30_20_07.F.15_01,2,1913.0,2197.0,2055.0
n2_HC,n2,HC,tai30_20_07.F.15_01,3,1952.0,2199.0,2075.5
n2_HC,n2,HC,tai30_20_07.F.15_01,4,1996.0,2253.0,2124.5
n2_HC,n2,HC,tai30_20_07.F.15_01,5,1931.0,2195.0,2063.0
n2_HC,n2,HC,tai30_20_07.F.15_01,6,1953.0,2204.0,2078.5
n2_HC,n2,HC,tai30_20_07.F.15_01,7,1923.0,2173.0,2048.0
n2_HC,n2,HC,tai30_20_07.F.15_01,8,1955.0,2229.0,2092.0
n2_HC,n2,HC,tai30_20_07.F.15_01,9,1944.0,2234.0,2089.0
n2_HC,n2,HC,tai30_20_07.F.15_01,10,1939.0,2214.0,2076.5
n2_HC,n2,HC,tai30_20_07.F.15_01,11,1932.0,2193.0,2062.5
n2_HC,n2,HC,tai30_20_07.F.15_01,12,1938.0,2189.0,2063.5
n2_HC,n2,HC,tai30_20_07.F.15_01,13,1959.0,2195.0,2077.0
n2_HC,n2,HC,tai30_20_07.F.15_01,14,1985.0,2268.0,2126.5
n2_HC,n2,HC,tai30_20_07.F.15_01,15,1929.0,2164.0,2046.5
n2_HC,n2,HC,tai30_20_07.F.15_01,16,1969.0,2225.0,2097.0
n2_HC,n2,HC,tai30_20_07.F.15_01,17,1949.0,2219.0,2084.0
n2_HC,n2,HC,tai30_20_07.F.15_01,18,1913.0,2181.0,2047.0
n2_HC,n2,HC,tai30_20_07.F.15_01,19,1995.0,2264.0,2129.5
n2_HC,n2,HC,tai30_20_07.F.15_01,20,1918.0,2224.0,2071.0
n2_HC,n2,HC,tai30_20_07.F.15_01,21,1952.0,2194.0,2073.0
n2_HC,n2,HC,tai30_20_07.F.15_01,22,1949.0,2243.0,2096.0
n2_HC,n2,HC,tai30_20_07.F.15_01,23,1964.0,2249.0,2106.5
n2_HC,n2,HC,tai30_20_07.F.15_01,24,1923.0,2197.0,2060.0
n2_HC,n2,HC,tai30_20_07.F.15_01,25,1960.0,2200.0,2080.0
n2_HC,n2,HC,tai30_20_07.F.15_01,26,1998.0,2262.0,2130.0
n2_HC,n2,HC,tai30_20_07.F.15_01,27,1973.0,2237.0,2105.0
n2_HC,n2,HC,tai30_20_07.F.15_01,28,1958.0,2220.0,2089.0
n2_HC,n2,HC,tai30_20_07.F.15_01,29,1924.0,2190.0,2057.0
n2_HC,n2,HC,tai30_20_07.F.15_01,30,1962.0,2240.0,2101.0
n2_HC,n2,HC,tai30_20_08.F.15_01,1,1993.0,2276.0,2134.5
n2_HC,n2,HC,tai30_20_08.F.15_01,2,1977.0,2244.0,2110.5
n2_HC,n2,HC,tai30_20_08.F.15_01,3,1973.0,2231.0,2102.0
n2_HC,n2,HC,tai30_20_08.F.15_01,4,2001.0,2284.0,2142.5
n2_HC,n2,HC,tai30_20_08.F.15_01,5,2009.0,2258.0,2133.5
n2_HC,n2,HC,tai30_20_08.F.15_01,6,1950.0,2228.0,2089.0
n2_HC,n2,HC,tai30_20_08.F.15_01,7,2008.0,2347.0,2177.5
n2_HC,n2,HC,tai30_20_08.F.15_01,8,1986.0,2270.0,2128.0
n2_HC,n2,HC,tai30_20_08.F.15_01,9,1964.0,2270.0,2117.0
n2_HC,n2,HC,tai30_20_08.F.15_01,10,1934.0,2215.0,2074.5
n2_HC,n2,HC,tai30_20_08.F.15_01,11,2003.0,2259.0,2131.0
n2_HC,n2,HC,tai30_20_08.F.15_01,12,1934.0,2242.0,2088.0
n2_HC,n2,HC,tai30_20_08.F.15_01,13,1947.0,2256.0,2101.5
n2_HC,n2,HC,tai30_20_08.F.15_01,14,1938.0,2247.0,2092.5
n2_HC,n2,HC,tai30_20_08.F.15_01,15,1994.0,2260.0,2127.0
n2_HC,n2,HC,tai30_20_08.F.15_01,16,1949.0,2206.0,2077.5
n2_HC,n2,HC,tai30_20_08.F.15_01,17,1951.0,2244.0,2097.5
n2_HC,n2,HC,tai30_20_08.F.15_01,18,2015.0,2268.0,2141.5
n2_HC,n2,HC,tai30_20_08.F.15_01,19,2046.0,2311.0,2178.5
n2_HC,n2,HC,tai30_20_08.F.15_01,20,2016.0,2240.0,2128.0
n2_HC,n2,HC,tai30_20_08.F.15_01,21,1999.0,2265.0,2132.0
n2_HC,n2,HC,tai30_20_08.F.15_01,22,2005.0,2271.0,2138.0
n2_HC,n2,HC,tai30_20_08.F.15_01,23,1929.0,2233.0,2081.0
n2_HC,n2,HC,tai30_20_08.F.15_01,24,1957.0,2251.0,2104.0
n2_HC,n2,HC,tai30_20_08.F.15_01,25,1971.0,2257.0,2114.0
n2_HC,n2,HC,tai30_20_08.F.15_01,26,1947.0,2230.0,2088.5
n2_HC,n2,HC,tai30_20_08.F.15_01,27,2035.0,2313.0,2174.0
n2_HC,n2,HC,tai30_20_08.F.15_01,28,2000.0,2252.0,2126.0
n2_HC,n2,HC,tai30_20_08.F.15_01,29,1951.0,2228.0,2089.5
n2_HC,n2,HC,tai30_20_08.F.15_01,30,1959.0,2267.0,2113.0
n2_HC,n2,HC,tai30_20_09.F.15_01,1,1943.0,2221.0,2082.0
n2_HC,n2,HC,tai30_20_09.F.15_01,2,1982.0,2239.0,2110.5
n2_HC,n2,HC,tai30_20_09.F.15_01,3,2005.0,2259.0,2132.0
n2_HC,n2,HC,tai30_20_09.F.15_01,4,1973.0,2245.0,2109.0
n2_HC,n2,HC,tai30_20_09.F.15_01,5,2002.0,2248.0,2125.0
n2_HC,n2,HC,tai30_20_09.F.15_01,6,1973.0,2251.0,2112.0
n2_HC,n2,HC,tai30_20_09.F.15_01,7,1950.0,2225.0,2087.5
n2_HC,n2,HC,tai30_20_09.F.15_01,8,1988.0,2239.0,2113.5
n2_HC,n2,HC,tai30_20_09.F.15_01,9,1937.0,2225.0,2081.0
n2_HC,n2,HC,tai30_20_09.F.15_01,10,1951.0,2222.0,2086.5
n2_HC,n2,HC,tai30_20_09.F.15_01,11,1997.0,2240.0,2118.5
n2_HC,n2,HC,tai30_20_09.F.15_01,12,1950.0,2205.0,2077.5
n2_HC,n2,HC,tai30_20_09.F.15_01,13,1965.0,2220.0,2092.5
n2_HC,n2,HC,tai30_20_09.F.15_01,14,2010.0,2240.0,2125.0
n2_HC,n2,HC,tai30_20_09.F.15_01,15,1978.0,2248.0,2113.0
n2_HC,n2,HC,tai30_20_09.F.15_01,16,1965.0,2223.0,2094.0
n2_HC,n2,HC,tai30_20_09.F.15_01,17,2030.0,2305.0,2167.5
n2_HC,n2,HC,tai30_20_09.F.15_01,18,1967.0,2233.0,2100.0
n2_HC,n2,HC,tai30_20_09.F.15_01,19,1952.0,2210.0,2081.0
n2_HC,n2,HC,tai30_20_09.F.15_01,20,1969.0,2211.0,2090.0
n2_HC,n2,HC,tai30_20_09.F.15_01,21,2009.0,2275.0,2142.0
n2_HC,n2,HC,tai30_20_09.F.15_01,22,1954.0,2197.0,2075.5
n2_HC,n2,HC,tai30_20_09.F.15_01,23,2056.0,2298.0,2177.0
n2_HC,n2,HC,tai30_20_09.F.15_01,24,1962.0,2211.0,2086.5
n2_HC,n2,HC,tai30_20_09.F.15_01,25,1980.0,2230.0,2105.0
n2_HC,n2,HC,tai30_20_09.F.15_01,26,1979.0,2238.0,2108.5
n2_HC,n2,HC,tai30_20_09.F.15_01,27,1962.0,2226.0,2094.0
n2_HC,n2,HC,tai30_20_09.F.15_01,28,1978.0,2246.0,2112.0
n2_HC,n2,HC,tai30_20_09.F.15_01,29,1983.0,2259.0,2121.0
n2_HC,n2,HC,tai30_20_09.F.15_01,30,1984.0,2241.0,2112.5
n2_HC,n2,HC,tai30_20_10.F.15_01,1,1977.0,2257.0,2117.0
n2_HC,n2,HC,tai30_20_10.F.15_01,2,1966.0,2217.0,2091.5
n2_HC,n2,HC,tai30_20_10.F.15_01,3,1953.0,2248.0,2100.5
n2_HC,n2,HC,tai30_20_10.F.15_01,4,1983.0,2247.0,2115.0
n2_HC,n2,HC,tai30_20_10.F.15_01,5,1972.0,2232.0,2102.0
n2_HC,n2,HC,tai30_20_10.F.15_01,6,1963.0,2250.0,2106.5
n2_HC,n2,HC,tai30_20_10.F.15_01,7,1970.0,2242.0,2106.0
n2_HC,n2,HC,tai30_20_10.F.15_01,8,2018.0,2292.0,2155.0
n2_HC,n2,HC,tai30_20_10.F.15_01,9,2018.0,2282.0,2150.0
n2_HC,n2,HC,tai30_20_10.F.15_01,10,1961.0,2236.0,2098.5
n2_HC,n2,HC,tai30_20_10.F.15_01,11,1956.0,2235.0,2095.5
n2_HC,n2,HC,tai30_20_10.F.15_01,12,2021.0,2293.0,2157.0
n2_HC,n2,HC,tai30_20_10.F.15_01,13,1972.0,2241.0,2106.5
n2_HC,n2,HC,tai30_20_10.F.15_01,14,1985.0,2261.0,2123.0
n2_HC,n2,HC,tai30_20_10.F.15_01,15,1966.0,2244.0,2105.0
n2_HC,n2,HC,tai30_20_10.F.15_01,16,1940.0,2201.0,2070.5
n2_HC,n2,HC,tai30_20_10.F.15_01,17,1951.0,2230.0,2090.5
n2_HC,n2,HC,tai30_20_10.F.15_01,18,1972.0,2229.0,2100.5
n2_HC,n2,HC,tai30_20_10.F.15_01,19,1959.0,2239.0,2099.0
n2_HC,n2,HC,tai30_20_10.F.15_01,20,2007.0,2297.0,2152.0
n2_HC,n2,HC,tai30_20_10.F.15_01,21,1968.0,2242.0,2105.0
n2_HC,n2,HC,tai30_20_10.F.15_01,22,1961.0,2235.0,2098.0
n2_HC,n2,HC,tai30_20_10.F.15_01,23,1972.0,2274.0,2123.0
n2_HC,n2,HC,tai30_20_10.F.15_01,24,1953.0,2223.0,2088.0
n2_HC,n2,HC,tai30_20_10.F.15_01,25,1998.0,2280.0,2139.0
n2_HC,n2,HC,tai30_20_10.F.15_01,26,1974.0,2256.0,2115.0
n2_HC,n2,HC,tai30_20_10.F.15_01,27,2049.0,2335.0,2192.0
n2_HC,n2,HC,tai30_20_10.F.15_01,28,1961.0,2233.0,2097.0
n2_HC,n2,HC,tai30_20_10.F.15_01,29,1967.0,2240.0,2103.5
n2_HC,n2,HC,tai30_20_10.F.15_01,30,1976.0,2243.0,2109.5
n2_HC,n2,HC,tai50_15_01.F.15_01,1,2672.0,3068.0,2870.0
n2_HC,n2,HC,tai50_15_01.F.15_01,2,2609.0,3030.0,2819.5
n2_HC,n2,HC,tai50_15_01.F.15_01,3,2604.0,3018.0,2811.0
n2_HC,n2,HC,tai50_15_01.F.15_01,4,2686.0,3108.0,2897.0
n2_HC,n2,HC,tai50_15_01.F.15_01,5,2594.0,2998.0,2796.0
n2_HC,n2,HC,tai50_15_01.F.15_01,6,2595.0,2984.0,2789.5
n2_HC,n2,HC,tai50_15_01.F.15_01,7,2642.0,3036.0,2839.0
n2_HC,n2,HC,tai50_15_01.F.15_01,8,2587.0,2991.0,2789.0
n2_HC,n2,HC,tai50_15_01.F.15_01,9,2656.0,3076.0,2866.0
n2_HC,n2,HC,tai50_15_01.F.15_01,10,2640.0,3019.0,2829.5
n2_HC,n2,HC,tai50_15_01.F.15_01,11,2658.0,3050.0,2854.0
n2_HC,n2,HC,tai50_15_01.F.15_01,12,2635.0,3012.0,2823.5
n2_HC,n2,HC,tai50_15_01.F.15_01,13,2577.0,3005.0,2791.0
n2_HC,n2,HC,tai50_15_01.F.15_01,14,2629.0,3022.0,2825.5
n2_HC,n2,HC,tai50_15_01.F.15_01,15,2592.0,3022.0,2807.0
n2_HC,n2,HC,tai50_15_01.F.15_01,16,2595.0,2987.0,2791.0
n2_HC,n2,HC,tai50_15_01.F.15_01,17,2637.0,3054.0,2845.5
n2_HC,n2,HC,tai50_15_01.F.15_01,18,2602.0,2999.0,2800.5
n2_HC,n2,HC,tai50_15_01.F.15_01,19,2633.0,3093.0,2863.0
n2_HC,n2,HC,tai50_15_01.F.15_01,20,2698.0,3107.0,2902.5
n2_HC,n2,HC,tai50_15_01.F.15_01,21,2662.0,3050.0,2856.0
n2_HC,n2,HC,tai50_15_01.F.15_01,22,2643.0,3083.0,2863.0
n2_HC,n2,HC,tai50_15_01.F.15_01,23,2661.0,3083.0,2872.0
n2_HC,n2,HC,tai50_15_01.F.15_01,24,2592.0,2992.0,2792.0
n2_HC,n2,HC,tai50_15_01.F.15_01,25,2606.0,3029.0,2817.5
n2_HC,n2,HC,tai50_15_01.F.15_01,26,2589.0,3011.0,2800.0
n2_HC,n2,HC,tai50_15_01.F.15_01,27,2680.0,3082.0,2881.0
n2_HC,n2,HC,tai50_15_01.F.15_01,28,2696.0,3092.0,2894.0
n2_HC,n2,HC,tai50_15_01.F.15_01,29,2567.0,2971.0,2769.0
n2_HC,n2,HC,tai50_15_01.F.15_01,30,2620.0,3057.0,2838.5
n2_HC,n2,HC,tai50_15_02.F.15_01,1,2666.0,3021.0,2843.5
n2_HC,n2,HC,tai50_15_02.F.15_01,2,2685.0,3031.0,2858.0
n2_HC,n2,HC,tai50_15_02.F.15_01,3,2668.0,3036.0,2852.0
n2_HC,n2,HC,tai50_15_02.F.15_01,4,2680.0,3070.0,2875.0
n2_HC,n2,HC,tai50_15_02.F.15_01,5,2639.0,3015.0,2827.0
n2_HC,n2,HC,tai50_15_02.F.15_01,6,2662.0,3042.0,2852.0
n2_HC,n2,HC,tai50_15_02.F.15_01,7,2664.0,3062.0,2863.0
n2_HC,n2,HC,tai50_15_02.F.15_01,8,2618.0,2987.0,2802.5
n2_HC,n2,HC,tai50_15_02.F.15_01,9,2633.0,3018.0,2825.5
n2_HC,n2,HC,tai50_15_02.F.15_01,10,2653.0,3040.0,2846.5
n2_HC,n2,HC,tai50_15_02.F.15_01,11,2606.0,3027.0,2816.5
n2_HC,n2,HC,tai50_15_02.F.15_01,12,2670.0,3048.0,2859.0
n2_HC,n2,HC,tai50_15_02.F.15_01,13,2681.0,3050.0,2865.5
n2_HC,n2,HC,tai50_15_02.F.15_01,14,2684.0,3027.0,2855.5
n2_HC,n2,HC,tai50_15_02.F.15_01,15,2700.0,3049.0,2874.5
n2_HC,n2,HC,tai50_15_02.F.15_01,16,2611.0,3040.0,2825.5
n2_HC,n2,HC,tai50_15_02.F.15_01,17,2625.0,3021.0,2823.0
n2_HC,n2,HC,tai50_15_02.F.15_01,18,2616.0,3007.0,2811.5
n2_HC,n2,HC,tai50_15_02.F.15_01,19,2645.0,3014.0,2829.5
n2_HC,n2,HC,tai50_15_02.F.15_01,20,2623.0,3026.0,2824.5
n2_HC,n2,HC,tai50_15_02.F.15_01,21,2631.0,3031.0,2831.0
n2_HC,n2,HC,tai50_15_02.F.15_01,22,2605.0,2996.0,2800.5
n2_HC,n2,HC,tai50_15_02.F.15_01,23,2655.0,3057.0,2856.0
n2_HC,n2,HC,tai50_15_02.F.15_01,24,2641.0,3046.0,2843.5
n2_HC,n2,HC,tai50_15_02.F.15_01,25,2678.0,3070.0,2874.0
n2_HC,n2,HC,tai50_15_02.F.15_01,26,2611.0,2991.0,2801.0
n2_HC,n2,HC,tai50_15_02.F.15_01,27,2669.0,3046.0,2857.5
n2_HC,n2,HC,tai50_15_02.F.15_01,28,2614.0,2998.0,2806.0
n2_HC,n2,HC,tai50_15_02.F.15_01,29,2630.0,3031.0,2830.5
n2_HC,n2,HC,tai50_15_02.F.15_01,30,2670.0,3021.0,2845.5
n2_HC,n2,HC,tai50_15_03.F.15_01,1,2521.0,2947.0,2734.0
n2_HC,n2,HC,tai50_15_03.F.15_01,2,2533.0,2932.0,2732.5
n2_HC,n2,HC,tai50_15_03.F.15_01,3,2558.0,2991.0,2774.5
n2_HC,n2,HC,tai50_15_03.F.15_01,4,2521.0,2915.0,2718.0
n2_HC,n2,HC,tai50_15_03.F.15_01,5,2521.0,2917.0,2719.0
n2_HC,n2,HC,tai50_15_03.F.15_01,6,2541.0,2927.0,2734.0
n2_HC,n2,HC,tai50_15_03.F.15_01,7,2521.0,2915.0,2718.0
n2_HC,n2,HC,tai50_15_03.F.15_01,8,2521.0,2915.0,2718.0
n2_HC,n2,HC,tai50_15_03.F.15_01,9,2521.0,2915.0,2718.0
n2_HC,n2,HC,tai50_15_03.F.15_01,10,2521.0,2916.0,2718.5
n2_HC,n2,HC,tai50_15_03.F.15_01,11,2580.0,2994.0,2787.0
n2_HC,n2,HC,tai50_15_03.F.15_01,12,2555.0,2989.0,2772.0
n2_HC,n2,HC,tai50_15_03.F.15_01,13,2521.0,2933.0,2727.0
n2_HC,n2,HC,tai50_15_03.F.15_01,14,2540.0,2983.0,2761.5
n2_HC,n2,HC,tai50_15_03.F.15_01,15,2548.0,2960.0,2754.0
n2_HC,n2,HC,tai50_15_03.F.15_01,16,2521.0,2982.0,2751.5
n2_HC,n2,HC,tai50_15_03.F.15_01,17,2531.0,2970.0,2750.5
n2_HC,n2,HC,tai50_15_03.F.15_01,18,2528.0,2972.0,2750.0
n2_HC,n2,HC,tai50_15_03.F.15_01,19,2577.0,2967.0,2772.0
n2_HC,n2,HC,tai50_15_03.F.15_01,20,2521.0,2919.0,2720.0
n2_HC,n2,HC,tai50_15_03.F.15_01,21,2521.0,2924.0,2722.5
n2_HC,n2,HC,tai50_15_03.F.15_01,22,2575.0,2983.0,2779.0
n2_HC,n2,HC,tai50_15_03.F.15_01,23,2561.0,2967.0,2764.0
n2_HC,n2,HC,tai50_15_03.F.15_01,24,2533.0,2951.0,2742.0
n2_HC,n2,HC,tai50_15_03.F.15_01,25,2540.0,2960.0,2750.0
n2_HC,n2,HC,tai50_15_03.F.15_01,26,2521.0,2922.0,2721.5
n2_HC,n2,HC,tai50_15_03.F.15_01,27,2549.0,2992.0,2770.5
n2_HC,n2,HC,tai50_15_03.F.15_01,28,2542.0,2942.0,2742.0
n2_HC,n2,HC,tai50_15_03.F.15_01,29,2534.0,2948.0,2741.0
n2_HC,n2,HC,tai50_15_03.F.15_01,30,2521.0,2939.0,2730.0
n2_HC,n2,HC,tai50_15_04.F.15_01,1,2622.0,3089.0,2855.5
n2_HC,n2,HC,tai50_15_04.F.15_01,2,2619.0,3089.0,2854.0
n2_HC,n2,HC,tai50_15_04.F.15_01,3,2609.0,3073.0,2841.0
n2_HC,n2,HC,tai50_15_04.F.15_01,4,2678.0,3154.0,2916.0
n2_HC,n2,HC,tai50_15_04.F.15_01,5,2639.0,3107.0,2873.0
n2_HC,n2,HC,tai50_15_04.F.15_01,6,2618.0,3078.0,2848.0
n2_HC,n2,HC,tai50_15_04.F.15_01,7,2622.0,3089.0,2855.5
n2_HC,n2,HC,tai50_15_04.F.15_01,8,2608.0,3073.0,2840.5
n2_HC,n2,HC,tai50_15_04.F.15_01,9,2632.0,3094.0,2863.0
n2_HC,n2,HC,tai50_15_04.F.15_01,10,2642.0,3108.0,2875.0
n2_HC,n2,HC,tai50_15_04.F.15_01,11,2629.0,3091.0,2860.0
n2_HC,n2,HC,tai50_15_04.F.15_01,12,2625.0,3091.0,2858.0
n2_HC,n2,HC,tai50_15_04.F.15_01,13,2639.0,3107.0,2873.0
n2_HC,n2,HC,tai50_15_04.F.15_01,14,2619.0,3089.0,2854.0
n2_HC,n2,HC,tai50_15_04.F.15_01,15,2622.0,3089.0,2855.5
n2_HC,n2,HC,tai50_15_04.F.15_01,16,2622.0,3089.0,2855.5
n2_HC,n2,HC,tai50_15_04.F.15_01,17,2605.0,3073.0,2839.0
n2_HC,n2,HC,tai50_15_04.F.15_01,18,2622.0,3089.0,2855.5
n2_HC,n2,HC,tai50_15_04.F.15_01,19,2619.0,3089.0,2854.0
n2_HC,n2,HC,tai50_15_04.F.15_01,20,2631.0,3089.0,2860.0
n2_HC,n2,HC,tai50_15_04.F.15_01,21,2640.0,3108.0,2874.0
n2_HC,n2,HC,tai50_15_04.F.15_01,22,2608.0,3073.0,2840.5
n2_HC,n2,HC,tai50_15_04.F.15_01,23,2629.0,3087.0,2858.0
n2_HC,n2,HC,tai50_15_04.F.15_01,24,2663.0,3133.0,2898.0
n2_HC,n2,HC,tai50_15_04.F.15_01,25,2619.0,3089.0,2854.0
n2_HC,n2,HC,tai50_15_04.F.15_01,26,2608.0,3073.0,2840.5
n2_HC,n2,HC,tai50_15_04.F.15_01,27,2605.0,3073.0,2839.0
n2_HC,n2,HC,tai50_15_04.F.15_01,28,2608.0,3073.0,2840.5
n2_HC,n2,HC,tai50_15_04.F.15_01,29,2639.0,3107.0,2873.0
n2_HC,n2,HC,tai50_15_04.F.15_01,30,2625.0,3091.0,2858.0
n2_HC,n2,HC,tai50_15_05.F.15_01,1,2590.0,2993.0,2791.5
n2_HC,n2,HC,tai50_15_05.F.15_01,2,2573.0,2971.0,2772.0
n2_HC,n2,HC,tai50_15_05.F.15_01,3,2547.0,2929.0,2738.0
n2_HC,n2,HC,tai50_15_05.F.15_01,4,2610.0,3014.0,2812.0
n2_HC,n2,HC,tai50_15_05.F.15_01,5,2597.0,2989.0,2793.0
n2_HC,n2,HC,tai50_15_05.F.15_01,6,2632.0,2991.0,2811.5
n2_HC,n2,HC,tai50_15_05.F.15_01,7,2572.0,2977.0,2774.5
n2_HC,n2,HC,tai50_15_05.F.15_01,8,2637.0,3006.0,2821.5
n2_HC,n2,HC,tai50_15_05.F.15_01,9,2583.0,2974.0,2778.5
n2_HC,n2,HC,tai50_15_05.F.15_01,10,2576.0,2977.0,2776.5
n2_HC,n2,HC,tai50_15_05.F.15_01,11,2586.0,2958.0,2772.0
n2_HC,n2,HC,tai50_15_05.F.15_01,12,2620.0,2996.0,2808.0
n2_HC,n2,HC,tai50_15_05.F.15_01,13,2594.0,2978.0,2786.0
n2_HC,n2,HC,tai50_15_05.F.15_01,14,2589.0,2962.0,2775.5
n2_HC,n2,HC,tai50_15_05.F.15_01,15,2606.0,2988.0,2797.0
n2_HC,n2,HC,tai50_15_05.F.15_01,16,2594.0,2988.0,2791.0
n2_HC,n2,HC,tai50_15_05.F.15_01,17,2588.0,2974.0,2781.0
n2_HC,n2,HC,tai50_15_05.F.15_01,18,2590.0,2974.0,2782.0
n2_HC,n2,HC,tai50_15_05.F.15_01,19,2625.0,3016.0,2820.5
n2_HC,n2,HC,tai50_15_05.F.15_01,20,2637.0,3017.0,2827.0
n2_HC,n2,HC,tai50_15_05.F.15_01,21,2649.0,3018.0,2833.5
n2_HC,n2,HC,tai50_15_05.F.15_01,22,2572.0,2951.0,2761.5
n2_HC,n2,HC,tai50_15_05.F.15_01,23,2616.0,2989.0,2802.5
n2_HC,n2,HC,tai50_15_05.F.15_01,24,2568.0,2931.0,2749.5
n2_HC,n2,HC,tai50_15_05.F.15_01,25,2549.0,2947.0,2748.0
n2_HC,n2,HC,tai50_15_05.F.15_01,26,2626.0,3014.0,2820.0
n2_HC,n2,HC,tai50_15_05.F.15_01,27,2581.0,2965.0,2773.0
n2_HC,n2,HC,tai50_15_05.F.15_01,28,2597.0,2986.0,2791.5
n2_HC,n2,HC,tai50_15_05.F.15_01,29,2611.0,3010.0,2810.5
n2_HC,n2,HC,tai50_15_05.F.15_01,30,2572.0,2934.0,2753.0
n2_HC,n2,HC,tai50_15_06.F.15_01,1,2609.0,3002.0,2805.5
n2_HC,n2,HC,tai50_15_06.F.15_01,2,2631.0,3010.0,2820.5
n2_HC,n2,HC,tai50_15_06.F.15_01,3,2624.0,3032.0,2828.0
n2_HC,n2,HC,tai50_15_06.F.15_01,4,2611.0,3047.0,2829.0
n2_HC,n2,HC,tai50_15_06.F.15_01,5,2672.0,3062.0,2867.0
n2_HC,n2,HC,tai50_15_06.F.15_01,6,2668.0,3038.0,2853.0
n2_HC,n2,HC,tai50_15_06.F.15_01,7,2617.0,3016.0,2816.5
n2_HC,n2,HC,tai50_15_06.F.15_01,8,2626.0,2995.0,2810.5
n2_HC,n2,HC,tai50_15_06.F.15_01,9,2634.0,3036.0,2835.0
n2_HC,n2,HC,tai50_15_06.F.15_01,10,2595.0,2996.0,2795.5
n2_HC,n2,HC,tai50_15_06.F.15_01,11,2662.0,3057.0,2859.5
n2_HC,n2,HC,tai50_15_06.F.15_01,12,2681.0,3035.0,2858.0
n2_HC,n2,HC,tai50_15_06.F.15_01,13,2666.0,3074.0,2870.0
n2_HC,n2,HC,tai50_15_06.F.15_01,14,2663.0,3013.0,2838.0
n2_HC,n2,HC,tai50_15_06.F.15_01,15,2624.0,3039.0,2831.5
n2_HC,n2,HC,tai50_15_06.F.15_01,16,2662.0,3006.0,2834.0
n2_HC,n2,HC,tai50_15_06.F.15_01,17,2639.0,3011.0,2825.0
n2_HC,n2,HC,tai50_15_06.F.15_01,18,2627.0,3031.0,2829.0
n2_HC,n2,HC,tai50_15_06.F.15_01,19,2718.0,3054.0,2886.0
n2_HC,n2,HC,tai50_15_06.F.15_01,20,2662.0,3068.0,2865.0
n2_HC,n2,HC,tai50_15_06.F.15_01,21,2691.0,3050.0,2870.5
n2_HC,n2,HC,tai50_15_06.F.15_01,22,2626.0,3000.0,2813.0
n2_HC,n2,HC,tai50_15_06.F.15_01,23,2680.0,3068.0,2874.0
n2_HC,n2,HC,tai50_15_06.F.15_01,24,2677.0,3015.0,2846.0
n2_HC,n2,HC,tai50_15_06.F.15_01,25,2614.0,3026.0,2820.0
n2_HC,n2,HC,tai50_15_06.F.15_01,26,2702.0,3091.0,2896.5
n2_HC,n2,HC,tai50_15_06.F.15_01,27,2631.0,3046.0,2838.5
n2_HC,n2,HC,tai50_15_06.F.15_01,28,2643.0,2994.0,2818.5
n2_HC,n2,HC,tai50_15_06.F.15_01,29,2640.0,3008.0,2824.0
n2_HC,n2,HC,tai50_15_06.F.15_01,30,2627.0,3050.0,2838.5
n2_HC,n2,HC,tai50_15_07.F.15_01,1,2730.0,3167.0,2948.5
n2_HC,n2,HC,tai50_15_07.F.15_01,2,2719.0,3167.0,2943.0
n2_HC,n2,HC,tai50_15_07.F.15_01,3,2752.0,3218.0,2985.0
n2_HC,n2,HC,tai50_15_07.F.15_01,4,2737.0,3173.0,2955.0
n2_HC,n2,HC,tai50_15_07.F.15_01,5,2740.0,3186.0,2963.0
n2_HC,n2,HC,tai50_15_07.F.15_01,6,2742.0,3167.0,2954.5
n2_HC,n2,HC,tai50_15_07.F.15_01,7,2724.0,3167.0,2945.5
n2_HC,n2,HC,tai50_15_07.F.15_01,8,2730.0,3173.0,2951.5
n2_HC,n2,HC,tai50_15_07.F.15_01,9,2728.0,3167.0,2947.5
n2_HC,n2,HC,tai50_15_07.F.15_01,10,2727.0,3168.0,2947.5
n2_HC,n2,HC,tai50_15_07.F.15_01,11,2762.0,3203.0,2982.5
n2_HC,n2,HC,tai50_15_07.F.15_01,12,2766.0,3169.0,2967.5
n2_HC,n2,HC,tai50_15_07.F.15_01,13,2766.0,3229.0,2997.5
n2_HC,n2,HC,tai50_15_07.F.15_01,14,2729.0,3188.0,2958.5
n2_HC,n2,HC,tai50_15_07.F.15_01,15,2719.0,3167.0,2943.0
n2_HC,n2,HC,tai50_15_07.F.15_01,16,2767.0,3211.0,2989.0
n2_HC,n2,HC,tai50_15_07.F.15_01,17,2783.0,3209.0,2996.0
n2_HC,n2,HC,tai50_15_07.F.15_01,18,2776.0,3239.0,3007.5
n2_HC,n2,HC,tai50_15_07.F.15_01,19,2719.0,3169.0,2944.0
n2_HC,n2,HC,tai50_15_07.F.15_01,20,2729.0,3167.0,2948.0
n2_HC,n2,HC,tai50_15_07.F.15_01,21,2752.0,3179.0,2965.5
n2_HC,n2,HC,tai50_15_07.F.15_01,22,2729.0,3169.0,2949.0
n2_HC,n2,HC,tai50_15_07.F.15_01,23,2725.0,3167.0,2946.0
n2_HC,n2,HC,tai50_15_07.F.15_01,24,2719.0,3167.0,2943.0
n2_HC,n2,HC,tai50_15_07.F.15_01,25,2743.0,3191.0,2967.0
n2_HC,n2,HC,tai50_15_07.F.15_01,26,2719.0,3167.0,2943.0
n2_HC,n2,HC,tai50_15_07.F.15_01,27,2749.0,3188.0,2968.5
n2_HC,n2,HC,tai50_15_07.F.15_01,28,2719.0,3167.0,2943.0
n2_HC,n2,HC,tai50_15_07.F.15_01,29,2719.0,3167.0,2943.0
n2_HC,n2,HC,tai50_15_07.F.15_01,30,2719.0,3167.0,2943.0
n2_HC,n2,HC,tai50_15_08.F.15_01,1,2713.0,3129.0,2921.0
n2_HC,n2,HC,tai50_15_08.F.15_01,2,2682.0,3128.0,2905.0
n2_HC,n2,HC,tai50_15_08.F.15_01,3,2682.0,3128.0,2905.0
n2_HC,n2,HC,tai50_15_08.F.15_01,4,2682.0,3128.0,2905.0
n2_HC,n2,HC,tai50_15_08.F.15_01,5,2693.0,3128.0,2910.5
n2_HC,n2,HC,tai50_15_08.F.15_01,6,2691.0,3128.0,2909.5
n2_HC,n2,HC,tai50_15_08.F.15_01,7,2682.0,3128.0,2905.0
n2_HC,n2,HC,tai50_15_08.F.15_01,8,2688.0,3143.0,2915.5
n2_HC,n2,HC,tai50_15_08.F.15_01,9,2682.0,3128.0,2905.0
n2_HC,n2,HC,tai50_15_08.F.15_01,10,2727.0,3152.0,2939.5
n2_HC,n2,HC,tai50_15_08.F.15_01,11,2755.0,3170.0,2962.5
n2_HC,n2,HC,tai50_15_08.F.15_01,12,2723.0,3137.0,2930.0
n2_HC,n2,HC,tai50_15_08.F.15_01,13,2718.0,3139.0,2928.5
n2_HC,n2,HC,tai50_15_08.F.15_01,14,2682.0,3128.0,2905.0
n2_HC,n2,HC,tai50_15_08.F.15_01,15,2682.0,3128.0,2905.0
n2_HC,n2,HC,tai50_15_08.F.15_01,16,2711.0,3139.0,2925.0
n2_HC,n2,HC,tai50_15_08.F.15_01,17,2707.0,3144.0,2925.5
n2_HC,n2,HC,tai50_15_08.F.15_01,18,2682.0,3139.0,2910.5
n2_HC,n2,HC,tai50_15_08.F.15_01,19,2771.0,3211.0,2991.0
n2_HC,n2,HC,tai50_15_08.F.15_01,20,2722.0,3128.0,2925.0
n2_HC,n2,HC,tai50_15_08.F.15_01,21,2682.0,3128.0,2905.0
n2_HC,n2,HC,tai50_15_08.F.15_01,22,2708.0,3145.0,2926.5
n2_HC,n2,HC,tai50_15_08.F.15_01,23,2732.0,3190.0,2961.0
n2_HC,n2,HC,tai50_15_08.F.15_01,24,2688.0,3128.0,2908.0
n2_HC,n2,HC,tai50_15_08.F.15_01,25,2682.0,3128.0,2905.0
n2_HC,n2,HC,tai50_15_08.F.15_01,26,2682.0,3128.0,2905.0
n2_HC,n2,HC,tai50_15_08.F.15_01,27,2682.0,3128.0,2905.0
n2_HC,n2,HC,tai50_15_08.F.15_01,28,2723.0,3128.0,2925.5
n2_HC,n2,HC,tai50_15_08.F.15_01,29,2682.0,3133.0,2907.5
n2_HC,n2,HC,tai50_15_08.F.15_01,30,2716.0,3128.0,2922.0
n2_HC,n2,HC,tai50_15_09.F.15_01,1,2532.0,2908.0,2720.0
n2_HC,n2,HC,tai50_15_09.F.15_01,2,2532.0,2924.0,2728.0
n2_HC,n2,HC,tai50_15_09.F.15_01,3,2642.0,2998.0,2820.0
n2_HC,n2,HC,tai50_15_09.F.15_01,4,2608.0,3000.0,2804.0
n2_HC,n2,HC,tai50_15_09.F.15_01,5,2636.0,3040.0,2838.0
n2_HC,n2,HC,tai50_15_09.F.15_01,6,2589.0,3015.0,2802.0
n2_HC,n2,HC,tai50_15_09.F.15_01,7,2560.0,2968.0,2764.0
n2_HC,n2,HC,tai50_15_09.F.15_01,8,2574.0,2944.0,2759.0
n2_HC,n2,HC,tai50_15_09.F.15_01,9,2507.0,2922.0,2714.5
n2_HC,n2,HC,tai50_15_09.F.15_01,10,2535.0,2933.0,2734.0
n2_HC,n2,HC,tai50_15_09.F.15_01,11,2538.0,2936.0,2737.0
n2_HC,n2,HC,tai50_15_09.F.15_01,12,2543.0,2955.0,2749.0
n2_HC,n2,HC,tai50_15_09.F.15_01,13,2537.0,2928.0,2732.5
n2_HC,n2,HC,tai50_15_09.F.15_01,14,2551.0,2930.0,2740.5
n2_HC,n2,HC,tai50_15_09.F.15_01,15,2554.0,2945.0,2749.5
n2_HC,n2,HC,tai50_15_09.F.15_01,16,2549.0,2960.0,2754.5
n2_HC,n2,HC,tai50_15_09.F.15_01,17,2535.0,2892.0,2713.5
n2_HC,n2,HC,tai50_15_09.F.15_01,18,2575.0,2954.0,2764.5
n2_HC,n2,HC,tai50_15_09.F.15_01,19,2571.0,2972.0,2771.5
n2_HC,n2,HC,tai50_15_09.F.15_01,20,2580.0,2947.0,2763.5
n2_HC,n2,HC,tai50_15_09.F.15_01,21,2574.0,2975.0,2774.5
n2_HC,n2,HC,tai50_15_09.F.15_01,22,2553.0,2936.0,2744.5
n2_HC,n2,HC,tai50_15_09.F.15_01,23,2564.0,2954.0,2759.0
n2_HC,n2,HC,tai50_15_09.F.15_01,24,2519.0,2895.0,2707.0
n2_HC,n2,HC,tai50_15_09.F.15_01,25,2511.0,2893.0,2702.0
n2_HC,n2,HC,tai50_15_09.F.15_01,26,2551.0,2961.0,2756.0
n2_HC,n2,HC,tai50_15_09.F.15_01,27,2531.0,2906.0,2718.5
n2_HC,n2,HC,tai50_15_09.F.15_01,28,2524.0,2905.0,2714.5
n2_HC,n2,HC,tai50_15_09.F.15_01,29,2502.0,2911.0,2706.5
n2_HC,n2,HC,tai50_15_09.F.15_01,30,2562.0,2963.0,2762.5
n2_HC,n2,HC,tai50_15_10.F.15_01,1,2580.0,2973.0,2776.5
n2_HC,n2,HC,tai50_15_10.F.15_01,2,2596.0,2990.0,2793.0
n2_HC,n2,HC,tai50_15_10.F.15_01,3,2593.0,3001.0,2797.0
n2_HC,n2,HC,tai50_15_10.F.15_01,4,2589.0,2995.0,2792.0
n2_HC,n2,HC,tai50_15_10.F.15_01,5,2595.0,3000.0,2797.5
n2_HC,n2,HC,tai50_15_10.F.15_01,6,2570.0,2973.0,2771.5
n2_HC,n2,HC,tai50_15_10.F.15_01,7,2602.0,3009.0,2805.5
n2_HC,n2,HC,tai50_15_10.F.15_01,8,2596.0,2979.0,2787.5
n2_HC,n2,HC,tai50_15_10.F.15_01,9,2587.0,2962.0,2774.5
n2_HC,n2,HC,tai50_15_10.F.15_01,10,2622.0,3006.0,2814.0
n2_HC,n2,HC,tai50_15_10.F.15_01,11,2613.0,2997.0,2805.0
n2_HC,n2,HC,tai50_15_10.F.15_01,12,2612.0,3003.0,2807.5
n2_HC,n2,HC,tai50_15_10.F.15_01,13,2587.0,2996.0,2791.5
n2_HC,n2,HC,tai50_15_10.F.15_01,14,2574.0,2966.0,2770.0
n2_HC,n2,HC,tai50_15_10.F.15_01,15,2612.0,2992.0,2802.0
n2_HC,n2,HC,tai50_15_10.F.15_01,16,2681.0,3066.0,2873.5
n2_HC,n2,HC,tai50_15_10.F.15_01,17,2601.0,3007.0,2804.0
n2_HC,n2,HC,tai50_15_10.F.15_01,18,2600.0,2995.0,2797.5
n2_HC,n2,HC,tai50_15_10.F.15_01,19,2638.0,3014.0,2826.0
n2_HC,n2,HC,tai50_15_10.F.15_01,20,2641.0,3011.0,2826.0
n2_HC,n2,HC,tai50_15_10.F.15_01,21,2626.0,3003.0,2814.5
n2_HC,n2,HC,tai50_15_10.F.15_01,22,2629.0,3036.0,2832.5
n2_HC,n2,HC,tai50_15_10.F.15_01,23,2589.0,2975.0,2782.0
n2_HC,n2,HC,tai50_15_10.F.15_01,24,2616.0,3018.0,2817.0
n2_HC,n2,HC,tai50_15_10.F.15_01,25,2587.0,2979.0,2783.0
n2_HC,n2,HC,tai50_15_10.F.15_01,26,2639.0,3031.0,2835.0
n2_HC,n2,HC,tai50_15_10.F.15_01,27,2582.0,2978.0,2780.0
n2_HC,n2,HC,tai50_15_10.F.15_01,28,2595.0,3010.0,2802.5
n2_HC,n2,HC,tai50_15_10.F.15_01,29,2633.0,3016.0,2824.5
n2_HC,n2,HC,tai50_15_10.F.15_01,30,2597.0,2964.0,2780.5
n2_HC,n2,HC,tai50_20_01.F.15_01,1,2871.0,3277.0,3074.0
n2_HC,n2,HC,tai50_20_01.F.15_01,2,2893.0,3280.0,3086.5
n2_HC,n2,HC,tai50_20_01.F.15_01,3,2846.0,3258.0,3052.0
n2_HC,n2,HC,tai50_20_01.F.15_01,4,2870.0,3292.0,3081.0
n2_HC,n2,HC,tai50_20_01.F.15_01,5,2836.0,3242.0,3039.0
n2_HC,n2,HC,tai50_20_01.F.15_01,6,2857.0,3258.0,3057.5
n2_HC,n2,HC,tai50_20_01.F.15_01,7,2825.0,3242.0,3033.5
n2_HC,n2,HC,tai50_20_01.F.15_01,8,2794.0,3200.0,2997.0
n2_HC,n2,HC,tai50_20_01.F.15_01,9,2822.0,3222.0,3022.0
n2_HC,n2,HC,tai50_20_01.F.15_01,10,2808.0,3257.0,3032.5
n2_HC,n2,HC,tai50_20_01.F.15_01,11,2811.0,3197.0,3004.0
n2_HC,n2,HC,tai50_20_01.F.15_01,12,2844.0,3286.0,3065.0
n2_HC,n2,HC,tai50_20_01.F.15_01,13,2813.0,3217.0,3015.0
n2_HC,n2,HC,tai50_20_01.F.15_01,14,2903.0,3277.0,3090.0
n2_HC,n2,HC,tai50_20_01.F.15_01,15,2852.0,3216.0,3034.0
n2_HC,n2,HC,tai50_20_01.F.15_01,16,2835.0,3225.0,3030.0
n2_HC,n2,HC,tai50_20_01.F.15_01,17,2812.0,3226.0,3019.0
n2_HC,n2,HC,tai50_20_01.F.15_01,18,2876.0,3282.0,3079.0
n2_HC,n2,HC,tai50_20_01.F.15_01,19,2780.0,3178.0,2979.0
n2_HC,n2,HC,tai50_20_01.F.15_01,20,2820.0,3226.0,3023.0
n2_HC,n2,HC,tai50_20_01.F.15_01,21,2900.0,3303.0,3101.5
n2_HC,n2,HC,tai50_20_01.F.15_01,22,2915.0,3339.0,3127.0
n2_HC,n2,HC,tai50_20_01.F.15_01,23,2846.0,3280.0,3063.0
n2_HC,n2,HC,tai50_20_01.F.15_01,24,2791.0,3181.0,2986.0
n2_HC,n2,HC,tai50_20_01.F.15_01,25,2880.0,3258.0,3069.0
n2_HC,n2,HC,tai50_20_01.F.15_01,26,2868.0,3265.0,3066.5
n2_HC,n2,HC,tai50_20_01.F.15_01,27,2870.0,3262.0,3066.0
n2_HC,n2,HC,tai50_20_01.F.15_01,28,2886.0,3287.0,3086.5
n2_HC,n2,HC,tai50_20_01.F.15_01,29,2811.0,3237.0,3024.0
n2_HC,n2,HC,tai50_20_01.F.15_01,30,2807.0,3196.0,3001.5
n2_HC,n2,HC,tai50_20_02.F.15_01,1,2949.0,3316.0,3132.5
n2_HC,n2,HC,tai50_20_02.F.15_01,2,2917.0,3307.0,3112.0
n2_HC,n2,HC,tai50_20_02.F.15_01,3,2901.0,3292.0,3096.5
n2_HC,n2,HC,tai50_20_02.F.15_01,4,2916.0,3324.0,3120.0
n2_HC,n2,HC,tai50_20_02.F.15_01,5,2940.0,3308.0,3124.0
n2_HC,n2,HC,tai50_20_02.F.15_01,6,2912.0,3292.0,3102.0
n2_HC,n2,HC,tai50_20_02.F.15_01,7,2946.0,3324.0,3135.0
n2_HC,n2,HC,tai50_20_02.F.15_01,8,2918.0,3314.0,3116.0
n2_HC,n2,HC,tai50_20_02.F.15_01,9,2936.0,3318.0,3127.0
n2_HC,n2,HC,tai50_20_02.F.15_01,10,2910.0,3299.0,3104.5
n2_HC,n2,HC,tai50_20_02.F.15_01,11,2938.0,3301.0,3119.5
n2_HC,n2,HC,tai50_20_02.F.15_01,12,2930.0,3307.0,3118.5
n2_HC,n2,HC,tai50_20_02.F.15_01,13,2950.0,3325.0,3137.5
n2_HC,n2,HC,tai50_20_02.F.15_01,14,2955.0,3361.0,3158.0
n2_HC,n2,HC,tai50_20_02.F.15_01,15,2937.0,3304.0,3120.5
n2_HC,n2,HC,tai50_20_02.F.15_01,16,2938.0,3304.0,3121.0
n2_HC,n2,HC,tai50_20_02.F.15_01,17,2905.0,3294.0,3099.5
n2_HC,n2,HC,tai50_20_02.F.15_01,18,2882.0,3246.0,3064.0
n2_HC,n2,HC,tai50_20_02.F.15_01,19,2915.0,3297.0,3106.0
n2_HC,n2,HC,tai50_20_02.F.15_01,20,2892.0,3283.0,3087.5
n2_HC,n2,HC,tai50_20_02.F.15_01,21,2915.0,3316.0,3115.5
n2_HC,n2,HC,tai50_20_02.F.15_01,22,2859.0,3242.0,3050.5
n2_HC,n2,HC,tai50_20_02.F.15_01,23,2883.0,3325.0,3104.0
n2_HC,n2,HC,tai50_20_02.F.15_01,24,2916.0,3315.0,3115.5
n2_HC,n2,HC,tai50_20_02.F.15_01,25,2982.0,3351.0,3166.5
n2_HC,n2,HC,tai50_20_02.F.15_01,26,2954.0,3329.0,3141.5
n2_HC,n2,HC,tai50_20_02.F.15_01,27,2973.0,3334.0,3153.5
n2_HC,n2,HC,tai50_20_02.F.15_01,28,2935.0,3293.0,3114.0
n2_HC,n2,HC,tai50_20_02.F.15_01,29,2937.0,3321.0,3129.0
n2_HC,n2,HC,tai50_20_02.F.15_01,30,2923.0,3323.0,3123.0
n2_HC,n2,HC,tai50_20_03.F.15_01,1,2684.0,3134.0,2909.0
n2_HC,n2,HC,tai50_20_03.F.15_01,2,2662.0,3127.0,2894.5
n2_HC,n2,HC,tai50_20_03.F.15_01,3,2619.0,3052.0,2835.5
n2_HC,n2,HC,tai50_20_03.F.15_01,4,2769.0,3165.0,2967.0
n2_HC,n2,HC,tai50_20_03.F.15_01,5,2673.0,3110.0,2891.5
n2_HC,n2,HC,tai50_20_03.F.15_01,6,2664.0,3087.0,2875.5
n2_HC,n2,HC,tai50_20_03.F.15_01,7,2686.0,3128.0,2907.0
n2_HC,n2,HC,tai50_20_03.F.15_01,8,2679.0,3129.0,2904.0
n2_HC,n2,HC,tai50_20_03.F.15_01,9,2649.0,3068.0,2858.5
n2_HC,n2,HC,tai50_20_03.F.15_01,10,2633.0,3057.0,2845.0
n2_HC,n2,HC,tai50_20_03.F.15_01,11,2665.0,3068.0,2866.5
n2_HC,n2,HC,tai50_20_03.F.15_01,12,2686.0,3124.0,2905.0
n2_HC,n2,HC,tai50_20_03.F.15_01,13,2684.0,3116.0,2900.0
n2_HC,n2,HC,tai50_20_03.F.15_01,14,2690.0,3115.0,2902.5
n2_HC,n2,HC,tai50_20_03.F.15_01,15,2651.0,3067.0,2859.0
n2_HC,n2,HC,tai50_20_03.F.15_01,16,2740.0,3150.0,2945.0
n2_HC,n2,HC,tai50_20_03.F.15_01,17,2663.0,3124.0,2893.5
n2_HC,n2,HC,tai50_20_03.F.15_01,18,2651.0,3096.0,2873.5
n2_HC,n2,HC,tai50_20_03.F.15_01,19,2709.0,3136.0,2922.5
n2_HC,n2,HC,tai50_20_03.F.15_01,20,2652.0,3098.0,2875.0
n2_HC,n2,HC,tai50_20_03.F.15_01,21,2692.0,3151.0,2921.5
n2_HC,n2,HC,tai50_20_03.F.15_01,22,2634.0,3049.0,2841.5
n2_HC,n2,HC,tai50_20_03.F.15_01,23,2661.0,3117.0,2889.0
n2_HC,n2,HC,tai50_20_03.F.15_01,24,2678.0,3065.0,2871.5
n2_HC,n2,HC,tai50_20_03.F.15_01,25,2664.0,3098.0,2881.0
n2_HC,n2,HC,tai50_20_03.F.15_01,26,2657.0,3076.0,2866.5
n2_HC,n2,HC,tai50_20_03.F.15_01,27,2628.0,3069.0,2848.5
n2_HC,n2,HC,tai50_20_03.F.15_01,28,2680.0,3098.0,2889.0
n2_HC,n2,HC,tai50_20_03.F.15_01,29,2659.0,3077.0,2868.0
n2_HC,n2,HC,tai50_20_03.F.15_01,30,2662.0,3116.0,2889.0
n2_HC,n2,HC,tai50_20_04.F.15_01,1,2695.0,3076.0,2885.5
n2_HC,n2,HC,tai50_20_04.F.15_01,2,2592.0,2988.0,2790.0
n2_HC,n2,HC,tai50_20_04.F.15_01,3,2581.0,2974.0,2777.5
n2_HC,n2,HC,tai50_20_04.F.15_01,4,2657.0,3033.0,2845.0
n2_HC,n2,HC,tai50_20_04.F.15_01,5,2642.0,3049.0,2845.5
n2_HC,n2,HC,tai50_20_04.F.15_01,6,2597.0,3005.0,2801.0
n2_HC,n2,HC,tai50_20_04.F.15_01,7,2608.0,2998.0,2803.0
n2_HC,n2,HC,tai50_20_04.F.15_01,8,2609.0,3028.0,2818.5
n2_HC,n2,HC,tai50_20_04.F.15_01,9,2691.0,3067.0,2879.0
n2_HC,n2,HC,tai50_20_04.F.15_01,10,2643.0,3064.0,2853.5
n2_HC,n2,HC,tai50_20_04.F.15_01,11,2684.0,3059.0,2871.5
n2_HC,n2,HC,tai50_20_04.F.15_01,12,2644.0,3015.0,2829.5
n2_HC,n2,HC,tai50_20_04.F.15_01,13,2601.0,2967.0,2784.0
n2_HC,n2,HC,tai50_20_04.F.15_01,14,2663.0,3052.0,2857.5
n2_HC,n2,HC,tai50_20_04.F.15_01,15,2680.0,3060.0,2870.0
n2_HC,n2,HC,tai50_20_04.F.15_01,16,2645.0,3017.0,2831.0
n2_HC,n2,HC,tai50_20_04.F.15_01,17,2662.0,3061.0,2861.5
n2_HC,n2,HC,tai50_20_04.F.15_01,18,2623.0,3021.0,2822.0
n2_HC,n2,HC,tai50_20_04.F.15_01,19,2689.0,3071.0,2880.0
n2_HC,n2,HC,tai50_20_04.F.15_01,20,2637.0,3013.0,2825.0
n2_HC,n2,HC,tai50_20_04.F.15_01,21,2616.0,3033.0,2824.5
n2_HC,n2,HC,tai50_20_04.F.15_01,22,2623.0,3001.0,2812.0
n2_HC,n2,HC,tai50_20_04.F.15_01,23,2591.0,3008.0,2799.5
n2_HC,n2,HC,tai50_20_04.F.15_01,24,2660.0,3035.0,2847.5
n2_HC,n2,HC,tai50_20_04.F.15_01,25,2654.0,3059.0,2856.5
n2_HC,n2,HC,tai50_20_04.F.15_01,26,2632.0,3054.0,2843.0
n2_HC,n2,HC,tai50_20_04.F.15_01,27,2693.0,3051.0,2872.0
n2_HC,n2,HC,tai50_20_04.F.15_01,28,2654.0,3066.0,2860.0
n2_HC,n2,HC,tai50_20_04.F.15_01,29,2622.0,3024.0,2823.0
n2_HC,n2,HC,tai50_20_04.F.15_01,30,2682.0,3092.0,2887.0
n2_HC,n2,HC,tai50_20_05.F.15_01,1,2653.0,3047.0,2850.0
n2_HC,n2,HC,tai50_20_05.F.15_01,2,2696.0,3054.0,2875.0
n2_HC,n2,HC,tai50_20_05.F.15_01,3,2731.0,3122.0,2926.5
n2_HC,n2,HC,tai50_20_05.F.15_01,4,2685.0,3084.0,2884.5
n2_HC,n2,HC,tai50_20_05.F.15_01,5,2668.0,3076.0,2872.0
n2_HC,n2,HC,tai50_20_05.F.15_01,6,2750.0,3147.0,2948.5
n2_HC,n2,HC,tai50_20_05.F.15_01,7,2709.0,3106.0,2907.5
n2_HC,n2,HC,tai50_20_05.F.15_01,8,2713.0,3081.0,2897.0
n2_HC,n2,HC,tai50_20_05.F.15_01,9,2655.0,3051.0,2853.0
n2_HC,n2,HC,tai50_20_05.F.15_01,10,2660.0,3032.0,2846.0
n2_HC,n2,HC,tai50_20_05.F.15_01,11,2635.0,3031.0,2833.0
n2_HC,n2,HC,tai50_20_05.F.15_01,12,2694.0,3093.0,2893.5
n2_HC,n2,HC,tai50_20_05.F.15_01,13,2697.0,3076.0,2886.5
n2_HC,n2,HC,tai50_20_05.F.15_01,14,2702.0,3100.0,2901.0
n2_HC,n2,HC,tai50_20_05.F.15_01,15,2692.0,3072.0,2882.0
n2_HC,n2,HC,tai50_20_05.F.15_01,16,2758.0,3143.0,2950.5
n2_HC,n2,HC,tai50_20_05.F.15_01,17,2688.0,3082.0,2885.0
n2_HC,n2,HC,tai50_20_05.F.15_01,18,2678.0,3084.0,2881.0
n2_HC,n2,HC,tai50_20_05.F.15_01,19,2674.0,3085.0,2879.5
n2_HC,n2,HC,tai50_20_05.F.15_01,20,2687.0,3082.0,2884.5
n2_HC,n2,HC,tai50_20_05.F.15_01,21,2665.0,3060.0,2862.5
n2_HC,n2,HC,tai50_20_05.F.15_01,22,2665.0,3071.0,2868.0
n2_HC,n2,HC,tai50_20_05.F.15_01,23,2704.0,3089.0,2896.5
n2_HC,n2,HC,tai50_20_05.F.15_01,24,2683.0,3083.0,2883.0
n2_HC,n2,HC,tai50_20_05.F.15_01,25,2715.0,3072.0,2893.5
n2_HC,n2,HC,tai50_20_05.F.15_01,26,2657.0,3083.0,2870.0
n2_HC,n2,HC,tai50_20_05.F.15_01,27,2733.0,3117.0,2925.0
n2_HC,n2,HC,tai50_20_05.F.15_01,28,2654.0,3046.0,2850.0
n2_HC,n2,HC,tai50_20_05.F.15_01,29,2698.0,3082.0,2890.0
n2_HC,n2,HC,tai50_20_05.F.15_01,30,2637.0,3016.0,2826.5
n2_HC,n2,HC,tai50_20_06.F.15_01,1,2836.0,3250.0,3043.0
n2_HC,n2,HC,tai50_20_06.F.15_01,2,2783.0,3204.0,2993.5
n2_HC,n2,HC,tai50_20_06.F.15_01,3,2776.0,3198.0,2987.0
n2_HC,n2,HC,tai50_20_06.F.15_01,4,2755.0,3175.0,2965.0
n2_HC,n2,HC,tai50_20_06.F.15_01,5,2732.0,3166.0,2949.0
n2_HC,n2,HC,tai50_20_06.F.15_01,6,2811.0,3217.0,3014.0
n2_HC,n2,HC,tai50_20_06.F.15_01,7,2788.0,3254.0,3021.0
n2_HC,n2,HC,tai50_20_06.F.15_01,8,2777.0,3216.0,2996.5
n2_HC,n2,HC,tai50_20_06.F.15_01,9,2758.0,3221.0,2989.5
n2_HC,n2,HC,tai50_20_06.F.15_01,10,2825.0,3283.0,3054.0
n2_HC,n2,HC,tai50_20_06.F.15_01,11,2769.0,3161.0,2965.0
n2_HC,n2,HC,tai50_20_06.F.15_01,12,2747.0,3174.0,2960.5
n2_HC,n2,HC,tai50_20_06.F.15_01,13,2760.0,3188.0,2974.0
n2_HC,n2,HC,tai50_20_06.F.15_01,14,2798.0,3201.0,2999.5
n2_HC,n2,HC,tai50_20_06.F.15_01,15,2766.0,3182.0,2974.0
n2_HC,n2,HC,tai50_20_06.F.15_01,16,2787.0,3201.0,2994.0
n2_HC,n2,HC,tai50_20_06.F.15_01,17,2753.0,3195.0,2974.0
n2_HC,n2,HC,tai50_20_06.F.15_01,18,2751.0,3159.0,2955.0
n2_HC,n2,HC,tai50_20_06.F.15_01,19,2830.0,3222.0,3026.0
n2_HC,n2,HC,tai50_20_06.F.15_01,20,2763.0,3184.0,2973.5
n2_HC,n2,HC,tai50_20_06.F.15_01,21,2774.0,3183.0,2978.5
n2_HC,n2,HC,tai50_20_06.F.15_01,22,2814.0,3217.0,3015.5
n2_HC,n2,HC,tai50_20_06.F.15_01,23,2798.0,3232.0,3015.0
n2_HC,n2,HC,tai50_20_06.F.15_01,24,2753.0,3156.0,2954.5
n2_HC,n2,HC,tai50_20_06.F.15_01,25,2784.0,3192.0,2988.0
n2_HC,n2,HC,tai50_20_06.F.15_01,26,2764.0,3212.0,2988.0
n2_HC,n2,HC,tai50_20_06.F.15_01,27,2729.0,3149.0,2939.0
n2_HC,n2,HC,tai50_20_06.F.15_01,28,2817.0,3216.0,3016.5
n2_HC,n2,HC,tai50_20_06.F.15_01,29,2779.0,3182.0,2980.5
n2_HC,n2,HC,tai50_20_06.F.15_01,30,2855.0,3240.0,3047.5
n2_HC,n2,HC,tai50_20_07.F.15_01,1,2765.0,3214.0,2989.5
n2_HC,n2,HC,tai50_20_07.F.15_01,2,2760.0,3194.0,2977.0
n2_HC,n2,HC,tai50_20_07.F.15_01,3,2757.0,3211.0,2984.0
n2_HC,n2,HC,tai50_20_07.F.15_01,4,2752.0,3224.0,2988.0
n2_HC,n2,HC,tai50_20_07.F.15_01,5,2735.0,3177.0,2956.0
n2_HC,n2,HC,tai50_20_07.F.15_01,6,2731.0,3177.0,2954.0
n2_HC,n2,HC,tai50_20_07.F.15_01,7,2832.0,3233.0,3032.5
n2_HC,n2,HC,tai50_20_07.F.15_01,8,2767.0,3192.0,2979.5
n2_HC,n2,HC,tai50_20_07.F.15_01,9,2869.0,3295.0,3082.0
n2_HC,n2,HC,tai50_20_07.F.15_01,10,2759.0,3209.0,2984.0
n2_HC,n2,HC,tai50_20_07.F.15_01,11,2743.0,3194.0,2968.5
n2_HC,n2,HC,tai50_20_07.F.15_01,12,2786.0,3252.0,3019.0
n2_HC,n2,HC,tai50_20_07.F.15_01,13,2752.0,3213.0,2982.5
n2_HC,n2,HC,tai50_20_07.F.15_01,14,2753.0,3211.0,2982.0
n2_HC,n2,HC,tai50_20_07.F.15_01,15,2766.0,3241.0,3003.5
n2_HC,n2,HC,tai50_20_07.F.15_01,16,2733.0,3180.0,2956.5
n2_HC,n2,HC,tai50_20_07.F.15_01,17,2718.0,3147.0,2932.5
n2_HC,n2,HC,tai50_20_07.F.15_01,18,2750.0,3199.0,2974.5
n2_HC,n2,HC,tai50_20_07.F.15_01,19,2708.0,3148.0,2928.0
n2_HC,n2,HC,tai50_20_07.F.15_01,20,2719.0,3158.0,2938.5
n2_HC,n2,HC,tai50_20_07.F.15_01,21,2758.0,3218.0,2988.0
n2_HC,n2,HC,tai50_20_07.F.15_01,22,2710.0,3149.0,2929.5
n2_HC,n2,HC,tai50_20_07.F.15_01,23,2728.0,3191.0,2959.5
n2_HC,n2,HC,tai50_20_07.F.15_01,24,2761.0,3207.0,2984.0
n2_HC,n2,HC,tai50_20_07.F.15_01,25,2804.0,3224.0,3014.0
n2_HC,n2,HC,tai50_20_07.F.15_01,26,2693.0,3138.0,2915.5
n2_HC,n2,HC,tai50_20_07.F.15_01,27,2811.0,3237.0,3024.0
n2_HC,n2,HC,tai50_20_07.F.15_01,28,2766.0,3200.0,2983.0
n2_HC,n2,HC,tai50_20_07.F.15_01,29,2757.0,3176.0,2966.5
n2_HC,n2,HC,tai50_20_07.F.15_01,30,2731.0,3187.0,2959.0
n2_HC,n2,HC,tai50_20_08.F.15_01,1,2737.0,3150.0,2943.5
n2_HC,n2,HC,tai50_20_08.F.15_01,2,2772.0,3145.0,2958.5
n2_HC,n2,HC,tai50_20_08.F.15_01,3,2716.0,3091.0,2903.5
n2_HC,n2,HC,tai50_20_08.F.15_01,4,2682.0,3086.0,2884.0
n2_HC,n2,HC,tai50_20_08.F.15_01,5,2678.0,3087.0,2882.5
n2_HC,n2,HC,tai50_20_08.F.15_01,6,2669.0,3075.0,2872.0
n2_HC,n2,HC,tai50_20_08.F.15_01,7,2706.0,3091.0,2898.5
n2_HC,n2,HC,tai50_20_08.F.15_01,8,2671.0,3046.0,2858.5
n2_HC,n2,HC,tai50_20_08.F.15_01,9,2681.0,3068.0,2874.5
n2_HC,n2,HC,tai50_20_08.F.15_01,10,2682.0,3090.0,2886.0
n2_HC,n2,HC,tai50_20_08.F.15_01,11,2731.0,3114.0,2922.5
n2_HC,n2,HC,tai50_20_08.F.15_01,12,2677.0,3086.0,2881.5
n2_HC,n2,HC,tai50_20_08.F.15_01,13,2712.0,3118.0,2915.0
n2_HC,n2,HC,tai50_20_08.F.15_01,14,2735.0,3144.0,2939.5
n2_HC,n2,HC,tai50_20_08.F.15_01,15,2711.0,3093.0,2902.0
n2_HC,n2,HC,tai50_20_08.F.15_01,16,2713.0,3098.0,2905.5
n2_HC,n2,HC,tai50_20_08.F.15_01,17,2703.0,3064.0,2883.5
n2_HC,n2,HC,tai50_20_08.F.15_01,18,2741.0,3137.0,2939.0
n2_HC,n2,HC,tai50_20_08.F.15_01,19,2685.0,3080.0,2882.5
n2_HC,n2,HC,tai50_20_08.F.15_01,20,2645.0,3033.0,2839.0
n2_HC,n2,HC,tai50_20_08.F.15_01,21,2764.0,3113.0,2938.5
n2_HC,n2,HC,tai50_20_08.F.15_01,22,2727.0,3106.0,2916.5
n2_HC,n2,HC,tai50_20_08.F.15_01,23,2693.0,3081.0,2887.0
n2_HC,n2,HC,tai50_20_08.F.15_01,24,2696.0,3054.0,2875.0
n2_HC,n2,HC,tai50_20_08.F.15_01,25,2696.0,3082.0,2889.0
n2_HC,n2,HC,tai50_20_08.F.15_01,26,2727.0,3125.0,2926.0
n2_HC,n2,HC,tai50_20_08.F.15_01,27,2726.0,3121.0,2923.5
n2_HC,n2,HC,tai50_20_08.F.15_01,28,2658.0,3038.0,2848.0
n2_HC,n2,HC,tai50_20_08.F.15_01,29,2700.0,3078.0,2889.0
n2_HC,n2,HC,tai50_20_08.F.15_01,30,2714.0,3071.0,2892.5
n2_HC,n2,HC,tai50_20_09.F.15_01,1,2972.0,3422.0,3197.0
n2_HC,n2,HC,tai50_20_09.F.15_01,2,2949.0,3420.0,3184.5
n2_HC,n2,HC,tai50_20_09.F.15_01,3,2950.0,3415.0,3182.5
n2_HC,n2,HC,tai50_20_09.F.15_01,4,2910.0,3396.0,3153.0
n2_HC,n2,HC,tai50_20_09.F.15_01,5,2973.0,3406.0,3189.5
n2_HC,n2,HC,tai50_20_09.F.15_01,6,2976.0,3420.0,3198.0
n2_HC,n2,HC,tai50_20_09.F.15_01,7,2952.0,3429.0,3190.5
n2_HC,n2,HC,tai50_20_09.F.15_01,8,2939.0,3415.0,3177.0
n2_HC,n2,HC,tai50_20_09.F.15_01,9,2951.0,3396.0,3173.5
n2_HC,n2,HC,tai50_20_09.F.15_01,10,2939.0,3413.0,3176.0
n2_HC,n2,HC,tai50_20_09.F.15_01,11,2944.0,3389.0,3166.5
n2_HC,n2,HC,tai50_20_09.F.15_01,12,2913.0,3372.0,3142.5
n2_HC,n2,HC,tai50_20_09.F.15_01,13,2945.0,3396.0,3170.5
n2_HC,n2,HC,tai50_20_09.F.15_01,14,2933.0,3390.0,3161.5
n2_HC,n2,HC,tai50_20_09.F.15_01,15,2907.0,3387.0,3147.0
n2_HC,n2,HC,tai50_20_09.F.15_01,16,2943.0,3405.0,3174.0
n2_HC,n2,HC,tai50_20_09.F.15_01,17,2916.0,3374.0,3145.0
n2_HC,n2,HC,tai50_20_09.F.15_01,18,3005.0,3455.0,3230.0
n2_HC,n2,HC,tai50_20_09.F.15_01,19,2895.0,3353.0,3124.0
n2_HC,n2,HC,tai50_20_09.F.15_01,20,2969.0,3453.0,3211.0
n2_HC,n2,HC,tai50_20_09.F.15_01,21,2961.0,3421.0,3191.0
n2_HC,n2,HC,tai50_20_09.F.15_01,22,2973.0,3443.0,3208.0
n2_HC,n2,HC,tai50_20_09.F.15_01,23,2988.0,3434.0,3211.0
n2_HC,n2,HC,tai50_20_09.F.15_01,24,2941.0,3415.0,3178.0
n2_HC,n2,HC,tai50_20_09.F.15_01,25,2917.0,3359.0,3138.0
n2_HC,n2,HC,tai50_20_09.F.15_01,26,2997.0,3454.0,3225.5
n2_HC,n2,HC,tai50_20_09.F.15_01,27,2924.0,3370.0,3147.0
n2_HC,n2,HC,tai50_20_09.F.15_01,28,2935.0,3401.0,3168.0
n2_HC,n2,HC,tai50_20_09.F.15_01,29,2944.0,3402.0,3173.0
n2_HC,n2,HC,tai50_20_09.F.15_01,30,2916.0,3382.0,3149.0
n2_HC,n2,HC,tai50_20_10.F.15_01,1,2973.0,3379.0,3176.0
n2_HC,n2,HC,tai50_20_10.F.15_01,2,2987.0,3427.0,3207.0
n2_HC,n2,HC,tai50_20_10.F.15_01,3,3029.0,3433.0,3231.0
n2_HC,n2,HC,tai50_20_10.F.15_01,4,3037.0,3480.0,3258.5
n2_HC,n2,HC,tai50_20_10.F.15_01,5,3027.0,3495.0,3261.0
n2_HC,n2,HC,tai50_20_10.F.15_01,6,3026.0,3440.0,3233.0
n2_HC,n2,HC,tai50_20_10.F.15_01,7,2967.0,3401.0,3184.0
n2_HC,n2,HC,tai50_20_10.F.15_01,8,2975.0,3415.0,3195.0
n2_HC,n2,HC,tai50_20_10.F.15_01,9,2969.0,3421.0,3195.0
n2_HC,n2,HC,tai50_20_10.F.15_01,10,2950.0,3402.0,3176.0
n2_HC,n2,HC,tai50_20_10.F.15_01,11,2996.0,3399.0,3197.5
n2_HC,n2,HC,tai50_20_10.F.15_01,12,3056.0,3473.0,3264.5
n2_HC,n2,HC,tai50_20_10.F.15_01,13,3061.0,3476.0,3268.5
n2_HC,n2,HC,tai50_20_10.F.15_01,14,2961.0,3379.0,3170.0
n2_HC,n2,HC,tai50_20_10.F.15_01,15,3026.0,3445.0,3235.5
n2_HC,n2,HC,tai50_20_10.F.15_01,16,2948.0,3382.0,3165.0
n2_HC,n2,HC,tai50_20_10.F.15_01,17,2954.0,3373.0,3163.5
n2_HC,n2,HC,tai50_20_10.F.15_01,18,2994.0,3415.0,3204.5
n2_HC,n2,HC,tai50_20_10.F.15_01,19,2990.0,3434.0,3212.0
n2_HC,n2,HC,tai50_20_10.F.15_01,20,2976.0,3398.0,3187.0
n2_HC,n2,HC,tai50_20_10.F.15_01,21,2989.0,3389.0,3189.0
n2_HC,n2,HC,tai50_20_10.F.15_01,22,2940.0,3383.0,3161.5
n2_HC,n2,HC,tai50_20_10.F.15_01,23,2961.0,3377.0,3169.0
n2_HC,n2,HC,tai50_20_10.F.15_01,24,3029.0,3440.0,3234.5
n2_HC,n2,HC,tai50_20_10.F.15_01,25,3036.0,3494.0,3265.0
n2_HC,n2,HC,tai50_20_10.F.15_01,26,2972.0,3404.0,3188.0
n2_HC,n2,HC,tai50_20_10.F.15_01,27,2997.0,3462.0,3229.5
n2_HC,n2,HC,tai50_20_10.F.15_01,28,2961.0,3409.0,3185.0
n2_HC,n2,HC,tai50_20_10.F.15_01,29,2959.0,3386.0,3172.5
n2_HC,n2,HC,tai50_20_10.F.15_01,30,2977.0,3459.0,3218.0
n3_HC,n3,HC,F0.15.0.abz7_06,1,651.0,731.0,691.0
n3_HC,n3,HC,F0.15.0.abz7_06,2,648.0,730.0,689.0
n3_HC,n3,HC,F0.15.0.abz7_06,3,655.0,737.0,696.0
n3_HC,n3,HC,F0.15.0.abz7_06,4,653.0,731.0,692.0
n3_HC,n3,HC,F0.15.0.abz7_06,5,649.0,735.0,692.0
n3_HC,n3,HC,F0.15.0.abz7_06,6,654.0,729.0,691.5
n3_HC,n3,HC,F0.15.0.abz7_06,7,638.0,727.0,682.5
n3_HC,n3,HC,F0.15.0.abz7_06,8,633.0,715.0,674.0
n3_HC,n3,HC,F0.15.0.abz7_06,9,638.0,721.0,679.5
n3_HC,n3,HC,F0.15.0.abz7_06,10,639.0,731.0,685.0
n3_HC,n3,HC,F0.15.0.abz7_06,11,651.0,730.0,690.5
n3_HC,n3,HC,F0.15.0.abz7_06,12,637.0,721.0,679.0
n3_HC,n3,HC,F0.15.0.abz7_06,13,636.0,720.0,678.0
n3_HC,n3,HC,F0.15.0.abz7_06,14,642.0,728.0,685.0
n3_HC,n3,HC,F0.15.0.abz7_06,15,632.0,718.0,675.0
n3_HC,n3,HC,F0.15.0.abz7_06,16,639.0,721.0,680.0
n3_HC,n3,HC,F0.15.0.abz7_06,17,643.0,720.0,681.5
n3_HC,n3,HC,F0.15.0.abz7_06,18,644.0,723.0,683.5
n3_HC,n3,HC,F0.15.0.abz7_06,19,646.0,725.0,685.5
n3_HC,n3,HC,F0.15.0.abz7_06,20,652.0,731.0,691.5
n3_HC,n3,HC,F0.15.0.abz7_06,21,667.0,726.0,696.5
n3_HC,n3,HC,F0.15.0.abz7_06,22,648.0,734.0,691.0
n3_HC,n3,HC,F0.15.0.abz7_06,23,645.0,730.0,687.5
n3_HC,n3,HC,F0.15.0.abz7_06,24,644.0,723.0,683.5
n3_HC,n3,HC,F0.15.0.abz7_06,25,645.0,735.0,690.0
n3_HC,n3,HC,F0.15.0.abz7_06,26,642.0,721.0,681.5
n3_HC,n3,HC,F0.15.0.abz7_06,27,638.0,722.0,680.0
n3_HC,n3,HC,F0.15.0.abz7_06,28,647.0,731.0,689.0
n3_HC,n3,HC,F0.15.0.abz7_06,29,645.0,730.0,687.5
n3_HC,n3,HC,F0.15.0.abz7_06,30,665.0,736.0,700.5
n3_HC,n3,HC,F0.15.0.abz8_05,1,662.0,727.0,694.5
n3_HC,n3,HC,F0.15.0.abz8_05,2,675.0,741.0,708.0
n3_HC,n3,HC,F0.15.0.abz8_05,3,663.0,732.0,697.5
n3_HC,n3,HC,F0.15.0.abz8_05,4,655.0,732.0,693.5
n3_HC,n3,HC,F0.15.0.abz8_05,5,664.0,746.0,705.0
n3_HC,n3,HC,F0.15.0.abz8_05,6,670.0,738.0,704.0
n3_HC,n3,HC,F0.15.0.abz8_05,7,675.0,739.0,707.0
n3_HC,n3,HC,F0.15.0.abz8_05,8,664.0,738.0,701.0
n3_HC,n3,HC,F0.15.0.abz8_05,9,658.0,739.0,698.5
n3_HC,n3,HC,F0.15.0.abz8_05,10,660.0,729.0,694.5
n3_HC,n3,HC,F0.15.0.abz8_05,11,664.0,742.0,703.0
n3_HC,n3,HC,F0.15.0.abz8_05,12,668.0,738.0,703.0
n3_HC,n3,HC,F0.15.0.abz8_05,13,669.0,741.0,705.0
n3_HC,n3,HC,F0.15.0.abz8_05,14,667.0,738.0,702.5
n3_HC,n3,HC,F0.15.0.abz8_05,15,674.0,740.0,707.0
n3_HC,n3,HC,F0.15.0.abz8_05,16,675.0,745.0,710.0
n3_HC,n3,HC,F0.15.0.abz8_05,17,670.0,738.0,704.0
n3_HC,n3,HC,F0.15.0.abz8_05,18,674.0,738.0,706.0
n3_HC,n3,HC,F0.15.0.abz8_05,19,672.0,750.0,711.0
n3_HC,n3,HC,F0.15.0.abz8_05,20,664.0,739.0,701.5
n3_HC,n3,HC,F0.15.0.abz8_05,21,659.0,728.0,693.5
n3_HC,n3,HC,F0.15.0.abz8_05,22,668.0,740.0,704.0
n3_HC,n3,HC,F0.15.0.abz8_05,23,669.0,740.0,704.5
n3_HC,n3,HC,F0.15.0.abz8_05,24,671.0,741.0,706.0
n3_HC,n3,HC,F0.15.0.abz8_05,25,660.0,735.0,697.5
n3_HC,n3,HC,F0.15.0.abz8_05,26,683.0,756.0,719.5
n3_HC,n3,HC,F0.15.0.abz8_05,27,667.0,741.0,704.0
n3_HC,n3,HC,F0.15.0.abz8_05,28,660.0,739.0,699.5
n3_HC,n3,HC,F0.15.0.abz8_05,29,673.0,745.0,709.0
n3_HC,n3,HC,F0.15.0.abz8_05,30,673.0,743.0,708.0
n3_HC,n3,HC,F0.15.0.abz9_10,1,690.0,755.0,722.5
n3_HC,n3,HC,F0.15.0.abz9_10,2,696.0,773.0,734.5
n3_HC,n3,HC,F0.15.0.abz9_10,3,678.0,754.0,716.0
n3_HC,n3,HC,F0.15.0.abz9_10,4,704.0,776.0,740.0
n3_HC,n3,HC,F0.15.0.abz9_10,5,722.0,789.0,755.5
n3_HC,n3,HC,F0.15.0.abz9_10,6,690.0,750.0,720.0
n3_HC,n3,HC,F0.15.0.abz9_10,7,688.0,763.0,725.5
n3_HC,n3,HC,F0.15.0.abz9_10,8,702.0,767.0,734.5
n3_HC,n3,HC,F0.15.0.abz9_10,9,693.0,762.0,727.5
n3_HC,n3,HC,F0.15.0.abz9_10,10,697.0,768.0,732.5
n3_HC,n3,HC,F0.15.0.abz9_10,11,703.0,787.0,745.0
n3_HC,n3,HC,F0.15.0.abz9_10,12,680.0,754.0,717.0
n3_HC,n3,HC,F0.15.0.abz9_10,13,714.0,775.0,744.5
n3_HC,n3,HC,F0.15.0.abz9_10,14,686.0,764.0,725.0
n3_HC,n3,HC,F0.15.0.abz9_10,15,694.0,761.0,727.5
n3_HC,n3,HC,F0.15.0.abz9_10,16,679.0,758.0,718.5
n3_HC,n3,HC,F0.15.0.abz9_10,17,700.0,765.0,732.5
n3_HC,n3,HC,F0.15.0.abz9_10,18,699.0,765.0,732.0
n3_HC,n3,HC,F0.15.0.abz9_10,19,690.0,759.0,724.5
n3_HC,n3,HC,F0.15.0.abz9_10,20,684.0,770.0,727.0
n3_HC,n3,HC,F0.15.0.abz9_10,21,696.0,768.0,732.0
n3_HC,n3,HC,F0.15.0.abz9_10,22,696.0,763.0,729.5
n3_HC,n3,HC,F0.15.0.abz9_10,23,701.0,776.0,738.5
n3_HC,n3,HC,F0.15.0.abz9_10,24,691.0,769.0,730.0
n3_HC,n3,HC,F0.15.0.abz9_10,25,683.0,762.0,722.5
n3_HC,n3,HC,F0.15.0.abz9_10,26,703.0,780.0,741.5
n3_HC,n3,HC,F0.15.0.abz9_10,27,704.0,775.0,739.5
n3_HC,n3,HC,F0.15.0.abz9_10,28,699.0,777.0,738.0
n3_HC,n3,HC,F0.15.0.abz9_10,29,699.0,779.0,739.0
n3_HC,n3,HC,F0.15.0.abz9_10,30,708.0,777.0,742.5
n3_HC,n3,HC,F0.15.0.ft10_10,1,907.0,1000.0,953.5
n3_HC,n3,HC,F0.15.0.ft10_10,2,882.0,989.0,935.5
n3_HC,n3,HC,F0.15.0.ft10_10,3,910.0,1016.0,963.0
n3_HC,n3,HC,F0.15.0.ft10_10,4,909.0,1025.0,967.0
n3_HC,n3,HC,F0.15.0.ft10_10,5,878.0,1000.0,939.0
n3_HC,n3,HC,F0.15.0.ft10_10,6,913.0,1025.0,969.0
n3_HC,n3,HC,F0.15.0.ft10_10,7,909.0,1003.0,956.0
n3_HC,n3,HC,F0.15.0.ft10_10,8,923.0,1014.0,968.5
n3_HC,n3,HC,F0.15.0.ft10_10,9,890.0,990.0,940.0
n3_HC,n3,HC,F0.15.0.ft10_10,10,913.0,1025.0,969.0
n3_HC,n3,HC,F0.15.0.ft10_10,11,882.0,989.0,935.5
n3_HC,n3,HC,F0.15.0.ft10_10,12,895.0,1003.0,949.0
n3_HC,n3,HC,F0.15.0.ft10_10,13,913.0,1025.0,969.0
n3_HC,n3,HC,F0.15.0.ft10_10,14,904.0,1015.0,959.5
n3_HC,n3,HC,F0.15.0.ft10_10,15,895.0,997.0,946.0
n3_HC,n3,HC,F0.15.0.ft10_10,16,908.0,1014.0,961.0
n3_HC,n3,HC,F0.15.0.ft10_10,17,915.0,1017.0,966.0
n3_HC,n3,HC,F0.15.0.ft10_10,18,916.0,994.0,955.0
n3_HC,n3,HC,F0.15.0.ft10_10,19,901.0,1015.0,958.0
n3_HC,n3,HC,F0.15.0.ft10_10,20,905.0,1002.0,953.5
n3_HC,n3,HC,F0.15.0.ft10_10,21,905.0,1002.0,953.5
n3_HC,n3,HC,F0.15.0.ft10_10,22,907.0,1003.0,955.0
n3_HC,n3,HC,F0.15.0.ft10_10,23,902.0,1013.0,957.5
n3_HC,n3,HC,F0.15.0.ft10_10,24,897.0,1001.0,949.0
n3_HC,n3,HC,F0.15.0.ft10_10,25,895.0,1003.0,949.0
n3_HC,n3,HC,F0.15.0.ft10_10,26,895.0,1015.0,955.0
n3_HC,n3,HC,F0.15.0.ft10_10,27,916.0,1022.0,969.0
n3_HC,n3,HC,F0.15.0.ft10_10,28,887.0,1018.0,952.5
n3_HC,n3,HC,F0.15.0.ft10_10,29,900.0,1003.0,951.5
n3_HC,n3,HC,F0.15.0.ft10_10,30,895.0,1003.0,949.0
n3_HC,n3,HC,F0.15.0.ft20_05,1,1109.0,1251.0,1180.0
n3_HC,n3,HC,F0.15.0.ft20_05,2,1109.0,1251.0,1180.0
n3_HC,n3,HC,F0.15.0.ft20_05,3,1106.0,1250.0,1178.0
n3_HC,n3,HC,F0.15.0.ft20_05,4,1109.0,1251.0,1180.0
n3_HC,n3,HC,F0.15.0.ft20_05,5,1111.0,1253.0,1182.0
n3_HC,n3,HC,F0.15.0.ft20_05,6,1109.0,1251.0,1180.0
n3_HC,n3,HC,F0.15.0.ft20_05,7,1124.0,1275.0,1199.5
n3_HC,n3,HC,F0.15.0.ft20_05,8,1109.0,1251.0,1180.0
n3_HC,n3,HC,F0.15.0.ft20_05,9,1111.0,1253.0,1182.0
n3_HC,n3,HC,F0.15.0.ft20_05,10,1128.0,1282.0,1205.0
n3_HC,n3,HC,F0.15.0.ft20_05,11,1101.0,1245.0,1173.0
n3_HC,n3,HC,F0.15.0.ft20_05,12,1106.0,1250.0,1178.0
n3_HC,n3,HC,F0.15.0.ft20_05,13,1109.0,1251.0,1180.0
n3_HC,n3,HC,F0.15.0.ft20_05,14,1109.0,1251.0,1180.0
n3_HC,n3,HC,F0.15.0.ft20_05,15,1111.0,1259.0,1185.0
n3_HC,n3,HC,F0.15.0.ft20_05,16,1111.0,1253.0,1182.0
n3_HC,n3,HC,F0.15.0.ft20_05,17,1111.0,1253.0,1182.0
n3_HC,n3,HC,F0.15.0.ft20_05,18,1105.0,1251.0,1178.0
n3_HC,n3,HC,F0.15.0.ft20_05,19,1128.0,1270.0,1199.0
n3_HC,n3,HC,F0.15.0.ft20_05,20,1121.0,1263.0,1192.0
n3_HC,n3,HC,F0.15.0.ft20_05,21,1109.0,1251.0,1180.0
n3_HC,n3,HC,F0.15.0.ft20_05,22,1111.0,1253.0,1182.0
n3_HC,n3,HC,F0.15.0.ft20_05,23,1102.0,1246.0,1174.0
n3_HC,n3,HC,F0.15.0.ft20_05,24,1114.0,1254.0,1184.0
n3_HC,n3,HC,F0.15.0.ft20_05,25,1111.0,1253.0,1182.0
n3_HC,n3,HC,F0.15.0.ft20_05,26,1134.0,1276.0,1205.0
n3_HC,n3,HC,F0.15.0.ft20_05,27,1102.0,1246.0,1174.0
n3_HC,n3,HC,F0.15.0.ft20_05,28,1106.0,1253.0,1179.5
n3_HC,n3,HC,F0.15.0.ft20_05,29,1128.0,1270.0,1199.0
n3_HC,n3,HC,F0.15.0.ft20_05,30,1115.0,1251.0,1183.0
n3_HC,n3,HC,F0.15.0.la21_04,1,1029.0,1156.0,1092.5
n3_HC,n3,HC,F0.15.0.la21_04,2,1029.0,1154.0,1091.5
n3_HC,n3,HC,F0.15.0.la21_04,3,1025.0,1166.0,1095.5
n3_HC,n3,HC,F0.15.0.la21_04,4,1001.0,1143.0,1072.0
n3_HC,n3,HC,F0.15.0.la21_04,5,1016.0,1148.0,1082.0
n3_HC,n3,HC,F0.15.0.la21_04,6,1020.0,1153.0,1086.5
n3_HC,n3,HC,F0.15.0.la21_04,7,1027.0,1157.0,1092.0
n3_HC,n3,HC,F0.15.0.la21_04,8,1016.0,1134.0,1075.0
n3_HC,n3,HC,F0.15.0.la21_04,9,1015.0,1160.0,1087.5
n3_HC,n3,HC,F0.15.0.la21_04,10,1013.0,1132.0,1072.5
n3_HC,n3,HC,F0.15.0.la21_04,11,1044.0,1186.0,1115.0
n3_HC,n3,HC,F0.15.0.la21_04,12,1013.0,1156.0,1084.5
n3_HC,n3,HC,F0.15.0.la21_04,13,1040.0,1152.0,1096.0
n3_HC,n3,HC,F0.15.0.la21_04,14,996.0,1143.0,1069.5
n3_HC,n3,HC,F0.15.0.la21_04,15,1016.0,1147.0,1081.5
n3_HC,n3,HC,F0.15.0.la21_04,16,1025.0,1158.0,1091.5
n3_HC,n3,HC,F0.15.0.la21_04,17,1014.0,1143.0,1078.5
n3_HC,n3,HC,F0.15.0.la21_04,18,1009.0,1146.0,1077.5
n3_HC,n3,HC,F0.15.0.la21_04,19,1031.0,1156.0,1093.5
n3_HC,n3,HC,F0.15.0.la21_04,20,1029.0,1177.0,1103.0
n3_HC,n3,HC,F0.15.0.la21_04,21,1006.0,1150.0,1078.0
n3_HC,n3,HC,F0.15.0.la21_04,22,1031.0,1156.0,1093.5
n3_HC,n3,HC,F0.15.0.la21_04,23,998.0,1146.0,1072.0
n3_HC,n3,HC,F0.15.0.la21_04,24,1016.0,1152.0,1084.0
n3_HC,n3,HC,F0.15.0.la21_04,25,1029.0,1155.0,1092.0
n3_HC,n3,HC,F0.15.0.la21_04,26,998.0,1156.0,1077.0
n3_HC,n3,HC,F0.15.0.la21_04,27,1038.0,1178.0,1108.0
n3_HC,n3,HC,F0.15.0.la21_04,28,1011.0,1181.0,1096.0
n3_HC,n3,HC,F0.15.0.la21_04,29,1030.0,1167.0,1098.5
n3_HC,n3,HC,F0.15.0.la21_04,30,1017.0,1171.0,1094.0
n3_HC,n3,HC,F0.15.0.la24_03,1,889.0,1028.0,958.5
n3_HC,n3,HC,F0.15.0.la24_03,2,875.0,1033.0,954.0
n3_HC,n3,HC,F0.15.0.la24_03,3,903.0,1048.0,975.5
n3_HC,n3,HC,F0.15.0.la24_03,4,882.0,1032.0,957.0
n3_HC,n3,HC,F0.15.0.la24_03,5,883.0,1019.0,951.0
n3_HC,n3,HC,F0.15.0.la24_03,6,883.0,1019.0,951.0
n3_HC,n3,HC,F0.15.0.la24_03,7,894.0,1050.0,972.0
n3_HC,n3,HC,F0.15.0.la24_03,8,895.0,1051.0,973.0
n3_HC,n3,HC,F0.15.0.la24_03,9,902.0,1039.0,970.5
n3_HC,n3,HC,F0.15.0.la24_03,10,908.0,1016.0,962.0
n3_HC,n3,HC,F0.15.0.la24_03,11,910.0,1048.0,979.0
n3_HC,n3,HC,F0.15.0.la24_03,12,876.0,1013.0,944.5
n3_HC,n3,HC,F0.15.0.la24_03,13,886.0,1039.0,962.5
n3_HC,n3,HC,F0.15.0.la24_03,14,886.0,1033.0,959.5
n3_HC,n3,HC,F0.15.0.la24_03,15,889.0,1032.0,960.5
n3_HC,n3,HC,F0.15.0.la24_03,16,865.0,1019.0,942.0
n3_HC,n3,HC,F0.15.0.la24_03,17,883.0,1019.0,951.0
n3_HC,n3,HC,F0.15.0.la24_03,18,900.0,1041.0,970.5
n3_HC,n3,HC,F0.15.0.la24_03,19,892.0,1023.0,957.5
n3_HC,n3,HC,F0.15.0.la24_03,20,895.0,1051.0,973.0
n3_HC,n3,HC,F0.15.0.la24_03,21,899.0,1041.0,970.0
n3_HC,n3,HC,F0.15.0.la24_03,22,890.0,1025.0,957.5
n3_HC,n3,HC,F0.15.0.la24_03,23,892.0,1045.0,968.5
n3_HC,n3,HC,F0.15.0.la24_03,24,888.0,1028.0,958.0
n3_HC,n3,HC,F0.15.0.la24_03,25,880.0,1039.0,959.5
n3_HC,n3,HC,F0.15.0.la24_03,26,889.0,1028.0,958.5
n3_HC,n3,HC,F0.15.0.la24_03,27,894.0,1035.0,964.5
n3_HC,n3,HC,F0.15.0.la24_03,28,895.0,1051.0,973.0
n3_HC,n3,HC,F0.15.0.la24_03,29,899.0,1047.0,973.0
n3_HC,n3,HC,F0.15.0.la24_03,30,903.0,1038.0,970.5
n3_HC,n3,HC,F0.15.0.la25_04,1,917.0,1064.0,990.5
n3_HC,n3,HC,F0.15.0.la25_04,2,999.0,1103.0,1051.0
n3_HC,n3,HC,F0.15.0.la25_04,3,935.0,1068.0,1001.5
n3_HC,n3,HC,F0.15.0.la25_04,4,997.0,1083.0,1040.0
n3_HC,n3,HC,F0.15.0.la25_04,5,917.0,1052.0,984.5
n3_HC,n3,HC,F0.15.0.la25_04,6,958.0,1066.0,1012.0
n3_HC,n3,HC,F0.15.0.la25_04,7,931.0,1064.0,997.5
n3_HC,n3,HC,F0.15.0.la25_04,8,913.0,1045.0,979.0
n3_HC,n3,HC,F0.15.0.la25_04,9,933.0,1068.0,1000.5
n3_HC,n3,HC,F0.15.0.la25_04,10,933.0,1071.0,1002.0
n3_HC,n3,HC,F0.15.0.la25_04,11,933.0,1071.0,1002.0
n3_HC,n3,HC,F0.15.0.la25_04,12,938.0,1063.0,1000.5
n3_HC,n3,HC,F0.15.0.la25_04,13,975.0,1072.0,1023.5
n3_HC,n3,HC,F0.15.0.la25_04,14,935.0,1068.0,1001.5
n3_HC,n3,HC,F0.15.0.la25_04,15,936.0,1059.0,997.5
n3_HC,n3,HC,F0.15.0.la25_04,16,956.0,1076.0,1016.0
n3_HC,n3,HC,F0.15.0.la25_04,17,917.0,1052.0,984.5
n3_HC,n3,HC,F0.15.0.la25_04,18,943.0,1072.0,1007.5
n3_HC,n3,HC,F0.15.0.la25_04,19,923.0,1057.0,990.0
n3_HC,n3,HC,F0.15.0.la25_04,20,962.0,1096.0,1029.0
n3_HC,n3,HC,F0.15.0.la25_04,21,960.0,1062.0,1011.0
n3_HC,n3,HC,F0.15.0.la25_04,22,958.0,1066.0,1012.0
n3_HC,n3,HC,F0.15.0.la25_04,23,939.0,1051.0,995.0
n3_HC,n3,HC,F0.15.0.la25_04,24,935.0,1066.0,1000.5
n3_HC,n3,HC,F0.15.0.la25_04,25,923.0,1052.0,987.5
n3_HC,n3,HC,F0.15.0.la25_04,26,936.0,1059.0,997.5
n3_HC,n3,HC,F0.15.0.la25_04,27,923.0,1052.0,987.5
n3_HC,n3,HC,F0.15.0.la25_04,28,942.0,1051.0,996.5
n3_HC,n3,HC,F0.15.0.la25_04,29,923.0,1052.0,987.5
n3_HC,n3,HC,F0.15.0.la25_04,30,947.0,1051.0,999.0
n3_HC,n3,HC,F0.15.0.la27_09,1,1186.0,1352.0,1269.0
n3_HC,n3,HC,F0.15.0.la27_09,2,1198.0,1372.0,1285.0
n3_HC,n3,HC,F0.15.0.la27_09,3,1213.0,1369.0,1291.0
n3_HC,n3,HC,F0.15.0.la27_09,4,1209.0,1369.0,1289.0
n3_HC,n3,HC,F0.15.0.la27_09,5,1193.0,1353.0,1273.0
n3_HC,n3,HC,F0.15.0.la27_09,6,1186.0,1352.0,1269.0
n3_HC,n3,HC,F0.15.0.la27_09,7,1206.0,1368.0,1287.0
n3_HC,n3,HC,F0.15.0.la27_09,8,1208.0,1355.0,1281.5
n3_HC,n3,HC,F0.15.0.la27_09,9,1186.0,1356.0,1271.0
n3_HC,n3,HC,F0.15.0.la27_09,10,1205.0,1355.0,1280.0
n3_HC,n3,HC,F0.15.0.la27_09,11,1193.0,1352.0,1272.5
n3_HC,n3,HC,F0.15.0.la27_09,12,1214.0,1366.0,1290.0
n3_HC,n3,HC,F0.15.0.la27_09,13,1190.0,1356.0,1273.0
n3_HC,n3,HC,F0.15.0.la27_09,14,1209.0,1379.0,1294.0
n3_HC,n3,HC,F0.15.0.la27_09,15,1186.0,1352.0,1269.0
n3_HC,n3,HC,F0.15.0.la27_09,16,1208.0,1352.0,1280.0
n3_HC,n3,HC,F0.15.0.la27_09,17,1186.0,1352.0,1269.0
n3_HC,n3,HC,F0.15.0.la27_09,18,1186.0,1352.0,1269.0
n3_HC,n3,HC,F0.15.0.la27_09,19,1196.0,1352.0,1274.0
n3_HC,n3,HC,F0.15.0.la27_09,20,1186.0,1352.0,1269.0
n3_HC,n3,HC,F0.15.0.la27_09,21,1186.0,1352.0,1269.0
n3_HC,n3,HC,F0.15.0.la27_09,22,1186.0,1352.0,1269.0
n3_HC,n3,HC,F0.15.0.la27_09,23,1197.0,1357.0,1277.0
n3_HC,n3,HC,F0.15.0.la27_09,24,1201.0,1361.0,1281.0
n3_HC,n3,HC,F0.15.0.la27_09,25,1186.0,1352.0,1269.0
n3_HC,n3,HC,F0.15.0.la27_09,26,1208.0,1366.0,1287.0
n3_HC,n3,HC,F0.15.0.la27_09,27,1208.0,1366.0,1287.0
n3_HC,n3,HC,F0.15.0.la27_09,28,1186.0,1352.0,1269.0
n3_HC,n3,HC,F0.15.0.la27_09,29,1221.0,1381.0,1301.0
n3_HC,n3,HC,F0.15.0.la27_09,30,1199.0,1355.0,1277.0
n3_HC,n3,HC,F0.15.0.la29_03,1,1140.0,1300.0,1220.0
n3_HC,n3,HC,F0.15.0.la29_03,2,1157.0,1315.0,1236.0
n3_HC,n3,HC,F0.15.0.la29_03,3,1158.0,1318.0,1238.0
n3_HC,n3,HC,F0.15.0.la29_03,4,1138.0,1301.0,1219.5
n3_HC,n3,HC,F0.15.0.la29_03,5,1144.0,1300.0,1222.0
n3_HC,n3,HC,F0.15.0.la29_03,6,1171.0,1305.0,1238.0
n3_HC,n3,HC,F0.15.0.la29_03,7,1157.0,1315.0,1236.0
n3_HC,n3,HC,F0.15.0.la29_03,8,1158.0,1288.0,1223.0
n3_HC,n3,HC,F0.15.0.la29_03,9,1128.0,1282.0,1205.0
n3_HC,n3,HC,F0.15.0.la29_03,10,1148.0,1304.0,1226.0
n3_HC,n3,HC,F0.15.0.la29_03,11,1168.0,1323.0,1245.5
n3_HC,n3,HC,F0.15.0.la29_03,12,1125.0,1285.0,1205.0
n3_HC,n3,HC,F0.15.0.la29_03,13,1130.0,1296.0,1213.0
n3_HC,n3,HC,F0.15.0.la29_03,14,1162.0,1328.0,1245.0
n3_HC,n3,HC,F0.15.0.la29_03,15,1128.0,1282.0,1205.0
n3_HC,n3,HC,F0.15.0.la29_03,16,1162.0,1324.0,1243.0
n3_HC,n3,HC,F0.15.0.la29_03,17,1130.0,1285.0,1207.5
n3_HC,n3,HC,F0.15.0.la29_03,18,1150.0,1313.0,1231.5
n3_HC,n3,HC,F0.15.0.la29_03,19,1154.0,1332.0,1243.0
n3_HC,n3,HC,F0.15.0.la29_03,20,1151.0,1316.0,1233.5
n3_HC,n3,HC,F0.15.0.la29_03,21,1123.0,1265.0,1194.0
n3_HC,n3,HC,F0.15.0.la29_03,22,1133.0,1280.0,1206.5
n3_HC,n3,HC,F0.15.0.la29_03,23,1137.0,1291.0,1214.0
n3_HC,n3,HC,F0.15.0.la29_03,24,1152.0,1300.0,1226.0
n3_HC,n3,HC,F0.15.0.la29_03,25,1163.0,1317.0,1240.0
n3_HC,n3,HC,F0.15.0.la29_03,26,1155.0,1319.0,1237.0
n3_HC,n3,HC,F0.15.0.la29_03,27,1145.0,1308.0,1226.5
n3_HC,n3,HC,F0.15.0.la29_03,28,1150.0,1312.0,1231.0
n3_HC,n3,HC,F0.15.0.la29_03,29,1168.0,1310.0,1239.0
n3_HC,n3,HC,F0.15.0.la29_03,30,1143.0,1292.0,1217.5
n3_HC,n3,HC,F0.15.0.la38_06,1,1184.0,1349.0,1266.5
n3_HC,n3,HC,F0.15.0.la38_06,2,1203.0,1344.0,1273.5
n3_HC,n3,HC,F0.15.0.la38_06,3,1164.0,1311.0,1237.5
n3_HC,n3,HC,F0.15.0.la38_06,4,1176.0,1342.0,1259.0
n3_HC,n3,HC,F0.15.0.la38_06,5,1189.0,1343.0,1266.0
n3_HC,n3,HC,F0.15.0.la38_06,6,1184.0,1336.0,1260.0
n3_HC,n3,HC,F0.15.0.la38_06,7,1185.0,1345.0,1265.0
n3_HC,n3,HC,F0.15.0.la38_06,8,1196.0,1334.0,1265.0
n3_HC,n3,HC,F0.15.0.la38_06,9,1195.0,1357.0,1276.0
n3_HC,n3,HC,F0.15.0.la38_06,10,1178.0,1349.0,1263.5
n3_HC,n3,HC,F0.15.0.la38_06,11,1162.0,1326.0,1244.0
n3_HC,n3,HC,F0.15.0.la38_06,12,1200.0,1338.0,1269.0
n3_HC,n3,HC,F0.15.0.la38_06,13,1157.0,1331.0,1244.0
n3_HC,n3,HC,F0.15.0.la38_06,14,1190.0,1344.0,1267.0
n3_HC,n3,HC,F0.15.0.la38_06,15,1170.0,1331.0,1250.5
n3_HC,n3,HC,F0.15.0.la38_06,16,1233.0,1357.0,1295.0
n3_HC,n3,HC,F0.15.0.la38_06,17,1199.0,1342.0,1270.5
n3_HC,n3,HC,F0.15.0.la38_06,18,1183.0,1347.0,1265.0
n3_HC,n3,HC,F0.15.0.la38_06,19,1200.0,1355.0,1277.5
n3_HC,n3,HC,F0.15.0.la38_06,20,1180.0,1305.0,1242.5
n3_HC,n3,HC,F0.15.0.la38_06,21,1159.0,1319.0,1239.0
n3_HC,n3,HC,F0.15.0.la38_06,22,1191.0,1360.0,1275.5
n3_HC,n3,HC,F0.15.0.la38_06,23,1158.0,1324.0,1241.0
n3_HC,n3,HC,F0.15.0.la38_06,24,1184.0,1349.0,1266.5
n3_HC,n3,HC,F0.15.0.la38_06,25,1182.0,1345.0,1263.5
n3_HC,n3,HC,F0.15.0.la38_06,26,1184.0,1350.0,1267.0
n3_HC,n3,HC,F0.15.0.la38_06,27,1167.0,1341.0,1254.0
n3_HC,n3,HC,F0.15.0.la38_06,28,1154.0,1336.0,1245.0
n3_HC,n3,HC,F0.15.0.la38_06,29,1166.0,1319.0,1242.5
n3_HC,n3,HC,F0.15.0.la38_06,30,1146.0,1326.0,1236.0
n3_HC,n3,HC,F0.15.0.la40_05,1,1172.0,1330.0,1251.0
n3_HC,n3,HC,F0.15.0.la40_05,2,1174.0,1334.0,1254.0
n3_HC,n3,HC,F0.15.0.la40_05,3,1153.0,1344.0,1248.5
n3_HC,n3,HC,F0.15.0.la40_05,4,1168.0,1341.0,1254.5
n3_HC,n3,HC,F0.15.0.la40_05,5,1144.0,1326.0,1235.0
n3_HC,n3,HC,F0.15.0.la40_05,6,1174.0,1336.0,1255.0
n3_HC,n3,HC,F0.15.0.la40_05,7,1182.0,1352.0,1267.0
n3_HC,n3,HC,F0.15.0.la40_05,8,1183.0,1363.0,1273.0
n3_HC,n3,HC,F0.15.0.la40_05,9,1156.0,1337.0,1246.5
n3_HC,n3,HC,F0.15.0.la40_05,10,1173.0,1330.0,1251.5
n3_HC,n3,HC,F0.15.0.la40_05,11,1153.0,1344.0,1248.5
n3_HC,n3,HC,F0.15.0.la40_05,12,1178.0,1331.0,1254.5
n3_HC,n3,HC,F0.15.0.la40_05,13,1156.0,1337.0,1246.5
n3_HC,n3,HC,F0.15.0.la40_05,14,1163.0,1339.0,1251.0
n3_HC,n3,HC,F0.15.0.la40_05,15,1176.0,1362.0,1269.0
n3_HC,n3,HC,F0.15.0.la40_05,16,1146.0,1358.0,1252.0
n3_HC,n3,HC,F0.15.0.la40_05,17,1156.0,1345.0,1250.5
n3_HC,n3,HC,F0.15.0.la40_05,18,1175.0,1341.0,1258.0
n3_HC,n3,HC,F0.15.0.la40_05,19,1154.0,1344.0,1249.0
n3_HC,n3,HC,F0.15.0.la40_05,20,1167.0,1328.0,1247.5
n3_HC,n3,HC,F0.15.0.la40_05,21,1156.0,1337.0,1246.5
n3_HC,n3,HC,F0.15.0.la40_05,22,1169.0,1345.0,1257.0
n3_HC,n3,HC,F0.15.0.la40_05,23,1156.0,1327.0,1241.5
n3_HC,n3,HC,F0.15.0.la40_05,24,1175.0,1337.0,1256.0
n3_HC,n3,HC,F0.15.0.la40_05,25,1175.0,1343.0,1259.0
n3_HC,n3,HC,F0.15.0.la40_05,26,1160.0,1341.0,1250.5
n3_HC,n3,HC,F0.15.0.la40_05,27,1176.0,1363.0,1269.5
n3_HC,n3,HC,F0.15.0.la40_05,28,1159.0,1350.0,1254.5
n3_HC,n3,HC,F0.15.0.la40_05,29,1148.0,1344.0,1246.0
n3_HC,n3,HC,F0.15.0.la40_05,30,1154.0,1344.0,1249.0
n3_HC,n3,HC,tai15_15_01.F.15_01,1,1177.0,1365.0,1271.0
n3_HC,n3,HC,tai15_15_01.F.15_01,2,1197.0,1379.0,1288.0
n3_HC,n3,HC,tai15_15_01.F.15_01,3,1201.0,1394.0,1297.5
n3_HC,n3,HC,tai15_15_01.F.15_01,4,1207.0,1373.0,1290.0
n3_HC,n3,HC,tai15_15_01.F.15_01,5,1194.0,1388.0,1291.0
n3_HC,n3,HC,tai15_15_01.F.15_01,6,1199.0,1377.0,1288.0
n3_HC,n3,HC,tai15_15_01.F.15_01,7,1200.0,1392.0,1296.0
n3_HC,n3,HC,tai15_15_01.F.15_01,8,1193.0,1393.0,1293.0
n3_HC,n3,HC,tai15_15_01.F.15_01,9,1192.0,1361.0,1276.5
n3_HC,n3,HC,tai15_15_01.F.15_01,10,1201.0,1405.0,1303.0
n3_HC,n3,HC,tai15_15_01.F.15_01,11,1196.0,1382.0,1289.0
n3_HC,n3,HC,tai15_15_01.F.15_01,12,1181.0,1364.0,1272.5
n3_HC,n3,HC,tai15_15_01.F.15_01,13,1182.0,1366.0,1274.0
n3_HC,n3,HC,tai15_15_01.F.15_01,14,1182.0,1364.0,1273.0
n3_HC,n3,HC,tai15_15_01.F.15_01,15,1207.0,1373.0,1290.0
n3_HC,n3,HC,tai15_15_01.F.15_01,16,1175.0,1366.0,1270.5
n3_HC,n3,HC,tai15_15_01.F.15_01,17,1202.0,1386.0,1294.0
n3_HC,n3,HC,tai15_15_01.F.15_01,18,1175.0,1362.0,1268.5
n3_HC,n3,HC,tai15_15_01.F.15_01,19,1200.0,1388.0,1294.0
n3_HC,n3,HC,tai15_15_01.F.15_01,20,1195.0,1386.0,1290.5
n3_HC,n3,HC,tai15_15_01.F.15_01,21,1207.0,1373.0,1290.0
n3_HC,n3,HC,tai15_15_01.F.15_01,22,1207.0,1373.0,1290.0
n3_HC,n3,HC,tai15_15_01.F.15_01,23,1195.0,1385.0,1290.0
n3_HC,n3,HC,tai15_15_01.F.15_01,24,1203.0,1382.0,1292.5
n3_HC,n3,HC,tai15_15_01.F.15_01,25,1192.0,1385.0,1288.5
n3_HC,n3,HC,tai15_15_01.F.15_01,26,1182.0,1362.0,1272.0
n3_HC,n3,HC,tai15_15_01.F.15_01,27,1196.0,1373.0,1284.5
n3_HC,n3,HC,tai15_15_01.F.15_01,28,1164.0,1358.0,1261.0
n3_HC,n3,HC,tai15_15_01.F.15_01,29,1182.0,1375.0,1278.5
n3_HC,n3,HC,tai15_15_01.F.15_01,30,1200.0,1388.0,1294.0
n3_HC,n3,HC,tai15_15_02.F.15_01,1,1171.0,1363.0,1267.0
n3_HC,n3,HC,tai15_15_02.F.15_01,2,1199.0,1366.0,1282.5
n3_HC,n3,HC,tai15_15_02.F.15_01,3,1178.0,1362.0,1270.0
n3_HC,n3,HC,tai15_15_02.F.15_01,4,1182.0,1364.0,1273.0
n3_HC,n3,HC,tai15_15_02.F.15_01,5,1194.0,1370.0,1282.0
n3_HC,n3,HC,tai15_15_02.F.15_01,6,1178.0,1361.0,1269.5
n3_HC,n3,HC,tai15_15_02.F.15_01,7,1177.0,1379.0,1278.0
n3_HC,n3,HC,tai15_15_02.F.15_01,8,1178.0,1366.0,1272.0
n3_HC,n3,HC,tai15_15_02.F.15_01,9,1205.0,1370.0,1287.5
n3_HC,n3,HC,tai15_15_02.F.15_01,10,1199.0,1366.0,1282.5
n3_HC,n3,HC,tai15_15_02.F.15_01,11,1179.0,1388.0,1283.5
n3_HC,n3,HC,tai15_15_02.F.15_01,12,1191.0,1366.0,1278.5
n3_HC,n3,HC,tai15_15_02.F.15_01,13,1184.0,1361.0,1272.5
n3_HC,n3,HC,tai15_15_02.F.15_01,14,1204.0,1372.0,1288.0
n3_HC,n3,HC,tai15_15_02.F.15_01,15,1178.0,1361.0,1269.5
n3_HC,n3,HC,tai15_15_02.F.15_01,16,1202.0,1368.0,1285.0
n3_HC,n3,HC,tai15_15_02.F.15_01,17,1178.0,1376.0,1277.0
n3_HC,n3,HC,tai15_15_02.F.15_01,18,1207.0,1382.0,1294.5
n3_HC,n3,HC,tai15_15_02.F.15_01,19,1180.0,1368.0,1274.0
n3_HC,n3,HC,tai15_15_02.F.15_01,20,1187.0,1389.0,1288.0
n3_HC,n3,HC,tai15_15_02.F.15_01,21,1184.0,1366.0,1275.0
n3_HC,n3,HC,tai15_15_02.F.15_01,22,1195.0,1365.0,1280.0
n3_HC,n3,HC,tai15_15_02.F.15_01,23,1178.0,1376.0,1277.0
n3_HC,n3,HC,tai15_15_02.F.15_01,24,1211.0,1382.0,1296.5
n3_HC,n3,HC,tai15_15_02.F.15_01,25,1196.0,1368.0,1282.0
n3_HC,n3,HC,tai15_15_02.F.15_01,26,1178.0,1366.0,1272.0
n3_HC,n3,HC,tai15_15_02.F.15_01,27,1177.0,1379.0,1278.0
n3_HC,n3,HC,tai15_15_02.F.15_01,28,1183.0,1364.0,1273.5
n3_HC,n3,HC,tai15_15_02.F.15_01,29,1199.0,1366.0,1282.5
n3_HC,n3,HC,tai15_15_02.F.15_01,30,1199.0,1376.0,1287.5
n3_HC,n3,HC,tai15_15_03.F.15_01,1,1195.0,1353.0,1274.0
n3_HC,n3,HC,tai15_15_03.F.15_01,2,1186.0,1377.0,1281.5
n3_HC,n3,HC,tai15_15_03.F.15_01,3,1173.0,1345.0,1259.0
n3_HC,n3,HC,tai15_15_03.F.15_01,4,1220.0,1381.0,1300.5
n3_HC,n3,HC,tai15_15_03.F.15_01,5,1161.0,1331.0,1246.0
n3_HC,n3,HC,tai15_15_03.F.15_01,6,1211.0,1365.0,1288.0
n3_HC,n3,HC,tai15_15_03.F.15_01,7,1184.0,1355.0,1269.5
n3_HC,n3,HC,tai15_15_03.F.15_01,8,1177.0,1318.0,1247.5
n3_HC,n3,HC,tai15_15_03.F.15_01,9,1188.0,1355.0,1271.5
n3_HC,n3,HC,tai15_15_03.F.15_01,10,1170.0,1357.0,1263.5
n3_HC,n3,HC,tai15_15_03.F.15_01,11,1164.0,1358.0,1261.0
n3_HC,n3,HC,tai15_15_03.F.15_01,12,1164.0,1358.0,1261.0
n3_HC,n3,HC,tai15_15_03.F.15_01,13,1165.0,1322.0,1243.5
n3_HC,n3,HC,tai15_15_03.F.15_01,14,1164.0,1358.0,1261.0
n3_HC,n3,HC,tai15_15_03.F.15_01,15,1164.0,1358.0,1261.0
n3_HC,n3,HC,tai15_15_03.F.15_01,16,1207.0,1358.0,1282.5
n3_HC,n3,HC,tai15_15_03.F.15_01,17,1201.0,1341.0,1271.0
n3_HC,n3,HC,tai15_15_03.F.15_01,18,1184.0,1375.0,1279.5
n3_HC,n3,HC,tai15_15_03.F.15_01,19,1180.0,1349.0,1264.5
n3_HC,n3,HC,tai15_15_03.F.15_01,20,1191.0,1360.0,1275.5
n3_HC,n3,HC,tai15_15_03.F.15_01,21,1183.0,1375.0,1279.0
n3_HC,n3,HC,tai15_15_03.F.15_01,22,1164.0,1329.0,1246.5
n3_HC,n3,HC,tai15_15_03.F.15_01,23,1175.0,1316.0,1245.5
n3_HC,n3,HC,tai15_15_03.F.15_01,24,1164.0,1358.0,1261.0
n3_HC,n3,HC,tai15_15_03.F.15_01,25,1168.0,1340.0,1254.0
n3_HC,n3,HC,tai15_15_03.F.15_01,26,1184.0,1347.0,1265.5
n3_HC,n3,HC,tai15_15_03.F.15_01,27,1167.0,1359.0,1263.0
n3_HC,n3,HC,tai15_15_03.F.15_01,28,1164.0,1358.0,1261.0
n3_HC,n3,HC,tai15_15_03.F.15_01,29,1168.0,1358.0,1263.0
n3_HC,n3,HC,tai15_15_03.F.15_01,30,1178.0,1372.0,1275.0
n3_HC,n3,HC,tai15_15_04.F.15_01,1,1129.0,1326.0,1227.5
n3_HC,n3,HC,tai15_15_04.F.15_01,2,1141.0,1316.0,1228.5
n3_HC,n3,HC,tai15_15_04.F.15_01,3,1155.0,1321.0,1238.0
n3_HC,n3,HC,tai15_15_04.F.15_01,4,1143.0,1307.0,1225.0
n3_HC,n3,HC,tai15_15_04.F.15_01,5,1116.0,1283.0,1199.5
n3_HC,n3,HC,tai15_15_04.F.15_01,6,1111.0,1277.0,1194.0
n3_HC,n3,HC,tai15_15_04.F.15_01,7,1137.0,1310.0,1223.5
n3_HC,n3,HC,tai15_15_04.F.15_01,8,1148.0,1305.0,1226.5
n3_HC,n3,HC,tai15_15_04.F.15_01,9,1136.0,1321.0,1228.5
n3_HC,n3,HC,tai15_15_04.F.15_01,10,1127.0,1303.0,1215.0
n3_HC,n3,HC,tai15_15_04.F.15_01,11,1128.0,1281.0,1204.5
n3_HC,n3,HC,tai15_15_04.F.15_01,12,1151.0,1320.0,1235.5
n3_HC,n3,HC,tai15_15_04.F.15_01,13,1131.0,1310.0,1220.5
n3_HC,n3,HC,tai15_15_04.F.15_01,14,1163.0,1327.0,1245.0
n3_HC,n3,HC,tai15_15_04.F.15_01,15,1155.0,1297.0,1226.0
n3_HC,n3,HC,tai15_15_04.F.15_01,16,1166.0,1346.0,1256.0
n3_HC,n3,HC,tai15_15_04.F.15_01,17,1126.0,1318.0,1222.0
n3_HC,n3,HC,tai15_15_04.F.15_01,18,1126.0,1318.0,1222.0
n3_HC,n3,HC,tai15_15_04.F.15_01,19,1161.0,1335.0,1248.0
n3_HC,n3,HC,tai15_15_04.F.15_01,20,1146.0,1313.0,1229.5
n3_HC,n3,HC,tai15_15_04.F.15_01,21,1136.0,1298.0,1217.0
n3_HC,n3,HC,tai15_15_04.F.15_01,22,1124.0,1316.0,1220.0
n3_HC,n3,HC,tai15_15_04.F.15_01,23,1115.0,1291.0,1203.0
n3_HC,n3,HC,tai15_15_04.F.15_01,24,1107.0,1283.0,1195.0
n3_HC,n3,HC,tai15_15_04.F.15_01,25,1145.0,1316.0,1230.5
n3_HC,n3,HC,tai15_15_04.F.15_01,26,1144.0,1317.0,1230.5
n3_HC,n3,HC,tai15_15_04.F.15_01,27,1157.0,1317.0,1237.0
n3_HC,n3,HC,tai15_15_04.F.15_01,28,1122.0,1292.0,1207.0
n3_HC,n3,HC,tai15_15_04.F.15_01,29,1161.0,1328.0,1244.5
n3_HC,n3,HC,tai15_15_04.F.15_01,30,1165.0,1320.0,1242.5
n3_HC,n3,HC,tai15_15_05.F.15_01,1,1211.0,1345.0,1278.0
n3_HC,n3,HC,tai15_15_05.F.15_01,2,1177.0,1331.0,1254.0
n3_HC,n3,HC,tai15_15_05.F.15_01,3,1203.0,1340.0,1271.5
n3_HC,n3,HC,tai15_15_05.F.15_01,4,1184.0,1330.0,1257.0
n3_HC,n3,HC,tai15_15_05.F.15_01,5,1210.0,1335.0,1272.5
n3_HC,n3,HC,tai15_15_05.F.15_01,6,1196.0,1348.0,1272.0
n3_HC,n3,HC,tai15_15_05.F.15_01,7,1184.0,1330.0,1257.0
n3_HC,n3,HC,tai15_15_05.F.15_01,8,1173.0,1335.0,1254.0
n3_HC,n3,HC,tai15_15_05.F.15_01,9,1189.0,1335.0,1262.0
n3_HC,n3,HC,tai15_15_05.F.15_01,10,1195.0,1367.0,1281.0
n3_HC,n3,HC,tai15_15_05.F.15_01,11,1185.0,1331.0,1258.0
n3_HC,n3,HC,tai15_15_05.F.15_01,12,1177.0,1337.0,1257.0
n3_HC,n3,HC,tai15_15_05.F.15_01,13,1186.0,1352.0,1269.0
n3_HC,n3,HC,tai15_15_05.F.15_01,14,1181.0,1341.0,1261.0
n3_HC,n3,HC,tai15_15_05.F.15_01,15,1198.0,1344.0,1271.0
n3_HC,n3,HC,tai15_15_05.F.15_01,16,1207.0,1352.0,1279.5
n3_HC,n3,HC,tai15_15_05.F.15_01,17,1183.0,1329.0,1256.0
n3_HC,n3,HC,tai15_15_05.F.15_01,18,1199.0,1336.0,1267.5
n3_HC,n3,HC,tai15_15_05.F.15_01,19,1199.0,1347.0,1273.0
n3_HC,n3,HC,tai15_15_05.F.15_01,20,1201.0,1329.0,1265.0
n3_HC,n3,HC,tai15_15_05.F.15_01,21,1184.0,1332.0,1258.0
n3_HC,n3,HC,tai15_15_05.F.15_01,22,1193.0,1341.0,1267.0
n3_HC,n3,HC,tai15_15_05.F.15_01,23,1201.0,1378.0,1289.5
n3_HC,n3,HC,tai15_15_05.F.15_01,24,1178.0,1340.0,1259.0
n3_HC,n3,HC,tai15_15_05.F.15_01,25,1177.0,1367.0,1272.0
n3_HC,n3,HC,tai15_15_05.F.15_01,26,1186.0,1352.0,1269.0
n3_HC,n3,HC,tai15_15_05.F.15_01,27,1184.0,1330.0,1257.0
n3_HC,n3,HC,tai15_15_05.F.15_01,28,1177.0,1337.0,1257.0
n3_HC,n3,HC,tai15_15_05.F.15_01,29,1185.0,1330.0,1257.5
n3_HC,n3,HC,tai15_15_05.F.15_01,30,1178.0,1340.0,1259.0
n3_HC,n3,HC,tai15_15_06.F.15_01,1,1187.0,1355.0,1271.0
n3_HC,n3,HC,tai15_15_06.F.15_01,2,1221.0,1362.0,1291.5
n3_HC,n3,HC,tai15_15_06.F.15_01,3,1228.0,1378.0,1303.0
n3_HC,n3,HC,tai15_15_06.F.15_01,4,1209.0,1396.0,1302.5
n3_HC,n3,HC,tai15_15_06.F.15_01,5,1200.0,1369.0,1284.5
n3_HC,n3,HC,tai15_15_06.F.15_01,6,1193.0,1359.0,1276.0
n3_HC,n3,HC,tai15_15_06.F.15_01,7,1199.0,1366.0,1282.5
n3_HC,n3,HC,tai15_15_06.F.15_01,8,1180.0,1363.0,1271.5
n3_HC,n3,HC,tai15_15_06.F.15_01,9,1195.0,1376.0,1285.5
n3_HC,n3,HC,tai15_15_06.F.15_01,10,1215.0,1371.0,1293.0
n3_HC,n3,HC,tai15_15_06.F.15_01,11,1176.0,1352.0,1264.0
n3_HC,n3,HC,tai15_15_06.F.15_01,12,1220.0,1389.0,1304.5
n3_HC,n3,HC,tai15_15_06.F.15_01,13,1189.0,1371.0,1280.0
n3_HC,n3,HC,tai15_15_06.F.15_01,14,1189.0,1371.0,1280.0
n3_HC,n3,HC,tai15_15_06.F.15_01,15,1196.0,1376.0,1286.0
n3_HC,n3,HC,tai15_15_06.F.15_01,16,1212.0,1379.0,1295.5
n3_HC,n3,HC,tai15_15_06.F.15_01,17,1210.0,1375.0,1292.5
n3_HC,n3,HC,tai15_15_06.F.15_01,18,1219.0,1358.0,1288.5
n3_HC,n3,HC,tai15_15_06.F.15_01,19,1199.0,1356.0,1277.5
n3_HC,n3,HC,tai15_15_06.F.15_01,20,1189.0,1367.0,1278.0
n3_HC,n3,HC,tai15_15_06.F.15_01,21,1204.0,1355.0,1279.5
n3_HC,n3,HC,tai15_15_06.F.15_01,22,1222.0,1368.0,1295.0
n3_HC,n3,HC,tai15_15_06.F.15_01,23,1212.0,1362.0,1287.0
n3_HC,n3,HC,tai15_15_06.F.15_01,24,1225.0,1390.0,1307.5
n3_HC,n3,HC,tai15_15_06.F.15_01,25,1197.0,1342.0,1269.5
n3_HC,n3,HC,tai15_15_06.F.15_01,26,1213.0,1384.0,1298.5
n3_HC,n3,HC,tai15_15_06.F.15_01,27,1190.0,1362.0,1276.0
n3_HC,n3,HC,tai15_15_06.F.15_01,28,1191.0,1355.0,1273.0
n3_HC,n3,HC,tai15_15_06.F.15_01,29,1200.0,1354.0,1277.0
n3_HC,n3,HC,tai15_15_06.F.15_01,30,1203.0,1358.0,1280.5
n3_HC,n3,HC,tai15_15_07.F.15_01,1,1176.0,1353.0,1264.5
n3_HC,n3,HC,tai15_15_07.F.15_01,2,1174.0,1352.0,1263.0
n3_HC,n3,HC,tai15_15_07.F.15_01,3,1178.0,1354.0,1266.0
n3_HC,n3,HC,tai15_15_07.F.15_01,4,1167.0,1349.0,1258.0
n3_HC,n3,HC,tai15_15_07.F.15_01,5,1184.0,1357.0,1270.5
n3_HC,n3,HC,tai15_15_07.F.15_01,6,1178.0,1349.0,1263.5
n3_HC,n3,HC,tai15_15_07.F.15_01,7,1177.0,1355.0,1266.0
n3_HC,n3,HC,tai15_15_07.F.15_01,8,1162.0,1363.0,1262.5
n3_HC,n3,HC,tai15_15_07.F.15_01,9,1181.0,1357.0,1269.0
n3_HC,n3,HC,tai15_15_07.F.15_01,10,1199.0,1351.0,1275.0
n3_HC,n3,HC,tai15_15_07.F.15_01,11,1186.0,1364.0,1275.0
n3_HC,n3,HC,tai15_15_07.F.15_01,12,1173.0,1345.0,1259.0
n3_HC,n3,HC,tai15_15_07.F.15_01,13,1166.0,1349.0,1257.5
n3_HC,n3,HC,tai15_15_07.F.15_01,14,1170.0,1366.0,1268.0
n3_HC,n3,HC,tai15_15_07.F.15_01,15,1182.0,1354.0,1268.0
n3_HC,n3,HC,tai15_15_07.F.15_01,16,1186.0,1340.0,1263.0
n3_HC,n3,HC,tai15_15_07.F.15_01,17,1177.0,1354.0,1265.5
n3_HC,n3,HC,tai15_15_07.F.15_01,18,1178.0,1343.0,1260.5
n3_HC,n3,HC,tai15_15_07.F.15_01,19,1190.0,1352.0,1271.0
n3_HC,n3,HC,tai15_15_07.F.15_01,20,1192.0,1342.0,1267.0
n3_HC,n3,HC,tai15_15_07.F.15_01,21,1186.0,1340.0,1263.0
n3_HC,n3,HC,tai15_15_07.F.15_01,22,1180.0,1366.0,1273.0
n3_HC,n3,HC,tai15_15_07.F.15_01,23,1169.0,1366.0,1267.5
n3_HC,n3,HC,tai15_15_07.F.15_01,24,1173.0,1345.0,1259.0
n3_HC,n3,HC,tai15_15_07.F.15_01,25,1202.0,1370.0,1286.0
n3_HC,n3,HC,tai15_15_07.F.15_01,26,1184.0,1354.0,1269.0
n3_HC,n3,HC,tai15_15_07.F.15_01,27,1190.0,1352.0,1271.0
n3_HC,n3,HC,tai15_15_07.F.15_01,28,1167.0,1349.0,1258.0
n3_HC,n3,HC,tai15_15_07.F.15_01,29,1171.0,1376.0,1273.5
n3_HC,n3,HC,tai15_15_07.F.15_01,30,1186.0,1340.0,1263.0
n3_HC,n3,HC,tai15_15_08.F.15_01,1,1172.0,1334.0,1253.0
n3_HC,n3,HC,tai15_15_08.F.15_01,2,1155.0,1318.0,1236.5
n3_HC,n3,HC,tai15_15_08.F.15_01,3,1193.0,1344.0,1268.5
n3_HC,n3,HC,tai15_15_08.F.15_01,4,1200.0,1350.0,1275.0
n3_HC,n3,HC,tai15_15_08.F.15_01,5,1190.0,1329.0,1259.5
n3_HC,n3,HC,tai15_15_08.F.15_01,6,1190.0,1352.0,1271.0
n3_HC,n3,HC,tai15_15_08.F.15_01,7,1164.0,1334.0,1249.0
n3_HC,n3,HC,tai15_15_08.F.15_01,8,1223.0,1341.0,1282.0
n3_HC,n3,HC,tai15_15_08.F.15_01,9,1155.0,1322.0,1238.5
n3_HC,n3,HC,tai15_15_08.F.15_01,10,1200.0,1350.0,1275.0
n3_HC,n3,HC,tai15_15_08.F.15_01,11,1215.0,1341.0,1278.0
n3_HC,n3,HC,tai15_15_08.F.15_01,12,1164.0,1324.0,1244.0
n3_HC,n3,HC,tai15_15_08.F.15_01,13,1175.0,1350.0,1262.5
n3_HC,n3,HC,tai15_15_08.F.15_01,14,1190.0,1329.0,1259.5
n3_HC,n3,HC,tai15_15_08.F.15_01,15,1182.0,1312.0,1247.0
n3_HC,n3,HC,tai15_15_08.F.15_01,16,1197.0,1342.0,1269.5
n3_HC,n3,HC,tai15_15_08.F.15_01,17,1251.0,1362.0,1306.5
n3_HC,n3,HC,tai15_15_08.F.15_01,18,1182.0,1355.0,1268.5
n3_HC,n3,HC,tai15_15_08.F.15_01,19,1155.0,1322.0,1238.5
n3_HC,n3,HC,tai15_15_08.F.15_01,20,1213.0,1342.0,1277.5
n3_HC,n3,HC,tai15_15_08.F.15_01,21,1193.0,1337.0,1265.0
n3_HC,n3,HC,tai15_15_08.F.15_01,22,1164.0,1324.0,1244.0
n3_HC,n3,HC,tai15_15_08.F.15_01,23,1185.0,1347.0,1266.0
n3_HC,n3,HC,tai15_15_08.F.15_01,24,1202.0,1356.0,1279.0
n3_HC,n3,HC,tai15_15_08.F.15_01,25,1239.0,1364.0,1301.5
n3_HC,n3,HC,tai15_15_08.F.15_01,26,1155.0,1322.0,1238.5
n3_HC,n3,HC,tai15_15_08.F.15_01,27,1160.0,1322.0,1241.0
n3_HC,n3,HC,tai15_15_08.F.15_01,28,1182.0,1312.0,1247.0
n3_HC,n3,HC,tai15_15_08.F.15_01,29,1155.0,1322.0,1238.5
n3_HC,n3,HC,tai15_15_08.F.15_01,30,1155.0,1322.0,1238.5
n3_HC,n3,HC,tai15_15_09.F.15_01,1,1235.0,1427.0,1331.0
n3_HC,n3,HC,tai15_15_09.F.15_01,2,1239.0,1450.0,1344.5
n3_HC,n3,HC,tai15_15_09.F.15_01,3,1240.0,1437.0,1338.5
n3_HC,n3,HC,tai15_15_09.F.15_01,4,1240.0,1437.0,1338.5
n3_HC,n3,HC,tai15_15_09.F.15_01,5,1218.0,1397.0,1307.5
n3_HC,n3,HC,tai15_15_09.F.15_01,6,1237.0,1422.0,1329.5
n3_HC,n3,HC,tai15_15_09.F.15_01,7,1269.0,1487.0,1378.0
n3_HC,n3,HC,tai15_15_09.F.15_01,8,1217.0,1399.0,1308.0
n3_HC,n3,HC,tai15_15_09.F.15_01,9,1249.0,1423.0,1336.0
n3_HC,n3,HC,tai15_15_09.F.15_01,10,1231.0,1439.0,1335.0
n3_HC,n3,HC,tai15_15_09.F.15_01,11,1253.0,1457.0,1355.0
n3_HC,n3,HC,tai15_15_09.F.15_01,12,1244.0,1423.0,1333.5
n3_HC,n3,HC,tai15_15_09.F.15_01,13,1201.0,1413.0,1307.0
n3_HC,n3,HC,tai15_15_09.F.15_01,14,1240.0,1450.0,1345.0
n3_HC,n3,HC,tai15_15_09.F.15_01,15,1253.0,1456.0,1354.5
n3_HC,n3,HC,tai15_15_09.F.15_01,16,1218.0,1397.0,1307.5
n3_HC,n3,HC,tai15_15_09.F.15_01,17,1228.0,1416.0,1322.0
n3_HC,n3,HC,tai15_15_09.F.15_01,18,1257.0,1465.0,1361.0
n3_HC,n3,HC,tai15_15_09.F.15_01,19,1249.0,1423.0,1336.0
n3_HC,n3,HC,tai15_15_09.F.15_01,20,1214.0,1429.0,1321.5
n3_HC,n3,HC,tai15_15_09.F.15_01,21,1272.0,1465.0,1368.5
n3_HC,n3,HC,tai15_15_09.F.15_01,22,1249.0,1440.0,1344.5
n3_HC,n3,HC,tai15_15_09.F.15_01,23,1257.0,1424.0,1340.5
n3_HC,n3,HC,tai15_15_09.F.15_01,24,1249.0,1423.0,1336.0
n3_HC,n3,HC,tai15_15_09.F.15_01,25,1228.0,1422.0,1325.0
n3_HC,n3,HC,tai15_15_09.F.15_01,26,1244.0,1423.0,1333.5
n3_HC,n3,HC,tai15_15_09.F.15_01,27,1249.0,1423.0,1336.0
n3_HC,n3,HC,tai15_15_09.F.15_01,28,1218.0,1407.0,1312.5
n3_HC,n3,HC,tai15_15_09.F.15_01,29,1249.0,1423.0,1336.0
n3_HC,n3,HC,tai15_15_09.F.15_01,30,1249.0,1440.0,1344.5
n3_HC,n3,HC,tai15_15_10.F.15_01,1,1213.0,1371.0,1292.0
n3_HC,n3,HC,tai15_15_10.F.15_01,2,1215.0,1383.0,1299.0
n3_HC,n3,HC,tai15_15_10.F.15_01,3,1213.0,1378.0,1295.5
n3_HC,n3,HC,tai15_15_10.F.15_01,4,1213.0,1377.0,1295.0
n3_HC,n3,HC,tai15_15_10.F.15_01,5,1216.0,1377.0,1296.5
n3_HC,n3,HC,tai15_15_10.F.15_01,6,1228.0,1384.0,1306.0
n3_HC,n3,HC,tai15_15_10.F.15_01,7,1196.0,1378.0,1287.0
n3_HC,n3,HC,tai15_15_10.F.15_01,8,1215.0,1377.0,1296.0
n3_HC,n3,HC,tai15_15_10.F.15_01,9,1201.0,1366.0,1283.5
n3_HC,n3,HC,tai15_15_10.F.15_01,10,1227.0,1405.0,1316.0
n3_HC,n3,HC,tai15_15_10.F.15_01,11,1241.0,1388.0,1314.5
n3_HC,n3,HC,tai15_15_10.F.15_01,12,1231.0,1368.0,1299.5
n3_HC,n3,HC,tai15_15_10.F.15_01,13,1214.0,1381.0,1297.5
n3_HC,n3,HC,tai15_15_10.F.15_01,14,1213.0,1387.0,1300.0
n3_HC,n3,HC,tai15_15_10.F.15_01,15,1202.0,1366.0,1284.0
n3_HC,n3,HC,tai15_15_10.F.15_01,16,1230.0,1382.0,1306.0
n3_HC,n3,HC,tai15_15_10.F.15_01,17,1238.0,1390.0,1314.0
n3_HC,n3,HC,tai15_15_10.F.15_01,18,1238.0,1385.0,1311.5
n3_HC,n3,HC,tai15_15_10.F.15_01,19,1231.0,1393.0,1312.0
n3_HC,n3,HC,tai15_15_10.F.15_01,20,1215.0,1377.0,1296.0
n3_HC,n3,HC,tai15_15_10.F.15_01,21,1227.0,1402.0,1314.5
n3_HC,n3,HC,tai15_15_10.F.15_01,22,1216.0,1377.0,1296.5
n3_HC,n3,HC,tai15_15_10.F.15_01,23,1215.0,1356.0,1285.5
n3_HC,n3,HC,tai15_15_10.F.15_01,24,1215.0,1377.0,1296.0
n3_HC,n3,HC,tai15_15_10.F.15_01,25,1218.0,1377.0,1297.5
n3_HC,n3,HC,tai15_15_10.F.15_01,26,1220.0,1382.0,1301.0
n3_HC,n3,HC,tai15_15_10.F.15_01,27,1225.0,1390.0,1307.5
n3_HC,n3,HC,tai15_15_10.F.15_01,28,1224.0,1384.0,1304.0
n3_HC,n3,HC,tai15_15_10.F.15_01,29,1184.0,1357.0,1270.5
n3_HC,n3,HC,tai15_15_10.F.15_01,30,1199.0,1382.0,1290.5
n3_HC,n3,HC,tai20_15_01.F.15_01,1,1365.0,1569.0,1467.0
n3_HC,n3,HC,tai20_15_01.F.15_01,2,1375.0,1574.0,1474.5
n3_HC,n3,HC,tai20_15_01.F.15_01,3,1368.0,1578.0,1473.0
n3_HC,n3,HC,tai20_15_01.F.15_01,4,1348.0,1541.0,1444.5
n3_HC,n3,HC,tai20_15_01.F.15_01,5,1354.0,1561.0,1457.5
n3_HC,n3,HC,tai20_15_01.F.15_01,6,1368.0,1566.0,1467.0
n3_HC,n3,HC,tai20_15_01.F.15_01,7,1349.0,1548.0,1448.5
n3_HC,n3,HC,tai20_15_01.F.15_01,8,1358.0,1547.0,1452.5
n3_HC,n3,HC,tai20_15_01.F.15_01,9,1346.0,1546.0,1446.0
n3_HC,n3,HC,tai20_15_01.F.15_01,10,1316.0,1535.0,1425.5
n3_HC,n3,HC,tai20_15_01.F.15_01,11,1333.0,1537.0,1435.0
n3_HC,n3,HC,tai20_15_01.F.15_01,12,1335.0,1544.0,1439.5
n3_HC,n3,HC,tai20_15_01.F.15_01,13,1379.0,1560.0,1469.5
n3_HC,n3,HC,tai20_15_01.F.15_01,14,1361.0,1564.0,1462.5
n3_HC,n3,HC,tai20_15_01.F.15_01,15,1331.0,1530.0,1430.5
n3_HC,n3,HC,tai20_15_01.F.15_01,16,1333.0,1533.0,1433.0
n3_HC,n3,HC,tai20_15_01.F.15_01,17,1339.0,1548.0,1443.5
n3_HC,n3,HC,tai20_15_01.F.15_01,18,1361.0,1561.0,1461.0
n3_HC,n3,HC,tai20_15_01.F.15_01,19,1358.0,1569.0,1463.5
n3_HC,n3,HC,tai20_15_01.F.15_01,20,1364.0,1580.0,1472.0
n3_HC,n3,HC,tai20_15_01.F.15_01,21,1336.0,1538.0,1437.0
n3_HC,n3,HC,tai20_15_01.F.15_01,22,1323.0,1529.0,1426.0
n3_HC,n3,HC,tai20_15_01.F.15_01,23,1363.0,1573.0,1468.0
n3_HC,n3,HC,tai20_15_01.F.15_01,24,1320.0,1552.0,1436.0
n3_HC,n3,HC,tai20_15_01.F.15_01,25,1410.0,1625.0,1517.5
n3_HC,n3,HC,tai20_15_01.F.15_01,26,1368.0,1570.0,1469.0
n3_HC,n3,HC,tai20_15_01.F.15_01,27,1336.0,1550.0,1443.0
n3_HC,n3,HC,tai20_15_01.F.15_01,28,1366.0,1573.0,1469.5
n3_HC,n3,HC,tai20_15_01.F.15_01,29,1317.0,1518.0,1417.5
n3_HC,n3,HC,tai20_15_01.F.15_01,30,1360.0,1566.0,1463.0
n3_HC,n3,HC,tai20_15_02.F.15_01,1,1337.0,1506.0,1421.5
n3_HC,n3,HC,tai20_15_02.F.15_01,2,1329.0,1524.0,1426.5
n3_HC,n3,HC,tai20_15_02.F.15_01,3,1363.0,1529.0,1446.0
n3_HC,n3,HC,tai20_15_02.F.15_01,4,1309.0,1506.0,1407.5
n3_HC,n3,HC,tai20_15_02.F.15_01,5,1358.0,1548.0,1453.0
n3_HC,n3,HC,tai20_15_02.F.15_01,6,1334.0,1544.0,1439.0
n3_HC,n3,HC,tai20_15_02.F.15_01,7,1325.0,1532.0,1428.5
n3_HC,n3,HC,tai20_15_02.F.15_01,8,1314.0,1537.0,1425.5
n3_HC,n3,HC,tai20_15_02.F.15_01,9,1323.0,1501.0,1412.0
n3_HC,n3,HC,tai20_15_02.F.15_01,10,1331.0,1531.0,1431.0
n3_HC,n3,HC,tai20_15_02.F.15_01,11,1312.0,1518.0,1415.0
n3_HC,n3,HC,tai20_15_02.F.15_01,12,1338.0,1527.0,1432.5
n3_HC,n3,HC,tai20_15_02.F.15_01,13,1336.0,1538.0,1437.0
n3_HC,n3,HC,tai20_15_02.F.15_01,14,1327.0,1507.0,1417.0
n3_HC,n3,HC,tai20_15_02.F.15_01,15,1320.0,1538.0,1429.0
n3_HC,n3,HC,tai20_15_02.F.15_01,16,1368.0,1541.0,1454.5
n3_HC,n3,HC,tai20_15_02.F.15_01,17,1320.0,1538.0,1429.0
n3_HC,n3,HC,tai20_15_02.F.15_01,18,1335.0,1549.0,1442.0
n3_HC,n3,HC,tai20_15_02.F.15_01,19,1331.0,1495.0,1413.0
n3_HC,n3,HC,tai20_15_02.F.15_01,20,1329.0,1512.0,1420.5
n3_HC,n3,HC,tai20_15_02.F.15_01,21,1343.0,1529.0,1436.0
n3_HC,n3,HC,tai20_15_02.F.15_01,22,1331.0,1531.0,1431.0
n3_HC,n3,HC,tai20_15_02.F.15_01,23,1325.0,1512.0,1418.5
n3_HC,n3,HC,tai20_15_02.F.15_01,24,1331.0,1510.0,1420.5
n3_HC,n3,HC,tai20_15_02.F.15_01,25,1368.0,1531.0,1449.5
n3_HC,n3,HC,tai20_15_02.F.15_01,26,1326.0,1512.0,1419.0
n3_HC,n3,HC,tai20_15_02.F.15_01,27,1320.0,1538.0,1429.0
n3_HC,n3,HC,tai20_15_02.F.15_01,28,1331.0,1553.0,1442.0
n3_HC,n3,HC,tai20_15_02.F.15_01,29,1334.0,1544.0,1439.0
n3_HC,n3,HC,tai20_15_02.F.15_01,30,1321.0,1523.0,1422.0
n3_HC,n3,HC,tai20_15_03.F.15_01,1,1316.0,1500.0,1408.0
n3_HC,n3,HC,tai20_15_03.F.15_01,2,1330.0,1545.0,1437.5
n3_HC,n3,HC,tai20_15_03.F.15_01,3,1315.0,1525.0,1420.0
n3_HC,n3,HC,tai20_15_03.F.15_01,4,1317.0,1503.0,1410.0
n3_HC,n3,HC,tai20_15_03.F.15_01,5,1307.0,1528.0,1417.5
n3_HC,n3,HC,tai20_15_03.F.15_01,6,1288.0,1500.0,1394.0
n3_HC,n3,HC,tai20_15_03.F.15_01,7,1321.0,1523.0,1422.0
n3_HC,n3,HC,tai20_15_03.F.15_01,8,1322.0,1531.0,1426.5
n3_HC,n3,HC,tai20_15_03.F.15_01,9,1323.0,1509.0,1416.0
n3_HC,n3,HC,tai20_15_03.F.15_01,10,1321.0,1532.0,1426.5
n3_HC,n3,HC,tai20_15_03.F.15_01,11,1342.0,1532.0,1437.0
n3_HC,n3,HC,tai20_15_03.F.15_01,12,1314.0,1504.0,1409.0
n3_HC,n3,HC,tai20_15_03.F.15_01,13,1333.0,1566.0,1449.5
n3_HC,n3,HC,tai20_15_03.F.15_01,14,1343.0,1536.0,1439.5
n3_HC,n3,HC,tai20_15_03.F.15_01,15,1285.0,1496.0,1390.5
n3_HC,n3,HC,tai20_15_03.F.15_01,16,1308.0,1509.0,1408.5
n3_HC,n3,HC,tai20_15_03.F.15_01,17,1313.0,1531.0,1422.0
n3_HC,n3,HC,tai20_15_03.F.15_01,18,1334.0,1522.0,1428.0
n3_HC,n3,HC,tai20_15_03.F.15_01,19,1350.0,1544.0,1447.0
n3_HC,n3,HC,tai20_15_03.F.15_01,20,1309.0,1537.0,1423.0
n3_HC,n3,HC,tai20_15_03.F.15_01,21,1333.0,1545.0,1439.0
n3_HC,n3,HC,tai20_15_03.F.15_01,22,1339.0,1531.0,1435.0
n3_HC,n3,HC,tai20_15_03.F.15_01,23,1321.0,1502.0,1411.5
n3_HC,n3,HC,tai20_15_03.F.15_01,24,1343.0,1517.0,1430.0
n3_HC,n3,HC,tai20_15_03.F.15_01,25,1331.0,1519.0,1425.0
n3_HC,n3,HC,tai20_15_03.F.15_01,26,1339.0,1544.0,1441.5
n3_HC,n3,HC,tai20_15_03.F.15_01,27,1319.0,1506.0,1412.5
n3_HC,n3,HC,tai20_15_03.F.15_01,28,1314.0,1497.0,1405.5
n3_HC,n3,HC,tai20_15_03.F.15_01,29,1332.0,1535.0,1433.5
n3_HC,n3,HC,tai20_15_03.F.15_01,30,1302.0,1525.0,1413.5
n3_HC,n3,HC,tai20_15_04.F.15_01,1,1308.0,1497.0,1402.5
n3_HC,n3,HC,tai20_15_04.F.15_01,2,1296.0,1488.0,1392.0
n3_HC,n3,HC,tai20_15_04.F.15_01,3,1276.0,1470.0,1373.0
n3_HC,n3,HC,tai20_15_04.F.15_01,4,1299.0,1484.0,1391.5
n3_HC,n3,HC,tai20_15_04.F.15_01,5,1276.0,1482.0,1379.0
n3_HC,n3,HC,tai20_15_04.F.15_01,6,1286.0,1485.0,1385.5
n3_HC,n3,HC,tai20_15_04.F.15_01,7,1300.0,1480.0,1390.0
n3_HC,n3,HC,tai20_15_04.F.15_01,8,1283.0,1468.0,1375.5
n3_HC,n3,HC,tai20_15_04.F.15_01,9,1297.0,1481.0,1389.0
n3_HC,n3,HC,tai20_15_04.F.15_01,10,1306.0,1474.0,1390.0
n3_HC,n3,HC,tai20_15_04.F.15_01,11,1300.0,1488.0,1394.0
n3_HC,n3,HC,tai20_15_04.F.15_01,12,1312.0,1479.0,1395.5
n3_HC,n3,HC,tai20_15_04.F.15_01,13,1273.0,1478.0,1375.5
n3_HC,n3,HC,tai20_15_04.F.15_01,14,1278.0,1474.0,1376.0
n3_HC,n3,HC,tai20_15_04.F.15_01,15,1285.0,1470.0,1377.5
n3_HC,n3,HC,tai20_15_04.F.15_01,16,1304.0,1470.0,1387.0
n3_HC,n3,HC,tai20_15_04.F.15_01,17,1273.0,1477.0,1375.0
n3_HC,n3,HC,tai20_15_04.F.15_01,18,1272.0,1485.0,1378.5
n3_HC,n3,HC,tai20_15_04.F.15_01,19,1296.0,1488.0,1392.0
n3_HC,n3,HC,tai20_15_04.F.15_01,20,1308.0,1486.0,1397.0
n3_HC,n3,HC,tai20_15_04.F.15_01,21,1290.0,1488.0,1389.0
n3_HC,n3,HC,tai20_15_04.F.15_01,22,1329.0,1501.0,1415.0
n3_HC,n3,HC,tai20_15_04.F.15_01,23,1328.0,1482.0,1405.0
n3_HC,n3,HC,tai20_15_04.F.15_01,24,1302.0,1478.0,1390.0
n3_HC,n3,HC,tai20_15_04.F.15_01,25,1284.0,1467.0,1375.5
n3_HC,n3,HC,tai20_15_04.F.15_01,26,1292.0,1497.0,1394.5
n3_HC,n3,HC,tai20_15_04.F.15_01,27,1290.0,1487.0,1388.5
n3_HC,n3,HC,tai20_15_04.F.15_01,28,1278.0,1472.0,1375.0
n3_HC,n3,HC,tai20_15_04.F.15_01,29,1298.0,1509.0,1403.5
n3_HC,n3,HC,tai20_15_04.F.15_01,30,1288.0,1487.0,1387.5
n3_HC,n3,HC,tai20_15_05.F.15_01,1,1340.0,1526.0,1433.0
n3_HC,n3,HC,tai20_15_05.F.15_01,2,1298.0,1518.0,1408.0
n3_HC,n3,HC,tai20_15_05.F.15_01,3,1319.0,1508.0,1413.5
n3_HC,n3,HC,tai20_15_05.F.15_01,4,1295.0,1502.0,1398.5
n3_HC,n3,HC,tai20_15_05.F.15_01,5,1340.0,1521.0,1430.5
n3_HC,n3,HC,tai20_15_05.F.15_01,6,1357.0,1515.0,1436.0
n3_HC,n3,HC,tai20_15_05.F.15_01,7,1311.0,1500.0,1405.5
n3_HC,n3,HC,tai20_15_05.F.15_01,8,1345.0,1517.0,1431.0
n3_HC,n3,HC,tai20_15_05.F.15_01,9,1300.0,1529.0,1414.5
n3_HC,n3,HC,tai20_15_05.F.15_01,10,1341.0,1534.0,1437.5
n3_HC,n3,HC,tai20_15_05.F.15_01,11,1299.0,1508.0,1403.5
n3_HC,n3,HC,tai20_15_05.F.15_01,12,1320.0,1504.0,1412.0
n3_HC,n3,HC,tai20_15_05.F.15_01,13,1333.0,1526.0,1429.5
n3_HC,n3,HC,tai20_15_05.F.15_01,14,1317.0,1540.0,1428.5
n3_HC,n3,HC,tai20_15_05.F.15_01,15,1335.0,1505.0,1420.0
n3_HC,n3,HC,tai20_15_05.F.15_01,16,1348.0,1556.0,1452.0
n3_HC,n3,HC,tai20_15_05.F.15_01,17,1305.0,1508.0,1406.5
n3_HC,n3,HC,tai20_15_05.F.15_01,18,1292.0,1506.0,1399.0
n3_HC,n3,HC,tai20_15_05.F.15_01,19,1293.0,1505.0,1399.0
n3_HC,n3,HC,tai20_15_05.F.15_01,20,1313.0,1509.0,1411.0
n3_HC,n3,HC,tai20_15_05.F.15_01,21,1304.0,1508.0,1406.0
n3_HC,n3,HC,tai20_15_05.F.15_01,22,1358.0,1522.0,1440.0
n3_HC,n3,HC,tai20_15_05.F.15_01,23,1347.0,1519.0,1433.0
n3_HC,n3,HC,tai20_15_05.F.15_01,24,1337.0,1526.0,1431.5
n3_HC,n3,HC,tai20_15_05.F.15_01,25,1317.0,1513.0,1415.0
n3_HC,n3,HC,tai20_15_05.F.15_01,26,1351.0,1529.0,1440.0
n3_HC,n3,HC,tai20_15_05.F.15_01,27,1307.0,1504.0,1405.5
n3_HC,n3,HC,tai20_15_05.F.15_01,28,1332.0,1505.0,1418.5
n3_HC,n3,HC,tai20_15_05.F.15_01,29,1318.0,1533.0,1425.5
n3_HC,n3,HC,tai20_15_05.F.15_01,30,1335.0,1500.0,1417.5
n3_HC,n3,HC,tai20_15_06.F.15_01,1,1365.0,1595.0,1480.0
n3_HC,n3,HC,tai20_15_06.F.15_01,2,1369.0,1590.0,1479.5
n3_HC,n3,HC,tai20_15_06.F.15_01,3,1343.0,1555.0,1449.0
n3_HC,n3,HC,tai20_15_06.F.15_01,4,1359.0,1592.0,1475.5
n3_HC,n3,HC,tai20_15_06.F.15_01,5,1353.0,1575.0,1464.0
n3_HC,n3,HC,tai20_15_06.F.15_01,6,1342.0,1560.0,1451.0
n3_HC,n3,HC,tai20_15_06.F.15_01,7,1340.0,1576.0,1458.0
n3_HC,n3,HC,tai20_15_06.F.15_01,8,1332.0,1583.0,1457.5
n3_HC,n3,HC,tai20_15_06.F.15_01,9,1336.0,1557.0,1446.5
n3_HC,n3,HC,tai20_15_06.F.15_01,10,1347.0,1583.0,1465.0
n3_HC,n3,HC,tai20_15_06.F.15_01,11,1337.0,1561.0,1449.0
n3_HC,n3,HC,tai20_15_06.F.15_01,12,1337.0,1570.0,1453.5
n3_HC,n3,HC,tai20_15_06.F.15_01,13,1336.0,1576.0,1456.0
n3_HC,n3,HC,tai20_15_06.F.15_01,14,1312.0,1545.0,1428.5
n3_HC,n3,HC,tai20_15_06.F.15_01,15,1316.0,1552.0,1434.0
n3_HC,n3,HC,tai20_15_06.F.15_01,16,1310.0,1515.0,1412.5
n3_HC,n3,HC,tai20_15_06.F.15_01,17,1326.0,1570.0,1448.0
n3_HC,n3,HC,tai20_15_06.F.15_01,18,1328.0,1580.0,1454.0
n3_HC,n3,HC,tai20_15_06.F.15_01,19,1307.0,1527.0,1417.0
n3_HC,n3,HC,tai20_15_06.F.15_01,20,1346.0,1574.0,1460.0
n3_HC,n3,HC,tai20_15_06.F.15_01,21,1348.0,1574.0,1461.0
n3_HC,n3,HC,tai20_15_06.F.15_01,22,1336.0,1580.0,1458.0
n3_HC,n3,HC,tai20_15_06.F.15_01,23,1334.0,1543.0,1438.5
n3_HC,n3,HC,tai20_15_06.F.15_01,24,1349.0,1547.0,1448.0
n3_HC,n3,HC,tai20_15_06.F.15_01,25,1339.0,1551.0,1445.0
n3_HC,n3,HC,tai20_15_06.F.15_01,26,1327.0,1567.0,1447.0
n3_HC,n3,HC,tai20_15_06.F.15_01,27,1357.0,1583.0,1470.0
n3_HC,n3,HC,tai20_15_06.F.15_01,28,1341.0,1560.0,1450.5
n3_HC,n3,HC,tai20_15_06.F.15_01,29,1328.0,1545.0,1436.5
n3_HC,n3,HC,tai20_15_06.F.15_01,30,1323.0,1546.0,1434.5
n3_HC,n3,HC,tai20_15_07.F.15_01,1,1437.0,1669.0,1553.0
n3_HC,n3,HC,tai20_15_07.F.15_01,2,1438.0,1676.0,1557.0
n3_HC,n3,HC,tai20_15_07.F.15_01,3,1402.0,1652.0,1527.0
n3_HC,n3,HC,tai20_15_07.F.15_01,4,1442.0,1666.0,1554.0
n3_HC,n3,HC,tai20_15_07.F.15_01,5,1445.0,1689.0,1567.0
n3_HC,n3,HC,tai20_15_07.F.15_01,6,1387.0,1637.0,1512.0
n3_HC,n3,HC,tai20_15_07.F.15_01,7,1417.0,1663.0,1540.0
n3_HC,n3,HC,tai20_15_07.F.15_01,8,1426.0,1643.0,1534.5
n3_HC,n3,HC,tai20_15_07.F.15_01,9,1424.0,1682.0,1553.0
n3_HC,n3,HC,tai20_15_07.F.15_01,10,1431.0,1665.0,1548.0
n3_HC,n3,HC,tai20_15_07.F.15_01,11,1435.0,1662.0,1548.5
n3_HC,n3,HC,tai20_15_07.F.15_01,12,1406.0,1647.0,1526.5
n3_HC,n3,HC,tai20_15_07.F.15_01,13,1470.0,1709.0,1589.5
n3_HC,n3,HC,tai20_15_07.F.15_01,14,1387.0,1632.0,1509.5
n3_HC,n3,HC,tai20_15_07.F.15_01,15,1406.0,1648.0,1527.0
n3_HC,n3,HC,tai20_15_07.F.15_01,16,1442.0,1675.0,1558.5
n3_HC,n3,HC,tai20_15_07.F.15_01,17,1456.0,1680.0,1568.0
n3_HC,n3,HC,tai20_15_07.F.15_01,18,1450.0,1681.0,1565.5
n3_HC,n3,HC,tai20_15_07.F.15_01,19,1392.0,1634.0,1513.0
n3_HC,n3,HC,tai20_15_07.F.15_01,20,1459.0,1694.0,1576.5
n3_HC,n3,HC,tai20_15_07.F.15_01,21,1390.0,1648.0,1519.0
n3_HC,n3,HC,tai20_15_07.F.15_01,22,1445.0,1688.0,1566.5
n3_HC,n3,HC,tai20_15_07.F.15_01,23,1398.0,1642.0,1520.0
n3_HC,n3,HC,tai20_15_07.F.15_01,24,1419.0,1654.0,1536.5
n3_HC,n3,HC,tai20_15_07.F.15_01,25,1407.0,1648.0,1527.5
n3_HC,n3,HC,tai20_15_07.F.15_01,26,1419.0,1654.0,1536.5
n3_HC,n3,HC,tai20_15_07.F.15_01,27,1448.0,1700.0,1574.0
n3_HC,n3,HC,tai20_15_07.F.15_01,28,1403.0,1646.0,1524.5
n3_HC,n3,HC,tai20_15_07.F.15_01,29,1445.0,1689.0,1567.0
n3_HC,n3,HC,tai20_15_07.F.15_01,30,1405.0,1648.0,1526.5
n3_HC,n3,HC,tai20_15_08.F.15_01,1,1403.0,1607.0,1505.0
n3_HC,n3,HC,tai20_15_08.F.15_01,2,1408.0,1602.0,1505.0
n3_HC,n3,HC,tai20_15_08.F.15_01,3,1401.0,1617.0,1509.0
n3_HC,n3,HC,tai20_15_08.F.15_01,4,1388.0,1593.0,1490.5
n3_HC,n3,HC,tai20_15_08.F.15_01,5,1428.0,1636.0,1532.0
n3_HC,n3,HC,tai20_15_08.F.15_01,6,1416.0,1646.0,1531.0
n3_HC,n3,HC,tai20_15_08.F.15_01,7,1400.0,1600.0,1500.0
n3_HC,n3,HC,tai20_15_08.F.15_01,8,1374.0,1573.0,1473.5
n3_HC,n3,HC,tai20_15_08.F.15_01,9,1400.0,1596.0,1498.0
n3_HC,n3,HC,tai20_15_08.F.15_01,10,1397.0,1602.0,1499.5
n3_HC,n3,HC,tai20_15_08.F.15_01,11,1365.0,1582.0,1473.5
n3_HC,n3,HC,tai20_15_08.F.15_01,12,1386.0,1596.0,1491.0
n3_HC,n3,HC,tai20_15_08.F.15_01,13,1400.0,1594.0,1497.0
n3_HC,n3,HC,tai20_15_08.F.15_01,14,1390.0,1586.0,1488.0
n3_HC,n3,HC,tai20_15_08.F.15_01,15,1405.0,1601.0,1503.0
n3_HC,n3,HC,tai20_15_08.F.15_01,16,1376.0,1592.0,1484.0
n3_HC,n3,HC,tai20_15_08.F.15_01,17,1401.0,1645.0,1523.0
n3_HC,n3,HC,tai20_15_08.F.15_01,18,1393.0,1644.0,1518.5
n3_HC,n3,HC,tai20_15_08.F.15_01,19,1386.0,1600.0,1493.0
n3_HC,n3,HC,tai20_15_08.F.15_01,20,1372.0,1604.0,1488.0
n3_HC,n3,HC,tai20_15_08.F.15_01,21,1392.0,1593.0,1492.5
n3_HC,n3,HC,tai20_15_08.F.15_01,22,1392.0,1588.0,1490.0
n3_HC,n3,HC,tai20_15_08.F.15_01,23,1394.0,1592.0,1493.0
n3_HC,n3,HC,tai20_15_08.F.15_01,24,1401.0,1625.0,1513.0
n3_HC,n3,HC,tai20_15_08.F.15_01,25,1388.0,1570.0,1479.0
n3_HC,n3,HC,tai20_15_08.F.15_01,26,1395.0,1612.0,1503.5
n3_HC,n3,HC,tai20_15_08.F.15_01,27,1397.0,1596.0,1496.5
n3_HC,n3,HC,tai20_15_08.F.15_01,28,1399.0,1616.0,1507.5
n3_HC,n3,HC,tai20_15_08.F.15_01,29,1405.0,1587.0,1496.0
n3_HC,n3,HC,tai20_15_08.F.15_01,30,1408.0,1623.0,1515.5
n3_HC,n3,HC,tai20_15_09.F.15_01,1,1328.0,1559.0,1443.5
n3_HC,n3,HC,tai20_15_09.F.15_01,2,1355.0,1567.0,1461.0
n3_HC,n3,HC,tai20_15_09.F.15_01,3,1297.0,1529.0,1413.0
n3_HC,n3,HC,tai20_15_09.F.15_01,4,1314.0,1551.0,1432.5
n3_HC,n3,HC,tai20_15_09.F.15_01,5,1362.0,1546.0,1454.0
n3_HC,n3,HC,tai20_15_09.F.15_01,6,1345.0,1569.0,1457.0
n3_HC,n3,HC,tai20_15_09.F.15_01,7,1313.0,1585.0,1449.0
n3_HC,n3,HC,tai20_15_09.F.15_01,8,1323.0,1544.0,1433.5
n3_HC,n3,HC,tai20_15_09.F.15_01,9,1305.0,1517.0,1411.0
n3_HC,n3,HC,tai20_15_09.F.15_01,10,1307.0,1514.0,1410.5
n3_HC,n3,HC,tai20_15_09.F.15_01,11,1330.0,1535.0,1432.5
n3_HC,n3,HC,tai20_15_09.F.15_01,12,1322.0,1525.0,1423.5
n3_HC,n3,HC,tai20_15_09.F.15_01,13,1330.0,1513.0,1421.5
n3_HC,n3,HC,tai20_15_09.F.15_01,14,1321.0,1573.0,1447.0
n3_HC,n3,HC,tai20_15_09.F.15_01,15,1285.0,1517.0,1401.0
n3_HC,n3,HC,tai20_15_09.F.15_01,16,1325.0,1565.0,1445.0
n3_HC,n3,HC,tai20_15_09.F.15_01,17,1337.0,1549.0,1443.0
n3_HC,n3,HC,tai20_15_09.F.15_01,18,1323.0,1517.0,1420.0
n3_HC,n3,HC,tai20_15_09.F.15_01,19,1357.0,1581.0,1469.0
n3_HC,n3,HC,tai20_15_09.F.15_01,20,1352.0,1545.0,1448.5
n3_HC,n3,HC,tai20_15_09.F.15_01,21,1342.0,1553.0,1447.5
n3_HC,n3,HC,tai20_15_09.F.15_01,22,1360.0,1565.0,1462.5
n3_HC,n3,HC,tai20_15_09.F.15_01,23,1298.0,1540.0,1419.0
n3_HC,n3,HC,tai20_15_09.F.15_01,24,1316.0,1496.0,1406.0
n3_HC,n3,HC,tai20_15_09.F.15_01,25,1341.0,1568.0,1454.5
n3_HC,n3,HC,tai20_15_09.F.15_01,26,1382.0,1580.0,1481.0
n3_HC,n3,HC,tai20_15_09.F.15_01,27,1327.0,1541.0,1434.0
n3_HC,n3,HC,tai20_15_09.F.15_01,28,1336.0,1546.0,1441.0
n3_HC,n3,HC,tai20_15_09.F.15_01,29,1333.0,1550.0,1441.5
n3_HC,n3,HC,tai20_15_09.F.15_01,30,1309.0,1553.0,1431.0
n3_HC,n3,HC,tai20_15_10.F.15_01,1,1332.0,1545.0,1438.5
n3_HC,n3,HC,tai20_15_10.F.15_01,2,1320.0,1536.0,1428.0
n3_HC,n3,HC,tai20_15_10.F.15_01,3,1306.0,1523.0,1414.5
n3_HC,n3,HC,tai20_15_10.F.15_01,4,1350.0,1568.0,1459.0
n3_HC,n3,HC,tai20_15_10.F.15_01,5,1332.0,1553.0,1442.5
n3_HC,n3,HC,tai20_15_10.F.15_01,6,1286.0,1512.0,1399.0
n3_HC,n3,HC,tai20_15_10.F.15_01,7,1341.0,1545.0,1443.0
n3_HC,n3,HC,tai20_15_10.F.15_01,8,1320.0,1528.0,1424.0
n3_HC,n3,HC,tai20_15_10.F.15_01,9,1324.0,1537.0,1430.5
n3_HC,n3,HC,tai20_15_10.F.15_01,10,1290.0,1528.0,1409.0
n3_HC,n3,HC,tai20_15_10.F.15_01,11,1307.0,1502.0,1404.5
n3_HC,n3,HC,tai20_15_10.F.15_01,12,1300.0,1501.0,1400.5
n3_HC,n3,HC,tai20_15_10.F.15_01,13,1303.0,1517.0,1410.0
n3_HC,n3,HC,tai20_15_10.F.15_01,14,1322.0,1528.0,1425.0
n3_HC,n3,HC,tai20_15_10.F.15_01,15,1338.0,1534.0,1436.0
n3_HC,n3,HC,tai20_15_10.F.15_01,16,1347.0,1541.0,1444.0
n3_HC,n3,HC,tai20_15_10.F.15_01,17,1328.0,1526.0,1427.0
n3_HC,n3,HC,tai20_15_10.F.15_01,18,1307.0,1507.0,1407.0
n3_HC,n3,HC,tai20_15_10.F.15_01,19,1348.0,1540.0,1444.0
n3_HC,n3,HC,tai20_15_10.F.15_01,20,1321.0,1536.0,1428.5
n3_HC,n3,HC,tai20_15_10.F.15_01,21,1323.0,1511.0,1417.0
n3_HC,n3,HC,tai20_15_10.F.15_01,22,1320.0,1520.0,1420.0
n3_HC,n3,HC,tai20_15_10.F.15_01,23,1326.0,1535.0,1430.5
n3_HC,n3,HC,tai20_15_10.F.15_01,24,1340.0,1526.0,1433.0
n3_HC,n3,HC,tai20_15_10.F.15_01,25,1311.0,1513.0,1412.0
n3_HC,n3,HC,tai20_15_10.F.15_01,26,1341.0,1557.0,1449.0
n3_HC,n3,HC,tai20_15_10.F.15_01,27,1365.0,1522.0,1443.5
n3_HC,n3,HC,tai20_15_10.F.15_01,28,1308.0,1527.0,1417.5
n3_HC,n3,HC,tai20_15_10.F.15_01,29,1332.0,1520.0,1426.0
n3_HC,n3,HC,tai20_15_10.F.15_01,30,1318.0,1483.0,1400.5
n3_HC,n3,HC,tai20_20_01.F.15_01,1,1598.0,1835.0,1716.5
n3_HC,n3,HC,tai20_20_01.F.15_01,2,1621.0,1837.0,1729.0
n3_HC,n3,HC,tai20_20_01.F.15_01,3,1606.0,1849.0,1727.5
n3_HC,n3,HC,tai20_20_01.F.15_01,4,1603.0,1859.0,1731.0
n3_HC,n3,HC,tai20_20_01.F.15_01,5,1602.0,1854.0,1728.0
n3_HC,n3,HC,tai20_20_01.F.15_01,6,1626.0,1877.0,1751.5
n3_HC,n3,HC,tai20_20_01.F.15_01,7,1667.0,1862.0,1764.5
n3_HC,n3,HC,tai20_20_01.F.15_01,8,1594.0,1816.0,1705.0
n3_HC,n3,HC,tai20_20_01.F.15_01,9,1642.0,1861.0,1751.5
n3_HC,n3,HC,tai20_20_01.F.15_01,10,1600.0,1854.0,1727.0
n3_HC,n3,HC,tai20_20_01.F.15_01,11,1652.0,1879.0,1765.5
n3_HC,n3,HC,tai20_20_01.F.15_01,12,1641.0,1876.0,1758.5
n3_HC,n3,HC,tai20_20_01.F.15_01,13,1601.0,1837.0,1719.0
n3_HC,n3,HC,tai20_20_01.F.15_01,14,1645.0,1847.0,1746.0
n3_HC,n3,HC,tai20_20_01.F.15_01,15,1584.0,1824.0,1704.0
n3_HC,n3,HC,tai20_20_01.F.15_01,16,1592.0,1830.0,1711.0
n3_HC,n3,HC,tai20_20_01.F.15_01,17,1616.0,1861.0,1738.5
n3_HC,n3,HC,tai20_20_01.F.15_01,18,1619.0,1848.0,1733.5
n3_HC,n3,HC,tai20_20_01.F.15_01,19,1613.0,1871.0,1742.0
n3_HC,n3,HC,tai20_20_01.F.15_01,20,1610.0,1845.0,1727.5
n3_HC,n3,HC,tai20_20_01.F.15_01,21,1636.0,1858.0,1747.0
n3_HC,n3,HC,tai20_20_01.F.15_01,22,1607.0,1845.0,1726.0
n3_HC,n3,HC,tai20_20_01.F.15_01,23,1586.0,1830.0,1708.0
n3_HC,n3,HC,tai20_20_01.F.15_01,24,1646.0,1843.0,1744.5
n3_HC,n3,HC,tai20_20_01.F.15_01,25,1623.0,1872.0,1747.5
n3_HC,n3,HC,tai20_20_01.F.15_01,26,1616.0,1825.0,1720.5
n3_HC,n3,HC,tai20_20_01.F.15_01,27,1614.0,1839.0,1726.5
n3_HC,n3,HC,tai20_20_01.F.15_01,28,1632.0,1864.0,1748.0
n3_HC,n3,HC,tai20_20_01.F.15_01,29,1643.0,1867.0,1755.0
n3_HC,n3,HC,tai20_20_01.F.15_01,30,1615.0,1845.0,1730.0
n3_HC,n3,HC,tai20_20_02.F.15_01,1,1582.0,1827.0,1704.5
n3_HC,n3,HC,tai20_20_02.F.15_01,2,1600.0,1808.0,1704.0
n3_HC,n3,HC,tai20_20_02.F.15_01,3,1601.0,1809.0,1705.0
n3_HC,n3,HC,tai20_20_02.F.15_01,4,1584.0,1805.0,1694.5
n3_HC,n3,HC,tai20_20_02.F.15_01,5,1553.0,1783.0,1668.0
n3_HC,n3,HC,tai20_20_02.F.15_01,6,1563.0,1832.0,1697.5
n3_HC,n3,HC,tai20_20_02.F.15_01,7,1554.0,1801.0,1677.5
n3_HC,n3,HC,tai20_20_02.F.15_01,8,1548.0,1797.0,1672.5
n3_HC,n3,HC,tai20_20_02.F.15_01,9,1539.0,1784.0,1661.5
n3_HC,n3,HC,tai20_20_02.F.15_01,10,1528.0,1773.0,1650.5
n3_HC,n3,HC,tai20_20_02.F.15_01,11,1596.0,1794.0,1695.0
n3_HC,n3,HC,tai20_20_02.F.15_01,12,1565.0,1824.0,1694.5
n3_HC,n3,HC,tai20_20_02.F.15_01,13,1549.0,1776.0,1662.5
n3_HC,n3,HC,tai20_20_02.F.15_01,14,1562.0,1784.0,1673.0
n3_HC,n3,HC,tai20_20_02.F.15_01,15,1598.0,1806.0,1702.0
n3_HC,n3,HC,tai20_20_02.F.15_01,16,1586.0,1790.0,1688.0
n3_HC,n3,HC,tai20_20_02.F.15_01,17,1567.0,1795.0,1681.0
n3_HC,n3,HC,tai20_20_02.F.15_01,18,1574.0,1797.0,1685.5
n3_HC,n3,HC,tai20_20_02.F.15_01,19,1563.0,1799.0,1681.0
n3_HC,n3,HC,tai20_20_02.F.15_01,20,1570.0,1801.0,1685.5
n3_HC,n3,HC,tai20_20_02.F.15_01,21,1555.0,1798.0,1676.5
n3_HC,n3,HC,tai20_20_02.F.15_01,22,1545.0,1764.0,1654.5
n3_HC,n3,HC,tai20_20_02.F.15_01,23,1570.0,1786.0,1678.0
n3_HC,n3,HC,tai20_20_02.F.15_01,24,1535.0,1779.0,1657.0
n3_HC,n3,HC,tai20_20_02.F.15_01,25,1543.0,1783.0,1663.0
n3_HC,n3,HC,tai20_20_02.F.15_01,26,1569.0,1806.0,1687.5
n3_HC,n3,HC,tai20_20_02.F.15_01,27,1546.0,1789.0,1667.5
n3_HC,n3,HC,tai20_20_02.F.15_01,28,1554.0,1780.0,1667.0
n3_HC,n3,HC,tai20_20_02.F.15_01,29,1547.0,1795.0,1671.0
n3_HC,n3,HC,tai20_20_02.F.15_01,30,1580.0,1812.0,1696.0
n3_HC,n3,HC,tai20_20_03.F.15_01,1,1539.0,1734.0,1636.5
n3_HC,n3,HC,tai20_20_03.F.15_01,2,1545.0,1725.0,1635.0
n3_HC,n3,HC,tai20_20_03.F.15_01,3,1547.0,1727.0,1637.0
n3_HC,n3,HC,tai20_20_03.F.15_01,4,1571.0,1744.0,1657.5
n3_HC,n3,HC,tai20_20_03.F.15_01,5,1556.0,1734.0,1645.0
n3_HC,n3,HC,tai20_20_03.F.15_01,6,1578.0,1769.0,1673.5
n3_HC,n3,HC,tai20_20_03.F.15_01,7,1559.0,1753.0,1656.0
n3_HC,n3,HC,tai20_20_03.F.15_01,8,1591.0,1796.0,1693.5
n3_HC,n3,HC,tai20_20_03.F.15_01,9,1549.0,1736.0,1642.5
n3_HC,n3,HC,tai20_20_03.F.15_01,10,1553.0,1755.0,1654.0
n3_HC,n3,HC,tai20_20_03.F.15_01,11,1544.0,1732.0,1638.0
n3_HC,n3,HC,tai20_20_03.F.15_01,12,1570.0,1755.0,1662.5
n3_HC,n3,HC,tai20_20_03.F.15_01,13,1573.0,1766.0,1669.5
n3_HC,n3,HC,tai20_20_03.F.15_01,14,1569.0,1753.0,1661.0
n3_HC,n3,HC,tai20_20_03.F.15_01,15,1586.0,1746.0,1666.0
n3_HC,n3,HC,tai20_20_03.F.15_01,16,1550.0,1743.0,1646.5
n3_HC,n3,HC,tai20_20_03.F.15_01,17,1584.0,1761.0,1672.5
n3_HC,n3,HC,tai20_20_03.F.15_01,18,1561.0,1739.0,1650.0
n3_HC,n3,HC,tai20_20_03.F.15_01,19,1581.0,1773.0,1677.0
n3_HC,n3,HC,tai20_20_03.F.15_01,20,1529.0,1740.0,1634.5
n3_HC,n3,HC,tai20_20_03.F.15_01,21,1550.0,1747.0,1648.5
n3_HC,n3,HC,tai20_20_03.F.15_01,22,1577.0,1765.0,1671.0
n3_HC,n3,HC,tai20_20_03.F.15_01,23,1586.0,1765.0,1675.5
n3_HC,n3,HC,tai20_20_03.F.15_01,24,1531.0,1705.0,1618.0
n3_HC,n3,HC,tai20_20_03.F.15_01,25,1519.0,1707.0,1613.0
n3_HC,n3,HC,tai20_20_03.F.15_01,26,1534.0,1743.0,1638.5
n3_HC,n3,HC,tai20_20_03.F.15_01,27,1567.0,1732.0,1649.5
n3_HC,n3,HC,tai20_20_03.F.15_01,28,1585.0,1762.0,1673.5
n3_HC,n3,HC,tai20_20_03.F.15_01,29,1553.0,1737.0,1645.0
n3_HC,n3,HC,tai20_20_03.F.15_01,30,1550.0,1719.0,1634.5
n3_HC,n3,HC,tai20_20_04.F.15_01,1,1594.0,1828.0,1711.0
n3_HC,n3,HC,tai20_20_04.F.15_01,2,1606.0,1841.0,1723.5
n3_HC,n3,HC,tai20_20_04.F.15_01,3,1594.0,1832.0,1713.0
n3_HC,n3,HC,tai20_20_04.F.15_01,4,1630.0,1842.0,1736.0
n3_HC,n3,HC,tai20_20_04.F.15_01,5,1624.0,1839.0,1731.5
n3_HC,n3,HC,tai20_20_04.F.15_01,6,1604.0,1874.0,1739.0
n3_HC,n3,HC,tai20_20_04.F.15_01,7,1623.0,1864.0,1743.5
n3_HC,n3,HC,tai20_20_04.F.15_01,8,1601.0,1864.0,1732.5
n3_HC,n3,HC,tai20_20_04.F.15_01,9,1608.0,1832.0,1720.0
n3_HC,n3,HC,tai20_20_04.F.15_01,10,1598.0,1842.0,1720.0
n3_HC,n3,HC,tai20_20_04.F.15_01,11,1589.0,1840.0,1714.5
n3_HC,n3,HC,tai20_20_04.F.15_01,12,1603.0,1842.0,1722.5
n3_HC,n3,HC,tai20_20_04.F.15_01,13,1583.0,1825.0,1704.0
n3_HC,n3,HC,tai20_20_04.F.15_01,14,1620.0,1852.0,1736.0
n3_HC,n3,HC,tai20_20_04.F.15_01,15,1580.0,1816.0,1698.0
n3_HC,n3,HC,tai20_20_04.F.15_01,16,1592.0,1828.0,1710.0
n3_HC,n3,HC,tai20_20_04.F.15_01,17,1594.0,1842.0,1718.0
n3_HC,n3,HC,tai20_20_04.F.15_01,18,1580.0,1815.0,1697.5
n3_HC,n3,HC,tai20_20_04.F.15_01,19,1630.0,1847.0,1738.5
n3_HC,n3,HC,tai20_20_04.F.15_01,20,1594.0,1842.0,1718.0
n3_HC,n3,HC,tai20_20_04.F.15_01,21,1613.0,1857.0,1735.0
n3_HC,n3,HC,tai20_20_04.F.15_01,22,1643.0,1884.0,1763.5
n3_HC,n3,HC,tai20_20_04.F.15_01,23,1664.0,1899.0,1781.5
n3_HC,n3,HC,tai20_20_04.F.15_01,24,1604.0,1842.0,1723.0
n3_HC,n3,HC,tai20_20_04.F.15_01,25,1594.0,1842.0,1718.0
n3_HC,n3,HC,tai20_20_04.F.15_01,26,1603.0,1831.0,1717.0
n3_HC,n3,HC,tai20_20_04.F.15_01,27,1597.0,1852.0,1724.5
n3_HC,n3,HC,tai20_20_04.F.15_01,28,1587.0,1820.0,1703.5
n3_HC,n3,HC,tai20_20_04.F.15_01,29,1625.0,1858.0,1741.5
n3_HC,n3,HC,tai20_20_04.F.15_01,30,1574.0,1832.0,1703.0
n3_HC,n3,HC,tai20_20_05.F.15_01,1,1609.0,1827.0,1718.0
n3_HC,n3,HC,tai20_20_05.F.15_01,2,1578.0,1804.0,1691.0
n3_HC,n3,HC,tai20_20_05.F.15_01,3,1601.0,1806.0,1703.5
n3_HC,n3,HC,tai20_20_05.F.15_01,4,1612.0,1809.0,1710.5
n3_HC,n3,HC,tai20_20_05.F.15_01,5,1590.0,1800.0,1695.0
n3_HC,n3,HC,tai20_20_05.F.15_01,6,1591.0,1809.0,1700.0
n3_HC,n3,HC,tai20_20_05.F.15_01,7,1598.0,1838.0,1718.0
n3_HC,n3,HC,tai20_20_05.F.15_01,8,1630.0,1838.0,1734.0
n3_HC,n3,HC,tai20_20_05.F.15_01,9,1615.0,1829.0,1722.0
n3_HC,n3,HC,tai20_20_05.F.15_01,10,1597.0,1795.0,1696.0
n3_HC,n3,HC,tai20_20_05.F.15_01,11,1580.0,1800.0,1690.0
n3_HC,n3,HC,tai20_20_05.F.15_01,12,1599.0,1804.0,1701.5
n3_HC,n3,HC,tai20_20_05.F.15_01,13,1576.0,1814.0,1695.0
n3_HC,n3,HC,tai20_20_05.F.15_01,14,1603.0,1826.0,1714.5
n3_HC,n3,HC,tai20_20_05.F.15_01,15,1608.0,1811.0,1709.5
n3_HC,n3,HC,tai20_20_05.F.15_01,16,1588.0,1794.0,1691.0
n3_HC,n3,HC,tai20_20_05.F.15_01,17,1575.0,1780.0,1677.5
n3_HC,n3,HC,tai20_20_05.F.15_01,18,1611.0,1798.0,1704.5
n3_HC,n3,HC,tai20_20_05.F.15_01,19,1603.0,1806.0,1704.5
n3_HC,n3,HC,tai20_20_05.F.15_01,20,1596.0,1814.0,1705.0
n3_HC,n3,HC,tai20_20_05.F.15_01,21,1593.0,1810.0,1701.5
n3_HC,n3,HC,tai20_20_05.F.15_01,22,1624.0,1804.0,1714.0
n3_HC,n3,HC,tai20_20_05.F.15_01,23,1558.0,1794.0,1676.0
n3_HC,n3,HC,tai20_20_05.F.15_01,24,1603.0,1795.0,1699.0
n3_HC,n3,HC,tai20_20_05.F.15_01,25,1573.0,1815.0,1694.0
n3_HC,n3,HC,tai20_20_05.F.15_01,26,1601.0,1795.0,1698.0
n3_HC,n3,HC,tai20_20_05.F.15_01,27,1564.0,1773.0,1668.5
n3_HC,n3,HC,tai20_20_05.F.15_01,28,1608.0,1822.0,1715.0
n3_HC,n3,HC,tai20_20_05.F.15_01,29,1617.0,1819.0,1718.0
n3_HC,n3,HC,tai20_20_05.F.15_01,30,1596.0,1786.0,1691.0
n3_HC,n3,HC,tai20_20_06.F.15_01,1,1683.0,1889.0,1786.0
n3_HC,n3,HC,tai20_20_06.F.15_01,2,1664.0,1866.0,1765.0
n3_HC,n3,HC,tai20_20_06.F.15_01,3,1664.0,1851.0,1757.5
n3_HC,n3,HC,tai20_20_06.F.15_01,4,1665.0,1862.0,1763.5
n3_HC,n3,HC,tai20_20_06.F.15_01,5,1675.0,1854.0,1764.5
n3_HC,n3,HC,tai20_20_06.F.15_01,6,1667.0,1863.0,1765.0
n3_HC,n3,HC,tai20_20_06.F.15_01,7,1650.0,1858.0,1754.0
n3_HC,n3,HC,tai20_20_06.F.15_01,8,1648.0,1862.0,1755.0
n3_HC,n3,HC,tai20_20_06.F.15_01,9,1664.0,1868.0,1766.0
n3_HC,n3,HC,tai20_20_06.F.15_01,10,1645.0,1842.0,1743.5
n3_HC,n3,HC,tai20_20_06.F.15_01,11,1665.0,1837.0,1751.0
n3_HC,n3,HC,tai20_20_06.F.15_01,12,1646.0,1829.0,1737.5
n3_HC,n3,HC,tai20_20_06.F.15_01,13,1652.0,1866.0,1759.0
n3_HC,n3,HC,tai20_20_06.F.15_01,14,1670.0,1855.0,1762.5
n3_HC,n3,HC,tai20_20_06.F.15_01,15,1659.0,1856.0,1757.5
n3_HC,n3,HC,tai20_20_06.F.15_01,16,1671.0,1894.0,1782.5
n3_HC,n3,HC,tai20_20_06.F.15_01,17,1647.0,1855.0,1751.0
n3_HC,n3,HC,tai20_20_06.F.15_01,18,1683.0,1849.0,1766.0
n3_HC,n3,HC,tai20_20_06.F.15_01,19,1657.0,1855.0,1756.0
n3_HC,n3,HC,tai20_20_06.F.15_01,20,1649.0,1856.0,1752.5
n3_HC,n3,HC,tai20_20_06.F.15_01,21,1651.0,1868.0,1759.5
n3_HC,n3,HC,tai20_20_06.F.15_01,22,1664.0,1859.0,1761.5
n3_HC,n3,HC,tai20_20_06.F.15_01,23,1670.0,1838.0,1754.0
n3_HC,n3,HC,tai20_20_06.F.15_01,24,1682.0,1885.0,1783.5
n3_HC,n3,HC,tai20_20_06.F.15_01,25,1664.0,1870.0,1767.0
n3_HC,n3,HC,tai20_20_06.F.15_01,26,1670.0,1860.0,1765.0
n3_HC,n3,HC,tai20_20_06.F.15_01,27,1664.0,1847.0,1755.5
n3_HC,n3,HC,tai20_20_06.F.15_01,28,1648.0,1858.0,1753.0
n3_HC,n3,HC,tai20_20_06.F.15_01,29,1664.0,1856.0,1760.0
n3_HC,n3,HC,tai20_20_06.F.15_01,30,1672.0,1853.0,1762.5
n3_HC,n3,HC,tai20_20_07.F.15_01,1,1716.0,1864.0,1790.0
n3_HC,n3,HC,tai20_20_07.F.15_01,2,1709.0,1907.0,1808.0
n3_HC,n3,HC,tai20_20_07.F.15_01,3,1667.0,1870.0,1768.5
n3_HC,n3,HC,tai20_20_07.F.15_01,4,1668.0,1865.0,1766.5
n3_HC,n3,HC,tai20_20_07.F.15_01,5,1673.0,1869.0,1771.0
n3_HC,n3,HC,tai20_20_07.F.15_01,6,1685.0,1881.0,1783.0
n3_HC,n3,HC,tai20_20_07.F.15_01,7,1686.0,1867.0,1776.5
n3_HC,n3,HC,tai20_20_07.F.15_01,8,1703.0,1898.0,1800.5
n3_HC,n3,HC,tai20_20_07.F.15_01,9,1668.0,1864.0,1766.0
n3_HC,n3,HC,tai20_20_07.F.15_01,10,1687.0,1882.0,1784.5
n3_HC,n3,HC,tai20_20_07.F.15_01,11,1709.0,1904.0,1806.5
n3_HC,n3,HC,tai20_20_07.F.15_01,12,1674.0,1895.0,1784.5
n3_HC,n3,HC,tai20_20_07.F.15_01,13,1659.0,1868.0,1763.5
n3_HC,n3,HC,tai20_20_07.F.15_01,14,1662.0,1885.0,1773.5
n3_HC,n3,HC,tai20_20_07.F.15_01,15,1698.0,1899.0,1798.5
n3_HC,n3,HC,tai20_20_07.F.15_01,16,1703.0,1894.0,1798.5
n3_HC,n3,HC,tai20_20_07.F.15_01,17,1674.0,1868.0,1771.0
n3_HC,n3,HC,tai20_20_07.F.15_01,18,1712.0,1881.0,1796.5
n3_HC,n3,HC,tai20_20_07.F.15_01,19,1660.0,1867.0,1763.5
n3_HC,n3,HC,tai20_20_07.F.15_01,20,1693.0,1892.0,1792.5
n3_HC,n3,HC,tai20_20_07.F.15_01,21,1684.0,1871.0,1777.5
n3_HC,n3,HC,tai20_20_07.F.15_01,22,1696.0,1899.0,1797.5
n3_HC,n3,HC,tai20_20_07.F.15_01,23,1719.0,1902.0,1810.5
n3_HC,n3,HC,tai20_20_07.F.15_01,24,1677.0,1919.0,1798.0
n3_HC,n3,HC,tai20_20_07.F.15_01,25,1657.0,1885.0,1771.0
n3_HC,n3,HC,tai20_20_07.F.15_01,26,1706.0,1917.0,1811.5
n3_HC,n3,HC,tai20_20_07.F.15_01,27,1681.0,1882.0,1781.5
n3_HC,n3,HC,tai20_20_07.F.15_01,28,1686.0,1885.0,1785.5
n3_HC,n3,HC,tai20_20_07.F.15_01,29,1712.0,1916.0,1814.0
n3_HC,n3,HC,tai20_20_07.F.15_01,30,1711.0,1911.0,1811.0
n3_HC,n3,HC,tai20_20_08.F.15_01,1,1567.0,1780.0,1673.5
n3_HC,n3,HC,tai20_20_08.F.15_01,2,1574.0,1795.0,1684.5
n3_HC,n3,HC,tai20_20_08.F.15_01,3,1608.0,1823.0,1715.5
n3_HC,n3,HC,tai20_20_08.F.15_01,4,1567.0,1759.0,1663.0
n3_HC,n3,HC,tai20_20_08.F.15_01,5,1571.0,1769.0,1670.0
n3_HC,n3,HC,tai20_20_08.F.15_01,6,1573.0,1795.0,1684.0
n3_HC,n3,HC,tai20_20_08.F.15_01,7,1610.0,1780.0,1695.0
n3_HC,n3,HC,tai20_20_08.F.15_01,8,1601.0,1795.0,1698.0
n3_HC,n3,HC,tai20_20_08.F.15_01,9,1576.0,1785.0,1680.5
n3_HC,n3,HC,tai20_20_08.F.15_01,10,1572.0,1795.0,1683.5
n3_HC,n3,HC,tai20_20_08.F.15_01,11,1571.0,1785.0,1678.0
n3_HC,n3,HC,tai20_20_08.F.15_01,12,1572.0,1781.0,1676.5
n3_HC,n3,HC,tai20_20_08.F.15_01,13,1594.0,1776.0,1685.0
n3_HC,n3,HC,tai20_20_08.F.15_01,14,1582.0,1776.0,1679.0
n3_HC,n3,HC,tai20_20_08.F.15_01,15,1593.0,1797.0,1695.0
n3_HC,n3,HC,tai20_20_08.F.15_01,16,1571.0,1785.0,1678.0
n3_HC,n3,HC,tai20_20_08.F.15_01,17,1550.0,1791.0,1670.5
n3_HC,n3,HC,tai20_20_08.F.15_01,18,1575.0,1805.0,1690.0
n3_HC,n3,HC,tai20_20_08.F.15_01,19,1565.0,1799.0,1682.0
n3_HC,n3,HC,tai20_20_08.F.15_01,20,1565.0,1764.0,1664.5
n3_HC,n3,HC,tai20_20_08.F.15_01,21,1595.0,1797.0,1696.0
n3_HC,n3,HC,tai20_20_08.F.15_01,22,1572.0,1809.0,1690.5
n3_HC,n3,HC,tai20_20_08.F.15_01,23,1620.0,1791.0,1705.5
n3_HC,n3,HC,tai20_20_08.F.15_01,24,1567.0,1804.0,1685.5
n3_HC,n3,HC,tai20_20_08.F.15_01,25,1573.0,1770.0,1671.5
n3_HC,n3,HC,tai20_20_08.F.15_01,26,1568.0,1774.0,1671.0
n3_HC,n3,HC,tai20_20_08.F.15_01,27,1585.0,1808.0,1696.5
n3_HC,n3,HC,tai20_20_08.F.15_01,28,1559.0,1766.0,1662.5
n3_HC,n3,HC,tai20_20_08.F.15_01,29,1575.0,1789.0,1682.0
n3_HC,n3,HC,tai20_20_08.F.15_01,30,1569.0,1770.0,1669.5
n3_HC,n3,HC,tai20_20_09.F.15_01,1,1570.0,1787.0,1678.5
n3_HC,n3,HC,tai20_20_09.F.15_01,2,1588.0,1785.0,1686.5
n3_HC,n3,HC,tai20_20_09.F.15_01,3,1625.0,1814.0,1719.5
n3_HC,n3,HC,tai20_20_09.F.15_01,4,1576.0,1790.0,1683.0
n3_HC,n3,HC,tai20_20_09.F.15_01,5,1568.0,1796.0,1682.0
n3_HC,n3,HC,tai20_20_09.F.15_01,6,1620.0,1818.0,1719.0
n3_HC,n3,HC,tai20_20_09.F.15_01,7,1592.0,1816.0,1704.0
n3_HC,n3,HC,tai20_20_09.F.15_01,8,1608.0,1795.0,1701.5
n3_HC,n3,HC,tai20_20_09.F.15_01,9,1591.0,1811.0,1701.0
n3_HC,n3,HC,tai20_20_09.F.15_01,10,1606.0,1802.0,1704.0
n3_HC,n3,HC,tai20_20_09.F.15_01,11,1589.0,1808.0,1698.5
n3_HC,n3,HC,tai20_20_09.F.15_01,12,1611.0,1813.0,1712.0
n3_HC,n3,HC,tai20_20_09.F.15_01,13,1606.0,1818.0,1712.0
n3_HC,n3,HC,tai20_20_09.F.15_01,14,1600.0,1814.0,1707.0
n3_HC,n3,HC,tai20_20_09.F.15_01,15,1587.0,1794.0,1690.5
n3_HC,n3,HC,tai20_20_09.F.15_01,16,1571.0,1779.0,1675.0
n3_HC,n3,HC,tai20_20_09.F.15_01,17,1560.0,1790.0,1675.0
n3_HC,n3,HC,tai20_20_09.F.15_01,18,1594.0,1786.0,1690.0
n3_HC,n3,HC,tai20_20_09.F.15_01,19,1610.0,1804.0,1707.0
n3_HC,n3,HC,tai20_20_09.F.15_01,20,1576.0,1800.0,1688.0
n3_HC,n3,HC,tai20_20_09.F.15_01,21,1572.0,1785.0,1678.5
n3_HC,n3,HC,tai20_20_09.F.15_01,22,1616.0,1803.0,1709.5
n3_HC,n3,HC,tai20_20_09.F.15_01,23,1608.0,1786.0,1697.0
n3_HC,n3,HC,tai20_20_09.F.15_01,24,1615.0,1798.0,1706.5
n3_HC,n3,HC,tai20_20_09.F.15_01,25,1583.0,1796.0,1689.5
n3_HC,n3,HC,tai20_20_09.F.15_01,26,1593.0,1831.0,1712.0
n3_HC,n3,HC,tai20_20_09.F.15_01,27,1569.0,1779.0,1674.0
n3_HC,n3,HC,tai20_20_09.F.15_01,28,1556.0,1777.0,1666.5
n3_HC,n3,HC,tai20_20_09.F.15_01,29,1580.0,1792.0,1686.0
n3_HC,n3,HC,tai20_20_09.F.15_01,30,1594.0,1802.0,1698.0
n3_HC,n3,HC,tai20_20_10.F.15_01,1,1570.0,1774.0,1672.0
n3_HC,n3,HC,tai20_20_10.F.15_01,2,1596.0,1780.0,1688.0
n3_HC,n3,HC,tai20_20_10.F.15_01,3,1585.0,1791.0,1688.0
n3_HC,n3,HC,tai20_20_10.F.15_01,4,1568.0,1773.0,1670.5
n3_HC,n3,HC,tai20_20_10.F.15_01,5,1569.0,1786.0,1677.5
n3_HC,n3,HC,tai20_20_10.F.15_01,6,1581.0,1787.0,1684.0
n3_HC,n3,HC,tai20_20_10.F.15_01,7,1598.0,1820.0,1709.0
n3_HC,n3,HC,tai20_20_10.F.15_01,8,1585.0,1781.0,1683.0
n3_HC,n3,HC,tai20_20_10.F.15_01,9,1573.0,1758.0,1665.5
n3_HC,n3,HC,tai20_20_10.F.15_01,10,1579.0,1758.0,1668.5
n3_HC,n3,HC,tai20_20_10.F.15_01,11,1606.0,1749.0,1677.5
n3_HC,n3,HC,tai20_20_10.F.15_01,12,1585.0,1781.0,1683.0
n3_HC,n3,HC,tai20_20_10.F.15_01,13,1569.0,1764.0,1666.5
n3_HC,n3,HC,tai20_20_10.F.15_01,14,1568.0,1778.0,1673.0
n3_HC,n3,HC,tai20_20_10.F.15_01,15,1569.0,1767.0,1668.0
n3_HC,n3,HC,tai20_20_10.F.15_01,16,1580.0,1788.0,1684.0
n3_HC,n3,HC,tai20_20_10.F.15_01,17,1557.0,1771.0,1664.0
n3_HC,n3,HC,tai20_20_10.F.15_01,18,1586.0,1781.0,1683.5
n3_HC,n3,HC,tai20_20_10.F.15_01,19,1538.0,1743.0,1640.5
n3_HC,n3,HC,tai20_20_10.F.15_01,20,1600.0,1766.0,1683.0
n3_HC,n3,HC,tai20_20_10.F.15_01,21,1548.0,1745.0,1646.5
n3_HC,n3,HC,tai20_20_10.F.15_01,22,1580.0,1762.0,1671.0
n3_HC,n3,HC,tai20_20_10.F.15_01,23,1579.0,1772.0,1675.5
n3_HC,n3,HC,tai20_20_10.F.15_01,24,1582.0,1776.0,1679.0
n3_HC,n3,HC,tai20_20_10.F.15_01,25,1574.0,1767.0,1670.5
n3_HC,n3,HC,tai20_20_10.F.15_01,26,1576.0,1759.0,1667.5
n3_HC,n3,HC,tai20_20_10.F.15_01,27,1603.0,1781.0,1692.0
n3_HC,n3,HC,tai20_20_10.F.15_01,28,1561.0,1791.0,1676.0
n3_HC,n3,HC,tai20_20_10.F.15_01,29,1590.0,1762.0,1676.0
n3_HC,n3,HC,tai20_20_10.F.15_01,30,1561.0,1767.0,1664.0
n3_HC,n3,HC,tai30_15_01.F.15_01,1,1761.0,1995.0,1878.0
n3_HC,n3,HC,tai30_15_01.F.15_01,2,1720.0,1971.0,1845.5
n3_HC,n3,HC,tai30_15_01.F.15_01,3,1715.0,1949.0,1832.0
n3_HC,n3,HC,tai30_15_01.F.15_01,4,1728.0,1951.0,1839.5
n3_HC,n3,HC,tai30_15_01.F.15_01,5,1725.0,1953.0,1839.0
n3_HC,n3,HC,tai30_15_01.F.15_01,6,1732.0,1968.0,1850.0
n3_HC,n3,HC,tai30_15_01.F.15_01,7,1752.0,1978.0,1865.0
n3_HC,n3,HC,tai30_15_01.F.15_01,8,1724.0,1961.0,1842.5
n3_HC,n3,HC,tai30_15_01.F.15_01,9,1799.0,2043.0,1921.0
n3_HC,n3,HC,tai30_15_01.F.15_01,10,1756.0,1986.0,1871.0
n3_HC,n3,HC,tai30_15_01.F.15_01,11,1758.0,1977.0,1867.5
n3_HC,n3,HC,tai30_15_01.F.15_01,12,1727.0,1969.0,1848.0
n3_HC,n3,HC,tai30_15_01.F.15_01,13,1725.0,1963.0,1844.0
n3_HC,n3,HC,tai30_15_01.F.15_01,14,1732.0,1974.0,1853.0
n3_HC,n3,HC,tai30_15_01.F.15_01,15,1720.0,1950.0,1835.0
n3_HC,n3,HC,tai30_15_01.F.15_01,16,1741.0,1978.0,1859.5
n3_HC,n3,HC,tai30_15_01.F.15_01,17,1775.0,2011.0,1893.0
n3_HC,n3,HC,tai30_15_01.F.15_01,18,1727.0,1958.0,1842.5
n3_HC,n3,HC,tai30_15_01.F.15_01,19,1751.0,1980.0,1865.5
n3_HC,n3,HC,tai30_15_01.F.15_01,20,1784.0,2012.0,1898.0
n3_HC,n3,HC,tai30_15_01.F.15_01,21,1749.0,1983.0,1866.0
n3_HC,n3,HC,tai30_15_01.F.15_01,22,1738.0,1977.0,1857.5
n3_HC,n3,HC,tai30_15_01.F.15_01,23,1773.0,1994.0,1883.5
n3_HC,n3,HC,tai30_15_01.F.15_01,24,1721.0,1961.0,1841.0
n3_HC,n3,HC,tai30_15_01.F.15_01,25,1761.0,2007.0,1884.0
n3_HC,n3,HC,tai30_15_01.F.15_01,26,1733.0,1959.0,1846.0
n3_HC,n3,HC,tai30_15_01.F.15_01,27,1739.0,1961.0,1850.0
n3_HC,n3,HC,tai30_15_01.F.15_01,28,1771.0,2002.0,1886.5
n3_HC,n3,HC,tai30_15_01.F.15_01,29,1738.0,1976.0,1857.0
n3_HC,n3,HC,tai30_15_01.F.15_01,30,1803.0,2047.0,1925.0
n3_HC,n3,HC,tai30_15_02.F.15_01,1,1804.0,2086.0,1945.0
n3_HC,n3,HC,tai30_15_02.F.15_01,2,1796.0,2096.0,1946.0
n3_HC,n3,HC,tai30_15_02.F.15_01,3,1788.0,2091.0,1939.5
n3_HC,n3,HC,tai30_15_02.F.15_01,4,1820.0,2125.0,1972.5
n3_HC,n3,HC,tai30_15_02.F.15_01,5,1780.0,2093.0,1936.5
n3_HC,n3,HC,tai30_15_02.F.15_01,6,1814.0,2097.0,1955.5
n3_HC,n3,HC,tai30_15_02.F.15_01,7,1825.0,2122.0,1973.5
n3_HC,n3,HC,tai30_15_02.F.15_01,8,1767.0,2066.0,1916.5
n3_HC,n3,HC,tai30_15_02.F.15_01,9,1824.0,2099.0,1961.5
n3_HC,n3,HC,tai30_15_02.F.15_01,10,1817.0,2112.0,1964.5
n3_HC,n3,HC,tai30_15_02.F.15_01,11,1822.0,2102.0,1962.0
n3_HC,n3,HC,tai30_15_02.F.15_01,12,1775.0,2069.0,1922.0
n3_HC,n3,HC,tai30_15_02.F.15_01,13,1836.0,2127.0,1981.5
n3_HC,n3,HC,tai30_15_02.F.15_01,14,1791.0,2119.0,1955.0
n3_HC,n3,HC,tai30_15_02.F.15_01,15,1816.0,2124.0,1970.0
n3_HC,n3,HC,tai30_15_02.F.15_01,16,1783.0,2075.0,1929.0
n3_HC,n3,HC,tai30_15_02.F.15_01,17,1819.0,2097.0,1958.0
n3_HC,n3,HC,tai30_15_02.F.15_01,18,1757.0,2064.0,1910.5
n3_HC,n3,HC,tai30_15_02.F.15_01,19,1809.0,2091.0,1950.0
n3_HC,n3,HC,tai30_15_02.F.15_01,20,1800.0,2082.0,1941.0
n3_HC,n3,HC,tai30_15_02.F.15_01,21,1784.0,2077.0,1930.5
n3_HC,n3,HC,tai30_15_02.F.15_01,22,1796.0,2068.0,1932.0
n3_HC,n3,HC,tai30_15_02.F.15_01,23,1795.0,2095.0,1945.0
n3_HC,n3,HC,tai30_15_02.F.15_01,24,1759.0,2057.0,1908.0
n3_HC,n3,HC,tai30_15_02.F.15_01,25,1776.0,2066.0,1921.0
n3_HC,n3,HC,tai30_15_02.F.15_01,26,1777.0,2068.0,1922.5
n3_HC,n3,HC,tai30_15_02.F.15_01,27,1763.0,2052.0,1907.5
n3_HC,n3,HC,tai30_15_02.F.15_01,28,1821.0,2112.0,1966.5
n3_HC,n3,HC,tai30_15_02.F.15_01,29,1809.0,2094.0,1951.5
n3_HC,n3,HC,tai30_15_02.F.15_01,30,1811.0,2103.0,1957.0
n3_HC,n3,HC,tai30_15_03.F.15_01,1,1846.0,2124.0,1985.0
n3_HC,n3,HC,tai30_15_03.F.15_01,2,1768.0,2027.0,1897.5
n3_HC,n3,HC,tai30_15_03.F.15_01,3,1840.0,2114.0,1977.0
n3_HC,n3,HC,tai30_15_03.F.15_01,4,1778.0,2064.0,1921.0
n3_HC,n3,HC,tai30_15_03.F.15_01,5,1770.0,2049.0,1909.5
n3_HC,n3,HC,tai30_15_03.F.15_01,6,1776.0,2038.0,1907.0
n3_HC,n3,HC,tai30_15_03.F.15_01,7,1787.0,2079.0,1933.0
n3_HC,n3,HC,tai30_15_03.F.15_01,8,1811.0,2088.0,1949.5
n3_HC,n3,HC,tai30_15_03.F.15_01,9,1815.0,2073.0,1944.0
n3_HC,n3,HC,tai30_15_03.F.15_01,10,1772.0,2073.0,1922.5
n3_HC,n3,HC,tai30_15_03.F.15_01,11,1818.0,2087.0,1952.5
n3_HC,n3,HC,tai30_15_03.F.15_01,12,1799.0,2098.0,1948.5
n3_HC,n3,HC,tai30_15_03.F.15_01,13,1758.0,2028.0,1893.0
n3_HC,n3,HC,tai30_15_03.F.15_01,14,1777.0,2043.0,1910.0
n3_HC,n3,HC,tai30_15_03.F.15_01,15,1784.0,2085.0,1934.5
n3_HC,n3,HC,tai30_15_03.F.15_01,16,1788.0,2054.0,1921.0
n3_HC,n3,HC,tai30_15_03.F.15_01,17,1798.0,2057.0,1927.5
n3_HC,n3,HC,tai30_15_03.F.15_01,18,1809.0,2078.0,1943.5
n3_HC,n3,HC,tai30_15_03.F.15_01,19,1768.0,2057.0,1912.5
n3_HC,n3,HC,tai30_15_03.F.15_01,20,1804.0,2063.0,1933.5
n3_HC,n3,HC,tai30_15_03.F.15_01,21,1768.0,2014.0,1891.0
n3_HC,n3,HC,tai30_15_03.F.15_01,22,1782.0,2059.0,1920.5
n3_HC,n3,HC,tai30_15_03.F.15_01,23,1755.0,2053.0,1904.0
n3_HC,n3,HC,tai30_15_03.F.15_01,24,1809.0,2091.0,1950.0
n3_HC,n3,HC,tai30_15_03.F.15_01,25,1794.0,2066.0,1930.0
n3_HC,n3,HC,tai30_15_03.F.15_01,26,1783.0,2089.0,1936.0
n3_HC,n3,HC,tai30_15_03.F.15_01,27,1774.0,2065.0,1919.5
n3_HC,n3,HC,tai30_15_03.F.15_01,28,1792.0,2082.0,1937.0
n3_HC,n3,HC,tai30_15_03.F.15_01,29,1790.0,2047.0,1918.5
n3_HC,n3,HC,tai30_15_03.F.15_01,30,1814.0,2091.0,1952.5
n3_HC,n3,HC,tai30_15_04.F.15_01,1,1834.0,2096.0,1965.0
n3_HC,n3,HC,tai30_15_04.F.15_01,2,1807.0,2083.0,1945.0
n3_HC,n3,HC,tai30_15_04.F.15_01,3,1867.0,2095.0,1981.0
n3_HC,n3,HC,tai30_15_04.F.15_01,4,1877.0,2109.0,1993.0
n3_HC,n3,HC,tai30_15_04.F.15_01,5,1820.0,2083.0,1951.5
n3_HC,n3,HC,tai30_15_04.F.15_01,6,1852.0,2089.0,1970.5
n3_HC,n3,HC,tai30_15_04.F.15_01,7,1816.0,2076.0,1946.0
n3_HC,n3,HC,tai30_15_04.F.15_01,8,1842.0,2103.0,1972.5
n3_HC,n3,HC,tai30_15_04.F.15_01,9,1842.0,2085.0,1963.5
n3_HC,n3,HC,tai30_15_04.F.15_01,10,1827.0,2094.0,1960.5
n3_HC,n3,HC,tai30_15_04.F.15_01,11,1808.0,2081.0,1944.5
n3_HC,n3,HC,tai30_15_04.F.15_01,12,1863.0,2100.0,1981.5
n3_HC,n3,HC,tai30_15_04.F.15_01,13,1860.0,2081.0,1970.5
n3_HC,n3,HC,tai30_15_04.F.15_01,14,1834.0,2083.0,1958.5
n3_HC,n3,HC,tai30_15_04.F.15_01,15,1817.0,2083.0,1950.0
n3_HC,n3,HC,tai30_15_04.F.15_01,16,1850.0,2083.0,1966.5
n3_HC,n3,HC,tai30_15_04.F.15_01,17,1886.0,2112.0,1999.0
n3_HC,n3,HC,tai30_15_04.F.15_01,18,1853.0,2100.0,1976.5
n3_HC,n3,HC,tai30_15_04.F.15_01,19,1833.0,2077.0,1955.0
n3_HC,n3,HC,tai30_15_04.F.15_01,20,1859.0,2099.0,1979.0
n3_HC,n3,HC,tai30_15_04.F.15_01,21,1816.0,2083.0,1949.5
n3_HC,n3,HC,tai30_15_04.F.15_01,22,1826.0,2083.0,1954.5
n3_HC,n3,HC,tai30_15_04.F.15_01,23,1859.0,2083.0,1971.0
n3_HC,n3,HC,tai30_15_04.F.15_01,24,1852.0,2094.0,1973.0
n3_HC,n3,HC,tai30_15_04.F.15_01,25,1833.0,2092.0,1962.5
n3_HC,n3,HC,tai30_15_04.F.15_01,26,1817.0,2083.0,1950.0
n3_HC,n3,HC,tai30_15_04.F.15_01,27,1807.0,2081.0,1944.0
n3_HC,n3,HC,tai30_15_04.F.15_01,28,1828.0,2082.0,1955.0
n3_HC,n3,HC,tai30_15_04.F.15_01,29,1819.0,2081.0,1950.0
n3_HC,n3,HC,tai30_15_04.F.15_01,30,1814.0,2088.0,1951.0
n3_HC,n3,HC,tai30_15_05.F.15_01,1,1882.0,2195.0,2038.5
n3_HC,n3,HC,tai30_15_05.F.15_01,2,1887.0,2191.0,2039.0
n3_HC,n3,HC,tai30_15_05.F.15_01,3,1895.0,2199.0,2047.0
n3_HC,n3,HC,tai30_15_05.F.15_01,4,1901.0,2223.0,2062.0
n3_HC,n3,HC,tai30_15_05.F.15_01,5,1878.0,2188.0,2033.0
n3_HC,n3,HC,tai30_15_05.F.15_01,6,1904.0,2193.0,2048.5
n3_HC,n3,HC,tai30_15_05.F.15_01,7,1881.0,2191.0,2036.0
n3_HC,n3,HC,tai30_15_05.F.15_01,8,1883.0,2213.0,2048.0
n3_HC,n3,HC,tai30_15_05.F.15_01,9,1895.0,2199.0,2047.0
n3_HC,n3,HC,tai30_15_05.F.15_01,10,1906.0,2216.0,2061.0
n3_HC,n3,HC,tai30_15_05.F.15_01,11,1874.0,2191.0,2032.5
n3_HC,n3,HC,tai30_15_05.F.15_01,12,1904.0,2203.0,2053.5
n3_HC,n3,HC,tai30_15_05.F.15_01,13,1874.0,2191.0,2032.5
n3_HC,n3,HC,tai30_15_05.F.15_01,14,1864.0,2167.0,2015.5
n3_HC,n3,HC,tai30_15_05.F.15_01,15,1868.0,2188.0,2028.0
n3_HC,n3,HC,tai30_15_05.F.15_01,16,1878.0,2176.0,2027.0
n3_HC,n3,HC,tai30_15_05.F.15_01,17,1855.0,2176.0,2015.5
n3_HC,n3,HC,tai30_15_05.F.15_01,18,1856.0,2167.0,2011.5
n3_HC,n3,HC,tai30_15_05.F.15_01,19,1874.0,2180.0,2027.0
n3_HC,n3,HC,tai30_15_05.F.15_01,20,1893.0,2167.0,2030.0
n3_HC,n3,HC,tai30_15_05.F.15_01,21,1876.0,2191.0,2033.5
n3_HC,n3,HC,tai30_15_05.F.15_01,22,1898.0,2197.0,2047.5
n3_HC,n3,HC,tai30_15_05.F.15_01,23,1857.0,2167.0,2012.0
n3_HC,n3,HC,tai30_15_05.F.15_01,24,1855.0,2188.0,2021.5
n3_HC,n3,HC,tai30_15_05.F.15_01,25,1879.0,2203.0,2041.0
n3_HC,n3,HC,tai30_15_05.F.15_01,26,1868.0,2184.0,2026.0
n3_HC,n3,HC,tai30_15_05.F.15_01,27,1906.0,2202.0,2054.0
n3_HC,n3,HC,tai30_15_05.F.15_01,28,1906.0,2196.0,2051.0
n3_HC,n3,HC,tai30_15_05.F.15_01,29,1896.0,2196.0,2046.0
n3_HC,n3,HC,tai30_15_05.F.15_01,30,1906.0,2212.0,2059.0
n3_HC,n3,HC,tai30_15_06.F.15_01,1,1803.0,2070.0,1936.5
n3_HC,n3,HC,tai30_15_06.F.15_01,2,1827.0,2112.0,1969.5
n3_HC,n3,HC,tai30_15_06.F.15_01,3,1796.0,2058.0,1927.0
n3_HC,n3,HC,tai30_15_06.F.15_01,4,1777.0,2028.0,1902.5
n3_HC,n3,HC,tai30_15_06.F.15_01,5,1780.0,2054.0,1917.0
n3_HC,n3,HC,tai30_15_06.F.15_01,6,1785.0,2033.0,1909.0
n3_HC,n3,HC,tai30_15_06.F.15_01,7,1808.0,2087.0,1947.5
n3_HC,n3,HC,tai30_15_06.F.15_01,8,1798.0,2090.0,1944.0
n3_HC,n3,HC,tai30_15_06.F.15_01,9,1797.0,2067.0,1932.0
n3_HC,n3,HC,tai30_15_06.F.15_01,10,1817.0,2083.0,1950.0
n3_HC,n3,HC,tai30_15_06.F.15_01,11,1810.0,2083.0,1946.5
n3_HC,n3,HC,tai30_15_06.F.15_01,12,1808.0,2056.0,1932.0
n3_HC,n3,HC,tai30_15_06.F.15_01,13,1789.0,2062.0,1925.5
n3_HC,n3,HC,tai30_15_06.F.15_01,14,1825.0,2065.0,1945.0
n3_HC,n3,HC,tai30_15_06.F.15_01,15,1837.0,2109.0,1973.0
n3_HC,n3,HC,tai30_15_06.F.15_01,16,1773.0,2041.0,1907.0
n3_HC,n3,HC,tai30_15_06.F.15_01,17,1776.0,2055.0,1915.5
n3_HC,n3,HC,tai30_15_06.F.15_01,18,1782.0,2041.0,1911.5
n3_HC,n3,HC,tai30_15_06.F.15_01,19,1796.0,2070.0,1933.0
n3_HC,n3,HC,tai30_15_06.F.15_01,20,1814.0,2079.0,1946.5
n3_HC,n3,HC,tai30_15_06.F.15_01,21,1780.0,2066.0,1923.0
n3_HC,n3,HC,tai30_15_06.F.15_01,22,1837.0,2093.0,1965.0
n3_HC,n3,HC,tai30_15_06.F.15_01,23,1796.0,2083.0,1939.5
n3_HC,n3,HC,tai30_15_06.F.15_01,24,1822.0,2077.0,1949.5
n3_HC,n3,HC,tai30_15_06.F.15_01,25,1787.0,2052.0,1919.5
n3_HC,n3,HC,tai30_15_06.F.15_01,26,1778.0,2052.0,1915.0
n3_HC,n3,HC,tai30_15_06.F.15_01,27,1806.0,2092.0,1949.0
n3_HC,n3,HC,tai30_15_06.F.15_01,28,1812.0,2092.0,1952.0
n3_HC,n3,HC,tai30_15_06.F.15_01,29,1798.0,2060.0,1929.0
n3_HC,n3,HC,tai30_15_06.F.15_01,30,1799.0,2080.0,1939.5
n3_HC,n3,HC,tai30_15_07.F.15_01,1,1761.0,2051.0,1906.0
n3_HC,n3,HC,tai30_15_07.F.15_01,2,1775.0,2058.0,1916.5
n3_HC,n3,HC,tai30_15_07.F.15_01,3,1735.0,2023.0,1879.0
n3_HC,n3,HC,tai30_15_07.F.15_01,4,1740.0,2015.0,1877.5
n3_HC,n3,HC,tai30_15_07.F.15_01,5,1751.0,2049.0,1900.0
n3_HC,n3,HC,tai30_15_07.F.15_01,6,1745.0,2076.0,1910.5
n3_HC,n3,HC,tai30_15_07.F.15_01,7,1750.0,2004.0,1877.0
n3_HC,n3,HC,tai30_15_07.F.15_01,8,1756.0,2026.0,1891.0
n3_HC,n3,HC,tai30_15_07.F.15_01,9,1767.0,2037.0,1902.0
n3_HC,n3,HC,tai30_15_07.F.15_01,10,1783.0,2086.0,1934.5
n3_HC,n3,HC,tai30_15_07.F.15_01,11,1780.0,2059.0,1919.5
n3_HC,n3,HC,tai30_15_07.F.15_01,12,1773.0,2045.0,1909.0
n3_HC,n3,HC,tai30_15_07.F.15_01,13,1763.0,2040.0,1901.5
n3_HC,n3,HC,tai30_15_07.F.15_01,14,1763.0,2031.0,1897.0
n3_HC,n3,HC,tai30_15_07.F.15_01,15,1729.0,1999.0,1864.0
n3_HC,n3,HC,tai30_15_07.F.15_01,16,1718.0,1995.0,1856.5
n3_HC,n3,HC,tai30_15_07.F.15_01,17,1773.0,2045.0,1909.0
n3_HC,n3,HC,tai30_15_07.F.15_01,18,1784.0,2061.0,1922.5
n3_HC,n3,HC,tai30_15_07.F.15_01,19,1733.0,2016.0,1874.5
n3_HC,n3,HC,tai30_15_07.F.15_01,20,1727.0,2015.0,1871.0
n3_HC,n3,HC,tai30_15_07.F.15_01,21,1728.0,2008.0,1868.0
n3_HC,n3,HC,tai30_15_07.F.15_01,22,1791.0,2061.0,1926.0
n3_HC,n3,HC,tai30_15_07.F.15_01,23,1725.0,2008.0,1866.5
n3_HC,n3,HC,tai30_15_07.F.15_01,24,1785.0,2095.0,1940.0
n3_HC,n3,HC,tai30_15_07.F.15_01,25,1781.0,2057.0,1919.0
n3_HC,n3,HC,tai30_15_07.F.15_01,26,1751.0,2033.0,1892.0
n3_HC,n3,HC,tai30_15_07.F.15_01,27,1751.0,2028.0,1889.5
n3_HC,n3,HC,tai30_15_07.F.15_01,28,1772.0,2048.0,1910.0
n3_HC,n3,HC,tai30_15_07.F.15_01,29,1785.0,2068.0,1926.5
n3_HC,n3,HC,tai30_15_07.F.15_01,30,1761.0,2035.0,1898.0
n3_HC,n3,HC,tai30_15_08.F.15_01,1,1655.0,1915.0,1785.0
n3_HC,n3,HC,tai30_15_08.F.15_01,2,1658.0,1902.0,1780.0
n3_HC,n3,HC,tai30_15_08.F.15_01,3,1687.0,1916.0,1801.5
n3_HC,n3,HC,tai30_15_08.F.15_01,4,1680.0,1955.0,1817.5
n3_HC,n3,HC,tai30_15_08.F.15_01,5,1673.0,1909.0,1791.0
n3_HC,n3,HC,tai30_15_08.F.15_01,6,1686.0,1915.0,1800.5
n3_HC,n3,HC,tai30_15_08.F.15_01,7,1675.0,1962.0,1818.5
n3_HC,n3,HC,tai30_15_08.F.15_01,8,1656.0,1911.0,1783.5
n3_HC,n3,HC,tai30_15_08.F.15_01,9,1687.0,1925.0,1806.0
n3_HC,n3,HC,tai30_15_08.F.15_01,10,1646.0,1918.0,1782.0
n3_HC,n3,HC,tai30_15_08.F.15_01,11,1654.0,1921.0,1787.5
n3_HC,n3,HC,tai30_15_08.F.15_01,12,1667.0,1922.0,1794.5
n3_HC,n3,HC,tai30_15_08.F.15_01,13,1682.0,1944.0,1813.0
n3_HC,n3,HC,tai30_15_08.F.15_01,14,1645.0,1933.0,1789.0
n3_HC,n3,HC,tai30_15_08.F.15_01,15,1687.0,1937.0,1812.0
n3_HC,n3,HC,tai30_15_08.F.15_01,16,1648.0,1901.0,1774.5
n3_HC,n3,HC,tai30_15_08.F.15_01,17,1668.0,1913.0,1790.5
n3_HC,n3,HC,tai30_15_08.F.15_01,18,1648.0,1913.0,1780.5
n3_HC,n3,HC,tai30_15_08.F.15_01,19,1648.0,1943.0,1795.5
n3_HC,n3,HC,tai30_15_08.F.15_01,20,1669.0,1924.0,1796.5
n3_HC,n3,HC,tai30_15_08.F.15_01,21,1680.0,1934.0,1807.0
n3_HC,n3,HC,tai30_15_08.F.15_01,22,1675.0,1917.0,1796.0
n3_HC,n3,HC,tai30_15_08.F.15_01,23,1699.0,1923.0,1811.0
n3_HC,n3,HC,tai30_15_08.F.15_01,24,1654.0,1907.0,1780.5
n3_HC,n3,HC,tai30_15_08.F.15_01,25,1666.0,1904.0,1785.0
n3_HC,n3,HC,tai30_15_08.F.15_01,26,1654.0,1928.0,1791.0
n3_HC,n3,HC,tai30_15_08.F.15_01,27,1707.0,1943.0,1825.0
n3_HC,n3,HC,tai30_15_08.F.15_01,28,1682.0,1928.0,1805.0
n3_HC,n3,HC,tai30_15_08.F.15_01,29,1693.0,1902.0,1797.5
n3_HC,n3,HC,tai30_15_08.F.15_01,30,1694.0,1936.0,1815.0
n3_HC,n3,HC,tai30_15_09.F.15_01,1,1780.0,2020.0,1900.0
n3_HC,n3,HC,tai30_15_09.F.15_01,2,1795.0,2047.0,1921.0
n3_HC,n3,HC,tai30_15_09.F.15_01,3,1797.0,2023.0,1910.0
n3_HC,n3,HC,tai30_15_09.F.15_01,4,1777.0,1998.0,1887.5
n3_HC,n3,HC,tai30_15_09.F.15_01,5,1751.0,1999.0,1875.0
n3_HC,n3,HC,tai30_15_09.F.15_01,6,1755.0,1998.0,1876.5
n3_HC,n3,HC,tai30_15_09.F.15_01,7,1826.0,2065.0,1945.5
n3_HC,n3,HC,tai30_15_09.F.15_01,8,1753.0,1983.0,1868.0
n3_HC,n3,HC,tai30_15_09.F.15_01,9,1758.0,1986.0,1872.0
n3_HC,n3,HC,tai30_15_09.F.15_01,10,1746.0,1988.0,1867.0
n3_HC,n3,HC,tai30_15_09.F.15_01,11,1739.0,1987.0,1863.0
n3_HC,n3,HC,tai30_15_09.F.15_01,12,1760.0,1994.0,1877.0
n3_HC,n3,HC,tai30_15_09.F.15_01,13,1767.0,2034.0,1900.5
n3_HC,n3,HC,tai30_15_09.F.15_01,14,1762.0,2010.0,1886.0
n3_HC,n3,HC,tai30_15_09.F.15_01,15,1825.0,2067.0,1946.0
n3_HC,n3,HC,tai30_15_09.F.15_01,16,1809.0,2059.0,1934.0
n3_HC,n3,HC,tai30_15_09.F.15_01,17,1813.0,2035.0,1924.0
n3_HC,n3,HC,tai30_15_09.F.15_01,18,1782.0,2017.0,1899.5
n3_HC,n3,HC,tai30_15_09.F.15_01,19,1784.0,2009.0,1896.5
n3_HC,n3,HC,tai30_15_09.F.15_01,20,1764.0,2001.0,1882.5
n3_HC,n3,HC,tai30_15_09.F.15_01,21,1770.0,2018.0,1894.0
n3_HC,n3,HC,tai30_15_09.F.15_01,22,1769.0,2027.0,1898.0
n3_HC,n3,HC,tai30_15_09.F.15_01,23,1741.0,2018.0,1879.5
n3_HC,n3,HC,tai30_15_09.F.15_01,24,1807.0,2088.0,1947.5
n3_HC,n3,HC,tai30_15_09.F.15_01,25,1779.0,2014.0,1896.5
n3_HC,n3,HC,tai30_15_09.F.15_01,26,1762.0,2014.0,1888.0
n3_HC,n3,HC,tai30_15_09.F.15_01,27,1774.0,2014.0,1894.0
n3_HC,n3,HC,tai30_15_09.F.15_01,28,1757.0,2032.0,1894.5
n3_HC,n3,HC,tai30_15_09.F.15_01,29,1819.0,2069.0,1944.0
n3_HC,n3,HC,tai30_15_09.F.15_01,30,1818.0,2068.0,1943.0
n3_HC,n3,HC,tai30_15_10.F.15_01,1,1709.0,1919.0,1814.0
n3_HC,n3,HC,tai30_15_10.F.15_01,2,1717.0,1919.0,1818.0
n3_HC,n3,HC,tai30_15_10.F.15_01,3,1708.0,1954.0,1831.0
n3_HC,n3,HC,tai30_15_10.F.15_01,4,1714.0,1954.0,1834.0
n3_HC,n3,HC,tai30_15_10.F.15_01,5,1732.0,1937.0,1834.5
n3_HC,n3,HC,tai30_15_10.F.15_01,6,1718.0,1954.0,1836.0
n3_HC,n3,HC,tai30_15_10.F.15_01,7,1684.0,1934.0,1809.0
n3_HC,n3,HC,tai30_15_10.F.15_01,8,1677.0,1906.0,1791.5
n3_HC,n3,HC,tai30_15_10.F.15_01,9,1698.0,1929.0,1813.5
n3_HC,n3,HC,tai30_15_10.F.15_01,10,1701.0,1916.0,1808.5
n3_HC,n3,HC,tai30_15_10.F.15_01,11,1722.0,1954.0,1838.0
n3_HC,n3,HC,tai30_15_10.F.15_01,12,1718.0,1954.0,1836.0
n3_HC,n3,HC,tai30_15_10.F.15_01,13,1680.0,1918.0,1799.0
n3_HC,n3,HC,tai30_15_10.F.15_01,14,1730.0,1955.0,1842.5
n3_HC,n3,HC,tai30_15_10.F.15_01,15,1708.0,1956.0,1832.0
n3_HC,n3,HC,tai30_15_10.F.15_01,16,1728.0,1956.0,1842.0
n3_HC,n3,HC,tai30_15_10.F.15_01,17,1700.0,1901.0,1800.5
n3_HC,n3,HC,tai30_15_10.F.15_01,18,1703.0,1925.0,1814.0
n3_HC,n3,HC,tai30_15_10.F.15_01,19,1722.0,1945.0,1833.5
n3_HC,n3,HC,tai30_15_10.F.15_01,20,1684.0,1919.0,1801.5
n3_HC,n3,HC,tai30_15_10.F.15_01,21,1741.0,1975.0,1858.0
n3_HC,n3,HC,tai30_15_10.F.15_01,22,1704.0,1956.0,1830.0
n3_HC,n3,HC,tai30_15_10.F.15_01,23,1711.0,1942.0,1826.5
n3_HC,n3,HC,tai30_15_10.F.15_01,24,1685.0,1929.0,1807.0
n3_HC,n3,HC,tai30_15_10.F.15_01,25,1702.0,1925.0,1813.5
n3_HC,n3,HC,tai30_15_10.F.15_01,26,1725.0,1960.0,1842.5
n3_HC,n3,HC,tai30_15_10.F.15_01,27,1688.0,1911.0,1799.5
n3_HC,n3,HC,tai30_15_10.F.15_01,28,1726.0,1952.0,1839.0
n3_HC,n3,HC,tai30_15_10.F.15_01,29,1703.0,1944.0,1823.5
n3_HC,n3,HC,tai30_15_10.F.15_01,30,1705.0,1922.0,1813.5
n3_HC,n3,HC,tai30_20_01.F.15_01,1,2098.0,2397.0,2247.5
n3_HC,n3,HC,tai30_20_01.F.15_01,2,2109.0,2397.0,2253.0
n3_HC,n3,HC,tai30_20_01.F.15_01,3,2069.0,2363.0,2216.0
n3_HC,n3,HC,tai30_20_01.F.15_01,4,2103.0,2392.0,2247.5
n3_HC,n3,HC,tai30_20_01.F.15_01,5,2068.0,2335.0,2201.5
n3_HC,n3,HC,tai30_20_01.F.15_01,6,2049.0,2312.0,2180.5
n3_HC,n3,HC,tai30_20_01.F.15_01,7,2139.0,2414.0,2276.5
n3_HC,n3,HC,tai30_20_01.F.15_01,8,2116.0,2408.0,2262.0
n3_HC,n3,HC,tai30_20_01.F.15_01,9,2101.0,2397.0,2249.0
n3_HC,n3,HC,tai30_20_01.F.15_01,10,2107.0,2416.0,2261.5
n3_HC,n3,HC,tai30_20_01.F.15_01,11,2093.0,2380.0,2236.5
n3_HC,n3,HC,tai30_20_01.F.15_01,12,2064.0,2355.0,2209.5
n3_HC,n3,HC,tai30_20_01.F.15_01,13,2101.0,2377.0,2239.0
n3_HC,n3,HC,tai30_20_01.F.15_01,14,2113.0,2376.0,2244.5
n3_HC,n3,HC,tai30_20_01.F.15_01,15,2087.0,2372.0,2229.5
n3_HC,n3,HC,tai30_20_01.F.15_01,16,2058.0,2326.0,2192.0
n3_HC,n3,HC,tai30_20_01.F.15_01,17,2073.0,2367.0,2220.0
n3_HC,n3,HC,tai30_20_01.F.15_01,18,2039.0,2320.0,2179.5
n3_HC,n3,HC,tai30_20_01.F.15_01,19,2070.0,2344.0,2207.0
n3_HC,n3,HC,tai30_20_01.F.15_01,20,2047.0,2354.0,2200.5
n3_HC,n3,HC,tai30_20_01.F.15_01,21,2076.0,2350.0,2213.0
n3_HC,n3,HC,tai30_20_01.F.15_01,22,2064.0,2367.0,2215.5
n3_HC,n3,HC,tai30_20_01.F.15_01,23,2102.0,2392.0,2247.0
n3_HC,n3,HC,tai30_20_01.F.15_01,24,2106.0,2365.0,2235.5
n3_HC,n3,HC,tai30_20_01.F.15_01,25,2058.0,2359.0,2208.5
n3_HC,n3,HC,tai30_20_01.F.15_01,26,2053.0,2314.0,2183.5
n3_HC,n3,HC,tai30_20_01.F.15_01,27,2047.0,2322.0,2184.5
n3_HC,n3,HC,tai30_20_01.F.15_01,28,2080.0,2367.0,2223.5
n3_HC,n3,HC,tai30_20_01.F.15_01,29,2080.0,2375.0,2227.5
n3_HC,n3,HC,tai30_20_01.F.15_01,30,2041.0,2321.0,2181.0
n3_HC,n3,HC,tai30_20_02.F.15_01,1,1967.0,2254.0,2110.5
n3_HC,n3,HC,tai30_20_02.F.15_01,2,1970.0,2237.0,2103.5
n3_HC,n3,HC,tai30_20_02.F.15_01,3,1993.0,2269.0,2131.0
n3_HC,n3,HC,tai30_20_02.F.15_01,4,2022.0,2358.0,2190.0
n3_HC,n3,HC,tai30_20_02.F.15_01,5,2000.0,2273.0,2136.5
n3_HC,n3,HC,tai30_20_02.F.15_01,6,1980.0,2295.0,2137.5
n3_HC,n3,HC,tai30_20_02.F.15_01,7,1950.0,2253.0,2101.5
n3_HC,n3,HC,tai30_20_02.F.15_01,8,1989.0,2313.0,2151.0
n3_HC,n3,HC,tai30_20_02.F.15_01,9,1946.0,2256.0,2101.0
n3_HC,n3,HC,tai30_20_02.F.15_01,10,2010.0,2348.0,2179.0
n3_HC,n3,HC,tai30_20_02.F.15_01,11,1971.0,2256.0,2113.5
n3_HC,n3,HC,tai30_20_02.F.15_01,12,1984.0,2312.0,2148.0
n3_HC,n3,HC,tai30_20_02.F.15_01,13,2012.0,2341.0,2176.5
n3_HC,n3,HC,tai30_20_02.F.15_01,14,1989.0,2278.0,2133.5
n3_HC,n3,HC,tai30_20_02.F.15_01,15,1996.0,2311.0,2153.5
n3_HC,n3,HC,tai30_20_02.F.15_01,16,2004.0,2283.0,2143.5
n3_HC,n3,HC,tai30_20_02.F.15_01,17,1935.0,2231.0,2083.0
n3_HC,n3,HC,tai30_20_02.F.15_01,18,2012.0,2338.0,2175.0
n3_HC,n3,HC,tai30_20_02.F.15_01,19,1976.0,2278.0,2127.0
n3_HC,n3,HC,tai30_20_02.F.15_01,20,2032.0,2314.0,2173.0
n3_HC,n3,HC,tai30_20_02.F.15_01,21,1972.0,2277.0,2124.5
n3_HC,n3,HC,tai30_20_02.F.15_01,22,2005.0,2306.0,2155.5
n3_HC,n3,HC,tai30_20_02.F.15_01,23,1948.0,2244.0,2096.0
n3_HC,n3,HC,tai30_20_02.F.15_01,24,1997.0,2268.0,2132.5
n3_HC,n3,HC,tai30_20_02.F.15_01,25,1971.0,2271.0,2121.0
n3_HC,n3,HC,tai30_20_02.F.15_01,26,1967.0,2251.0,2109.0
n3_HC,n3,HC,tai30_20_02.F.15_01,27,2018.0,2358.0,2188.0
n3_HC,n3,HC,tai30_20_02.F.15_01,28,1998.0,2315.0,2156.5
n3_HC,n3,HC,tai30_20_02.F.15_01,29,1985.0,2268.0,2126.5
n3_HC,n3,HC,tai30_20_02.F.15_01,30,1974.0,2259.0,2116.5
n3_HC,n3,HC,tai30_20_03.F.15_01,1,1918.0,2227.0,2072.5
n3_HC,n3,HC,tai30_20_03.F.15_01,2,1920.0,2189.0,2054.5
n3_HC,n3,HC,tai30_20_03.F.15_01,3,1921.0,2172.0,2046.5
n3_HC,n3,HC,tai30_20_03.F.15_01,4,1920.0,2187.0,2053.5
n3_HC,n3,HC,tai30_20_03.F.15_01,5,1913.0,2193.0,2053.0
n3_HC,n3,HC,tai30_20_03.F.15_01,6,1942.0,2242.0,2092.0
n3_HC,n3,HC,tai30_20_03.F.15_01,7,1881.0,2162.0,2021.5
n3_HC,n3,HC,tai30_20_03.F.15_01,8,1900.0,2180.0,2040.0
n3_HC,n3,HC,tai30_20_03.F.15_01,9,1946.0,2204.0,2075.0
n3_HC,n3,HC,tai30_20_03.F.15_01,10,1920.0,2185.0,2052.5
n3_HC,n3,HC,tai30_20_03.F.15_01,11,1926.0,2163.0,2044.5
n3_HC,n3,HC,tai30_20_03.F.15_01,12,1946.0,2195.0,2070.5
n3_HC,n3,HC,tai30_20_03.F.15_01,13,1910.0,2177.0,2043.5
n3_HC,n3,HC,tai30_20_03.F.15_01,14,1879.0,2147.0,2013.0
n3_HC,n3,HC,tai30_20_03.F.15_01,15,1905.0,2170.0,2037.5
n3_HC,n3,HC,tai30_20_03.F.15_01,16,1934.0,2215.0,2074.5
n3_HC,n3,HC,tai30_20_03.F.15_01,17,1925.0,2192.0,2058.5
n3_HC,n3,HC,tai30_20_03.F.15_01,18,1937.0,2214.0,2075.5
n3_HC,n3,HC,tai30_20_03.F.15_01,19,1917.0,2205.0,2061.0
n3_HC,n3,HC,tai30_20_03.F.15_01,20,1963.0,2229.0,2096.0
n3_HC,n3,HC,tai30_20_03.F.15_01,21,1915.0,2186.0,2050.5
n3_HC,n3,HC,tai30_20_03.F.15_01,22,1903.0,2193.0,2048.0
n3_HC,n3,HC,tai30_20_03.F.15_01,23,1930.0,2206.0,2068.0
n3_HC,n3,HC,tai30_20_03.F.15_01,24,1954.0,2226.0,2090.0
n3_HC,n3,HC,tai30_20_03.F.15_01,25,1920.0,2209.0,2064.5
n3_HC,n3,HC,tai30_20_03.F.15_01,26,1921.0,2194.0,2057.5
n3_HC,n3,HC,tai30_20_03.F.15_01,27,1903.0,2202.0,2052.5
n3_HC,n3,HC,tai30_20_03.F.15_01,28,1919.0,2149.0,2034.0
n3_HC,n3,HC,tai30_20_03.F.15_01,29,1883.0,2171.0,2027.0
n3_HC,n3,HC,tai30_20_03.F.15_01,30,1913.0,2165.0,2039.0
n3_HC,n3,HC,tai30_20_04.F.15_01,1,2075.0,2334.0,2204.5
n3_HC,n3,HC,tai30_20_04.F.15_01,2,2024.0,2294.0,2159.0
n3_HC,n3,HC,tai30_20_04.F.15_01,3,2037.0,2281.0,2159.0
n3_HC,n3,HC,tai30_20_04.F.15_01,4,2031.0,2285.0,2158.0
n3_HC,n3,HC,tai30_20_04.F.15_01,5,2031.0,2269.0,2150.0
n3_HC,n3,HC,tai30_20_04.F.15_01,6,2033.0,2282.0,2157.5
n3_HC,n3,HC,tai30_20_04.F.15_01,7,2013.0,2268.0,2140.5
n3_HC,n3,HC,tai30_20_04.F.15_01,8,2070.0,2305.0,2187.5
n3_HC,n3,HC,tai30_20_04.F.15_01,9,2046.0,2310.0,2178.0
n3_HC,n3,HC,tai30_20_04.F.15_01,10,2018.0,2282.0,2150.0
n3_HC,n3,HC,tai30_20_04.F.15_01,11,2038.0,2315.0,2176.5
n3_HC,n3,HC,tai30_20_04.F.15_01,12,2036.0,2272.0,2154.0
n3_HC,n3,HC,tai30_20_04.F.15_01,13,2054.0,2299.0,2176.5
n3_HC,n3,HC,tai30_20_04.F.15_01,14,2066.0,2320.0,2193.0
n3_HC,n3,HC,tai30_20_04.F.15_01,15,2034.0,2283.0,2158.5
n3_HC,n3,HC,tai30_20_04.F.15_01,16,2058.0,2309.0,2183.5
n3_HC,n3,HC,tai30_20_04.F.15_01,17,2028.0,2290.0,2159.0
n3_HC,n3,HC,tai30_20_04.F.15_01,18,2121.0,2389.0,2255.0
n3_HC,n3,HC,tai30_20_04.F.15_01,19,2014.0,2266.0,2140.0
n3_HC,n3,HC,tai30_20_04.F.15_01,20,2070.0,2325.0,2197.5
n3_HC,n3,HC,tai30_20_04.F.15_01,21,2004.0,2258.0,2131.0
n3_HC,n3,HC,tai30_20_04.F.15_01,22,2037.0,2313.0,2175.0
n3_HC,n3,HC,tai30_20_04.F.15_01,23,2027.0,2299.0,2163.0
n3_HC,n3,HC,tai30_20_04.F.15_01,24,2100.0,2359.0,2229.5
n3_HC,n3,HC,tai30_20_04.F.15_01,25,2069.0,2323.0,2196.0
n3_HC,n3,HC,tai30_20_04.F.15_01,26,2045.0,2296.0,2170.5
n3_HC,n3,HC,tai30_20_04.F.15_01,27,2077.0,2321.0,2199.0
n3_HC,n3,HC,tai30_20_04.F.15_01,28,2040.0,2293.0,2166.5
n3_HC,n3,HC,tai30_20_04.F.15_01,29,2114.0,2342.0,2228.0
n3_HC,n3,HC,tai30_20_04.F.15_01,30,2033.0,2287.0,2160.0
n3_HC,n3,HC,tai30_20_05.F.15_01,1,1999.0,2218.0,2108.5
n3_HC,n3,HC,tai30_20_05.F.15_01,2,2010.0,2254.0,2132.0
n3_HC,n3,HC,tai30_20_05.F.15_01,3,2012.0,2245.0,2128.5
n3_HC,n3,HC,tai30_20_05.F.15_01,4,2012.0,2239.0,2125.5
n3_HC,n3,HC,tai30_20_05.F.15_01,5,1984.0,2235.0,2109.5
n3_HC,n3,HC,tai30_20_05.F.15_01,6,1993.0,2235.0,2114.0
n3_HC,n3,HC,tai30_20_05.F.15_01,7,2048.0,2331.0,2189.5
n3_HC,n3,HC,tai30_20_05.F.15_01,8,2024.0,2238.0,2131.0
n3_HC,n3,HC,tai30_20_05.F.15_01,9,1995.0,2236.0,2115.5
n3_HC,n3,HC,tai30_20_05.F.15_01,10,2024.0,2277.0,2150.5
n3_HC,n3,HC,tai30_20_05.F.15_01,11,2002.0,2234.0,2118.0
n3_HC,n3,HC,tai30_20_05.F.15_01,12,1988.0,2256.0,2122.0
n3_HC,n3,HC,tai30_20_05.F.15_01,13,2038.0,2267.0,2152.5
n3_HC,n3,HC,tai30_20_05.F.15_01,14,1985.0,2247.0,2116.0
n3_HC,n3,HC,tai30_20_05.F.15_01,15,1983.0,2246.0,2114.5
n3_HC,n3,HC,tai30_20_05.F.15_01,16,2001.0,2240.0,2120.5
n3_HC,n3,HC,tai30_20_05.F.15_01,17,2012.0,2242.0,2127.0
n3_HC,n3,HC,tai30_20_05.F.15_01,18,1974.0,2231.0,2102.5
n3_HC,n3,HC,tai30_20_05.F.15_01,19,2000.0,2239.0,2119.5
n3_HC,n3,HC,tai30_20_05.F.15_01,20,2063.0,2284.0,2173.5
n3_HC,n3,HC,tai30_20_05.F.15_01,21,2017.0,2273.0,2145.0
n3_HC,n3,HC,tai30_20_05.F.15_01,22,2010.0,2256.0,2133.0
n3_HC,n3,HC,tai30_20_05.F.15_01,23,2046.0,2254.0,2150.0
n3_HC,n3,HC,tai30_20_05.F.15_01,24,2005.0,2256.0,2130.5
n3_HC,n3,HC,tai30_20_05.F.15_01,25,2021.0,2279.0,2150.0
n3_HC,n3,HC,tai30_20_05.F.15_01,26,2043.0,2290.0,2166.5
n3_HC,n3,HC,tai30_20_05.F.15_01,27,1974.0,2228.0,2101.0
n3_HC,n3,HC,tai30_20_05.F.15_01,28,2031.0,2268.0,2149.5
n3_HC,n3,HC,tai30_20_05.F.15_01,29,2038.0,2286.0,2162.0
n3_HC,n3,HC,tai30_20_05.F.15_01,30,1988.0,2241.0,2114.5
n3_HC,n3,HC,tai30_20_06.F.15_01,1,2049.0,2320.0,2184.5
n3_HC,n3,HC,tai30_20_06.F.15_01,2,2018.0,2292.0,2155.0
n3_HC,n3,HC,tai30_20_06.F.15_01,3,2075.0,2353.0,2214.0
n3_HC,n3,HC,tai30_20_06.F.15_01,4,2068.0,2355.0,2211.5
n3_HC,n3,HC,tai30_20_06.F.15_01,5,2062.0,2320.0,2191.0
n3_HC,n3,HC,tai30_20_06.F.15_01,6,2046.0,2340.0,2193.0
n3_HC,n3,HC,tai30_20_06.F.15_01,7,2071.0,2345.0,2208.0
n3_HC,n3,HC,tai30_20_06.F.15_01,8,2057.0,2334.0,2195.5
n3_HC,n3,HC,tai30_20_06.F.15_01,9,2049.0,2339.0,2194.0
n3_HC,n3,HC,tai30_20_06.F.15_01,10,2035.0,2323.0,2179.0
n3_HC,n3,HC,tai30_20_06.F.15_01,11,2080.0,2358.0,2219.0
n3_HC,n3,HC,tai30_20_06.F.15_01,12,2040.0,2317.0,2178.5
n3_HC,n3,HC,tai30_20_06.F.15_01,13,2082.0,2397.0,2239.5
n3_HC,n3,HC,tai30_20_06.F.15_01,14,2139.0,2393.0,2266.0
n3_HC,n3,HC,tai30_20_06.F.15_01,15,2047.0,2325.0,2186.0
n3_HC,n3,HC,tai30_20_06.F.15_01,16,2037.0,2339.0,2188.0
n3_HC,n3,HC,tai30_20_06.F.15_01,17,2062.0,2344.0,2203.0
n3_HC,n3,HC,tai30_20_06.F.15_01,18,2052.0,2328.0,2190.0
n3_HC,n3,HC,tai30_20_06.F.15_01,19,2027.0,2311.0,2169.0
n3_HC,n3,HC,tai30_20_06.F.15_01,20,2115.0,2398.0,2256.5
n3_HC,n3,HC,tai30_20_06.F.15_01,21,2070.0,2350.0,2210.0
n3_HC,n3,HC,tai30_20_06.F.15_01,22,2072.0,2350.0,2211.0
n3_HC,n3,HC,tai30_20_06.F.15_01,23,2010.0,2296.0,2153.0
n3_HC,n3,HC,tai30_20_06.F.15_01,24,2132.0,2400.0,2266.0
n3_HC,n3,HC,tai30_20_06.F.15_01,25,2029.0,2299.0,2164.0
n3_HC,n3,HC,tai30_20_06.F.15_01,26,2062.0,2336.0,2199.0
n3_HC,n3,HC,tai30_20_06.F.15_01,27,2064.0,2363.0,2213.5
n3_HC,n3,HC,tai30_20_06.F.15_01,28,2044.0,2344.0,2194.0
n3_HC,n3,HC,tai30_20_06.F.15_01,29,2050.0,2323.0,2186.5
n3_HC,n3,HC,tai30_20_06.F.15_01,30,2069.0,2348.0,2208.5
n3_HC,n3,HC,tai30_20_07.F.15_01,1,1958.0,2220.0,2089.0
n3_HC,n3,HC,tai30_20_07.F.15_01,2,2012.0,2239.0,2125.5
n3_HC,n3,HC,tai30_20_07.F.15_01,3,1986.0,2245.0,2115.5
n3_HC,n3,HC,tai30_20_07.F.15_01,4,2016.0,2288.0,2152.0
n3_HC,n3,HC,tai30_20_07.F.15_01,5,1961.0,2229.0,2095.0
n3_HC,n3,HC,tai30_20_07.F.15_01,6,1983.0,2251.0,2117.0
n3_HC,n3,HC,tai30_20_07.F.15_01,7,1968.0,2224.0,2096.0
n3_HC,n3,HC,tai30_20_07.F.15_01,8,1941.0,2240.0,2090.5
n3_HC,n3,HC,tai30_20_07.F.15_01,9,1967.0,2252.0,2109.5
n3_HC,n3,HC,tai30_20_07.F.15_01,10,1961.0,2239.0,2100.0
n3_HC,n3,HC,tai30_20_07.F.15_01,11,1952.0,2273.0,2112.5
n3_HC,n3,HC,tai30_20_07.F.15_01,12,1942.0,2223.0,2082.5
n3_HC,n3,HC,tai30_20_07.F.15_01,13,1989.0,2299.0,2144.0
n3_HC,n3,HC,tai30_20_07.F.15_01,14,1987.0,2314.0,2150.5
n3_HC,n3,HC,tai30_20_07.F.15_01,15,1960.0,2264.0,2112.0
n3_HC,n3,HC,tai30_20_07.F.15_01,16,1974.0,2262.0,2118.0
n3_HC,n3,HC,tai30_20_07.F.15_01,17,1963.0,2254.0,2108.5
n3_HC,n3,HC,tai30_20_07.F.15_01,18,2013.0,2271.0,2142.0
n3_HC,n3,HC,tai30_20_07.F.15_01,19,2000.0,2265.0,2132.5
n3_HC,n3,HC,tai30_20_07.F.15_01,20,1939.0,2193.0,2066.0
n3_HC,n3,HC,tai30_20_07.F.15_01,21,1959.0,2249.0,2104.0
n3_HC,n3,HC,tai30_20_07.F.15_01,22,1989.0,2234.0,2111.5
n3_HC,n3,HC,tai30_20_07.F.15_01,23,1945.0,2203.0,2074.0
n3_HC,n3,HC,tai30_20_07.F.15_01,24,1940.0,2190.0,2065.0
n3_HC,n3,HC,tai30_20_07.F.15_01,25,2008.0,2244.0,2126.0
n3_HC,n3,HC,tai30_20_07.F.15_01,26,1960.0,2199.0,2079.5
n3_HC,n3,HC,tai30_20_07.F.15_01,27,1910.0,2194.0,2052.0
n3_HC,n3,HC,tai30_20_07.F.15_01,28,1980.0,2257.0,2118.5
n3_HC,n3,HC,tai30_20_07.F.15_01,29,1981.0,2280.0,2130.5
n3_HC,n3,HC,tai30_20_07.F.15_01,30,1952.0,2219.0,2085.5
n3_HC,n3,HC,tai30_20_08.F.15_01,1,1982.0,2243.0,2112.5
n3_HC,n3,HC,tai30_20_08.F.15_01,2,1941.0,2246.0,2093.5
n3_HC,n3,HC,tai30_20_08.F.15_01,3,1980.0,2224.0,2102.0
n3_HC,n3,HC,tai30_20_08.F.15_01,4,1970.0,2256.0,2113.0
n3_HC,n3,HC,tai30_20_08.F.15_01,5,1954.0,2271.0,2112.5
n3_HC,n3,HC,tai30_20_08.F.15_01,6,1975.0,2216.0,2095.5
n3_HC,n3,HC,tai30_20_08.F.15_01,7,1973.0,2279.0,2126.0
n3_HC,n3,HC,tai30_20_08.F.15_01,8,1968.0,2241.0,2104.5
n3_HC,n3,HC,tai30_20_08.F.15_01,9,1982.0,2253.0,2117.5
n3_HC,n3,HC,tai30_20_08.F.15_01,10,1957.0,2267.0,2112.0
n3_HC,n3,HC,tai30_20_08.F.15_01,11,2011.0,2267.0,2139.0
n3_HC,n3,HC,tai30_20_08.F.15_01,12,1962.0,2253.0,2107.5
n3_HC,n3,HC,tai30_20_08.F.15_01,13,1992.0,2220.0,2106.0
n3_HC,n3,HC,tai30_20_08.F.15_01,14,1956.0,2232.0,2094.0
n3_HC,n3,HC,tai30_20_08.F.15_01,15,1955.0,2234.0,2094.5
n3_HC,n3,HC,tai30_20_08.F.15_01,16,1974.0,2218.0,2096.0
n3_HC,n3,HC,tai30_20_08.F.15_01,17,1980.0,2289.0,2134.5
n3_HC,n3,HC,tai30_20_08.F.15_01,18,1949.0,2267.0,2108.0
n3_HC,n3,HC,tai30_20_08.F.15_01,19,1980.0,2227.0,2103.5
n3_HC,n3,HC,tai30_20_08.F.15_01,20,1964.0,2253.0,2108.5
n3_HC,n3,HC,tai30_20_08.F.15_01,21,1980.0,2231.0,2105.5
n3_HC,n3,HC,tai30_20_08.F.15_01,22,1991.0,2253.0,2122.0
n3_HC,n3,HC,tai30_20_08.F.15_01,23,2022.0,2241.0,2131.5
n3_HC,n3,HC,tai30_20_08.F.15_01,24,1935.0,2238.0,2086.5
n3_HC,n3,HC,tai30_20_08.F.15_01,25,1990.0,2244.0,2117.0
n3_HC,n3,HC,tai30_20_08.F.15_01,26,2004.0,2237.0,2120.5
n3_HC,n3,HC,tai30_20_08.F.15_01,27,1974.0,2238.0,2106.0
n3_HC,n3,HC,tai30_20_08.F.15_01,28,1975.0,2261.0,2118.0
n3_HC,n3,HC,tai30_20_08.F.15_01,29,1933.0,2216.0,2074.5
n3_HC,n3,HC,tai30_20_08.F.15_01,30,1974.0,2225.0,2099.5
n3_HC,n3,HC,tai30_20_09.F.15_01,1,1978.0,2237.0,2107.5
n3_HC,n3,HC,tai30_20_09.F.15_01,2,1994.0,2236.0,2115.0
n3_HC,n3,HC,tai30_20_09.F.15_01,3,1967.0,2230.0,2098.5
n3_HC,n3,HC,tai30_20_09.F.15_01,4,2026.0,2298.0,2162.0
n3_HC,n3,HC,tai30_20_09.F.15_01,5,1972.0,2248.0,2110.0
n3_HC,n3,HC,tai30_20_09.F.15_01,6,1993.0,2272.0,2132.5
n3_HC,n3,HC,tai30_20_09.F.15_01,7,1968.0,2221.0,2094.5
n3_HC,n3,HC,tai30_20_09.F.15_01,8,1982.0,2248.0,2115.0
n3_HC,n3,HC,tai30_20_09.F.15_01,9,1983.0,2264.0,2123.5
n3_HC,n3,HC,tai30_20_09.F.15_01,10,1997.0,2267.0,2132.0
n3_HC,n3,HC,tai30_20_09.F.15_01,11,1947.0,2233.0,2090.0
n3_HC,n3,HC,tai30_20_09.F.15_01,12,1971.0,2234.0,2102.5
n3_HC,n3,HC,tai30_20_09.F.15_01,13,2058.0,2316.0,2187.0
n3_HC,n3,HC,tai30_20_09.F.15_01,14,2066.0,2309.0,2187.5
n3_HC,n3,HC,tai30_20_09.F.15_01,15,1979.0,2243.0,2111.0
n3_HC,n3,HC,tai30_20_09.F.15_01,16,1995.0,2271.0,2133.0
n3_HC,n3,HC,tai30_20_09.F.15_01,17,1960.0,2225.0,2092.5
n3_HC,n3,HC,tai30_20_09.F.15_01,18,1975.0,2235.0,2105.0
n3_HC,n3,HC,tai30_20_09.F.15_01,19,1980.0,2238.0,2109.0
n3_HC,n3,HC,tai30_20_09.F.15_01,20,1996.0,2275.0,2135.5
n3_HC,n3,HC,tai30_20_09.F.15_01,21,1978.0,2225.0,2101.5
n3_HC,n3,HC,tai30_20_09.F.15_01,22,2002.0,2276.0,2139.0
n3_HC,n3,HC,tai30_20_09.F.15_01,23,1993.0,2273.0,2133.0
n3_HC,n3,HC,tai30_20_09.F.15_01,24,2011.0,2301.0,2156.0
n3_HC,n3,HC,tai30_20_09.F.15_01,25,1960.0,2208.0,2084.0
n3_HC,n3,HC,tai30_20_09.F.15_01,26,1982.0,2234.0,2108.0
n3_HC,n3,HC,tai30_20_09.F.15_01,27,2027.0,2281.0,2154.0
n3_HC,n3,HC,tai30_20_09.F.15_01,28,1987.0,2242.0,2114.5
n3_HC,n3,HC,tai30_20_09.F.15_01,29,2018.0,2269.0,2143.5
n3_HC,n3,HC,tai30_20_09.F.15_01,30,1981.0,2222.0,2101.5
n3_HC,n3,HC,tai30_20_10.F.15_01,1,1988.0,2274.0,2131.0
n3_HC,n3,HC,tai30_20_10.F.15_01,2,1993.0,2286.0,2139.5
n3_HC,n3,HC,tai30_20_10.F.15_01,3,1988.0,2241.0,2114.5
n3_HC,n3,HC,tai30_20_10.F.15_01,4,2004.0,2280.0,2142.0
n3_HC,n3,HC,tai30_20_10.F.15_01,5,1991.0,2251.0,2121.0
n3_HC,n3,HC,tai30_20_10.F.15_01,6,2012.0,2284.0,2148.0
n3_HC,n3,HC,tai30_20_10.F.15_01,7,2041.0,2300.0,2170.5
n3_HC,n3,HC,tai30_20_10.F.15_01,8,1988.0,2282.0,2135.0
n3_HC,n3,HC,tai30_20_10.F.15_01,9,1976.0,2241.0,2108.5
n3_HC,n3,HC,tai30_20_10.F.15_01,10,2004.0,2284.0,2144.0
n3_HC,n3,HC,tai30_20_10.F.15_01,11,1966.0,2246.0,2106.0
n3_HC,n3,HC,tai30_20_10.F.15_01,12,2020.0,2288.0,2154.0
n3_HC,n3,HC,tai30_20_10.F.15_01,13,1980.0,2272.0,2126.0
n3_HC,n3,HC,tai30_20_10.F.15_01,14,1963.0,2247.0,2105.0
n3_HC,n3,HC,tai30_20_10.F.15_01,15,2007.0,2282.0,2144.5
n3_HC,n3,HC,tai30_20_10.F.15_01,16,1990.0,2270.0,2130.0
n3_HC,n3,HC,tai30_20_10.F.15_01,17,1999.0,2282.0,2140.5
n3_HC,n3,HC,tai30_20_10.F.15_01,18,1978.0,2267.0,2122.5
n3_HC,n3,HC,tai30_20_10.F.15_01,19,2022.0,2314.0,2168.0
n3_HC,n3,HC,tai30_20_10.F.15_01,20,1993.0,2279.0,2136.0
n3_HC,n3,HC,tai30_20_10.F.15_01,21,2037.0,2303.0,2170.0
n3_HC,n3,HC,tai30_20_10.F.15_01,22,1978.0,2251.0,2114.5
n3_HC,n3,HC,tai30_20_10.F.15_01,23,2013.0,2287.0,2150.0
n3_HC,n3,HC,tai30_20_10.F.15_01,24,2006.0,2290.0,2148.0
n3_HC,n3,HC,tai30_20_10.F.15_01,25,2011.0,2270.0,2140.5
n3_HC,n3,HC,tai30_20_10.F.15_01,26,1965.0,2263.0,2114.0
n3_HC,n3,HC,tai30_20_10.F.15_01,27,1968.0,2234.0,2101.0
n3_HC,n3,HC,tai30_20_10.F.15_01,28,1976.0,2255.0,2115.5
n3_HC,n3,HC,tai30_20_10.F.15_01,29,1982.0,2261.0,2121.5
n3_HC,n3,HC,tai30_20_10.F.15_01,30,2022.0,2302.0,2162.0
n3_HC,n3,HC,tai50_15_01.F.15_01,1,2639.0,3031.0,2835.0
n3_HC,n3,HC,tai50_15_01.F.15_01,2,2677.0,3096.0,2886.5
n3_HC,n3,HC,tai50_15_01.F.15_01,3,2637.0,3073.0,2855.0
n3_HC,n3,HC,tai50_15_01.F.15_01,4,2651.0,3103.0,2877.0
n3_HC,n3,HC,tai50_15_01.F.15_01,5,2698.0,3124.0,2911.0
n3_HC,n3,HC,tai50_15_01.F.15_01,6,2624.0,3046.0,2835.0
n3_HC,n3,HC,tai50_15_01.F.15_01,7,2672.0,3093.0,2882.5
n3_HC,n3,HC,tai50_15_01.F.15_01,8,2657.0,3098.0,2877.5
n3_HC,n3,HC,tai50_15_01.F.15_01,9,2666.0,3074.0,2870.0
n3_HC,n3,HC,tai50_15_01.F.15_01,10,2644.0,3066.0,2855.0
n3_HC,n3,HC,tai50_15_01.F.15_01,11,2690.0,3105.0,2897.5
n3_HC,n3,HC,tai50_15_01.F.15_01,12,2673.0,3087.0,2880.0
n3_HC,n3,HC,tai50_15_01.F.15_01,13,2672.0,3110.0,2891.0
n3_HC,n3,HC,tai50_15_01.F.15_01,14,2675.0,3063.0,2869.0
n3_HC,n3,HC,tai50_15_01.F.15_01,15,2660.0,3059.0,2859.5
n3_HC,n3,HC,tai50_15_01.F.15_01,16,2627.0,3049.0,2838.0
n3_HC,n3,HC,tai50_15_01.F.15_01,17,2602.0,3021.0,2811.5
n3_HC,n3,HC,tai50_15_01.F.15_01,18,2728.0,3146.0,2937.0
n3_HC,n3,HC,tai50_15_01.F.15_01,19,2693.0,3122.0,2907.5
n3_HC,n3,HC,tai50_15_01.F.15_01,20,2633.0,3030.0,2831.5
n3_HC,n3,HC,tai50_15_01.F.15_01,21,2704.0,3130.0,2917.0
n3_HC,n3,HC,tai50_15_01.F.15_01,22,2632.0,3046.0,2839.0
n3_HC,n3,HC,tai50_15_01.F.15_01,23,2674.0,3095.0,2884.5
n3_HC,n3,HC,tai50_15_01.F.15_01,24,2650.0,3063.0,2856.5
n3_HC,n3,HC,tai50_15_01.F.15_01,25,2656.0,3074.0,2865.0
n3_HC,n3,HC,tai50_15_01.F.15_01,26,2650.0,3074.0,2862.0
n3_HC,n3,HC,tai50_15_01.F.15_01,27,2648.0,3082.0,2865.0
n3_HC,n3,HC,tai50_15_01.F.15_01,28,2709.0,3134.0,2921.5
n3_HC,n3,HC,tai50_15_01.F.15_01,29,2642.0,3078.0,2860.0
n3_HC,n3,HC,tai50_15_01.F.15_01,30,2632.0,3043.0,2837.5
n3_HC,n3,HC,tai50_15_02.F.15_01,1,2640.0,3056.0,2848.0
n3_HC,n3,HC,tai50_15_02.F.15_01,2,2703.0,3064.0,2883.5
n3_HC,n3,HC,tai50_15_02.F.15_01,3,2689.0,3086.0,2887.5
n3_HC,n3,HC,tai50_15_02.F.15_01,4,2619.0,3013.0,2816.0
n3_HC,n3,HC,tai50_15_02.F.15_01,5,2708.0,3071.0,2889.5
n3_HC,n3,HC,tai50_15_02.F.15_01,6,2608.0,3027.0,2817.5
n3_HC,n3,HC,tai50_15_02.F.15_01,7,2624.0,3058.0,2841.0
n3_HC,n3,HC,tai50_15_02.F.15_01,8,2581.0,2997.0,2789.0
n3_HC,n3,HC,tai50_15_02.F.15_01,9,2653.0,3050.0,2851.5
n3_HC,n3,HC,tai50_15_02.F.15_01,10,2589.0,2969.0,2779.0
n3_HC,n3,HC,tai50_15_02.F.15_01,11,2641.0,3067.0,2854.0
n3_HC,n3,HC,tai50_15_02.F.15_01,12,2655.0,3029.0,2842.0
n3_HC,n3,HC,tai50_15_02.F.15_01,13,2597.0,2970.0,2783.5
n3_HC,n3,HC,tai50_15_02.F.15_01,14,2655.0,3040.0,2847.5
n3_HC,n3,HC,tai50_15_02.F.15_01,15,2680.0,3124.0,2902.0
n3_HC,n3,HC,tai50_15_02.F.15_01,16,2592.0,2957.0,2774.5
n3_HC,n3,HC,tai50_15_02.F.15_01,17,2649.0,3070.0,2859.5
n3_HC,n3,HC,tai50_15_02.F.15_01,18,2624.0,3012.0,2818.0
n3_HC,n3,HC,tai50_15_02.F.15_01,19,2679.0,3048.0,2863.5
n3_HC,n3,HC,tai50_15_02.F.15_01,20,2611.0,2996.0,2803.5
n3_HC,n3,HC,tai50_15_02.F.15_01,21,2595.0,3016.0,2805.5
n3_HC,n3,HC,tai50_15_02.F.15_01,22,2673.0,3027.0,2850.0
n3_HC,n3,HC,tai50_15_02.F.15_01,23,2641.0,3049.0,2845.0
n3_HC,n3,HC,tai50_15_02.F.15_01,24,2601.0,3012.0,2806.5
n3_HC,n3,HC,tai50_15_02.F.15_01,25,2612.0,3016.0,2814.0
n3_HC,n3,HC,tai50_15_02.F.15_01,26,2581.0,2990.0,2785.5
n3_HC,n3,HC,tai50_15_02.F.15_01,27,2629.0,3055.0,2842.0
n3_HC,n3,HC,tai50_15_02.F.15_01,28,2623.0,3045.0,2834.0
n3_HC,n3,HC,tai50_15_02.F.15_01,29,2613.0,3009.0,2811.0
n3_HC,n3,HC,tai50_15_02.F.15_01,30,2625.0,3035.0,2830.0
n3_HC,n3,HC,tai50_15_03.F.15_01,1,2543.0,2991.0,2767.0
n3_HC,n3,HC,tai50_15_03.F.15_01,2,2538.0,3010.0,2774.0
n3_HC,n3,HC,tai50_15_03.F.15_01,3,2572.0,3030.0,2801.0
n3_HC,n3,HC,tai50_15_03.F.15_01,4,2526.0,2942.0,2734.0
n3_HC,n3,HC,tai50_15_03.F.15_01,5,2521.0,2952.0,2736.5
n3_HC,n3,HC,tai50_15_03.F.15_01,6,2601.0,3046.0,2823.5
n3_HC,n3,HC,tai50_15_03.F.15_01,7,2540.0,2971.0,2755.5
n3_HC,n3,HC,tai50_15_03.F.15_01,8,2522.0,2935.0,2728.5
n3_HC,n3,HC,tai50_15_03.F.15_01,9,2544.0,2930.0,2737.0
n3_HC,n3,HC,tai50_15_03.F.15_01,10,2570.0,2940.0,2755.0
n3_HC,n3,HC,tai50_15_03.F.15_01,11,2546.0,2951.0,2748.5
n3_HC,n3,HC,tai50_15_03.F.15_01,12,2528.0,2932.0,2730.0
n3_HC,n3,HC,tai50_15_03.F.15_01,13,2529.0,2963.0,2746.0
n3_HC,n3,HC,tai50_15_03.F.15_01,14,2531.0,2960.0,2745.5
n3_HC,n3,HC,tai50_15_03.F.15_01,15,2521.0,2933.0,2727.0
n3_HC,n3,HC,tai50_15_03.F.15_01,16,2554.0,2991.0,2772.5
n3_HC,n3,HC,tai50_15_03.F.15_01,17,2534.0,2942.0,2738.0
n3_HC,n3,HC,tai50_15_03.F.15_01,18,2568.0,2952.0,2760.0
n3_HC,n3,HC,tai50_15_03.F.15_01,19,2538.0,3008.0,2773.0
n3_HC,n3,HC,tai50_15_03.F.15_01,20,2578.0,3005.0,2791.5
n3_HC,n3,HC,tai50_15_03.F.15_01,21,2557.0,2992.0,2774.5
n3_HC,n3,HC,tai50_15_03.F.15_01,22,2561.0,2971.0,2766.0
n3_HC,n3,HC,tai50_15_03.F.15_01,23,2570.0,3032.0,2801.0
n3_HC,n3,HC,tai50_15_03.F.15_01,24,2532.0,2970.0,2751.0
n3_HC,n3,HC,tai50_15_03.F.15_01,25,2554.0,3005.0,2779.5
n3_HC,n3,HC,tai50_15_03.F.15_01,26,2563.0,3010.0,2786.5
n3_HC,n3,HC,tai50_15_03.F.15_01,27,2544.0,2973.0,2758.5
n3_HC,n3,HC,tai50_15_03.F.15_01,28,2573.0,3006.0,2789.5
n3_HC,n3,HC,tai50_15_03.F.15_01,29,2521.0,2929.0,2725.0
n3_HC,n3,HC,tai50_15_03.F.15_01,30,2563.0,3013.0,2788.0
n3_HC,n3,HC,tai50_15_04.F.15_01,1,2614.0,3073.0,2843.5
n3_HC,n3,HC,tai50_15_04.F.15_01,2,2657.0,3121.0,2889.0
n3_HC,n3,HC,tai50_15_04.F.15_01,3,2608.0,3073.0,2840.5
n3_HC,n3,HC,tai50_15_04.F.15_01,4,2608.0,3073.0,2840.5
n3_HC,n3,HC,tai50_15_04.F.15_01,5,2625.0,3091.0,2858.0
n3_HC,n3,HC,tai50_15_04.F.15_01,6,2643.0,3118.0,2880.5
n3_HC,n3,HC,tai50_15_04.F.15_01,7,2626.0,3097.0,2861.5
n3_HC,n3,HC,tai50_15_04.F.15_01,8,2619.0,3089.0,2854.0
n3_HC,n3,HC,tai50_15_04.F.15_01,9,2630.0,3091.0,2860.5
n3_HC,n3,HC,tai50_15_04.F.15_01,10,2605.0,3073.0,2839.0
n3_HC,n3,HC,tai50_15_04.F.15_01,11,2608.0,3073.0,2840.5
n3_HC,n3,HC,tai50_15_04.F.15_01,12,2623.0,3095.0,2859.0
n3_HC,n3,HC,tai50_15_04.F.15_01,13,2655.0,3073.0,2864.0
n3_HC,n3,HC,tai50_15_04.F.15_01,14,2605.0,3073.0,2839.0
n3_HC,n3,HC,tai50_15_04.F.15_01,15,2622.0,3089.0,2855.5
n3_HC,n3,HC,tai50_15_04.F.15_01,16,2652.0,3107.0,2879.5
n3_HC,n3,HC,tai50_15_04.F.15_01,17,2638.0,3104.0,2871.0
n3_HC,n3,HC,tai50_15_04.F.15_01,18,2612.0,3073.0,2842.5
n3_HC,n3,HC,tai50_15_04.F.15_01,19,2640.0,3107.0,2873.5
n3_HC,n3,HC,tai50_15_04.F.15_01,20,2643.0,3107.0,2875.0
n3_HC,n3,HC,tai50_15_04.F.15_01,21,2608.0,3073.0,2840.5
n3_HC,n3,HC,tai50_15_04.F.15_01,22,2619.0,3089.0,2854.0
n3_HC,n3,HC,tai50_15_04.F.15_01,23,2661.0,3107.0,2884.0
n3_HC,n3,HC,tai50_15_04.F.15_01,24,2618.0,3078.0,2848.0
n3_HC,n3,HC,tai50_15_04.F.15_01,25,2622.0,3089.0,2855.5
n3_HC,n3,HC,tai50_15_04.F.15_01,26,2660.0,3092.0,2876.0
n3_HC,n3,HC,tai50_15_04.F.15_01,27,2614.0,3088.0,2851.0
n3_HC,n3,HC,tai50_15_04.F.15_01,28,2605.0,3073.0,2839.0
n3_HC,n3,HC,tai50_15_04.F.15_01,29,2605.0,3073.0,2839.0
n3_HC,n3,HC,tai50_15_04.F.15_01,30,2606.0,3073.0,2839.5
n3_HC,n3,HC,tai50_15_05.F.15_01,1,2632.0,3022.0,2827.0
n3_HC,n3,HC,tai50_15_05.F.15_01,2,2614.0,2990.0,2802.0
n3_HC,n3,HC,tai50_15_05.F.15_01,3,2625.0,3017.0,2821.0
n3_HC,n3,HC,tai50_15_05.F.15_01,4,2644.0,2992.0,2818.0
n3_HC,n3,HC,tai50_15_05.F.15_01,5,2667.0,3017.0,2842.0
n3_HC,n3,HC,tai50_15_05.F.15_01,6,2641.0,3040.0,2840.5
n3_HC,n3,HC,tai50_15_05.F.15_01,7,2594.0,2965.0,2779.5
n3_HC,n3,HC,tai50_15_05.F.15_01,8,2649.0,3036.0,2842.5
n3_HC,n3,HC,tai50_15_05.F.15_01,9,2699.0,3092.0,2895.5
n3_HC,n3,HC,tai50_15_05.F.15_01,10,2636.0,3003.0,2819.5
n3_HC,n3,HC,tai50_15_05.F.15_01,11,2661.0,3045.0,2853.0
n3_HC,n3,HC,tai50_15_05.F.15_01,12,2643.0,3047.0,2845.0
n3_HC,n3,HC,tai50_15_05.F.15_01,13,2686.0,3066.0,2876.0
n3_HC,n3,HC,tai50_15_05.F.15_01,14,2655.0,3027.0,2841.0
n3_HC,n3,HC,tai50_15_05.F.15_01,15,2669.0,3045.0,2857.0
n3_HC,n3,HC,tai50_15_05.F.15_01,16,2672.0,3051.0,2861.5
n3_HC,n3,HC,tai50_15_05.F.15_01,17,2678.0,3020.0,2849.0
n3_HC,n3,HC,tai50_15_05.F.15_01,18,2570.0,2953.0,2761.5
n3_HC,n3,HC,tai50_15_05.F.15_01,19,2639.0,3005.0,2822.0
n3_HC,n3,HC,tai50_15_05.F.15_01,20,2661.0,3055.0,2858.0
n3_HC,n3,HC,tai50_15_05.F.15_01,21,2613.0,2999.0,2806.0
n3_HC,n3,HC,tai50_15_05.F.15_01,22,2614.0,2989.0,2801.5
n3_HC,n3,HC,tai50_15_05.F.15_01,23,2736.0,3089.0,2912.5
n3_HC,n3,HC,tai50_15_05.F.15_01,24,2644.0,3012.0,2828.0
n3_HC,n3,HC,tai50_15_05.F.15_01,25,2609.0,3008.0,2808.5
n3_HC,n3,HC,tai50_15_05.F.15_01,26,2595.0,2978.0,2786.5
n3_HC,n3,HC,tai50_15_05.F.15_01,27,2623.0,2982.0,2802.5
n3_HC,n3,HC,tai50_15_05.F.15_01,28,2574.0,2977.0,2775.5
n3_HC,n3,HC,tai50_15_05.F.15_01,29,2653.0,3029.0,2841.0
n3_HC,n3,HC,tai50_15_05.F.15_01,30,2627.0,3034.0,2830.5
n3_HC,n3,HC,tai50_15_06.F.15_01,1,2675.0,3036.0,2855.5
n3_HC,n3,HC,tai50_15_06.F.15_01,2,2631.0,3019.0,2825.0
n3_HC,n3,HC,tai50_15_06.F.15_01,3,2638.0,3010.0,2824.0
n3_HC,n3,HC,tai50_15_06.F.15_01,4,2662.0,3058.0,2860.0
n3_HC,n3,HC,tai50_15_06.F.15_01,5,2660.0,3003.0,2831.5
n3_HC,n3,HC,tai50_15_06.F.15_01,6,2689.0,3075.0,2882.0
n3_HC,n3,HC,tai50_15_06.F.15_01,7,2638.0,3036.0,2837.0
n3_HC,n3,HC,tai50_15_06.F.15_01,8,2658.0,3066.0,2862.0
n3_HC,n3,HC,tai50_15_06.F.15_01,9,2667.0,3036.0,2851.5
n3_HC,n3,HC,tai50_15_06.F.15_01,10,2644.0,3010.0,2827.0
n3_HC,n3,HC,tai50_15_06.F.15_01,11,2687.0,3030.0,2858.5
n3_HC,n3,HC,tai50_15_06.F.15_01,12,2610.0,3000.0,2805.0
n3_HC,n3,HC,tai50_15_06.F.15_01,13,2656.0,3017.0,2836.5
n3_HC,n3,HC,tai50_15_06.F.15_01,14,2659.0,3031.0,2845.0
n3_HC,n3,HC,tai50_15_06.F.15_01,15,2684.0,3039.0,2861.5
n3_HC,n3,HC,tai50_15_06.F.15_01,16,2677.0,3036.0,2856.5
n3_HC,n3,HC,tai50_15_06.F.15_01,17,2708.0,3070.0,2889.0
n3_HC,n3,HC,tai50_15_06.F.15_01,18,2725.0,3095.0,2910.0
n3_HC,n3,HC,tai50_15_06.F.15_01,19,2645.0,3019.0,2832.0
n3_HC,n3,HC,tai50_15_06.F.15_01,20,2661.0,3004.0,2832.5
n3_HC,n3,HC,tai50_15_06.F.15_01,21,2673.0,3030.0,2851.5
n3_HC,n3,HC,tai50_15_06.F.15_01,22,2652.0,3036.0,2844.0
n3_HC,n3,HC,tai50_15_06.F.15_01,23,2666.0,3036.0,2851.0
n3_HC,n3,HC,tai50_15_06.F.15_01,24,2625.0,3036.0,2830.5
n3_HC,n3,HC,tai50_15_06.F.15_01,25,2654.0,3003.0,2828.5
n3_HC,n3,HC,tai50_15_06.F.15_01,26,2722.0,3044.0,2883.0
n3_HC,n3,HC,tai50_15_06.F.15_01,27,2684.0,3067.0,2875.5
n3_HC,n3,HC,tai50_15_06.F.15_01,28,2685.0,3068.0,2876.5
n3_HC,n3,HC,tai50_15_06.F.15_01,29,2621.0,3003.0,2812.0
n3_HC,n3,HC,tai50_15_06.F.15_01,30,2674.0,3039.0,2856.5
n3_HC,n3,HC,tai50_15_07.F.15_01,1,2738.0,3167.0,2952.5
n3_HC,n3,HC,tai50_15_07.F.15_01,2,2786.0,3191.0,2988.5
n3_HC,n3,HC,tai50_15_07.F.15_01,3,2734.0,3170.0,2952.0
n3_HC,n3,HC,tai50_15_07.F.15_01,4,2758.0,3185.0,2971.5
n3_HC,n3,HC,tai50_15_07.F.15_01,5,2719.0,3167.0,2943.0
n3_HC,n3,HC,tai50_15_07.F.15_01,6,2758.0,3204.0,2981.0
n3_HC,n3,HC,tai50_15_07.F.15_01,7,2796.0,3175.0,2985.5
n3_HC,n3,HC,tai50_15_07.F.15_01,8,2737.0,3167.0,2952.0
n3_HC,n3,HC,tai50_15_07.F.15_01,9,2755.0,3178.0,2966.5
n3_HC,n3,HC,tai50_15_07.F.15_01,10,2739.0,3167.0,2953.0
n3_HC,n3,HC,tai50_15_07.F.15_01,11,2742.0,3167.0,2954.5
n3_HC,n3,HC,tai50_15_07.F.15_01,12,2780.0,3182.0,2981.0
n3_HC,n3,HC,tai50_15_07.F.15_01,13,2794.0,3217.0,3005.5
n3_HC,n3,HC,tai50_15_07.F.15_01,14,2784.0,3199.0,2991.5
n3_HC,n3,HC,tai50_15_07.F.15_01,15,2732.0,3167.0,2949.5
n3_HC,n3,HC,tai50_15_07.F.15_01,16,2719.0,3167.0,2943.0
n3_HC,n3,HC,tai50_15_07.F.15_01,17,2780.0,3210.0,2995.0
n3_HC,n3,HC,tai50_15_07.F.15_01,18,2782.0,3207.0,2994.5
n3_HC,n3,HC,tai50_15_07.F.15_01,19,2800.0,3190.0,2995.0
n3_HC,n3,HC,tai50_15_07.F.15_01,20,2719.0,3167.0,2943.0
n3_HC,n3,HC,tai50_15_07.F.15_01,21,2775.0,3217.0,2996.0
n3_HC,n3,HC,tai50_15_07.F.15_01,22,2770.0,3203.0,2986.5
n3_HC,n3,HC,tai50_15_07.F.15_01,23,2729.0,3167.0,2948.0
n3_HC,n3,HC,tai50_15_07.F.15_01,24,2735.0,3167.0,2951.0
n3_HC,n3,HC,tai50_15_07.F.15_01,25,2767.0,3195.0,2981.0
n3_HC,n3,HC,tai50_15_07.F.15_01,26,2769.0,3204.0,2986.5
n3_HC,n3,HC,tai50_15_07.F.15_01,27,2719.0,3167.0,2943.0
n3_HC,n3,HC,tai50_15_07.F.15_01,28,2782.0,3196.0,2989.0
n3_HC,n3,HC,tai50_15_07.F.15_01,29,2763.0,3213.0,2988.0
n3_HC,n3,HC,tai50_15_07.F.15_01,30,2719.0,3167.0,2943.0
n3_HC,n3,HC,tai50_15_08.F.15_01,1,2682.0,3128.0,2905.0
n3_HC,n3,HC,tai50_15_08.F.15_01,2,2694.0,3128.0,2911.0
n3_HC,n3,HC,tai50_15_08.F.15_01,3,2703.0,3144.0,2923.5
n3_HC,n3,HC,tai50_15_08.F.15_01,4,2708.0,3128.0,2918.0
n3_HC,n3,HC,tai50_15_08.F.15_01,5,2693.0,3129.0,2911.0
n3_HC,n3,HC,tai50_15_08.F.15_01,6,2713.0,3137.0,2925.0
n3_HC,n3,HC,tai50_15_08.F.15_01,7,2714.0,3167.0,2940.5
n3_HC,n3,HC,tai50_15_08.F.15_01,8,2682.0,3128.0,2905.0
n3_HC,n3,HC,tai50_15_08.F.15_01,9,2700.0,3136.0,2918.0
n3_HC,n3,HC,tai50_15_08.F.15_01,10,2682.0,3128.0,2905.0
n3_HC,n3,HC,tai50_15_08.F.15_01,11,2729.0,3153.0,2941.0
n3_HC,n3,HC,tai50_15_08.F.15_01,12,2705.0,3128.0,2916.5
n3_HC,n3,HC,tai50_15_08.F.15_01,13,2682.0,3128.0,2905.0
n3_HC,n3,HC,tai50_15_08.F.15_01,14,2733.0,3165.0,2949.0
n3_HC,n3,HC,tai50_15_08.F.15_01,15,2682.0,3128.0,2905.0
n3_HC,n3,HC,tai50_15_08.F.15_01,16,2715.0,3154.0,2934.5
n3_HC,n3,HC,tai50_15_08.F.15_01,17,2723.0,3170.0,2946.5
n3_HC,n3,HC,tai50_15_08.F.15_01,18,2682.0,3128.0,2905.0
n3_HC,n3,HC,tai50_15_08.F.15_01,19,2779.0,3173.0,2976.0
n3_HC,n3,HC,tai50_15_08.F.15_01,20,2751.0,3203.0,2977.0
n3_HC,n3,HC,tai50_15_08.F.15_01,21,2699.0,3128.0,2913.5
n3_HC,n3,HC,tai50_15_08.F.15_01,22,2735.0,3172.0,2953.5
n3_HC,n3,HC,tai50_15_08.F.15_01,23,2739.0,3193.0,2966.0
n3_HC,n3,HC,tai50_15_08.F.15_01,24,2726.0,3168.0,2947.0
n3_HC,n3,HC,tai50_15_08.F.15_01,25,2751.0,3191.0,2971.0
n3_HC,n3,HC,tai50_15_08.F.15_01,26,2694.0,3128.0,2911.0
n3_HC,n3,HC,tai50_15_08.F.15_01,27,2790.0,3258.0,3024.0
n3_HC,n3,HC,tai50_15_08.F.15_01,28,2733.0,3151.0,2942.0
n3_HC,n3,HC,tai50_15_08.F.15_01,29,2682.0,3128.0,2905.0
n3_HC,n3,HC,tai50_15_08.F.15_01,30,2786.0,3230.0,3008.0
n3_HC,n3,HC,tai50_15_09.F.15_01,1,2579.0,2960.0,2769.5
n3_HC,n3,HC,tai50_15_09.F.15_01,2,2568.0,2944.0,2756.0
n3_HC,n3,HC,tai50_15_09.F.15_01,3,2597.0,2990.0,2793.5
n3_HC,n3,HC,tai50_15_09.F.15_01,4,2540.0,2947.0,2743.5
n3_HC,n3,HC,tai50_15_09.F.15_01,5,2569.0,2974.0,2771.5
n3_HC,n3,HC,tai50_15_09.F.15_01,6,2587.0,2983.0,2785.0
n3_HC,n3,HC,tai50_15_09.F.15_01,7,2642.0,3052.0,2847.0
n3_HC,n3,HC,tai50_15_09.F.15_01,8,2626.0,2987.0,2806.5
n3_HC,n3,HC,tai50_15_09.F.15_01,9,2629.0,3041.0,2835.0
n3_HC,n3,HC,tai50_15_09.F.15_01,10,2604.0,3005.0,2804.5
n3_HC,n3,HC,tai50_15_09.F.15_01,11,2630.0,3014.0,2822.0
n3_HC,n3,HC,tai50_15_09.F.15_01,12,2589.0,2965.0,2777.0
n3_HC,n3,HC,tai50_15_09.F.15_01,13,2603.0,2969.0,2786.0
n3_HC,n3,HC,tai50_15_09.F.15_01,14,2520.0,2926.0,2723.0
n3_HC,n3,HC,tai50_15_09.F.15_01,15,2594.0,2988.0,2791.0
n3_HC,n3,HC,tai50_15_09.F.15_01,16,2660.0,3036.0,2848.0
n3_HC,n3,HC,tai50_15_09.F.15_01,17,2562.0,2940.0,2751.0
n3_HC,n3,HC,tai50_15_09.F.15_01,18,2595.0,2990.0,2792.5
n3_HC,n3,HC,tai50_15_09.F.15_01,19,2547.0,2956.0,2751.5
n3_HC,n3,HC,tai50_15_09.F.15_01,20,2667.0,3028.0,2847.5
n3_HC,n3,HC,tai50_15_09.F.15_01,21,2578.0,2984.0,2781.0
n3_HC,n3,HC,tai50_15_09.F.15_01,22,2554.0,2936.0,2745.0
n3_HC,n3,HC,tai50_15_09.F.15_01,23,2575.0,2985.0,2780.0
n3_HC,n3,HC,tai50_15_09.F.15_01,24,2569.0,2935.0,2752.0
n3_HC,n3,HC,tai50_15_09.F.15_01,25,2553.0,2955.0,2754.0
n3_HC,n3,HC,tai50_15_09.F.15_01,26,2527.0,2939.0,2733.0
n3_HC,n3,HC,tai50_15_09.F.15_01,27,2569.0,2955.0,2762.0
n3_HC,n3,HC,tai50_15_09.F.15_01,28,2541.0,2949.0,2745.0
n3_HC,n3,HC,tai50_15_09.F.15_01,29,2544.0,2948.0,2746.0
n3_HC,n3,HC,tai50_15_09.F.15_01,30,2563.0,2948.0,2755.5
n3_HC,n3,HC,tai50_15_10.F.15_01,1,2639.0,3020.0,2829.5
n3_HC,n3,HC,tai50_15_10.F.15_01,2,2606.0,2997.0,2801.5
n3_HC,n3,HC,tai50_15_10.F.15_01,3,2631.0,3022.0,2826.5
n3_HC,n3,HC,tai50_15_10.F.15_01,4,2636.0,3016.0,2826.0
n3_HC,n3,HC,tai50_15_10.F.15_01,5,2611.0,3001.0,2806.0
n3_HC,n3,HC,tai50_15_10.F.15_01,6,2583.0,2967.0,2775.0
n3_HC,n3,HC,tai50_15_10.F.15_01,7,2609.0,3003.0,2806.0
n3_HC,n3,HC,tai50_15_10.F.15_01,8,2595.0,2988.0,2791.5
n3_HC,n3,HC,tai50_15_10.F.15_01,9,2598.0,2984.0,2791.0
n3_HC,n3,HC,tai50_15_10.F.15_01,10,2627.0,3006.0,2816.5
n3_HC,n3,HC,tai50_15_10.F.15_01,11,2575.0,2986.0,2780.5
n3_HC,n3,HC,tai50_15_10.F.15_01,12,2609.0,3013.0,2811.0
n3_HC,n3,HC,tai50_15_10.F.15_01,13,2611.0,2997.0,2804.0
n3_HC,n3,HC,tai50_15_10.F.15_01,14,2596.0,2984.0,2790.0
n3_HC,n3,HC,tai50_15_10.F.15_01,15,2593.0,2961.0,2777.0
n3_HC,n3,HC,tai50_15_10.F.15_01,16,2575.0,2967.0,2771.0
n3_HC,n3,HC,tai50_15_10.F.15_01,17,2560.0,2946.0,2753.0
n3_HC,n3,HC,tai50_15_10.F.15_01,18,2607.0,2993.0,2800.0
n3_HC,n3,HC,tai50_15_10.F.15_01,19,2651.0,3059.0,2855.0
n3_HC,n3,HC,tai50_15_10.F.15_01,20,2611.0,2979.0,2795.0
n3_HC,n3,HC,tai50_15_10.F.15_01,21,2602.0,2992.0,2797.0
n3_HC,n3,HC,tai50_15_10.F.15_01,22,2608.0,2986.0,2797.0
n3_HC,n3,HC,tai50_15_10.F.15_01,23,2590.0,2974.0,2782.0
n3_HC,n3,HC,tai50_15_10.F.15_01,24,2672.0,3034.0,2853.0
n3_HC,n3,HC,tai50_15_10.F.15_01,25,2580.0,2959.0,2769.5
n3_HC,n3,HC,tai50_15_10.F.15_01,26,2654.0,3036.0,2845.0
n3_HC,n3,HC,tai50_15_10.F.15_01,27,2602.0,2994.0,2798.0
n3_HC,n3,HC,tai50_15_10.F.15_01,28,2600.0,2993.0,2796.5
n3_HC,n3,HC,tai50_15_10.F.15_01,29,2668.0,3053.0,2860.5
n3_HC,n3,HC,tai50_15_10.F.15_01,30,2601.0,2982.0,2791.5
n3_HC,n3,HC,tai50_20_01.F.15_01,1,2927.0,3287.0,3107.0
n3_HC,n3,HC,tai50_20_01.F.15_01,2,2806.0,3212.0,3009.0
n3_HC,n3,HC,tai50_20_01.F.15_01,3,2848.0,3262.0,3055.0
n3_HC,n3,HC,tai50_20_01.F.15_01,4,2809.0,3220.0,3014.5
n3_HC,n3,HC,tai50_20_01.F.15_01,5,2812.0,3228.0,3020.0
n3_HC,n3,HC,tai50_20_01.F.15_01,6,2844.0,3244.0,3044.0
n3_HC,n3,HC,tai50_20_01.F.15_01,7,2809.0,3223.0,3016.0
n3_HC,n3,HC,tai50_20_01.F.15_01,8,2824.0,3218.0,3021.0
n3_HC,n3,HC,tai50_20_01.F.15_01,9,2790.0,3200.0,2995.0
n3_HC,n3,HC,tai50_20_01.F.15_01,10,2793.0,3194.0,2993.5
n3_HC,n3,HC,tai50_20_01.F.15_01,11,2802.0,3228.0,3015.0
n3_HC,n3,HC,tai50_20_01.F.15_01,12,2857.0,3251.0,3054.0
n3_HC,n3,HC,tai50_20_01.F.15_01,13,2851.0,3251.0,3051.0
n3_HC,n3,HC,tai50_20_01.F.15_01,14,2826.0,3219.0,3022.5
n3_HC,n3,HC,tai50_20_01.F.15_01,15,2871.0,3280.0,3075.5
n3_HC,n3,HC,tai50_20_01.F.15_01,16,2791.0,3215.0,3003.0
n3_HC,n3,HC,tai50_20_01.F.15_01,17,2826.0,3236.0,3031.0
n3_HC,n3,HC,tai50_20_01.F.15_01,18,2804.0,3198.0,3001.0
n3_HC,n3,HC,tai50_20_01.F.15_01,19,2901.0,3321.0,3111.0
n3_HC,n3,HC,tai50_20_01.F.15_01,20,2765.0,3165.0,2965.0
n3_HC,n3,HC,tai50_20_01.F.15_01,21,2793.0,3196.0,2994.5
n3_HC,n3,HC,tai50_20_01.F.15_01,22,2806.0,3180.0,2993.0
n3_HC,n3,HC,tai50_20_01.F.15_01,23,2808.0,3235.0,3021.5
n3_HC,n3,HC,tai50_20_01.F.15_01,24,2826.0,3215.0,3020.5
n3_HC,n3,HC,tai50_20_01.F.15_01,25,2849.0,3254.0,3051.5
n3_HC,n3,HC,tai50_20_01.F.15_01,26,2793.0,3201.0,2997.0
n3_HC,n3,HC,tai50_20_01.F.15_01,27,2810.0,3222.0,3016.0
n3_HC,n3,HC,tai50_20_01.F.15_01,28,2814.0,3224.0,3019.0
n3_HC,n3,HC,tai50_20_01.F.15_01,29,2841.0,3262.0,3051.5
n3_HC,n3,HC,tai50_20_01.F.15_01,30,2846.0,3259.0,3052.5
n3_HC,n3,HC,tai50_20_02.F.15_01,1,2939.0,3315.0,3127.0
n3_HC,n3,HC,tai50_20_02.F.15_01,2,2936.0,3315.0,3125.5
n3_HC,n3,HC,tai50_20_02.F.15_01,3,2924.0,3304.0,3114.0
n3_HC,n3,HC,tai50_20_02.F.15_01,4,2942.0,3320.0,3131.0
n3_HC,n3,HC,tai50_20_02.F.15_01,5,2946.0,3326.0,3136.0
n3_HC,n3,HC,tai50_20_02.F.15_01,6,2930.0,3306.0,3118.0
n3_HC,n3,HC,tai50_20_02.F.15_01,7,2930.0,3323.0,3126.5
n3_HC,n3,HC,tai50_20_02.F.15_01,8,2952.0,3316.0,3134.0
n3_HC,n3,HC,tai50_20_02.F.15_01,9,2994.0,3358.0,3176.0
n3_HC,n3,HC,tai50_20_02.F.15_01,10,2995.0,3372.0,3183.5
n3_HC,n3,HC,tai50_20_02.F.15_01,11,2862.0,3259.0,3060.5
n3_HC,n3,HC,tai50_20_02.F.15_01,12,2929.0,3317.0,3123.0
n3_HC,n3,HC,tai50_20_02.F.15_01,13,2913.0,3272.0,3092.5
n3_HC,n3,HC,tai50_20_02.F.15_01,14,2904.0,3297.0,3100.5
n3_HC,n3,HC,tai50_20_02.F.15_01,15,2977.0,3365.0,3171.0
n3_HC,n3,HC,tai50_20_02.F.15_01,16,2893.0,3271.0,3082.0
n3_HC,n3,HC,tai50_20_02.F.15_01,17,2920.0,3268.0,3094.0
n3_HC,n3,HC,tai50_20_02.F.15_01,18,2917.0,3281.0,3099.0
n3_HC,n3,HC,tai50_20_02.F.15_01,19,2961.0,3335.0,3148.0
n3_HC,n3,HC,tai50_20_02.F.15_01,20,2989.0,3381.0,3185.0
n3_HC,n3,HC,tai50_20_02.F.15_01,21,2929.0,3317.0,3123.0
n3_HC,n3,HC,tai50_20_02.F.15_01,22,2950.0,3310.0,3130.0
n3_HC,n3,HC,tai50_20_02.F.15_01,23,2915.0,3312.0,3113.5
n3_HC,n3,HC,tai50_20_02.F.15_01,24,2945.0,3338.0,3141.5
n3_HC,n3,HC,tai50_20_02.F.15_01,25,2964.0,3344.0,3154.0
n3_HC,n3,HC,tai50_20_02.F.15_01,26,2918.0,3300.0,3109.0
n3_HC,n3,HC,tai50_20_02.F.15_01,27,2949.0,3317.0,3133.0
n3_HC,n3,HC,tai50_20_02.F.15_01,28,2913.0,3303.0,3108.0
n3_HC,n3,HC,tai50_20_02.F.15_01,29,2937.0,3309.0,3123.0
n3_HC,n3,HC,tai50_20_02.F.15_01,30,3001.0,3347.0,3174.0
n3_HC,n3,HC,tai50_20_03.F.15_01,1,2656.0,3084.0,2870.0
n3_HC,n3,HC,tai50_20_03.F.15_01,2,2722.0,3164.0,2943.0
n3_HC,n3,HC,tai50_20_03.F.15_01,3,2656.0,3114.0,2885.0
n3_HC,n3,HC,tai50_20_03.F.15_01,4,2700.0,3151.0,2925.5
n3_HC,n3,HC,tai50_20_03.F.15_01,5,2679.0,3105.0,2892.0
n3_HC,n3,HC,tai50_20_03.F.15_01,6,2674.0,3116.0,2895.0
n3_HC,n3,HC,tai50_20_03.F.15_01,7,2683.0,3139.0,2911.0
n3_HC,n3,HC,tai50_20_03.F.15_01,8,2646.0,3072.0,2859.0
n3_HC,n3,HC,tai50_20_03.F.15_01,9,2707.0,3156.0,2931.5
n3_HC,n3,HC,tai50_20_03.F.15_01,10,2681.0,3147.0,2914.0
n3_HC,n3,HC,tai50_20_03.F.15_01,11,2642.0,3094.0,2868.0
n3_HC,n3,HC,tai50_20_03.F.15_01,12,2708.0,3128.0,2918.0
n3_HC,n3,HC,tai50_20_03.F.15_01,13,2683.0,3121.0,2902.0
n3_HC,n3,HC,tai50_20_03.F.15_01,14,2725.0,3165.0,2945.0
n3_HC,n3,HC,tai50_20_03.F.15_01,15,2680.0,3120.0,2900.0
n3_HC,n3,HC,tai50_20_03.F.15_01,16,2668.0,3115.0,2891.5
n3_HC,n3,HC,tai50_20_03.F.15_01,17,2684.0,3117.0,2900.5
n3_HC,n3,HC,tai50_20_03.F.15_01,18,2675.0,3115.0,2895.0
n3_HC,n3,HC,tai50_20_03.F.15_01,19,2655.0,3083.0,2869.0
n3_HC,n3,HC,tai50_20_03.F.15_01,20,2710.0,3180.0,2945.0
n3_HC,n3,HC,tai50_20_03.F.15_01,21,2725.0,3149.0,2937.0
n3_HC,n3,HC,tai50_20_03.F.15_01,22,2681.0,3111.0,2896.0
n3_HC,n3,HC,tai50_20_03.F.15_01,23,2662.0,3120.0,2891.0
n3_HC,n3,HC,tai50_20_03.F.15_01,24,2688.0,3127.0,2907.5
n3_HC,n3,HC,tai50_20_03.F.15_01,25,2658.0,3100.0,2879.0
n3_HC,n3,HC,tai50_20_03.F.15_01,26,2692.0,3111.0,2901.5
n3_HC,n3,HC,tai50_20_03.F.15_01,27,2643.0,3076.0,2859.5
n3_HC,n3,HC,tai50_20_03.F.15_01,28,2665.0,3102.0,2883.5
n3_HC,n3,HC,tai50_20_03.F.15_01,29,2676.0,3138.0,2907.0
n3_HC,n3,HC,tai50_20_03.F.15_01,30,2667.0,3125.0,2896.0
n3_HC,n3,HC,tai50_20_04.F.15_01,1,2672.0,3046.0,2859.0
n3_HC,n3,HC,tai50_20_04.F.15_01,2,2667.0,3025.0,2846.0
n3_HC,n3,HC,tai50_20_04.F.15_01,3,2659.0,3056.0,2857.5
n3_HC,n3,HC,tai50_20_04.F.15_01,4,2650.0,3020.0,2835.0
n3_HC,n3,HC,tai50_20_04.F.15_01,5,2589.0,3007.0,2798.0
n3_HC,n3,HC,tai50_20_04.F.15_01,6,2662.0,3064.0,2863.0
n3_HC,n3,HC,tai50_20_04.F.15_01,7,2652.0,3039.0,2845.5
n3_HC,n3,HC,tai50_20_04.F.15_01,8,2628.0,3011.0,2819.5
n3_HC,n3,HC,tai50_20_04.F.15_01,9,2664.0,3029.0,2846.5
n3_HC,n3,HC,tai50_20_04.F.15_01,10,2585.0,2985.0,2785.0
n3_HC,n3,HC,tai50_20_04.F.15_01,11,2626.0,3016.0,2821.0
n3_HC,n3,HC,tai50_20_04.F.15_01,12,2636.0,3001.0,2818.5
n3_HC,n3,HC,tai50_20_04.F.15_01,13,2633.0,3007.0,2820.0
n3_HC,n3,HC,tai50_20_04.F.15_01,14,2711.0,3067.0,2889.0
n3_HC,n3,HC,tai50_20_04.F.15_01,15,2682.0,3079.0,2880.5
n3_HC,n3,HC,tai50_20_04.F.15_01,16,2561.0,2963.0,2762.0
n3_HC,n3,HC,tai50_20_04.F.15_01,17,2655.0,3054.0,2854.5
n3_HC,n3,HC,tai50_20_04.F.15_01,18,2657.0,3040.0,2848.5
n3_HC,n3,HC,tai50_20_04.F.15_01,19,2772.0,3143.0,2957.5
n3_HC,n3,HC,tai50_20_04.F.15_01,20,2683.0,3039.0,2861.0
n3_HC,n3,HC,tai50_20_04.F.15_01,21,2620.0,2991.0,2805.5
n3_HC,n3,HC,tai50_20_04.F.15_01,22,2617.0,3019.0,2818.0
n3_HC,n3,HC,tai50_20_04.F.15_01,23,2667.0,3097.0,2882.0
n3_HC,n3,HC,tai50_20_04.F.15_01,24,2661.0,3021.0,2841.0
n3_HC,n3,HC,tai50_20_04.F.15_01,25,2663.0,3073.0,2868.0
n3_HC,n3,HC,tai50_20_04.F.15_01,26,2602.0,2994.0,2798.0
n3_HC,n3,HC,tai50_20_04.F.15_01,27,2649.0,3040.0,2844.5
n3_HC,n3,HC,tai50_20_04.F.15_01,28,2622.0,2995.0,2808.5
n3_HC,n3,HC,tai50_20_04.F.15_01,29,2638.0,3040.0,2839.0
n3_HC,n3,HC,tai50_20_04.F.15_01,30,2627.0,2990.0,2808.5
n3_HC,n3,HC,tai50_20_05.F.15_01,1,2703.0,3106.0,2904.5
n3_HC,n3,HC,tai50_20_05.F.15_01,2,2685.0,3051.0,2868.0
n3_HC,n3,HC,tai50_20_05.F.15_01,3,2688.0,3092.0,2890.0
n3_HC,n3,HC,tai50_20_05.F.15_01,4,2678.0,3060.0,2869.0
n3_HC,n3,HC,tai50_20_05.F.15_01,5,2672.0,3083.0,2877.5
n3_HC,n3,HC,tai50_20_05.F.15_01,6,2705.0,3106.0,2905.5
n3_HC,n3,HC,tai50_20_05.F.15_01,7,2757.0,3126.0,2941.5
n3_HC,n3,HC,tai50_20_05.F.15_01,8,2721.0,3105.0,2913.0
n3_HC,n3,HC,tai50_20_05.F.15_01,9,2695.0,3079.0,2887.0
n3_HC,n3,HC,tai50_20_05.F.15_01,10,2712.0,3111.0,2911.5
n3_HC,n3,HC,tai50_20_05.F.15_01,11,2711.0,3105.0,2908.0
n3_HC,n3,HC,tai50_20_05.F.15_01,12,2697.0,3095.0,2896.0
n3_HC,n3,HC,tai50_20_05.F.15_01,13,2697.0,3074.0,2885.5
n3_HC,n3,HC,tai50_20_05.F.15_01,14,2743.0,3112.0,2927.5
n3_HC,n3,HC,tai50_20_05.F.15_01,15,2734.0,3114.0,2924.0
n3_HC,n3,HC,tai50_20_05.F.15_01,16,2750.0,3137.0,2943.5
n3_HC,n3,HC,tai50_20_05.F.15_01,17,2692.0,3110.0,2901.0
n3_HC,n3,HC,tai50_20_05.F.15_01,18,2680.0,3068.0,2874.0
n3_HC,n3,HC,tai50_20_05.F.15_01,19,2679.0,3049.0,2864.0
n3_HC,n3,HC,tai50_20_05.F.15_01,20,2706.0,3095.0,2900.5
n3_HC,n3,HC,tai50_20_05.F.15_01,21,2692.0,3075.0,2883.5
n3_HC,n3,HC,tai50_20_05.F.15_01,22,2729.0,3117.0,2923.0
n3_HC,n3,HC,tai50_20_05.F.15_01,23,2703.0,3100.0,2901.5
n3_HC,n3,HC,tai50_20_05.F.15_01,24,2731.0,3113.0,2922.0
n3_HC,n3,HC,tai50_20_05.F.15_01,25,2727.0,3108.0,2917.5
n3_HC,n3,HC,tai50_20_05.F.15_01,26,2734.0,3113.0,2923.5
n3_HC,n3,HC,tai50_20_05.F.15_01,27,2674.0,3077.0,2875.5
n3_HC,n3,HC,tai50_20_05.F.15_01,28,2726.0,3131.0,2928.5
n3_HC,n3,HC,tai50_20_05.F.15_01,29,2708.0,3016.0,2862.0
n3_HC,n3,HC,tai50_20_05.F.15_01,30,2698.0,3075.0,2886.5
n3_HC,n3,HC,tai50_20_06.F.15_01,1,2806.0,3230.0,3018.0
n3_HC,n3,HC,tai50_20_06.F.15_01,2,2789.0,3217.0,3003.0
n3_HC,n3,HC,tai50_20_06.F.15_01,3,2867.0,3260.0,3063.5
n3_HC,n3,HC,tai50_20_06.F.15_01,4,2832.0,3210.0,3021.0
n3_HC,n3,HC,tai50_20_06.F.15_01,5,2771.0,3208.0,2989.5
n3_HC,n3,HC,tai50_20_06.F.15_01,6,2770.0,3201.0,2985.5
n3_HC,n3,HC,tai50_20_06.F.15_01,7,2818.0,3229.0,3023.5
n3_HC,n3,HC,tai50_20_06.F.15_01,8,2845.0,3234.0,3039.5
n3_HC,n3,HC,tai50_20_06.F.15_01,9,2789.0,3209.0,2999.0
n3_HC,n3,HC,tai50_20_06.F.15_01,10,2772.0,3196.0,2984.0
n3_HC,n3,HC,tai50_20_06.F.15_01,11,2794.0,3234.0,3014.0
n3_HC,n3,HC,tai50_20_06.F.15_01,12,2782.0,3176.0,2979.0
n3_HC,n3,HC,tai50_20_06.F.15_01,13,2762.0,3186.0,2974.0
n3_HC,n3,HC,tai50_20_06.F.15_01,14,2834.0,3241.0,3037.5
n3_HC,n3,HC,tai50_20_06.F.15_01,15,2786.0,3205.0,2995.5
n3_HC,n3,HC,tai50_20_06.F.15_01,16,2796.0,3216.0,3006.0
n3_HC,n3,HC,tai50_20_06.F.15_01,17,2803.0,3217.0,3010.0
n3_HC,n3,HC,tai50_20_06.F.15_01,18,2789.0,3187.0,2988.0
n3_HC,n3,HC,tai50_20_06.F.15_01,19,2790.0,3215.0,3002.5
n3_HC,n3,HC,tai50_20_06.F.15_01,20,2777.0,3207.0,2992.0
n3_HC,n3,HC,tai50_20_06.F.15_01,21,2790.0,3218.0,3004.0
n3_HC,n3,HC,tai50_20_06.F.15_01,22,2791.0,3208.0,2999.5
n3_HC,n3,HC,tai50_20_06.F.15_01,23,2793.0,3197.0,2995.0
n3_HC,n3,HC,tai50_20_06.F.15_01,24,2855.0,3276.0,3065.5
n3_HC,n3,HC,tai50_20_06.F.15_01,25,2828.0,3259.0,3043.5
n3_HC,n3,HC,tai50_20_06.F.15_01,26,2793.0,3231.0,3012.0
n3_HC,n3,HC,tai50_20_06.F.15_01,27,2770.0,3195.0,2982.5
n3_HC,n3,HC,tai50_20_06.F.15_01,28,2777.0,3176.0,2976.5
n3_HC,n3,HC,tai50_20_06.F.15_01,29,2789.0,3223.0,3006.0
n3_HC,n3,HC,tai50_20_06.F.15_01,30,2780.0,3203.0,2991.5
n3_HC,n3,HC,tai50_20_07.F.15_01,1,2769.0,3211.0,2990.0
n3_HC,n3,HC,tai50_20_07.F.15_01,2,2774.0,3205.0,2989.5
n3_HC,n3,HC,tai50_20_07.F.15_01,3,2773.0,3204.0,2988.5
n3_HC,n3,HC,tai50_20_07.F.15_01,4,2757.0,3214.0,2985.5
n3_HC,n3,HC,tai50_20_07.F.15_01,5,2754.0,3190.0,2972.0
n3_HC,n3,HC,tai50_20_07.F.15_01,6,2718.0,3160.0,2939.0
n3_HC,n3,HC,tai50_20_07.F.15_01,7,2883.0,3286.0,3084.5
n3_HC,n3,HC,tai50_20_07.F.15_01,8,2764.0,3212.0,2988.0
n3_HC,n3,HC,tai50_20_07.F.15_01,9,2763.0,3189.0,2976.0
n3_HC,n3,HC,tai50_20_07.F.15_01,10,2743.0,3186.0,2964.5
n3_HC,n3,HC,tai50_20_07.F.15_01,11,2801.0,3249.0,3025.0
n3_HC,n3,HC,tai50_20_07.F.15_01,12,2794.0,3199.0,2996.5
n3_HC,n3,HC,tai50_20_07.F.15_01,13,2753.0,3176.0,2964.5
n3_HC,n3,HC,tai50_20_07.F.15_01,14,2781.0,3212.0,2996.5
n3_HC,n3,HC,tai50_20_07.F.15_01,15,2764.0,3186.0,2975.0
n3_HC,n3,HC,tai50_20_07.F.15_01,16,2753.0,3200.0,2976.5
n3_HC,n3,HC,tai50_20_07.F.15_01,17,2755.0,3181.0,2968.0
n3_HC,n3,HC,tai50_20_07.F.15_01,18,2767.0,3218.0,2992.5
n3_HC,n3,HC,tai50_20_07.F.15_01,19,2796.0,3239.0,3017.5
n3_HC,n3,HC,tai50_20_07.F.15_01,20,2746.0,3196.0,2971.0
n3_HC,n3,HC,tai50_20_07.F.15_01,21,2769.0,3241.0,3005.0
n3_HC,n3,HC,tai50_20_07.F.15_01,22,2768.0,3212.0,2990.0
n3_HC,n3,HC,tai50_20_07.F.15_01,23,2779.0,3225.0,3002.0
n3_HC,n3,HC,tai50_20_07.F.15_01,24,2762.0,3213.0,2987.5
n3_HC,n3,HC,tai50_20_07.F.15_01,25,2784.0,3159.0,2971.5
n3_HC,n3,HC,tai50_20_07.F.15_01,26,2718.0,3164.0,2941.0
n3_HC,n3,HC,tai50_20_07.F.15_01,27,2740.0,3158.0,2949.0
n3_HC,n3,HC,tai50_20_07.F.15_01,28,2736.0,3172.0,2954.0
n3_HC,n3,HC,tai50_20_07.F.15_01,29,2831.0,3245.0,3038.0
n3_HC,n3,HC,tai50_20_07.F.15_01,30,2750.0,3182.0,2966.0
n3_HC,n3,HC,tai50_20_08.F.15_01,1,2699.0,3086.0,2892.5
n3_HC,n3,HC,tai50_20_08.F.15_01,2,2691.0,3079.0,2885.0
n3_HC,n3,HC,tai50_20_08.F.15_01,3,2747.0,3133.0,2940.0
n3_HC,n3,HC,tai50_20_08.F.15_01,4,2664.0,3057.0,2860.5
n3_HC,n3,HC,tai50_20_08.F.15_01,5,2722.0,3111.0,2916.5
n3_HC,n3,HC,tai50_20_08.F.15_01,6,2695.0,3101.0,2898.0
n3_HC,n3,HC,tai50_20_08.F.15_01,7,2703.0,3087.0,2895.0
n3_HC,n3,HC,tai50_20_08.F.15_01,8,2690.0,3079.0,2884.5
n3_HC,n3,HC,tai50_20_08.F.15_01,9,2698.0,3144.0,2921.0
n3_HC,n3,HC,tai50_20_08.F.15_01,10,2708.0,3112.0,2910.0
n3_HC,n3,HC,tai50_20_08.F.15_01,11,2698.0,3119.0,2908.5
n3_HC,n3,HC,tai50_20_08.F.15_01,12,2768.0,3187.0,2977.5
n3_HC,n3,HC,tai50_20_08.F.15_01,13,2709.0,3073.0,2891.0
n3_HC,n3,HC,tai50_20_08.F.15_01,14,2716.0,3079.0,2897.5
n3_HC,n3,HC,tai50_20_08.F.15_01,15,2650.0,3036.0,2843.0
n3_HC,n3,HC,tai50_20_08.F.15_01,16,2719.0,3121.0,2920.0
n3_HC,n3,HC,tai50_20_08.F.15_01,17,2690.0,3071.0,2880.5
n3_HC,n3,HC,tai50_20_08.F.15_01,18,2669.0,3039.0,2854.0
n3_HC,n3,HC,tai50_20_08.F.15_01,19,2725.0,3112.0,2918.5
n3_HC,n3,HC,tai50_20_08.F.15_01,20,2733.0,3113.0,2923.0
n3_HC,n3,HC,tai50_20_08.F.15_01,21,2682.0,3110.0,2896.0
n3_HC,n3,HC,tai50_20_08.F.15_01,22,2758.0,3140.0,2949.0
n3_HC,n3,HC,tai50_20_08.F.15_01,23,2712.0,3083.0,2897.5
n3_HC,n3,HC,tai50_20_08.F.15_01,24,2668.0,3076.0,2872.0
n3_HC,n3,HC,tai50_20_08.F.15_01,25,2740.0,3138.0,2939.0
n3_HC,n3,HC,tai50_20_08.F.15_01,26,2711.0,3122.0,2916.5
n3_HC,n3,HC,tai50_20_08.F.15_01,27,2738.0,3097.0,2917.5
n3_HC,n3,HC,tai50_20_08.F.15_01,28,2740.0,3122.0,2931.0
n3_HC,n3,HC,tai50_20_08.F.15_01,29,2687.0,3080.0,2883.5
n3_HC,n3,HC,tai50_20_08.F.15_01,30,2699.0,3066.0,2882.5
n3_HC,n3,HC,tai50_20_09.F.15_01,1,2942.0,3416.0,3179.0
n3_HC,n3,HC,tai50_20_09.F.15_01,2,2878.0,3332.0,3105.0
n3_HC,n3,HC,tai50_20_09.F.15_01,3,2996.0,3465.0,3230.5
n3_HC,n3,HC,tai50_20_09.F.15_01,4,2931.0,3396.0,3163.5
n3_HC,n3,HC,tai50_20_09.F.15_01,5,2951.0,3418.0,3184.5
n3_HC,n3,HC,tai50_20_09.F.15_01,6,2966.0,3427.0,3196.5
n3_HC,n3,HC,tai50_20_09.F.15_01,7,2969.0,3446.0,3207.5
n3_HC,n3,HC,tai50_20_09.F.15_01,8,2982.0,3458.0,3220.0
n3_HC,n3,HC,tai50_20_09.F.15_01,9,2927.0,3391.0,3159.0
n3_HC,n3,HC,tai50_20_09.F.15_01,10,2956.0,3420.0,3188.0
n3_HC,n3,HC,tai50_20_09.F.15_01,11,2915.0,3376.0,3145.5
n3_HC,n3,HC,tai50_20_09.F.15_01,12,2874.0,3342.0,3108.0
n3_HC,n3,HC,tai50_20_09.F.15_01,13,2926.0,3400.0,3163.0
n3_HC,n3,HC,tai50_20_09.F.15_01,14,2901.0,3385.0,3143.0
n3_HC,n3,HC,tai50_20_09.F.15_01,15,2941.0,3391.0,3166.0
n3_HC,n3,HC,tai50_20_09.F.15_01,16,2983.0,3441.0,3212.0
n3_HC,n3,HC,tai50_20_09.F.15_01,17,2966.0,3435.0,3200.5
n3_HC,n3,HC,tai50_20_09.F.15_01,18,2922.0,3371.0,3146.5
n3_HC,n3,HC,tai50_20_09.F.15_01,19,2950.0,3403.0,3176.5
n3_HC,n3,HC,tai50_20_09.F.15_01,20,2964.0,3422.0,3193.0
n3_HC,n3,HC,tai50_20_09.F.15_01,21,2887.0,3352.0,3119.5
n3_HC,n3,HC,tai50_20_09.F.15_01,22,2921.0,3356.0,3138.5
n3_HC,n3,HC,tai50_20_09.F.15_01,23,2942.0,3397.0,3169.5
n3_HC,n3,HC,tai50_20_09.F.15_01,24,2923.0,3381.0,3152.0
n3_HC,n3,HC,tai50_20_09.F.15_01,25,2902.0,3356.0,3129.0
n3_HC,n3,HC,tai50_20_09.F.15_01,26,2909.0,3351.0,3130.0
n3_HC,n3,HC,tai50_20_09.F.15_01,27,2909.0,3370.0,3139.5
n3_HC,n3,HC,tai50_20_09.F.15_01,28,2928.0,3404.0,3166.0
n3_HC,n3,HC,tai50_20_09.F.15_01,29,2949.0,3401.0,3175.0
n3_HC,n3,HC,tai50_20_09.F.15_01,30,2918.0,3400.0,3159.0
n3_HC,n3,HC,tai50_20_10.F.15_01,1,2967.0,3425.0,3196.0
n3_HC,n3,HC,tai50_20_10.F.15_01,2,2973.0,3395.0,3184.0
n3_HC,n3,HC,tai50_20_10.F.15_01,3,3024.0,3430.0,3227.0
n3_HC,n3,HC,tai50_20_10.F.15_01,4,2979.0,3418.0,3198.5
n3_HC,n3,HC,tai50_20_10.F.15_01,5,2982.0,3434.0,3208.0
n3_HC,n3,HC,tai50_20_10.F.15_01,6,2980.0,3386.0,3183.0
n3_HC,n3,HC,tai50_20_10.F.15_01,7,3011.0,3413.0,3212.0
n3_HC,n3,HC,tai50_20_10.F.15_01,8,2984.0,3419.0,3201.5
n3_HC,n3,HC,tai50_20_10.F.15_01,9,2983.0,3390.0,3186.5
n3_HC,n3,HC,tai50_20_10.F.15_01,10,2957.0,3413.0,3185.0
n3_HC,n3,HC,tai50_20_10.F.15_01,11,2975.0,3432.0,3203.5
n3_HC,n3,HC,tai50_20_10.F.15_01,12,3028.0,3449.0,3238.5
n3_HC,n3,HC,tai50_20_10.F.15_01,13,2985.0,3409.0,3197.0
n3_HC,n3,HC,tai50_20_10.F.15_01,14,2971.0,3423.0,3197.0
n3_HC,n3,HC,tai50_20_10.F.15_01,15,2989.0,3424.0,3206.5
n3_HC,n3,HC,tai50_20_10.F.15_01,16,3016.0,3441.0,3228.5
n3_HC,n3,HC,tai50_20_10.F.15_01,17,2967.0,3408.0,3187.5
n3_HC,n3,HC,tai50_20_10.F.15_01,18,3032.0,3414.0,3223.0
n3_HC,n3,HC,tai50_20_10.F.15_01,19,2951.0,3375.0,3163.0
n3_HC,n3,HC,tai50_20_10.F.15_01,20,2969.0,3421.0,3195.0
n3_HC,n3,HC,tai50_20_10.F.15_01,21,2937.0,3396.0,3166.5
n3_HC,n3,HC,tai50_20_10.F.15_01,22,3041.0,3447.0,3244.0
n3_HC,n3,HC,tai50_20_10.F.15_01,23,3015.0,3423.0,3219.0
n3_HC,n3,HC,tai50_20_10.F.15_01,24,3064.0,3489.0,3276.5
n3_HC,n3,HC,tai50_20_10.F.15_01,25,3006.0,3437.0,3221.5
n3_HC,n3,HC,tai50_20_10.F.15_01,26,2990.0,3424.0,3207.0
n3_HC,n3,HC,tai50_20_10.F.15_01,27,2984.0,3414.0,3199.0
n3_HC,n3,HC,tai50_20_10.F.15_01,28,2965.0,3405.0,3185.0
n3_HC,n3,HC,tai50_20_10.F.15_01,29,2980.0,3395.0,3187.5
n3_HC,n3,HC,tai50_20_10.F.15_01,30,3031.0,3423.0,3227.0
next_HC,next,HC,F0.15.0.abz7_06,1,640.0,717.0,678.5
next_HC,next,HC,F0.15.0.abz7_06,2,639.0,718.0,678.5
next_HC,next,HC,F0.15.0.abz7_06,3,631.0,712.0,671.5
next_HC,next,HC,F0.15.0.abz7_06,4,648.0,725.0,686.5
next_HC,next,HC,F0.15.0.abz7_06,5,641.0,733.0,687.0
next_HC,next,HC,F0.15.0.abz7_06,6,639.0,727.0,683.0
next_HC,next,HC,F0.15.0.abz7_06,7,640.0,717.0,678.5
next_HC,next,HC,F0.15.0.abz7_06,8,644.0,730.0,687.0
next_HC,next,HC,F0.15.0.abz7_06,9,652.0,738.0,695.0
next_HC,next,HC,F0.15.0.abz7_06,10,636.0,721.0,678.5
next_HC,next,HC,F0.15.0.abz7_06,11,641.0,717.0,679.0
next_HC,next,HC,F0.15.0.abz7_06,12,640.0,725.0,682.5
next_HC,next,HC,F0.15.0.abz7_06,13,643.0,722.0,682.5
next_HC,next,HC,F0.15.0.abz7_06,14,649.0,728.0,688.5
next_HC,next,HC,F0.15.0.abz7_06,15,633.0,715.0,674.0
next_HC,next,HC,F0.15.0.abz7_06,16,651.0,723.0,687.0
next_HC,next,HC,F0.15.0.abz7_06,17,636.0,730.0,683.0
next_HC,next,HC,F0.15.0.abz7_06,18,647.0,731.0,689.0
next_HC,next,HC,F0.15.0.abz7_06,19,639.0,726.0,682.5
next_HC,next,HC,F0.15.0.abz7_06,20,641.0,734.0,687.5
next_HC,next,HC,F0.15.0.abz7_06,21,636.0,721.0,678.5
next_HC,next,HC,F0.15.0.abz7_06,22,649.0,725.0,687.0
next_HC,next,HC,F0.15.0.abz7_06,23,635.0,731.0,683.0
next_HC,next,HC,F0.15.0.abz7_06,24,643.0,720.0,681.5
next_HC,next,HC,F0.15.0.abz7_06,25,643.0,725.0,684.0
next_HC,next,HC,F0.15.0.abz7_06,26,646.0,728.0,687.0
next_HC,next,HC,F0.15.0.abz7_06,27,656.0,732.0,694.0
next_HC,next,HC,F0.15.0.abz7_06,28,648.0,733.0,690.5
next_HC,next,HC,F0.15.0.abz7_06,29,644.0,730.0,687.0
next_HC,next,HC,F0.15.0.abz7_06,30,636.0,721.0,678.5
next_HC,next,HC,F0.15.0.abz8_05,1,667.0,729.0,698.0
next_HC,next,HC,F0.15.0.abz8_05,2,663.0,735.0,699.0
next_HC,next,HC,F0.15.0.abz8_05,3,677.0,738.0,707.5
next_HC,next,HC,F0.15.0.abz8_05,4,664.0,728.0,696.0
next_HC,next,HC,F0.15.0.abz8_05,5,658.0,733.0,695.5
next_HC,next,HC,F0.15.0.abz8_05,6,668.0,730.0,699.0
next_HC,next,HC,F0.15.0.abz8_05,7,677.0,748.0,712.5
next_HC,next,HC,F0.15.0.abz8_05,8,657.0,727.0,692.0
next_HC,next,HC,F0.15.0.abz8_05,9,656.0,731.0,693.5
next_HC,next,HC,F0.15.0.abz8_05,10,656.0,728.0,692.0
next_HC,next,HC,F0.15.0.abz8_05,11,668.0,730.0,699.0
next_HC,next,HC,F0.15.0.abz8_05,12,679.0,736.0,707.5
next_HC,next,HC,F0.15.0.abz8_05,13,656.0,728.0,692.0
next_HC,next,HC,F0.15.0.abz8_05,14,663.0,733.0,698.0
next_HC,next,HC,F0.15.0.abz8_05,15,656.0,723.0,689.5
next_HC,next,HC,F0.15.0.abz8_05,16,651.0,727.0,689.0
next_HC,next,HC,F0.15.0.abz8_05,17,650.0,725.0,687.5
next_HC,next,HC,F0.15.0.abz8_05,18,662.0,731.0,696.5
next_HC,next,HC,F0.15.0.abz8_05,19,665.0,729.0,697.0
next_HC,next,HC,F0.15.0.abz8_05,20,667.0,736.0,701.5
next_HC,next,HC,F0.15.0.abz8_05,21,655.0,725.0,690.0
next_HC,next,HC,F0.15.0.abz8_05,22,664.0,736.0,700.0
next_HC,next,HC,F0.15.0.abz8_05,23,659.0,726.0,692.5
next_HC,next,HC,F0.15.0.abz8_05,24,660.0,732.0,696.0
next_HC,next,HC,F0.15.0.abz8_05,25,664.0,735.0,699.5
next_HC,next,HC,F0.15.0.abz8_05,26,662.0,734.0,698.0
next_HC,next,HC,F0.15.0.abz8_05,27,654.0,727.0,690.5
next_HC,next,HC,F0.15.0.abz8_05,28,671.0,747.0,709.0
next_HC,next,HC,F0.15.0.abz8_05,29,664.0,738.0,701.0
next_HC,next,HC,F0.15.0.abz8_05,30,651.0,723.0,687.0
next_HC,next,HC,F0.15.0.abz9_10,1,697.0,752.0,724.5
next_HC,next,HC,F0.15.0.abz9_10,2,688.0,760.0,724.0
next_HC,next,HC,F0.15.0.abz9_10,3,682.0,741.0,711.5
next_HC,next,HC,F0.15.0.abz9_10,4,681.0,749.0,715.0
next_HC,next,HC,F0.15.0.abz9_10,5,678.0,759.0,718.5
next_HC,next,HC,F0.15.0.abz9_10,6,695.0,755.0,725.0
next_HC,next,HC,F0.15.0.abz9_10,7,674.0,744.0,709.0
next_HC,next,HC,F0.15.0.abz9_10,8,682.0,750.0,716.0
next_HC,next,HC,F0.15.0.abz9_10,9,694.0,749.0,721.5
next_HC,next,HC,F0.15.0.abz9_10,10,694.0,770.0,732.0
next_HC,next,HC,F0.15.0.abz9_10,11,688.0,751.0,719.5
next_HC,next,HC,F0.15.0.abz9_10,12,679.0,755.0,717.0
next_HC,next,HC,F0.15.0.abz9_10,13,692.0,743.0,717.5
next_HC,next,HC,F0.15.0.abz9_10,14,699.0,756.0,727.5
next_HC,next,HC,F0.15.0.abz9_10,15,671.0,752.0,711.5
next_HC,next,HC,F0.15.0.abz9_10,16,684.0,759.0,721.5
next_HC,next,HC,F0.15.0.abz9_10,17,683.0,750.0,716.5
next_HC,next,HC,F0.15.0.abz9_10,18,686.0,766.0,726.0
next_HC,next,HC,F0.15.0.abz9_10,19,688.0,761.0,724.5
next_HC,next,HC,F0.15.0.abz9_10,20,688.0,755.0,721.5
next_HC,next,HC,F0.15.0.abz9_10,21,687.0,755.0,721.0
next_HC,next,HC,F0.15.0.abz9_10,22,689.0,758.0,723.5
next_HC,next,HC,F0.15.0.abz9_10,23,688.0,743.0,715.5
next_HC,next,HC,F0.15.0.abz9_10,24,676.0,744.0,710.0
next_HC,next,HC,F0.15.0.abz9_10,25,671.0,736.0,703.5
next_HC,next,HC,F0.15.0.abz9_10,26,698.0,761.0,729.5
next_HC,next,HC,F0.15.0.abz9_10,27,685.0,756.0,720.5
next_HC,next,HC,F0.15.0.abz9_10,28,686.0,753.0,719.5
next_HC,next,HC,F0.15.0.abz9_10,29,690.0,754.0,722.0
next_HC,next,HC,F0.15.0.abz9_10,30,679.0,747.0,713.0
next_HC,next,HC,F0.15.0.ft10_10,1,905.0,993.0,949.0
next_HC,next,HC,F0.15.0.ft10_10,2,890.0,990.0,940.0
next_HC,next,HC,F0.15.0.ft10_10,3,905.0,993.0,949.0
next_HC,next,HC,F0.15.0.ft10_10,4,905.0,1007.0,956.0
next_HC,next,HC,F0.15.0.ft10_10,5,890.0,990.0,940.0
next_HC,next,HC,F0.15.0.ft10_10,6,905.0,993.0,949.0
next_HC,next,HC,F0.15.0.ft10_10,7,890.0,990.0,940.0
next_HC,next,HC,F0.15.0.ft10_10,8,907.0,1003.0,955.0
next_HC,next,HC,F0.15.0.ft10_10,9,905.0,993.0,949.0
next_HC,next,HC,F0.15.0.ft10_10,10,905.0,1008.0,956.5
next_HC,next,HC,F0.15.0.ft10_10,11,915.0,1011.0,963.0
next_HC,next,HC,F0.15.0.ft10_10,12,916.0,994.0,955.0
next_HC,next,HC,F0.15.0.ft10_10,13,882.0,989.0,935.5
next_HC,next,HC,F0.15.0.ft10_10,14,897.0,1001.0,949.0
next_HC,next,HC,F0.15.0.ft10_10,15,890.0,990.0,940.0
next_HC,next,HC,F0.15.0.ft10_10,16,882.0,989.0,935.5
next_HC,next,HC,F0.15.0.ft10_10,17,905.0,993.0,949.0
next_HC,next,HC,F0.15.0.ft10_10,18,882.0,989.0,935.5
next_HC,next,HC,F0.15.0.ft10_10,19,890.0,990.0,940.0
next_HC,next,HC,F0.15.0.ft10_10,20,907.0,1003.0,955.0
next_HC,next,HC,F0.15.0.ft10_10,21,905.0,993.0,949.0
next_HC,next,HC,F0.15.0.ft10_10,22,895.0,997.0,946.0
next_HC,next,HC,F0.15.0.ft10_10,23,890.0,990.0,940.0
next_HC,next,HC,F0.15.0.ft10_10,24,889.0,1012.0,950.5
next_HC,next,HC,F0.15.0.ft10_10,25,900.0,1003.0,951.5
next_HC,next,HC,F0.15.0.ft10_10,26,897.0,1001.0,949.0
next_HC,next,HC,F0.15.0.ft10_10,27,905.0,993.0,949.0
next_HC,next,HC,F0.15.0.ft10_10,28,890.0,990.0,940.0
next_HC,next,HC,F0.15.0.ft10_10,29,878.0,1000.0,939.0
next_HC,next,HC,F0.15.0.ft10_10,30,878.0,1000.0,939.0
next_HC,next,HC,F0.15.0.ft20_05,1,1106.0,1250.0,1178.0
next_HC,next,HC,F0.15.0.ft20_05,2,1109.0,1251.0,1180.0
next_HC,next,HC,F0.15.0.ft20_05,3,1106.0,1250.0,1178.0
next_HC,next,HC,F0.15.0.ft20_05,4,1109.0,1251.0,1180.0
next_HC,next,HC,F0.15.0.ft20_05,5,1109.0,1251.0,1180.0
next_HC,next,HC,F0.15.0.ft20_05,6,1101.0,1245.0,1173.0
next_HC,next,HC,F0.15.0.ft20_05,7,1109.0,1251.0,1180.0
next_HC,next,HC,F0.15.0.ft20_05,8,1111.0,1253.0,1182.0
next_HC,next,HC,F0.15.0.ft20_05,9,1101.0,1245.0,1173.0
next_HC,next,HC,F0.15.0.ft20_05,10,1101.0,1245.0,1173.0
next_HC,next,HC,F0.15.0.ft20_05,11,1109.0,1251.0,1180.0
next_HC,next,HC,F0.15.0.ft20_05,12,1101.0,1245.0,1173.0
next_HC,next,HC,F0.15.0.ft20_05,13,1106.0,1250.0,1178.0
next_HC,next,HC,F0.15.0.ft20_05,14,1106.0,1250.0,1178.0
next_HC,next,HC,F0.15.0.ft20_05,15,1109.0,1251.0,1180.0
next_HC,next,HC,F0.15.0.ft20_05,16,1111.0,1253.0,1182.0
next_HC,next,HC,F0.15.0.ft20_05,17,1106.0,1250.0,1178.0
next_HC,next,HC,F0.15.0.ft20_05,18,1109.0,1251.0,1180.0
next_HC,next,HC,F0.15.0.ft20_05,19,1109.0,1251.0,1180.0
next_HC,next,HC,F0.15.0.ft20_05,20,1106.0,1250.0,1178.0
next_HC,next,HC,F0.15.0.ft20_05,21,1101.0,1245.0,1173.0
next_HC,next,HC,F0.15.0.ft20_05,22,1111.0,1253.0,1182.0
next_HC,next,HC,F0.15.0.ft20_05,23,1106.0,1250.0,1178.0
next_HC,next,HC,F0.15.0.ft20_05,24,1109.0,1251.0,1180.0
next_HC,next,HC,F0.15.0.ft20_05,25,1128.0,1251.0,1189.5
next_HC,next,HC,F0.15.0.ft20_05,26,1106.0,1250.0,1178.0
next_HC,next,HC,F0.15.0.ft20_05,27,1111.0,1253.0,1182.0
next_HC,next,HC,F0.15.0.ft20_05,28,1106.0,1250.0,1178.0
next_HC,next,HC,F0.15.0.ft20_05,29,1109.0,1251.0,1180.0
next_HC,next,HC,F0.15.0.ft20_05,30,1101.0,1245.0,1173.0
next_HC,next,HC,F0.15.0.la21_04,1,1011.0,1142.0,1076.5
next_HC,next,HC,F0.15.0.la21_04,2,1016.0,1134.0,1075.0
next_HC,next,HC,F0.15.0.la21_04,3,997.0,1141.0,1069.0
next_HC,next,HC,F0.15.0.la21_04,4,999.0,1144.0,1071.5
next_HC,next,HC,F0.15.0.la21_04,5,1021.0,1160.0,1090.5
next_HC,next,HC,F0.15.0.la21_04,6,1002.0,1139.0,1070.5
next_HC,next,HC,F0.15.0.la21_04,7,1011.0,1132.0,1071.5
next_HC,next,HC,F0.15.0.la21_04,8,991.0,1152.0,1071.5
next_HC,next,HC,F0.15.0.la21_04,9,996.0,1122.0,1059.0
next_HC,next,HC,F0.15.0.la21_04,10,997.0,1141.0,1069.0
next_HC,next,HC,F0.15.0.la21_04,11,1006.0,1146.0,1076.0
next_HC,next,HC,F0.15.0.la21_04,12,1006.0,1138.0,1072.0
next_HC,next,HC,F0.15.0.la21_04,13,1019.0,1140.0,1079.5
next_HC,next,HC,F0.15.0.la21_04,14,1019.0,1140.0,1079.5
next_HC,next,HC,F0.15.0.la21_04,15,996.0,1122.0,1059.0
next_HC,next,HC,F0.15.0.la21_04,16,1011.0,1141.0,1076.0
next_HC,next,HC,F0.15.0.la21_04,17,1013.0,1128.0,1070.5
next_HC,next,HC,F0.15.0.la21_04,18,996.0,1122.0,1059.0
next_HC,next,HC,F0.15.0.la21_04,19,1011.0,1132.0,1071.5
next_HC,next,HC,F0.15.0.la21_04,20,997.0,1141.0,1069.0
next_HC,next,HC,F0.15.0.la21_04,21,1013.0,1138.0,1075.5
next_HC,next,HC,F0.15.0.la21_04,22,996.0,1155.0,1075.5
next_HC,next,HC,F0.15.0.la21_04,23,1011.0,1142.0,1076.5
next_HC,next,HC,F0.15.0.la21_04,24,996.0,1122.0,1059.0
next_HC,next,HC,F0.15.0.la21_04,25,1011.0,1142.0,1076.5
next_HC,next,HC,F0.15.0.la21_04,26,998.0,1124.0,1061.0
next_HC,next,HC,F0.15.0.la21_04,27,996.0,1122.0,1059.0
next_HC,next,HC,F0.15.0.la21_04,28,997.0,1141.0,1069.0
next_HC,next,HC,F0.15.0.la21_04,29,996.0,1122.0,1059.0
next_HC,next,HC,F0.15.0.la21_04,30,1002.0,1144.0,1073.0
next_HC,next,HC,F0.15.0.la24_03,1,880.0,1020.0,950.0
next_HC,next,HC,F0.15.0.la24_03,2,892.0,1042.0,967.0
next_HC,next,HC,F0.15.0.la24_03,3,876.0,1013.0,944.5
next_HC,next,HC,F0.15.0.la24_03,4,876.0,1013.0,944.5
next_HC,next,HC,F0.15.0.la24_03,5,880.0,1013.0,946.5
next_HC,next,HC,F0.15.0.la24_03,6,892.0,1038.0,965.0
next_HC,next,HC,F0.15.0.la24_03,7,908.0,1015.0,961.5
next_HC,next,HC,F0.15.0.la24_03,8,890.0,1030.0,960.0
next_HC,next,HC,F0.15.0.la24_03,9,890.0,1029.0,959.5
next_HC,next,HC,F0.15.0.la24_03,10,899.0,1013.0,956.0
next_HC,next,HC,F0.15.0.la24_03,11,876.0,1013.0,944.5
next_HC,next,HC,F0.15.0.la24_03,12,878.0,1013.0,945.5
next_HC,next,HC,F0.15.0.la24_03,13,895.0,1018.0,956.5
next_HC,next,HC,F0.15.0.la24_03,14,878.0,1013.0,945.5
next_HC,next,HC,F0.15.0.la24_03,15,890.0,1030.0,960.0
next_HC,next,HC,F0.15.0.la24_03,16,899.0,1041.0,970.0
next_HC,next,HC,F0.15.0.la24_03,17,888.0,1028.0,958.0
next_HC,next,HC,F0.15.0.la24_03,18,908.0,1015.0,961.5
next_HC,next,HC,F0.15.0.la24_03,19,876.0,1013.0,944.5
next_HC,next,HC,F0.15.0.la24_03,20,888.0,1028.0,958.0
next_HC,next,HC,F0.15.0.la24_03,21,876.0,1013.0,944.5
next_HC,next,HC,F0.15.0.la24_03,22,892.0,1042.0,967.0
next_HC,next,HC,F0.15.0.la24_03,23,900.0,1017.0,958.5
next_HC,next,HC,F0.15.0.la24_03,24,902.0,1024.0,963.0
next_HC,next,HC,F0.15.0.la24_03,25,904.0,1015.0,959.5
next_HC,next,HC,F0.15.0.la24_03,26,910.0,1058.0,984.0
next_HC,next,HC,F0.15.0.la24_03,27,876.0,1013.0,944.5
next_HC,next,HC,F0.15.0.la24_03,28,895.0,1030.0,962.5
next_HC,next,HC,F0.15.0.la24_03,29,876.0,1013.0,944.5
next_HC,next,HC,F0.15.0.la24_03,30,897.0,1032.0,964.5
next_HC,next,HC,F0.15.0.la25_04,1,944.0,1051.0,997.5
next_HC,next,HC,F0.15.0.la25_04,2,947.0,1051.0,999.0
next_HC,next,HC,F0.15.0.la25_04,3,935.0,1057.0,996.0
next_HC,next,HC,F0.15.0.la25_04,4,947.0,1051.0,999.0
next_HC,next,HC,F0.15.0.la25_04,5,948.0,1051.0,999.5
next_HC,next,HC,F0.15.0.la25_04,6,935.0,1054.0,994.5
next_HC,next,HC,F0.15.0.la25_04,7,926.0,1057.0,991.5
next_HC,next,HC,F0.15.0.la25_04,8,917.0,1052.0,984.5
next_HC,next,HC,F0.15.0.la25_04,9,917.0,1052.0,984.5
next_HC,next,HC,F0.15.0.la25_04,10,958.0,1066.0,1012.0
next_HC,next,HC,F0.15.0.la25_04,11,923.0,1052.0,987.5
next_HC,next,HC,F0.15.0.la25_04,12,958.0,1072.0,1015.0
next_HC,next,HC,F0.15.0.la25_04,13,942.0,1050.0,996.0
next_HC,next,HC,F0.15.0.la25_04,14,925.0,1055.0,990.0
next_HC,next,HC,F0.15.0.la25_04,15,933.0,1062.0,997.5
next_HC,next,HC,F0.15.0.la25_04,16,932.0,1062.0,997.0
next_HC,next,HC,F0.15.0.la25_04,17,917.0,1064.0,990.5
next_HC,next,HC,F0.15.0.la25_04,18,958.0,1064.0,1011.0
next_HC,next,HC,F0.15.0.la25_04,19,923.0,1052.0,987.5
next_HC,next,HC,F0.15.0.la25_04,20,958.0,1066.0,1012.0
next_HC,next,HC,F0.15.0.la25_04,21,944.0,1051.0,997.5
next_HC,next,HC,F0.15.0.la25_04,22,923.0,1058.0,990.5
next_HC,next,HC,F0.15.0.la25_04,23,926.0,1057.0,991.5
next_HC,next,HC,F0.15.0.la25_04,24,942.0,1051.0,996.5
next_HC,next,HC,F0.15.0.la25_04,25,923.0,1058.0,990.5
next_HC,next,HC,F0.15.0.la25_04,26,935.0,1054.0,994.5
next_HC,next,HC,F0.15.0.la25_04,27,918.0,1064.0,991.0
next_HC,next,HC,F0.15.0.la25_04,28,948.0,1051.0,999.5
next_HC,next,HC,F0.15.0.la25_04,29,923.0,1052.0,987.5
next_HC,next,HC,F0.15.0.la25_04,30,944.0,1050.0,997.0
next_HC,next,HC,F0.15.0.la27_09,1,1197.0,1329.0,1263.0
next_HC,next,HC,F0.15.0.la27_09,2,1186.0,1352.0,1269.0
next_HC,next,HC,F0.15.0.la27_09,3,1190.0,1352.0,1271.0
next_HC,next,HC,F0.15.0.la27_09,4,1186.0,1352.0,1269.0
next_HC,next,HC,F0.15.0.la27_09,5,1186.0,1338.0,1262.0
next_HC,next,HC,F0.15.0.la27_09,6,1204.0,1352.0,1278.0
next_HC,next,HC,F0.15.0.la27_09,7,1186.0,1352.0,1269.0
next_HC,next,HC,F0.15.0.la27_09,8,1186.0,1352.0,1269.0
next_HC,next,HC,F0.15.0.la27_09,9,1183.0,1345.0,1264.0
next_HC,next,HC,F0.15.0.la27_09,10,1183.0,1345.0,1264.0
next_HC,next,HC,F0.15.0.la27_09,11,1186.0,1352.0,1269.0
next_HC,next,HC,F0.15.0.la27_09,12,1186.0,1352.0,1269.0
next_HC,next,HC,F0.15.0.la27_09,13,1187.0,1330.0,1258.5
next_HC,next,HC,F0.15.0.la27_09,14,1186.0,1352.0,1269.0
next_HC,next,HC,F0.15.0.la27_09,15,1194.0,1354.0,1274.0
next_HC,next,HC,F0.15.0.la27_09,16,1177.0,1335.0,1256.0
next_HC,next,HC,F0.15.0.la27_09,17,1173.0,1335.0,1254.0
next_HC,next,HC,F0.15.0.la27_09,18,1187.0,1352.0,1269.5
next_HC,next,HC,F0.15.0.la27_09,19,1186.0,1352.0,1269.0
next_HC,next,HC,F0.15.0.la27_09,20,1186.0,1352.0,1269.0
next_HC,next,HC,F0.15.0.la27_09,21,1179.0,1333.0,1256.0
next_HC,next,HC,F0.15.0.la27_09,22,1183.0,1345.0,1264.0
next_HC,next,HC,F0.15.0.la27_09,23,1186.0,1352.0,1269.0
next_HC,next,HC,F0.15.0.la27_09,24,1186.0,1352.0,1269.0
next_HC,next,HC,F0.15.0.la27_09,25,1186.0,1352.0,1269.0
next_HC,next,HC,F0.15.0.la27_09,26,1183.0,1345.0,1264.0
next_HC,next,HC,F0.15.0.la27_09,27,1186.0,1352.0,1269.0
next_HC,next,HC,F0.15.0.la27_09,28,1181.0,1337.0,1259.0
next_HC,next,HC,F0.15.0.la27_09,29,1185.0,1345.0,1265.0
next_HC,next,HC,F0.15.0.la27_09,30,1191.0,1353.0,1272.0
next_HC,next,HC,F0.15.0.la29_03,1,1115.0,1273.0,1194.0
next_HC,next,HC,F0.15.0.la29_03,2,1132.0,1285.0,1208.5
next_HC,next,HC,F0.15.0.la29_03,3,1128.0,1274.0,1201.0
next_HC,next,HC,F0.15.0.la29_03,4,1120.0,1263.0,1191.5
next_HC,next,HC,F0.15.0.la29_03,5,1132.0,1270.0,1201.0
next_HC,next,HC,F0.15.0.la29_03,6,1124.0,1276.0,1200.0
next_HC,next,HC,F0.15.0.la29_03,7,1125.0,1290.0,1207.5
next_HC,next,HC,F0.15.0.la29_03,8,1123.0,1287.0,1205.0
next_HC,next,HC,F0.15.0.la29_03,9,1115.0,1280.0,1197.5
next_HC,next,HC,F0.15.0.la29_03,10,1128.0,1282.0,1205.0
next_HC,next,HC,F0.15.0.la29_03,11,1143.0,1285.0,1214.0
next_HC,next,HC,F0.15.0.la29_03,12,1115.0,1285.0,1200.0
next_HC,next,HC,F0.15.0.la29_03,13,1112.0,1271.0,1191.5
next_HC,next,HC,F0.15.0.la29_03,14,1119.0,1285.0,1202.0
next_HC,next,HC,F0.15.0.la29_03,15,1137.0,1291.0,1214.0
next_HC,next,HC,F0.15.0.la29_03,16,1125.0,1285.0,1205.0
next_HC,next,HC,F0.15.0.la29_03,17,1103.0,1247.0,1175.0
next_HC,next,HC,F0.15.0.la29_03,18,1110.0,1247.0,1178.5
next_HC,next,HC,F0.15.0.la29_03,19,1121.0,1279.0,1200.0
next_HC,next,HC,F0.15.0.la29_03,20,1113.0,1287.0,1200.0
next_HC,next,HC,F0.15.0.la29_03,21,1121.0,1279.0,1200.0
next_HC,next,HC,F0.15.0.la29_03,22,1133.0,1276.0,1204.5
next_HC,next,HC,F0.15.0.la29_03,23,1134.0,1306.0,1220.0
next_HC,next,HC,F0.15.0.la29_03,24,1156.0,1285.0,1220.5
next_HC,next,HC,F0.15.0.la29_03,25,1139.0,1264.0,1201.5
next_HC,next,HC,F0.15.0.la29_03,26,1139.0,1272.0,1205.5
next_HC,next,HC,F0.15.0.la29_03,27,1120.0,1257.0,1188.5
next_HC,next,HC,F0.15.0.la29_03,28,1143.0,1271.0,1207.0
next_HC,next,HC,F0.15.0.la29_03,29,1142.0,1285.0,1213.5
next_HC,next,HC,F0.15.0.la29_03,30,1122.0,1261.0,1191.5
next_HC,next,HC,F0.15.0.la38_06,1,1151.0,1306.0,1228.5
next_HC,next,HC,F0.15.0.la38_06,2,1169.0,1320.0,1244.5
next_HC,next,HC,F0.15.0.la38_06,3,1168.0,1333.0,1250.5
next_HC,next,HC,F0.15.0.la38_06,4,1175.0,1342.0,1258.5
next_HC,next,HC,F0.15.0.la38_06,5,1157.0,1304.0,1230.5
next_HC,next,HC,F0.15.0.la38_06,6,1170.0,1295.0,1232.5
next_HC,next,HC,F0.15.0.la38_06,7,1153.0,1337.0,1245.0
next_HC,next,HC,F0.15.0.la38_06,8,1151.0,1306.0,1228.5
next_HC,next,HC,F0.15.0.la38_06,9,1167.0,1303.0,1235.0
next_HC,next,HC,F0.15.0.la38_06,10,1182.0,1310.0,1246.0
next_HC,next,HC,F0.15.0.la38_06,11,1153.0,1337.0,1245.0
next_HC,next,HC,F0.15.0.la38_06,12,1182.0,1309.0,1245.5
next_HC,next,HC,F0.15.0.la38_06,13,1151.0,1306.0,1228.5
next_HC,next,HC,F0.15.0.la38_06,14,1172.0,1339.0,1255.5
next_HC,next,HC,F0.15.0.la38_06,15,1151.0,1306.0,1228.5
next_HC,next,HC,F0.15.0.la38_06,16,1163.0,1314.0,1238.5
next_HC,next,HC,F0.15.0.la38_06,17,1174.0,1324.0,1249.0
next_HC,next,HC,F0.15.0.la38_06,18,1190.0,1335.0,1262.5
next_HC,next,HC,F0.15.0.la38_06,19,1151.0,1306.0,1228.5
next_HC,next,HC,F0.15.0.la38_06,20,1151.0,1306.0,1228.5
next_HC,next,HC,F0.15.0.la38_06,21,1152.0,1303.0,1227.5
next_HC,next,HC,F0.15.0.la38_06,22,1151.0,1306.0,1228.5
next_HC,next,HC,F0.15.0.la38_06,23,1201.0,1318.0,1259.5
next_HC,next,HC,F0.15.0.la38_06,24,1176.0,1300.0,1238.0
next_HC,next,HC,F0.15.0.la38_06,25,1201.0,1330.0,1265.5
next_HC,next,HC,F0.15.0.la38_06,26,1151.0,1306.0,1228.5
next_HC,next,HC,F0.15.0.la38_06,27,1157.0,1314.0,1235.5
next_HC,next,HC,F0.15.0.la38_06,28,1157.0,1314.0,1235.5
next_HC,next,HC,F0.15.0.la38_06,29,1154.0,1306.0,1230.0
next_HC,next,HC,F0.15.0.la38_06,30,1177.0,1296.0,1236.5
next_HC,next,HC,F0.15.0.la40_05,1,1176.0,1362.0,1269.0
next_HC,next,HC,F0.15.0.la40_05,2,1176.0,1362.0,1269.0
next_HC,next,HC,F0.15.0.la40_05,3,1152.0,1344.0,1248.0
next_HC,next,HC,F0.15.0.la40_05,4,1167.0,1328.0,1247.5
next_HC,next,HC,F0.15.0.la40_05,5,1144.0,1328.0,1236.0
next_HC,next,HC,F0.15.0.la40_05,6,1168.0,1328.0,1248.0
next_HC,next,HC,F0.15.0.la40_05,7,1174.0,1336.0,1255.0
next_HC,next,HC,F0.15.0.la40_05,8,1192.0,1357.0,1274.5
next_HC,next,HC,F0.15.0.la40_05,9,1183.0,1341.0,1262.0
next_HC,next,HC,F0.15.0.la40_05,10,1223.0,1361.0,1292.0
next_HC,next,HC,F0.15.0.la40_05,11,1149.0,1337.0,1243.0
next_HC,next,HC,F0.15.0.la40_05,12,1174.0,1334.0,1254.0
next_HC,next,HC,F0.15.0.la40_05,13,1151.0,1337.0,1244.0
next_HC,next,HC,F0.15.0.la40_05,14,1174.0,1346.0,1260.0
next_HC,next,HC,F0.15.0.la40_05,15,1156.0,1337.0,1246.5
next_HC,next,HC,F0.15.0.la40_05,16,1175.0,1328.0,1251.5
next_HC,next,HC,F0.15.0.la40_05,17,1203.0,1340.0,1271.5
next_HC,next,HC,F0.15.0.la40_05,18,1152.0,1344.0,1248.0
next_HC,next,HC,F0.15.0.la40_05,19,1154.0,1337.0,1245.5
next_HC,next,HC,F0.15.0.la40_05,20,1174.0,1334.0,1254.0
next_HC,next,HC,F0.15.0.la40_05,21,1178.0,1332.0,1255.0
next_HC,next,HC,F0.15.0.la40_05,22,1156.0,1337.0,1246.5
next_HC,next,HC,F0.15.0.la40_05,23,1156.0,1337.0,1246.5
next_HC,next,HC,F0.15.0.la40_05,24,1183.0,1342.0,1262.5
next_HC,next,HC,F0.15.0.la40_05,25,1151.0,1337.0,1244.0
next_HC,next,HC,F0.15.0.la40_05,26,1144.0,1328.0,1236.0
next_HC,next,HC,F0.15.0.la40_05,27,1162.0,1344.0,1253.0
next_HC,next,HC,F0.15.0.la40_05,28,1156.0,1337.0,1246.5
next_HC,next,HC,F0.15.0.la40_05,29,1144.0,1323.0,1233.5
next_HC,next,HC,F0.15.0.la40_05,30,1176.0,1362.0,1269.0
next_HC,next,HC,tai15_15_01.F.15_01,1,1179.0,1358.0,1268.5
next_HC,next,HC,tai15_15_01.F.15_01,2,1175.0,1332.0,1253.5
next_HC,next,HC,tai15_15_01.F.15_01,3,1185.0,1347.0,1266.0
next_HC,next,HC,tai15_15_01.F.15_01,4,1214.0,1358.0,1286.0
next_HC,next,HC,tai15_15_01.F.15_01,5,1185.0,1392.0,1288.5
next_HC,next,HC,tai15_15_01.F.15_01,6,1172.0,1357.0,1264.5
next_HC,next,HC,tai15_15_01.F.15_01,7,1177.0,1365.0,1271.0
next_HC,next,HC,tai15_15_01.F.15_01,8,1192.0,1375.0,1283.5
next_HC,next,HC,tai15_15_01.F.15_01,9,1160.0,1357.0,1258.5
next_HC,next,HC,tai15_15_01.F.15_01,10,1179.0,1339.0,1259.0
next_HC,next,HC,tai15_15_01.F.15_01,11,1168.0,1354.0,1261.0
next_HC,next,HC,tai15_15_01.F.15_01,12,1175.0,1332.0,1253.5
next_HC,next,HC,tai15_15_01.F.15_01,13,1189.0,1357.0,1273.0
next_HC,next,HC,tai15_15_01.F.15_01,14,1200.0,1379.0,1289.5
next_HC,next,HC,tai15_15_01.F.15_01,15,1196.0,1375.0,1285.5
next_HC,next,HC,tai15_15_01.F.15_01,16,1160.0,1364.0,1262.0
next_HC,next,HC,tai15_15_01.F.15_01,17,1188.0,1371.0,1279.5
next_HC,next,HC,tai15_15_01.F.15_01,18,1201.0,1368.0,1284.5
next_HC,next,HC,tai15_15_01.F.15_01,19,1179.0,1348.0,1263.5
next_HC,next,HC,tai15_15_01.F.15_01,20,1180.0,1352.0,1266.0
next_HC,next,HC,tai15_15_01.F.15_01,21,1182.0,1353.0,1267.5
next_HC,next,HC,tai15_15_01.F.15_01,22,1198.0,1371.0,1284.5
next_HC,next,HC,tai15_15_01.F.15_01,23,1184.0,1388.0,1286.0
next_HC,next,HC,tai15_15_01.F.15_01,24,1167.0,1350.0,1258.5
next_HC,next,HC,tai15_15_01.F.15_01,25,1206.0,1349.0,1277.5
next_HC,next,HC,tai15_15_01.F.15_01,26,1221.0,1385.0,1303.0
next_HC,next,HC,tai15_15_01.F.15_01,27,1172.0,1357.0,1264.5
next_HC,next,HC,tai15_15_01.F.15_01,28,1206.0,1345.0,1275.5
next_HC,next,HC,tai15_15_01.F.15_01,29,1188.0,1357.0,1272.5
next_HC,next,HC,tai15_15_01.F.15_01,30,1175.0,1360.0,1267.5
next_HC,next,HC,tai15_15_02.F.15_01,1,1177.0,1379.0,1278.0
next_HC,next,HC,tai15_15_02.F.15_01,2,1174.0,1354.0,1264.0
next_HC,next,HC,tai15_15_02.F.15_01,3,1174.0,1364.0,1269.0
next_HC,next,HC,tai15_15_02.F.15_01,4,1184.0,1376.0,1280.0
next_HC,next,HC,tai15_15_02.F.15_01,5,1187.0,1345.0,1266.0
next_HC,next,HC,tai15_15_02.F.15_01,6,1205.0,1363.0,1284.0
next_HC,next,HC,tai15_15_02.F.15_01,7,1174.0,1362.0,1268.0
next_HC,next,HC,tai15_15_02.F.15_01,8,1191.0,1359.0,1275.0
next_HC,next,HC,tai15_15_02.F.15_01,9,1199.0,1366.0,1282.5
next_HC,next,HC,tai15_15_02.F.15_01,10,1178.0,1361.0,1269.5
next_HC,next,HC,tai15_15_02.F.15_01,11,1174.0,1362.0,1268.0
next_HC,next,HC,tai15_15_02.F.15_01,12,1177.0,1379.0,1278.0
next_HC,next,HC,tai15_15_02.F.15_01,13,1194.0,1363.0,1278.5
next_HC,next,HC,tai15_15_02.F.15_01,14,1187.0,1361.0,1274.0
next_HC,next,HC,tai15_15_02.F.15_01,15,1178.0,1361.0,1269.5
next_HC,next,HC,tai15_15_02.F.15_01,16,1177.0,1379.0,1278.0
next_HC,next,HC,tai15_15_02.F.15_01,17,1178.0,1361.0,1269.5
next_HC,next,HC,tai15_15_02.F.15_01,18,1193.0,1360.0,1276.5
next_HC,next,HC,tai15_15_02.F.15_01,19,1199.0,1356.0,1277.5
next_HC,next,HC,tai15_15_02.F.15_01,20,1199.0,1366.0,1282.5
next_HC,next,HC,tai15_15_02.F.15_01,21,1184.0,1337.0,1260.5
next_HC,next,HC,tai15_15_02.F.15_01,22,1193.0,1362.0,1277.5
next_HC,next,HC,tai15_15_02.F.15_01,23,1184.0,1362.0,1273.0
next_HC,next,HC,tai15_15_02.F.15_01,24,1207.0,1380.0,1293.5
next_HC,next,HC,tai15_15_02.F.15_01,25,1193.0,1360.0,1276.5
next_HC,next,HC,tai15_15_02.F.15_01,26,1177.0,1376.0,1276.5
next_HC,next,HC,tai15_15_02.F.15_01,27,1167.0,1363.0,1265.0
next_HC,next,HC,tai15_15_02.F.15_01,28,1213.0,1362.0,1287.5
next_HC,next,HC,tai15_15_02.F.15_01,29,1188.0,1366.0,1277.0
next_HC,next,HC,tai15_15_02.F.15_01,30,1177.0,1379.0,1278.0
next_HC,next,HC,tai15_15_03.F.15_01,1,1163.0,1347.0,1255.0
next_HC,next,HC,tai15_15_03.F.15_01,2,1201.0,1341.0,1271.0
next_HC,next,HC,tai15_15_03.F.15_01,3,1191.0,1349.0,1270.0
next_HC,next,HC,tai15_15_03.F.15_01,4,1185.0,1340.0,1262.5
next_HC,next,HC,tai15_15_03.F.15_01,5,1178.0,1313.0,1245.5
next_HC,next,HC,tai15_15_03.F.15_01,6,1167.0,1319.0,1243.0
next_HC,next,HC,tai15_15_03.F.15_01,7,1194.0,1321.0,1257.5
next_HC,next,HC,tai15_15_03.F.15_01,8,1178.0,1323.0,1250.5
next_HC,next,HC,tai15_15_03.F.15_01,9,1171.0,1344.0,1257.5
next_HC,next,HC,tai15_15_03.F.15_01,10,1177.0,1342.0,1259.5
next_HC,next,HC,tai15_15_03.F.15_01,11,1164.0,1358.0,1261.0
next_HC,next,HC,tai15_15_03.F.15_01,12,1158.0,1342.0,1250.0
next_HC,next,HC,tai15_15_03.F.15_01,13,1171.0,1348.0,1259.5
next_HC,next,HC,tai15_15_03.F.15_01,14,1202.0,1314.0,1258.0
next_HC,next,HC,tai15_15_03.F.15_01,15,1153.0,1348.0,1250.5
next_HC,next,HC,tai15_15_03.F.15_01,16,1167.0,1340.0,1253.5
next_HC,next,HC,tai15_15_03.F.15_01,17,1157.0,1342.0,1249.5
next_HC,next,HC,tai15_15_03.F.15_01,18,1165.0,1320.0,1242.5
next_HC,next,HC,tai15_15_03.F.15_01,19,1167.0,1319.0,1243.0
next_HC,next,HC,tai15_15_03.F.15_01,20,1168.0,1341.0,1254.5
next_HC,next,HC,tai15_15_03.F.15_01,21,1187.0,1313.0,1250.0
next_HC,next,HC,tai15_15_03.F.15_01,22,1183.0,1308.0,1245.5
next_HC,next,HC,tai15_15_03.F.15_01,23,1167.0,1308.0,1237.5
next_HC,next,HC,tai15_15_03.F.15_01,24,1175.0,1327.0,1251.0
next_HC,next,HC,tai15_15_03.F.15_01,25,1194.0,1318.0,1256.0
next_HC,next,HC,tai15_15_03.F.15_01,26,1180.0,1382.0,1281.0
next_HC,next,HC,tai15_15_03.F.15_01,27,1186.0,1322.0,1254.0
next_HC,next,HC,tai15_15_03.F.15_01,28,1178.0,1360.0,1269.0
next_HC,next,HC,tai15_15_03.F.15_01,29,1178.0,1327.0,1252.5
next_HC,next,HC,tai15_15_03.F.15_01,30,1168.0,1352.0,1260.0
next_HC,next,HC,tai15_15_04.F.15_01,1,1107.0,1293.0,1200.0
next_HC,next,HC,tai15_15_04.F.15_01,2,1117.0,1280.0,1198.5
next_HC,next,HC,tai15_15_04.F.15_01,3,1133.0,1293.0,1213.0
next_HC,next,HC,tai15_15_04.F.15_01,4,1128.0,1281.0,1204.5
next_HC,next,HC,tai15_15_04.F.15_01,5,1107.0,1283.0,1195.0
next_HC,next,HC,tai15_15_04.F.15_01,6,1122.0,1294.0,1208.0
next_HC,next,HC,tai15_15_04.F.15_01,7,1115.0,1281.0,1198.0
next_HC,next,HC,tai15_15_04.F.15_01,8,1113.0,1274.0,1193.5
next_HC,next,HC,tai15_15_04.F.15_01,9,1116.0,1293.0,1204.5
next_HC,next,HC,tai15_15_04.F.15_01,10,1122.0,1292.0,1207.0
next_HC,next,HC,tai15_15_04.F.15_01,11,1120.0,1298.0,1209.0
next_HC,next,HC,tai15_15_04.F.15_01,12,1134.0,1302.0,1218.0
next_HC,next,HC,tai15_15_04.F.15_01,13,1120.0,1298.0,1209.0
next_HC,next,HC,tai15_15_04.F.15_01,14,1108.0,1287.0,1197.5
next_HC,next,HC,tai15_15_04.F.15_01,15,1107.0,1284.0,1195.5
next_HC,next,HC,tai15_15_04.F.15_01,16,1107.0,1283.0,1195.0
next_HC,next,HC,tai15_15_04.F.15_01,17,1108.0,1287.0,1197.5
next_HC,next,HC,tai15_15_04.F.15_01,18,1107.0,1283.0,1195.0
next_HC,next,HC,tai15_15_04.F.15_01,19,1128.0,1281.0,1204.5
next_HC,next,HC,tai15_15_04.F.15_01,20,1125.0,1296.0,1210.5
next_HC,next,HC,tai15_15_04.F.15_01,21,1125.0,1296.0,1210.5
next_HC,next,HC,tai15_15_04.F.15_01,22,1108.0,1287.0,1197.5
next_HC,next,HC,tai15_15_04.F.15_01,23,1128.0,1281.0,1204.5
next_HC,next,HC,tai15_15_04.F.15_01,24,1121.0,1303.0,1212.0
next_HC,next,HC,tai15_15_04.F.15_01,25,1124.0,1289.0,1206.5
next_HC,next,HC,tai15_15_04.F.15_01,26,1128.0,1281.0,1204.5
next_HC,next,HC,tai15_15_04.F.15_01,27,1163.0,1320.0,1241.5
next_HC,next,HC,tai15_15_04.F.15_01,28,1115.0,1281.0,1198.0
next_HC,next,HC,tai15_15_04.F.15_01,29,1107.0,1293.0,1200.0
next_HC,next,HC,tai15_15_04.F.15_01,30,1134.0,1298.0,1216.0
next_HC,next,HC,tai15_15_05.F.15_01,1,1184.0,1331.0,1257.5
next_HC,next,HC,tai15_15_05.F.15_01,2,1211.0,1327.0,1269.0
next_HC,next,HC,tai15_15_05.F.15_01,3,1172.0,1335.0,1253.5
next_HC,next,HC,tai15_15_05.F.15_01,4,1186.0,1352.0,1269.0
next_HC,next,HC,tai15_15_05.F.15_01,5,1193.0,1309.0,1251.0
next_HC,next,HC,tai15_15_05.F.15_01,6,1179.0,1330.0,1254.5
next_HC,next,HC,tai15_15_05.F.15_01,7,1160.0,1330.0,1245.0
next_HC,next,HC,tai15_15_05.F.15_01,8,1193.0,1329.0,1261.0
next_HC,next,HC,tai15_15_05.F.15_01,9,1181.0,1323.0,1252.0
next_HC,next,HC,tai15_15_05.F.15_01,10,1188.0,1339.0,1263.5
next_HC,next,HC,tai15_15_05.F.15_01,11,1192.0,1342.0,1267.0
next_HC,next,HC,tai15_15_05.F.15_01,12,1183.0,1332.0,1257.5
next_HC,next,HC,tai15_15_05.F.15_01,13,1186.0,1352.0,1269.0
next_HC,next,HC,tai15_15_05.F.15_01,14,1185.0,1331.0,1258.0
next_HC,next,HC,tai15_15_05.F.15_01,15,1180.0,1335.0,1257.5
next_HC,next,HC,tai15_15_05.F.15_01,16,1185.0,1331.0,1258.0
next_HC,next,HC,tai15_15_05.F.15_01,17,1172.0,1335.0,1253.5
next_HC,next,HC,tai15_15_05.F.15_01,18,1190.0,1342.0,1266.0
next_HC,next,HC,tai15_15_05.F.15_01,19,1174.0,1332.0,1253.0
next_HC,next,HC,tai15_15_05.F.15_01,20,1191.0,1328.0,1259.5
next_HC,next,HC,tai15_15_05.F.15_01,21,1186.0,1358.0,1272.0
next_HC,next,HC,tai15_15_05.F.15_01,22,1181.0,1339.0,1260.0
next_HC,next,HC,tai15_15_05.F.15_01,23,1184.0,1331.0,1257.5
next_HC,next,HC,tai15_15_05.F.15_01,24,1190.0,1321.0,1255.5
next_HC,next,HC,tai15_15_05.F.15_01,25,1204.0,1345.0,1274.5
next_HC,next,HC,tai15_15_05.F.15_01,26,1181.0,1314.0,1247.5
next_HC,next,HC,tai15_15_05.F.15_01,27,1180.0,1339.0,1259.5
next_HC,next,HC,tai15_15_05.F.15_01,28,1182.0,1324.0,1253.0
next_HC,next,HC,tai15_15_05.F.15_01,29,1186.0,1352.0,1269.0
next_HC,next,HC,tai15_15_05.F.15_01,30,1178.0,1332.0,1255.0
next_HC,next,HC,tai15_15_06.F.15_01,1,1178.0,1338.0,1258.0
next_HC,next,HC,tai15_15_06.F.15_01,2,1193.0,1339.0,1266.0
next_HC,next,HC,tai15_15_06.F.15_01,3,1182.0,1348.0,1265.0
next_HC,next,HC,tai15_15_06.F.15_01,4,1209.0,1360.0,1284.5
next_HC,next,HC,tai15_15_06.F.15_01,5,1178.0,1359.0,1268.5
next_HC,next,HC,tai15_15_06.F.15_01,6,1180.0,1363.0,1271.5
next_HC,next,HC,tai15_15_06.F.15_01,7,1194.0,1364.0,1279.0
next_HC,next,HC,tai15_15_06.F.15_01,8,1200.0,1373.0,1286.5
next_HC,next,HC,tai15_15_06.F.15_01,9,1205.0,1361.0,1283.0
next_HC,next,HC,tai15_15_06.F.15_01,10,1203.0,1362.0,1282.5
next_HC,next,HC,tai15_15_06.F.15_01,11,1199.0,1364.0,1281.5
next_HC,next,HC,tai15_15_06.F.15_01,12,1187.0,1363.0,1275.0
next_HC,next,HC,tai15_15_06.F.15_01,13,1178.0,1338.0,1258.0
next_HC,next,HC,tai15_15_06.F.15_01,14,1187.0,1364.0,1275.5
next_HC,next,HC,tai15_15_06.F.15_01,15,1187.0,1364.0,1275.5
next_HC,next,HC,tai15_15_06.F.15_01,16,1178.0,1366.0,1272.0
next_HC,next,HC,tai15_15_06.F.15_01,17,1194.0,1348.0,1271.0
next_HC,next,HC,tai15_15_06.F.15_01,18,1184.0,1352.0,1268.0
next_HC,next,HC,tai15_15_06.F.15_01,19,1190.0,1343.0,1266.5
next_HC,next,HC,tai15_15_06.F.15_01,20,1211.0,1349.0,1280.0
next_HC,next,HC,tai15_15_06.F.15_01,21,1196.0,1363.0,1279.5
next_HC,next,HC,tai15_15_06.F.15_01,22,1193.0,1361.0,1277.0
next_HC,next,HC,tai15_15_06.F.15_01,23,1217.0,1372.0,1294.5
next_HC,next,HC,tai15_15_06.F.15_01,24,1194.0,1364.0,1279.0
next_HC,next,HC,tai15_15_06.F.15_01,25,1203.0,1361.0,1282.0
next_HC,next,HC,tai15_15_06.F.15_01,26,1194.0,1352.0,1273.0
next_HC,next,HC,tai15_15_06.F.15_01,27,1199.0,1364.0,1281.5
next_HC,next,HC,tai15_15_06.F.15_01,28,1187.0,1351.0,1269.0
next_HC,next,HC,tai15_15_06.F.15_01,29,1181.0,1336.0,1258.5
next_HC,next,HC,tai15_15_06.F.15_01,30,1195.0,1359.0,1277.0
next_HC,next,HC,tai15_15_07.F.15_01,1,1194.0,1348.0,1271.0
next_HC,next,HC,tai15_15_07.F.15_01,2,1168.0,1353.0,1260.5
next_HC,next,HC,tai15_15_07.F.15_01,3,1208.0,1352.0,1280.0
next_HC,next,HC,tai15_15_07.F.15_01,4,1169.0,1366.0,1267.5
next_HC,next,HC,tai15_15_07.F.15_01,5,1202.0,1349.0,1275.5
next_HC,next,HC,tai15_15_07.F.15_01,6,1186.0,1340.0,1263.0
next_HC,next,HC,tai15_15_07.F.15_01,7,1202.0,1348.0,1275.0
next_HC,next,HC,tai15_15_07.F.15_01,8,1178.0,1349.0,1263.5
next_HC,next,HC,tai15_15_07.F.15_01,9,1167.0,1349.0,1258.0
next_HC,next,HC,tai15_15_07.F.15_01,10,1173.0,1357.0,1265.0
next_HC,next,HC,tai15_15_07.F.15_01,11,1182.0,1345.0,1263.5
next_HC,next,HC,tai15_15_07.F.15_01,12,1194.0,1348.0,1271.0
next_HC,next,HC,tai15_15_07.F.15_01,13,1176.0,1350.0,1263.0
next_HC,next,HC,tai15_15_07.F.15_01,14,1202.0,1352.0,1277.0
next_HC,next,HC,tai15_15_07.F.15_01,15,1173.0,1349.0,1261.0
next_HC,next,HC,tai15_15_07.F.15_01,16,1171.0,1354.0,1262.5
next_HC,next,HC,tai15_15_07.F.15_01,17,1170.0,1366.0,1268.0
next_HC,next,HC,tai15_15_07.F.15_01,18,1179.0,1363.0,1271.0
next_HC,next,HC,tai15_15_07.F.15_01,19,1177.0,1349.0,1263.0
next_HC,next,HC,tai15_15_07.F.15_01,20,1165.0,1353.0,1259.0
next_HC,next,HC,tai15_15_07.F.15_01,21,1184.0,1349.0,1266.5
next_HC,next,HC,tai15_15_07.F.15_01,22,1190.0,1365.0,1277.5
next_HC,next,HC,tai15_15_07.F.15_01,23,1186.0,1340.0,1263.0
next_HC,next,HC,tai15_15_07.F.15_01,24,1208.0,1352.0,1280.0
next_HC,next,HC,tai15_15_07.F.15_01,25,1164.0,1346.0,1255.0
next_HC,next,HC,tai15_15_07.F.15_01,26,1202.0,1349.0,1275.5
next_HC,next,HC,tai15_15_07.F.15_01,27,1178.0,1349.0,1263.5
next_HC,next,HC,tai15_15_07.F.15_01,28,1208.0,1352.0,1280.0
next_HC,next,HC,tai15_15_07.F.15_01,29,1192.0,1354.0,1273.0
next_HC,next,HC,tai15_15_07.F.15_01,30,1165.0,1346.0,1255.5
next_HC,next,HC,tai15_15_08.F.15_01,1,1208.0,1346.0,1277.0
next_HC,next,HC,tai15_15_08.F.15_01,2,1182.0,1312.0,1247.0
next_HC,next,HC,tai15_15_08.F.15_01,3,1182.0,1312.0,1247.0
next_HC,next,HC,tai15_15_08.F.15_01,4,1190.0,1329.0,1259.5
next_HC,next,HC,tai15_15_08.F.15_01,5,1197.0,1335.0,1266.0
next_HC,next,HC,tai15_15_08.F.15_01,6,1168.0,1313.0,1240.5
next_HC,next,HC,tai15_15_08.F.15_01,7,1203.0,1328.0,1265.5
next_HC,next,HC,tai15_15_08.F.15_01,8,1194.0,1312.0,1253.0
next_HC,next,HC,tai15_15_08.F.15_01,9,1194.0,1337.0,1265.5
next_HC,next,HC,tai15_15_08.F.15_01,10,1203.0,1337.0,1270.0
next_HC,next,HC,tai15_15_08.F.15_01,11,1182.0,1312.0,1247.0
next_HC,next,HC,tai15_15_08.F.15_01,12,1162.0,1328.0,1245.0
next_HC,next,HC,tai15_15_08.F.15_01,13,1159.0,1316.0,1237.5
next_HC,next,HC,tai15_15_08.F.15_01,14,1183.0,1343.0,1263.0
next_HC,next,HC,tai15_15_08.F.15_01,15,1155.0,1318.0,1236.5
next_HC,next,HC,tai15_15_08.F.15_01,16,1214.0,1333.0,1273.5
next_HC,next,HC,tai15_15_08.F.15_01,17,1178.0,1342.0,1260.0
next_HC,next,HC,tai15_15_08.F.15_01,18,1214.0,1338.0,1276.0
next_HC,next,HC,tai15_15_08.F.15_01,19,1182.0,1312.0,1247.0
next_HC,next,HC,tai15_15_08.F.15_01,20,1194.0,1312.0,1253.0
next_HC,next,HC,tai15_15_08.F.15_01,21,1191.0,1334.0,1262.5
next_HC,next,HC,tai15_15_08.F.15_01,22,1181.0,1361.0,1271.0
next_HC,next,HC,tai15_15_08.F.15_01,23,1179.0,1335.0,1257.0
next_HC,next,HC,tai15_15_08.F.15_01,24,1155.0,1318.0,1236.5
next_HC,next,HC,tai15_15_08.F.15_01,25,1203.0,1328.0,1265.5
next_HC,next,HC,tai15_15_08.F.15_01,26,1182.0,1312.0,1247.0
next_HC,next,HC,tai15_15_08.F.15_01,27,1203.0,1328.0,1265.5
next_HC,next,HC,tai15_15_08.F.15_01,28,1165.0,1324.0,1244.5
next_HC,next,HC,tai15_15_08.F.15_01,29,1225.0,1339.0,1282.0
next_HC,next,HC,tai15_15_08.F.15_01,30,1203.0,1328.0,1265.5
next_HC,next,HC,tai15_15_09.F.15_01,1,1237.0,1420.0,1328.5
next_HC,next,HC,tai15_15_09.F.15_01,2,1228.0,1422.0,1325.0
next_HC,next,HC,tai15_15_09.F.15_01,3,1231.0,1416.0,1323.5
next_HC,next,HC,tai15_15_09.F.15_01,4,1218.0,1414.0,1316.0
next_HC,next,HC,tai15_15_09.F.15_01,5,1249.0,1423.0,1336.0
next_HC,next,HC,tai15_15_09.F.15_01,6,1212.0,1413.0,1312.5
next_HC,next,HC,tai15_15_09.F.15_01,7,1255.0,1438.0,1346.5
next_HC,next,HC,tai15_15_09.F.15_01,8,1201.0,1413.0,1307.0
next_HC,next,HC,tai15_15_09.F.15_01,9,1253.0,1406.0,1329.5
next_HC,next,HC,tai15_15_09.F.15_01,10,1218.0,1414.0,1316.0
next_HC,next,HC,tai15_15_09.F.15_01,11,1218.0,1397.0,1307.5
next_HC,next,HC,tai15_15_09.F.15_01,12,1249.0,1423.0,1336.0
next_HC,next,HC,tai15_15_09.F.15_01,13,1229.0,1432.0,1330.5
next_HC,next,HC,tai15_15_09.F.15_01,14,1209.0,1420.0,1314.5
next_HC,next,HC,tai15_15_09.F.15_01,15,1231.0,1414.0,1322.5
next_HC,next,HC,tai15_15_09.F.15_01,16,1237.0,1422.0,1329.5
next_HC,next,HC,tai15_15_09.F.15_01,17,1254.0,1434.0,1344.0
next_HC,next,HC,tai15_15_09.F.15_01,18,1218.0,1397.0,1307.5
next_HC,next,HC,tai15_15_09.F.15_01,19,1262.0,1438.0,1350.0
next_HC,next,HC,tai15_15_09.F.15_01,20,1221.0,1402.0,1311.5
next_HC,next,HC,tai15_15_09.F.15_01,21,1218.0,1397.0,1307.5
next_HC,next,HC,tai15_15_09.F.15_01,22,1232.0,1436.0,1334.0
next_HC,next,HC,tai15_15_09.F.15_01,23,1218.0,1397.0,1307.5
next_HC,next,HC,tai15_15_09.F.15_01,24,1218.0,1397.0,1307.5
next_HC,next,HC,tai15_15_09.F.15_01,25,1237.0,1422.0,1329.5
next_HC,next,HC,tai15_15_09.F.15_01,26,1237.0,1422.0,1329.5
next_HC,next,HC,tai15_15_09.F.15_01,27,1218.0,1397.0,1307.5
next_HC,next,HC,tai15_15_09.F.15_01,28,1237.0,1425.0,1331.0
next_HC,next,HC,tai15_15_09.F.15_01,29,1218.0,1397.0,1307.5
next_HC,next,HC,tai15_15_09.F.15_01,30,1218.0,1397.0,1307.5
next_HC,next,HC,tai15_15_10.F.15_01,1,1218.0,1386.0,1302.0
next_HC,next,HC,tai15_15_10.F.15_01,2,1188.0,1352.0,1270.0
next_HC,next,HC,tai15_15_10.F.15_01,3,1222.0,1368.0,1295.0
next_HC,next,HC,tai15_15_10.F.15_01,4,1210.0,1390.0,1300.0
next_HC,next,HC,tai15_15_10.F.15_01,5,1216.0,1362.0,1289.0
next_HC,next,HC,tai15_15_10.F.15_01,6,1219.0,1377.0,1298.0
next_HC,next,HC,tai15_15_10.F.15_01,7,1185.0,1342.0,1263.5
next_HC,next,HC,tai15_15_10.F.15_01,8,1187.0,1356.0,1271.5
next_HC,next,HC,tai15_15_10.F.15_01,9,1194.0,1342.0,1268.0
next_HC,next,HC,tai15_15_10.F.15_01,10,1229.0,1383.0,1306.0
next_HC,next,HC,tai15_15_10.F.15_01,11,1229.0,1393.0,1311.0
next_HC,next,HC,tai15_15_10.F.15_01,12,1196.0,1353.0,1274.5
next_HC,next,HC,tai15_15_10.F.15_01,13,1216.0,1377.0,1296.5
next_HC,next,HC,tai15_15_10.F.15_01,14,1222.0,1361.0,1291.5
next_HC,next,HC,tai15_15_10.F.15_01,15,1214.0,1377.0,1295.5
next_HC,next,HC,tai15_15_10.F.15_01,16,1228.0,1384.0,1306.0
next_HC,next,HC,tai15_15_10.F.15_01,17,1215.0,1356.0,1285.5
next_HC,next,HC,tai15_15_10.F.15_01,18,1208.0,1384.0,1296.0
next_HC,next,HC,tai15_15_10.F.15_01,19,1218.0,1380.0,1299.0
next_HC,next,HC,tai15_15_10.F.15_01,20,1197.0,1361.0,1279.0
next_HC,next,HC,tai15_15_10.F.15_01,21,1218.0,1386.0,1302.0
next_HC,next,HC,tai15_15_10.F.15_01,22,1184.0,1369.0,1276.5
next_HC,next,HC,tai15_15_10.F.15_01,23,1218.0,1386.0,1302.0
next_HC,next,HC,tai15_15_10.F.15_01,24,1194.0,1342.0,1268.0
next_HC,next,HC,tai15_15_10.F.15_01,25,1164.0,1325.0,1244.5
next_HC,next,HC,tai15_15_10.F.15_01,26,1218.0,1381.0,1299.5
next_HC,next,HC,tai15_15_10.F.15_01,27,1218.0,1386.0,1302.0
next_HC,next,HC,tai15_15_10.F.15_01,28,1218.0,1388.0,1303.0
next_HC,next,HC,tai15_15_10.F.15_01,29,1197.0,1361.0,1279.0
next_HC,next,HC,tai15_15_10.F.15_01,30,1236.0,1374.0,1305.0
next_HC,next,HC,tai20_15_01.F.15_01,1,1343.0,1517.0,1430.0
next_HC,next,HC,tai20_15_01.F.15_01,2,1357.0,1557.0,1457.0
next_HC,next,HC,tai20_15_01.F.15_01,3,1354.0,1544.0,1449.0
next_HC,next,HC,tai20_15_01.F.15_01,4,1334.0,1531.0,1432.5
next_HC,next,HC,tai20_15_01.F.15_01,5,1311.0,1499.0,1405.0
next_HC,next,HC,tai20_15_01.F.15_01,6,1329.0,1518.0,1423.5
next_HC,next,HC,tai20_15_01.F.15_01,7,1360.0,1537.0,1448.5
next_HC,next,HC,tai20_15_01.F.15_01,8,1345.0,1546.0,1445.5
next_HC,next,HC,tai20_15_01.F.15_01,9,1343.0,1557.0,1450.0
next_HC,next,HC,tai20_15_01.F.15_01,10,1321.0,1531.0,1426.0
next_HC,next,HC,tai20_15_01.F.15_01,11,1350.0,1557.0,1453.5
next_HC,next,HC,tai20_15_01.F.15_01,12,1349.0,1532.0,1440.5
next_HC,next,HC,tai20_15_01.F.15_01,13,1321.0,1531.0,1426.0
next_HC,next,HC,tai20_15_01.F.15_01,14,1332.0,1540.0,1436.0
next_HC,next,HC,tai20_15_01.F.15_01,15,1316.0,1519.0,1417.5
next_HC,next,HC,tai20_15_01.F.15_01,16,1362.0,1558.0,1460.0
next_HC,next,HC,tai20_15_01.F.15_01,17,1344.0,1562.0,1453.0
next_HC,next,HC,tai20_15_01.F.15_01,18,1337.0,1537.0,1437.0
next_HC,next,HC,tai20_15_01.F.15_01,19,1325.0,1539.0,1432.0
next_HC,next,HC,tai20_15_01.F.15_01,20,1352.0,1552.0,1452.0
next_HC,next,HC,tai20_15_01.F.15_01,21,1362.0,1550.0,1456.0
next_HC,next,HC,tai20_15_01.F.15_01,22,1304.0,1503.0,1403.5
next_HC,next,HC,tai20_15_01.F.15_01,23,1328.0,1515.0,1421.5
next_HC,next,HC,tai20_15_01.F.15_01,24,1341.0,1549.0,1445.0
next_HC,next,HC,tai20_15_01.F.15_01,25,1329.0,1520.0,1424.5
next_HC,next,HC,tai20_15_01.F.15_01,26,1323.0,1528.0,1425.5
next_HC,next,HC,tai20_15_01.F.15_01,27,1310.0,1516.0,1413.0
next_HC,next,HC,tai20_15_01.F.15_01,28,1354.0,1547.0,1450.5
next_HC,next,HC,tai20_15_01.F.15_01,29,1321.0,1515.0,1418.0
next_HC,next,HC,tai20_15_01.F.15_01,30,1316.0,1513.0,1414.5
next_HC,next,HC,tai20_15_02.F.15_01,1,1303.0,1495.0,1399.0
next_HC,next,HC,tai20_15_02.F.15_01,2,1305.0,1512.0,1408.5
next_HC,next,HC,tai20_15_02.F.15_01,3,1314.0,1491.0,1402.5
next_HC,next,HC,tai20_15_02.F.15_01,4,1334.0,1540.0,1437.0
next_HC,next,HC,tai20_15_02.F.15_01,5,1331.0,1529.0,1430.0
next_HC,next,HC,tai20_15_02.F.15_01,6,1297.0,1517.0,1407.0
next_HC,next,HC,tai20_15_02.F.15_01,7,1326.0,1508.0,1417.0
next_HC,next,HC,tai20_15_02.F.15_01,8,1339.0,1522.0,1430.5
next_HC,next,HC,tai20_15_02.F.15_01,9,1318.0,1497.0,1407.5
next_HC,next,HC,tai20_15_02.F.15_01,10,1324.0,1515.0,1419.5
next_HC,next,HC,tai20_15_02.F.15_01,11,1345.0,1499.0,1422.0
next_HC,next,HC,tai20_15_02.F.15_01,12,1345.0,1511.0,1428.0
next_HC,next,HC,tai20_15_02.F.15_01,13,1329.0,1529.0,1429.0
next_HC,next,HC,tai20_15_02.F.15_01,14,1326.0,1503.0,1414.5
next_HC,next,HC,tai20_15_02.F.15_01,15,1331.0,1514.0,1422.5
next_HC,next,HC,tai20_15_02.F.15_01,16,1304.0,1495.0,1399.5
next_HC,next,HC,tai20_15_02.F.15_01,17,1315.0,1502.0,1408.5
next_HC,next,HC,tai20_15_02.F.15_01,18,1309.0,1496.0,1402.5
next_HC,next,HC,tai20_15_02.F.15_01,19,1324.0,1501.0,1412.5
next_HC,next,HC,tai20_15_02.F.15_01,20,1320.0,1517.0,1418.5
next_HC,next,HC,tai20_15_02.F.15_01,21,1323.0,1495.0,1409.0
next_HC,next,HC,tai20_15_02.F.15_01,22,1316.0,1513.0,1414.5
next_HC,next,HC,tai20_15_02.F.15_01,23,1305.0,1512.0,1408.5
next_HC,next,HC,tai20_15_02.F.15_01,24,1344.0,1532.0,1438.0
next_HC,next,HC,tai20_15_02.F.15_01,25,1307.0,1495.0,1401.0
next_HC,next,HC,tai20_15_02.F.15_01,26,1315.0,1512.0,1413.5
next_HC,next,HC,tai20_15_02.F.15_01,27,1293.0,1489.0,1391.0
next_HC,next,HC,tai20_15_02.F.15_01,28,1319.0,1486.0,1402.5
next_HC,next,HC,tai20_15_02.F.15_01,29,1319.0,1515.0,1417.0
next_HC,next,HC,tai20_15_02.F.15_01,30,1310.0,1512.0,1411.0
next_HC,next,HC,tai20_15_03.F.15_01,1,1315.0,1534.0,1424.5
next_HC,next,HC,tai20_15_03.F.15_01,2,1344.0,1502.0,1423.0
next_HC,next,HC,tai20_15_03.F.15_01,3,1308.0,1503.0,1405.5
next_HC,next,HC,tai20_15_03.F.15_01,4,1308.0,1517.0,1412.5
next_HC,next,HC,tai20_15_03.F.15_01,5,1333.0,1533.0,1433.0
next_HC,next,HC,tai20_15_03.F.15_01,6,1304.0,1501.0,1402.5
next_HC,next,HC,tai20_15_03.F.15_01,7,1331.0,1507.0,1419.0
next_HC,next,HC,tai20_15_03.F.15_01,8,1371.0,1535.0,1453.0
next_HC,next,HC,tai20_15_03.F.15_01,9,1316.0,1505.0,1410.5
next_HC,next,HC,tai20_15_03.F.15_01,10,1304.0,1520.0,1412.0
next_HC,next,HC,tai20_15_03.F.15_01,11,1297.0,1505.0,1401.0
next_HC,next,HC,tai20_15_03.F.15_01,12,1331.0,1523.0,1427.0
next_HC,next,HC,tai20_15_03.F.15_01,13,1292.0,1490.0,1391.0
next_HC,next,HC,tai20_15_03.F.15_01,14,1313.0,1501.0,1407.0
next_HC,next,HC,tai20_15_03.F.15_01,15,1308.0,1504.0,1406.0
next_HC,next,HC,tai20_15_03.F.15_01,16,1326.0,1518.0,1422.0
next_HC,next,HC,tai20_15_03.F.15_01,17,1339.0,1532.0,1435.5
next_HC,next,HC,tai20_15_03.F.15_01,18,1302.0,1495.0,1398.5
next_HC,next,HC,tai20_15_03.F.15_01,19,1336.0,1530.0,1433.0
next_HC,next,HC,tai20_15_03.F.15_01,20,1311.0,1509.0,1410.0
next_HC,next,HC,tai20_15_03.F.15_01,21,1310.0,1493.0,1401.5
next_HC,next,HC,tai20_15_03.F.15_01,22,1324.0,1492.0,1408.0
next_HC,next,HC,tai20_15_03.F.15_01,23,1322.0,1509.0,1415.5
next_HC,next,HC,tai20_15_03.F.15_01,24,1336.0,1512.0,1424.0
next_HC,next,HC,tai20_15_03.F.15_01,25,1294.0,1520.0,1407.0
next_HC,next,HC,tai20_15_03.F.15_01,26,1339.0,1530.0,1434.5
next_HC,next,HC,tai20_15_03.F.15_01,27,1308.0,1522.0,1415.0
next_HC,next,HC,tai20_15_03.F.15_01,28,1298.0,1499.0,1398.5
next_HC,next,HC,tai20_15_03.F.15_01,29,1319.0,1534.0,1426.5
next_HC,next,HC,tai20_15_03.F.15_01,30,1364.0,1551.0,1457.5
next_HC,next,HC,tai20_15_04.F.15_01,1,1306.0,1476.0,1391.0
next_HC,next,HC,tai20_15_04.F.15_01,2,1289.0,1489.0,1389.0
next_HC,next,HC,tai20_15_04.F.15_01,3,1272.0,1488.0,1380.0
next_HC,next,HC,tai20_15_04.F.15_01,4,1281.0,1469.0,1375.0
next_HC,next,HC,tai20_15_04.F.15_01,5,1280.0,1480.0,1380.0
next_HC,next,HC,tai20_15_04.F.15_01,6,1277.0,1461.0,1369.0
next_HC,next,HC,tai20_15_04.F.15_01,7,1286.0,1467.0,1376.5
next_HC,next,HC,tai20_15_04.F.15_01,8,1282.0,1450.0,1366.0
next_HC,next,HC,tai20_15_04.F.15_01,9,1289.0,1493.0,1391.0
next_HC,next,HC,tai20_15_04.F.15_01,10,1297.0,1465.0,1381.0
next_HC,next,HC,tai20_15_04.F.15_01,11,1278.0,1467.0,1372.5
next_HC,next,HC,tai20_15_04.F.15_01,12,1311.0,1479.0,1395.0
next_HC,next,HC,tai20_15_04.F.15_01,13,1308.0,1468.0,1388.0
next_HC,next,HC,tai20_15_04.F.15_01,14,1273.0,1472.0,1372.5
next_HC,next,HC,tai20_15_04.F.15_01,15,1310.0,1475.0,1392.5
next_HC,next,HC,tai20_15_04.F.15_01,16,1284.0,1451.0,1367.5
next_HC,next,HC,tai20_15_04.F.15_01,17,1306.0,1474.0,1390.0
next_HC,next,HC,tai20_15_04.F.15_01,18,1306.0,1475.0,1390.5
next_HC,next,HC,tai20_15_04.F.15_01,19,1272.0,1474.0,1373.0
next_HC,next,HC,tai20_15_04.F.15_01,20,1305.0,1475.0,1390.0
next_HC,next,HC,tai20_15_04.F.15_01,21,1306.0,1474.0,1390.0
next_HC,next,HC,tai20_15_04.F.15_01,22,1298.0,1491.0,1394.5
next_HC,next,HC,tai20_15_04.F.15_01,23,1306.0,1474.0,1390.0
next_HC,next,HC,tai20_15_04.F.15_01,24,1296.0,1462.0,1379.0
next_HC,next,HC,tai20_15_04.F.15_01,25,1286.0,1470.0,1378.0
next_HC,next,HC,tai20_15_04.F.15_01,26,1282.0,1454.0,1368.0
next_HC,next,HC,tai20_15_04.F.15_01,27,1293.0,1486.0,1389.5
next_HC,next,HC,tai20_15_04.F.15_01,28,1306.0,1474.0,1390.0
next_HC,next,HC,tai20_15_04.F.15_01,29,1273.0,1478.0,1375.5
next_HC,next,HC,tai20_15_04.F.15_01,30,1299.0,1485.0,1392.0
next_HC,next,HC,tai20_15_05.F.15_01,1,1319.0,1511.0,1415.0
next_HC,next,HC,tai20_15_05.F.15_01,2,1311.0,1493.0,1402.0
next_HC,next,HC,tai20_15_05.F.15_01,3,1335.0,1509.0,1422.0
next_HC,next,HC,tai20_15_05.F.15_01,4,1317.0,1494.0,1405.5
next_HC,next,HC,tai20_15_05.F.15_01,5,1293.0,1506.0,1399.5
next_HC,next,HC,tai20_15_05.F.15_01,6,1328.0,1508.0,1418.0
next_HC,next,HC,tai20_15_05.F.15_01,7,1294.0,1490.0,1392.0
next_HC,next,HC,tai20_15_05.F.15_01,8,1330.0,1554.0,1442.0
next_HC,next,HC,tai20_15_05.F.15_01,9,1323.0,1526.0,1424.5
next_HC,next,HC,tai20_15_05.F.15_01,10,1301.0,1508.0,1404.5
next_HC,next,HC,tai20_15_05.F.15_01,11,1311.0,1490.0,1400.5
next_HC,next,HC,tai20_15_05.F.15_01,12,1305.0,1493.0,1399.0
next_HC,next,HC,tai20_15_05.F.15_01,13,1313.0,1508.0,1410.5
next_HC,next,HC,tai20_15_05.F.15_01,14,1311.0,1493.0,1402.0
next_HC,next,HC,tai20_15_05.F.15_01,15,1312.0,1530.0,1421.0
next_HC,next,HC,tai20_15_05.F.15_01,16,1326.0,1519.0,1422.5
next_HC,next,HC,tai20_15_05.F.15_01,17,1311.0,1504.0,1407.5
next_HC,next,HC,tai20_15_05.F.15_01,18,1339.0,1496.0,1417.5
next_HC,next,HC,tai20_15_05.F.15_01,19,1311.0,1496.0,1403.5
next_HC,next,HC,tai20_15_05.F.15_01,20,1303.0,1506.0,1404.5
next_HC,next,HC,tai20_15_05.F.15_01,21,1316.0,1517.0,1416.5
next_HC,next,HC,tai20_15_05.F.15_01,22,1301.0,1496.0,1398.5
next_HC,next,HC,tai20_15_05.F.15_01,23,1325.0,1519.0,1422.0
next_HC,next,HC,tai20_15_05.F.15_01,24,1305.0,1496.0,1400.5
next_HC,next,HC,tai20_15_05.F.15_01,25,1304.0,1500.0,1402.0
next_HC,next,HC,tai20_15_05.F.15_01,26,1337.0,1512.0,1424.5
next_HC,next,HC,tai20_15_05.F.15_01,27,1324.0,1504.0,1414.0
next_HC,next,HC,tai20_15_05.F.15_01,28,1317.0,1493.0,1405.0
next_HC,next,HC,tai20_15_05.F.15_01,29,1330.0,1518.0,1424.0
next_HC,next,HC,tai20_15_05.F.15_01,30,1279.0,1506.0,1392.5
next_HC,next,HC,tai20_15_06.F.15_01,1,1310.0,1523.0,1416.5
next_HC,next,HC,tai20_15_06.F.15_01,2,1303.0,1530.0,1416.5
next_HC,next,HC,tai20_15_06.F.15_01,3,1304.0,1532.0,1418.0
next_HC,next,HC,tai20_15_06.F.15_01,4,1324.0,1549.0,1436.5
next_HC,next,HC,tai20_15_06.F.15_01,5,1324.0,1540.0,1432.0
next_HC,next,HC,tai20_15_06.F.15_01,6,1326.0,1521.0,1423.5
next_HC,next,HC,tai20_15_06.F.15_01,7,1309.0,1529.0,1419.0
next_HC,next,HC,tai20_15_06.F.15_01,8,1348.0,1580.0,1464.0
next_HC,next,HC,tai20_15_06.F.15_01,9,1330.0,1545.0,1437.5
next_HC,next,HC,tai20_15_06.F.15_01,10,1316.0,1536.0,1426.0
next_HC,next,HC,tai20_15_06.F.15_01,11,1317.0,1566.0,1441.5
next_HC,next,HC,tai20_15_06.F.15_01,12,1320.0,1538.0,1429.0
next_HC,next,HC,tai20_15_06.F.15_01,13,1325.0,1568.0,1446.5
next_HC,next,HC,tai20_15_06.F.15_01,14,1315.0,1540.0,1427.5
next_HC,next,HC,tai20_15_06.F.15_01,15,1306.0,1537.0,1421.5
next_HC,next,HC,tai20_15_06.F.15_01,16,1321.0,1554.0,1437.5
next_HC,next,HC,tai20_15_06.F.15_01,17,1337.0,1576.0,1456.5
next_HC,next,HC,tai20_15_06.F.15_01,18,1310.0,1540.0,1425.0
next_HC,next,HC,tai20_15_06.F.15_01,19,1321.0,1534.0,1427.5
next_HC,next,HC,tai20_15_06.F.15_01,20,1301.0,1498.0,1399.5
next_HC,next,HC,tai20_15_06.F.15_01,21,1335.0,1562.0,1448.5
next_HC,next,HC,tai20_15_06.F.15_01,22,1323.0,1528.0,1425.5
next_HC,next,HC,tai20_15_06.F.15_01,23,1327.0,1531.0,1429.0
next_HC,next,HC,tai20_15_06.F.15_01,24,1339.0,1563.0,1451.0
next_HC,next,HC,tai20_15_06.F.15_01,25,1295.0,1515.0,1405.0
next_HC,next,HC,tai20_15_06.F.15_01,26,1324.0,1544.0,1434.0
next_HC,next,HC,tai20_15_06.F.15_01,27,1307.0,1514.0,1410.5
next_HC,next,HC,tai20_15_06.F.15_01,28,1306.0,1533.0,1419.5
next_HC,next,HC,tai20_15_06.F.15_01,29,1324.0,1529.0,1426.5
next_HC,next,HC,tai20_15_06.F.15_01,30,1298.0,1500.0,1399.0
next_HC,next,HC,tai20_15_07.F.15_01,1,1402.0,1652.0,1527.0
next_HC,next,HC,tai20_15_07.F.15_01,2,1431.0,1672.0,1551.5
next_HC,next,HC,tai20_15_07.F.15_01,3,1419.0,1651.0,1535.0
next_HC,next,HC,tai20_15_07.F.15_01,4,1391.0,1627.0,1509.0
next_HC,next,HC,tai20_15_07.F.15_01,5,1402.0,1646.0,1524.0
next_HC,next,HC,tai20_15_07.F.15_01,6,1399.0,1641.0,1520.0
next_HC,next,HC,tai20_15_07.F.15_01,7,1402.0,1646.0,1524.0
next_HC,next,HC,tai20_15_07.F.15_01,8,1437.0,1675.0,1556.0
next_HC,next,HC,tai20_15_07.F.15_01,9,1420.0,1632.0,1526.0
next_HC,next,HC,tai20_15_07.F.15_01,10,1407.0,1626.0,1516.5
next_HC,next,HC,tai20_15_07.F.15_01,11,1376.0,1627.0,1501.5
next_HC,next,HC,tai20_15_07.F.15_01,12,1402.0,1661.0,1531.5
next_HC,next,HC,tai20_15_07.F.15_01,13,1402.0,1646.0,1524.0
next_HC,next,HC,tai20_15_07.F.15_01,14,1402.0,1634.0,1518.0
next_HC,next,HC,tai20_15_07.F.15_01,15,1428.0,1658.0,1543.0
next_HC,next,HC,tai20_15_07.F.15_01,16,1419.0,1630.0,1524.5
next_HC,next,HC,tai20_15_07.F.15_01,17,1453.0,1689.0,1571.0
next_HC,next,HC,tai20_15_07.F.15_01,18,1402.0,1646.0,1524.0
next_HC,next,HC,tai20_15_07.F.15_01,19,1404.0,1652.0,1528.0
next_HC,next,HC,tai20_15_07.F.15_01,20,1419.0,1654.0,1536.5
next_HC,next,HC,tai20_15_07.F.15_01,21,1409.0,1646.0,1527.5
next_HC,next,HC,tai20_15_07.F.15_01,22,1425.0,1651.0,1538.0
next_HC,next,HC,tai20_15_07.F.15_01,23,1429.0,1669.0,1549.0
next_HC,next,HC,tai20_15_07.F.15_01,24,1437.0,1652.0,1544.5
next_HC,next,HC,tai20_15_07.F.15_01,25,1418.0,1646.0,1532.0
next_HC,next,HC,tai20_15_07.F.15_01,26,1383.0,1631.0,1507.0
next_HC,next,HC,tai20_15_07.F.15_01,27,1402.0,1652.0,1527.0
next_HC,next,HC,tai20_15_07.F.15_01,28,1419.0,1654.0,1536.5
next_HC,next,HC,tai20_15_07.F.15_01,29,1405.0,1648.0,1526.5
next_HC,next,HC,tai20_15_07.F.15_01,30,1402.0,1634.0,1518.0
next_HC,next,HC,tai20_15_08.F.15_01,1,1383.0,1566.0,1474.5
next_HC,next,HC,tai20_15_08.F.15_01,2,1377.0,1583.0,1480.0
next_HC,next,HC,tai20_15_08.F.15_01,3,1368.0,1576.0,1472.0
next_HC,next,HC,tai20_15_08.F.15_01,4,1373.0,1575.0,1474.0
next_HC,next,HC,tai20_15_08.F.15_01,5,1370.0,1566.0,1468.0
next_HC,next,HC,tai20_15_08.F.15_01,6,1387.0,1610.0,1498.5
next_HC,next,HC,tai20_15_08.F.15_01,7,1382.0,1581.0,1481.5
next_HC,next,HC,tai20_15_08.F.15_01,8,1376.0,1580.0,1478.0
next_HC,next,HC,tai20_15_08.F.15_01,9,1360.0,1558.0,1459.0
next_HC,next,HC,tai20_15_08.F.15_01,10,1385.0,1571.0,1478.0
next_HC,next,HC,tai20_15_08.F.15_01,11,1326.0,1549.0,1437.5
next_HC,next,HC,tai20_15_08.F.15_01,12,1388.0,1576.0,1482.0
next_HC,next,HC,tai20_15_08.F.15_01,13,1403.0,1587.0,1495.0
next_HC,next,HC,tai20_15_08.F.15_01,14,1393.0,1587.0,1490.0
next_HC,next,HC,tai20_15_08.F.15_01,15,1386.0,1592.0,1489.0
next_HC,next,HC,tai20_15_08.F.15_01,16,1368.0,1591.0,1479.5
next_HC,next,HC,tai20_15_08.F.15_01,17,1389.0,1590.0,1489.5
next_HC,next,HC,tai20_15_08.F.15_01,18,1360.0,1571.0,1465.5
next_HC,next,HC,tai20_15_08.F.15_01,19,1383.0,1577.0,1480.0
next_HC,next,HC,tai20_15_08.F.15_01,20,1361.0,1554.0,1457.5
next_HC,next,HC,tai20_15_08.F.15_01,21,1373.0,1580.0,1476.5
next_HC,next,HC,tai20_15_08.F.15_01,22,1401.0,1599.0,1500.0
next_HC,next,HC,tai20_15_08.F.15_01,23,1390.0,1590.0,1490.0
next_HC,next,HC,tai20_15_08.F.15_01,24,1363.0,1568.0,1465.5
next_HC,next,HC,tai20_15_08.F.15_01,25,1384.0,1576.0,1480.0
next_HC,next,HC,tai20_15_08.F.15_01,26,1367.0,1628.0,1497.5
next_HC,next,HC,tai20_15_08.F.15_01,27,1395.0,1577.0,1486.0
next_HC,next,HC,tai20_15_08.F.15_01,28,1396.0,1590.0,1493.0
next_HC,next,HC,tai20_15_08.F.15_01,29,1364.0,1555.0,1459.5
next_HC,next,HC,tai20_15_08.F.15_01,30,1344.0,1560.0,1452.0
next_HC,next,HC,tai20_15_09.F.15_01,1,1316.0,1544.0,1430.0
next_HC,next,HC,tai20_15_09.F.15_01,2,1324.0,1520.0,1422.0
next_HC,next,HC,tai20_15_09.F.15_01,3,1291.0,1499.0,1395.0
next_HC,next,HC,tai20_15_09.F.15_01,4,1304.0,1517.0,1410.5
next_HC,next,HC,tai20_15_09.F.15_01,5,1303.0,1517.0,1410.0
next_HC,next,HC,tai20_15_09.F.15_01,6,1352.0,1522.0,1437.0
next_HC,next,HC,tai20_15_09.F.15_01,7,1301.0,1524.0,1412.5
next_HC,next,HC,tai20_15_09.F.15_01,8,1336.0,1510.0,1423.0
next_HC,next,HC,tai20_15_09.F.15_01,9,1312.0,1540.0,1426.0
next_HC,next,HC,tai20_15_09.F.15_01,10,1340.0,1532.0,1436.0
next_HC,next,HC,tai20_15_09.F.15_01,11,1359.0,1563.0,1461.0
next_HC,next,HC,tai20_15_09.F.15_01,12,1314.0,1517.0,1415.5
next_HC,next,HC,tai20_15_09.F.15_01,13,1342.0,1530.0,1436.0
next_HC,next,HC,tai20_15_09.F.15_01,14,1321.0,1550.0,1435.5
next_HC,next,HC,tai20_15_09.F.15_01,15,1340.0,1537.0,1438.5
next_HC,next,HC,tai20_15_09.F.15_01,16,1318.0,1533.0,1425.5
next_HC,next,HC,tai20_15_09.F.15_01,17,1310.0,1529.0,1419.5
next_HC,next,HC,tai20_15_09.F.15_01,18,1318.0,1523.0,1420.5
next_HC,next,HC,tai20_15_09.F.15_01,19,1327.0,1539.0,1433.0
next_HC,next,HC,tai20_15_09.F.15_01,20,1277.0,1517.0,1397.0
next_HC,next,HC,tai20_15_09.F.15_01,21,1303.0,1493.0,1398.0
next_HC,next,HC,tai20_15_09.F.15_01,22,1345.0,1531.0,1438.0
next_HC,next,HC,tai20_15_09.F.15_01,23,1303.0,1515.0,1409.0
next_HC,next,HC,tai20_15_09.F.15_01,24,1304.0,1517.0,1410.5
next_HC,next,HC,tai20_15_09.F.15_01,25,1330.0,1524.0,1427.0
next_HC,next,HC,tai20_15_09.F.15_01,26,1328.0,1520.0,1424.0
next_HC,next,HC,tai20_15_09.F.15_01,27,1377.0,1547.0,1462.0
next_HC,next,HC,tai20_15_09.F.15_01,28,1294.0,1514.0,1404.0
next_HC,next,HC,tai20_15_09.F.15_01,29,1324.0,1519.0,1421.5
next_HC,next,HC,tai20_15_09.F.15_01,30,1301.0,1504.0,1402.5
next_HC,next,HC,tai20_15_10.F.15_01,1,1323.0,1528.0,1425.5
next_HC,next,HC,tai20_15_10.F.15_01,2,1328.0,1518.0,1423.0
next_HC,next,HC,tai20_15_10.F.15_01,3,1310.0,1509.0,1409.5
next_HC,next,HC,tai20_15_10.F.15_01,4,1320.0,1540.0,1430.0
next_HC,next,HC,tai20_15_10.F.15_01,5,1303.0,1485.0,1394.0
next_HC,next,HC,tai20_15_10.F.15_01,6,1286.0,1498.0,1392.0
next_HC,next,HC,tai20_15_10.F.15_01,7,1305.0,1502.0,1403.5
next_HC,next,HC,tai20_15_10.F.15_01,8,1324.0,1519.0,1421.5
next_HC,next,HC,tai20_15_10.F.15_01,9,1286.0,1506.0,1396.0
next_HC,next,HC,tai20_15_10.F.15_01,10,1288.0,1491.0,1389.5
next_HC,next,HC,tai20_15_10.F.15_01,11,1312.0,1518.0,1415.0
next_HC,next,HC,tai20_15_10.F.15_01,12,1319.0,1519.0,1419.0
next_HC,next,HC,tai20_15_10.F.15_01,13,1323.0,1501.0,1412.0
next_HC,next,HC,tai20_15_10.F.15_01,14,1286.0,1498.0,1392.0
next_HC,next,HC,tai20_15_10.F.15_01,15,1318.0,1515.0,1416.5
next_HC,next,HC,tai20_15_10.F.15_01,16,1313.0,1530.0,1421.5
next_HC,next,HC,tai20_15_10.F.15_01,17,1308.0,1522.0,1415.0
next_HC,next,HC,tai20_15_10.F.15_01,18,1311.0,1500.0,1405.5
next_HC,next,HC,tai20_15_10.F.15_01,19,1301.0,1514.0,1407.5
next_HC,next,HC,tai20_15_10.F.15_01,20,1304.0,1506.0,1405.0
next_HC,next,HC,tai20_15_10.F.15_01,21,1297.0,1499.0,1398.0
next_HC,next,HC,tai20_15_10.F.15_01,22,1315.0,1508.0,1411.5
next_HC,next,HC,tai20_15_10.F.15_01,23,1313.0,1518.0,1415.5
next_HC,next,HC,tai20_15_10.F.15_01,24,1335.0,1521.0,1428.0
next_HC,next,HC,tai20_15_10.F.15_01,25,1322.0,1536.0,1429.0
next_HC,next,HC,tai20_15_10.F.15_01,26,1305.0,1513.0,1409.0
next_HC,next,HC,tai20_15_10.F.15_01,27,1294.0,1504.0,1399.0
next_HC,next,HC,tai20_15_10.F.15_01,28,1338.0,1511.0,1424.5
next_HC,next,HC,tai20_15_10.F.15_01,29,1297.0,1507.0,1402.0
next_HC,next,HC,tai20_15_10.F.15_01,30,1329.0,1514.0,1421.5
next_HC,next,HC,tai20_20_01.F.15_01,1,1596.0,1794.0,1695.0
next_HC,next,HC,tai20_20_01.F.15_01,2,1662.0,1824.0,1743.0
next_HC,next,HC,tai20_20_01.F.15_01,3,1632.0,1857.0,1744.5
next_HC,next,HC,tai20_20_01.F.15_01,4,1609.0,1847.0,1728.0
next_HC,next,HC,tai20_20_01.F.15_01,5,1588.0,1789.0,1688.5
next_HC,next,HC,tai20_20_01.F.15_01,6,1642.0,1861.0,1751.5
next_HC,next,HC,tai20_20_01.F.15_01,7,1607.0,1842.0,1724.5
next_HC,next,HC,tai20_20_01.F.15_01,8,1618.0,1841.0,1729.5
next_HC,next,HC,tai20_20_01.F.15_01,9,1591.0,1830.0,1710.5
next_HC,next,HC,tai20_20_01.F.15_01,10,1612.0,1826.0,1719.0
next_HC,next,HC,tai20_20_01.F.15_01,11,1644.0,1831.0,1737.5
next_HC,next,HC,tai20_20_01.F.15_01,12,1613.0,1873.0,1743.0
next_HC,next,HC,tai20_20_01.F.15_01,13,1629.0,1854.0,1741.5
next_HC,next,HC,tai20_20_01.F.15_01,14,1594.0,1792.0,1693.0
next_HC,next,HC,tai20_20_01.F.15_01,15,1615.0,1821.0,1718.0
next_HC,next,HC,tai20_20_01.F.15_01,16,1628.0,1829.0,1728.5
next_HC,next,HC,tai20_20_01.F.15_01,17,1612.0,1849.0,1730.5
next_HC,next,HC,tai20_20_01.F.15_01,18,1639.0,1833.0,1736.0
next_HC,next,HC,tai20_20_01.F.15_01,19,1656.0,1852.0,1754.0
next_HC,next,HC,tai20_20_01.F.15_01,20,1591.0,1811.0,1701.0
next_HC,next,HC,tai20_20_01.F.15_01,21,1619.0,1861.0,1740.0
next_HC,next,HC,tai20_20_01.F.15_01,22,1619.0,1849.0,1734.0
next_HC,next,HC,tai20_20_01.F.15_01,23,1593.0,1837.0,1715.0
next_HC,next,HC,tai20_20_01.F.15_01,24,1707.0,1889.0,1798.0
next_HC,next,HC,tai20_20_01.F.15_01,25,1632.0,1812.0,1722.0
next_HC,next,HC,tai20_20_01.F.15_01,26,1611.0,1821.0,1716.0
next_HC,next,HC,tai20_20_01.F.15_01,27,1613.0,1830.0,1721.5
next_HC,next,HC,tai20_20_01.F.15_01,28,1610.0,1830.0,1720.0
next_HC,next,HC,tai20_20_01.F.15_01,29,1597.0,1849.0,1723.0
next_HC,next,HC,tai20_20_01.F.15_01,30,1630.0,1850.0,1740.0
next_HC,next,HC,tai20_20_02.F.15_01,1,1553.0,1813.0,1683.0
next_HC,next,HC,tai20_20_02.F.15_01,2,1559.0,1792.0,1675.5
next_HC,next,HC,tai20_20_02.F.15_01,3,1542.0,1744.0,1643.0
next_HC,next,HC,tai20_20_02.F.15_01,4,1557.0,1786.0,1671.5
next_HC,next,HC,tai20_20_02.F.15_01,5,1559.0,1759.0,1659.0
next_HC,next,HC,tai20_20_02.F.15_01,6,1531.0,1765.0,1648.0
next_HC,next,HC,tai20_20_02.F.15_01,7,1568.0,1764.0,1666.0
next_HC,next,HC,tai20_20_02.F.15_01,8,1567.0,1772.0,1669.5
next_HC,next,HC,tai20_20_02.F.15_01,9,1545.0,1773.0,1659.0
next_HC,next,HC,tai20_20_02.F.15_01,10,1608.0,1780.0,1694.0
next_HC,next,HC,tai20_20_02.F.15_01,11,1566.0,1796.0,1681.0
next_HC,next,HC,tai20_20_02.F.15_01,12,1564.0,1822.0,1693.0
next_HC,next,HC,tai20_20_02.F.15_01,13,1553.0,1769.0,1661.0
next_HC,next,HC,tai20_20_02.F.15_01,14,1538.0,1772.0,1655.0
next_HC,next,HC,tai20_20_02.F.15_01,15,1548.0,1774.0,1661.0
next_HC,next,HC,tai20_20_02.F.15_01,16,1546.0,1788.0,1667.0
next_HC,next,HC,tai20_20_02.F.15_01,17,1583.0,1799.0,1691.0
next_HC,next,HC,tai20_20_02.F.15_01,18,1556.0,1780.0,1668.0
next_HC,next,HC,tai20_20_02.F.15_01,19,1560.0,1778.0,1669.0
next_HC,next,HC,tai20_20_02.F.15_01,20,1622.0,1796.0,1709.0
next_HC,next,HC,tai20_20_02.F.15_01,21,1573.0,1796.0,1684.5
next_HC,next,HC,tai20_20_02.F.15_01,22,1585.0,1782.0,1683.5
next_HC,next,HC,tai20_20_02.F.15_01,23,1539.0,1781.0,1660.0
next_HC,next,HC,tai20_20_02.F.15_01,24,1568.0,1783.0,1675.5
next_HC,next,HC,tai20_20_02.F.15_01,25,1555.0,1778.0,1666.5
next_HC,next,HC,tai20_20_02.F.15_01,26,1574.0,1802.0,1688.0
next_HC,next,HC,tai20_20_02.F.15_01,27,1573.0,1789.0,1681.0
next_HC,next,HC,tai20_20_02.F.15_01,28,1555.0,1801.0,1678.0
next_HC,next,HC,tai20_20_02.F.15_01,29,1567.0,1788.0,1677.5
next_HC,next,HC,tai20_20_02.F.15_01,30,1566.0,1805.0,1685.5
next_HC,next,HC,tai20_20_03.F.15_01,1,1514.0,1712.0,1613.0
next_HC,next,HC,tai20_20_03.F.15_01,2,1551.0,1747.0,1649.0
next_HC,next,HC,tai20_20_03.F.15_01,3,1525.0,1720.0,1622.5
next_HC,next,HC,tai20_20_03.F.15_01,4,1548.0,1700.0,1624.0
next_HC,next,HC,tai20_20_03.F.15_01,5,1552.0,1718.0,1635.0
next_HC,next,HC,tai20_20_03.F.15_01,6,1570.0,1740.0,1655.0
next_HC,next,HC,tai20_20_03.F.15_01,7,1540.0,1721.0,1630.5
next_HC,next,HC,tai20_20_03.F.15_01,8,1569.0,1768.0,1668.5
next_HC,next,HC,tai20_20_03.F.15_01,9,1579.0,1758.0,1668.5
next_HC,next,HC,tai20_20_03.F.15_01,10,1561.0,1727.0,1644.0
next_HC,next,HC,tai20_20_03.F.15_01,11,1606.0,1756.0,1681.0
next_HC,next,HC,tai20_20_03.F.15_01,12,1538.0,1720.0,1629.0
next_HC,next,HC,tai20_20_03.F.15_01,13,1543.0,1715.0,1629.0
next_HC,next,HC,tai20_20_03.F.15_01,14,1553.0,1730.0,1641.5
next_HC,next,HC,tai20_20_03.F.15_01,15,1544.0,1732.0,1638.0
next_HC,next,HC,tai20_20_03.F.15_01,16,1559.0,1756.0,1657.5
next_HC,next,HC,tai20_20_03.F.15_01,17,1557.0,1724.0,1640.5
next_HC,next,HC,tai20_20_03.F.15_01,18,1593.0,1742.0,1667.5
next_HC,next,HC,tai20_20_03.F.15_01,19,1550.0,1723.0,1636.5
next_HC,next,HC,tai20_20_03.F.15_01,20,1549.0,1729.0,1639.0
next_HC,next,HC,tai20_20_03.F.15_01,21,1545.0,1712.0,1628.5
next_HC,next,HC,tai20_20_03.F.15_01,22,1530.0,1730.0,1630.0
next_HC,next,HC,tai20_20_03.F.15_01,23,1570.0,1752.0,1661.0
next_HC,next,HC,tai20_20_03.F.15_01,24,1544.0,1720.0,1632.0
next_HC,next,HC,tai20_20_03.F.15_01,25,1544.0,1712.0,1628.0
next_HC,next,HC,tai20_20_03.F.15_01,26,1556.0,1729.0,1642.5
next_HC,next,HC,tai20_20_03.F.15_01,27,1579.0,1790.0,1684.5
next_HC,next,HC,tai20_20_03.F.15_01,28,1550.0,1735.0,1642.5
next_HC,next,HC,tai20_20_03.F.15_01,29,1541.0,1701.0,1621.0
next_HC,next,HC,tai20_20_03.F.15_01,30,1578.0,1723.0,1650.5
next_HC,next,HC,tai20_20_04.F.15_01,1,1604.0,1832.0,1718.0
next_HC,next,HC,tai20_20_04.F.15_01,2,1638.0,1857.0,1747.5
next_HC,next,HC,tai20_20_04.F.15_01,3,1637.0,1880.0,1758.5
next_HC,next,HC,tai20_20_04.F.15_01,4,1615.0,1852.0,1733.5
next_HC,next,HC,tai20_20_04.F.15_01,5,1584.0,1806.0,1695.0
next_HC,next,HC,tai20_20_04.F.15_01,6,1628.0,1848.0,1738.0
next_HC,next,HC,tai20_20_04.F.15_01,7,1606.0,1850.0,1728.0
next_HC,next,HC,tai20_20_04.F.15_01,8,1588.0,1826.0,1707.0
next_HC,next,HC,tai20_20_04.F.15_01,9,1609.0,1832.0,1720.5
next_HC,next,HC,tai20_20_04.F.15_01,10,1607.0,1831.0,1719.0
next_HC,next,HC,tai20_20_04.F.15_01,11,1602.0,1835.0,1718.5
next_HC,next,HC,tai20_20_04.F.15_01,12,1622.0,1837.0,1729.5
next_HC,next,HC,tai20_20_04.F.15_01,13,1627.0,1871.0,1749.0
next_HC,next,HC,tai20_20_04.F.15_01,14,1562.0,1814.0,1688.0
next_HC,next,HC,tai20_20_04.F.15_01,15,1632.0,1886.0,1759.0
next_HC,next,HC,tai20_20_04.F.15_01,16,1604.0,1835.0,1719.5
next_HC,next,HC,tai20_20_04.F.15_01,17,1592.0,1850.0,1721.0
next_HC,next,HC,tai20_20_04.F.15_01,18,1603.0,1864.0,1733.5
next_HC,next,HC,tai20_20_04.F.15_01,19,1612.0,1840.0,1726.0
next_HC,next,HC,tai20_20_04.F.15_01,20,1599.0,1824.0,1711.5
next_HC,next,HC,tai20_20_04.F.15_01,21,1615.0,1836.0,1725.5
next_HC,next,HC,tai20_20_04.F.15_01,22,1594.0,1842.0,1718.0
next_HC,next,HC,tai20_20_04.F.15_01,23,1632.0,1872.0,1752.0
next_HC,next,HC,tai20_20_04.F.15_01,24,1598.0,1846.0,1722.0
next_HC,next,HC,tai20_20_04.F.15_01,25,1609.0,1843.0,1726.0
next_HC,next,HC,tai20_20_04.F.15_01,26,1607.0,1839.0,1723.0
next_HC,next,HC,tai20_20_04.F.15_01,27,1614.0,1857.0,1735.5
next_HC,next,HC,tai20_20_04.F.15_01,28,1606.0,1855.0,1730.5
next_HC,next,HC,tai20_20_04.F.15_01,29,1616.0,1857.0,1736.5
next_HC,next,HC,tai20_20_04.F.15_01,30,1596.0,1811.0,1703.5
next_HC,next,HC,tai20_20_05.F.15_01,1,1587.0,1798.0,1692.5
next_HC,next,HC,tai20_20_05.F.15_01,2,1586.0,1813.0,1699.5
next_HC,next,HC,tai20_20_05.F.15_01,3,1602.0,1790.0,1696.0
next_HC,next,HC,tai20_20_05.F.15_01,4,1586.0,1777.0,1681.5
next_HC,next,HC,tai20_20_05.F.15_01,5,1587.0,1776.0,1681.5
next_HC,next,HC,tai20_20_05.F.15_01,6,1563.0,1789.0,1676.0
next_HC,next,HC,tai20_20_05.F.15_01,7,1578.0,1793.0,1685.5
next_HC,next,HC,tai20_20_05.F.15_01,8,1599.0,1818.0,1708.5
next_HC,next,HC,tai20_20_05.F.15_01,9,1580.0,1777.0,1678.5
next_HC,next,HC,tai20_20_05.F.15_01,10,1621.0,1818.0,1719.5
next_HC,next,HC,tai20_20_05.F.15_01,11,1569.0,1792.0,1680.5
next_HC,next,HC,tai20_20_05.F.15_01,12,1573.0,1786.0,1679.5
next_HC,next,HC,tai20_20_05.F.15_01,13,1599.0,1812.0,1705.5
next_HC,next,HC,tai20_20_05.F.15_01,14,1553.0,1793.0,1673.0
next_HC,next,HC,tai20_20_05.F.15_01,15,1598.0,1804.0,1701.0
next_HC,next,HC,tai20_20_05.F.15_01,16,1596.0,1777.0,1686.5
next_HC,next,HC,tai20_20_05.F.15_01,17,1614.0,1812.0,1713.0
next_HC,next,HC,tai20_20_05.F.15_01,18,1573.0,1770.0,1671.5
next_HC,next,HC,tai20_20_05.F.15_01,19,1579.0,1810.0,1694.5
next_HC,next,HC,tai20_20_05.F.15_01,20,1582.0,1784.0,1683.0
next_HC,next,HC,tai20_20_05.F.15_01,21,1585.0,1810.0,1697.5
next_HC,next,HC,tai20_20_05.F.15_01,22,1592.0,1768.0,1680.0
next_HC,next,HC,tai20_20_05.F.15_01,23,1591.0,1795.0,1693.0
next_HC,next,HC,tai20_20_05.F.15_01,24,1592.0,1792.0,1692.0
next_HC,next,HC,tai20_20_05.F.15_01,25,1596.0,1786.0,1691.0
next_HC,next,HC,tai20_20_05.F.15_01,26,1603.0,1791.0,1697.0
next_HC,next,HC,tai20_20_05.F.15_01,27,1583.0,1753.0,1668.0
next_HC,next,HC,tai20_20_05.F.15_01,28,1649.0,1813.0,1731.0
next_HC,next,HC,tai20_20_05.F.15_01,29,1577.0,1785.0,1681.0
next_HC,next,HC,tai20_20_05.F.15_01,30,1570.0,1760.0,1665.0
next_HC,next,HC,tai20_20_06.F.15_01,1,1650.0,1828.0,1739.0
next_HC,next,HC,tai20_20_06.F.15_01,2,1641.0,1839.0,1740.0
next_HC,next,HC,tai20_20_06.F.15_01,3,1641.0,1823.0,1732.0
next_HC,next,HC,tai20_20_06.F.15_01,4,1635.0,1852.0,1743.5
next_HC,next,HC,tai20_20_06.F.15_01,5,1651.0,1853.0,1752.0
next_HC,next,HC,tai20_20_06.F.15_01,6,1631.0,1832.0,1731.5
next_HC,next,HC,tai20_20_06.F.15_01,7,1638.0,1834.0,1736.0
next_HC,next,HC,tai20_20_06.F.15_01,8,1628.0,1827.0,1727.5
next_HC,next,HC,tai20_20_06.F.15_01,9,1641.0,1836.0,1738.5
next_HC,next,HC,tai20_20_06.F.15_01,10,1643.0,1857.0,1750.0
next_HC,next,HC,tai20_20_06.F.15_01,11,1654.0,1840.0,1747.0
next_HC,next,HC,tai20_20_06.F.15_01,12,1643.0,1834.0,1738.5
next_HC,next,HC,tai20_20_06.F.15_01,13,1647.0,1830.0,1738.5
next_HC,next,HC,tai20_20_06.F.15_01,14,1639.0,1818.0,1728.5
next_HC,next,HC,tai20_20_06.F.15_01,15,1643.0,1820.0,1731.5
next_HC,next,HC,tai20_20_06.F.15_01,16,1626.0,1842.0,1734.0
next_HC,next,HC,tai20_20_06.F.15_01,17,1641.0,1817.0,1729.0
next_HC,next,HC,tai20_20_06.F.15_01,18,1642.0,1833.0,1737.5
next_HC,next,HC,tai20_20_06.F.15_01,19,1675.0,1869.0,1772.0
next_HC,next,HC,tai20_20_06.F.15_01,20,1663.0,1853.0,1758.0
next_HC,next,HC,tai20_20_06.F.15_01,21,1629.0,1829.0,1729.0
next_HC,next,HC,tai20_20_06.F.15_01,22,1636.0,1807.0,1721.5
next_HC,next,HC,tai20_20_06.F.15_01,23,1628.0,1832.0,1730.0
next_HC,next,HC,tai20_20_06.F.15_01,24,1622.0,1815.0,1718.5
next_HC,next,HC,tai20_20_06.F.15_01,25,1663.0,1867.0,1765.0
next_HC,next,HC,tai20_20_06.F.15_01,26,1657.0,1886.0,1771.5
next_HC,next,HC,tai20_20_06.F.15_01,27,1638.0,1834.0,1736.0
next_HC,next,HC,tai20_20_06.F.15_01,28,1613.0,1819.0,1716.0
next_HC,next,HC,tai20_20_06.F.15_01,29,1649.0,1837.0,1743.0
next_HC,next,HC,tai20_20_06.F.15_01,30,1687.0,1876.0,1781.5
next_HC,next,HC,tai20_20_07.F.15_01,1,1677.0,1881.0,1779.0
next_HC,next,HC,tai20_20_07.F.15_01,2,1673.0,1873.0,1773.0
next_HC,next,HC,tai20_20_07.F.15_01,3,1647.0,1835.0,1741.0
next_HC,next,HC,tai20_20_07.F.15_01,4,1675.0,1889.0,1782.0
next_HC,next,HC,tai20_20_07.F.15_01,5,1645.0,1870.0,1757.5
next_HC,next,HC,tai20_20_07.F.15_01,6,1660.0,1876.0,1768.0
next_HC,next,HC,tai20_20_07.F.15_01,7,1674.0,1857.0,1765.5
next_HC,next,HC,tai20_20_07.F.15_01,8,1678.0,1840.0,1759.0
next_HC,next,HC,tai20_20_07.F.15_01,9,1650.0,1837.0,1743.5
next_HC,next,HC,tai20_20_07.F.15_01,10,1712.0,1893.0,1802.5
next_HC,next,HC,tai20_20_07.F.15_01,11,1687.0,1874.0,1780.5
next_HC,next,HC,tai20_20_07.F.15_01,12,1664.0,1874.0,1769.0
next_HC,next,HC,tai20_20_07.F.15_01,13,1670.0,1881.0,1775.5
next_HC,next,HC,tai20_20_07.F.15_01,14,1676.0,1871.0,1773.5
next_HC,next,HC,tai20_20_07.F.15_01,15,1643.0,1835.0,1739.0
next_HC,next,HC,tai20_20_07.F.15_01,16,1653.0,1835.0,1744.0
next_HC,next,HC,tai20_20_07.F.15_01,17,1641.0,1844.0,1742.5
next_HC,next,HC,tai20_20_07.F.15_01,18,1657.0,1882.0,1769.5
next_HC,next,HC,tai20_20_07.F.15_01,19,1693.0,1875.0,1784.0
next_HC,next,HC,tai20_20_07.F.15_01,20,1694.0,1869.0,1781.5
next_HC,next,HC,tai20_20_07.F.15_01,21,1656.0,1873.0,1764.5
next_HC,next,HC,tai20_20_07.F.15_01,22,1633.0,1844.0,1738.5
next_HC,next,HC,tai20_20_07.F.15_01,23,1655.0,1840.0,1747.5
next_HC,next,HC,tai20_20_07.F.15_01,24,1657.0,1859.0,1758.0
next_HC,next,HC,tai20_20_07.F.15_01,25,1654.0,1853.0,1753.5
next_HC,next,HC,tai20_20_07.F.15_01,26,1644.0,1870.0,1757.0
next_HC,next,HC,tai20_20_07.F.15_01,27,1641.0,1859.0,1750.0
next_HC,next,HC,tai20_20_07.F.15_01,28,1672.0,1879.0,1775.5
next_HC,next,HC,tai20_20_07.F.15_01,29,1671.0,1860.0,1765.5
next_HC,next,HC,tai20_20_07.F.15_01,30,1669.0,1865.0,1767.0
next_HC,next,HC,tai20_20_08.F.15_01,1,1632.0,1790.0,1711.0
next_HC,next,HC,tai20_20_08.F.15_01,2,1568.0,1803.0,1685.5
next_HC,next,HC,tai20_20_08.F.15_01,3,1607.0,1791.0,1699.0
next_HC,next,HC,tai20_20_08.F.15_01,4,1535.0,1752.0,1643.5
next_HC,next,HC,tai20_20_08.F.15_01,5,1576.0,1771.0,1673.5
next_HC,next,HC,tai20_20_08.F.15_01,6,1582.0,1782.0,1682.0
next_HC,next,HC,tai20_20_08.F.15_01,7,1579.0,1799.0,1689.0
next_HC,next,HC,tai20_20_08.F.15_01,8,1586.0,1792.0,1689.0
next_HC,next,HC,tai20_20_08.F.15_01,9,1557.0,1782.0,1669.5
next_HC,next,HC,tai20_20_08.F.15_01,10,1566.0,1792.0,1679.0
next_HC,next,HC,tai20_20_08.F.15_01,11,1594.0,1816.0,1705.0
next_HC,next,HC,tai20_20_08.F.15_01,12,1569.0,1761.0,1665.0
next_HC,next,HC,tai20_20_08.F.15_01,13,1559.0,1761.0,1660.0
next_HC,next,HC,tai20_20_08.F.15_01,14,1559.0,1791.0,1675.0
next_HC,next,HC,tai20_20_08.F.15_01,15,1540.0,1768.0,1654.0
next_HC,next,HC,tai20_20_08.F.15_01,16,1593.0,1784.0,1688.5
next_HC,next,HC,tai20_20_08.F.15_01,17,1564.0,1785.0,1674.5
next_HC,next,HC,tai20_20_08.F.15_01,18,1593.0,1799.0,1696.0
next_HC,next,HC,tai20_20_08.F.15_01,19,1557.0,1785.0,1671.0
next_HC,next,HC,tai20_20_08.F.15_01,20,1572.0,1773.0,1672.5
next_HC,next,HC,tai20_20_08.F.15_01,21,1593.0,1799.0,1696.0
next_HC,next,HC,tai20_20_08.F.15_01,22,1537.0,1777.0,1657.0
next_HC,next,HC,tai20_20_08.F.15_01,23,1582.0,1790.0,1686.0
next_HC,next,HC,tai20_20_08.F.15_01,24,1570.0,1766.0,1668.0
next_HC,next,HC,tai20_20_08.F.15_01,25,1542.0,1755.0,1648.5
next_HC,next,HC,tai20_20_08.F.15_01,26,1573.0,1751.0,1662.0
next_HC,next,HC,tai20_20_08.F.15_01,27,1570.0,1785.0,1677.5
next_HC,next,HC,tai20_20_08.F.15_01,28,1573.0,1785.0,1679.0
next_HC,next,HC,tai20_20_08.F.15_01,29,1582.0,1781.0,1681.5
next_HC,next,HC,tai20_20_08.F.15_01,30,1555.0,1788.0,1671.5
next_HC,next,HC,tai20_20_09.F.15_01,1,1598.0,1775.0,1686.5
next_HC,next,HC,tai20_20_09.F.15_01,2,1579.0,1777.0,1678.0
next_HC,next,HC,tai20_20_09.F.15_01,3,1575.0,1773.0,1674.0
next_HC,next,HC,tai20_20_09.F.15_01,4,1577.0,1778.0,1677.5
next_HC,next,HC,tai20_20_09.F.15_01,5,1576.0,1790.0,1683.0
next_HC,next,HC,tai20_20_09.F.15_01,6,1587.0,1821.0,1704.0
next_HC,next,HC,tai20_20_09.F.15_01,7,1566.0,1787.0,1676.5
next_HC,next,HC,tai20_20_09.F.15_01,8,1572.0,1760.0,1666.0
next_HC,next,HC,tai20_20_09.F.15_01,9,1555.0,1776.0,1665.5
next_HC,next,HC,tai20_20_09.F.15_01,10,1578.0,1766.0,1672.0
next_HC,next,HC,tai20_20_09.F.15_01,11,1576.0,1752.0,1664.0
next_HC,next,HC,tai20_20_09.F.15_01,12,1581.0,1777.0,1679.0
next_HC,next,HC,tai20_20_09.F.15_01,13,1569.0,1763.0,1666.0
next_HC,next,HC,tai20_20_09.F.15_01,14,1544.0,1751.0,1647.5
next_HC,next,HC,tai20_20_09.F.15_01,15,1580.0,1756.0,1668.0
next_HC,next,HC,tai20_20_09.F.15_01,16,1550.0,1761.0,1655.5
next_HC,next,HC,tai20_20_09.F.15_01,17,1567.0,1766.0,1666.5
next_HC,next,HC,tai20_20_09.F.15_01,18,1583.0,1789.0,1686.0
next_HC,next,HC,tai20_20_09.F.15_01,19,1584.0,1768.0,1676.0
next_HC,next,HC,tai20_20_09.F.15_01,20,1545.0,1770.0,1657.5
next_HC,next,HC,tai20_20_09.F.15_01,21,1593.0,1781.0,1687.0
next_HC,next,HC,tai20_20_09.F.15_01,22,1557.0,1766.0,1661.5
next_HC,next,HC,tai20_20_09.F.15_01,23,1587.0,1775.0,1681.0
next_HC,next,HC,tai20_20_09.F.15_01,24,1576.0,1793.0,1684.5
next_HC,next,HC,tai20_20_09.F.15_01,25,1592.0,1766.0,1679.0
next_HC,next,HC,tai20_20_09.F.15_01,26,1560.0,1761.0,1660.5
next_HC,next,HC,tai20_20_09.F.15_01,27,1568.0,1771.0,1669.5
next_HC,next,HC,tai20_20_09.F.15_01,28,1609.0,1795.0,1702.0
next_HC,next,HC,tai20_20_09.F.15_01,29,1595.0,1772.0,1683.5
next_HC,next,HC,tai20_20_09.F.15_01,30,1604.0,1806.0,1705.0
next_HC,next,HC,tai20_20_10.F.15_01,1,1550.0,1756.0,1653.0
next_HC,next,HC,tai20_20_10.F.15_01,2,1597.0,1796.0,1696.5
next_HC,next,HC,tai20_20_10.F.15_01,3,1585.0,1774.0,1679.5
next_HC,next,HC,tai20_20_10.F.15_01,4,1556.0,1739.0,1647.5
next_HC,next,HC,tai20_20_10.F.15_01,5,1555.0,1746.0,1650.5
next_HC,next,HC,tai20_20_10.F.15_01,6,1562.0,1765.0,1663.5
next_HC,next,HC,tai20_20_10.F.15_01,7,1548.0,1753.0,1650.5
next_HC,next,HC,tai20_20_10.F.15_01,8,1556.0,1755.0,1655.5
next_HC,next,HC,tai20_20_10.F.15_01,9,1574.0,1757.0,1665.5
next_HC,next,HC,tai20_20_10.F.15_01,10,1541.0,1739.0,1640.0
next_HC,next,HC,tai20_20_10.F.15_01,11,1575.0,1752.0,1663.5
next_HC,next,HC,tai20_20_10.F.15_01,12,1527.0,1734.0,1630.5
next_HC,next,HC,tai20_20_10.F.15_01,13,1575.0,1747.0,1661.0
next_HC,next,HC,tai20_20_10.F.15_01,14,1566.0,1757.0,1661.5
next_HC,next,HC,tai20_20_10.F.15_01,15,1556.0,1762.0,1659.0
next_HC,next,HC,tai20_20_10.F.15_01,16,1545.0,1737.0,1641.0
next_HC,next,HC,tai20_20_10.F.15_01,17,1571.0,1751.0,1661.0
next_HC,next,HC,tai20_20_10.F.15_01,18,1569.0,1764.0,1666.5
next_HC,next,HC,tai20_20_10.F.15_01,19,1554.0,1788.0,1671.0
next_HC,next,HC,tai20_20_10.F.15_01,20,1546.0,1758.0,1652.0
next_HC,next,HC,tai20_20_10.F.15_01,21,1551.0,1762.0,1656.5
next_HC,next,HC,tai20_20_10.F.15_01,22,1559.0,1739.0,1649.0
next_HC,next,HC,tai20_20_10.F.15_01,23,1551.0,1733.0,1642.0
next_HC,next,HC,tai20_20_10.F.15_01,24,1543.0,1771.0,1657.0
next_HC,next,HC,tai20_20_10.F.15_01,25,1546.0,1757.0,1651.5
next_HC,next,HC,tai20_20_10.F.15_01,26,1564.0,1758.0,1661.0
next_HC,next,HC,tai20_20_10.F.15_01,27,1588.0,1771.0,1679.5
next_HC,next,HC,tai20_20_10.F.15_01,28,1588.0,1747.0,1667.5
next_HC,next,HC,tai20_20_10.F.15_01,29,1532.0,1752.0,1642.0
next_HC,next,HC,tai20_20_10.F.15_01,30,1583.0,1761.0,1672.0
next_HC,next,HC,tai30_15_01.F.15_01,1,1725.0,1955.0,1840.0
next_HC,next,HC,tai30_15_01.F.15_01,2,1720.0,1949.0,1834.5
next_HC,next,HC,tai30_15_01.F.15_01,3,1726.0,1960.0,1843.0
next_HC,next,HC,tai30_15_01.F.15_01,4,1711.0,1946.0,1828.5
next_HC,next,HC,tai30_15_01.F.15_01,5,1704.0,1920.0,1812.0
next_HC,next,HC,tai30_15_01.F.15_01,6,1758.0,1972.0,1865.0
next_HC,next,HC,tai30_15_01.F.15_01,7,1706.0,1936.0,1821.0
next_HC,next,HC,tai30_15_01.F.15_01,8,1720.0,1954.0,1837.0
next_HC,next,HC,tai30_15_01.F.15_01,9,1722.0,1953.0,1837.5
next_HC,next,HC,tai30_15_01.F.15_01,10,1737.0,1956.0,1846.5
next_HC,next,HC,tai30_15_01.F.15_01,11,1725.0,1943.0,1834.0
next_HC,next,HC,tai30_15_01.F.15_01,12,1700.0,1936.0,1818.0
next_HC,next,HC,tai30_15_01.F.15_01,13,1717.0,1953.0,1835.0
next_HC,next,HC,tai30_15_01.F.15_01,14,1728.0,1955.0,1841.5
next_HC,next,HC,tai30_15_01.F.15_01,15,1732.0,1973.0,1852.5
next_HC,next,HC,tai30_15_01.F.15_01,16,1709.0,1936.0,1822.5
next_HC,next,HC,tai30_15_01.F.15_01,17,1748.0,1978.0,1863.0
next_HC,next,HC,tai30_15_01.F.15_01,18,1703.0,1933.0,1818.0
next_HC,next,HC,tai30_15_01.F.15_01,19,1717.0,1955.0,1836.0
next_HC,next,HC,tai30_15_01.F.15_01,20,1706.0,1940.0,1823.0
next_HC,next,HC,tai30_15_01.F.15_01,21,1727.0,1951.0,1839.0
next_HC,next,HC,tai30_15_01.F.15_01,22,1716.0,1949.0,1832.5
next_HC,next,HC,tai30_15_01.F.15_01,23,1762.0,1985.0,1873.5
next_HC,next,HC,tai30_15_01.F.15_01,24,1721.0,1954.0,1837.5
next_HC,next,HC,tai30_15_01.F.15_01,25,1708.0,1957.0,1832.5
next_HC,next,HC,tai30_15_01.F.15_01,26,1738.0,1988.0,1863.0
next_HC,next,HC,tai30_15_01.F.15_01,27,1715.0,1948.0,1831.5
next_HC,next,HC,tai30_15_01.F.15_01,28,1735.0,1943.0,1839.0
next_HC,next,HC,tai30_15_01.F.15_01,29,1725.0,1937.0,1831.0
next_HC,next,HC,tai30_15_01.F.15_01,30,1701.0,1938.0,1819.5
next_HC,next,HC,tai30_15_02.F.15_01,1,1779.0,2066.0,1922.5
next_HC,next,HC,tai30_15_02.F.15_01,2,1777.0,2026.0,1901.5
next_HC,next,HC,tai30_15_02.F.15_01,3,1788.0,2075.0,1931.5
next_HC,next,HC,tai30_15_02.F.15_01,4,1808.0,2090.0,1949.0
next_HC,next,HC,tai30_15_02.F.15_01,5,1788.0,2066.0,1927.0
next_HC,next,HC,tai30_15_02.F.15_01,6,1805.0,2069.0,1937.0
next_HC,next,HC,tai30_15_02.F.15_01,7,1768.0,2040.0,1904.0
next_HC,next,HC,tai30_15_02.F.15_01,8,1734.0,2021.0,1877.5
next_HC,next,HC,tai30_15_02.F.15_01,9,1778.0,2075.0,1926.5
next_HC,next,HC,tai30_15_02.F.15_01,10,1773.0,2077.0,1925.0
next_HC,next,HC,tai30_15_02.F.15_01,11,1755.0,2057.0,1906.0
next_HC,next,HC,tai30_15_02.F.15_01,12,1771.0,2062.0,1916.5
next_HC,next,HC,tai30_15_02.F.15_01,13,1762.0,2057.0,1909.5
next_HC,next,HC,tai30_15_02.F.15_01,14,1781.0,2060.0,1920.5
next_HC,next,HC,tai30_15_02.F.15_01,15,1788.0,2086.0,1937.0
next_HC,next,HC,tai30_15_02.F.15_01,16,1757.0,2035.0,1896.0
next_HC,next,HC,tai30_15_02.F.15_01,17,1772.0,2046.0,1909.0
next_HC,next,HC,tai30_15_02.F.15_01,18,1772.0,2060.0,1916.0
next_HC,next,HC,tai30_15_02.F.15_01,19,1773.0,2066.0,1919.5
next_HC,next,HC,tai30_15_02.F.15_01,20,1761.0,2051.0,1906.0
next_HC,next,HC,tai30_15_02.F.15_01,21,1782.0,2049.0,1915.5
next_HC,next,HC,tai30_15_02.F.15_01,22,1773.0,2069.0,1921.0
next_HC,next,HC,tai30_15_02.F.15_01,23,1789.0,2068.0,1928.5
next_HC,next,HC,tai30_15_02.F.15_01,24,1796.0,2055.0,1925.5
next_HC,next,HC,tai30_15_02.F.15_01,25,1766.0,2075.0,1920.5
next_HC,next,HC,tai30_15_02.F.15_01,26,1800.0,2106.0,1953.0
next_HC,next,HC,tai30_15_02.F.15_01,27,1809.0,2095.0,1952.0
next_HC,next,HC,tai30_15_02.F.15_01,28,1776.0,2064.0,1920.0
next_HC,next,HC,tai30_15_02.F.15_01,29,1784.0,2069.0,1926.5
next_HC,next,HC,tai30_15_02.F.15_01,30,1822.0,2116.0,1969.0
next_HC,next,HC,tai30_15_03.F.15_01,1,1754.0,2022.0,1888.0
next_HC,next,HC,tai30_15_03.F.15_01,2,1770.0,2039.0,1904.5
next_HC,next,HC,tai30_15_03.F.15_01,3,1777.0,2049.0,1913.0
next_HC,next,HC,tai30_15_03.F.15_01,4,1780.0,2040.0,1910.0
next_HC,next,HC,tai30_15_03.F.15_01,5,1762.0,2044.0,1903.0
next_HC,next,HC,tai30_15_03.F.15_01,6,1776.0,2045.0,1910.5
next_HC,next,HC,tai30_15_03.F.15_01,7,1769.0,2005.0,1887.0
next_HC,next,HC,tai30_15_03.F.15_01,8,1765.0,2024.0,1894.5
next_HC,next,HC,tai30_15_03.F.15_01,9,1766.0,2059.0,1912.5
next_HC,next,HC,tai30_15_03.F.15_01,10,1782.0,2050.0,1916.0
next_HC,next,HC,tai30_15_03.F.15_01,11,1768.0,2020.0,1894.0
next_HC,next,HC,tai30_15_03.F.15_01,12,1771.0,2051.0,1911.0
next_HC,next,HC,tai30_15_03.F.15_01,13,1782.0,2048.0,1915.0
next_HC,next,HC,tai30_15_03.F.15_01,14,1788.0,2042.0,1915.0
next_HC,next,HC,tai30_15_03.F.15_01,15,1762.0,2038.0,1900.0
next_HC,next,HC,tai30_15_03.F.15_01,16,1778.0,2043.0,1910.5
next_HC,next,HC,tai30_15_03.F.15_01,17,1754.0,2040.0,1897.0
next_HC,next,HC,tai30_15_03.F.15_01,18,1775.0,2064.0,1919.5
next_HC,next,HC,tai30_15_03.F.15_01,19,1757.0,2022.0,1889.5
next_HC,next,HC,tai30_15_03.F.15_01,20,1771.0,2044.0,1907.5
next_HC,next,HC,tai30_15_03.F.15_01,21,1768.0,2057.0,1912.5
next_HC,next,HC,tai30_15_03.F.15_01,22,1768.0,2053.0,1910.5
next_HC,next,HC,tai30_15_03.F.15_01,23,1783.0,2051.0,1917.0
next_HC,next,HC,tai30_15_03.F.15_01,24,1796.0,2036.0,1916.0
next_HC,next,HC,tai30_15_03.F.15_01,25,1780.0,2063.0,1921.5
next_HC,next,HC,tai30_15_03.F.15_01,26,1782.0,2040.0,1911.0
next_HC,next,HC,tai30_15_03.F.15_01,27,1786.0,2062.0,1924.0
next_HC,next,HC,tai30_15_03.F.15_01,28,1783.0,2040.0,1911.5
next_HC,next,HC,tai30_15_03.F.15_01,29,1796.0,2076.0,1936.0
next_HC,next,HC,tai30_15_03.F.15_01,30,1792.0,2044.0,1918.0
next_HC,next,HC,tai30_15_04.F.15_01,1,1832.0,2077.0,1954.5
next_HC,next,HC,tai30_15_04.F.15_01,2,1828.0,2041.0,1934.5
next_HC,next,HC,tai30_15_04.F.15_01,3,1790.0,2077.0,1933.5
next_HC,next,HC,tai30_15_04.F.15_01,4,1830.0,2083.0,1956.5
next_HC,next,HC,tai30_15_04.F.15_01,5,1831.0,2081.0,1956.0
next_HC,next,HC,tai30_15_04.F.15_01,6,1823.0,2081.0,1952.0
next_HC,next,HC,tai30_15_04.F.15_01,7,1774.0,2046.0,1910.0
next_HC,next,HC,tai30_15_04.F.15_01,8,1839.0,2083.0,1961.0
next_HC,next,HC,tai30_15_04.F.15_01,9,1844.0,2075.0,1959.5
next_HC,next,HC,tai30_15_04.F.15_01,10,1816.0,2083.0,1949.5
next_HC,next,HC,tai30_15_04.F.15_01,11,1801.0,2055.0,1928.0
next_HC,next,HC,tai30_15_04.F.15_01,12,1845.0,2089.0,1967.0
next_HC,next,HC,tai30_15_04.F.15_01,13,1783.0,2083.0,1933.0
next_HC,next,HC,tai30_15_04.F.15_01,14,1807.0,2082.0,1944.5
next_HC,next,HC,tai30_15_04.F.15_01,15,1820.0,2097.0,1958.5
next_HC,next,HC,tai30_15_04.F.15_01,16,1810.0,2088.0,1949.0
next_HC,next,HC,tai30_15_04.F.15_01,17,1812.0,2097.0,1954.5
next_HC,next,HC,tai30_15_04.F.15_01,18,1787.0,2083.0,1935.0
next_HC,next,HC,tai30_15_04.F.15_01,19,1813.0,2088.0,1950.5
next_HC,next,HC,tai30_15_04.F.15_01,20,1803.0,2081.0,1942.0
next_HC,next,HC,tai30_15_04.F.15_01,21,1803.0,2081.0,1942.0
next_HC,next,HC,tai30_15_04.F.15_01,22,1797.0,2061.0,1929.0
next_HC,next,HC,tai30_15_04.F.15_01,23,1831.0,2083.0,1957.0
next_HC,next,HC,tai30_15_04.F.15_01,24,1812.0,2054.0,1933.0
next_HC,next,HC,tai30_15_04.F.15_01,25,1803.0,2081.0,1942.0
next_HC,next,HC,tai30_15_04.F.15_01,26,1819.0,2051.0,1935.0
next_HC,next,HC,tai30_15_04.F.15_01,27,1797.0,2039.0,1918.0
next_HC,next,HC,tai30_15_04.F.15_01,28,1822.0,2114.0,1968.0
next_HC,next,HC,tai30_15_04.F.15_01,29,1858.0,2104.0,1981.0
next_HC,next,HC,tai30_15_04.F.15_01,30,1823.0,2063.0,1943.0
next_HC,next,HC,tai30_15_05.F.15_01,1,1878.0,2188.0,2033.0
next_HC,next,HC,tai30_15_05.F.15_01,2,1854.0,2176.0,2015.0
next_HC,next,HC,tai30_15_05.F.15_01,3,1882.0,2191.0,2036.5
next_HC,next,HC,tai30_15_05.F.15_01,4,1867.0,2191.0,2029.0
next_HC,next,HC,tai30_15_05.F.15_01,5,1876.0,2188.0,2032.0
next_HC,next,HC,tai30_15_05.F.15_01,6,1861.0,2167.0,2014.0
next_HC,next,HC,tai30_15_05.F.15_01,7,1878.0,2188.0,2033.0
next_HC,next,HC,tai30_15_05.F.15_01,8,1878.0,2188.0,2033.0
next_HC,next,HC,tai30_15_05.F.15_01,9,1856.0,2167.0,2011.5
next_HC,next,HC,tai30_15_05.F.15_01,10,1854.0,2176.0,2015.0
next_HC,next,HC,tai30_15_05.F.15_01,11,1855.0,2176.0,2015.5
next_HC,next,HC,tai30_15_05.F.15_01,12,1891.0,2191.0,2041.0
next_HC,next,HC,tai30_15_05.F.15_01,13,1896.0,2203.0,2049.5
next_HC,next,HC,tai30_15_05.F.15_01,14,1876.0,2191.0,2033.5
next_HC,next,HC,tai30_15_05.F.15_01,15,1854.0,2176.0,2015.0
next_HC,next,HC,tai30_15_05.F.15_01,16,1850.0,2167.0,2008.5
next_HC,next,HC,tai30_15_05.F.15_01,17,1894.0,2213.0,2053.5
next_HC,next,HC,tai30_15_05.F.15_01,18,1867.0,2191.0,2029.0
next_HC,next,HC,tai30_15_05.F.15_01,19,1847.0,2167.0,2007.0
next_HC,next,HC,tai30_15_05.F.15_01,20,1878.0,2188.0,2033.0
next_HC,next,HC,tai30_15_05.F.15_01,21,1883.0,2203.0,2043.0
next_HC,next,HC,tai30_15_05.F.15_01,22,1866.0,2176.0,2021.0
next_HC,next,HC,tai30_15_05.F.15_01,23,1874.0,2199.0,2036.5
next_HC,next,HC,tai30_15_05.F.15_01,24,1850.0,2167.0,2008.5
next_HC,next,HC,tai30_15_05.F.15_01,25,1854.0,2176.0,2015.0
next_HC,next,HC,tai30_15_05.F.15_01,26,1854.0,2167.0,2010.5
next_HC,next,HC,tai30_15_05.F.15_01,27,1854.0,2176.0,2015.0
next_HC,next,HC,tai30_15_05.F.15_01,28,1879.0,2199.0,2039.0
next_HC,next,HC,tai30_15_05.F.15_01,29,1848.0,2167.0,2007.5
next_HC,next,HC,tai30_15_05.F.15_01,30,1854.0,2176.0,2015.0
next_HC,next,HC,tai30_15_06.F.15_01,1,1764.0,2026.0,1895.0
next_HC,next,HC,tai30_15_06.F.15_01,2,1816.0,2105.0,1960.5
next_HC,next,HC,tai30_15_06.F.15_01,3,1817.0,2067.0,1942.0
next_HC,next,HC,tai30_15_06.F.15_01,4,1808.0,2072.0,1940.0
next_HC,next,HC,tai30_15_06.F.15_01,5,1759.0,2031.0,1895.0
next_HC,next,HC,tai30_15_06.F.15_01,6,1769.0,2029.0,1899.0
next_HC,next,HC,tai30_15_06.F.15_01,7,1765.0,2037.0,1901.0
next_HC,next,HC,tai30_15_06.F.15_01,8,1777.0,2050.0,1913.5
next_HC,next,HC,tai30_15_06.F.15_01,9,1776.0,2028.0,1902.0
next_HC,next,HC,tai30_15_06.F.15_01,10,1840.0,2108.0,1974.0
next_HC,next,HC,tai30_15_06.F.15_01,11,1747.0,2031.0,1889.0
next_HC,next,HC,tai30_15_06.F.15_01,12,1781.0,2057.0,1919.0
next_HC,next,HC,tai30_15_06.F.15_01,13,1787.0,2036.0,1911.5
next_HC,next,HC,tai30_15_06.F.15_01,14,1789.0,2050.0,1919.5
next_HC,next,HC,tai30_15_06.F.15_01,15,1804.0,2051.0,1927.5
next_HC,next,HC,tai30_15_06.F.15_01,16,1771.0,2044.0,1907.5
next_HC,next,HC,tai30_15_06.F.15_01,17,1751.0,2031.0,1891.0
next_HC,next,HC,tai30_15_06.F.15_01,18,1801.0,2072.0,1936.5
next_HC,next,HC,tai30_15_06.F.15_01,19,1813.0,2079.0,1946.0
next_HC,next,HC,tai30_15_06.F.15_01,20,1787.0,2026.0,1906.5
next_HC,next,HC,tai30_15_06.F.15_01,21,1743.0,2003.0,1873.0
next_HC,next,HC,tai30_15_06.F.15_01,22,1836.0,2100.0,1968.0
next_HC,next,HC,tai30_15_06.F.15_01,23,1834.0,2126.0,1980.0
next_HC,next,HC,tai30_15_06.F.15_01,24,1792.0,2055.0,1923.5
next_HC,next,HC,tai30_15_06.F.15_01,25,1769.0,2019.0,1894.0
next_HC,next,HC,tai30_15_06.F.15_01,26,1806.0,2047.0,1926.5
next_HC,next,HC,tai30_15_06.F.15_01,27,1788.0,2048.0,1918.0
next_HC,next,HC,tai30_15_06.F.15_01,28,1814.0,2058.0,1936.0
next_HC,next,HC,tai30_15_06.F.15_01,29,1812.0,2062.0,1937.0
next_HC,next,HC,tai30_15_06.F.15_01,30,1761.0,2037.0,1899.0
next_HC,next,HC,tai30_15_07.F.15_01,1,1703.0,1983.0,1843.0
next_HC,next,HC,tai30_15_07.F.15_01,2,1699.0,1988.0,1843.5
next_HC,next,HC,tai30_15_07.F.15_01,3,1744.0,2010.0,1877.0
next_HC,next,HC,tai30_15_07.F.15_01,4,1757.0,2019.0,1888.0
next_HC,next,HC,tai30_15_07.F.15_01,5,1711.0,2004.0,1857.5
next_HC,next,HC,tai30_15_07.F.15_01,6,1698.0,1991.0,1844.5
next_HC,next,HC,tai30_15_07.F.15_01,7,1768.0,2040.0,1904.0
next_HC,next,HC,tai30_15_07.F.15_01,8,1727.0,2006.0,1866.5
next_HC,next,HC,tai30_15_07.F.15_01,9,1758.0,2040.0,1899.0
next_HC,next,HC,tai30_15_07.F.15_01,10,1756.0,2042.0,1899.0
next_HC,next,HC,tai30_15_07.F.15_01,11,1773.0,2049.0,1911.0
next_HC,next,HC,tai30_15_07.F.15_01,12,1738.0,2016.0,1877.0
next_HC,next,HC,tai30_15_07.F.15_01,13,1728.0,2007.0,1867.5
next_HC,next,HC,tai30_15_07.F.15_01,14,1740.0,2036.0,1888.0
next_HC,next,HC,tai30_15_07.F.15_01,15,1703.0,1977.0,1840.0
next_HC,next,HC,tai30_15_07.F.15_01,16,1742.0,2031.0,1886.5
next_HC,next,HC,tai30_15_07.F.15_01,17,1762.0,2012.0,1887.0
next_HC,next,HC,tai30_15_07.F.15_01,18,1748.0,2030.0,1889.0
next_HC,next,HC,tai30_15_07.F.15_01,19,1728.0,2024.0,1876.0
next_HC,next,HC,tai30_15_07.F.15_01,20,1704.0,1986.0,1845.0
next_HC,next,HC,tai30_15_07.F.15_01,21,1745.0,2015.0,1880.0
next_HC,next,HC,tai30_15_07.F.15_01,22,1737.0,2019.0,1878.0
next_HC,next,HC,tai30_15_07.F.15_01,23,1735.0,2016.0,1875.5
next_HC,next,HC,tai30_15_07.F.15_01,24,1730.0,1994.0,1862.0
next_HC,next,HC,tai30_15_07.F.15_01,25,1753.0,2031.0,1892.0
next_HC,next,HC,tai30_15_07.F.15_01,26,1721.0,2002.0,1861.5
next_HC,next,HC,tai30_15_07.F.15_01,27,1758.0,2006.0,1882.0
next_HC,next,HC,tai30_15_07.F.15_01,28,1703.0,1983.0,1843.0
next_HC,next,HC,tai30_15_07.F.15_01,29,1748.0,1989.0,1868.5
next_HC,next,HC,tai30_15_07.F.15_01,30,1733.0,2027.0,1880.0
next_HC,next,HC,tai30_15_08.F.15_01,1,1672.0,1928.0,1800.0
next_HC,next,HC,tai30_15_08.F.15_01,2,1636.0,1872.0,1754.0
next_HC,next,HC,tai30_15_08.F.15_01,3,1681.0,1920.0,1800.5
next_HC,next,HC,tai30_15_08.F.15_01,4,1635.0,1878.0,1756.5
next_HC,next,HC,tai30_15_08.F.15_01,5,1646.0,1903.0,1774.5
next_HC,next,HC,tai30_15_08.F.15_01,6,1651.0,1892.0,1771.5
next_HC,next,HC,tai30_15_08.F.15_01,7,1657.0,1901.0,1779.0
next_HC,next,HC,tai30_15_08.F.15_01,8,1631.0,1897.0,1764.0
next_HC,next,HC,tai30_15_08.F.15_01,9,1661.0,1921.0,1791.0
next_HC,next,HC,tai30_15_08.F.15_01,10,1634.0,1910.0,1772.0
next_HC,next,HC,tai30_15_08.F.15_01,11,1638.0,1895.0,1766.5
next_HC,next,HC,tai30_15_08.F.15_01,12,1619.0,1870.0,1744.5
next_HC,next,HC,tai30_15_08.F.15_01,13,1673.0,1906.0,1789.5
next_HC,next,HC,tai30_15_08.F.15_01,14,1646.0,1880.0,1763.0
next_HC,next,HC,tai30_15_08.F.15_01,15,1666.0,1942.0,1804.0
next_HC,next,HC,tai30_15_08.F.15_01,16,1669.0,1921.0,1795.0
next_HC,next,HC,tai30_15_08.F.15_01,17,1637.0,1884.0,1760.5
next_HC,next,HC,tai30_15_08.F.15_01,18,1656.0,1907.0,1781.5
next_HC,next,HC,tai30_15_08.F.15_01,19,1680.0,1904.0,1792.0
next_HC,next,HC,tai30_15_08.F.15_01,20,1642.0,1900.0,1771.0
next_HC,next,HC,tai30_15_08.F.15_01,21,1686.0,1922.0,1804.0
next_HC,next,HC,tai30_15_08.F.15_01,22,1681.0,1915.0,1798.0
next_HC,next,HC,tai30_15_08.F.15_01,23,1645.0,1941.0,1793.0
next_HC,next,HC,tai30_15_08.F.15_01,24,1643.0,1900.0,1771.5
next_HC,next,HC,tai30_15_08.F.15_01,25,1635.0,1875.0,1755.0
next_HC,next,HC,tai30_15_08.F.15_01,26,1661.0,1890.0,1775.5
next_HC,next,HC,tai30_15_08.F.15_01,27,1661.0,1913.0,1787.0
next_HC,next,HC,tai30_15_08.F.15_01,28,1669.0,1931.0,1800.0
next_HC,next,HC,tai30_15_08.F.15_01,29,1641.0,1903.0,1772.0
next_HC,next,HC,tai30_15_08.F.15_01,30,1663.0,1905.0,1784.0
next_HC,next,HC,tai30_15_09.F.15_01,1,1766.0,2024.0,1895.0
next_HC,next,HC,tai30_15_09.F.15_01,2,1745.0,1983.0,1864.0
next_HC,next,HC,tai30_15_09.F.15_01,3,1753.0,1988.0,1870.5
next_HC,next,HC,tai30_15_09.F.15_01,4,1751.0,2001.0,1876.0
next_HC,next,HC,tai30_15_09.F.15_01,5,1730.0,2007.0,1868.5
next_HC,next,HC,tai30_15_09.F.15_01,6,1745.0,1985.0,1865.0
next_HC,next,HC,tai30_15_09.F.15_01,7,1767.0,2005.0,1886.0
next_HC,next,HC,tai30_15_09.F.15_01,8,1777.0,2011.0,1894.0
next_HC,next,HC,tai30_15_09.F.15_01,9,1746.0,2007.0,1876.5
next_HC,next,HC,tai30_15_09.F.15_01,10,1737.0,1986.0,1861.5
next_HC,next,HC,tai30_15_09.F.15_01,11,1764.0,2008.0,1886.0
next_HC,next,HC,tai30_15_09.F.15_01,12,1727.0,1972.0,1849.5
next_HC,next,HC,tai30_15_09.F.15_01,13,1742.0,1993.0,1867.5
next_HC,next,HC,tai30_15_09.F.15_01,14,1762.0,1995.0,1878.5
next_HC,next,HC,tai30_15_09.F.15_01,15,1775.0,2001.0,1888.0
next_HC,next,HC,tai30_15_09.F.15_01,16,1768.0,2016.0,1892.0
next_HC,next,HC,tai30_15_09.F.15_01,17,1791.0,2055.0,1923.0
next_HC,next,HC,tai30_15_09.F.15_01,18,1752.0,1977.0,1864.5
next_HC,next,HC,tai30_15_09.F.15_01,19,1747.0,1978.0,1862.5
next_HC,next,HC,tai30_15_09.F.15_01,20,1769.0,2038.0,1903.5
next_HC,next,HC,tai30_15_09.F.15_01,21,1761.0,1985.0,1873.0
next_HC,next,HC,tai30_15_09.F.15_01,22,1749.0,2007.0,1878.0
next_HC,next,HC,tai30_15_09.F.15_01,23,1773.0,2027.0,1900.0
next_HC,next,HC,tai30_15_09.F.15_01,24,1754.0,2006.0,1880.0
next_HC,next,HC,tai30_15_09.F.15_01,25,1736.0,1990.0,1863.0
next_HC,next,HC,tai30_15_09.F.15_01,26,1772.0,2008.0,1890.0
next_HC,next,HC,tai30_15_09.F.15_01,27,1811.0,2053.0,1932.0
next_HC,next,HC,tai30_15_09.F.15_01,28,1794.0,2045.0,1919.5
next_HC,next,HC,tai30_15_09.F.15_01,29,1736.0,1963.0,1849.5
next_HC,next,HC,tai30_15_09.F.15_01,30,1740.0,1988.0,1864.0
next_HC,next,HC,tai30_15_10.F.15_01,1,1692.0,1939.0,1815.5
next_HC,next,HC,tai30_15_10.F.15_01,2,1673.0,1912.0,1792.5
next_HC,next,HC,tai30_15_10.F.15_01,3,1686.0,1897.0,1791.5
next_HC,next,HC,tai30_15_10.F.15_01,4,1676.0,1910.0,1793.0
next_HC,next,HC,tai30_15_10.F.15_01,5,1689.0,1886.0,1787.5
next_HC,next,HC,tai30_15_10.F.15_01,6,1670.0,1899.0,1784.5
next_HC,next,HC,tai30_15_10.F.15_01,7,1707.0,1929.0,1818.0
next_HC,next,HC,tai30_15_10.F.15_01,8,1697.0,1950.0,1823.5
next_HC,next,HC,tai30_15_10.F.15_01,9,1665.0,1885.0,1775.0
next_HC,next,HC,tai30_15_10.F.15_01,10,1687.0,1903.0,1795.0
next_HC,next,HC,tai30_15_10.F.15_01,11,1663.0,1896.0,1779.5
next_HC,next,HC,tai30_15_10.F.15_01,12,1715.0,1945.0,1830.0
next_HC,next,HC,tai30_15_10.F.15_01,13,1656.0,1883.0,1769.5
next_HC,next,HC,tai30_15_10.F.15_01,14,1657.0,1904.0,1780.5
next_HC,next,HC,tai30_15_10.F.15_01,15,1659.0,1877.0,1768.0
next_HC,next,HC,tai30_15_10.F.15_01,16,1703.0,1923.0,1813.0
next_HC,next,HC,tai30_15_10.F.15_01,17,1708.0,1924.0,1816.0
next_HC,next,HC,tai30_15_10.F.15_01,18,1715.0,1931.0,1823.0
next_HC,next,HC,tai30_15_10.F.15_01,19,1704.0,1921.0,1812.5
next_HC,next,HC,tai30_15_10.F.15_01,20,1658.0,1878.0,1768.0
next_HC,next,HC,tai30_15_10.F.15_01,21,1691.0,1911.0,1801.0
next_HC,next,HC,tai30_15_10.F.15_01,22,1743.0,1953.0,1848.0
next_HC,next,HC,tai30_15_10.F.15_01,23,1679.0,1911.0,1795.0
next_HC,next,HC,tai30_15_10.F.15_01,24,1695.0,1904.0,1799.5
next_HC,next,HC,tai30_15_10.F.15_01,25,1681.0,1927.0,1804.0
next_HC,next,HC,tai30_15_10.F.15_01,26,1714.0,1940.0,1827.0
next_HC,next,HC,tai30_15_10.F.15_01,27,1686.0,1900.0,1793.0
next_HC,next,HC,tai30_15_10.F.15_01,28,1710.0,1927.0,1818.5
next_HC,next,HC,tai30_15_10.F.15_01,29,1676.0,1885.0,1780.5
next_HC,next,HC,tai30_15_10.F.15_01,30,1712.0,1953.0,1832.5
next_HC,next,HC,tai30_20_01.F.15_01,1,2065.0,2328.0,2196.5
next_HC,next,HC,tai30_20_01.F.15_01,2,2067.0,2353.0,2210.0
next_HC,next,HC,tai30_20_01.F.15_01,3,2082.0,2351.0,2216.5
next_HC,next,HC,tai30_20_01.F.15_01,4,2017.0,2309.0,2163.0
next_HC,next,HC,tai30_20_01.F.15_01,5,2048.0,2332.0,2190.0
next_HC,next,HC,tai30_20_01.F.15_01,6,2073.0,2327.0,2200.0
next_HC,next,HC,tai30_20_01.F.15_01,7,2111.0,2360.0,2235.5
next_HC,next,HC,tai30_20_01.F.15_01,8,2071.0,2349.0,2210.0
next_HC,next,HC,tai30_20_01.F.15_01,9,2051.0,2335.0,2193.0
next_HC,next,HC,tai30_20_01.F.15_01,10,2126.0,2368.0,2247.0
next_HC,next,HC,tai30_20_01.F.15_01,11,2039.0,2317.0,2178.0
next_HC,next,HC,tai30_20_01.F.15_01,12,2036.0,2307.0,2171.5
next_HC,next,HC,tai30_20_01.F.15_01,13,2082.0,2371.0,2226.5
next_HC,next,HC,tai30_20_01.F.15_01,14,2060.0,2330.0,2195.0
next_HC,next,HC,tai30_20_01.F.15_01,15,2089.0,2354.0,2221.5
next_HC,next,HC,tai30_20_01.F.15_01,16,2064.0,2343.0,2203.5
next_HC,next,HC,tai30_20_01.F.15_01,17,2020.0,2293.0,2156.5
next_HC,next,HC,tai30_20_01.F.15_01,18,2065.0,2337.0,2201.0
next_HC,next,HC,tai30_20_01.F.15_01,19,2067.0,2351.0,2209.0
next_HC,next,HC,tai30_20_01.F.15_01,20,2055.0,2326.0,2190.5
next_HC,next,HC,tai30_20_01.F.15_01,21,2011.0,2296.0,2153.5
next_HC,next,HC,tai30_20_01.F.15_01,22,2116.0,2376.0,2246.0
next_HC,next,HC,tai30_20_01.F.15_01,23,2033.0,2329.0,2181.0
next_HC,next,HC,tai30_20_01.F.15_01,24,2089.0,2352.0,2220.5
next_HC,next,HC,tai30_20_01.F.15_01,25,2059.0,2334.0,2196.5
next_HC,next,HC,tai30_20_01.F.15_01,26,2047.0,2321.0,2184.0
next_HC,next,HC,tai30_20_01.F.15_01,27,2116.0,2378.0,2247.0
next_HC,next,HC,tai30_20_01.F.15_01,28,2057.0,2315.0,2186.0
next_HC,next,HC,tai30_20_01.F.15_01,29,2070.0,2368.0,2219.0
next_HC,next,HC,tai30_20_01.F.15_01,30,2061.0,2325.0,2193.0
next_HC,next,HC,tai30_20_02.F.15_01,1,1960.0,2275.0,2117.5
next_HC,next,HC,tai30_20_02.F.15_01,2,1924.0,2206.0,2065.0
next_HC,next,HC,tai30_20_02.F.15_01,3,2014.0,2228.0,2121.0
next_HC,next,HC,tai30_20_02.F.15_01,4,1958.0,2242.0,2100.0
next_HC,next,HC,tai30_20_02.F.15_01,5,1968.0,2242.0,2105.0
next_HC,next,HC,tai30_20_02.F.15_01,6,1935.0,2217.0,2076.0
next_HC,next,HC,tai30_20_02.F.15_01,7,1904.0,2185.0,2044.5
next_HC,next,HC,tai30_20_02.F.15_01,8,1939.0,2247.0,2093.0
next_HC,next,HC,tai30_20_02.F.15_01,9,1950.0,2250.0,2100.0
next_HC,next,HC,tai30_20_02.F.15_01,10,1953.0,2243.0,2098.0
next_HC,next,HC,tai30_20_02.F.15_01,11,1987.0,2287.0,2137.0
next_HC,next,HC,tai30_20_02.F.15_01,12,1959.0,2206.0,2082.5
next_HC,next,HC,tai30_20_02.F.15_01,13,1954.0,2261.0,2107.5
next_HC,next,HC,tai30_20_02.F.15_01,14,1961.0,2232.0,2096.5
next_HC,next,HC,tai30_20_02.F.15_01,15,1961.0,2233.0,2097.0
next_HC,next,HC,tai30_20_02.F.15_01,16,1941.0,2228.0,2084.5
next_HC,next,HC,tai30_20_02.F.15_01,17,1924.0,2230.0,2077.0
next_HC,next,HC,tai30_20_02.F.15_01,18,1963.0,2220.0,2091.5
next_HC,next,HC,tai30_20_02.F.15_01,19,1904.0,2183.0,2043.5
next_HC,next,HC,tai30_20_02.F.15_01,20,1934.0,2198.0,2066.0
next_HC,next,HC,tai30_20_02.F.15_01,21,1973.0,2247.0,2110.0
next_HC,next,HC,tai30_20_02.F.15_01,22,1952.0,2235.0,2093.5
next_HC,next,HC,tai30_20_02.F.15_01,23,1949.0,2222.0,2085.5
next_HC,next,HC,tai30_20_02.F.15_01,24,1973.0,2261.0,2117.0
next_HC,next,HC,tai30_20_02.F.15_01,25,2027.0,2340.0,2183.5
next_HC,next,HC,tai30_20_02.F.15_01,26,1940.0,2247.0,2093.5
next_HC,next,HC,tai30_20_02.F.15_01,27,1962.0,2256.0,2109.0
next_HC,next,HC,tai30_20_02.F.15_01,28,1999.0,2255.0,2127.0
next_HC,next,HC,tai30_20_02.F.15_01,29,1960.0,2236.0,2098.0
next_HC,next,HC,tai30_20_02.F.15_01,30,1955.0,2233.0,2094.0
next_HC,next,HC,tai30_20_03.F.15_01,1,1926.0,2180.0,2053.0
next_HC,next,HC,tai30_20_03.F.15_01,2,1887.0,2129.0,2008.0
next_HC,next,HC,tai30_20_03.F.15_01,3,1856.0,2105.0,1980.5
next_HC,next,HC,tai30_20_03.F.15_01,4,1908.0,2166.0,2037.0
next_HC,next,HC,tai30_20_03.F.15_01,5,1914.0,2195.0,2054.5
next_HC,next,HC,tai30_20_03.F.15_01,6,1948.0,2187.0,2067.5
next_HC,next,HC,tai30_20_03.F.15_01,7,1925.0,2169.0,2047.0
next_HC,next,HC,tai30_20_03.F.15_01,8,1926.0,2155.0,2040.5
next_HC,next,HC,tai30_20_03.F.15_01,9,1939.0,2186.0,2062.5
next_HC,next,HC,tai30_20_03.F.15_01,10,1890.0,2127.0,2008.5
next_HC,next,HC,tai30_20_03.F.15_01,11,1935.0,2187.0,2061.0
next_HC,next,HC,tai30_20_03.F.15_01,12,1845.0,2137.0,1991.0
next_HC,next,HC,tai30_20_03.F.15_01,13,1891.0,2153.0,2022.0
next_HC,next,HC,tai30_20_03.F.15_01,14,1892.0,2132.0,2012.0
next_HC,next,HC,tai30_20_03.F.15_01,15,1929.0,2183.0,2056.0
next_HC,next,HC,tai30_20_03.F.15_01,16,1878.0,2187.0,2032.5
next_HC,next,HC,tai30_20_03.F.15_01,17,1882.0,2133.0,2007.5
next_HC,next,HC,tai30_20_03.F.15_01,18,1903.0,2147.0,2025.0
next_HC,next,HC,tai30_20_03.F.15_01,19,1924.0,2166.0,2045.0
next_HC,next,HC,tai30_20_03.F.15_01,20,1917.0,2189.0,2053.0
next_HC,next,HC,tai30_20_03.F.15_01,21,1909.0,2154.0,2031.5
next_HC,next,HC,tai30_20_03.F.15_01,22,1906.0,2172.0,2039.0
next_HC,next,HC,tai30_20_03.F.15_01,23,1921.0,2171.0,2046.0
next_HC,next,HC,tai30_20_03.F.15_01,24,1893.0,2136.0,2014.5
next_HC,next,HC,tai30_20_03.F.15_01,25,1950.0,2213.0,2081.5
next_HC,next,HC,tai30_20_03.F.15_01,26,1896.0,2139.0,2017.5
next_HC,next,HC,tai30_20_03.F.15_01,27,1896.0,2135.0,2015.5
next_HC,next,HC,tai30_20_03.F.15_01,28,1915.0,2157.0,2036.0
next_HC,next,HC,tai30_20_03.F.15_01,29,1841.0,2100.0,1970.5
next_HC,next,HC,tai30_20_03.F.15_01,30,1919.0,2168.0,2043.5
next_HC,next,HC,tai30_20_04.F.15_01,1,2039.0,2287.0,2163.0
next_HC,next,HC,tai30_20_04.F.15_01,2,1988.0,2227.0,2107.5
next_HC,next,HC,tai30_20_04.F.15_01,3,2004.0,2252.0,2128.0
next_HC,next,HC,tai30_20_04.F.15_01,4,2004.0,2285.0,2144.5
next_HC,next,HC,tai30_20_04.F.15_01,5,2029.0,2275.0,2152.0
next_HC,next,HC,tai30_20_04.F.15_01,6,2012.0,2263.0,2137.5
next_HC,next,HC,tai30_20_04.F.15_01,7,2042.0,2295.0,2168.5
next_HC,next,HC,tai30_20_04.F.15_01,8,2008.0,2259.0,2133.5
next_HC,next,HC,tai30_20_04.F.15_01,9,1990.0,2252.0,2121.0
next_HC,next,HC,tai30_20_04.F.15_01,10,2044.0,2279.0,2161.5
next_HC,next,HC,tai30_20_04.F.15_01,11,2066.0,2271.0,2168.5
next_HC,next,HC,tai30_20_04.F.15_01,12,1998.0,2233.0,2115.5
next_HC,next,HC,tai30_20_04.F.15_01,13,2006.0,2264.0,2135.0
next_HC,next,HC,tai30_20_04.F.15_01,14,1987.0,2233.0,2110.0
next_HC,next,HC,tai30_20_04.F.15_01,15,1983.0,2247.0,2115.0
next_HC,next,HC,tai30_20_04.F.15_01,16,2034.0,2288.0,2161.0
next_HC,next,HC,tai30_20_04.F.15_01,17,2025.0,2262.0,2143.5
next_HC,next,HC,tai30_20_04.F.15_01,18,2009.0,2283.0,2146.0
next_HC,next,HC,tai30_20_04.F.15_01,19,2027.0,2288.0,2157.5
next_HC,next,HC,tai30_20_04.F.15_01,20,1991.0,2232.0,2111.5
next_HC,next,HC,tai30_20_04.F.15_01,21,1982.0,2244.0,2113.0
next_HC,next,HC,tai30_20_04.F.15_01,22,1989.0,2247.0,2118.0
next_HC,next,HC,tai30_20_04.F.15_01,23,2016.0,2292.0,2154.0
next_HC,next,HC,tai30_20_04.F.15_01,24,2016.0,2260.0,2138.0
next_HC,next,HC,tai30_20_04.F.15_01,25,2015.0,2275.0,2145.0
next_HC,next,HC,tai30_20_04.F.15_01,26,1980.0,2246.0,2113.0
next_HC,next,HC,tai30_20_04.F.15_01,27,1997.0,2241.0,2119.0
next_HC,next,HC,tai30_20_04.F.15_01,28,2040.0,2300.0,2170.0
next_HC,next,HC,tai30_20_04.F.15_01,29,1948.0,2214.0,2081.0
next_HC,next,HC,tai30_20_04.F.15_01,30,2004.0,2254.0,2129.0
next_HC,next,HC,tai30_20_05.F.15_01,1,2025.0,2253.0,2139.0
next_HC,next,HC,tai30_20_05.F.15_01,2,2042.0,2277.0,2159.5
next_HC,next,HC,tai30_20_05.F.15_01,3,1988.0,2254.0,2121.0
next_HC,next,HC,tai30_20_05.F.15_01,4,1980.0,2242.0,2111.0
next_HC,next,HC,tai30_20_05.F.15_01,5,1966.0,2205.0,2085.5
next_HC,next,HC,tai30_20_05.F.15_01,6,2018.0,2260.0,2139.0
next_HC,next,HC,tai30_20_05.F.15_01,7,1972.0,2226.0,2099.0
next_HC,next,HC,tai30_20_05.F.15_01,8,2074.0,2307.0,2190.5
next_HC,next,HC,tai30_20_05.F.15_01,9,1975.0,2196.0,2085.5
next_HC,next,HC,tai30_20_05.F.15_01,10,2075.0,2319.0,2197.0
next_HC,next,HC,tai30_20_05.F.15_01,11,1998.0,2234.0,2116.0
next_HC,next,HC,tai30_20_05.F.15_01,12,2016.0,2243.0,2129.5
next_HC,next,HC,tai30_20_05.F.15_01,13,2018.0,2251.0,2134.5
next_HC,next,HC,tai30_20_05.F.15_01,14,2005.0,2246.0,2125.5
next_HC,next,HC,tai30_20_05.F.15_01,15,2016.0,2240.0,2128.0
next_HC,next,HC,tai30_20_05.F.15_01,16,2024.0,2246.0,2135.0
next_HC,next,HC,tai30_20_05.F.15_01,17,2027.0,2237.0,2132.0
next_HC,next,HC,tai30_20_05.F.15_01,18,1993.0,2246.0,2119.5
next_HC,next,HC,tai30_20_05.F.15_01,19,2005.0,2275.0,2140.0
next_HC,next,HC,tai30_20_05.F.15_01,20,2025.0,2248.0,2136.5
next_HC,next,HC,tai30_20_05.F.15_01,21,1996.0,2214.0,2105.0
next_HC,next,HC,tai30_20_05.F.15_01,22,1965.0,2225.0,2095.0
next_HC,next,HC,tai30_20_05.F.15_01,23,1993.0,2248.0,2120.5
next_HC,next,HC,tai30_20_05.F.15_01,24,2014.0,2228.0,2121.0
next_HC,next,HC,tai30_20_05.F.15_01,25,2022.0,2255.0,2138.5
next_HC,next,HC,tai30_20_05.F.15_01,26,2009.0,2261.0,2135.0
next_HC,next,HC,tai30_20_05.F.15_01,27,2012.0,2265.0,2138.5
next_HC,next,HC,tai30_20_05.F.15_01,28,1967.0,2201.0,2084.0
next_HC,next,HC,tai30_20_05.F.15_01,29,1991.0,2239.0,2115.0
next_HC,next,HC,tai30_20_05.F.15_01,30,1993.0,2233.0,2113.0
next_HC,next,HC,tai30_20_06.F.15_01,1,2013.0,2297.0,2155.0
next_HC,next,HC,tai30_20_06.F.15_01,2,2027.0,2296.0,2161.5
next_HC,next,HC,tai30_20_06.F.15_01,3,2009.0,2288.0,2148.5
next_HC,next,HC,tai30_20_06.F.15_01,4,2079.0,2358.0,2218.5
next_HC,next,HC,tai30_20_06.F.15_01,5,2061.0,2358.0,2209.5
next_HC,next,HC,tai30_20_06.F.15_01,6,2050.0,2332.0,2191.0
next_HC,next,HC,tai30_20_06.F.15_01,7,2032.0,2309.0,2170.5
next_HC,next,HC,tai30_20_06.F.15_01,8,2015.0,2276.0,2145.5
next_HC,next,HC,tai30_20_06.F.15_01,9,2049.0,2338.0,2193.5
next_HC,next,HC,tai30_20_06.F.15_01,10,2035.0,2330.0,2182.5
next_HC,next,HC,tai30_20_06.F.15_01,11,2066.0,2352.0,2209.0
next_HC,next,HC,tai30_20_06.F.15_01,12,2050.0,2314.0,2182.0
next_HC,next,HC,tai30_20_06.F.15_01,13,2054.0,2323.0,2188.5
next_HC,next,HC,tai30_20_06.F.15_01,14,2035.0,2311.0,2173.0
next_HC,next,HC,tai30_20_06.F.15_01,15,2076.0,2344.0,2210.0
next_HC,next,HC,tai30_20_06.F.15_01,16,2019.0,2317.0,2168.0
next_HC,next,HC,tai30_20_06.F.15_01,17,2069.0,2338.0,2203.5
next_HC,next,HC,tai30_20_06.F.15_01,18,2046.0,2338.0,2192.0
next_HC,next,HC,tai30_20_06.F.15_01,19,2088.0,2362.0,2225.0
next_HC,next,HC,tai30_20_06.F.15_01,20,2043.0,2325.0,2184.0
next_HC,next,HC,tai30_20_06.F.15_01,21,2059.0,2331.0,2195.0
next_HC,next,HC,tai30_20_06.F.15_01,22,2066.0,2328.0,2197.0
next_HC,next,HC,tai30_20_06.F.15_01,23,2048.0,2322.0,2185.0
next_HC,next,HC,tai30_20_06.F.15_01,24,2058.0,2335.0,2196.5
next_HC,next,HC,tai30_20_06.F.15_01,25,2054.0,2335.0,2194.5
next_HC,next,HC,tai30_20_06.F.15_01,26,2043.0,2317.0,2180.0
next_HC,next,HC,tai30_20_06.F.15_01,27,2011.0,2305.0,2158.0
next_HC,next,HC,tai30_20_06.F.15_01,28,2028.0,2301.0,2164.5
next_HC,next,HC,tai30_20_06.F.15_01,29,2038.0,2327.0,2182.5
next_HC,next,HC,tai30_20_06.F.15_01,30,2023.0,2291.0,2157.0
next_HC,next,HC,tai30_20_07.F.15_01,1,1916.0,2213.0,2064.5
next_HC,next,HC,tai30_20_07.F.15_01,2,1971.0,2225.0,2098.0
next_HC,next,HC,tai30_20_07.F.15_01,3,1963.0,2209.0,2086.0
next_HC,next,HC,tai30_20_07.F.15_01,4,1955.0,2212.0,2083.5
next_HC,next,HC,tai30_20_07.F.15_01,5,1943.0,2185.0,2064.0
next_HC,next,HC,tai30_20_07.F.15_01,6,1935.0,2216.0,2075.5
next_HC,next,HC,tai30_20_07.F.15_01,7,1940.0,2176.0,2058.0
next_HC,next,HC,tai30_20_07.F.15_01,8,1953.0,2237.0,2095.0
next_HC,next,HC,tai30_20_07.F.15_01,9,1938.0,2217.0,2077.5
next_HC,next,HC,tai30_20_07.F.15_01,10,1948.0,2192.0,2070.0
next_HC,next,HC,tai30_20_07.F.15_01,11,1938.0,2199.0,2068.5
next_HC,next,HC,tai30_20_07.F.15_01,12,1924.0,2184.0,2054.0
next_HC,next,HC,tai30_20_07.F.15_01,13,1955.0,2218.0,2086.5
next_HC,next,HC,tai30_20_07.F.15_01,14,1955.0,2221.0,2088.0
next_HC,next,HC,tai30_20_07.F.15_01,15,1959.0,2223.0,2091.0
next_HC,next,HC,tai30_20_07.F.15_01,16,1954.0,2216.0,2085.0
next_HC,next,HC,tai30_20_07.F.15_01,17,1968.0,2234.0,2101.0
next_HC,next,HC,tai30_20_07.F.15_01,18,1969.0,2214.0,2091.5
next_HC,next,HC,tai30_20_07.F.15_01,19,1911.0,2189.0,2050.0
next_HC,next,HC,tai30_20_07.F.15_01,20,1966.0,2228.0,2097.0
next_HC,next,HC,tai30_20_07.F.15_01,21,1929.0,2219.0,2074.0
next_HC,next,HC,tai30_20_07.F.15_01,22,1931.0,2170.0,2050.5
next_HC,next,HC,tai30_20_07.F.15_01,23,1963.0,2205.0,2084.0
next_HC,next,HC,tai30_20_07.F.15_01,24,1929.0,2179.0,2054.0
next_HC,next,HC,tai30_20_07.F.15_01,25,1939.0,2177.0,2058.0
next_HC,next,HC,tai30_20_07.F.15_01,26,1939.0,2204.0,2071.5
next_HC,next,HC,tai30_20_07.F.15_01,27,1959.0,2195.0,2077.0
next_HC,next,HC,tai30_20_07.F.15_01,28,1967.0,2224.0,2095.5
next_HC,next,HC,tai30_20_07.F.15_01,29,1924.0,2251.0,2087.5
next_HC,next,HC,tai30_20_07.F.15_01,30,1961.0,2237.0,2099.0
next_HC,next,HC,tai30_20_08.F.15_01,1,1977.0,2253.0,2115.0
next_HC,next,HC,tai30_20_08.F.15_01,2,1940.0,2223.0,2081.5
next_HC,next,HC,tai30_20_08.F.15_01,3,1942.0,2283.0,2112.5
next_HC,next,HC,tai30_20_08.F.15_01,4,1933.0,2219.0,2076.0
next_HC,next,HC,tai30_20_08.F.15_01,5,1915.0,2214.0,2064.5
next_HC,next,HC,tai30_20_08.F.15_01,6,2045.0,2254.0,2149.5
next_HC,next,HC,tai30_20_08.F.15_01,7,1961.0,2235.0,2098.0
next_HC,next,HC,tai30_20_08.F.15_01,8,1960.0,2255.0,2107.5
next_HC,next,HC,tai30_20_08.F.15_01,9,2030.0,2276.0,2153.0
next_HC,next,HC,tai30_20_08.F.15_01,10,1980.0,2253.0,2116.5
next_HC,next,HC,tai30_20_08.F.15_01,11,1974.0,2269.0,2121.5
next_HC,next,HC,tai30_20_08.F.15_01,12,1951.0,2245.0,2098.0
next_HC,next,HC,tai30_20_08.F.15_01,13,1940.0,2277.0,2108.5
next_HC,next,HC,tai30_20_08.F.15_01,14,2032.0,2260.0,2146.0
next_HC,next,HC,tai30_20_08.F.15_01,15,2022.0,2256.0,2139.0
next_HC,next,HC,tai30_20_08.F.15_01,16,1919.0,2191.0,2055.0
next_HC,next,HC,tai30_20_08.F.15_01,17,1923.0,2237.0,2080.0
next_HC,next,HC,tai30_20_08.F.15_01,18,1965.0,2227.0,2096.0
next_HC,next,HC,tai30_20_08.F.15_01,19,1935.0,2257.0,2096.0
next_HC,next,HC,tai30_20_08.F.15_01,20,1964.0,2218.0,2091.0
next_HC,next,HC,tai30_20_08.F.15_01,21,1937.0,2216.0,2076.5
next_HC,next,HC,tai30_20_08.F.15_01,22,1986.0,2221.0,2103.5
next_HC,next,HC,tai30_20_08.F.15_01,23,2006.0,2262.0,2134.0
next_HC,next,HC,tai30_20_08.F.15_01,24,1971.0,2233.0,2102.0
next_HC,next,HC,tai30_20_08.F.15_01,25,1935.0,2218.0,2076.5
next_HC,next,HC,tai30_20_08.F.15_01,26,1962.0,2232.0,2097.0
next_HC,next,HC,tai30_20_08.F.15_01,27,1974.0,2246.0,2110.0
next_HC,next,HC,tai30_20_08.F.15_01,28,1965.0,2232.0,2098.5
next_HC,next,HC,tai30_20_08.F.15_01,29,2029.0,2308.0,2168.5
next_HC,next,HC,tai30_20_08.F.15_01,30,1958.0,2243.0,2100.5
next_HC,next,HC,tai30_20_09.F.15_01,1,1980.0,2216.0,2098.0
next_HC,next,HC,tai30_20_09.F.15_01,2,1983.0,2259.0,2121.0
next_HC,next,HC,tai30_20_09.F.15_01,3,1956.0,2198.0,2077.0
next_HC,next,HC,tai30_20_09.F.15_01,4,1962.0,2197.0,2079.5
next_HC,next,HC,tai30_20_09.F.15_01,5,1972.0,2229.0,2100.5
next_HC,next,HC,tai30_20_09.F.15_01,6,1972.0,2262.0,2117.0
next_HC,next,HC,tai30_20_09.F.15_01,7,1951.0,2219.0,2085.0
next_HC,next,HC,tai30_20_09.F.15_01,8,1985.0,2237.0,2111.0
next_HC,next,HC,tai30_20_09.F.15_01,9,1970.0,2235.0,2102.5
next_HC,next,HC,tai30_20_09.F.15_01,10,1965.0,2222.0,2093.5
next_HC,next,HC,tai30_20_09.F.15_01,11,1982.0,2238.0,2110.0
next_HC,next,HC,tai30_20_09.F.15_01,12,2009.0,2216.0,2112.5
next_HC,next,HC,tai30_20_09.F.15_01,13,1997.0,2248.0,2122.5
next_HC,next,HC,tai30_20_09.F.15_01,14,1943.0,2205.0,2074.0
next_HC,next,HC,tai30_20_09.F.15_01,15,1996.0,2262.0,2129.0
next_HC,next,HC,tai30_20_09.F.15_01,16,1949.0,2211.0,2080.0
next_HC,next,HC,tai30_20_09.F.15_01,17,1996.0,2258.0,2127.0
next_HC,next,HC,tai30_20_09.F.15_01,18,1998.0,2265.0,2131.5
next_HC,next,HC,tai30_20_09.F.15_01,19,1962.0,2217.0,2089.5
next_HC,next,HC,tai30_20_09.F.15_01,20,1978.0,2249.0,2113.5
next_HC,next,HC,tai30_20_09.F.15_01,21,2008.0,2238.0,2123.0
next_HC,next,HC,tai30_20_09.F.15_01,22,1999.0,2251.0,2125.0
next_HC,next,HC,tai30_20_09.F.15_01,23,2004.0,2275.0,2139.5
next_HC,next,HC,tai30_20_09.F.15_01,24,2001.0,2254.0,2127.5
next_HC,next,HC,tai30_20_09.F.15_01,25,1936.0,2191.0,2063.5
next_HC,next,HC,tai30_20_09.F.15_01,26,1975.0,2233.0,2104.0
next_HC,next,HC,tai30_20_09.F.15_01,27,2001.0,2260.0,2130.5
next_HC,next,HC,tai30_20_09.F.15_01,28,1988.0,2262.0,2125.0
next_HC,next,HC,tai30_20_09.F.15_01,29,1983.0,2214.0,2098.5
next_HC,next,HC,tai30_20_09.F.15_01,30,1968.0,2224.0,2096.0
next_HC,next,HC,tai30_20_10.F.15_01,1,1955.0,2240.0,2097.5
next_HC,next,HC,tai30_20_10.F.15_01,2,1970.0,2244.0,2107.0
next_HC,next,HC,tai30_20_10.F.15_01,3,1958.0,2239.0,2098.5
next_HC,next,HC,tai30_20_10.F.15_01,4,1964.0,2221.0,2092.5
next_HC,next,HC,tai30_20_10.F.15_01,5,1955.0,2214.0,2084.5
next_HC,next,HC,tai30_20_10.F.15_01,6,1950.0,2227.0,2088.5
next_HC,next,HC,tai30_20_10.F.15_01,7,1980.0,2251.0,2115.5
next_HC,next,HC,tai30_20_10.F.15_01,8,1946.0,2215.0,2080.5
next_HC,next,HC,tai30_20_10.F.15_01,9,2005.0,2257.0,2131.0
next_HC,next,HC,tai30_20_10.F.15_01,10,1966.0,2228.0,2097.0
next_HC,next,HC,tai30_20_10.F.15_01,11,1966.0,2210.0,2088.0
next_HC,next,HC,tai30_20_10.F.15_01,12,1973.0,2242.0,2107.5
next_HC,next,HC,tai30_20_10.F.15_01,13,1935.0,2210.0,2072.5
next_HC,next,HC,tai30_20_10.F.15_01,14,1954.0,2213.0,2083.5
next_HC,next,HC,tai30_20_10.F.15_01,15,1955.0,2238.0,2096.5
next_HC,next,HC,tai30_20_10.F.15_01,16,1987.0,2244.0,2115.5
next_HC,next,HC,tai30_20_10.F.15_01,17,1968.0,2224.0,2096.0
next_HC,next,HC,tai30_20_10.F.15_01,18,1997.0,2251.0,2124.0
next_HC,next,HC,tai30_20_10.F.15_01,19,1988.0,2277.0,2132.5
next_HC,next,HC,tai30_20_10.F.15_01,20,1953.0,2215.0,2084.0
next_HC,next,HC,tai30_20_10.F.15_01,21,1993.0,2265.0,2129.0
next_HC,next,HC,tai30_20_10.F.15_01,22,1993.0,2263.0,2128.0
next_HC,next,HC,tai30_20_10.F.15_01,23,2042.0,2282.0,2162.0
next_HC,next,HC,tai30_20_10.F.15_01,24,1962.0,2213.0,2087.5
next_HC,next,HC,tai30_20_10.F.15_01,25,1980.0,2226.0,2103.0
next_HC,next,HC,tai30_20_10.F.15_01,26,1953.0,2226.0,2089.5
next_HC,next,HC,tai30_20_10.F.15_01,27,1965.0,2226.0,2095.5
next_HC,next,HC,tai30_20_10.F.15_01,28,1948.0,2236.0,2092.0
next_HC,next,HC,tai30_20_10.F.15_01,29,1966.0,2251.0,2108.5
next_HC,next,HC,tai30_20_10.F.15_01,30,1978.0,2244.0,2111.0
next_HC,next,HC,tai50_15_01.F.15_01,1,2610.0,3002.0,2806.0
next_HC,next,HC,tai50_15_01.F.15_01,2,2560.0,2971.0,2765.5
next_HC,next,HC,tai50_15_01.F.15_01,3,2592.0,2995.0,2793.5
next_HC,next,HC,tai50_15_01.F.15_01,4,2640.0,3045.0,2842.5
next_HC,next,HC,tai50_15_01.F.15_01,5,2606.0,3023.0,2814.5
next_HC,next,HC,tai50_15_01.F.15_01,6,2647.0,3043.0,2845.0
next_HC,next,HC,tai50_15_01.F.15_01,7,2599.0,3007.0,2803.0
next_HC,next,HC,tai50_15_01.F.15_01,8,2617.0,3006.0,2811.5
next_HC,next,HC,tai50_15_01.F.15_01,9,2619.0,3035.0,2827.0
next_HC,next,HC,tai50_15_01.F.15_01,10,2648.0,3024.0,2836.0
next_HC,next,HC,tai50_15_01.F.15_01,11,2576.0,2980.0,2778.0
next_HC,next,HC,tai50_15_01.F.15_01,12,2608.0,3028.0,2818.0
next_HC,next,HC,tai50_15_01.F.15_01,13,2617.0,3004.0,2810.5
next_HC,next,HC,tai50_15_01.F.15_01,14,2581.0,2971.0,2776.0
next_HC,next,HC,tai50_15_01.F.15_01,15,2597.0,2971.0,2784.0
next_HC,next,HC,tai50_15_01.F.15_01,16,2664.0,3068.0,2866.0
next_HC,next,HC,tai50_15_01.F.15_01,17,2610.0,3006.0,2808.0
next_HC,next,HC,tai50_15_01.F.15_01,18,2707.0,3077.0,2892.0
next_HC,next,HC,tai50_15_01.F.15_01,19,2620.0,2996.0,2808.0
next_HC,next,HC,tai50_15_01.F.15_01,20,2620.0,3031.0,2825.5
next_HC,next,HC,tai50_15_01.F.15_01,21,2565.0,2971.0,2768.0
next_HC,next,HC,tai50_15_01.F.15_01,22,2596.0,3001.0,2798.5
next_HC,next,HC,tai50_15_01.F.15_01,23,2580.0,2977.0,2778.5
next_HC,next,HC,tai50_15_01.F.15_01,24,2573.0,2979.0,2776.0
next_HC,next,HC,tai50_15_01.F.15_01,25,2611.0,2990.0,2800.5
next_HC,next,HC,tai50_15_01.F.15_01,26,2623.0,3010.0,2816.5
next_HC,next,HC,tai50_15_01.F.15_01,27,2641.0,3060.0,2850.5
next_HC,next,HC,tai50_15_01.F.15_01,28,2590.0,2988.0,2789.0
next_HC,next,HC,tai50_15_01.F.15_01,29,2586.0,2971.0,2778.5
next_HC,next,HC,tai50_15_01.F.15_01,30,2626.0,3041.0,2833.5
next_HC,next,HC,tai50_15_02.F.15_01,1,2686.0,3028.0,2857.0
next_HC,next,HC,tai50_15_02.F.15_01,2,2609.0,2965.0,2787.0
next_HC,next,HC,tai50_15_02.F.15_01,3,2599.0,2973.0,2786.0
next_HC,next,HC,tai50_15_02.F.15_01,4,2598.0,2985.0,2791.5
next_HC,next,HC,tai50_15_02.F.15_01,5,2601.0,2987.0,2794.0
next_HC,next,HC,tai50_15_02.F.15_01,6,2601.0,2999.0,2800.0
next_HC,next,HC,tai50_15_02.F.15_01,7,2642.0,2999.0,2820.5
next_HC,next,HC,tai50_15_02.F.15_01,8,2629.0,3001.0,2815.0
next_HC,next,HC,tai50_15_02.F.15_01,9,2636.0,3004.0,2820.0
next_HC,next,HC,tai50_15_02.F.15_01,10,2630.0,3000.0,2815.0
next_HC,next,HC,tai50_15_02.F.15_01,11,2615.0,2987.0,2801.0
next_HC,next,HC,tai50_15_02.F.15_01,12,2658.0,3035.0,2846.5
next_HC,next,HC,tai50_15_02.F.15_01,13,2662.0,3029.0,2845.5
next_HC,next,HC,tai50_15_02.F.15_01,14,2680.0,3064.0,2872.0
next_HC,next,HC,tai50_15_02.F.15_01,15,2619.0,2951.0,2785.0
next_HC,next,HC,tai50_15_02.F.15_01,16,2588.0,2946.0,2767.0
next_HC,next,HC,tai50_15_02.F.15_01,17,2635.0,3009.0,2822.0
next_HC,next,HC,tai50_15_02.F.15_01,18,2638.0,2999.0,2818.5
next_HC,next,HC,tai50_15_02.F.15_01,19,2698.0,3039.0,2868.5
next_HC,next,HC,tai50_15_02.F.15_01,20,2641.0,3015.0,2828.0
next_HC,next,HC,tai50_15_02.F.15_01,21,2619.0,3034.0,2826.5
next_HC,next,HC,tai50_15_02.F.15_01,22,2616.0,2993.0,2804.5
next_HC,next,HC,tai50_15_02.F.15_01,23,2641.0,3021.0,2831.0
next_HC,next,HC,tai50_15_02.F.15_01,24,2613.0,3016.0,2814.5
next_HC,next,HC,tai50_15_02.F.15_01,25,2625.0,2984.0,2804.5
next_HC,next,HC,tai50_15_02.F.15_01,26,2602.0,2966.0,2784.0
next_HC,next,HC,tai50_15_02.F.15_01,27,2596.0,2969.0,2782.5
next_HC,next,HC,tai50_15_02.F.15_01,28,2647.0,3019.0,2833.0
next_HC,next,HC,tai50_15_02.F.15_01,29,2650.0,3007.0,2828.5
next_HC,next,HC,tai50_15_02.F.15_01,30,2601.0,2967.0,2784.0
next_HC,next,HC,tai50_15_03.F.15_01,1,2533.0,2931.0,2732.0
next_HC,next,HC,tai50_15_03.F.15_01,2,2532.0,2956.0,2744.0
next_HC,next,HC,tai50_15_03.F.15_01,3,2537.0,2918.0,2727.5
next_HC,next,HC,tai50_15_03.F.15_01,4,2521.0,2959.0,2740.0
next_HC,next,HC,tai50_15_03.F.15_01,5,2526.0,2927.0,2726.5
next_HC,next,HC,tai50_15_03.F.15_01,6,2523.0,2986.0,2754.5
next_HC,next,HC,tai50_15_03.F.15_01,7,2554.0,2950.0,2752.0
next_HC,next,HC,tai50_15_03.F.15_01,8,2524.0,2950.0,2737.0
next_HC,next,HC,tai50_15_03.F.15_01,9,2589.0,3003.0,2796.0
next_HC,next,HC,tai50_15_03.F.15_01,10,2525.0,2943.0,2734.0
next_HC,next,HC,tai50_15_03.F.15_01,11,2537.0,2942.0,2739.5
next_HC,next,HC,tai50_15_03.F.15_01,12,2568.0,2992.0,2780.0
next_HC,next,HC,tai50_15_03.F.15_01,13,2521.0,2915.0,2718.0
next_HC,next,HC,tai50_15_03.F.15_01,14,2552.0,2928.0,2740.0
next_HC,next,HC,tai50_15_03.F.15_01,15,2521.0,2915.0,2718.0
next_HC,next,HC,tai50_15_03.F.15_01,16,2521.0,2980.0,2750.5
next_HC,next,HC,tai50_15_03.F.15_01,17,2536.0,2962.0,2749.0
next_HC,next,HC,tai50_15_03.F.15_01,18,2552.0,2983.0,2767.5
next_HC,next,HC,tai50_15_03.F.15_01,19,2521.0,2939.0,2730.0
next_HC,next,HC,tai50_15_03.F.15_01,20,2546.0,2963.0,2754.5
next_HC,next,HC,tai50_15_03.F.15_01,21,2531.0,2916.0,2723.5
next_HC,next,HC,tai50_15_03.F.15_01,22,2553.0,2960.0,2756.5
next_HC,next,HC,tai50_15_03.F.15_01,23,2555.0,2954.0,2754.5
next_HC,next,HC,tai50_15_03.F.15_01,24,2562.0,2955.0,2758.5
next_HC,next,HC,tai50_15_03.F.15_01,25,2522.0,2974.0,2748.0
next_HC,next,HC,tai50_15_03.F.15_01,26,2523.0,2943.0,2733.0
next_HC,next,HC,tai50_15_03.F.15_01,27,2538.0,2935.0,2736.5
next_HC,next,HC,tai50_15_03.F.15_01,28,2553.0,2940.0,2746.5
next_HC,next,HC,tai50_15_03.F.15_01,29,2528.0,2925.0,2726.5
next_HC,next,HC,tai50_15_03.F.15_01,30,2521.0,2915.0,2718.0
next_HC,next,HC,tai50_15_04.F.15_01,1,2608.0,3073.0,2840.5
next_HC,next,HC,tai50_15_04.F.15_01,2,2608.0,3073.0,2840.5
next_HC,next,HC,tai50_15_04.F.15_01,3,2608.0,3073.0,2840.5
next_HC,next,HC,tai50_15_04.F.15_01,4,2640.0,3106.0,2873.0
next_HC,next,HC,tai50_15_04.F.15_01,5,2619.0,3089.0,2854.0
next_HC,next,HC,tai50_15_04.F.15_01,6,2606.0,3073.0,2839.5
next_HC,next,HC,tai50_15_04.F.15_01,7,2613.0,3076.0,2844.5
next_HC,next,HC,tai50_15_04.F.15_01,8,2622.0,3089.0,2855.5
next_HC,next,HC,tai50_15_04.F.15_01,9,2605.0,3073.0,2839.0
next_HC,next,HC,tai50_15_04.F.15_01,10,2608.0,3073.0,2840.5
next_HC,next,HC,tai50_15_04.F.15_01,11,2619.0,3089.0,2854.0
next_HC,next,HC,tai50_15_04.F.15_01,12,2608.0,3073.0,2840.5
next_HC,next,HC,tai50_15_04.F.15_01,13,2634.0,3073.0,2853.5
next_HC,next,HC,tai50_15_04.F.15_01,14,2605.0,3073.0,2839.0
next_HC,next,HC,tai50_15_04.F.15_01,15,2608.0,3073.0,2840.5
next_HC,next,HC,tai50_15_04.F.15_01,16,2605.0,3073.0,2839.0
next_HC,next,HC,tai50_15_04.F.15_01,17,2622.0,3089.0,2855.5
next_HC,next,HC,tai50_15_04.F.15_01,18,2608.0,3073.0,2840.5
next_HC,next,HC,tai50_15_04.F.15_01,19,2608.0,3073.0,2840.5
next_HC,next,HC,tai50_15_04.F.15_01,20,2622.0,3089.0,2855.5
next_HC,next,HC,tai50_15_04.F.15_01,21,2619.0,3089.0,2854.0
next_HC,next,HC,tai50_15_04.F.15_01,22,2626.0,3096.0,2861.0
next_HC,next,HC,tai50_15_04.F.15_01,23,2618.0,3078.0,2848.0
next_HC,next,HC,tai50_15_04.F.15_01,24,2608.0,3073.0,2840.5
next_HC,next,HC,tai50_15_04.F.15_01,25,2623.0,3097.0,2860.0
next_HC,next,HC,tai50_15_04.F.15_01,26,2622.0,3080.0,2851.0
next_HC,next,HC,tai50_15_04.F.15_01,27,2608.0,3073.0,2840.5
next_HC,next,HC,tai50_15_04.F.15_01,28,2622.0,3089.0,2855.5
next_HC,next,HC,tai50_15_04.F.15_01,29,2605.0,3073.0,2839.0
next_HC,next,HC,tai50_15_04.F.15_01,30,2616.0,3073.0,2844.5
next_HC,next,HC,tai50_15_05.F.15_01,1,2562.0,2929.0,2745.5
next_HC,next,HC,tai50_15_05.F.15_01,2,2568.0,2939.0,2753.5
next_HC,next,HC,tai50_15_05.F.15_01,3,2565.0,2934.0,2749.5
next_HC,next,HC,tai50_15_05.F.15_01,4,2555.0,2948.0,2751.5
next_HC,next,HC,tai50_15_05.F.15_01,5,2645.0,3026.0,2835.5
next_HC,next,HC,tai50_15_05.F.15_01,6,2564.0,2947.0,2755.5
next_HC,next,HC,tai50_15_05.F.15_01,7,2620.0,2991.0,2805.5
next_HC,next,HC,tai50_15_05.F.15_01,8,2544.0,2910.0,2727.0
next_HC,next,HC,tai50_15_05.F.15_01,9,2544.0,2922.0,2733.0
next_HC,next,HC,tai50_15_05.F.15_01,10,2570.0,2935.0,2752.5
next_HC,next,HC,tai50_15_05.F.15_01,11,2581.0,2928.0,2754.5
next_HC,next,HC,tai50_15_05.F.15_01,12,2526.0,2907.0,2716.5
next_HC,next,HC,tai50_15_05.F.15_01,13,2651.0,3045.0,2848.0
next_HC,next,HC,tai50_15_05.F.15_01,14,2592.0,2981.0,2786.5
next_HC,next,HC,tai50_15_05.F.15_01,15,2548.0,2920.0,2734.0
next_HC,next,HC,tai50_15_05.F.15_01,16,2584.0,2964.0,2774.0
next_HC,next,HC,tai50_15_05.F.15_01,17,2538.0,2935.0,2736.5
next_HC,next,HC,tai50_15_05.F.15_01,18,2548.0,2922.0,2735.0
next_HC,next,HC,tai50_15_05.F.15_01,19,2569.0,2949.0,2759.0
next_HC,next,HC,tai50_15_05.F.15_01,20,2573.0,2935.0,2754.0
next_HC,next,HC,tai50_15_05.F.15_01,21,2606.0,2975.0,2790.5
next_HC,next,HC,tai50_15_05.F.15_01,22,2563.0,2928.0,2745.5
next_HC,next,HC,tai50_15_05.F.15_01,23,2629.0,3010.0,2819.5
next_HC,next,HC,tai50_15_05.F.15_01,24,2662.0,3016.0,2839.0
next_HC,next,HC,tai50_15_05.F.15_01,25,2550.0,2910.0,2730.0
next_HC,next,HC,tai50_15_05.F.15_01,26,2608.0,2956.0,2782.0
next_HC,next,HC,tai50_15_05.F.15_01,27,2587.0,2969.0,2778.0
next_HC,next,HC,tai50_15_05.F.15_01,28,2573.0,2941.0,2757.0
next_HC,next,HC,tai50_15_05.F.15_01,29,2596.0,2976.0,2786.0
next_HC,next,HC,tai50_15_05.F.15_01,30,2591.0,2942.0,2766.5
next_HC,next,HC,tai50_15_06.F.15_01,1,2639.0,3010.0,2824.5
next_HC,next,HC,tai50_15_06.F.15_01,2,2664.0,3012.0,2838.0
next_HC,next,HC,tai50_15_06.F.15_01,3,2616.0,2994.0,2805.0
next_HC,next,HC,tai50_15_06.F.15_01,4,2577.0,2994.0,2785.5
next_HC,next,HC,tai50_15_06.F.15_01,5,2623.0,3010.0,2816.5
next_HC,next,HC,tai50_15_06.F.15_01,6,2622.0,3011.0,2816.5
next_HC,next,HC,tai50_15_06.F.15_01,7,2674.0,3031.0,2852.5
next_HC,next,HC,tai50_15_06.F.15_01,8,2666.0,3011.0,2838.5
next_HC,next,HC,tai50_15_06.F.15_01,9,2636.0,3021.0,2828.5
next_HC,next,HC,tai50_15_06.F.15_01,10,2592.0,3010.0,2801.0
next_HC,next,HC,tai50_15_06.F.15_01,11,2632.0,3011.0,2821.5
next_HC,next,HC,tai50_15_06.F.15_01,12,2626.0,3017.0,2821.5
next_HC,next,HC,tai50_15_06.F.15_01,13,2623.0,3035.0,2829.0
next_HC,next,HC,tai50_15_06.F.15_01,14,2602.0,2994.0,2798.0
next_HC,next,HC,tai50_15_06.F.15_01,15,2642.0,3017.0,2829.5
next_HC,next,HC,tai50_15_06.F.15_01,16,2599.0,2997.0,2798.0
next_HC,next,HC,tai50_15_06.F.15_01,17,2653.0,3057.0,2855.0
next_HC,next,HC,tai50_15_06.F.15_01,18,2606.0,3014.0,2810.0
next_HC,next,HC,tai50_15_06.F.15_01,19,2618.0,2996.0,2807.0
next_HC,next,HC,tai50_15_06.F.15_01,20,2590.0,3010.0,2800.0
next_HC,next,HC,tai50_15_06.F.15_01,21,2618.0,3014.0,2816.0
next_HC,next,HC,tai50_15_06.F.15_01,22,2621.0,3010.0,2815.5
next_HC,next,HC,tai50_15_06.F.15_01,23,2668.0,3068.0,2868.0
next_HC,next,HC,tai50_15_06.F.15_01,24,2613.0,3000.0,2806.5
next_HC,next,HC,tai50_15_06.F.15_01,25,2618.0,2998.0,2808.0
next_HC,next,HC,tai50_15_06.F.15_01,26,2639.0,3010.0,2824.5
next_HC,next,HC,tai50_15_06.F.15_01,27,2674.0,3010.0,2842.0
next_HC,next,HC,tai50_15_06.F.15_01,28,2633.0,3009.0,2821.0
next_HC,next,HC,tai50_15_06.F.15_01,29,2728.0,3056.0,2892.0
next_HC,next,HC,tai50_15_06.F.15_01,30,2702.0,3063.0,2882.5
next_HC,next,HC,tai50_15_07.F.15_01,1,2719.0,3179.0,2949.0
next_HC,next,HC,tai50_15_07.F.15_01,2,2719.0,3167.0,2943.0
next_HC,next,HC,tai50_15_07.F.15_01,3,2761.0,3186.0,2973.5
next_HC,next,HC,tai50_15_07.F.15_01,4,2737.0,3173.0,2955.0
next_HC,next,HC,tai50_15_07.F.15_01,5,2719.0,3167.0,2943.0
next_HC,next,HC,tai50_15_07.F.15_01,6,2751.0,3209.0,2980.0
next_HC,next,HC,tai50_15_07.F.15_01,7,2719.0,3167.0,2943.0
next_HC,next,HC,tai50_15_07.F.15_01,8,2728.0,3167.0,2947.5
next_HC,next,HC,tai50_15_07.F.15_01,9,2730.0,3167.0,2948.5
next_HC,next,HC,tai50_15_07.F.15_01,10,2740.0,3185.0,2962.5
next_HC,next,HC,tai50_15_07.F.15_01,11,2735.0,3167.0,2951.0
next_HC,next,HC,tai50_15_07.F.15_01,12,2759.0,3183.0,2971.0
next_HC,next,HC,tai50_15_07.F.15_01,13,2719.0,3167.0,2943.0
next_HC,next,HC,tai50_15_07.F.15_01,14,2719.0,3167.0,2943.0
next_HC,next,HC,tai50_15_07.F.15_01,15,2759.0,3178.0,2968.5
next_HC,next,HC,tai50_15_07.F.15_01,16,2761.0,3187.0,2974.0
next_HC,next,HC,tai50_15_07.F.15_01,17,2767.0,3197.0,2982.0
next_HC,next,HC,tai50_15_07.F.15_01,18,2719.0,3167.0,2943.0
next_HC,next,HC,tai50_15_07.F.15_01,19,2779.0,3217.0,2998.0
next_HC,next,HC,tai50_15_07.F.15_01,20,2719.0,3167.0,2943.0
next_HC,next,HC,tai50_15_07.F.15_01,21,2732.0,3167.0,2949.5
next_HC,next,HC,tai50_15_07.F.15_01,22,2770.0,3222.0,2996.0
next_HC,next,HC,tai50_15_07.F.15_01,23,2760.0,3171.0,2965.5
next_HC,next,HC,tai50_15_07.F.15_01,24,2760.0,3206.0,2983.0
next_HC,next,HC,tai50_15_07.F.15_01,25,2758.0,3220.0,2989.0
next_HC,next,HC,tai50_15_07.F.15_01,26,2719.0,3167.0,2943.0
next_HC,next,HC,tai50_15_07.F.15_01,27,2719.0,3167.0,2943.0
next_HC,next,HC,tai50_15_07.F.15_01,28,2744.0,3180.0,2962.0
next_HC,next,HC,tai50_15_07.F.15_01,29,2719.0,3167.0,2943.0
next_HC,next,HC,tai50_15_07.F.15_01,30,2754.0,3167.0,2960.5
next_HC,next,HC,tai50_15_08.F.15_01,1,2682.0,3128.0,2905.0
next_HC,next,HC,tai50_15_08.F.15_01,2,2723.0,3153.0,2938.0
next_HC,next,HC,tai50_15_08.F.15_01,3,2759.0,3162.0,2960.5
next_HC,next,HC,tai50_15_08.F.15_01,4,2682.0,3128.0,2905.0
next_HC,next,HC,tai50_15_08.F.15_01,5,2712.0,3137.0,2924.5
next_HC,next,HC,tai50_15_08.F.15_01,6,2691.0,3128.0,2909.5
next_HC,next,HC,tai50_15_08.F.15_01,7,2682.0,3128.0,2905.0
next_HC,next,HC,tai50_15_08.F.15_01,8,2691.0,3128.0,2909.5
next_HC,next,HC,tai50_15_08.F.15_01,9,2682.0,3128.0,2905.0
next_HC,next,HC,tai50_15_08.F.15_01,10,2682.0,3128.0,2905.0
next_HC,next,HC,tai50_15_08.F.15_01,11,2712.0,3144.0,2928.0
next_HC,next,HC,tai50_15_08.F.15_01,12,2691.0,3128.0,2909.5
next_HC,next,HC,tai50_15_08.F.15_01,13,2682.0,3128.0,2905.0
next_HC,next,HC,tai50_15_08.F.15_01,14,2702.0,3128.0,2915.0
next_HC,next,HC,tai50_15_08.F.15_01,15,2682.0,3128.0,2905.0
next_HC,next,HC,tai50_15_08.F.15_01,16,2682.0,3128.0,2905.0
next_HC,next,HC,tai50_15_08.F.15_01,17,2719.0,3142.0,2930.5
next_HC,next,HC,tai50_15_08.F.15_01,18,2735.0,3128.0,2931.5
next_HC,next,HC,tai50_15_08.F.15_01,19,2682.0,3128.0,2905.0
next_HC,next,HC,tai50_15_08.F.15_01,20,2704.0,3128.0,2916.0
next_HC,next,HC,tai50_15_08.F.15_01,21,2682.0,3128.0,2905.0
next_HC,next,HC,tai50_15_08.F.15_01,22,2700.0,3128.0,2914.0
next_HC,next,HC,tai50_15_08.F.15_01,23,2682.0,3128.0,2905.0
next_HC,next,HC,tai50_15_08.F.15_01,24,2706.0,3128.0,2917.0
next_HC,next,HC,tai50_15_08.F.15_01,25,2682.0,3128.0,2905.0
next_HC,next,HC,tai50_15_08.F.15_01,26,2682.0,3128.0,2905.0
next_HC,next,HC,tai50_15_08.F.15_01,27,2682.0,3128.0,2905.0
next_HC,next,HC,tai50_15_08.F.15_01,28,2712.0,3128.0,2920.0
next_HC,next,HC,tai50_15_08.F.15_01,29,2740.0,3134.0,2937.0
next_HC,next,HC,tai50_15_08.F.15_01,30,2704.0,3128.0,2916.0
next_HC,next,HC,tai50_15_09.F.15_01,1,2567.0,2988.0,2777.5
next_HC,next,HC,tai50_15_09.F.15_01,2,2561.0,2935.0,2748.0
next_HC,next,HC,tai50_15_09.F.15_01,3,2507.0,2916.0,2711.5
next_HC,next,HC,tai50_15_09.F.15_01,4,2591.0,2975.0,2783.0
next_HC,next,HC,tai50_15_09.F.15_01,5,2548.0,2944.0,2746.0
next_HC,next,HC,tai50_15_09.F.15_01,6,2503.0,2919.0,2711.0
next_HC,next,HC,tai50_15_09.F.15_01,7,2577.0,2959.0,2768.0
next_HC,next,HC,tai50_15_09.F.15_01,8,2506.0,2906.0,2706.0
next_HC,next,HC,tai50_15_09.F.15_01,9,2577.0,2953.0,2765.0
next_HC,next,HC,tai50_15_09.F.15_01,10,2565.0,2954.0,2759.5
next_HC,next,HC,tai50_15_09.F.15_01,11,2542.0,2898.0,2720.0
next_HC,next,HC,tai50_15_09.F.15_01,12,2549.0,2926.0,2737.5
next_HC,next,HC,tai50_15_09.F.15_01,13,2533.0,2914.0,2723.5
next_HC,next,HC,tai50_15_09.F.15_01,14,2547.0,2943.0,2745.0
next_HC,next,HC,tai50_15_09.F.15_01,15,2582.0,2966.0,2774.0
next_HC,next,HC,tai50_15_09.F.15_01,16,2562.0,2964.0,2763.0
next_HC,next,HC,tai50_15_09.F.15_01,17,2508.0,2882.0,2695.0
next_HC,next,HC,tai50_15_09.F.15_01,18,2567.0,2946.0,2756.5
next_HC,next,HC,tai50_15_09.F.15_01,19,2535.0,2917.0,2726.0
next_HC,next,HC,tai50_15_09.F.15_01,20,2560.0,2949.0,2754.5
next_HC,next,HC,tai50_15_09.F.15_01,21,2545.0,2940.0,2742.5
next_HC,next,HC,tai50_15_09.F.15_01,22,2542.0,2942.0,2742.0
next_HC,next,HC,tai50_15_09.F.15_01,23,2584.0,2965.0,2774.5
next_HC,next,HC,tai50_15_09.F.15_01,24,2530.0,2930.0,2730.0
next_HC,next,HC,tai50_15_09.F.15_01,25,2533.0,2928.0,2730.5
next_HC,next,HC,tai50_15_09.F.15_01,26,2484.0,2879.0,2681.5
next_HC,next,HC,tai50_15_09.F.15_01,27,2533.0,2931.0,2732.0
next_HC,next,HC,tai50_15_09.F.15_01,28,2507.0,2915.0,2711.0
next_HC,next,HC,tai50_15_09.F.15_01,29,2537.0,2936.0,2736.5
next_HC,next,HC,tai50_15_09.F.15_01,30,2572.0,2940.0,2756.0
next_HC,next,HC,tai50_15_10.F.15_01,1,2578.0,2944.0,2761.0
next_HC,next,HC,tai50_15_10.F.15_01,2,2577.0,2981.0,2779.0
next_HC,next,HC,tai50_15_10.F.15_01,3,2600.0,2976.0,2788.0
next_HC,next,HC,tai50_15_10.F.15_01,4,2590.0,2982.0,2786.0
next_HC,next,HC,tai50_15_10.F.15_01,5,2596.0,2984.0,2790.0
next_HC,next,HC,tai50_15_10.F.15_01,6,2596.0,3013.0,2804.5
next_HC,next,HC,tai50_15_10.F.15_01,7,2571.0,2944.0,2757.5
next_HC,next,HC,tai50_15_10.F.15_01,8,2570.0,2956.0,2763.0
next_HC,next,HC,tai50_15_10.F.15_01,9,2561.0,2944.0,2752.5
next_HC,next,HC,tai50_15_10.F.15_01,10,2569.0,2947.0,2758.0
next_HC,next,HC,tai50_15_10.F.15_01,11,2538.0,2934.0,2736.0
next_HC,next,HC,tai50_15_10.F.15_01,12,2595.0,2974.0,2784.5
next_HC,next,HC,tai50_15_10.F.15_01,13,2629.0,3035.0,2832.0
next_HC,next,HC,tai50_15_10.F.15_01,14,2556.0,2944.0,2750.0
next_HC,next,HC,tai50_15_10.F.15_01,15,2586.0,2954.0,2770.0
next_HC,next,HC,tai50_15_10.F.15_01,16,2556.0,2968.0,2762.0
next_HC,next,HC,tai50_15_10.F.15_01,17,2569.0,2966.0,2767.5
next_HC,next,HC,tai50_15_10.F.15_01,18,2602.0,2989.0,2795.5
next_HC,next,HC,tai50_15_10.F.15_01,19,2568.0,2963.0,2765.5
next_HC,next,HC,tai50_15_10.F.15_01,20,2635.0,3035.0,2835.0
next_HC,next,HC,tai50_15_10.F.15_01,21,2618.0,2991.0,2804.5
next_HC,next,HC,tai50_15_10.F.15_01,22,2641.0,3025.0,2833.0
next_HC,next,HC,tai50_15_10.F.15_01,23,2596.0,2984.0,2790.0
next_HC,next,HC,tai50_15_10.F.15_01,24,2578.0,2956.0,2767.0
next_HC,next,HC,tai50_15_10.F.15_01,25,2584.0,2970.0,2777.0
next_HC,next,HC,tai50_15_10.F.15_01,26,2616.0,2996.0,2806.0
next_HC,next,HC,tai50_15_10.F.15_01,27,2566.0,2962.0,2764.0
next_HC,next,HC,tai50_15_10.F.15_01,28,2588.0,2982.0,2785.0
next_HC,next,HC,tai50_15_10.F.15_01,29,2604.0,2965.0,2784.5
next_HC,next,HC,tai50_15_10.F.15_01,30,2597.0,2983.0,2790.0
next_HC,next,HC,tai50_20_01.F.15_01,1,2777.0,3175.0,2976.0
next_HC,next,HC,tai50_20_01.F.15_01,2,2820.0,3221.0,3020.5
next_HC,next,HC,tai50_20_01.F.15_01,3,2781.0,3187.0,2984.0
next_HC,next,HC,tai50_20_01.F.15_01,4,2812.0,3223.0,3017.5
next_HC,next,HC,tai50_20_01.F.15_01,5,2801.0,3206.0,3003.5
next_HC,next,HC,tai50_20_01.F.15_01,6,2822.0,3222.0,3022.0
next_HC,next,HC,tai50_20_01.F.15_01,7,2865.0,3273.0,3069.0
next_HC,next,HC,tai50_20_01.F.15_01,8,2846.0,3271.0,3058.5
next_HC,next,HC,tai50_20_01.F.15_01,9,2826.0,3229.0,3027.5
next_HC,next,HC,tai50_20_01.F.15_01,10,2811.0,3231.0,3021.0
next_HC,next,HC,tai50_20_01.F.15_01,11,2914.0,3328.0,3121.0
next_HC,next,HC,tai50_20_01.F.15_01,12,2786.0,3187.0,2986.5
next_HC,next,HC,tai50_20_01.F.15_01,13,2819.0,3220.0,3019.5
next_HC,next,HC,tai50_20_01.F.15_01,14,2861.0,3265.0,3063.0
next_HC,next,HC,tai50_20_01.F.15_01,15,2837.0,3238.0,3037.5
next_HC,next,HC,tai50_20_01.F.15_01,16,2781.0,3165.0,2973.0
next_HC,next,HC,tai50_20_01.F.15_01,17,2859.0,3256.0,3057.5
next_HC,next,HC,tai50_20_01.F.15_01,18,2848.0,3246.0,3047.0
next_HC,next,HC,tai50_20_01.F.15_01,19,2819.0,3224.0,3021.5
next_HC,next,HC,tai50_20_01.F.15_01,20,2787.0,3195.0,2991.0
next_HC,next,HC,tai50_20_01.F.15_01,21,2803.0,3231.0,3017.0
next_HC,next,HC,tai50_20_01.F.15_01,22,2851.0,3227.0,3039.0
next_HC,next,HC,tai50_20_01.F.15_01,23,2830.0,3229.0,3029.5
next_HC,next,HC,tai50_20_01.F.15_01,24,2766.0,3172.0,2969.0
next_HC,next,HC,tai50_20_01.F.15_01,25,2806.0,3199.0,3002.5
next_HC,next,HC,tai50_20_01.F.15_01,26,2774.0,3193.0,2983.5
next_HC,next,HC,tai50_20_01.F.15_01,27,2809.0,3212.0,3010.5
next_HC,next,HC,tai50_20_01.F.15_01,28,2798.0,3204.0,3001.0
next_HC,next,HC,tai50_20_01.F.15_01,29,2841.0,3235.0,3038.0
next_HC,next,HC,tai50_20_01.F.15_01,30,2828.0,3226.0,3027.0
next_HC,next,HC,tai50_20_02.F.15_01,1,2963.0,3356.0,3159.5
next_HC,next,HC,tai50_20_02.F.15_01,2,2868.0,3267.0,3067.5
next_HC,next,HC,tai50_20_02.F.15_01,3,2973.0,3317.0,3145.0
next_HC,next,HC,tai50_20_02.F.15_01,4,2853.0,3272.0,3062.5
next_HC,next,HC,tai50_20_02.F.15_01,5,2884.0,3248.0,3066.0
next_HC,next,HC,tai50_20_02.F.15_01,6,2889.0,3259.0,3074.0
next_HC,next,HC,tai50_20_02.F.15_01,7,2873.0,3257.0,3065.0
next_HC,next,HC,tai50_20_02.F.15_01,8,2916.0,3267.0,3091.5
next_HC,next,HC,tai50_20_02.F.15_01,9,2946.0,3330.0,3138.0
next_HC,next,HC,tai50_20_02.F.15_01,10,2931.0,3307.0,3119.0
next_HC,next,HC,tai50_20_02.F.15_01,11,2856.0,3237.0,3046.5
next_HC,next,HC,tai50_20_02.F.15_01,12,2888.0,3267.0,3077.5
next_HC,next,HC,tai50_20_02.F.15_01,13,2871.0,3271.0,3071.0
next_HC,next,HC,tai50_20_02.F.15_01,14,2861.0,3256.0,3058.5
next_HC,next,HC,tai50_20_02.F.15_01,15,2983.0,3354.0,3168.5
next_HC,next,HC,tai50_20_02.F.15_01,16,2951.0,3335.0,3143.0
next_HC,next,HC,tai50_20_02.F.15_01,17,2908.0,3301.0,3104.5
next_HC,next,HC,tai50_20_02.F.15_01,18,2853.0,3243.0,3048.0
next_HC,next,HC,tai50_20_02.F.15_01,19,2962.0,3333.0,3147.5
next_HC,next,HC,tai50_20_02.F.15_01,20,2913.0,3290.0,3101.5
next_HC,next,HC,tai50_20_02.F.15_01,21,2900.0,3270.0,3085.0
next_HC,next,HC,tai50_20_02.F.15_01,22,2983.0,3383.0,3183.0
next_HC,next,HC,tai50_20_02.F.15_01,23,2861.0,3229.0,3045.0
next_HC,next,HC,tai50_20_02.F.15_01,24,2935.0,3295.0,3115.0
next_HC,next,HC,tai50_20_02.F.15_01,25,2883.0,3300.0,3091.5
next_HC,next,HC,tai50_20_02.F.15_01,26,2900.0,3262.0,3081.0
next_HC,next,HC,tai50_20_02.F.15_01,27,2908.0,3326.0,3117.0
next_HC,next,HC,tai50_20_02.F.15_01,28,2851.0,3225.0,3038.0
next_HC,next,HC,tai50_20_02.F.15_01,29,2969.0,3292.0,3130.5
next_HC,next,HC,tai50_20_02.F.15_01,30,2918.0,3299.0,3108.5
next_HC,next,HC,tai50_20_03.F.15_01,1,2670.0,3116.0,2893.0
next_HC,next,HC,tai50_20_03.F.15_01,2,2664.0,3097.0,2880.5
next_HC,next,HC,tai50_20_03.F.15_01,3,2664.0,3100.0,2882.0
next_HC,next,HC,tai50_20_03.F.15_01,4,2712.0,3139.0,2925.5
next_HC,next,HC,tai50_20_03.F.15_01,5,2644.0,3084.0,2864.0
next_HC,next,HC,tai50_20_03.F.15_01,6,2650.0,3085.0,2867.5
next_HC,next,HC,tai50_20_03.F.15_01,7,2667.0,3113.0,2890.0
next_HC,next,HC,tai50_20_03.F.15_01,8,2709.0,3161.0,2935.0
next_HC,next,HC,tai50_20_03.F.15_01,9,2671.0,3132.0,2901.5
next_HC,next,HC,tai50_20_03.F.15_01,10,2694.0,3138.0,2916.0
next_HC,next,HC,tai50_20_03.F.15_01,11,2662.0,3121.0,2891.5
next_HC,next,HC,tai50_20_03.F.15_01,12,2659.0,3106.0,2882.5
next_HC,next,HC,tai50_20_03.F.15_01,13,2706.0,3155.0,2930.5
next_HC,next,HC,tai50_20_03.F.15_01,14,2707.0,3111.0,2909.0
next_HC,next,HC,tai50_20_03.F.15_01,15,2688.0,3110.0,2899.0
next_HC,next,HC,tai50_20_03.F.15_01,16,2643.0,3094.0,2868.5
next_HC,next,HC,tai50_20_03.F.15_01,17,2688.0,3125.0,2906.5
next_HC,next,HC,tai50_20_03.F.15_01,18,2664.0,3081.0,2872.5
next_HC,next,HC,tai50_20_03.F.15_01,19,2671.0,3081.0,2876.0
next_HC,next,HC,tai50_20_03.F.15_01,20,2633.0,3058.0,2845.5
next_HC,next,HC,tai50_20_03.F.15_01,21,2695.0,3160.0,2927.5
next_HC,next,HC,tai50_20_03.F.15_01,22,2646.0,3067.0,2856.5
next_HC,next,HC,tai50_20_03.F.15_01,23,2648.0,3100.0,2874.0
next_HC,next,HC,tai50_20_03.F.15_01,24,2654.0,3106.0,2880.0
next_HC,next,HC,tai50_20_03.F.15_01,25,2659.0,3101.0,2880.0
next_HC,next,HC,tai50_20_03.F.15_01,26,2672.0,3117.0,2894.5
next_HC,next,HC,tai50_20_03.F.15_01,27,2711.0,3153.0,2932.0
next_HC,next,HC,tai50_20_03.F.15_01,28,2624.0,3048.0,2836.0
next_HC,next,HC,tai50_20_03.F.15_01,29,2650.0,3094.0,2872.0
next_HC,next,HC,tai50_20_03.F.15_01,30,2639.0,3089.0,2864.0
next_HC,next,HC,tai50_20_04.F.15_01,1,2690.0,3074.0,2882.0
next_HC,next,HC,tai50_20_04.F.15_01,2,2619.0,3014.0,2816.5
next_HC,next,HC,tai50_20_04.F.15_01,3,2578.0,3001.0,2789.5
next_HC,next,HC,tai50_20_04.F.15_01,4,2624.0,3010.0,2817.0
next_HC,next,HC,tai50_20_04.F.15_01,5,2670.0,3030.0,2850.0
next_HC,next,HC,tai50_20_04.F.15_01,6,2663.0,3055.0,2859.0
next_HC,next,HC,tai50_20_04.F.15_01,7,2570.0,2965.0,2767.5
next_HC,next,HC,tai50_20_04.F.15_01,8,2638.0,3027.0,2832.5
next_HC,next,HC,tai50_20_04.F.15_01,9,2557.0,2968.0,2762.5
next_HC,next,HC,tai50_20_04.F.15_01,10,2647.0,3021.0,2834.0
next_HC,next,HC,tai50_20_04.F.15_01,11,2665.0,3036.0,2850.5
next_HC,next,HC,tai50_20_04.F.15_01,12,2646.0,3027.0,2836.5
next_HC,next,HC,tai50_20_04.F.15_01,13,2653.0,3042.0,2847.5
next_HC,next,HC,tai50_20_04.F.15_01,14,2695.0,3070.0,2882.5
next_HC,next,HC,tai50_20_04.F.15_01,15,2630.0,2992.0,2811.0
next_HC,next,HC,tai50_20_04.F.15_01,16,2634.0,3008.0,2821.0
next_HC,next,HC,tai50_20_04.F.15_01,17,2646.0,3041.0,2843.5
next_HC,next,HC,tai50_20_04.F.15_01,18,2581.0,2997.0,2789.0
next_HC,next,HC,tai50_20_04.F.15_01,19,2651.0,3055.0,2853.0
next_HC,next,HC,tai50_20_04.F.15_01,20,2592.0,2970.0,2781.0
next_HC,next,HC,tai50_20_04.F.15_01,21,2600.0,3009.0,2804.5
next_HC,next,HC,tai50_20_04.F.15_01,22,2601.0,3028.0,2814.5
next_HC,next,HC,tai50_20_04.F.15_01,23,2629.0,3027.0,2828.0
next_HC,next,HC,tai50_20_04.F.15_01,24,2637.0,3027.0,2832.0
next_HC,next,HC,tai50_20_04.F.15_01,25,2588.0,2977.0,2782.5
next_HC,next,HC,tai50_20_04.F.15_01,26,2612.0,3016.0,2814.0
next_HC,next,HC,tai50_20_04.F.15_01,27,2642.0,3082.0,2862.0
next_HC,next,HC,tai50_20_04.F.15_01,28,2553.0,2963.0,2758.0
next_HC,next,HC,tai50_20_04.F.15_01,29,2625.0,3031.0,2828.0
next_HC,next,HC,tai50_20_04.F.15_01,30,2654.0,3054.0,2854.0
next_HC,next,HC,tai50_20_05.F.15_01,1,2709.0,3078.0,2893.5
next_HC,next,HC,tai50_20_05.F.15_01,2,2658.0,3043.0,2850.5
next_HC,next,HC,tai50_20_05.F.15_01,3,2638.0,3025.0,2831.5
next_HC,next,HC,tai50_20_05.F.15_01,4,2631.0,3022.0,2826.5
next_HC,next,HC,tai50_20_05.F.15_01,5,2668.0,3054.0,2861.0
next_HC,next,HC,tai50_20_05.F.15_01,6,2676.0,3050.0,2863.0
next_HC,next,HC,tai50_20_05.F.15_01,7,2698.0,3074.0,2886.0
next_HC,next,HC,tai50_20_05.F.15_01,8,2677.0,3045.0,2861.0
next_HC,next,HC,tai50_20_05.F.15_01,9,2712.0,3072.0,2892.0
next_HC,next,HC,tai50_20_05.F.15_01,10,2737.0,3110.0,2923.5
next_HC,next,HC,tai50_20_05.F.15_01,11,2700.0,3062.0,2881.0
next_HC,next,HC,tai50_20_05.F.15_01,12,2729.0,3094.0,2911.5
next_HC,next,HC,tai50_20_05.F.15_01,13,2698.0,3077.0,2887.5
next_HC,next,HC,tai50_20_05.F.15_01,14,2667.0,3073.0,2870.0
next_HC,next,HC,tai50_20_05.F.15_01,15,2686.0,3072.0,2879.0
next_HC,next,HC,tai50_20_05.F.15_01,16,2651.0,3021.0,2836.0
next_HC,next,HC,tai50_20_05.F.15_01,17,2663.0,3070.0,2866.5
next_HC,next,HC,tai50_20_05.F.15_01,18,2707.0,3099.0,2903.0
next_HC,next,HC,tai50_20_05.F.15_01,19,2698.0,3029.0,2863.5
next_HC,next,HC,tai50_20_05.F.15_01,20,2643.0,3038.0,2840.5
next_HC,next,HC,tai50_20_05.F.15_01,21,2665.0,3052.0,2858.5
next_HC,next,HC,tai50_20_05.F.15_01,22,2684.0,3031.0,2857.5
next_HC,next,HC,tai50_20_05.F.15_01,23,2676.0,3069.0,2872.5
next_HC,next,HC,tai50_20_05.F.15_01,24,2693.0,3077.0,2885.0
next_HC,next,HC,tai50_20_05.F.15_01,25,2713.0,3099.0,2906.0
next_HC,next,HC,tai50_20_05.F.15_01,26,2682.0,3048.0,2865.0
next_HC,next,HC,tai50_20_05.F.15_01,27,2709.0,3063.0,2886.0
next_HC,next,HC,tai50_20_05.F.15_01,28,2641.0,3019.0,2830.0
next_HC,next,HC,tai50_20_05.F.15_01,29,2680.0,3076.0,2878.0
next_HC,next,HC,tai50_20_05.F.15_01,30,2701.0,3062.0,2881.5
next_HC,next,HC,tai50_20_06.F.15_01,1,2733.0,3173.0,2953.0
next_HC,next,HC,tai50_20_06.F.15_01,2,2750.0,3201.0,2975.5
next_HC,next,HC,tai50_20_06.F.15_01,3,2760.0,3162.0,2961.0
next_HC,next,HC,tai50_20_06.F.15_01,4,2785.0,3214.0,2999.5
next_HC,next,HC,tai50_20_06.F.15_01,5,2714.0,3132.0,2923.0
next_HC,next,HC,tai50_20_06.F.15_01,6,2807.0,3185.0,2996.0
next_HC,next,HC,tai50_20_06.F.15_01,7,2795.0,3200.0,2997.5
next_HC,next,HC,tai50_20_06.F.15_01,8,2757.0,3157.0,2957.0
next_HC,next,HC,tai50_20_06.F.15_01,9,2799.0,3199.0,2999.0
next_HC,next,HC,tai50_20_06.F.15_01,10,2750.0,3231.0,2990.5
next_HC,next,HC,tai50_20_06.F.15_01,11,2813.0,3239.0,3026.0
next_HC,next,HC,tai50_20_06.F.15_01,12,2771.0,3203.0,2987.0
next_HC,next,HC,tai50_20_06.F.15_01,13,2767.0,3179.0,2973.0
next_HC,next,HC,tai50_20_06.F.15_01,14,2793.0,3213.0,3003.0
next_HC,next,HC,tai50_20_06.F.15_01,15,2783.0,3231.0,3007.0
next_HC,next,HC,tai50_20_06.F.15_01,16,2728.0,3158.0,2943.0
next_HC,next,HC,tai50_20_06.F.15_01,17,2740.0,3201.0,2970.5
next_HC,next,HC,tai50_20_06.F.15_01,18,2772.0,3167.0,2969.5
next_HC,next,HC,tai50_20_06.F.15_01,19,2762.0,3170.0,2966.0
next_HC,next,HC,tai50_20_06.F.15_01,20,2764.0,3153.0,2958.5
next_HC,next,HC,tai50_20_06.F.15_01,21,2805.0,3208.0,3006.5
next_HC,next,HC,tai50_20_06.F.15_01,22,2766.0,3179.0,2972.5
next_HC,next,HC,tai50_20_06.F.15_01,23,2746.0,3197.0,2971.5
next_HC,next,HC,tai50_20_06.F.15_01,24,2775.0,3169.0,2972.0
next_HC,next,HC,tai50_20_06.F.15_01,25,2744.0,3222.0,2983.0
next_HC,next,HC,tai50_20_06.F.15_01,26,2786.0,3210.0,2998.0
next_HC,next,HC,tai50_20_06.F.15_01,27,2785.0,3217.0,3001.0
next_HC,next,HC,tai50_20_06.F.15_01,28,2770.0,3166.0,2968.0
next_HC,next,HC,tai50_20_06.F.15_01,29,2755.0,3161.0,2958.0
next_HC,next,HC,tai50_20_06.F.15_01,30,2775.0,3197.0,2986.0
next_HC,next,HC,tai50_20_07.F.15_01,1,2748.0,3176.0,2962.0
next_HC,next,HC,tai50_20_07.F.15_01,2,2763.0,3218.0,2990.5
next_HC,next,HC,tai50_20_07.F.15_01,3,2763.0,3226.0,2994.5
next_HC,next,HC,tai50_20_07.F.15_01,4,2721.0,3167.0,2944.0
next_HC,next,HC,tai50_20_07.F.15_01,5,2749.0,3171.0,2960.0
next_HC,next,HC,tai50_20_07.F.15_01,6,2702.0,3129.0,2915.5
next_HC,next,HC,tai50_20_07.F.15_01,7,2739.0,3152.0,2945.5
next_HC,next,HC,tai50_20_07.F.15_01,8,2701.0,3142.0,2921.5
next_HC,next,HC,tai50_20_07.F.15_01,9,2732.0,3190.0,2961.0
next_HC,next,HC,tai50_20_07.F.15_01,10,2750.0,3159.0,2954.5
next_HC,next,HC,tai50_20_07.F.15_01,11,2742.0,3189.0,2965.5
next_HC,next,HC,tai50_20_07.F.15_01,12,2739.0,3166.0,2952.5
next_HC,next,HC,tai50_20_07.F.15_01,13,2744.0,3175.0,2959.5
next_HC,next,HC,tai50_20_07.F.15_01,14,2700.0,3144.0,2922.0
next_HC,next,HC,tai50_20_07.F.15_01,15,2776.0,3230.0,3003.0
next_HC,next,HC,tai50_20_07.F.15_01,16,2733.0,3147.0,2940.0
next_HC,next,HC,tai50_20_07.F.15_01,17,2777.0,3218.0,2997.5
next_HC,next,HC,tai50_20_07.F.15_01,18,2757.0,3171.0,2964.0
next_HC,next,HC,tai50_20_07.F.15_01,19,2701.0,3159.0,2930.0
next_HC,next,HC,tai50_20_07.F.15_01,20,2754.0,3199.0,2976.5
next_HC,next,HC,tai50_20_07.F.15_01,21,2708.0,3162.0,2935.0
next_HC,next,HC,tai50_20_07.F.15_01,22,2745.0,3208.0,2976.5
next_HC,next,HC,tai50_20_07.F.15_01,23,2693.0,3142.0,2917.5
next_HC,next,HC,tai50_20_07.F.15_01,24,2766.0,3212.0,2989.0
next_HC,next,HC,tai50_20_07.F.15_01,25,2725.0,3209.0,2967.0
next_HC,next,HC,tai50_20_07.F.15_01,26,2785.0,3197.0,2991.0
next_HC,next,HC,tai50_20_07.F.15_01,27,2653.0,3098.0,2875.5
next_HC,next,HC,tai50_20_07.F.15_01,28,2797.0,3254.0,3025.5
next_HC,next,HC,tai50_20_07.F.15_01,29,2865.0,3246.0,3055.5
next_HC,next,HC,tai50_20_07.F.15_01,30,2820.0,3253.0,3036.5
next_HC,next,HC,tai50_20_08.F.15_01,1,2725.0,3113.0,2919.0
next_HC,next,HC,tai50_20_08.F.15_01,2,2737.0,3105.0,2921.0
next_HC,next,HC,tai50_20_08.F.15_01,3,2660.0,3051.0,2855.5
next_HC,next,HC,tai50_20_08.F.15_01,4,2743.0,3141.0,2942.0
next_HC,next,HC,tai50_20_08.F.15_01,5,2711.0,3067.0,2889.0
next_HC,next,HC,tai50_20_08.F.15_01,6,2698.0,3081.0,2889.5
next_HC,next,HC,tai50_20_08.F.15_01,7,2685.0,3055.0,2870.0
next_HC,next,HC,tai50_20_08.F.15_01,8,2708.0,3096.0,2902.0
next_HC,next,HC,tai50_20_08.F.15_01,9,2687.0,3114.0,2900.5
next_HC,next,HC,tai50_20_08.F.15_01,10,2703.0,3081.0,2892.0
next_HC,next,HC,tai50_20_08.F.15_01,11,2693.0,3080.0,2886.5
next_HC,next,HC,tai50_20_08.F.15_01,12,2693.0,3069.0,2881.0
next_HC,next,HC,tai50_20_08.F.15_01,13,2741.0,3113.0,2927.0
next_HC,next,HC,tai50_20_08.F.15_01,14,2695.0,3077.0,2886.0
next_HC,next,HC,tai50_20_08.F.15_01,15,2680.0,3075.0,2877.5
next_HC,next,HC,tai50_20_08.F.15_01,16,2667.0,3022.0,2844.5
next_HC,next,HC,tai50_20_08.F.15_01,17,2693.0,3071.0,2882.0
next_HC,next,HC,tai50_20_08.F.15_01,18,2685.0,3045.0,2865.0
next_HC,next,HC,tai50_20_08.F.15_01,19,2718.0,3085.0,2901.5
next_HC,next,HC,tai50_20_08.F.15_01,20,2686.0,3061.0,2873.5
next_HC,next,HC,tai50_20_08.F.15_01,21,2722.0,3138.0,2930.0
next_HC,next,HC,tai50_20_08.F.15_01,22,2685.0,3076.0,2880.5
next_HC,next,HC,tai50_20_08.F.15_01,23,2675.0,3051.0,2863.0
next_HC,next,HC,tai50_20_08.F.15_01,24,2733.0,3110.0,2921.5
next_HC,next,HC,tai50_20_08.F.15_01,25,2692.0,3078.0,2885.0
next_HC,next,HC,tai50_20_08.F.15_01,26,2701.0,3058.0,2879.5
next_HC,next,HC,tai50_20_08.F.15_01,27,2672.0,3056.0,2864.0
next_HC,next,HC,tai50_20_08.F.15_01,28,2647.0,3025.0,2836.0
next_HC,next,HC,tai50_20_08.F.15_01,29,2672.0,3028.0,2850.0
next_HC,next,HC,tai50_20_08.F.15_01,30,2655.0,3075.0,2865.0
next_HC,next,HC,tai50_20_09.F.15_01,1,2941.0,3387.0,3164.0
next_HC,next,HC,tai50_20_09.F.15_01,2,2925.0,3362.0,3143.5
next_HC,next,HC,tai50_20_09.F.15_01,3,2952.0,3422.0,3187.0
next_HC,next,HC,tai50_20_09.F.15_01,4,2944.0,3401.0,3172.5
next_HC,next,HC,tai50_20_09.F.15_01,5,2915.0,3361.0,3138.0
next_HC,next,HC,tai50_20_09.F.15_01,6,2917.0,3379.0,3148.0
next_HC,next,HC,tai50_20_09.F.15_01,7,2959.0,3423.0,3191.0
next_HC,next,HC,tai50_20_09.F.15_01,8,2988.0,3434.0,3211.0
next_HC,next,HC,tai50_20_09.F.15_01,9,2902.0,3365.0,3133.5
next_HC,next,HC,tai50_20_09.F.15_01,10,2870.0,3329.0,3099.5
next_HC,next,HC,tai50_20_09.F.15_01,11,2933.0,3393.0,3163.0
next_HC,next,HC,tai50_20_09.F.15_01,12,2963.0,3422.0,3192.5
next_HC,next,HC,tai50_20_09.F.15_01,13,2909.0,3373.0,3141.0
next_HC,next,HC,tai50_20_09.F.15_01,14,2930.0,3396.0,3163.0
next_HC,next,HC,tai50_20_09.F.15_01,15,2897.0,3343.0,3120.0
next_HC,next,HC,tai50_20_09.F.15_01,16,2993.0,3459.0,3226.0
next_HC,next,HC,tai50_20_09.F.15_01,17,2920.0,3383.0,3151.5
next_HC,next,HC,tai50_20_09.F.15_01,18,2888.0,3336.0,3112.0
next_HC,next,HC,tai50_20_09.F.15_01,19,2935.0,3386.0,3160.5
next_HC,next,HC,tai50_20_09.F.15_01,20,2958.0,3413.0,3185.5
next_HC,next,HC,tai50_20_09.F.15_01,21,2889.0,3348.0,3118.5
next_HC,next,HC,tai50_20_09.F.15_01,22,2946.0,3440.0,3193.0
next_HC,next,HC,tai50_20_09.F.15_01,23,2967.0,3399.0,3183.0
next_HC,next,HC,tai50_20_09.F.15_01,24,2891.0,3336.0,3113.5
next_HC,next,HC,tai50_20_09.F.15_01,25,2931.0,3391.0,3161.0
next_HC,next,HC,tai50_20_09.F.15_01,26,2991.0,3461.0,3226.0
next_HC,next,HC,tai50_20_09.F.15_01,27,2913.0,3360.0,3136.5
next_HC,next,HC,tai50_20_09.F.15_01,28,2907.0,3364.0,3135.5
next_HC,next,HC,tai50_20_09.F.15_01,29,2987.0,3429.0,3208.0
next_HC,next,HC,tai50_20_09.F.15_01,30,2931.0,3396.0,3163.5
next_HC,next,HC,tai50_20_10.F.15_01,1,2941.0,3367.0,3154.0
next_HC,next,HC,tai50_20_10.F.15_01,2,2977.0,3399.0,3188.0
next_HC,next,HC,tai50_20_10.F.15_01,3,2953.0,3382.0,3167.5
next_HC,next,HC,tai50_20_10.F.15_01,4,2978.0,3418.0,3198.0
next_HC,next,HC,tai50_20_10.F.15_01,5,2933.0,3379.0,3156.0
next_HC,next,HC,tai50_20_10.F.15_01,6,2949.0,3382.0,3165.5
next_HC,next,HC,tai50_20_10.F.15_01,7,2909.0,3372.0,3140.5
next_HC,next,HC,tai50_20_10.F.15_01,8,2960.0,3383.0,3171.5
next_HC,next,HC,tai50_20_10.F.15_01,9,3011.0,3452.0,3231.5
next_HC,next,HC,tai50_20_10.F.15_01,10,2941.0,3376.0,3158.5
next_HC,next,HC,tai50_20_10.F.15_01,11,2986.0,3416.0,3201.0
next_HC,next,HC,tai50_20_10.F.15_01,12,2952.0,3405.0,3178.5
next_HC,next,HC,tai50_20_10.F.15_01,13,2962.0,3391.0,3176.5
next_HC,next,HC,tai50_20_10.F.15_01,14,2966.0,3386.0,3176.0
next_HC,next,HC,tai50_20_10.F.15_01,15,2966.0,3378.0,3172.0
next_HC,next,HC,tai50_20_10.F.15_01,16,2905.0,3369.0,3137.0
next_HC,next,HC,tai50_20_10.F.15_01,17,2941.0,3418.0,3179.5
next_HC,next,HC,tai50_20_10.F.15_01,18,2921.0,3352.0,3136.5
next_HC,next,HC,tai50_20_10.F.15_01,19,3004.0,3405.0,3204.5
next_HC,next,HC,tai50_20_10.F.15_01,20,2938.0,3389.0,3163.5
next_HC,next,HC,tai50_20_10.F.15_01,21,2998.0,3420.0,3209.0
next_HC,next,HC,tai50_20_10.F.15_01,22,2998.0,3438.0,3218.0
next_HC,next,HC,tai50_20_10.F.15_01,23,2959.0,3378.0,3168.5
next_HC,next,HC,tai50_20_10.F.15_01,24,2988.0,3401.0,3194.5
next_HC,next,HC,tai50_20_10.F.15_01,25,2989.0,3406.0,3197.5
next_HC,next,HC,tai50_20_10.F.15_01,26,2931.0,3358.0,3144.5
next_HC,next,HC,tai50_20_10.F.15_01,27,2979.0,3372.0,3175.5
next_HC,next,HC,tai50_20_10.F.15_01,28,2965.0,3400.0,3182.5
next_HC,next,HC,tai50_20_10.F.15_01,29,2958.0,3384.0,3171.0
next_HC,next,HC,tai50_20_10.F.15_01,30,2951.0,3399.0,3175.0
n8_HC,n8,HC,F0.15.0.abz7_06,1,639.0,724.0,681.5
n8_HC,n8,HC,F0.15.0.abz7_06,2,637.0,721.0,679.0
n8_HC,n8,HC,F0.15.0.abz7_06,3,649.0,724.0,686.5
n8_HC,n8,HC,F0.15.0.abz7_06,4,656.0,729.0,692.5
n8_HC,n8,HC,F0.15.0.abz7_06,5,641.0,728.0,684.5
n8_HC,n8,HC,F0.15.0.abz7_06,6,647.0,741.0,694.0
n8_HC,n8,HC,F0.15.0.abz7_06,7,634.0,721.0,677.5
n8_HC,n8,HC,F0.15.0.abz7_06,8,636.0,720.0,678.0
n8_HC,n8,HC,F0.15.0.abz7_06,9,635.0,723.0,679.0
n8_HC,n8,HC,F0.15.0.abz7_06,10,644.0,727.0,685.5
n8_HC,n8,HC,F0.15.0.abz7_06,11,646.0,731.0,688.5
n8_HC,n8,HC,F0.15.0.abz7_06,12,645.0,736.0,690.5
n8_HC,n8,HC,F0.15.0.abz7_06,13,644.0,732.0,688.0
n8_HC,n8,HC,F0.15.0.abz7_06,14,658.0,744.0,701.0
n8_HC,n8,HC,F0.15.0.abz7_06,15,638.0,714.0,676.0
n8_HC,n8,HC,F0.15.0.abz7_06,16,649.0,731.0,690.0
n8_HC,n8,HC,F0.15.0.abz7_06,17,644.0,738.0,691.0
n8_HC,n8,HC,F0.15.0.abz7_06,18,643.0,725.0,684.0
n8_HC,n8,HC,F0.15.0.abz7_06,19,644.0,732.0,688.0
n8_HC,n8,HC,F0.15.0.abz7_06,20,647.0,731.0,689.0
n8_HC,n8,HC,F0.15.0.abz7_06,21,642.0,731.0,686.5
n8_HC,n8,HC,F0.15.0.abz7_06,22,648.0,734.0,691.0
n8_HC,n8,HC,F0.15.0.abz7_06,23,643.0,730.0,686.5
n8_HC,n8,HC,F0.15.0.abz7_06,24,647.0,741.0,694.0
n8_HC,n8,HC,F0.15.0.abz7_06,25,640.0,726.0,683.0
n8_HC,n8,HC,F0.15.0.abz7_06,26,639.0,731.0,685.0
n8_HC,n8,HC,F0.15.0.abz7_06,27,652.0,724.0,688.0
n8_HC,n8,HC,F0.15.0.abz7_06,28,641.0,725.0,683.0
n8_HC,n8,HC,F0.15.0.abz7_06,29,640.0,725.0,682.5
n8_HC,n8,HC,F0.15.0.abz7_06,30,649.0,743.0,696.0
n8_HC,n8,HC,F0.15.0.abz8_05,1,658.0,731.0,694.5
n8_HC,n8,HC,F0.15.0.abz8_05,2,669.0,739.0,704.0
n8_HC,n8,HC,F0.15.0.abz8_05,3,676.0,740.0,708.0
n8_HC,n8,HC,F0.15.0.abz8_05,4,663.0,733.0,698.0
n8_HC,n8,HC,F0.15.0.abz8_05,5,668.0,742.0,705.0
n8_HC,n8,HC,F0.15.0.abz8_05,6,663.0,739.0,701.0
n8_HC,n8,HC,F0.15.0.abz8_05,7,670.0,740.0,705.0
n8_HC,n8,HC,F0.15.0.abz8_05,8,672.0,737.0,704.5
n8_HC,n8,HC,F0.15.0.abz8_05,9,662.0,731.0,696.5
n8_HC,n8,HC,F0.15.0.abz8_05,10,673.0,734.0,703.5
n8_HC,n8,HC,F0.15.0.abz8_05,11,673.0,739.0,706.0
n8_HC,n8,HC,F0.15.0.abz8_05,12,661.0,733.0,697.0
n8_HC,n8,HC,F0.15.0.abz8_05,13,660.0,738.0,699.0
n8_HC,n8,HC,F0.15.0.abz8_05,14,670.0,746.0,708.0
n8_HC,n8,HC,F0.15.0.abz8_05,15,670.0,735.0,702.5
n8_HC,n8,HC,F0.15.0.abz8_05,16,666.0,730.0,698.0
n8_HC,n8,HC,F0.15.0.abz8_05,17,664.0,726.0,695.0
n8_HC,n8,HC,F0.15.0.abz8_05,18,664.0,732.0,698.0
n8_HC,n8,HC,F0.15.0.abz8_05,19,677.0,749.0,713.0
n8_HC,n8,HC,F0.15.0.abz8_05,20,669.0,742.0,705.5
n8_HC,n8,HC,F0.15.0.abz8_05,21,665.0,737.0,701.0
n8_HC,n8,HC,F0.15.0.abz8_05,22,676.0,734.0,705.0
n8_HC,n8,HC,F0.15.0.abz8_05,23,654.0,729.0,691.5
n8_HC,n8,HC,F0.15.0.abz8_05,24,666.0,745.0,705.5
n8_HC,n8,HC,F0.15.0.abz8_05,25,658.0,738.0,698.0
n8_HC,n8,HC,F0.15.0.abz8_05,26,674.0,740.0,707.0
n8_HC,n8,HC,F0.15.0.abz8_05,27,667.0,747.0,707.0
n8_HC,n8,HC,F0.15.0.abz8_05,28,658.0,736.0,697.0
n8_HC,n8,HC,F0.15.0.abz8_05,29,672.0,746.0,709.0
n8_HC,n8,HC,F0.15.0.abz8_05,30,660.0,732.0,696.0
n8_HC,n8,HC,F0.15.0.abz9_10,1,713.0,781.0,747.0
n8_HC,n8,HC,F0.15.0.abz9_10,2,681.0,759.0,720.0
n8_HC,n8,HC,F0.15.0.abz9_10,3,694.0,768.0,731.0
n8_HC,n8,HC,F0.15.0.abz9_10,4,692.0,762.0,727.0
n8_HC,n8,HC,F0.15.0.abz9_10,5,692.0,765.0,728.5
n8_HC,n8,HC,F0.15.0.abz9_10,6,684.0,761.0,722.5
n8_HC,n8,HC,F0.15.0.abz9_10,7,697.0,762.0,729.5
n8_HC,n8,HC,F0.15.0.abz9_10,8,694.0,768.0,731.0
n8_HC,n8,HC,F0.15.0.abz9_10,9,702.0,770.0,736.0
n8_HC,n8,HC,F0.15.0.abz9_10,10,698.0,776.0,737.0
n8_HC,n8,HC,F0.15.0.abz9_10,11,695.0,759.0,727.0
n8_HC,n8,HC,F0.15.0.abz9_10,12,691.0,770.0,730.5
n8_HC,n8,HC,F0.15.0.abz9_10,13,703.0,776.0,739.5
n8_HC,n8,HC,F0.15.0.abz9_10,14,681.0,750.0,715.5
n8_HC,n8,HC,F0.15.0.abz9_10,15,684.0,756.0,720.0
n8_HC,n8,HC,F0.15.0.abz9_10,16,699.0,768.0,733.5
n8_HC,n8,HC,F0.15.0.abz9_10,17,686.0,763.0,724.5
n8_HC,n8,HC,F0.15.0.abz9_10,18,682.0,758.0,720.0
n8_HC,n8,HC,F0.15.0.abz9_10,19,673.0,751.0,712.0
n8_HC,n8,HC,F0.15.0.abz9_10,20,682.0,771.0,726.5
n8_HC,n8,HC,F0.15.0.abz9_10,21,684.0,761.0,722.5
n8_HC,n8,HC,F0.15.0.abz9_10,22,673.0,749.0,711.0
n8_HC,n8,HC,F0.15.0.abz9_10,23,684.0,760.0,722.0
n8_HC,n8,HC,F0.15.0.abz9_10,24,685.0,770.0,727.5
n8_HC,n8,HC,F0.15.0.abz9_10,25,688.0,752.0,720.0
n8_HC,n8,HC,F0.15.0.abz9_10,26,696.0,765.0,730.5
n8_HC,n8,HC,F0.15.0.abz9_10,27,719.0,799.0,759.0
n8_HC,n8,HC,F0.15.0.abz9_10,28,693.0,771.0,732.0
n8_HC,n8,HC,F0.15.0.abz9_10,29,684.0,754.0,719.0
n8_HC,n8,HC,F0.15.0.abz9_10,30,681.0,754.0,717.5
n8_HC,n8,HC,F0.15.0.ft10_10,1,913.0,1025.0,969.0
n8_HC,n8,HC,F0.15.0.ft10_10,2,913.0,1025.0,969.0
n8_HC,n8,HC,F0.15.0.ft10_10,3,890.0,990.0,940.0
n8_HC,n8,HC,F0.15.0.ft10_10,4,882.0,989.0,935.5
n8_HC,n8,HC,F0.15.0.ft10_10,5,913.0,1025.0,969.0
n8_HC,n8,HC,F0.15.0.ft10_10,6,941.0,1035.0,988.0
n8_HC,n8,HC,F0.15.0.ft10_10,7,901.0,1015.0,958.0
n8_HC,n8,HC,F0.15.0.ft10_10,8,923.0,1018.0,970.5
n8_HC,n8,HC,F0.15.0.ft10_10,9,899.0,1003.0,951.0
n8_HC,n8,HC,F0.15.0.ft10_10,10,910.0,1025.0,967.5
n8_HC,n8,HC,F0.15.0.ft10_10,11,904.0,1000.0,952.0
n8_HC,n8,HC,F0.15.0.ft10_10,12,900.0,1003.0,951.5
n8_HC,n8,HC,F0.15.0.ft10_10,13,910.0,1032.0,971.0
n8_HC,n8,HC,F0.15.0.ft10_10,14,915.0,1017.0,966.0
n8_HC,n8,HC,F0.15.0.ft10_10,15,904.0,1000.0,952.0
n8_HC,n8,HC,F0.15.0.ft10_10,16,878.0,1000.0,939.0
n8_HC,n8,HC,F0.15.0.ft10_10,17,913.0,1025.0,969.0
n8_HC,n8,HC,F0.15.0.ft10_10,18,890.0,990.0,940.0
n8_HC,n8,HC,F0.15.0.ft10_10,19,897.0,1001.0,949.0
n8_HC,n8,HC,F0.15.0.ft10_10,20,888.0,1012.0,950.0
n8_HC,n8,HC,F0.15.0.ft10_10,21,910.0,1016.0,963.0
n8_HC,n8,HC,F0.15.0.ft10_10,22,913.0,1025.0,969.0
n8_HC,n8,HC,F0.15.0.ft10_10,23,878.0,1000.0,939.0
n8_HC,n8,HC,F0.15.0.ft10_10,24,942.0,1026.0,984.0
n8_HC,n8,HC,F0.15.0.ft10_10,25,895.0,1025.0,960.0
n8_HC,n8,HC,F0.15.0.ft10_10,26,904.0,1000.0,952.0
n8_HC,n8,HC,F0.15.0.ft10_10,27,882.0,989.0,935.5
n8_HC,n8,HC,F0.15.0.ft10_10,28,899.0,1015.0,957.0
n8_HC,n8,HC,F0.15.0.ft10_10,29,883.0,995.0,939.0
n8_HC,n8,HC,F0.15.0.ft10_10,30,918.0,1024.0,971.0
n8_HC,n8,HC,F0.15.0.ft20_05,1,1106.0,1250.0,1178.0
n8_HC,n8,HC,F0.15.0.ft20_05,2,1106.0,1250.0,1178.0
n8_HC,n8,HC,F0.15.0.ft20_05,3,1106.0,1250.0,1178.0
n8_HC,n8,HC,F0.15.0.ft20_05,4,1106.0,1250.0,1178.0
n8_HC,n8,HC,F0.15.0.ft20_05,5,1101.0,1245.0,1173.0
n8_HC,n8,HC,F0.15.0.ft20_05,6,1106.0,1250.0,1178.0
n8_HC,n8,HC,F0.15.0.ft20_05,7,1106.0,1250.0,1178.0
n8_HC,n8,HC,F0.15.0.ft20_05,8,1109.0,1251.0,1180.0
n8_HC,n8,HC,F0.15.0.ft20_05,9,1101.0,1245.0,1173.0
n8_HC,n8,HC,F0.15.0.ft20_05,10,1100.0,1251.0,1175.5
n8_HC,n8,HC,F0.15.0.ft20_05,11,1123.0,1252.0,1187.5
n8_HC,n8,HC,F0.15.0.ft20_05,12,1109.0,1251.0,1180.0
n8_HC,n8,HC,F0.15.0.ft20_05,13,1101.0,1245.0,1173.0
n8_HC,n8,HC,F0.15.0.ft20_05,14,1106.0,1250.0,1178.0
n8_HC,n8,HC,F0.15.0.ft20_05,15,1109.0,1251.0,1180.0
n8_HC,n8,HC,F0.15.0.ft20_05,16,1109.0,1251.0,1180.0
n8_HC,n8,HC,F0.15.0.ft20_05,17,1106.0,1250.0,1178.0
n8_HC,n8,HC,F0.15.0.ft20_05,18,1100.0,1251.0,1175.5
n8_HC,n8,HC,F0.15.0.ft20_05,19,1101.0,1245.0,1173.0
n8_HC,n8,HC,F0.15.0.ft20_05,20,1132.0,1276.0,1204.0
n8_HC,n8,HC,F0.15.0.ft20_05,21,1101.0,1245.0,1173.0
n8_HC,n8,HC,F0.15.0.ft20_05,22,1106.0,1250.0,1178.0
n8_HC,n8,HC,F0.15.0.ft20_05,23,1109.0,1251.0,1180.0
n8_HC,n8,HC,F0.15.0.ft20_05,24,1111.0,1253.0,1182.0
n8_HC,n8,HC,F0.15.0.ft20_05,25,1111.0,1253.0,1182.0
n8_HC,n8,HC,F0.15.0.ft20_05,26,1109.0,1251.0,1180.0
n8_HC,n8,HC,F0.15.0.ft20_05,27,1101.0,1245.0,1173.0
n8_HC,n8,HC,F0.15.0.ft20_05,28,1128.0,1274.0,1201.0
n8_HC,n8,HC,F0.15.0.ft20_05,29,1109.0,1251.0,1180.0
n8_HC,n8,HC,F0.15.0.ft20_05,30,1111.0,1253.0,1182.0
n8_HC,n8,HC,F0.15.0.la21_04,1,1033.0,1146.0,1089.5
n8_HC,n8,HC,F0.15.0.la21_04,2,996.0,1122.0,1059.0
n8_HC,n8,HC,F0.15.0.la21_04,3,1017.0,1156.0,1086.5
n8_HC,n8,HC,F0.15.0.la21_04,4,1029.0,1147.0,1088.0
n8_HC,n8,HC,F0.15.0.la21_04,5,991.0,1132.0,1061.5
n8_HC,n8,HC,F0.15.0.la21_04,6,1019.0,1140.0,1079.5
n8_HC,n8,HC,F0.15.0.la21_04,7,1030.0,1161.0,1095.5
n8_HC,n8,HC,F0.15.0.la21_04,8,1000.0,1144.0,1072.0
n8_HC,n8,HC,F0.15.0.la21_04,9,1013.0,1143.0,1078.0
n8_HC,n8,HC,F0.15.0.la21_04,10,1007.0,1158.0,1082.5
n8_HC,n8,HC,F0.15.0.la21_04,11,1026.0,1160.0,1093.0
n8_HC,n8,HC,F0.15.0.la21_04,12,1014.0,1149.0,1081.5
n8_HC,n8,HC,F0.15.0.la21_04,13,1016.0,1162.0,1089.0
n8_HC,n8,HC,F0.15.0.la21_04,14,1013.0,1163.0,1088.0
n8_HC,n8,HC,F0.15.0.la21_04,15,1038.0,1160.0,1099.0
n8_HC,n8,HC,F0.15.0.la21_04,16,1021.0,1138.0,1079.5
n8_HC,n8,HC,F0.15.0.la21_04,17,1027.0,1146.0,1086.5
n8_HC,n8,HC,F0.15.0.la21_04,18,1033.0,1176.0,1104.5
n8_HC,n8,HC,F0.15.0.la21_04,19,1010.0,1152.0,1081.0
n8_HC,n8,HC,F0.15.0.la21_04,20,1016.0,1162.0,1089.0
n8_HC,n8,HC,F0.15.0.la21_04,21,1017.0,1143.0,1080.0
n8_HC,n8,HC,F0.15.0.la21_04,22,997.0,1141.0,1069.0
n8_HC,n8,HC,F0.15.0.la21_04,23,1017.0,1148.0,1082.5
n8_HC,n8,HC,F0.15.0.la21_04,24,1017.0,1172.0,1094.5
n8_HC,n8,HC,F0.15.0.la21_04,25,1022.0,1146.0,1084.0
n8_HC,n8,HC,F0.15.0.la21_04,26,999.0,1148.0,1073.5
n8_HC,n8,HC,F0.15.0.la21_04,27,1001.0,1165.0,1083.0
n8_HC,n8,HC,F0.15.0.la21_04,28,1000.0,1148.0,1074.0
n8_HC,n8,HC,F0.15.0.la21_04,29,1008.0,1147.0,1077.5
n8_HC,n8,HC,F0.15.0.la21_04,30,1010.0,1132.0,1071.0
n8_HC,n8,HC,F0.15.0.la24_03,1,876.0,1013.0,944.5
n8_HC,n8,HC,F0.15.0.la24_03,2,893.0,1025.0,959.0
n8_HC,n8,HC,F0.15.0.la24_03,3,915.0,1038.0,976.5
n8_HC,n8,HC,F0.15.0.la24_03,4,883.0,1019.0,951.0
n8_HC,n8,HC,F0.15.0.la24_03,5,892.0,1042.0,967.0
n8_HC,n8,HC,F0.15.0.la24_03,6,885.0,1015.0,950.0
n8_HC,n8,HC,F0.15.0.la24_03,7,889.0,1028.0,958.5
n8_HC,n8,HC,F0.15.0.la24_03,8,881.0,1019.0,950.0
n8_HC,n8,HC,F0.15.0.la24_03,9,917.0,1025.0,971.0
n8_HC,n8,HC,F0.15.0.la24_03,10,870.0,1032.0,951.0
n8_HC,n8,HC,F0.15.0.la24_03,11,892.0,1021.0,956.5
n8_HC,n8,HC,F0.15.0.la24_03,12,880.0,1020.0,950.0
n8_HC,n8,HC,F0.15.0.la24_03,13,876.0,1013.0,944.5
n8_HC,n8,HC,F0.15.0.la24_03,14,878.0,1013.0,945.5
n8_HC,n8,HC,F0.15.0.la24_03,15,890.0,1030.0,960.0
n8_HC,n8,HC,F0.15.0.la24_03,16,889.0,1028.0,958.5
n8_HC,n8,HC,F0.15.0.la24_03,17,909.0,1055.0,982.0
n8_HC,n8,HC,F0.15.0.la24_03,18,899.0,1041.0,970.0
n8_HC,n8,HC,F0.15.0.la24_03,19,890.0,1030.0,960.0
n8_HC,n8,HC,F0.15.0.la24_03,20,899.0,1041.0,970.0
n8_HC,n8,HC,F0.15.0.la24_03,21,895.0,1048.0,971.5
n8_HC,n8,HC,F0.15.0.la24_03,22,877.0,1017.0,947.0
n8_HC,n8,HC,F0.15.0.la24_03,23,880.0,1039.0,959.5
n8_HC,n8,HC,F0.15.0.la24_03,24,889.0,1012.0,950.5
n8_HC,n8,HC,F0.15.0.la24_03,25,908.0,1015.0,961.5
n8_HC,n8,HC,F0.15.0.la24_03,26,879.0,1040.0,959.5
n8_HC,n8,HC,F0.15.0.la24_03,27,897.0,1043.0,970.0
n8_HC,n8,HC,F0.15.0.la24_03,28,881.0,1037.0,959.0
n8_HC,n8,HC,F0.15.0.la24_03,29,892.0,1042.0,967.0
n8_HC,n8,HC,F0.15.0.la24_03,30,885.0,1025.0,955.0
n8_HC,n8,HC,F0.15.0.la25_04,1,964.0,1064.0,1014.0
n8_HC,n8,HC,F0.15.0.la25_04,2,917.0,1052.0,984.5
n8_HC,n8,HC,F0.15.0.la25_04,3,917.0,1064.0,990.5
n8_HC,n8,HC,F0.15.0.la25_04,4,933.0,1063.0,998.0
n8_HC,n8,HC,F0.15.0.la25_04,5,944.0,1076.0,1010.0
n8_HC,n8,HC,F0.15.0.la25_04,6,913.0,1064.0,988.5
n8_HC,n8,HC,F0.15.0.la25_04,7,936.0,1059.0,997.5
n8_HC,n8,HC,F0.15.0.la25_04,8,934.0,1062.0,998.0
n8_HC,n8,HC,F0.15.0.la25_04,9,933.0,1063.0,998.0
n8_HC,n8,HC,F0.15.0.la25_04,10,944.0,1061.0,1002.5
n8_HC,n8,HC,F0.15.0.la25_04,11,917.0,1064.0,990.5
n8_HC,n8,HC,F0.15.0.la25_04,12,920.0,1064.0,992.0
n8_HC,n8,HC,F0.15.0.la25_04,13,958.0,1072.0,1015.0
n8_HC,n8,HC,F0.15.0.la25_04,14,970.0,1066.0,1018.0
n8_HC,n8,HC,F0.15.0.la25_04,15,915.0,1045.0,980.0
n8_HC,n8,HC,F0.15.0.la25_04,16,936.0,1068.0,1002.0
n8_HC,n8,HC,F0.15.0.la25_04,17,958.0,1066.0,1012.0
n8_HC,n8,HC,F0.15.0.la25_04,18,960.0,1066.0,1013.0
n8_HC,n8,HC,F0.15.0.la25_04,19,922.0,1062.0,992.0
n8_HC,n8,HC,F0.15.0.la25_04,20,917.0,1052.0,984.5
n8_HC,n8,HC,F0.15.0.la25_04,21,964.0,1072.0,1018.0
n8_HC,n8,HC,F0.15.0.la25_04,22,950.0,1076.0,1013.0
n8_HC,n8,HC,F0.15.0.la25_04,23,917.0,1052.0,984.5
n8_HC,n8,HC,F0.15.0.la25_04,24,917.0,1052.0,984.5
n8_HC,n8,HC,F0.15.0.la25_04,25,962.0,1062.0,1012.0
n8_HC,n8,HC,F0.15.0.la25_04,26,917.0,1052.0,984.5
n8_HC,n8,HC,F0.15.0.la25_04,27,936.0,1059.0,997.5
n8_HC,n8,HC,F0.15.0.la25_04,28,923.0,1052.0,987.5
n8_HC,n8,HC,F0.15.0.la25_04,29,936.0,1072.0,1004.0
n8_HC,n8,HC,F0.15.0.la25_04,30,935.0,1054.0,994.5
n8_HC,n8,HC,F0.15.0.la27_09,1,1186.0,1352.0,1269.0
n8_HC,n8,HC,F0.15.0.la27_09,2,1225.0,1387.0,1306.0
n8_HC,n8,HC,F0.15.0.la27_09,3,1208.0,1366.0,1287.0
n8_HC,n8,HC,F0.15.0.la27_09,4,1194.0,1352.0,1273.0
n8_HC,n8,HC,F0.15.0.la27_09,5,1186.0,1352.0,1269.0
n8_HC,n8,HC,F0.15.0.la27_09,6,1189.0,1352.0,1270.5
n8_HC,n8,HC,F0.15.0.la27_09,7,1201.0,1350.0,1275.5
n8_HC,n8,HC,F0.15.0.la27_09,8,1188.0,1343.0,1265.5
n8_HC,n8,HC,F0.15.0.la27_09,9,1189.0,1352.0,1270.5
n8_HC,n8,HC,F0.15.0.la27_09,10,1186.0,1352.0,1269.0
n8_HC,n8,HC,F0.15.0.la27_09,11,1186.0,1352.0,1269.0
n8_HC,n8,HC,F0.15.0.la27_09,12,1208.0,1366.0,1287.0
n8_HC,n8,HC,F0.15.0.la27_09,13,1188.0,1352.0,1270.0
n8_HC,n8,HC,F0.15.0.la27_09,14,1187.0,1348.0,1267.5
n8_HC,n8,HC,F0.15.0.la27_09,15,1194.0,1356.0,1275.0
n8_HC,n8,HC,F0.15.0.la27_09,16,1194.0,1352.0,1273.0
n8_HC,n8,HC,F0.15.0.la27_09,17,1186.0,1352.0,1269.0
n8_HC,n8,HC,F0.15.0.la27_09,18,1188.0,1339.0,1263.5
n8_HC,n8,HC,F0.15.0.la27_09,19,1187.0,1346.0,1266.5
n8_HC,n8,HC,F0.15.0.la27_09,20,1186.0,1352.0,1269.0
n8_HC,n8,HC,F0.15.0.la27_09,21,1188.0,1343.0,1265.5
n8_HC,n8,HC,F0.15.0.la27_09,22,1194.0,1352.0,1273.0
n8_HC,n8,HC,F0.15.0.la27_09,23,1239.0,1359.0,1299.0
n8_HC,n8,HC,F0.15.0.la27_09,24,1186.0,1352.0,1269.0
n8_HC,n8,HC,F0.15.0.la27_09,25,1186.0,1352.0,1269.0
n8_HC,n8,HC,F0.15.0.la27_09,26,1209.0,1379.0,1294.0
n8_HC,n8,HC,F0.15.0.la27_09,27,1186.0,1352.0,1269.0
n8_HC,n8,HC,F0.15.0.la27_09,28,1222.0,1371.0,1296.5
n8_HC,n8,HC,F0.15.0.la27_09,29,1180.0,1344.0,1262.0
n8_HC,n8,HC,F0.15.0.la27_09,30,1194.0,1354.0,1274.0
n8_HC,n8,HC,F0.15.0.la29_03,1,1132.0,1282.0,1207.0
n8_HC,n8,HC,F0.15.0.la29_03,2,1140.0,1300.0,1220.0
n8_HC,n8,HC,F0.15.0.la29_03,3,1151.0,1299.0,1225.0
n8_HC,n8,HC,F0.15.0.la29_03,4,1140.0,1300.0,1220.0
n8_HC,n8,HC,F0.15.0.la29_03,5,1107.0,1276.0,1191.5
n8_HC,n8,HC,F0.15.0.la29_03,6,1157.0,1319.0,1238.0
n8_HC,n8,HC,F0.15.0.la29_03,7,1162.0,1310.0,1236.0
n8_HC,n8,HC,F0.15.0.la29_03,8,1137.0,1291.0,1214.0
n8_HC,n8,HC,F0.15.0.la29_03,9,1167.0,1307.0,1237.0
n8_HC,n8,HC,F0.15.0.la29_03,10,1171.0,1329.0,1250.0
n8_HC,n8,HC,F0.15.0.la29_03,11,1142.0,1296.0,1219.0
n8_HC,n8,HC,F0.15.0.la29_03,12,1143.0,1292.0,1217.5
n8_HC,n8,HC,F0.15.0.la29_03,13,1136.0,1312.0,1224.0
n8_HC,n8,HC,F0.15.0.la29_03,14,1129.0,1275.0,1202.0
n8_HC,n8,HC,F0.15.0.la29_03,15,1152.0,1294.0,1223.0
n8_HC,n8,HC,F0.15.0.la29_03,16,1138.0,1274.0,1206.0
n8_HC,n8,HC,F0.15.0.la29_03,17,1142.0,1296.0,1219.0
n8_HC,n8,HC,F0.15.0.la29_03,18,1126.0,1294.0,1210.0
n8_HC,n8,HC,F0.15.0.la29_03,19,1173.0,1296.0,1234.5
n8_HC,n8,HC,F0.15.0.la29_03,20,1166.0,1300.0,1233.0
n8_HC,n8,HC,F0.15.0.la29_03,21,1148.0,1294.0,1221.0
n8_HC,n8,HC,F0.15.0.la29_03,22,1141.0,1305.0,1223.0
n8_HC,n8,HC,F0.15.0.la29_03,23,1133.0,1270.0,1201.5
n8_HC,n8,HC,F0.15.0.la29_03,24,1142.0,1301.0,1221.5
n8_HC,n8,HC,F0.15.0.la29_03,25,1128.0,1286.0,1207.0
n8_HC,n8,HC,F0.15.0.la29_03,26,1145.0,1293.0,1219.0
n8_HC,n8,HC,F0.15.0.la29_03,27,1162.0,1304.0,1233.0
n8_HC,n8,HC,F0.15.0.la29_03,28,1151.0,1298.0,1224.5
n8_HC,n8,HC,F0.15.0.la29_03,29,1168.0,1312.0,1240.0
n8_HC,n8,HC,F0.15.0.la29_03,30,1125.0,1277.0,1201.0
n8_HC,n8,HC,F0.15.0.la38_06,1,1176.0,1322.0,1249.0
n8_HC,n8,HC,F0.15.0.la38_06,2,1168.0,1322.0,1245.0
n8_HC,n8,HC,F0.15.0.la38_06,3,1168.0,1326.0,1247.0
n8_HC,n8,HC,F0.15.0.la38_06,4,1194.0,1332.0,1263.0
n8_HC,n8,HC,F0.15.0.la38_06,5,1171.0,1341.0,1256.0
n8_HC,n8,HC,F0.15.0.la38_06,6,1153.0,1308.0,1230.5
n8_HC,n8,HC,F0.15.0.la38_06,7,1174.0,1339.0,1256.5
n8_HC,n8,HC,F0.15.0.la38_06,8,1234.0,1344.0,1289.0
n8_HC,n8,HC,F0.15.0.la38_06,9,1190.0,1334.0,1262.0
n8_HC,n8,HC,F0.15.0.la38_06,10,1153.0,1308.0,1230.5
n8_HC,n8,HC,F0.15.0.la38_06,11,1166.0,1341.0,1253.5
n8_HC,n8,HC,F0.15.0.la38_06,12,1172.0,1342.0,1257.0
n8_HC,n8,HC,F0.15.0.la38_06,13,1195.0,1357.0,1276.0
n8_HC,n8,HC,F0.15.0.la38_06,14,1153.0,1337.0,1245.0
n8_HC,n8,HC,F0.15.0.la38_06,15,1137.0,1309.0,1223.0
n8_HC,n8,HC,F0.15.0.la38_06,16,1179.0,1343.0,1261.0
n8_HC,n8,HC,F0.15.0.la38_06,17,1203.0,1349.0,1276.0
n8_HC,n8,HC,F0.15.0.la38_06,18,1174.0,1339.0,1256.5
n8_HC,n8,HC,F0.15.0.la38_06,19,1159.0,1321.0,1240.0
n8_HC,n8,HC,F0.15.0.la38_06,20,1183.0,1339.0,1261.0
n8_HC,n8,HC,F0.15.0.la38_06,21,1151.0,1306.0,1228.5
n8_HC,n8,HC,F0.15.0.la38_06,22,1147.0,1329.0,1238.0
n8_HC,n8,HC,F0.15.0.la38_06,23,1189.0,1357.0,1273.0
n8_HC,n8,HC,F0.15.0.la38_06,24,1142.0,1299.0,1220.5
n8_HC,n8,HC,F0.15.0.la38_06,25,1177.0,1342.0,1259.5
n8_HC,n8,HC,F0.15.0.la38_06,26,1224.0,1342.0,1283.0
n8_HC,n8,HC,F0.15.0.la38_06,27,1179.0,1330.0,1254.5
n8_HC,n8,HC,F0.15.0.la38_06,28,1166.0,1322.0,1244.0
n8_HC,n8,HC,F0.15.0.la38_06,29,1159.0,1330.0,1244.5
n8_HC,n8,HC,F0.15.0.la38_06,30,1184.0,1349.0,1266.5
n8_HC,n8,HC,F0.15.0.la40_05,1,1159.0,1344.0,1251.5
n8_HC,n8,HC,F0.15.0.la40_05,2,1153.0,1344.0,1248.5
n8_HC,n8,HC,F0.15.0.la40_05,3,1156.0,1337.0,1246.5
n8_HC,n8,HC,F0.15.0.la40_05,4,1168.0,1339.0,1253.5
n8_HC,n8,HC,F0.15.0.la40_05,5,1152.0,1344.0,1248.0
n8_HC,n8,HC,F0.15.0.la40_05,6,1153.0,1337.0,1245.0
n8_HC,n8,HC,F0.15.0.la40_05,7,1151.0,1350.0,1250.5
n8_HC,n8,HC,F0.15.0.la40_05,8,1167.0,1339.0,1253.0
n8_HC,n8,HC,F0.15.0.la40_05,9,1149.0,1337.0,1243.0
n8_HC,n8,HC,F0.15.0.la40_05,10,1176.0,1362.0,1269.0
n8_HC,n8,HC,F0.15.0.la40_05,11,1187.0,1348.0,1267.5
n8_HC,n8,HC,F0.15.0.la40_05,12,1176.0,1362.0,1269.0
n8_HC,n8,HC,F0.15.0.la40_05,13,1173.0,1353.0,1263.0
n8_HC,n8,HC,F0.15.0.la40_05,14,1156.0,1337.0,1246.5
n8_HC,n8,HC,F0.15.0.la40_05,15,1163.0,1345.0,1254.0
n8_HC,n8,HC,F0.15.0.la40_05,16,1153.0,1344.0,1248.5
n8_HC,n8,HC,F0.15.0.la40_05,17,1161.0,1374.0,1267.5
n8_HC,n8,HC,F0.15.0.la40_05,18,1162.0,1348.0,1255.0
n8_HC,n8,HC,F0.15.0.la40_05,19,1163.0,1345.0,1254.0
n8_HC,n8,HC,F0.15.0.la40_05,20,1156.0,1350.0,1253.0
n8_HC,n8,HC,F0.15.0.la40_05,21,1166.0,1341.0,1253.5
n8_HC,n8,HC,F0.15.0.la40_05,22,1156.0,1358.0,1257.0
n8_HC,n8,HC,F0.15.0.la40_05,23,1184.0,1358.0,1271.0
n8_HC,n8,HC,F0.15.0.la40_05,24,1166.0,1339.0,1252.5
n8_HC,n8,HC,F0.15.0.la40_05,25,1144.0,1323.0,1233.5
n8_HC,n8,HC,F0.15.0.la40_05,26,1154.0,1337.0,1245.5
n8_HC,n8,HC,F0.15.0.la40_05,27,1167.0,1346.0,1256.5
n8_HC,n8,HC,F0.15.0.la40_05,28,1176.0,1363.0,1269.5
n8_HC,n8,HC,F0.15.0.la40_05,29,1174.0,1334.0,1254.0
n8_HC,n8,HC,F0.15.0.la40_05,30,1176.0,1362.0,1269.0
n8_HC,n8,HC,tai15_15_01.F.15_01,1,1200.0,1388.0,1294.0
n8_HC,n8,HC,tai15_15_01.F.15_01,2,1177.0,1365.0,1271.0
n8_HC,n8,HC,tai15_15_01.F.15_01,3,1177.0,1365.0,1271.0
n8_HC,n8,HC,tai15_15_01.F.15_01,4,1177.0,1365.0,1271.0
n8_HC,n8,HC,tai15_15_01.F.15_01,5,1191.0,1367.0,1279.0
n8_HC,n8,HC,tai15_15_01.F.15_01,6,1195.0,1386.0,1290.5
n8_HC,n8,HC,tai15_15_01.F.15_01,7,1200.0,1388.0,1294.0
n8_HC,n8,HC,tai15_15_01.F.15_01,8,1189.0,1375.0,1282.0
n8_HC,n8,HC,tai15_15_01.F.15_01,9,1172.0,1357.0,1264.5
n8_HC,n8,HC,tai15_15_01.F.15_01,10,1172.0,1357.0,1264.5
n8_HC,n8,HC,tai15_15_01.F.15_01,11,1181.0,1378.0,1279.5
n8_HC,n8,HC,tai15_15_01.F.15_01,12,1172.0,1357.0,1264.5
n8_HC,n8,HC,tai15_15_01.F.15_01,13,1184.0,1375.0,1279.5
n8_HC,n8,HC,tai15_15_01.F.15_01,14,1200.0,1388.0,1294.0
n8_HC,n8,HC,tai15_15_01.F.15_01,15,1172.0,1357.0,1264.5
n8_HC,n8,HC,tai15_15_01.F.15_01,16,1217.0,1393.0,1305.0
n8_HC,n8,HC,tai15_15_01.F.15_01,17,1200.0,1388.0,1294.0
n8_HC,n8,HC,tai15_15_01.F.15_01,18,1164.0,1357.0,1260.5
n8_HC,n8,HC,tai15_15_01.F.15_01,19,1212.0,1388.0,1300.0
n8_HC,n8,HC,tai15_15_01.F.15_01,20,1194.0,1353.0,1273.5
n8_HC,n8,HC,tai15_15_01.F.15_01,21,1192.0,1378.0,1285.0
n8_HC,n8,HC,tai15_15_01.F.15_01,22,1172.0,1357.0,1264.5
n8_HC,n8,HC,tai15_15_01.F.15_01,23,1165.0,1364.0,1264.5
n8_HC,n8,HC,tai15_15_01.F.15_01,24,1184.0,1366.0,1275.0
n8_HC,n8,HC,tai15_15_01.F.15_01,25,1177.0,1365.0,1271.0
n8_HC,n8,HC,tai15_15_01.F.15_01,26,1190.0,1366.0,1278.0
n8_HC,n8,HC,tai15_15_01.F.15_01,27,1189.0,1356.0,1272.5
n8_HC,n8,HC,tai15_15_01.F.15_01,28,1188.0,1357.0,1272.5
n8_HC,n8,HC,tai15_15_01.F.15_01,29,1200.0,1388.0,1294.0
n8_HC,n8,HC,tai15_15_01.F.15_01,30,1168.0,1354.0,1261.0
n8_HC,n8,HC,tai15_15_02.F.15_01,1,1209.0,1381.0,1295.0
n8_HC,n8,HC,tai15_15_02.F.15_01,2,1178.0,1366.0,1272.0
n8_HC,n8,HC,tai15_15_02.F.15_01,3,1180.0,1361.0,1270.5
n8_HC,n8,HC,tai15_15_02.F.15_01,4,1177.0,1379.0,1278.0
n8_HC,n8,HC,tai15_15_02.F.15_01,5,1193.0,1363.0,1278.0
n8_HC,n8,HC,tai15_15_02.F.15_01,6,1178.0,1366.0,1272.0
n8_HC,n8,HC,tai15_15_02.F.15_01,7,1179.0,1379.0,1279.0
n8_HC,n8,HC,tai15_15_02.F.15_01,8,1181.0,1381.0,1281.0
n8_HC,n8,HC,tai15_15_02.F.15_01,9,1199.0,1366.0,1282.5
n8_HC,n8,HC,tai15_15_02.F.15_01,10,1178.0,1366.0,1272.0
n8_HC,n8,HC,tai15_15_02.F.15_01,11,1187.0,1347.0,1267.0
n8_HC,n8,HC,tai15_15_02.F.15_01,12,1199.0,1376.0,1287.5
n8_HC,n8,HC,tai15_15_02.F.15_01,13,1190.0,1368.0,1279.0
n8_HC,n8,HC,tai15_15_02.F.15_01,14,1199.0,1376.0,1287.5
n8_HC,n8,HC,tai15_15_02.F.15_01,15,1192.0,1387.0,1289.5
n8_HC,n8,HC,tai15_15_02.F.15_01,16,1183.0,1379.0,1281.0
n8_HC,n8,HC,tai15_15_02.F.15_01,17,1174.0,1362.0,1268.0
n8_HC,n8,HC,tai15_15_02.F.15_01,18,1168.0,1356.0,1262.0
n8_HC,n8,HC,tai15_15_02.F.15_01,19,1199.0,1366.0,1282.5
n8_HC,n8,HC,tai15_15_02.F.15_01,20,1186.0,1356.0,1271.0
n8_HC,n8,HC,tai15_15_02.F.15_01,21,1183.0,1378.0,1280.5
n8_HC,n8,HC,tai15_15_02.F.15_01,22,1199.0,1376.0,1287.5
n8_HC,n8,HC,tai15_15_02.F.15_01,23,1208.0,1392.0,1300.0
n8_HC,n8,HC,tai15_15_02.F.15_01,24,1199.0,1376.0,1287.5
n8_HC,n8,HC,tai15_15_02.F.15_01,25,1210.0,1378.0,1294.0
n8_HC,n8,HC,tai15_15_02.F.15_01,26,1186.0,1376.0,1281.0
n8_HC,n8,HC,tai15_15_02.F.15_01,27,1199.0,1376.0,1287.5
n8_HC,n8,HC,tai15_15_02.F.15_01,28,1178.0,1361.0,1269.5
n8_HC,n8,HC,tai15_15_02.F.15_01,29,1179.0,1376.0,1277.5
n8_HC,n8,HC,tai15_15_02.F.15_01,30,1177.0,1379.0,1278.0
n8_HC,n8,HC,tai15_15_03.F.15_01,1,1168.0,1358.0,1263.0
n8_HC,n8,HC,tai15_15_03.F.15_01,2,1221.0,1358.0,1289.5
n8_HC,n8,HC,tai15_15_03.F.15_01,3,1204.0,1353.0,1278.5
n8_HC,n8,HC,tai15_15_03.F.15_01,4,1176.0,1338.0,1257.0
n8_HC,n8,HC,tai15_15_03.F.15_01,5,1190.0,1374.0,1282.0
n8_HC,n8,HC,tai15_15_03.F.15_01,6,1186.0,1373.0,1279.5
n8_HC,n8,HC,tai15_15_03.F.15_01,7,1169.0,1348.0,1258.5
n8_HC,n8,HC,tai15_15_03.F.15_01,8,1201.0,1340.0,1270.5
n8_HC,n8,HC,tai15_15_03.F.15_01,9,1174.0,1354.0,1264.0
n8_HC,n8,HC,tai15_15_03.F.15_01,10,1162.0,1345.0,1253.5
n8_HC,n8,HC,tai15_15_03.F.15_01,11,1208.0,1380.0,1294.0
n8_HC,n8,HC,tai15_15_03.F.15_01,12,1219.0,1380.0,1299.5
n8_HC,n8,HC,tai15_15_03.F.15_01,13,1223.0,1373.0,1298.0
n8_HC,n8,HC,tai15_15_03.F.15_01,14,1178.0,1356.0,1267.0
n8_HC,n8,HC,tai15_15_03.F.15_01,15,1184.0,1369.0,1276.5
n8_HC,n8,HC,tai15_15_03.F.15_01,16,1173.0,1345.0,1259.0
n8_HC,n8,HC,tai15_15_03.F.15_01,17,1183.0,1359.0,1271.0
n8_HC,n8,HC,tai15_15_03.F.15_01,18,1168.0,1340.0,1254.0
n8_HC,n8,HC,tai15_15_03.F.15_01,19,1164.0,1358.0,1261.0
n8_HC,n8,HC,tai15_15_03.F.15_01,20,1181.0,1344.0,1262.5
n8_HC,n8,HC,tai15_15_03.F.15_01,21,1199.0,1353.0,1276.0
n8_HC,n8,HC,tai15_15_03.F.15_01,22,1183.0,1375.0,1279.0
n8_HC,n8,HC,tai15_15_03.F.15_01,23,1177.0,1319.0,1248.0
n8_HC,n8,HC,tai15_15_03.F.15_01,24,1164.0,1358.0,1261.0
n8_HC,n8,HC,tai15_15_03.F.15_01,25,1194.0,1378.0,1286.0
n8_HC,n8,HC,tai15_15_03.F.15_01,26,1180.0,1355.0,1267.5
n8_HC,n8,HC,tai15_15_03.F.15_01,27,1197.0,1355.0,1276.0
n8_HC,n8,HC,tai15_15_03.F.15_01,28,1182.0,1342.0,1262.0
n8_HC,n8,HC,tai15_15_03.F.15_01,29,1198.0,1346.0,1272.0
n8_HC,n8,HC,tai15_15_03.F.15_01,30,1161.0,1348.0,1254.5
n8_HC,n8,HC,tai15_15_04.F.15_01,1,1157.0,1317.0,1237.0
n8_HC,n8,HC,tai15_15_04.F.15_01,2,1120.0,1298.0,1209.0
n8_HC,n8,HC,tai15_15_04.F.15_01,3,1146.0,1321.0,1233.5
n8_HC,n8,HC,tai15_15_04.F.15_01,4,1151.0,1325.0,1238.0
n8_HC,n8,HC,tai15_15_04.F.15_01,5,1143.0,1310.0,1226.5
n8_HC,n8,HC,tai15_15_04.F.15_01,6,1107.0,1281.0,1194.0
n8_HC,n8,HC,tai15_15_04.F.15_01,7,1155.0,1321.0,1238.0
n8_HC,n8,HC,tai15_15_04.F.15_01,8,1121.0,1295.0,1208.0
n8_HC,n8,HC,tai15_15_04.F.15_01,9,1157.0,1321.0,1239.0
n8_HC,n8,HC,tai15_15_04.F.15_01,10,1125.0,1308.0,1216.5
n8_HC,n8,HC,tai15_15_04.F.15_01,11,1186.0,1355.0,1270.5
n8_HC,n8,HC,tai15_15_04.F.15_01,12,1140.0,1316.0,1228.0
n8_HC,n8,HC,tai15_15_04.F.15_01,13,1146.0,1338.0,1242.0
n8_HC,n8,HC,tai15_15_04.F.15_01,14,1144.0,1332.0,1238.0
n8_HC,n8,HC,tai15_15_04.F.15_01,15,1131.0,1310.0,1220.5
n8_HC,n8,HC,tai15_15_04.F.15_01,16,1158.0,1316.0,1237.0
n8_HC,n8,HC,tai15_15_04.F.15_01,17,1128.0,1281.0,1204.5
n8_HC,n8,HC,tai15_15_04.F.15_01,18,1159.0,1335.0,1247.0
n8_HC,n8,HC,tai15_15_04.F.15_01,19,1109.0,1309.0,1209.0
n8_HC,n8,HC,tai15_15_04.F.15_01,20,1125.0,1300.0,1212.5
n8_HC,n8,HC,tai15_15_04.F.15_01,21,1126.0,1318.0,1222.0
n8_HC,n8,HC,tai15_15_04.F.15_01,22,1157.0,1320.0,1238.5
n8_HC,n8,HC,tai15_15_04.F.15_01,23,1155.0,1321.0,1238.0
n8_HC,n8,HC,tai15_15_04.F.15_01,24,1107.0,1288.0,1197.5
n8_HC,n8,HC,tai15_15_04.F.15_01,25,1115.0,1312.0,1213.5
n8_HC,n8,HC,tai15_15_04.F.15_01,26,1152.0,1340.0,1246.0
n8_HC,n8,HC,tai15_15_04.F.15_01,27,1125.0,1308.0,1216.5
n8_HC,n8,HC,tai15_15_04.F.15_01,28,1149.0,1340.0,1244.5
n8_HC,n8,HC,tai15_15_04.F.15_01,29,1132.0,1310.0,1221.0
n8_HC,n8,HC,tai15_15_04.F.15_01,30,1179.0,1333.0,1256.0
n8_HC,n8,HC,tai15_15_05.F.15_01,1,1177.0,1329.0,1253.0
n8_HC,n8,HC,tai15_15_05.F.15_01,2,1211.0,1344.0,1277.5
n8_HC,n8,HC,tai15_15_05.F.15_01,3,1177.0,1337.0,1257.0
n8_HC,n8,HC,tai15_15_05.F.15_01,4,1175.0,1345.0,1260.0
n8_HC,n8,HC,tai15_15_05.F.15_01,5,1181.0,1341.0,1261.0
n8_HC,n8,HC,tai15_15_05.F.15_01,6,1179.0,1349.0,1264.0
n8_HC,n8,HC,tai15_15_05.F.15_01,7,1186.0,1352.0,1269.0
n8_HC,n8,HC,tai15_15_05.F.15_01,8,1172.0,1335.0,1253.5
n8_HC,n8,HC,tai15_15_05.F.15_01,9,1196.0,1344.0,1270.0
n8_HC,n8,HC,tai15_15_05.F.15_01,10,1178.0,1344.0,1261.0
n8_HC,n8,HC,tai15_15_05.F.15_01,11,1184.0,1330.0,1257.0
n8_HC,n8,HC,tai15_15_05.F.15_01,12,1189.0,1321.0,1255.0
n8_HC,n8,HC,tai15_15_05.F.15_01,13,1199.0,1335.0,1267.0
n8_HC,n8,HC,tai15_15_05.F.15_01,14,1196.0,1360.0,1278.0
n8_HC,n8,HC,tai15_15_05.F.15_01,15,1196.0,1343.0,1269.5
n8_HC,n8,HC,tai15_15_05.F.15_01,16,1194.0,1332.0,1263.0
n8_HC,n8,HC,tai15_15_05.F.15_01,17,1190.0,1348.0,1269.0
n8_HC,n8,HC,tai15_15_05.F.15_01,18,1204.0,1336.0,1270.0
n8_HC,n8,HC,tai15_15_05.F.15_01,19,1196.0,1340.0,1268.0
n8_HC,n8,HC,tai15_15_05.F.15_01,20,1199.0,1335.0,1267.0
n8_HC,n8,HC,tai15_15_05.F.15_01,21,1204.0,1359.0,1281.5
n8_HC,n8,HC,tai15_15_05.F.15_01,22,1188.0,1340.0,1264.0
n8_HC,n8,HC,tai15_15_05.F.15_01,23,1188.0,1360.0,1274.0
n8_HC,n8,HC,tai15_15_05.F.15_01,24,1211.0,1363.0,1287.0
n8_HC,n8,HC,tai15_15_05.F.15_01,25,1199.0,1343.0,1271.0
n8_HC,n8,HC,tai15_15_05.F.15_01,26,1184.0,1346.0,1265.0
n8_HC,n8,HC,tai15_15_05.F.15_01,27,1177.0,1335.0,1256.0
n8_HC,n8,HC,tai15_15_05.F.15_01,28,1186.0,1360.0,1273.0
n8_HC,n8,HC,tai15_15_05.F.15_01,29,1200.0,1342.0,1271.0
n8_HC,n8,HC,tai15_15_05.F.15_01,30,1207.0,1340.0,1273.5
n8_HC,n8,HC,tai15_15_06.F.15_01,1,1211.0,1382.0,1296.5
n8_HC,n8,HC,tai15_15_06.F.15_01,2,1224.0,1371.0,1297.5
n8_HC,n8,HC,tai15_15_06.F.15_01,3,1191.0,1345.0,1268.0
n8_HC,n8,HC,tai15_15_06.F.15_01,4,1210.0,1380.0,1295.0
n8_HC,n8,HC,tai15_15_06.F.15_01,5,1194.0,1364.0,1279.0
n8_HC,n8,HC,tai15_15_06.F.15_01,6,1207.0,1380.0,1293.5
n8_HC,n8,HC,tai15_15_06.F.15_01,7,1192.0,1369.0,1280.5
n8_HC,n8,HC,tai15_15_06.F.15_01,8,1192.0,1369.0,1280.5
n8_HC,n8,HC,tai15_15_06.F.15_01,9,1215.0,1366.0,1290.5
n8_HC,n8,HC,tai15_15_06.F.15_01,10,1222.0,1364.0,1293.0
n8_HC,n8,HC,tai15_15_06.F.15_01,11,1194.0,1364.0,1279.0
n8_HC,n8,HC,tai15_15_06.F.15_01,12,1193.0,1349.0,1271.0
n8_HC,n8,HC,tai15_15_06.F.15_01,13,1192.0,1353.0,1272.5
n8_HC,n8,HC,tai15_15_06.F.15_01,14,1203.0,1368.0,1285.5
n8_HC,n8,HC,tai15_15_06.F.15_01,15,1194.0,1382.0,1288.0
n8_HC,n8,HC,tai15_15_06.F.15_01,16,1194.0,1374.0,1284.0
n8_HC,n8,HC,tai15_15_06.F.15_01,17,1183.0,1364.0,1273.5
n8_HC,n8,HC,tai15_15_06.F.15_01,18,1190.0,1368.0,1279.0
n8_HC,n8,HC,tai15_15_06.F.15_01,19,1184.0,1357.0,1270.5
n8_HC,n8,HC,tai15_15_06.F.15_01,20,1183.0,1364.0,1273.5
n8_HC,n8,HC,tai15_15_06.F.15_01,21,1198.0,1359.0,1278.5
n8_HC,n8,HC,tai15_15_06.F.15_01,22,1193.0,1380.0,1286.5
n8_HC,n8,HC,tai15_15_06.F.15_01,23,1205.0,1355.0,1280.0
n8_HC,n8,HC,tai15_15_06.F.15_01,24,1177.0,1352.0,1264.5
n8_HC,n8,HC,tai15_15_06.F.15_01,25,1177.0,1345.0,1261.0
n8_HC,n8,HC,tai15_15_06.F.15_01,26,1211.0,1389.0,1300.0
n8_HC,n8,HC,tai15_15_06.F.15_01,27,1229.0,1406.0,1317.5
n8_HC,n8,HC,tai15_15_06.F.15_01,28,1228.0,1390.0,1309.0
n8_HC,n8,HC,tai15_15_06.F.15_01,29,1197.0,1361.0,1279.0
n8_HC,n8,HC,tai15_15_06.F.15_01,30,1204.0,1365.0,1284.5
n8_HC,n8,HC,tai15_15_07.F.15_01,1,1167.0,1349.0,1258.0
n8_HC,n8,HC,tai15_15_07.F.15_01,2,1182.0,1366.0,1274.0
n8_HC,n8,HC,tai15_15_07.F.15_01,3,1167.0,1349.0,1258.0
n8_HC,n8,HC,tai15_15_07.F.15_01,4,1189.0,1352.0,1270.5
n8_HC,n8,HC,tai15_15_07.F.15_01,5,1208.0,1352.0,1280.0
n8_HC,n8,HC,tai15_15_07.F.15_01,6,1173.0,1345.0,1259.0
n8_HC,n8,HC,tai15_15_07.F.15_01,7,1186.0,1340.0,1263.0
n8_HC,n8,HC,tai15_15_07.F.15_01,8,1184.0,1366.0,1275.0
n8_HC,n8,HC,tai15_15_07.F.15_01,9,1182.0,1366.0,1274.0
n8_HC,n8,HC,tai15_15_07.F.15_01,10,1170.0,1366.0,1268.0
n8_HC,n8,HC,tai15_15_07.F.15_01,11,1184.0,1354.0,1269.0
n8_HC,n8,HC,tai15_15_07.F.15_01,12,1195.0,1362.0,1278.5
n8_HC,n8,HC,tai15_15_07.F.15_01,13,1167.0,1349.0,1258.0
n8_HC,n8,HC,tai15_15_07.F.15_01,14,1190.0,1365.0,1277.5
n8_HC,n8,HC,tai15_15_07.F.15_01,15,1190.0,1355.0,1272.5
n8_HC,n8,HC,tai15_15_07.F.15_01,16,1190.0,1352.0,1271.0
n8_HC,n8,HC,tai15_15_07.F.15_01,17,1184.0,1366.0,1275.0
n8_HC,n8,HC,tai15_15_07.F.15_01,18,1186.0,1340.0,1263.0
n8_HC,n8,HC,tai15_15_07.F.15_01,19,1169.0,1366.0,1267.5
n8_HC,n8,HC,tai15_15_07.F.15_01,20,1195.0,1360.0,1277.5
n8_HC,n8,HC,tai15_15_07.F.15_01,21,1167.0,1349.0,1258.0
n8_HC,n8,HC,tai15_15_07.F.15_01,22,1170.0,1353.0,1261.5
n8_HC,n8,HC,tai15_15_07.F.15_01,23,1208.0,1352.0,1280.0
n8_HC,n8,HC,tai15_15_07.F.15_01,24,1180.0,1349.0,1264.5
n8_HC,n8,HC,tai15_15_07.F.15_01,25,1192.0,1365.0,1278.5
n8_HC,n8,HC,tai15_15_07.F.15_01,26,1202.0,1352.0,1277.0
n8_HC,n8,HC,tai15_15_07.F.15_01,27,1161.0,1353.0,1257.0
n8_HC,n8,HC,tai15_15_07.F.15_01,28,1177.0,1354.0,1265.5
n8_HC,n8,HC,tai15_15_07.F.15_01,29,1180.0,1366.0,1273.0
n8_HC,n8,HC,tai15_15_07.F.15_01,30,1167.0,1349.0,1258.0
n8_HC,n8,HC,tai15_15_08.F.15_01,1,1184.0,1335.0,1259.5
n8_HC,n8,HC,tai15_15_08.F.15_01,2,1182.0,1327.0,1254.5
n8_HC,n8,HC,tai15_15_08.F.15_01,3,1214.0,1344.0,1279.0
n8_HC,n8,HC,tai15_15_08.F.15_01,4,1184.0,1335.0,1259.5
n8_HC,n8,HC,tai15_15_08.F.15_01,5,1164.0,1324.0,1244.0
n8_HC,n8,HC,tai15_15_08.F.15_01,6,1200.0,1350.0,1275.0
n8_HC,n8,HC,tai15_15_08.F.15_01,7,1155.0,1318.0,1236.5
n8_HC,n8,HC,tai15_15_08.F.15_01,8,1182.0,1312.0,1247.0
n8_HC,n8,HC,tai15_15_08.F.15_01,9,1227.0,1351.0,1289.0
n8_HC,n8,HC,tai15_15_08.F.15_01,10,1148.0,1334.0,1241.0
n8_HC,n8,HC,tai15_15_08.F.15_01,11,1225.0,1345.0,1285.0
n8_HC,n8,HC,tai15_15_08.F.15_01,12,1155.0,1322.0,1238.5
n8_HC,n8,HC,tai15_15_08.F.15_01,13,1190.0,1329.0,1259.5
n8_HC,n8,HC,tai15_15_08.F.15_01,14,1209.0,1346.0,1277.5
n8_HC,n8,HC,tai15_15_08.F.15_01,15,1162.0,1338.0,1250.0
n8_HC,n8,HC,tai15_15_08.F.15_01,16,1182.0,1312.0,1247.0
n8_HC,n8,HC,tai15_15_08.F.15_01,17,1195.0,1362.0,1278.5
n8_HC,n8,HC,tai15_15_08.F.15_01,18,1155.0,1322.0,1238.5
n8_HC,n8,HC,tai15_15_08.F.15_01,19,1172.0,1330.0,1251.0
n8_HC,n8,HC,tai15_15_08.F.15_01,20,1182.0,1312.0,1247.0
n8_HC,n8,HC,tai15_15_08.F.15_01,21,1161.0,1330.0,1245.5
n8_HC,n8,HC,tai15_15_08.F.15_01,22,1196.0,1347.0,1271.5
n8_HC,n8,HC,tai15_15_08.F.15_01,23,1193.0,1356.0,1274.5
n8_HC,n8,HC,tai15_15_08.F.15_01,24,1197.0,1343.0,1270.0
n8_HC,n8,HC,tai15_15_08.F.15_01,25,1164.0,1324.0,1244.0
n8_HC,n8,HC,tai15_15_08.F.15_01,26,1155.0,1318.0,1236.5
n8_HC,n8,HC,tai15_15_08.F.15_01,27,1182.0,1312.0,1247.0
n8_HC,n8,HC,tai15_15_08.F.15_01,28,1155.0,1322.0,1238.5
n8_HC,n8,HC,tai15_15_08.F.15_01,29,1201.0,1351.0,1276.0
n8_HC,n8,HC,tai15_15_08.F.15_01,30,1225.0,1345.0,1285.0
n8_HC,n8,HC,tai15_15_09.F.15_01,1,1235.0,1433.0,1334.0
n8_HC,n8,HC,tai15_15_09.F.15_01,2,1208.0,1425.0,1316.5
n8_HC,n8,HC,tai15_15_09.F.15_01,3,1235.0,1436.0,1335.5
n8_HC,n8,HC,tai15_15_09.F.15_01,4,1214.0,1429.0,1321.5
n8_HC,n8,HC,tai15_15_09.F.15_01,5,1249.0,1423.0,1336.0
n8_HC,n8,HC,tai15_15_09.F.15_01,6,1221.0,1402.0,1311.5
n8_HC,n8,HC,tai15_15_09.F.15_01,7,1244.0,1423.0,1333.5
n8_HC,n8,HC,tai15_15_09.F.15_01,8,1214.0,1429.0,1321.5
n8_HC,n8,HC,tai15_15_09.F.15_01,9,1243.0,1428.0,1335.5
n8_HC,n8,HC,tai15_15_09.F.15_01,10,1255.0,1476.0,1365.5
n8_HC,n8,HC,tai15_15_09.F.15_01,11,1211.0,1415.0,1313.0
n8_HC,n8,HC,tai15_15_09.F.15_01,12,1244.0,1423.0,1333.5
n8_HC,n8,HC,tai15_15_09.F.15_01,13,1264.0,1466.0,1365.0
n8_HC,n8,HC,tai15_15_09.F.15_01,14,1236.0,1425.0,1330.5
n8_HC,n8,HC,tai15_15_09.F.15_01,15,1237.0,1422.0,1329.5
n8_HC,n8,HC,tai15_15_09.F.15_01,16,1265.0,1424.0,1344.5
n8_HC,n8,HC,tai15_15_09.F.15_01,17,1235.0,1427.0,1331.0
n8_HC,n8,HC,tai15_15_09.F.15_01,18,1233.0,1432.0,1332.5
n8_HC,n8,HC,tai15_15_09.F.15_01,19,1233.0,1425.0,1329.0
n8_HC,n8,HC,tai15_15_09.F.15_01,20,1217.0,1436.0,1326.5
n8_HC,n8,HC,tai15_15_09.F.15_01,21,1252.0,1459.0,1355.5
n8_HC,n8,HC,tai15_15_09.F.15_01,22,1214.0,1412.0,1313.0
n8_HC,n8,HC,tai15_15_09.F.15_01,23,1231.0,1439.0,1335.0
n8_HC,n8,HC,tai15_15_09.F.15_01,24,1273.0,1491.0,1382.0
n8_HC,n8,HC,tai15_15_09.F.15_01,25,1213.0,1421.0,1317.0
n8_HC,n8,HC,tai15_15_09.F.15_01,26,1201.0,1413.0,1307.0
n8_HC,n8,HC,tai15_15_09.F.15_01,27,1265.0,1467.0,1366.0
n8_HC,n8,HC,tai15_15_09.F.15_01,28,1214.0,1429.0,1321.5
n8_HC,n8,HC,tai15_15_09.F.15_01,29,1261.0,1446.0,1353.5
n8_HC,n8,HC,tai15_15_09.F.15_01,30,1239.0,1450.0,1344.5
n8_HC,n8,HC,tai15_15_10.F.15_01,1,1245.0,1391.0,1318.0
n8_HC,n8,HC,tai15_15_10.F.15_01,2,1166.0,1325.0,1245.5
n8_HC,n8,HC,tai15_15_10.F.15_01,3,1215.0,1377.0,1296.0
n8_HC,n8,HC,tai15_15_10.F.15_01,4,1236.0,1390.0,1313.0
n8_HC,n8,HC,tai15_15_10.F.15_01,5,1219.0,1384.0,1301.5
n8_HC,n8,HC,tai15_15_10.F.15_01,6,1214.0,1381.0,1297.5
n8_HC,n8,HC,tai15_15_10.F.15_01,7,1194.0,1380.0,1287.0
n8_HC,n8,HC,tai15_15_10.F.15_01,8,1178.0,1348.0,1263.0
n8_HC,n8,HC,tai15_15_10.F.15_01,9,1164.0,1325.0,1244.5
n8_HC,n8,HC,tai15_15_10.F.15_01,10,1222.0,1361.0,1291.5
n8_HC,n8,HC,tai15_15_10.F.15_01,11,1223.0,1410.0,1316.5
n8_HC,n8,HC,tai15_15_10.F.15_01,12,1192.0,1388.0,1290.0
n8_HC,n8,HC,tai15_15_10.F.15_01,13,1223.0,1360.0,1291.5
n8_HC,n8,HC,tai15_15_10.F.15_01,14,1229.0,1389.0,1309.0
n8_HC,n8,HC,tai15_15_10.F.15_01,15,1222.0,1361.0,1291.5
n8_HC,n8,HC,tai15_15_10.F.15_01,16,1230.0,1389.0,1309.5
n8_HC,n8,HC,tai15_15_10.F.15_01,17,1216.0,1377.0,1296.5
n8_HC,n8,HC,tai15_15_10.F.15_01,18,1191.0,1351.0,1271.0
n8_HC,n8,HC,tai15_15_10.F.15_01,19,1213.0,1388.0,1300.5
n8_HC,n8,HC,tai15_15_10.F.15_01,20,1202.0,1381.0,1291.5
n8_HC,n8,HC,tai15_15_10.F.15_01,21,1166.0,1325.0,1245.5
n8_HC,n8,HC,tai15_15_10.F.15_01,22,1213.0,1386.0,1299.5
n8_HC,n8,HC,tai15_15_10.F.15_01,23,1215.0,1377.0,1296.0
n8_HC,n8,HC,tai15_15_10.F.15_01,24,1237.0,1379.0,1308.0
n8_HC,n8,HC,tai15_15_10.F.15_01,25,1215.0,1377.0,1296.0
n8_HC,n8,HC,tai15_15_10.F.15_01,26,1217.0,1367.0,1292.0
n8_HC,n8,HC,tai15_15_10.F.15_01,27,1245.0,1384.0,1314.5
n8_HC,n8,HC,tai15_15_10.F.15_01,28,1248.0,1374.0,1311.0
n8_HC,n8,HC,tai15_15_10.F.15_01,29,1209.0,1383.0,1296.0
n8_HC,n8,HC,tai15_15_10.F.15_01,30,1216.0,1371.0,1293.5
n8_HC,n8,HC,tai20_15_01.F.15_01,1,1342.0,1560.0,1451.0
n8_HC,n8,HC,tai20_15_01.F.15_01,2,1361.0,1549.0,1455.0
n8_HC,n8,HC,tai20_15_01.F.15_01,3,1335.0,1555.0,1445.0
n8_HC,n8,HC,tai20_15_01.F.15_01,4,1364.0,1554.0,1459.0
n8_HC,n8,HC,tai20_15_01.F.15_01,5,1346.0,1543.0,1444.5
n8_HC,n8,HC,tai20_15_01.F.15_01,6,1312.0,1541.0,1426.5
n8_HC,n8,HC,tai20_15_01.F.15_01,7,1329.0,1546.0,1437.5
n8_HC,n8,HC,tai20_15_01.F.15_01,8,1324.0,1522.0,1423.0
n8_HC,n8,HC,tai20_15_01.F.15_01,9,1342.0,1548.0,1445.0
n8_HC,n8,HC,tai20_15_01.F.15_01,10,1318.0,1529.0,1423.5
n8_HC,n8,HC,tai20_15_01.F.15_01,11,1346.0,1531.0,1438.5
n8_HC,n8,HC,tai20_15_01.F.15_01,12,1380.0,1586.0,1483.0
n8_HC,n8,HC,tai20_15_01.F.15_01,13,1329.0,1530.0,1429.5
n8_HC,n8,HC,tai20_15_01.F.15_01,14,1391.0,1583.0,1487.0
n8_HC,n8,HC,tai20_15_01.F.15_01,15,1368.0,1591.0,1479.5
n8_HC,n8,HC,tai20_15_01.F.15_01,16,1333.0,1533.0,1433.0
n8_HC,n8,HC,tai20_15_01.F.15_01,17,1336.0,1555.0,1445.5
n8_HC,n8,HC,tai20_15_01.F.15_01,18,1394.0,1600.0,1497.0
n8_HC,n8,HC,tai20_15_01.F.15_01,19,1368.0,1572.0,1470.0
n8_HC,n8,HC,tai20_15_01.F.15_01,20,1346.0,1547.0,1446.5
n8_HC,n8,HC,tai20_15_01.F.15_01,21,1343.0,1532.0,1437.5
n8_HC,n8,HC,tai20_15_01.F.15_01,22,1362.0,1552.0,1457.0
n8_HC,n8,HC,tai20_15_01.F.15_01,23,1341.0,1531.0,1436.0
n8_HC,n8,HC,tai20_15_01.F.15_01,24,1344.0,1536.0,1440.0
n8_HC,n8,HC,tai20_15_01.F.15_01,25,1363.0,1566.0,1464.5
n8_HC,n8,HC,tai20_15_01.F.15_01,26,1370.0,1564.0,1467.0
n8_HC,n8,HC,tai20_15_01.F.15_01,27,1343.0,1541.0,1442.0
n8_HC,n8,HC,tai20_15_01.F.15_01,28,1353.0,1529.0,1441.0
n8_HC,n8,HC,tai20_15_01.F.15_01,29,1353.0,1541.0,1447.0
n8_HC,n8,HC,tai20_15_01.F.15_01,30,1357.0,1565.0,1461.0
n8_HC,n8,HC,tai20_15_02.F.15_01,1,1325.0,1514.0,1419.5
n8_HC,n8,HC,tai20_15_02.F.15_01,2,1325.0,1543.0,1434.0
n8_HC,n8,HC,tai20_15_02.F.15_01,3,1330.0,1538.0,1434.0
n8_HC,n8,HC,tai20_15_02.F.15_01,4,1338.0,1531.0,1434.5
n8_HC,n8,HC,tai20_15_02.F.15_01,5,1335.0,1506.0,1420.5
n8_HC,n8,HC,tai20_15_02.F.15_01,6,1327.0,1543.0,1435.0
n8_HC,n8,HC,tai20_15_02.F.15_01,7,1315.0,1497.0,1406.0
n8_HC,n8,HC,tai20_15_02.F.15_01,8,1320.0,1538.0,1429.0
n8_HC,n8,HC,tai20_15_02.F.15_01,9,1319.0,1516.0,1417.5
n8_HC,n8,HC,tai20_15_02.F.15_01,10,1331.0,1553.0,1442.0
n8_HC,n8,HC,tai20_15_02.F.15_01,11,1312.0,1511.0,1411.5
n8_HC,n8,HC,tai20_15_02.F.15_01,12,1316.0,1503.0,1409.5
n8_HC,n8,HC,tai20_15_02.F.15_01,13,1337.0,1518.0,1427.5
n8_HC,n8,HC,tai20_15_02.F.15_01,14,1325.0,1538.0,1431.5
n8_HC,n8,HC,tai20_15_02.F.15_01,15,1345.0,1544.0,1444.5
n8_HC,n8,HC,tai20_15_02.F.15_01,16,1320.0,1538.0,1429.0
n8_HC,n8,HC,tai20_15_02.F.15_01,17,1336.0,1521.0,1428.5
n8_HC,n8,HC,tai20_15_02.F.15_01,18,1363.0,1563.0,1463.0
n8_HC,n8,HC,tai20_15_02.F.15_01,19,1322.0,1538.0,1430.0
n8_HC,n8,HC,tai20_15_02.F.15_01,20,1349.0,1530.0,1439.5
n8_HC,n8,HC,tai20_15_02.F.15_01,21,1314.0,1517.0,1415.5
n8_HC,n8,HC,tai20_15_02.F.15_01,22,1331.0,1531.0,1431.0
n8_HC,n8,HC,tai20_15_02.F.15_01,23,1320.0,1538.0,1429.0
n8_HC,n8,HC,tai20_15_02.F.15_01,24,1318.0,1529.0,1423.5
n8_HC,n8,HC,tai20_15_02.F.15_01,25,1328.0,1511.0,1419.5
n8_HC,n8,HC,tai20_15_02.F.15_01,26,1315.0,1514.0,1414.5
n8_HC,n8,HC,tai20_15_02.F.15_01,27,1303.0,1495.0,1399.0
n8_HC,n8,HC,tai20_15_02.F.15_01,28,1335.0,1549.0,1442.0
n8_HC,n8,HC,tai20_15_02.F.15_01,29,1327.0,1501.0,1414.0
n8_HC,n8,HC,tai20_15_02.F.15_01,30,1314.0,1517.0,1415.5
n8_HC,n8,HC,tai20_15_03.F.15_01,1,1335.0,1521.0,1428.0
n8_HC,n8,HC,tai20_15_03.F.15_01,2,1328.0,1509.0,1418.5
n8_HC,n8,HC,tai20_15_03.F.15_01,3,1354.0,1545.0,1449.5
n8_HC,n8,HC,tai20_15_03.F.15_01,4,1328.0,1523.0,1425.5
n8_HC,n8,HC,tai20_15_03.F.15_01,5,1328.0,1514.0,1421.0
n8_HC,n8,HC,tai20_15_03.F.15_01,6,1332.0,1530.0,1431.0
n8_HC,n8,HC,tai20_15_03.F.15_01,7,1299.0,1514.0,1406.5
n8_HC,n8,HC,tai20_15_03.F.15_01,8,1313.0,1507.0,1410.0
n8_HC,n8,HC,tai20_15_03.F.15_01,9,1296.0,1533.0,1414.5
n8_HC,n8,HC,tai20_15_03.F.15_01,10,1322.0,1538.0,1430.0
n8_HC,n8,HC,tai20_15_03.F.15_01,11,1306.0,1502.0,1404.0
n8_HC,n8,HC,tai20_15_03.F.15_01,12,1328.0,1510.0,1419.0
n8_HC,n8,HC,tai20_15_03.F.15_01,13,1314.0,1523.0,1418.5
n8_HC,n8,HC,tai20_15_03.F.15_01,14,1341.0,1537.0,1439.0
n8_HC,n8,HC,tai20_15_03.F.15_01,15,1324.0,1518.0,1421.0
n8_HC,n8,HC,tai20_15_03.F.15_01,16,1312.0,1520.0,1416.0
n8_HC,n8,HC,tai20_15_03.F.15_01,17,1326.0,1561.0,1443.5
n8_HC,n8,HC,tai20_15_03.F.15_01,18,1323.0,1524.0,1423.5
n8_HC,n8,HC,tai20_15_03.F.15_01,19,1319.0,1533.0,1426.0
n8_HC,n8,HC,tai20_15_03.F.15_01,20,1314.0,1523.0,1418.5
n8_HC,n8,HC,tai20_15_03.F.15_01,21,1362.0,1537.0,1449.5
n8_HC,n8,HC,tai20_15_03.F.15_01,22,1332.0,1510.0,1421.0
n8_HC,n8,HC,tai20_15_03.F.15_01,23,1329.0,1511.0,1420.0
n8_HC,n8,HC,tai20_15_03.F.15_01,24,1344.0,1519.0,1431.5
n8_HC,n8,HC,tai20_15_03.F.15_01,25,1316.0,1530.0,1423.0
n8_HC,n8,HC,tai20_15_03.F.15_01,26,1308.0,1499.0,1403.5
n8_HC,n8,HC,tai20_15_03.F.15_01,27,1358.0,1545.0,1451.5
n8_HC,n8,HC,tai20_15_03.F.15_01,28,1309.0,1532.0,1420.5
n8_HC,n8,HC,tai20_15_03.F.15_01,29,1324.0,1530.0,1427.0
n8_HC,n8,HC,tai20_15_03.F.15_01,30,1350.0,1538.0,1444.0
n8_HC,n8,HC,tai20_15_04.F.15_01,1,1314.0,1516.0,1415.0
n8_HC,n8,HC,tai20_15_04.F.15_01,2,1300.0,1468.0,1384.0
n8_HC,n8,HC,tai20_15_04.F.15_01,3,1294.0,1485.0,1389.5
n8_HC,n8,HC,tai20_15_04.F.15_01,4,1279.0,1478.0,1378.5
n8_HC,n8,HC,tai20_15_04.F.15_01,5,1291.0,1461.0,1376.0
n8_HC,n8,HC,tai20_15_04.F.15_01,6,1286.0,1467.0,1376.5
n8_HC,n8,HC,tai20_15_04.F.15_01,7,1275.0,1466.0,1370.5
n8_HC,n8,HC,tai20_15_04.F.15_01,8,1283.0,1466.0,1374.5
n8_HC,n8,HC,tai20_15_04.F.15_01,9,1287.0,1470.0,1378.5
n8_HC,n8,HC,tai20_15_04.F.15_01,10,1307.0,1492.0,1399.5
n8_HC,n8,HC,tai20_15_04.F.15_01,11,1305.0,1489.0,1397.0
n8_HC,n8,HC,tai20_15_04.F.15_01,12,1291.0,1497.0,1394.0
n8_HC,n8,HC,tai20_15_04.F.15_01,13,1273.0,1480.0,1376.5
n8_HC,n8,HC,tai20_15_04.F.15_01,14,1282.0,1503.0,1392.5
n8_HC,n8,HC,tai20_15_04.F.15_01,15,1295.0,1465.0,1380.0
n8_HC,n8,HC,tai20_15_04.F.15_01,16,1301.0,1497.0,1399.0
n8_HC,n8,HC,tai20_15_04.F.15_01,17,1287.0,1481.0,1384.0
n8_HC,n8,HC,tai20_15_04.F.15_01,18,1303.0,1497.0,1400.0
n8_HC,n8,HC,tai20_15_04.F.15_01,19,1280.0,1462.0,1371.0
n8_HC,n8,HC,tai20_15_04.F.15_01,20,1278.0,1467.0,1372.5
n8_HC,n8,HC,tai20_15_04.F.15_01,21,1278.0,1466.0,1372.0
n8_HC,n8,HC,tai20_15_04.F.15_01,22,1292.0,1467.0,1379.5
n8_HC,n8,HC,tai20_15_04.F.15_01,23,1298.0,1513.0,1405.5
n8_HC,n8,HC,tai20_15_04.F.15_01,24,1284.0,1488.0,1386.0
n8_HC,n8,HC,tai20_15_04.F.15_01,25,1310.0,1475.0,1392.5
n8_HC,n8,HC,tai20_15_04.F.15_01,26,1281.0,1488.0,1384.5
n8_HC,n8,HC,tai20_15_04.F.15_01,27,1305.0,1486.0,1395.5
n8_HC,n8,HC,tai20_15_04.F.15_01,28,1275.0,1487.0,1381.0
n8_HC,n8,HC,tai20_15_04.F.15_01,29,1295.0,1501.0,1398.0
n8_HC,n8,HC,tai20_15_04.F.15_01,30,1286.0,1472.0,1379.0
n8_HC,n8,HC,tai20_15_05.F.15_01,1,1334.0,1529.0,1431.5
n8_HC,n8,HC,tai20_15_05.F.15_01,2,1319.0,1520.0,1419.5
n8_HC,n8,HC,tai20_15_05.F.15_01,3,1355.0,1545.0,1450.0
n8_HC,n8,HC,tai20_15_05.F.15_01,4,1285.0,1506.0,1395.5
n8_HC,n8,HC,tai20_15_05.F.15_01,5,1290.0,1508.0,1399.0
n8_HC,n8,HC,tai20_15_05.F.15_01,6,1352.0,1525.0,1438.5
n8_HC,n8,HC,tai20_15_05.F.15_01,7,1300.0,1512.0,1406.0
n8_HC,n8,HC,tai20_15_05.F.15_01,8,1327.0,1528.0,1427.5
n8_HC,n8,HC,tai20_15_05.F.15_01,9,1303.0,1506.0,1404.5
n8_HC,n8,HC,tai20_15_05.F.15_01,10,1333.0,1529.0,1431.0
n8_HC,n8,HC,tai20_15_05.F.15_01,11,1293.0,1506.0,1399.5
n8_HC,n8,HC,tai20_15_05.F.15_01,12,1311.0,1500.0,1405.5
n8_HC,n8,HC,tai20_15_05.F.15_01,13,1317.0,1505.0,1411.0
n8_HC,n8,HC,tai20_15_05.F.15_01,14,1324.0,1493.0,1408.5
n8_HC,n8,HC,tai20_15_05.F.15_01,15,1301.0,1504.0,1402.5
n8_HC,n8,HC,tai20_15_05.F.15_01,16,1333.0,1540.0,1436.5
n8_HC,n8,HC,tai20_15_05.F.15_01,17,1317.0,1526.0,1421.5
n8_HC,n8,HC,tai20_15_05.F.15_01,18,1327.0,1502.0,1414.5
n8_HC,n8,HC,tai20_15_05.F.15_01,19,1293.0,1508.0,1400.5
n8_HC,n8,HC,tai20_15_05.F.15_01,20,1299.0,1508.0,1403.5
n8_HC,n8,HC,tai20_15_05.F.15_01,21,1335.0,1532.0,1433.5
n8_HC,n8,HC,tai20_15_05.F.15_01,22,1328.0,1495.0,1411.5
n8_HC,n8,HC,tai20_15_05.F.15_01,23,1314.0,1519.0,1416.5
n8_HC,n8,HC,tai20_15_05.F.15_01,24,1338.0,1510.0,1424.0
n8_HC,n8,HC,tai20_15_05.F.15_01,25,1290.0,1506.0,1398.0
n8_HC,n8,HC,tai20_15_05.F.15_01,26,1333.0,1509.0,1421.0
n8_HC,n8,HC,tai20_15_05.F.15_01,27,1272.0,1506.0,1389.0
n8_HC,n8,HC,tai20_15_05.F.15_01,28,1343.0,1536.0,1439.5
n8_HC,n8,HC,tai20_15_05.F.15_01,29,1313.0,1508.0,1410.5
n8_HC,n8,HC,tai20_15_05.F.15_01,30,1340.0,1504.0,1422.0
n8_HC,n8,HC,tai20_15_06.F.15_01,1,1342.0,1582.0,1462.0
n8_HC,n8,HC,tai20_15_06.F.15_01,2,1350.0,1575.0,1462.5
n8_HC,n8,HC,tai20_15_06.F.15_01,3,1334.0,1556.0,1445.0
n8_HC,n8,HC,tai20_15_06.F.15_01,4,1318.0,1552.0,1435.0
n8_HC,n8,HC,tai20_15_06.F.15_01,5,1356.0,1578.0,1467.0
n8_HC,n8,HC,tai20_15_06.F.15_01,6,1331.0,1555.0,1443.0
n8_HC,n8,HC,tai20_15_06.F.15_01,7,1343.0,1565.0,1454.0
n8_HC,n8,HC,tai20_15_06.F.15_01,8,1350.0,1587.0,1468.5
n8_HC,n8,HC,tai20_15_06.F.15_01,9,1312.0,1545.0,1428.5
n8_HC,n8,HC,tai20_15_06.F.15_01,10,1357.0,1588.0,1472.5
n8_HC,n8,HC,tai20_15_06.F.15_01,11,1345.0,1557.0,1451.0
n8_HC,n8,HC,tai20_15_06.F.15_01,12,1384.0,1578.0,1481.0
n8_HC,n8,HC,tai20_15_06.F.15_01,13,1326.0,1562.0,1444.0
n8_HC,n8,HC,tai20_15_06.F.15_01,14,1344.0,1570.0,1457.0
n8_HC,n8,HC,tai20_15_06.F.15_01,15,1349.0,1571.0,1460.0
n8_HC,n8,HC,tai20_15_06.F.15_01,16,1337.0,1534.0,1435.5
n8_HC,n8,HC,tai20_15_06.F.15_01,17,1331.0,1566.0,1448.5
n8_HC,n8,HC,tai20_15_06.F.15_01,18,1351.0,1575.0,1463.0
n8_HC,n8,HC,tai20_15_06.F.15_01,19,1339.0,1538.0,1438.5
n8_HC,n8,HC,tai20_15_06.F.15_01,20,1348.0,1570.0,1459.0
n8_HC,n8,HC,tai20_15_06.F.15_01,21,1353.0,1557.0,1455.0
n8_HC,n8,HC,tai20_15_06.F.15_01,22,1337.0,1572.0,1454.5
n8_HC,n8,HC,tai20_15_06.F.15_01,23,1324.0,1548.0,1436.0
n8_HC,n8,HC,tai20_15_06.F.15_01,24,1313.0,1544.0,1428.5
n8_HC,n8,HC,tai20_15_06.F.15_01,25,1351.0,1580.0,1465.5
n8_HC,n8,HC,tai20_15_06.F.15_01,26,1338.0,1578.0,1458.0
n8_HC,n8,HC,tai20_15_06.F.15_01,27,1323.0,1568.0,1445.5
n8_HC,n8,HC,tai20_15_06.F.15_01,28,1353.0,1579.0,1466.0
n8_HC,n8,HC,tai20_15_06.F.15_01,29,1307.0,1531.0,1419.0
n8_HC,n8,HC,tai20_15_06.F.15_01,30,1344.0,1570.0,1457.0
n8_HC,n8,HC,tai20_15_07.F.15_01,1,1445.0,1660.0,1552.5
n8_HC,n8,HC,tai20_15_07.F.15_01,2,1438.0,1678.0,1558.0
n8_HC,n8,HC,tai20_15_07.F.15_01,3,1440.0,1676.0,1558.0
n8_HC,n8,HC,tai20_15_07.F.15_01,4,1409.0,1640.0,1524.5
n8_HC,n8,HC,tai20_15_07.F.15_01,5,1427.0,1697.0,1562.0
n8_HC,n8,HC,tai20_15_07.F.15_01,6,1448.0,1678.0,1563.0
n8_HC,n8,HC,tai20_15_07.F.15_01,7,1431.0,1678.0,1554.5
n8_HC,n8,HC,tai20_15_07.F.15_01,8,1418.0,1672.0,1545.0
n8_HC,n8,HC,tai20_15_07.F.15_01,9,1420.0,1652.0,1536.0
n8_HC,n8,HC,tai20_15_07.F.15_01,10,1461.0,1693.0,1577.0
n8_HC,n8,HC,tai20_15_07.F.15_01,11,1392.0,1648.0,1520.0
n8_HC,n8,HC,tai20_15_07.F.15_01,12,1420.0,1671.0,1545.5
n8_HC,n8,HC,tai20_15_07.F.15_01,13,1422.0,1668.0,1545.0
n8_HC,n8,HC,tai20_15_07.F.15_01,14,1402.0,1652.0,1527.0
n8_HC,n8,HC,tai20_15_07.F.15_01,15,1438.0,1694.0,1566.0
n8_HC,n8,HC,tai20_15_07.F.15_01,16,1442.0,1668.0,1555.0
n8_HC,n8,HC,tai20_15_07.F.15_01,17,1420.0,1692.0,1556.0
n8_HC,n8,HC,tai20_15_07.F.15_01,18,1430.0,1668.0,1549.0
n8_HC,n8,HC,tai20_15_07.F.15_01,19,1454.0,1694.0,1574.0
n8_HC,n8,HC,tai20_15_07.F.15_01,20,1439.0,1679.0,1559.0
n8_HC,n8,HC,tai20_15_07.F.15_01,21,1445.0,1700.0,1572.5
n8_HC,n8,HC,tai20_15_07.F.15_01,22,1397.0,1640.0,1518.5
n8_HC,n8,HC,tai20_15_07.F.15_01,23,1421.0,1674.0,1547.5
n8_HC,n8,HC,tai20_15_07.F.15_01,24,1432.0,1668.0,1550.0
n8_HC,n8,HC,tai20_15_07.F.15_01,25,1420.0,1654.0,1537.0
n8_HC,n8,HC,tai20_15_07.F.15_01,26,1425.0,1676.0,1550.5
n8_HC,n8,HC,tai20_15_07.F.15_01,27,1445.0,1692.0,1568.5
n8_HC,n8,HC,tai20_15_07.F.15_01,28,1388.0,1626.0,1507.0
n8_HC,n8,HC,tai20_15_07.F.15_01,29,1411.0,1668.0,1539.5
n8_HC,n8,HC,tai20_15_07.F.15_01,30,1464.0,1718.0,1591.0
n8_HC,n8,HC,tai20_15_08.F.15_01,1,1382.0,1600.0,1491.0
n8_HC,n8,HC,tai20_15_08.F.15_01,2,1403.0,1588.0,1495.5
n8_HC,n8,HC,tai20_15_08.F.15_01,3,1372.0,1576.0,1474.0
n8_HC,n8,HC,tai20_15_08.F.15_01,4,1413.0,1612.0,1512.5
n8_HC,n8,HC,tai20_15_08.F.15_01,5,1366.0,1590.0,1478.0
n8_HC,n8,HC,tai20_15_08.F.15_01,6,1394.0,1614.0,1504.0
n8_HC,n8,HC,tai20_15_08.F.15_01,7,1429.0,1653.0,1541.0
n8_HC,n8,HC,tai20_15_08.F.15_01,8,1374.0,1589.0,1481.5
n8_HC,n8,HC,tai20_15_08.F.15_01,9,1412.0,1634.0,1523.0
n8_HC,n8,HC,tai20_15_08.F.15_01,10,1399.0,1609.0,1504.0
n8_HC,n8,HC,tai20_15_08.F.15_01,11,1399.0,1607.0,1503.0
n8_HC,n8,HC,tai20_15_08.F.15_01,12,1385.0,1594.0,1489.5
n8_HC,n8,HC,tai20_15_08.F.15_01,13,1391.0,1589.0,1490.0
n8_HC,n8,HC,tai20_15_08.F.15_01,14,1379.0,1594.0,1486.5
n8_HC,n8,HC,tai20_15_08.F.15_01,15,1392.0,1606.0,1499.0
n8_HC,n8,HC,tai20_15_08.F.15_01,16,1383.0,1605.0,1494.0
n8_HC,n8,HC,tai20_15_08.F.15_01,17,1415.0,1638.0,1526.5
n8_HC,n8,HC,tai20_15_08.F.15_01,18,1407.0,1634.0,1520.5
n8_HC,n8,HC,tai20_15_08.F.15_01,19,1393.0,1612.0,1502.5
n8_HC,n8,HC,tai20_15_08.F.15_01,20,1399.0,1612.0,1505.5
n8_HC,n8,HC,tai20_15_08.F.15_01,21,1400.0,1597.0,1498.5
n8_HC,n8,HC,tai20_15_08.F.15_01,22,1393.0,1608.0,1500.5
n8_HC,n8,HC,tai20_15_08.F.15_01,23,1371.0,1587.0,1479.0
n8_HC,n8,HC,tai20_15_08.F.15_01,24,1400.0,1602.0,1501.0
n8_HC,n8,HC,tai20_15_08.F.15_01,25,1378.0,1590.0,1484.0
n8_HC,n8,HC,tai20_15_08.F.15_01,26,1385.0,1601.0,1493.0
n8_HC,n8,HC,tai20_15_08.F.15_01,27,1386.0,1602.0,1494.0
n8_HC,n8,HC,tai20_15_08.F.15_01,28,1393.0,1615.0,1504.0
n8_HC,n8,HC,tai20_15_08.F.15_01,29,1429.0,1618.0,1523.5
n8_HC,n8,HC,tai20_15_08.F.15_01,30,1391.0,1605.0,1498.0
n8_HC,n8,HC,tai20_15_09.F.15_01,1,1358.0,1569.0,1463.5
n8_HC,n8,HC,tai20_15_09.F.15_01,2,1301.0,1510.0,1405.5
n8_HC,n8,HC,tai20_15_09.F.15_01,3,1345.0,1505.0,1425.0
n8_HC,n8,HC,tai20_15_09.F.15_01,4,1335.0,1548.0,1441.5
n8_HC,n8,HC,tai20_15_09.F.15_01,5,1341.0,1551.0,1446.0
n8_HC,n8,HC,tai20_15_09.F.15_01,6,1350.0,1525.0,1437.5
n8_HC,n8,HC,tai20_15_09.F.15_01,7,1333.0,1540.0,1436.5
n8_HC,n8,HC,tai20_15_09.F.15_01,8,1346.0,1538.0,1442.0
n8_HC,n8,HC,tai20_15_09.F.15_01,9,1358.0,1545.0,1451.5
n8_HC,n8,HC,tai20_15_09.F.15_01,10,1348.0,1542.0,1445.0
n8_HC,n8,HC,tai20_15_09.F.15_01,11,1306.0,1552.0,1429.0
n8_HC,n8,HC,tai20_15_09.F.15_01,12,1320.0,1553.0,1436.5
n8_HC,n8,HC,tai20_15_09.F.15_01,13,1344.0,1563.0,1453.5
n8_HC,n8,HC,tai20_15_09.F.15_01,14,1357.0,1557.0,1457.0
n8_HC,n8,HC,tai20_15_09.F.15_01,15,1358.0,1555.0,1456.5
n8_HC,n8,HC,tai20_15_09.F.15_01,16,1313.0,1565.0,1439.0
n8_HC,n8,HC,tai20_15_09.F.15_01,17,1362.0,1573.0,1467.5
n8_HC,n8,HC,tai20_15_09.F.15_01,18,1329.0,1532.0,1430.5
n8_HC,n8,HC,tai20_15_09.F.15_01,19,1306.0,1529.0,1417.5
n8_HC,n8,HC,tai20_15_09.F.15_01,20,1325.0,1541.0,1433.0
n8_HC,n8,HC,tai20_15_09.F.15_01,21,1324.0,1531.0,1427.5
n8_HC,n8,HC,tai20_15_09.F.15_01,22,1337.0,1533.0,1435.0
n8_HC,n8,HC,tai20_15_09.F.15_01,23,1337.0,1568.0,1452.5
n8_HC,n8,HC,tai20_15_09.F.15_01,24,1336.0,1528.0,1432.0
n8_HC,n8,HC,tai20_15_09.F.15_01,25,1309.0,1555.0,1432.0
n8_HC,n8,HC,tai20_15_09.F.15_01,26,1335.0,1550.0,1442.5
n8_HC,n8,HC,tai20_15_09.F.15_01,27,1329.0,1544.0,1436.5
n8_HC,n8,HC,tai20_15_09.F.15_01,28,1300.0,1533.0,1416.5
n8_HC,n8,HC,tai20_15_09.F.15_01,29,1370.0,1577.0,1473.5
n8_HC,n8,HC,tai20_15_09.F.15_01,30,1345.0,1564.0,1454.5
n8_HC,n8,HC,tai20_15_10.F.15_01,1,1321.0,1503.0,1412.0
n8_HC,n8,HC,tai20_15_10.F.15_01,2,1320.0,1526.0,1423.0
n8_HC,n8,HC,tai20_15_10.F.15_01,3,1314.0,1519.0,1416.5
n8_HC,n8,HC,tai20_15_10.F.15_01,4,1337.0,1537.0,1437.0
n8_HC,n8,HC,tai20_15_10.F.15_01,5,1346.0,1549.0,1447.5
n8_HC,n8,HC,tai20_15_10.F.15_01,6,1340.0,1527.0,1433.5
n8_HC,n8,HC,tai20_15_10.F.15_01,7,1314.0,1501.0,1407.5
n8_HC,n8,HC,tai20_15_10.F.15_01,8,1332.0,1540.0,1436.0
n8_HC,n8,HC,tai20_15_10.F.15_01,9,1293.0,1518.0,1405.5
n8_HC,n8,HC,tai20_15_10.F.15_01,10,1290.0,1510.0,1400.0
n8_HC,n8,HC,tai20_15_10.F.15_01,11,1312.0,1515.0,1413.5
n8_HC,n8,HC,tai20_15_10.F.15_01,12,1304.0,1504.0,1404.0
n8_HC,n8,HC,tai20_15_10.F.15_01,13,1301.0,1518.0,1409.5
n8_HC,n8,HC,tai20_15_10.F.15_01,14,1318.0,1513.0,1415.5
n8_HC,n8,HC,tai20_15_10.F.15_01,15,1321.0,1528.0,1424.5
n8_HC,n8,HC,tai20_15_10.F.15_01,16,1335.0,1510.0,1422.5
n8_HC,n8,HC,tai20_15_10.F.15_01,17,1326.0,1548.0,1437.0
n8_HC,n8,HC,tai20_15_10.F.15_01,18,1334.0,1532.0,1433.0
n8_HC,n8,HC,tai20_15_10.F.15_01,19,1349.0,1550.0,1449.5
n8_HC,n8,HC,tai20_15_10.F.15_01,20,1339.0,1540.0,1439.5
n8_HC,n8,HC,tai20_15_10.F.15_01,21,1313.0,1501.0,1407.0
n8_HC,n8,HC,tai20_15_10.F.15_01,22,1325.0,1537.0,1431.0
n8_HC,n8,HC,tai20_15_10.F.15_01,23,1321.0,1536.0,1428.5
n8_HC,n8,HC,tai20_15_10.F.15_01,24,1351.0,1548.0,1449.5
n8_HC,n8,HC,tai20_15_10.F.15_01,25,1309.0,1506.0,1407.5
n8_HC,n8,HC,tai20_15_10.F.15_01,26,1326.0,1520.0,1423.0
n8_HC,n8,HC,tai20_15_10.F.15_01,27,1351.0,1554.0,1452.5
n8_HC,n8,HC,tai20_15_10.F.15_01,28,1304.0,1516.0,1410.0
n8_HC,n8,HC,tai20_15_10.F.15_01,29,1319.0,1523.0,1421.0
n8_HC,n8,HC,tai20_15_10.F.15_01,30,1304.0,1524.0,1414.0
n8_HC,n8,HC,tai20_20_01.F.15_01,1,1610.0,1847.0,1728.5
n8_HC,n8,HC,tai20_20_01.F.15_01,2,1601.0,1835.0,1718.0
n8_HC,n8,HC,tai20_20_01.F.15_01,3,1599.0,1830.0,1714.5
n8_HC,n8,HC,tai20_20_01.F.15_01,4,1622.0,1854.0,1738.0
n8_HC,n8,HC,tai20_20_01.F.15_01,5,1644.0,1891.0,1767.5
n8_HC,n8,HC,tai20_20_01.F.15_01,6,1603.0,1849.0,1726.0
n8_HC,n8,HC,tai20_20_01.F.15_01,7,1603.0,1831.0,1717.0
n8_HC,n8,HC,tai20_20_01.F.15_01,8,1588.0,1837.0,1712.5
n8_HC,n8,HC,tai20_20_01.F.15_01,9,1616.0,1852.0,1734.0
n8_HC,n8,HC,tai20_20_01.F.15_01,10,1611.0,1858.0,1734.5
n8_HC,n8,HC,tai20_20_01.F.15_01,11,1607.0,1837.0,1722.0
n8_HC,n8,HC,tai20_20_01.F.15_01,12,1620.0,1847.0,1733.5
n8_HC,n8,HC,tai20_20_01.F.15_01,13,1625.0,1847.0,1736.0
n8_HC,n8,HC,tai20_20_01.F.15_01,14,1613.0,1836.0,1724.5
n8_HC,n8,HC,tai20_20_01.F.15_01,15,1621.0,1877.0,1749.0
n8_HC,n8,HC,tai20_20_01.F.15_01,16,1603.0,1873.0,1738.0
n8_HC,n8,HC,tai20_20_01.F.15_01,17,1638.0,1881.0,1759.5
n8_HC,n8,HC,tai20_20_01.F.15_01,18,1637.0,1877.0,1757.0
n8_HC,n8,HC,tai20_20_01.F.15_01,19,1615.0,1867.0,1741.0
n8_HC,n8,HC,tai20_20_01.F.15_01,20,1621.0,1823.0,1722.0
n8_HC,n8,HC,tai20_20_01.F.15_01,21,1633.0,1882.0,1757.5
n8_HC,n8,HC,tai20_20_01.F.15_01,22,1646.0,1857.0,1751.5
n8_HC,n8,HC,tai20_20_01.F.15_01,23,1601.0,1856.0,1728.5
n8_HC,n8,HC,tai20_20_01.F.15_01,24,1644.0,1854.0,1749.0
n8_HC,n8,HC,tai20_20_01.F.15_01,25,1616.0,1866.0,1741.0
n8_HC,n8,HC,tai20_20_01.F.15_01,26,1598.0,1840.0,1719.0
n8_HC,n8,HC,tai20_20_01.F.15_01,27,1635.0,1855.0,1745.0
n8_HC,n8,HC,tai20_20_01.F.15_01,28,1611.0,1861.0,1736.0
n8_HC,n8,HC,tai20_20_01.F.15_01,29,1630.0,1877.0,1753.5
n8_HC,n8,HC,tai20_20_01.F.15_01,30,1589.0,1828.0,1708.5
n8_HC,n8,HC,tai20_20_02.F.15_01,1,1562.0,1805.0,1683.5
n8_HC,n8,HC,tai20_20_02.F.15_01,2,1542.0,1812.0,1677.0
n8_HC,n8,HC,tai20_20_02.F.15_01,3,1578.0,1818.0,1698.0
n8_HC,n8,HC,tai20_20_02.F.15_01,4,1594.0,1794.0,1694.0
n8_HC,n8,HC,tai20_20_02.F.15_01,5,1569.0,1793.0,1681.0
n8_HC,n8,HC,tai20_20_02.F.15_01,6,1592.0,1825.0,1708.5
n8_HC,n8,HC,tai20_20_02.F.15_01,7,1552.0,1779.0,1665.5
n8_HC,n8,HC,tai20_20_02.F.15_01,8,1603.0,1828.0,1715.5
n8_HC,n8,HC,tai20_20_02.F.15_01,9,1585.0,1838.0,1711.5
n8_HC,n8,HC,tai20_20_02.F.15_01,10,1569.0,1796.0,1682.5
n8_HC,n8,HC,tai20_20_02.F.15_01,11,1566.0,1819.0,1692.5
n8_HC,n8,HC,tai20_20_02.F.15_01,12,1558.0,1801.0,1679.5
n8_HC,n8,HC,tai20_20_02.F.15_01,13,1571.0,1859.0,1715.0
n8_HC,n8,HC,tai20_20_02.F.15_01,14,1587.0,1819.0,1703.0
n8_HC,n8,HC,tai20_20_02.F.15_01,15,1607.0,1857.0,1732.0
n8_HC,n8,HC,tai20_20_02.F.15_01,16,1573.0,1805.0,1689.0
n8_HC,n8,HC,tai20_20_02.F.15_01,17,1575.0,1828.0,1701.5
n8_HC,n8,HC,tai20_20_02.F.15_01,18,1585.0,1784.0,1684.5
n8_HC,n8,HC,tai20_20_02.F.15_01,19,1556.0,1788.0,1672.0
n8_HC,n8,HC,tai20_20_02.F.15_01,20,1580.0,1800.0,1690.0
n8_HC,n8,HC,tai20_20_02.F.15_01,21,1592.0,1797.0,1694.5
n8_HC,n8,HC,tai20_20_02.F.15_01,22,1562.0,1786.0,1674.0
n8_HC,n8,HC,tai20_20_02.F.15_01,23,1604.0,1827.0,1715.5
n8_HC,n8,HC,tai20_20_02.F.15_01,24,1555.0,1808.0,1681.5
n8_HC,n8,HC,tai20_20_02.F.15_01,25,1539.0,1809.0,1674.0
n8_HC,n8,HC,tai20_20_02.F.15_01,26,1632.0,1815.0,1723.5
n8_HC,n8,HC,tai20_20_02.F.15_01,27,1571.0,1798.0,1684.5
n8_HC,n8,HC,tai20_20_02.F.15_01,28,1556.0,1803.0,1679.5
n8_HC,n8,HC,tai20_20_02.F.15_01,29,1573.0,1792.0,1682.5
n8_HC,n8,HC,tai20_20_02.F.15_01,30,1579.0,1805.0,1692.0
n8_HC,n8,HC,tai20_20_03.F.15_01,1,1583.0,1759.0,1671.0
n8_HC,n8,HC,tai20_20_03.F.15_01,2,1588.0,1763.0,1675.5
n8_HC,n8,HC,tai20_20_03.F.15_01,3,1555.0,1743.0,1649.0
n8_HC,n8,HC,tai20_20_03.F.15_01,4,1581.0,1754.0,1667.5
n8_HC,n8,HC,tai20_20_03.F.15_01,5,1562.0,1736.0,1649.0
n8_HC,n8,HC,tai20_20_03.F.15_01,6,1567.0,1750.0,1658.5
n8_HC,n8,HC,tai20_20_03.F.15_01,7,1570.0,1755.0,1662.5
n8_HC,n8,HC,tai20_20_03.F.15_01,8,1584.0,1755.0,1669.5
n8_HC,n8,HC,tai20_20_03.F.15_01,9,1570.0,1755.0,1662.5
n8_HC,n8,HC,tai20_20_03.F.15_01,10,1584.0,1758.0,1671.0
n8_HC,n8,HC,tai20_20_03.F.15_01,11,1584.0,1759.0,1671.5
n8_HC,n8,HC,tai20_20_03.F.15_01,12,1579.0,1743.0,1661.0
n8_HC,n8,HC,tai20_20_03.F.15_01,13,1565.0,1767.0,1666.0
n8_HC,n8,HC,tai20_20_03.F.15_01,14,1561.0,1762.0,1661.5
n8_HC,n8,HC,tai20_20_03.F.15_01,15,1582.0,1752.0,1667.0
n8_HC,n8,HC,tai20_20_03.F.15_01,16,1542.0,1737.0,1639.5
n8_HC,n8,HC,tai20_20_03.F.15_01,17,1553.0,1729.0,1641.0
n8_HC,n8,HC,tai20_20_03.F.15_01,18,1596.0,1753.0,1674.5
n8_HC,n8,HC,tai20_20_03.F.15_01,19,1538.0,1710.0,1624.0
n8_HC,n8,HC,tai20_20_03.F.15_01,20,1536.0,1718.0,1627.0
n8_HC,n8,HC,tai20_20_03.F.15_01,21,1535.0,1729.0,1632.0
n8_HC,n8,HC,tai20_20_03.F.15_01,22,1519.0,1730.0,1624.5
n8_HC,n8,HC,tai20_20_03.F.15_01,23,1565.0,1753.0,1659.0
n8_HC,n8,HC,tai20_20_03.F.15_01,24,1545.0,1744.0,1644.5
n8_HC,n8,HC,tai20_20_03.F.15_01,25,1547.0,1726.0,1636.5
n8_HC,n8,HC,tai20_20_03.F.15_01,26,1550.0,1744.0,1647.0
n8_HC,n8,HC,tai20_20_03.F.15_01,27,1601.0,1745.0,1673.0
n8_HC,n8,HC,tai20_20_03.F.15_01,28,1583.0,1773.0,1678.0
n8_HC,n8,HC,tai20_20_03.F.15_01,29,1549.0,1762.0,1655.5
n8_HC,n8,HC,tai20_20_03.F.15_01,30,1547.0,1741.0,1644.0
n8_HC,n8,HC,tai20_20_04.F.15_01,1,1602.0,1842.0,1722.0
n8_HC,n8,HC,tai20_20_04.F.15_01,2,1621.0,1871.0,1746.0
n8_HC,n8,HC,tai20_20_04.F.15_01,3,1607.0,1842.0,1724.5
n8_HC,n8,HC,tai20_20_04.F.15_01,4,1599.0,1828.0,1713.5
n8_HC,n8,HC,tai20_20_04.F.15_01,5,1568.0,1814.0,1691.0
n8_HC,n8,HC,tai20_20_04.F.15_01,6,1633.0,1848.0,1740.5
n8_HC,n8,HC,tai20_20_04.F.15_01,7,1618.0,1857.0,1737.5
n8_HC,n8,HC,tai20_20_04.F.15_01,8,1600.0,1864.0,1732.0
n8_HC,n8,HC,tai20_20_04.F.15_01,9,1620.0,1846.0,1733.0
n8_HC,n8,HC,tai20_20_04.F.15_01,10,1613.0,1822.0,1717.5
n8_HC,n8,HC,tai20_20_04.F.15_01,11,1636.0,1874.0,1755.0
n8_HC,n8,HC,tai20_20_04.F.15_01,12,1617.0,1861.0,1739.0
n8_HC,n8,HC,tai20_20_04.F.15_01,13,1610.0,1840.0,1725.0
n8_HC,n8,HC,tai20_20_04.F.15_01,14,1599.0,1828.0,1713.5
n8_HC,n8,HC,tai20_20_04.F.15_01,15,1583.0,1823.0,1703.0
n8_HC,n8,HC,tai20_20_04.F.15_01,16,1645.0,1892.0,1768.5
n8_HC,n8,HC,tai20_20_04.F.15_01,17,1594.0,1842.0,1718.0
n8_HC,n8,HC,tai20_20_04.F.15_01,18,1591.0,1805.0,1698.0
n8_HC,n8,HC,tai20_20_04.F.15_01,19,1609.0,1828.0,1718.5
n8_HC,n8,HC,tai20_20_04.F.15_01,20,1632.0,1817.0,1724.5
n8_HC,n8,HC,tai20_20_04.F.15_01,21,1574.0,1825.0,1699.5
n8_HC,n8,HC,tai20_20_04.F.15_01,22,1622.0,1864.0,1743.0
n8_HC,n8,HC,tai20_20_04.F.15_01,23,1621.0,1864.0,1742.5
n8_HC,n8,HC,tai20_20_04.F.15_01,24,1605.0,1828.0,1716.5
n8_HC,n8,HC,tai20_20_04.F.15_01,25,1594.0,1842.0,1718.0
n8_HC,n8,HC,tai20_20_04.F.15_01,26,1619.0,1828.0,1723.5
n8_HC,n8,HC,tai20_20_04.F.15_01,27,1600.0,1864.0,1732.0
n8_HC,n8,HC,tai20_20_04.F.15_01,28,1612.0,1828.0,1720.0
n8_HC,n8,HC,tai20_20_04.F.15_01,29,1619.0,1845.0,1732.0
n8_HC,n8,HC,tai20_20_04.F.15_01,30,1623.0,1842.0,1732.5
n8_HC,n8,HC,tai20_20_05.F.15_01,1,1609.0,1807.0,1708.0
n8_HC,n8,HC,tai20_20_05.F.15_01,2,1587.0,1778.0,1682.5
n8_HC,n8,HC,tai20_20_05.F.15_01,3,1563.0,1804.0,1683.5
n8_HC,n8,HC,tai20_20_05.F.15_01,4,1582.0,1786.0,1684.0
n8_HC,n8,HC,tai20_20_05.F.15_01,5,1550.0,1792.0,1671.0
n8_HC,n8,HC,tai20_20_05.F.15_01,6,1626.0,1810.0,1718.0
n8_HC,n8,HC,tai20_20_05.F.15_01,7,1614.0,1817.0,1715.5
n8_HC,n8,HC,tai20_20_05.F.15_01,8,1611.0,1794.0,1702.5
n8_HC,n8,HC,tai20_20_05.F.15_01,9,1602.0,1824.0,1713.0
n8_HC,n8,HC,tai20_20_05.F.15_01,10,1633.0,1833.0,1733.0
n8_HC,n8,HC,tai20_20_05.F.15_01,11,1621.0,1805.0,1713.0
n8_HC,n8,HC,tai20_20_05.F.15_01,12,1595.0,1793.0,1694.0
n8_HC,n8,HC,tai20_20_05.F.15_01,13,1597.0,1810.0,1703.5
n8_HC,n8,HC,tai20_20_05.F.15_01,14,1613.0,1825.0,1719.0
n8_HC,n8,HC,tai20_20_05.F.15_01,15,1546.0,1745.0,1645.5
n8_HC,n8,HC,tai20_20_05.F.15_01,16,1605.0,1807.0,1706.0
n8_HC,n8,HC,tai20_20_05.F.15_01,17,1609.0,1779.0,1694.0
n8_HC,n8,HC,tai20_20_05.F.15_01,18,1610.0,1808.0,1709.0
n8_HC,n8,HC,tai20_20_05.F.15_01,19,1586.0,1797.0,1691.5
n8_HC,n8,HC,tai20_20_05.F.15_01,20,1571.0,1794.0,1682.5
n8_HC,n8,HC,tai20_20_05.F.15_01,21,1568.0,1791.0,1679.5
n8_HC,n8,HC,tai20_20_05.F.15_01,22,1634.0,1833.0,1733.5
n8_HC,n8,HC,tai20_20_05.F.15_01,23,1607.0,1825.0,1716.0
n8_HC,n8,HC,tai20_20_05.F.15_01,24,1587.0,1775.0,1681.0
n8_HC,n8,HC,tai20_20_05.F.15_01,25,1562.0,1794.0,1678.0
n8_HC,n8,HC,tai20_20_05.F.15_01,26,1592.0,1792.0,1692.0
n8_HC,n8,HC,tai20_20_05.F.15_01,27,1613.0,1789.0,1701.0
n8_HC,n8,HC,tai20_20_05.F.15_01,28,1583.0,1777.0,1680.0
n8_HC,n8,HC,tai20_20_05.F.15_01,29,1631.0,1808.0,1719.5
n8_HC,n8,HC,tai20_20_05.F.15_01,30,1563.0,1791.0,1677.0
n8_HC,n8,HC,tai20_20_06.F.15_01,1,1665.0,1864.0,1764.5
n8_HC,n8,HC,tai20_20_06.F.15_01,2,1636.0,1838.0,1737.0
n8_HC,n8,HC,tai20_20_06.F.15_01,3,1682.0,1871.0,1776.5
n8_HC,n8,HC,tai20_20_06.F.15_01,4,1668.0,1873.0,1770.5
n8_HC,n8,HC,tai20_20_06.F.15_01,5,1648.0,1843.0,1745.5
n8_HC,n8,HC,tai20_20_06.F.15_01,6,1640.0,1838.0,1739.0
n8_HC,n8,HC,tai20_20_06.F.15_01,7,1646.0,1842.0,1744.0
n8_HC,n8,HC,tai20_20_06.F.15_01,8,1661.0,1864.0,1762.5
n8_HC,n8,HC,tai20_20_06.F.15_01,9,1665.0,1862.0,1763.5
n8_HC,n8,HC,tai20_20_06.F.15_01,10,1645.0,1850.0,1747.5
n8_HC,n8,HC,tai20_20_06.F.15_01,11,1647.0,1840.0,1743.5
n8_HC,n8,HC,tai20_20_06.F.15_01,12,1648.0,1868.0,1758.0
n8_HC,n8,HC,tai20_20_06.F.15_01,13,1668.0,1860.0,1764.0
n8_HC,n8,HC,tai20_20_06.F.15_01,14,1649.0,1845.0,1747.0
n8_HC,n8,HC,tai20_20_06.F.15_01,15,1645.0,1835.0,1740.0
n8_HC,n8,HC,tai20_20_06.F.15_01,16,1686.0,1866.0,1776.0
n8_HC,n8,HC,tai20_20_06.F.15_01,17,1673.0,1856.0,1764.5
n8_HC,n8,HC,tai20_20_06.F.15_01,18,1638.0,1843.0,1740.5
n8_HC,n8,HC,tai20_20_06.F.15_01,19,1673.0,1883.0,1778.0
n8_HC,n8,HC,tai20_20_06.F.15_01,20,1688.0,1848.0,1768.0
n8_HC,n8,HC,tai20_20_06.F.15_01,21,1650.0,1856.0,1753.0
n8_HC,n8,HC,tai20_20_06.F.15_01,22,1663.0,1852.0,1757.5
n8_HC,n8,HC,tai20_20_06.F.15_01,23,1676.0,1868.0,1772.0
n8_HC,n8,HC,tai20_20_06.F.15_01,24,1662.0,1850.0,1756.0
n8_HC,n8,HC,tai20_20_06.F.15_01,25,1698.0,1856.0,1777.0
n8_HC,n8,HC,tai20_20_06.F.15_01,26,1681.0,1878.0,1779.5
n8_HC,n8,HC,tai20_20_06.F.15_01,27,1653.0,1867.0,1760.0
n8_HC,n8,HC,tai20_20_06.F.15_01,28,1627.0,1840.0,1733.5
n8_HC,n8,HC,tai20_20_06.F.15_01,29,1663.0,1871.0,1767.0
n8_HC,n8,HC,tai20_20_06.F.15_01,30,1657.0,1845.0,1751.0
n8_HC,n8,HC,tai20_20_07.F.15_01,1,1700.0,1899.0,1799.5
n8_HC,n8,HC,tai20_20_07.F.15_01,2,1659.0,1873.0,1766.0
n8_HC,n8,HC,tai20_20_07.F.15_01,3,1708.0,1919.0,1813.5
n8_HC,n8,HC,tai20_20_07.F.15_01,4,1681.0,1905.0,1793.0
n8_HC,n8,HC,tai20_20_07.F.15_01,5,1686.0,1897.0,1791.5
n8_HC,n8,HC,tai20_20_07.F.15_01,6,1699.0,1896.0,1797.5
n8_HC,n8,HC,tai20_20_07.F.15_01,7,1689.0,1880.0,1784.5
n8_HC,n8,HC,tai20_20_07.F.15_01,8,1667.0,1885.0,1776.0
n8_HC,n8,HC,tai20_20_07.F.15_01,9,1674.0,1886.0,1780.0
n8_HC,n8,HC,tai20_20_07.F.15_01,10,1690.0,1868.0,1779.0
n8_HC,n8,HC,tai20_20_07.F.15_01,11,1688.0,1893.0,1790.5
n8_HC,n8,HC,tai20_20_07.F.15_01,12,1653.0,1882.0,1767.5
n8_HC,n8,HC,tai20_20_07.F.15_01,13,1693.0,1894.0,1793.5
n8_HC,n8,HC,tai20_20_07.F.15_01,14,1700.0,1899.0,1799.5
n8_HC,n8,HC,tai20_20_07.F.15_01,15,1661.0,1893.0,1777.0
n8_HC,n8,HC,tai20_20_07.F.15_01,16,1691.0,1894.0,1792.5
n8_HC,n8,HC,tai20_20_07.F.15_01,17,1698.0,1902.0,1800.0
n8_HC,n8,HC,tai20_20_07.F.15_01,18,1673.0,1884.0,1778.5
n8_HC,n8,HC,tai20_20_07.F.15_01,19,1690.0,1881.0,1785.5
n8_HC,n8,HC,tai20_20_07.F.15_01,20,1694.0,1867.0,1780.5
n8_HC,n8,HC,tai20_20_07.F.15_01,21,1685.0,1897.0,1791.0
n8_HC,n8,HC,tai20_20_07.F.15_01,22,1690.0,1868.0,1779.0
n8_HC,n8,HC,tai20_20_07.F.15_01,23,1693.0,1888.0,1790.5
n8_HC,n8,HC,tai20_20_07.F.15_01,24,1678.0,1896.0,1787.0
n8_HC,n8,HC,tai20_20_07.F.15_01,25,1660.0,1852.0,1756.0
n8_HC,n8,HC,tai20_20_07.F.15_01,26,1669.0,1877.0,1773.0
n8_HC,n8,HC,tai20_20_07.F.15_01,27,1648.0,1868.0,1758.0
n8_HC,n8,HC,tai20_20_07.F.15_01,28,1708.0,1925.0,1816.5
n8_HC,n8,HC,tai20_20_07.F.15_01,29,1669.0,1866.0,1767.5
n8_HC,n8,HC,tai20_20_07.F.15_01,30,1706.0,1890.0,1798.0
n8_HC,n8,HC,tai20_20_08.F.15_01,1,1555.0,1791.0,1673.0
n8_HC,n8,HC,tai20_20_08.F.15_01,2,1621.0,1808.0,1714.5
n8_HC,n8,HC,tai20_20_08.F.15_01,3,1597.0,1812.0,1704.5
n8_HC,n8,HC,tai20_20_08.F.15_01,4,1602.0,1813.0,1707.5
n8_HC,n8,HC,tai20_20_08.F.15_01,5,1567.0,1783.0,1675.0
n8_HC,n8,HC,tai20_20_08.F.15_01,6,1628.0,1813.0,1720.5
n8_HC,n8,HC,tai20_20_08.F.15_01,7,1569.0,1808.0,1688.5
n8_HC,n8,HC,tai20_20_08.F.15_01,8,1590.0,1777.0,1683.5
n8_HC,n8,HC,tai20_20_08.F.15_01,9,1590.0,1800.0,1695.0
n8_HC,n8,HC,tai20_20_08.F.15_01,10,1584.0,1799.0,1691.5
n8_HC,n8,HC,tai20_20_08.F.15_01,11,1596.0,1797.0,1696.5
n8_HC,n8,HC,tai20_20_08.F.15_01,12,1574.0,1771.0,1672.5
n8_HC,n8,HC,tai20_20_08.F.15_01,13,1598.0,1779.0,1688.5
n8_HC,n8,HC,tai20_20_08.F.15_01,14,1564.0,1770.0,1667.0
n8_HC,n8,HC,tai20_20_08.F.15_01,15,1572.0,1779.0,1675.5
n8_HC,n8,HC,tai20_20_08.F.15_01,16,1580.0,1782.0,1681.0
n8_HC,n8,HC,tai20_20_08.F.15_01,17,1552.0,1765.0,1658.5
n8_HC,n8,HC,tai20_20_08.F.15_01,18,1589.0,1795.0,1692.0
n8_HC,n8,HC,tai20_20_08.F.15_01,19,1584.0,1784.0,1684.0
n8_HC,n8,HC,tai20_20_08.F.15_01,20,1594.0,1772.0,1683.0
n8_HC,n8,HC,tai20_20_08.F.15_01,21,1602.0,1792.0,1697.0
n8_HC,n8,HC,tai20_20_08.F.15_01,22,1589.0,1806.0,1697.5
n8_HC,n8,HC,tai20_20_08.F.15_01,23,1561.0,1762.0,1661.5
n8_HC,n8,HC,tai20_20_08.F.15_01,24,1578.0,1773.0,1675.5
n8_HC,n8,HC,tai20_20_08.F.15_01,25,1639.0,1810.0,1724.5
n8_HC,n8,HC,tai20_20_08.F.15_01,26,1582.0,1794.0,1688.0
n8_HC,n8,HC,tai20_20_08.F.15_01,27,1562.0,1791.0,1676.5
n8_HC,n8,HC,tai20_20_08.F.15_01,28,1569.0,1768.0,1668.5
n8_HC,n8,HC,tai20_20_08.F.15_01,29,1594.0,1808.0,1701.0
n8_HC,n8,HC,tai20_20_08.F.15_01,30,1583.0,1788.0,1685.5
n8_HC,n8,HC,tai20_20_09.F.15_01,1,1596.0,1816.0,1706.0
n8_HC,n8,HC,tai20_20_09.F.15_01,2,1608.0,1801.0,1704.5
n8_HC,n8,HC,tai20_20_09.F.15_01,3,1573.0,1788.0,1680.5
n8_HC,n8,HC,tai20_20_09.F.15_01,4,1588.0,1820.0,1704.0
n8_HC,n8,HC,tai20_20_09.F.15_01,5,1588.0,1786.0,1687.0
n8_HC,n8,HC,tai20_20_09.F.15_01,6,1586.0,1784.0,1685.0
n8_HC,n8,HC,tai20_20_09.F.15_01,7,1585.0,1794.0,1689.5
n8_HC,n8,HC,tai20_20_09.F.15_01,8,1604.0,1825.0,1714.5
n8_HC,n8,HC,tai20_20_09.F.15_01,9,1603.0,1816.0,1709.5
n8_HC,n8,HC,tai20_20_09.F.15_01,10,1581.0,1781.0,1681.0
n8_HC,n8,HC,tai20_20_09.F.15_01,11,1617.0,1806.0,1711.5
n8_HC,n8,HC,tai20_20_09.F.15_01,12,1579.0,1806.0,1692.5
n8_HC,n8,HC,tai20_20_09.F.15_01,13,1609.0,1826.0,1717.5
n8_HC,n8,HC,tai20_20_09.F.15_01,14,1615.0,1828.0,1721.5
n8_HC,n8,HC,tai20_20_09.F.15_01,15,1566.0,1782.0,1674.0
n8_HC,n8,HC,tai20_20_09.F.15_01,16,1585.0,1762.0,1673.5
n8_HC,n8,HC,tai20_20_09.F.15_01,17,1626.0,1792.0,1709.0
n8_HC,n8,HC,tai20_20_09.F.15_01,18,1630.0,1790.0,1710.0
n8_HC,n8,HC,tai20_20_09.F.15_01,19,1607.0,1808.0,1707.5
n8_HC,n8,HC,tai20_20_09.F.15_01,20,1587.0,1777.0,1682.0
n8_HC,n8,HC,tai20_20_09.F.15_01,21,1590.0,1792.0,1691.0
n8_HC,n8,HC,tai20_20_09.F.15_01,22,1601.0,1793.0,1697.0
n8_HC,n8,HC,tai20_20_09.F.15_01,23,1588.0,1785.0,1686.5
n8_HC,n8,HC,tai20_20_09.F.15_01,24,1613.0,1810.0,1711.5
n8_HC,n8,HC,tai20_20_09.F.15_01,25,1602.0,1788.0,1695.0
n8_HC,n8,HC,tai20_20_09.F.15_01,26,1631.0,1841.0,1736.0
n8_HC,n8,HC,tai20_20_09.F.15_01,27,1601.0,1809.0,1705.0
n8_HC,n8,HC,tai20_20_09.F.15_01,28,1552.0,1781.0,1666.5
n8_HC,n8,HC,tai20_20_09.F.15_01,29,1605.0,1797.0,1701.0
n8_HC,n8,HC,tai20_20_09.F.15_01,30,1574.0,1783.0,1678.5
n8_HC,n8,HC,tai20_20_10.F.15_01,1,1572.0,1745.0,1658.5
n8_HC,n8,HC,tai20_20_10.F.15_01,2,1585.0,1747.0,1666.0
n8_HC,n8,HC,tai20_20_10.F.15_01,3,1589.0,1798.0,1693.5
n8_HC,n8,HC,tai20_20_10.F.15_01,4,1591.0,1797.0,1694.0
n8_HC,n8,HC,tai20_20_10.F.15_01,5,1563.0,1747.0,1655.0
n8_HC,n8,HC,tai20_20_10.F.15_01,6,1594.0,1801.0,1697.5
n8_HC,n8,HC,tai20_20_10.F.15_01,7,1571.0,1787.0,1679.0
n8_HC,n8,HC,tai20_20_10.F.15_01,8,1544.0,1763.0,1653.5
n8_HC,n8,HC,tai20_20_10.F.15_01,9,1558.0,1782.0,1670.0
n8_HC,n8,HC,tai20_20_10.F.15_01,10,1593.0,1812.0,1702.5
n8_HC,n8,HC,tai20_20_10.F.15_01,11,1595.0,1784.0,1689.5
n8_HC,n8,HC,tai20_20_10.F.15_01,12,1599.0,1760.0,1679.5
n8_HC,n8,HC,tai20_20_10.F.15_01,13,1563.0,1751.0,1657.0
n8_HC,n8,HC,tai20_20_10.F.15_01,14,1578.0,1797.0,1687.5
n8_HC,n8,HC,tai20_20_10.F.15_01,15,1558.0,1749.0,1653.5
n8_HC,n8,HC,tai20_20_10.F.15_01,16,1584.0,1769.0,1676.5
n8_HC,n8,HC,tai20_20_10.F.15_01,17,1579.0,1756.0,1667.5
n8_HC,n8,HC,tai20_20_10.F.15_01,18,1611.0,1797.0,1704.0
n8_HC,n8,HC,tai20_20_10.F.15_01,19,1579.0,1786.0,1682.5
n8_HC,n8,HC,tai20_20_10.F.15_01,20,1576.0,1790.0,1683.0
n8_HC,n8,HC,tai20_20_10.F.15_01,21,1555.0,1773.0,1664.0
n8_HC,n8,HC,tai20_20_10.F.15_01,22,1609.0,1785.0,1697.0
n8_HC,n8,HC,tai20_20_10.F.15_01,23,1565.0,1781.0,1673.0
n8_HC,n8,HC,tai20_20_10.F.15_01,24,1597.0,1787.0,1692.0
n8_HC,n8,HC,tai20_20_10.F.15_01,25,1569.0,1777.0,1673.0
n8_HC,n8,HC,tai20_20_10.F.15_01,26,1590.0,1786.0,1688.0
n8_HC,n8,HC,tai20_20_10.F.15_01,27,1574.0,1766.0,1670.0
n8_HC,n8,HC,tai20_20_10.F.15_01,28,1548.0,1759.0,1653.5
n8_HC,n8,HC,tai20_20_10.F.15_01,29,1544.0,1777.0,1660.5
n8_HC,n8,HC,tai20_20_10.F.15_01,30,1601.0,1798.0,1699.5
n8_HC,n8,HC,tai30_15_01.F.15_01,1,1723.0,1969.0,1846.0
n8_HC,n8,HC,tai30_15_01.F.15_01,2,1767.0,1985.0,1876.0
n8_HC,n8,HC,tai30_15_01.F.15_01,3,1762.0,2020.0,1891.0
n8_HC,n8,HC,tai30_15_01.F.15_01,4,1722.0,1978.0,1850.0
n8_HC,n8,HC,tai30_15_01.F.15_01,5,1748.0,1988.0,1868.0
n8_HC,n8,HC,tai30_15_01.F.15_01,6,1726.0,1960.0,1843.0
n8_HC,n8,HC,tai30_15_01.F.15_01,7,1723.0,1967.0,1845.0
n8_HC,n8,HC,tai30_15_01.F.15_01,8,1768.0,1995.0,1881.5
n8_HC,n8,HC,tai30_15_01.F.15_01,9,1760.0,1974.0,1867.0
n8_HC,n8,HC,tai30_15_01.F.15_01,10,1706.0,1936.0,1821.0
n8_HC,n8,HC,tai30_15_01.F.15_01,11,1726.0,1967.0,1846.5
n8_HC,n8,HC,tai30_15_01.F.15_01,12,1739.0,1959.0,1849.0
n8_HC,n8,HC,tai30_15_01.F.15_01,13,1778.0,2008.0,1893.0
n8_HC,n8,HC,tai30_15_01.F.15_01,14,1706.0,1948.0,1827.0
n8_HC,n8,HC,tai30_15_01.F.15_01,15,1741.0,1988.0,1864.5
n8_HC,n8,HC,tai30_15_01.F.15_01,16,1773.0,2013.0,1893.0
n8_HC,n8,HC,tai30_15_01.F.15_01,17,1735.0,1966.0,1850.5
n8_HC,n8,HC,tai30_15_01.F.15_01,18,1753.0,2002.0,1877.5
n8_HC,n8,HC,tai30_15_01.F.15_01,19,1745.0,1967.0,1856.0
n8_HC,n8,HC,tai30_15_01.F.15_01,20,1717.0,1960.0,1838.5
n8_HC,n8,HC,tai30_15_01.F.15_01,21,1727.0,1960.0,1843.5
n8_HC,n8,HC,tai30_15_01.F.15_01,22,1778.0,2023.0,1900.5
n8_HC,n8,HC,tai30_15_01.F.15_01,23,1791.0,2027.0,1909.0
n8_HC,n8,HC,tai30_15_01.F.15_01,24,1755.0,1990.0,1872.5
n8_HC,n8,HC,tai30_15_01.F.15_01,25,1769.0,2001.0,1885.0
n8_HC,n8,HC,tai30_15_01.F.15_01,26,1713.0,1943.0,1828.0
n8_HC,n8,HC,tai30_15_01.F.15_01,27,1783.0,2031.0,1907.0
n8_HC,n8,HC,tai30_15_01.F.15_01,28,1773.0,2000.0,1886.5
n8_HC,n8,HC,tai30_15_01.F.15_01,29,1706.0,1933.0,1819.5
n8_HC,n8,HC,tai30_15_01.F.15_01,30,1722.0,1965.0,1843.5
n8_HC,n8,HC,tai30_15_02.F.15_01,1,1776.0,2080.0,1928.0
n8_HC,n8,HC,tai30_15_02.F.15_01,2,1803.0,2103.0,1953.0
n8_HC,n8,HC,tai30_15_02.F.15_01,3,1812.0,2102.0,1957.0
n8_HC,n8,HC,tai30_15_02.F.15_01,4,1846.0,2147.0,1996.5
n8_HC,n8,HC,tai30_15_02.F.15_01,5,1821.0,2103.0,1962.0
n8_HC,n8,HC,tai30_15_02.F.15_01,6,1801.0,2084.0,1942.5
n8_HC,n8,HC,tai30_15_02.F.15_01,7,1825.0,2145.0,1985.0
n8_HC,n8,HC,tai30_15_02.F.15_01,8,1861.0,2166.0,2013.5
n8_HC,n8,HC,tai30_15_02.F.15_01,9,1775.0,2066.0,1920.5
n8_HC,n8,HC,tai30_15_02.F.15_01,10,1765.0,2055.0,1910.0
n8_HC,n8,HC,tai30_15_02.F.15_01,11,1807.0,2093.0,1950.0
n8_HC,n8,HC,tai30_15_02.F.15_01,12,1814.0,2133.0,1973.5
n8_HC,n8,HC,tai30_15_02.F.15_01,13,1786.0,2095.0,1940.5
n8_HC,n8,HC,tai30_15_02.F.15_01,14,1780.0,2087.0,1933.5
n8_HC,n8,HC,tai30_15_02.F.15_01,15,1786.0,2062.0,1924.0
n8_HC,n8,HC,tai30_15_02.F.15_01,16,1758.0,2075.0,1916.5
n8_HC,n8,HC,tai30_15_02.F.15_01,17,1796.0,2102.0,1949.0
n8_HC,n8,HC,tai30_15_02.F.15_01,18,1794.0,2086.0,1940.0
n8_HC,n8,HC,tai30_15_02.F.15_01,19,1794.0,2085.0,1939.5
n8_HC,n8,HC,tai30_15_02.F.15_01,20,1799.0,2085.0,1942.0
n8_HC,n8,HC,tai30_15_02.F.15_01,21,1766.0,2064.0,1915.0
n8_HC,n8,HC,tai30_15_02.F.15_01,22,1760.0,2050.0,1905.0
n8_HC,n8,HC,tai30_15_02.F.15_01,23,1768.0,2064.0,1916.0
n8_HC,n8,HC,tai30_15_02.F.15_01,24,1797.0,2097.0,1947.0
n8_HC,n8,HC,tai30_15_02.F.15_01,25,1808.0,2112.0,1960.0
n8_HC,n8,HC,tai30_15_02.F.15_01,26,1849.0,2116.0,1982.5
n8_HC,n8,HC,tai30_15_02.F.15_01,27,1782.0,2056.0,1919.0
n8_HC,n8,HC,tai30_15_02.F.15_01,28,1801.0,2111.0,1956.0
n8_HC,n8,HC,tai30_15_02.F.15_01,29,1792.0,2098.0,1945.0
n8_HC,n8,HC,tai30_15_02.F.15_01,30,1772.0,2062.0,1917.0
n8_HC,n8,HC,tai30_15_03.F.15_01,1,1786.0,2045.0,1915.5
n8_HC,n8,HC,tai30_15_03.F.15_01,2,1774.0,2049.0,1911.5
n8_HC,n8,HC,tai30_15_03.F.15_01,3,1811.0,2067.0,1939.0
n8_HC,n8,HC,tai30_15_03.F.15_01,4,1781.0,2026.0,1903.5
n8_HC,n8,HC,tai30_15_03.F.15_01,5,1767.0,2039.0,1903.0
n8_HC,n8,HC,tai30_15_03.F.15_01,6,1770.0,2038.0,1904.0
n8_HC,n8,HC,tai30_15_03.F.15_01,7,1877.0,2145.0,2011.0
n8_HC,n8,HC,tai30_15_03.F.15_01,8,1775.0,2057.0,1916.0
n8_HC,n8,HC,tai30_15_03.F.15_01,9,1761.0,2058.0,1909.5
n8_HC,n8,HC,tai30_15_03.F.15_01,10,1826.0,2082.0,1954.0
n8_HC,n8,HC,tai30_15_03.F.15_01,11,1830.0,2085.0,1957.5
n8_HC,n8,HC,tai30_15_03.F.15_01,12,1802.0,2059.0,1930.5
n8_HC,n8,HC,tai30_15_03.F.15_01,13,1800.0,2084.0,1942.0
n8_HC,n8,HC,tai30_15_03.F.15_01,14,1772.0,2054.0,1913.0
n8_HC,n8,HC,tai30_15_03.F.15_01,15,1760.0,2025.0,1892.5
n8_HC,n8,HC,tai30_15_03.F.15_01,16,1792.0,2056.0,1924.0
n8_HC,n8,HC,tai30_15_03.F.15_01,17,1786.0,2045.0,1915.5
n8_HC,n8,HC,tai30_15_03.F.15_01,18,1756.0,2030.0,1893.0
n8_HC,n8,HC,tai30_15_03.F.15_01,19,1773.0,2047.0,1910.0
n8_HC,n8,HC,tai30_15_03.F.15_01,20,1808.0,2098.0,1953.0
n8_HC,n8,HC,tai30_15_03.F.15_01,21,1785.0,2056.0,1920.5
n8_HC,n8,HC,tai30_15_03.F.15_01,22,1781.0,2029.0,1905.0
n8_HC,n8,HC,tai30_15_03.F.15_01,23,1814.0,2081.0,1947.5
n8_HC,n8,HC,tai30_15_03.F.15_01,24,1778.0,2039.0,1908.5
n8_HC,n8,HC,tai30_15_03.F.15_01,25,1797.0,2071.0,1934.0
n8_HC,n8,HC,tai30_15_03.F.15_01,26,1769.0,2081.0,1925.0
n8_HC,n8,HC,tai30_15_03.F.15_01,27,1773.0,2070.0,1921.5
n8_HC,n8,HC,tai30_15_03.F.15_01,28,1781.0,2043.0,1912.0
n8_HC,n8,HC,tai30_15_03.F.15_01,29,1804.0,2070.0,1937.0
n8_HC,n8,HC,tai30_15_03.F.15_01,30,1799.0,2059.0,1929.0
n8_HC,n8,HC,tai30_15_04.F.15_01,1,1813.0,2065.0,1939.0
n8_HC,n8,HC,tai30_15_04.F.15_01,2,1833.0,2081.0,1957.0
n8_HC,n8,HC,tai30_15_04.F.15_01,3,1833.0,2095.0,1964.0
n8_HC,n8,HC,tai30_15_04.F.15_01,4,1809.0,2083.0,1946.0
n8_HC,n8,HC,tai30_15_04.F.15_01,5,1813.0,2081.0,1947.0
n8_HC,n8,HC,tai30_15_04.F.15_01,6,1880.0,2116.0,1998.0
n8_HC,n8,HC,tai30_15_04.F.15_01,7,1821.0,2083.0,1952.0
n8_HC,n8,HC,tai30_15_04.F.15_01,8,1813.0,2064.0,1938.5
n8_HC,n8,HC,tai30_15_04.F.15_01,9,1820.0,2067.0,1943.5
n8_HC,n8,HC,tai30_15_04.F.15_01,10,1872.0,2100.0,1986.0
n8_HC,n8,HC,tai30_15_04.F.15_01,11,1845.0,2097.0,1971.0
n8_HC,n8,HC,tai30_15_04.F.15_01,12,1821.0,2083.0,1952.0
n8_HC,n8,HC,tai30_15_04.F.15_01,13,1821.0,2083.0,1952.0
n8_HC,n8,HC,tai30_15_04.F.15_01,14,1810.0,2077.0,1943.5
n8_HC,n8,HC,tai30_15_04.F.15_01,15,1831.0,2083.0,1957.0
n8_HC,n8,HC,tai30_15_04.F.15_01,16,1802.0,2065.0,1933.5
n8_HC,n8,HC,tai30_15_04.F.15_01,17,1843.0,2086.0,1964.5
n8_HC,n8,HC,tai30_15_04.F.15_01,18,1811.0,2080.0,1945.5
n8_HC,n8,HC,tai30_15_04.F.15_01,19,1863.0,2095.0,1979.0
n8_HC,n8,HC,tai30_15_04.F.15_01,20,1803.0,2081.0,1942.0
n8_HC,n8,HC,tai30_15_04.F.15_01,21,1866.0,2123.0,1994.5
n8_HC,n8,HC,tai30_15_04.F.15_01,22,1813.0,2083.0,1948.0
n8_HC,n8,HC,tai30_15_04.F.15_01,23,1813.0,2083.0,1948.0
n8_HC,n8,HC,tai30_15_04.F.15_01,24,1858.0,2090.0,1974.0
n8_HC,n8,HC,tai30_15_04.F.15_01,25,1815.0,2081.0,1948.0
n8_HC,n8,HC,tai30_15_04.F.15_01,26,1823.0,2089.0,1956.0
n8_HC,n8,HC,tai30_15_04.F.15_01,27,1826.0,2083.0,1954.5
n8_HC,n8,HC,tai30_15_04.F.15_01,28,1838.0,2081.0,1959.5
n8_HC,n8,HC,tai30_15_04.F.15_01,29,1844.0,2074.0,1959.0
n8_HC,n8,HC,tai30_15_04.F.15_01,30,1848.0,2115.0,1981.5
n8_HC,n8,HC,tai30_15_05.F.15_01,1,1883.0,2208.0,2045.5
n8_HC,n8,HC,tai30_15_05.F.15_01,2,1934.0,2218.0,2076.0
n8_HC,n8,HC,tai30_15_05.F.15_01,3,1904.0,2213.0,2058.5
n8_HC,n8,HC,tai30_15_05.F.15_01,4,1879.0,2199.0,2039.0
n8_HC,n8,HC,tai30_15_05.F.15_01,5,1881.0,2203.0,2042.0
n8_HC,n8,HC,tai30_15_05.F.15_01,6,1858.0,2186.0,2022.0
n8_HC,n8,HC,tai30_15_05.F.15_01,7,1895.0,2207.0,2051.0
n8_HC,n8,HC,tai30_15_05.F.15_01,8,1889.0,2195.0,2042.0
n8_HC,n8,HC,tai30_15_05.F.15_01,9,1883.0,2213.0,2048.0
n8_HC,n8,HC,tai30_15_05.F.15_01,10,1871.0,2195.0,2033.0
n8_HC,n8,HC,tai30_15_05.F.15_01,11,1883.0,2203.0,2043.0
n8_HC,n8,HC,tai30_15_05.F.15_01,12,1867.0,2191.0,2029.0
n8_HC,n8,HC,tai30_15_05.F.15_01,13,1933.0,2229.0,2081.0
n8_HC,n8,HC,tai30_15_05.F.15_01,14,1927.0,2195.0,2061.0
n8_HC,n8,HC,tai30_15_05.F.15_01,15,1878.0,2188.0,2033.0
n8_HC,n8,HC,tai30_15_05.F.15_01,16,1895.0,2199.0,2047.0
n8_HC,n8,HC,tai30_15_05.F.15_01,17,1905.0,2191.0,2048.0
n8_HC,n8,HC,tai30_15_05.F.15_01,18,1856.0,2171.0,2013.5
n8_HC,n8,HC,tai30_15_05.F.15_01,19,1864.0,2167.0,2015.5
n8_HC,n8,HC,tai30_15_05.F.15_01,20,1855.0,2167.0,2011.0
n8_HC,n8,HC,tai30_15_05.F.15_01,21,1895.0,2199.0,2047.0
n8_HC,n8,HC,tai30_15_05.F.15_01,22,1906.0,2196.0,2051.0
n8_HC,n8,HC,tai30_15_05.F.15_01,23,1883.0,2213.0,2048.0
n8_HC,n8,HC,tai30_15_05.F.15_01,24,1863.0,2168.0,2015.5
n8_HC,n8,HC,tai30_15_05.F.15_01,25,1904.0,2192.0,2048.0
n8_HC,n8,HC,tai30_15_05.F.15_01,26,1857.0,2177.0,2017.0
n8_HC,n8,HC,tai30_15_05.F.15_01,27,1906.0,2202.0,2054.0
n8_HC,n8,HC,tai30_15_05.F.15_01,28,1906.0,2196.0,2051.0
n8_HC,n8,HC,tai30_15_05.F.15_01,29,1856.0,2167.0,2011.5
n8_HC,n8,HC,tai30_15_05.F.15_01,30,1867.0,2191.0,2029.0
n8_HC,n8,HC,tai30_15_06.F.15_01,1,1814.0,2071.0,1942.5
n8_HC,n8,HC,tai30_15_06.F.15_01,2,1821.0,2069.0,1945.0
n8_HC,n8,HC,tai30_15_06.F.15_01,3,1780.0,2046.0,1913.0
n8_HC,n8,HC,tai30_15_06.F.15_01,4,1791.0,2081.0,1936.0
n8_HC,n8,HC,tai30_15_06.F.15_01,5,1821.0,2066.0,1943.5
n8_HC,n8,HC,tai30_15_06.F.15_01,6,1785.0,2058.0,1921.5
n8_HC,n8,HC,tai30_15_06.F.15_01,7,1838.0,2096.0,1967.0
n8_HC,n8,HC,tai30_15_06.F.15_01,8,1788.0,2033.0,1910.5
n8_HC,n8,HC,tai30_15_06.F.15_01,9,1794.0,2069.0,1931.5
n8_HC,n8,HC,tai30_15_06.F.15_01,10,1817.0,2086.0,1951.5
n8_HC,n8,HC,tai30_15_06.F.15_01,11,1853.0,2099.0,1976.0
n8_HC,n8,HC,tai30_15_06.F.15_01,12,1805.0,2094.0,1949.5
n8_HC,n8,HC,tai30_15_06.F.15_01,13,1792.0,2054.0,1923.0
n8_HC,n8,HC,tai30_15_06.F.15_01,14,1815.0,2055.0,1935.0
n8_HC,n8,HC,tai30_15_06.F.15_01,15,1786.0,2053.0,1919.5
n8_HC,n8,HC,tai30_15_06.F.15_01,16,1777.0,2016.0,1896.5
n8_HC,n8,HC,tai30_15_06.F.15_01,17,1791.0,2062.0,1926.5
n8_HC,n8,HC,tai30_15_06.F.15_01,18,1755.0,2013.0,1884.0
n8_HC,n8,HC,tai30_15_06.F.15_01,19,1788.0,2050.0,1919.0
n8_HC,n8,HC,tai30_15_06.F.15_01,20,1794.0,2065.0,1929.5
n8_HC,n8,HC,tai30_15_06.F.15_01,21,1776.0,2039.0,1907.5
n8_HC,n8,HC,tai30_15_06.F.15_01,22,1770.0,2028.0,1899.0
n8_HC,n8,HC,tai30_15_06.F.15_01,23,1759.0,2030.0,1894.5
n8_HC,n8,HC,tai30_15_06.F.15_01,24,1791.0,2069.0,1930.0
n8_HC,n8,HC,tai30_15_06.F.15_01,25,1816.0,2072.0,1944.0
n8_HC,n8,HC,tai30_15_06.F.15_01,26,1815.0,2076.0,1945.5
n8_HC,n8,HC,tai30_15_06.F.15_01,27,1806.0,2072.0,1939.0
n8_HC,n8,HC,tai30_15_06.F.15_01,28,1847.0,2115.0,1981.0
n8_HC,n8,HC,tai30_15_06.F.15_01,29,1775.0,2036.0,1905.5
n8_HC,n8,HC,tai30_15_06.F.15_01,30,1805.0,2035.0,1920.0
n8_HC,n8,HC,tai30_15_07.F.15_01,1,1729.0,1977.0,1853.0
n8_HC,n8,HC,tai30_15_07.F.15_01,2,1791.0,2093.0,1942.0
n8_HC,n8,HC,tai30_15_07.F.15_01,3,1735.0,2023.0,1879.0
n8_HC,n8,HC,tai30_15_07.F.15_01,4,1787.0,2055.0,1921.0
n8_HC,n8,HC,tai30_15_07.F.15_01,5,1811.0,2091.0,1951.0
n8_HC,n8,HC,tai30_15_07.F.15_01,6,1734.0,2019.0,1876.5
n8_HC,n8,HC,tai30_15_07.F.15_01,7,1768.0,2027.0,1897.5
n8_HC,n8,HC,tai30_15_07.F.15_01,8,1765.0,2049.0,1907.0
n8_HC,n8,HC,tai30_15_07.F.15_01,9,1732.0,2020.0,1876.0
n8_HC,n8,HC,tai30_15_07.F.15_01,10,1763.0,2022.0,1892.5
n8_HC,n8,HC,tai30_15_07.F.15_01,11,1764.0,2055.0,1909.5
n8_HC,n8,HC,tai30_15_07.F.15_01,12,1717.0,1991.0,1854.0
n8_HC,n8,HC,tai30_15_07.F.15_01,13,1766.0,2078.0,1922.0
n8_HC,n8,HC,tai30_15_07.F.15_01,14,1734.0,1997.0,1865.5
n8_HC,n8,HC,tai30_15_07.F.15_01,15,1773.0,2045.0,1909.0
n8_HC,n8,HC,tai30_15_07.F.15_01,16,1761.0,2034.0,1897.5
n8_HC,n8,HC,tai30_15_07.F.15_01,17,1751.0,2040.0,1895.5
n8_HC,n8,HC,tai30_15_07.F.15_01,18,1788.0,2045.0,1916.5
n8_HC,n8,HC,tai30_15_07.F.15_01,19,1769.0,2058.0,1913.5
n8_HC,n8,HC,tai30_15_07.F.15_01,20,1750.0,2023.0,1886.5
n8_HC,n8,HC,tai30_15_07.F.15_01,21,1765.0,2051.0,1908.0
n8_HC,n8,HC,tai30_15_07.F.15_01,22,1781.0,2054.0,1917.5
n8_HC,n8,HC,tai30_15_07.F.15_01,23,1707.0,1990.0,1848.5
n8_HC,n8,HC,tai30_15_07.F.15_01,24,1743.0,2042.0,1892.5
n8_HC,n8,HC,tai30_15_07.F.15_01,25,1767.0,2045.0,1906.0
n8_HC,n8,HC,tai30_15_07.F.15_01,26,1760.0,2050.0,1905.0
n8_HC,n8,HC,tai30_15_07.F.15_01,27,1782.0,2037.0,1909.5
n8_HC,n8,HC,tai30_15_07.F.15_01,28,1727.0,1992.0,1859.5
n8_HC,n8,HC,tai30_15_07.F.15_01,29,1733.0,2019.0,1876.0
n8_HC,n8,HC,tai30_15_07.F.15_01,30,1727.0,2027.0,1877.0
n8_HC,n8,HC,tai30_15_08.F.15_01,1,1666.0,1929.0,1797.5
n8_HC,n8,HC,tai30_15_08.F.15_01,2,1648.0,1912.0,1780.0
n8_HC,n8,HC,tai30_15_08.F.15_01,3,1669.0,1943.0,1806.0
n8_HC,n8,HC,tai30_15_08.F.15_01,4,1658.0,1938.0,1798.0
n8_HC,n8,HC,tai30_15_08.F.15_01,5,1652.0,1904.0,1778.0
n8_HC,n8,HC,tai30_15_08.F.15_01,6,1676.0,1925.0,1800.5
n8_HC,n8,HC,tai30_15_08.F.15_01,7,1652.0,1887.0,1769.5
n8_HC,n8,HC,tai30_15_08.F.15_01,8,1670.0,1911.0,1790.5
n8_HC,n8,HC,tai30_15_08.F.15_01,9,1642.0,1885.0,1763.5
n8_HC,n8,HC,tai30_15_08.F.15_01,10,1676.0,1889.0,1782.5
n8_HC,n8,HC,tai30_15_08.F.15_01,11,1685.0,1939.0,1812.0
n8_HC,n8,HC,tai30_15_08.F.15_01,12,1672.0,1921.0,1796.5
n8_HC,n8,HC,tai30_15_08.F.15_01,13,1705.0,1930.0,1817.5
n8_HC,n8,HC,tai30_15_08.F.15_01,14,1683.0,1924.0,1803.5
n8_HC,n8,HC,tai30_15_08.F.15_01,15,1678.0,1921.0,1799.5
n8_HC,n8,HC,tai30_15_08.F.15_01,16,1644.0,1915.0,1779.5
n8_HC,n8,HC,tai30_15_08.F.15_01,17,1639.0,1906.0,1772.5
n8_HC,n8,HC,tai30_15_08.F.15_01,18,1669.0,1950.0,1809.5
n8_HC,n8,HC,tai30_15_08.F.15_01,19,1654.0,1898.0,1776.0
n8_HC,n8,HC,tai30_15_08.F.15_01,20,1666.0,1951.0,1808.5
n8_HC,n8,HC,tai30_15_08.F.15_01,21,1658.0,1931.0,1794.5
n8_HC,n8,HC,tai30_15_08.F.15_01,22,1671.0,1931.0,1801.0
n8_HC,n8,HC,tai30_15_08.F.15_01,23,1660.0,1923.0,1791.5
n8_HC,n8,HC,tai30_15_08.F.15_01,24,1657.0,1925.0,1791.0
n8_HC,n8,HC,tai30_15_08.F.15_01,25,1669.0,1937.0,1803.0
n8_HC,n8,HC,tai30_15_08.F.15_01,26,1676.0,1942.0,1809.0
n8_HC,n8,HC,tai30_15_08.F.15_01,27,1705.0,1967.0,1836.0
n8_HC,n8,HC,tai30_15_08.F.15_01,28,1702.0,1934.0,1818.0
n8_HC,n8,HC,tai30_15_08.F.15_01,29,1671.0,1949.0,1810.0
n8_HC,n8,HC,tai30_15_08.F.15_01,30,1660.0,1940.0,1800.0
n8_HC,n8,HC,tai30_15_09.F.15_01,1,1766.0,2002.0,1884.0
n8_HC,n8,HC,tai30_15_09.F.15_01,2,1775.0,2013.0,1894.0
n8_HC,n8,HC,tai30_15_09.F.15_01,3,1757.0,2030.0,1893.5
n8_HC,n8,HC,tai30_15_09.F.15_01,4,1786.0,2028.0,1907.0
n8_HC,n8,HC,tai30_15_09.F.15_01,5,1771.0,2018.0,1894.5
n8_HC,n8,HC,tai30_15_09.F.15_01,6,1800.0,2033.0,1916.5
n8_HC,n8,HC,tai30_15_09.F.15_01,7,1790.0,2034.0,1912.0
n8_HC,n8,HC,tai30_15_09.F.15_01,8,1773.0,2022.0,1897.5
n8_HC,n8,HC,tai30_15_09.F.15_01,9,1755.0,1994.0,1874.5
n8_HC,n8,HC,tai30_15_09.F.15_01,10,1811.0,2032.0,1921.5
n8_HC,n8,HC,tai30_15_09.F.15_01,11,1771.0,2017.0,1894.0
n8_HC,n8,HC,tai30_15_09.F.15_01,12,1776.0,1997.0,1886.5
n8_HC,n8,HC,tai30_15_09.F.15_01,13,1780.0,2037.0,1908.5
n8_HC,n8,HC,tai30_15_09.F.15_01,14,1808.0,2044.0,1926.0
n8_HC,n8,HC,tai30_15_09.F.15_01,15,1792.0,2026.0,1909.0
n8_HC,n8,HC,tai30_15_09.F.15_01,16,1770.0,2003.0,1886.5
n8_HC,n8,HC,tai30_15_09.F.15_01,17,1769.0,2019.0,1894.0
n8_HC,n8,HC,tai30_15_09.F.15_01,18,1751.0,1988.0,1869.5
n8_HC,n8,HC,tai30_15_09.F.15_01,19,1786.0,2032.0,1909.0
n8_HC,n8,HC,tai30_15_09.F.15_01,20,1785.0,2036.0,1910.5
n8_HC,n8,HC,tai30_15_09.F.15_01,21,1757.0,2017.0,1887.0
n8_HC,n8,HC,tai30_15_09.F.15_01,22,1758.0,1996.0,1877.0
n8_HC,n8,HC,tai30_15_09.F.15_01,23,1782.0,2040.0,1911.0
n8_HC,n8,HC,tai30_15_09.F.15_01,24,1817.0,2049.0,1933.0
n8_HC,n8,HC,tai30_15_09.F.15_01,25,1782.0,2010.0,1896.0
n8_HC,n8,HC,tai30_15_09.F.15_01,26,1804.0,2042.0,1923.0
n8_HC,n8,HC,tai30_15_09.F.15_01,27,1794.0,2041.0,1917.5
n8_HC,n8,HC,tai30_15_09.F.15_01,28,1811.0,2063.0,1937.0
n8_HC,n8,HC,tai30_15_09.F.15_01,29,1767.0,2028.0,1897.5
n8_HC,n8,HC,tai30_15_09.F.15_01,30,1802.0,2025.0,1913.5
n8_HC,n8,HC,tai30_15_10.F.15_01,1,1703.0,1932.0,1817.5
n8_HC,n8,HC,tai30_15_10.F.15_01,2,1688.0,1955.0,1821.5
n8_HC,n8,HC,tai30_15_10.F.15_01,3,1696.0,1926.0,1811.0
n8_HC,n8,HC,tai30_15_10.F.15_01,4,1716.0,1940.0,1828.0
n8_HC,n8,HC,tai30_15_10.F.15_01,5,1708.0,1911.0,1809.5
n8_HC,n8,HC,tai30_15_10.F.15_01,6,1726.0,1936.0,1831.0
n8_HC,n8,HC,tai30_15_10.F.15_01,7,1712.0,1953.0,1832.5
n8_HC,n8,HC,tai30_15_10.F.15_01,8,1687.0,1905.0,1796.0
n8_HC,n8,HC,tai30_15_10.F.15_01,9,1698.0,1915.0,1806.5
n8_HC,n8,HC,tai30_15_10.F.15_01,10,1711.0,1921.0,1816.0
n8_HC,n8,HC,tai30_15_10.F.15_01,11,1679.0,1899.0,1789.0
n8_HC,n8,HC,tai30_15_10.F.15_01,12,1691.0,1908.0,1799.5
n8_HC,n8,HC,tai30_15_10.F.15_01,13,1711.0,1950.0,1830.5
n8_HC,n8,HC,tai30_15_10.F.15_01,14,1700.0,1922.0,1811.0
n8_HC,n8,HC,tai30_15_10.F.15_01,15,1692.0,1926.0,1809.0
n8_HC,n8,HC,tai30_15_10.F.15_01,16,1713.0,1925.0,1819.0
n8_HC,n8,HC,tai30_15_10.F.15_01,17,1732.0,1958.0,1845.0
n8_HC,n8,HC,tai30_15_10.F.15_01,18,1710.0,1938.0,1824.0
n8_HC,n8,HC,tai30_15_10.F.15_01,19,1697.0,1910.0,1803.5
n8_HC,n8,HC,tai30_15_10.F.15_01,20,1689.0,1920.0,1804.5
n8_HC,n8,HC,tai30_15_10.F.15_01,21,1713.0,1926.0,1819.5
n8_HC,n8,HC,tai30_15_10.F.15_01,22,1662.0,1898.0,1780.0
n8_HC,n8,HC,tai30_15_10.F.15_01,23,1688.0,1912.0,1800.0
n8_HC,n8,HC,tai30_15_10.F.15_01,24,1696.0,1901.0,1798.5
n8_HC,n8,HC,tai30_15_10.F.15_01,25,1720.0,1952.0,1836.0
n8_HC,n8,HC,tai30_15_10.F.15_01,26,1710.0,1924.0,1817.0
n8_HC,n8,HC,tai30_15_10.F.15_01,27,1720.0,1961.0,1840.5
n8_HC,n8,HC,tai30_15_10.F.15_01,28,1674.0,1903.0,1788.5
n8_HC,n8,HC,tai30_15_10.F.15_01,29,1705.0,1937.0,1821.0
n8_HC,n8,HC,tai30_15_10.F.15_01,30,1696.0,1922.0,1809.0
n8_HC,n8,HC,tai30_20_01.F.15_01,1,2122.0,2429.0,2275.5
n8_HC,n8,HC,tai30_20_01.F.15_01,2,2050.0,2315.0,2182.5
n8_HC,n8,HC,tai30_20_01.F.15_01,3,2068.0,2347.0,2207.5
n8_HC,n8,HC,tai30_20_01.F.15_01,4,2101.0,2383.0,2242.0
n8_HC,n8,HC,tai30_20_01.F.15_01,5,2101.0,2389.0,2245.0
n8_HC,n8,HC,tai30_20_01.F.15_01,6,2107.0,2414.0,2260.5
n8_HC,n8,HC,tai30_20_01.F.15_01,7,2116.0,2403.0,2259.5
n8_HC,n8,HC,tai30_20_01.F.15_01,8,2082.0,2370.0,2226.0
n8_HC,n8,HC,tai30_20_01.F.15_01,9,2043.0,2301.0,2172.0
n8_HC,n8,HC,tai30_20_01.F.15_01,10,2099.0,2393.0,2246.0
n8_HC,n8,HC,tai30_20_01.F.15_01,11,2071.0,2382.0,2226.5
n8_HC,n8,HC,tai30_20_01.F.15_01,12,2030.0,2308.0,2169.0
n8_HC,n8,HC,tai30_20_01.F.15_01,13,2113.0,2383.0,2248.0
n8_HC,n8,HC,tai30_20_01.F.15_01,14,2107.0,2413.0,2260.0
n8_HC,n8,HC,tai30_20_01.F.15_01,15,2071.0,2360.0,2215.5
n8_HC,n8,HC,tai30_20_01.F.15_01,16,2062.0,2347.0,2204.5
n8_HC,n8,HC,tai30_20_01.F.15_01,17,2053.0,2334.0,2193.5
n8_HC,n8,HC,tai30_20_01.F.15_01,18,2059.0,2344.0,2201.5
n8_HC,n8,HC,tai30_20_01.F.15_01,19,2104.0,2382.0,2243.0
n8_HC,n8,HC,tai30_20_01.F.15_01,20,2090.0,2352.0,2221.0
n8_HC,n8,HC,tai30_20_01.F.15_01,21,2036.0,2319.0,2177.5
n8_HC,n8,HC,tai30_20_01.F.15_01,22,2120.0,2392.0,2256.0
n8_HC,n8,HC,tai30_20_01.F.15_01,23,2044.0,2338.0,2191.0
n8_HC,n8,HC,tai30_20_01.F.15_01,24,2061.0,2344.0,2202.5
n8_HC,n8,HC,tai30_20_01.F.15_01,25,2099.0,2421.0,2260.0
n8_HC,n8,HC,tai30_20_01.F.15_01,26,2104.0,2389.0,2246.5
n8_HC,n8,HC,tai30_20_01.F.15_01,27,2078.0,2369.0,2223.5
n8_HC,n8,HC,tai30_20_01.F.15_01,28,2047.0,2310.0,2178.5
n8_HC,n8,HC,tai30_20_01.F.15_01,29,2105.0,2413.0,2259.0
n8_HC,n8,HC,tai30_20_01.F.15_01,30,2144.0,2430.0,2287.0
n8_HC,n8,HC,tai30_20_02.F.15_01,1,1933.0,2259.0,2096.0
n8_HC,n8,HC,tai30_20_02.F.15_01,2,1998.0,2293.0,2145.5
n8_HC,n8,HC,tai30_20_02.F.15_01,3,1988.0,2315.0,2151.5
n8_HC,n8,HC,tai30_20_02.F.15_01,4,1946.0,2251.0,2098.5
n8_HC,n8,HC,tai30_20_02.F.15_01,5,1971.0,2289.0,2130.0
n8_HC,n8,HC,tai30_20_02.F.15_01,6,1953.0,2264.0,2108.5
n8_HC,n8,HC,tai30_20_02.F.15_01,7,1979.0,2260.0,2119.5
n8_HC,n8,HC,tai30_20_02.F.15_01,8,1957.0,2243.0,2100.0
n8_HC,n8,HC,tai30_20_02.F.15_01,9,1938.0,2259.0,2098.5
n8_HC,n8,HC,tai30_20_02.F.15_01,10,1973.0,2267.0,2120.0
n8_HC,n8,HC,tai30_20_02.F.15_01,11,1967.0,2274.0,2120.5
n8_HC,n8,HC,tai30_20_02.F.15_01,12,1994.0,2280.0,2137.0
n8_HC,n8,HC,tai30_20_02.F.15_01,13,2030.0,2335.0,2182.5
n8_HC,n8,HC,tai30_20_02.F.15_01,14,1983.0,2311.0,2147.0
n8_HC,n8,HC,tai30_20_02.F.15_01,15,1952.0,2269.0,2110.5
n8_HC,n8,HC,tai30_20_02.F.15_01,16,1955.0,2253.0,2104.0
n8_HC,n8,HC,tai30_20_02.F.15_01,17,1993.0,2311.0,2152.0
n8_HC,n8,HC,tai30_20_02.F.15_01,18,2003.0,2322.0,2162.5
n8_HC,n8,HC,tai30_20_02.F.15_01,19,1976.0,2294.0,2135.0
n8_HC,n8,HC,tai30_20_02.F.15_01,20,1984.0,2320.0,2152.0
n8_HC,n8,HC,tai30_20_02.F.15_01,21,1964.0,2262.0,2113.0
n8_HC,n8,HC,tai30_20_02.F.15_01,22,1962.0,2259.0,2110.5
n8_HC,n8,HC,tai30_20_02.F.15_01,23,1960.0,2269.0,2114.5
n8_HC,n8,HC,tai30_20_02.F.15_01,24,1947.0,2234.0,2090.5
n8_HC,n8,HC,tai30_20_02.F.15_01,25,1961.0,2227.0,2094.0
n8_HC,n8,HC,tai30_20_02.F.15_01,26,1963.0,2287.0,2125.0
n8_HC,n8,HC,tai30_20_02.F.15_01,27,1991.0,2302.0,2146.5
n8_HC,n8,HC,tai30_20_02.F.15_01,28,2020.0,2293.0,2156.5
n8_HC,n8,HC,tai30_20_02.F.15_01,29,1955.0,2244.0,2099.5
n8_HC,n8,HC,tai30_20_02.F.15_01,30,1993.0,2251.0,2122.0
n8_HC,n8,HC,tai30_20_03.F.15_01,1,1942.0,2218.0,2080.0
n8_HC,n8,HC,tai30_20_03.F.15_01,2,1958.0,2194.0,2076.0
n8_HC,n8,HC,tai30_20_03.F.15_01,3,1896.0,2193.0,2044.5
n8_HC,n8,HC,tai30_20_03.F.15_01,4,1905.0,2143.0,2024.0
n8_HC,n8,HC,tai30_20_03.F.15_01,5,1878.0,2133.0,2005.5
n8_HC,n8,HC,tai30_20_03.F.15_01,6,1924.0,2184.0,2054.0
n8_HC,n8,HC,tai30_20_03.F.15_01,7,1911.0,2195.0,2053.0
n8_HC,n8,HC,tai30_20_03.F.15_01,8,1945.0,2221.0,2083.0
n8_HC,n8,HC,tai30_20_03.F.15_01,9,1943.0,2190.0,2066.5
n8_HC,n8,HC,tai30_20_03.F.15_01,10,1941.0,2213.0,2077.0
n8_HC,n8,HC,tai30_20_03.F.15_01,11,1909.0,2176.0,2042.5
n8_HC,n8,HC,tai30_20_03.F.15_01,12,1890.0,2170.0,2030.0
n8_HC,n8,HC,tai30_20_03.F.15_01,13,1909.0,2190.0,2049.5
n8_HC,n8,HC,tai30_20_03.F.15_01,14,1881.0,2153.0,2017.0
n8_HC,n8,HC,tai30_20_03.F.15_01,15,1892.0,2142.0,2017.0
n8_HC,n8,HC,tai30_20_03.F.15_01,16,1928.0,2210.0,2069.0
n8_HC,n8,HC,tai30_20_03.F.15_01,17,1899.0,2157.0,2028.0
n8_HC,n8,HC,tai30_20_03.F.15_01,18,1936.0,2215.0,2075.5
n8_HC,n8,HC,tai30_20_03.F.15_01,19,1950.0,2189.0,2069.5
n8_HC,n8,HC,tai30_20_03.F.15_01,20,1925.0,2189.0,2057.0
n8_HC,n8,HC,tai30_20_03.F.15_01,21,1918.0,2172.0,2045.0
n8_HC,n8,HC,tai30_20_03.F.15_01,22,1917.0,2204.0,2060.5
n8_HC,n8,HC,tai30_20_03.F.15_01,23,1959.0,2225.0,2092.0
n8_HC,n8,HC,tai30_20_03.F.15_01,24,1921.0,2197.0,2059.0
n8_HC,n8,HC,tai30_20_03.F.15_01,25,1927.0,2182.0,2054.5
n8_HC,n8,HC,tai30_20_03.F.15_01,26,1917.0,2175.0,2046.0
n8_HC,n8,HC,tai30_20_03.F.15_01,27,1905.0,2176.0,2040.5
n8_HC,n8,HC,tai30_20_03.F.15_01,28,1931.0,2192.0,2061.5
n8_HC,n8,HC,tai30_20_03.F.15_01,29,1931.0,2197.0,2064.0
n8_HC,n8,HC,tai30_20_03.F.15_01,30,1872.0,2183.0,2027.5
n8_HC,n8,HC,tai30_20_04.F.15_01,1,2092.0,2318.0,2205.0
n8_HC,n8,HC,tai30_20_04.F.15_01,2,2056.0,2322.0,2189.0
n8_HC,n8,HC,tai30_20_04.F.15_01,3,2020.0,2315.0,2167.5
n8_HC,n8,HC,tai30_20_04.F.15_01,4,2081.0,2318.0,2199.5
n8_HC,n8,HC,tai30_20_04.F.15_01,5,2034.0,2283.0,2158.5
n8_HC,n8,HC,tai30_20_04.F.15_01,6,2091.0,2309.0,2200.0
n8_HC,n8,HC,tai30_20_04.F.15_01,7,2078.0,2324.0,2201.0
n8_HC,n8,HC,tai30_20_04.F.15_01,8,2070.0,2326.0,2198.0
n8_HC,n8,HC,tai30_20_04.F.15_01,9,2050.0,2307.0,2178.5
n8_HC,n8,HC,tai30_20_04.F.15_01,10,2081.0,2315.0,2198.0
n8_HC,n8,HC,tai30_20_04.F.15_01,11,2071.0,2357.0,2214.0
n8_HC,n8,HC,tai30_20_04.F.15_01,12,2028.0,2275.0,2151.5
n8_HC,n8,HC,tai30_20_04.F.15_01,13,2069.0,2327.0,2198.0
n8_HC,n8,HC,tai30_20_04.F.15_01,14,2021.0,2286.0,2153.5
n8_HC,n8,HC,tai30_20_04.F.15_01,15,2082.0,2362.0,2222.0
n8_HC,n8,HC,tai30_20_04.F.15_01,16,2088.0,2352.0,2220.0
n8_HC,n8,HC,tai30_20_04.F.15_01,17,2005.0,2280.0,2142.5
n8_HC,n8,HC,tai30_20_04.F.15_01,18,2014.0,2287.0,2150.5
n8_HC,n8,HC,tai30_20_04.F.15_01,19,2039.0,2275.0,2157.0
n8_HC,n8,HC,tai30_20_04.F.15_01,20,2021.0,2290.0,2155.5
n8_HC,n8,HC,tai30_20_04.F.15_01,21,2061.0,2358.0,2209.5
n8_HC,n8,HC,tai30_20_04.F.15_01,22,2085.0,2329.0,2207.0
n8_HC,n8,HC,tai30_20_04.F.15_01,23,2053.0,2300.0,2176.5
n8_HC,n8,HC,tai30_20_04.F.15_01,24,2060.0,2306.0,2183.0
n8_HC,n8,HC,tai30_20_04.F.15_01,25,2017.0,2278.0,2147.5
n8_HC,n8,HC,tai30_20_04.F.15_01,26,2018.0,2269.0,2143.5
n8_HC,n8,HC,tai30_20_04.F.15_01,27,2063.0,2333.0,2198.0
n8_HC,n8,HC,tai30_20_04.F.15_01,28,2022.0,2288.0,2155.0
n8_HC,n8,HC,tai30_20_04.F.15_01,29,2013.0,2268.0,2140.5
n8_HC,n8,HC,tai30_20_04.F.15_01,30,2029.0,2300.0,2164.5
n8_HC,n8,HC,tai30_20_05.F.15_01,1,2000.0,2229.0,2114.5
n8_HC,n8,HC,tai30_20_05.F.15_01,2,2049.0,2294.0,2171.5
n8_HC,n8,HC,tai30_20_05.F.15_01,3,2027.0,2229.0,2128.0
n8_HC,n8,HC,tai30_20_05.F.15_01,4,1997.0,2241.0,2119.0
n8_HC,n8,HC,tai30_20_05.F.15_01,5,1981.0,2244.0,2112.5
n8_HC,n8,HC,tai30_20_05.F.15_01,6,2058.0,2273.0,2165.5
n8_HC,n8,HC,tai30_20_05.F.15_01,7,2006.0,2259.0,2132.5
n8_HC,n8,HC,tai30_20_05.F.15_01,8,2003.0,2250.0,2126.5
n8_HC,n8,HC,tai30_20_05.F.15_01,9,2050.0,2295.0,2172.5
n8_HC,n8,HC,tai30_20_05.F.15_01,10,1992.0,2224.0,2108.0
n8_HC,n8,HC,tai30_20_05.F.15_01,11,2021.0,2273.0,2147.0
n8_HC,n8,HC,tai30_20_05.F.15_01,12,2006.0,2260.0,2133.0
n8_HC,n8,HC,tai30_20_05.F.15_01,13,2019.0,2285.0,2152.0
n8_HC,n8,HC,tai30_20_05.F.15_01,14,2084.0,2284.0,2184.0
n8_HC,n8,HC,tai30_20_05.F.15_01,15,1984.0,2236.0,2110.0
n8_HC,n8,HC,tai30_20_05.F.15_01,16,1980.0,2238.0,2109.0
n8_HC,n8,HC,tai30_20_05.F.15_01,17,2025.0,2232.0,2128.5
n8_HC,n8,HC,tai30_20_05.F.15_01,18,2000.0,2245.0,2122.5
n8_HC,n8,HC,tai30_20_05.F.15_01,19,1996.0,2283.0,2139.5
n8_HC,n8,HC,tai30_20_05.F.15_01,20,1965.0,2202.0,2083.5
n8_HC,n8,HC,tai30_20_05.F.15_01,21,1991.0,2241.0,2116.0
n8_HC,n8,HC,tai30_20_05.F.15_01,22,2036.0,2293.0,2164.5
n8_HC,n8,HC,tai30_20_05.F.15_01,23,2016.0,2261.0,2138.5
n8_HC,n8,HC,tai30_20_05.F.15_01,24,2023.0,2255.0,2139.0
n8_HC,n8,HC,tai30_20_05.F.15_01,25,2042.0,2270.0,2156.0
n8_HC,n8,HC,tai30_20_05.F.15_01,26,1985.0,2241.0,2113.0
n8_HC,n8,HC,tai30_20_05.F.15_01,27,2013.0,2236.0,2124.5
n8_HC,n8,HC,tai30_20_05.F.15_01,28,2059.0,2261.0,2160.0
n8_HC,n8,HC,tai30_20_05.F.15_01,29,2064.0,2280.0,2172.0
n8_HC,n8,HC,tai30_20_05.F.15_01,30,1970.0,2219.0,2094.5
n8_HC,n8,HC,tai30_20_06.F.15_01,1,2079.0,2371.0,2225.0
n8_HC,n8,HC,tai30_20_06.F.15_01,2,2071.0,2345.0,2208.0
n8_HC,n8,HC,tai30_20_06.F.15_01,3,2060.0,2325.0,2192.5
n8_HC,n8,HC,tai30_20_06.F.15_01,4,2067.0,2345.0,2206.0
n8_HC,n8,HC,tai30_20_06.F.15_01,5,2026.0,2317.0,2171.5
n8_HC,n8,HC,tai30_20_06.F.15_01,6,2071.0,2343.0,2207.0
n8_HC,n8,HC,tai30_20_06.F.15_01,7,2083.0,2385.0,2234.0
n8_HC,n8,HC,tai30_20_06.F.15_01,8,2021.0,2322.0,2171.5
n8_HC,n8,HC,tai30_20_06.F.15_01,9,2076.0,2356.0,2216.0
n8_HC,n8,HC,tai30_20_06.F.15_01,10,2067.0,2381.0,2224.0
n8_HC,n8,HC,tai30_20_06.F.15_01,11,2032.0,2335.0,2183.5
n8_HC,n8,HC,tai30_20_06.F.15_01,12,2119.0,2401.0,2260.0
n8_HC,n8,HC,tai30_20_06.F.15_01,13,2060.0,2309.0,2184.5
n8_HC,n8,HC,tai30_20_06.F.15_01,14,2015.0,2333.0,2174.0
n8_HC,n8,HC,tai30_20_06.F.15_01,15,2050.0,2320.0,2185.0
n8_HC,n8,HC,tai30_20_06.F.15_01,16,2076.0,2375.0,2225.5
n8_HC,n8,HC,tai30_20_06.F.15_01,17,2049.0,2327.0,2188.0
n8_HC,n8,HC,tai30_20_06.F.15_01,18,2103.0,2382.0,2242.5
n8_HC,n8,HC,tai30_20_06.F.15_01,19,2025.0,2297.0,2161.0
n8_HC,n8,HC,tai30_20_06.F.15_01,20,2056.0,2347.0,2201.5
n8_HC,n8,HC,tai30_20_06.F.15_01,21,2016.0,2302.0,2159.0
n8_HC,n8,HC,tai30_20_06.F.15_01,22,2078.0,2335.0,2206.5
n8_HC,n8,HC,tai30_20_06.F.15_01,23,2042.0,2330.0,2186.0
n8_HC,n8,HC,tai30_20_06.F.15_01,24,2070.0,2344.0,2207.0
n8_HC,n8,HC,tai30_20_06.F.15_01,25,2081.0,2379.0,2230.0
n8_HC,n8,HC,tai30_20_06.F.15_01,26,2086.0,2365.0,2225.5
n8_HC,n8,HC,tai30_20_06.F.15_01,27,2048.0,2347.0,2197.5
n8_HC,n8,HC,tai30_20_06.F.15_01,28,2068.0,2359.0,2213.5
n8_HC,n8,HC,tai30_20_06.F.15_01,29,2108.0,2404.0,2256.0
n8_HC,n8,HC,tai30_20_06.F.15_01,30,2055.0,2345.0,2200.0
n8_HC,n8,HC,tai30_20_07.F.15_01,1,1971.0,2280.0,2125.5
n8_HC,n8,HC,tai30_20_07.F.15_01,2,1957.0,2225.0,2091.0
n8_HC,n8,HC,tai30_20_07.F.15_01,3,1973.0,2226.0,2099.5
n8_HC,n8,HC,tai30_20_07.F.15_01,4,1953.0,2247.0,2100.0
n8_HC,n8,HC,tai30_20_07.F.15_01,5,1997.0,2248.0,2122.5
n8_HC,n8,HC,tai30_20_07.F.15_01,6,1946.0,2218.0,2082.0
n8_HC,n8,HC,tai30_20_07.F.15_01,7,1950.0,2193.0,2071.5
n8_HC,n8,HC,tai30_20_07.F.15_01,8,1940.0,2200.0,2070.0
n8_HC,n8,HC,tai30_20_07.F.15_01,9,1930.0,2235.0,2082.5
n8_HC,n8,HC,tai30_20_07.F.15_01,10,1933.0,2212.0,2072.5
n8_HC,n8,HC,tai30_20_07.F.15_01,11,1955.0,2253.0,2104.0
n8_HC,n8,HC,tai30_20_07.F.15_01,12,1989.0,2221.0,2105.0
n8_HC,n8,HC,tai30_20_07.F.15_01,13,1966.0,2227.0,2096.5
n8_HC,n8,HC,tai30_20_07.F.15_01,14,1952.0,2217.0,2084.5
n8_HC,n8,HC,tai30_20_07.F.15_01,15,1960.0,2246.0,2103.0
n8_HC,n8,HC,tai30_20_07.F.15_01,16,1966.0,2266.0,2116.0
n8_HC,n8,HC,tai30_20_07.F.15_01,17,1973.0,2239.0,2106.0
n8_HC,n8,HC,tai30_20_07.F.15_01,18,1979.0,2291.0,2135.0
n8_HC,n8,HC,tai30_20_07.F.15_01,19,2007.0,2254.0,2130.5
n8_HC,n8,HC,tai30_20_07.F.15_01,20,1928.0,2230.0,2079.0
n8_HC,n8,HC,tai30_20_07.F.15_01,21,2016.0,2273.0,2144.5
n8_HC,n8,HC,tai30_20_07.F.15_01,22,1934.0,2195.0,2064.5
n8_HC,n8,HC,tai30_20_07.F.15_01,23,1944.0,2252.0,2098.0
n8_HC,n8,HC,tai30_20_07.F.15_01,24,1970.0,2202.0,2086.0
n8_HC,n8,HC,tai30_20_07.F.15_01,25,1986.0,2242.0,2114.0
n8_HC,n8,HC,tai30_20_07.F.15_01,26,1931.0,2209.0,2070.0
n8_HC,n8,HC,tai30_20_07.F.15_01,27,1975.0,2276.0,2125.5
n8_HC,n8,HC,tai30_20_07.F.15_01,28,2027.0,2299.0,2163.0
n8_HC,n8,HC,tai30_20_07.F.15_01,29,1961.0,2230.0,2095.5
n8_HC,n8,HC,tai30_20_07.F.15_01,30,1932.0,2233.0,2082.5
n8_HC,n8,HC,tai30_20_08.F.15_01,1,1980.0,2293.0,2136.5
n8_HC,n8,HC,tai30_20_08.F.15_01,2,1974.0,2267.0,2120.5
n8_HC,n8,HC,tai30_20_08.F.15_01,3,1953.0,2271.0,2112.0
n8_HC,n8,HC,tai30_20_08.F.15_01,4,1930.0,2224.0,2077.0
n8_HC,n8,HC,tai30_20_08.F.15_01,5,1980.0,2250.0,2115.0
n8_HC,n8,HC,tai30_20_08.F.15_01,6,2001.0,2248.0,2124.5
n8_HC,n8,HC,tai30_20_08.F.15_01,7,1961.0,2252.0,2106.5
n8_HC,n8,HC,tai30_20_08.F.15_01,8,1964.0,2245.0,2104.5
n8_HC,n8,HC,tai30_20_08.F.15_01,9,1933.0,2230.0,2081.5
n8_HC,n8,HC,tai30_20_08.F.15_01,10,1956.0,2268.0,2112.0
n8_HC,n8,HC,tai30_20_08.F.15_01,11,1990.0,2239.0,2114.5
n8_HC,n8,HC,tai30_20_08.F.15_01,12,1938.0,2250.0,2094.0
n8_HC,n8,HC,tai30_20_08.F.15_01,13,1993.0,2239.0,2116.0
n8_HC,n8,HC,tai30_20_08.F.15_01,14,1996.0,2275.0,2135.5
n8_HC,n8,HC,tai30_20_08.F.15_01,15,1953.0,2250.0,2101.5
n8_HC,n8,HC,tai30_20_08.F.15_01,16,1962.0,2222.0,2092.0
n8_HC,n8,HC,tai30_20_08.F.15_01,17,1936.0,2257.0,2096.5
n8_HC,n8,HC,tai30_20_08.F.15_01,18,1993.0,2264.0,2128.5
n8_HC,n8,HC,tai30_20_08.F.15_01,19,1964.0,2275.0,2119.5
n8_HC,n8,HC,tai30_20_08.F.15_01,20,1929.0,2208.0,2068.5
n8_HC,n8,HC,tai30_20_08.F.15_01,21,2030.0,2289.0,2159.5
n8_HC,n8,HC,tai30_20_08.F.15_01,22,1939.0,2185.0,2062.0
n8_HC,n8,HC,tai30_20_08.F.15_01,23,2003.0,2279.0,2141.0
n8_HC,n8,HC,tai30_20_08.F.15_01,24,1963.0,2245.0,2104.0
n8_HC,n8,HC,tai30_20_08.F.15_01,25,1967.0,2303.0,2135.0
n8_HC,n8,HC,tai30_20_08.F.15_01,26,1972.0,2239.0,2105.5
n8_HC,n8,HC,tai30_20_08.F.15_01,27,1985.0,2268.0,2126.5
n8_HC,n8,HC,tai30_20_08.F.15_01,28,1952.0,2204.0,2078.0
n8_HC,n8,HC,tai30_20_08.F.15_01,29,1981.0,2228.0,2104.5
n8_HC,n8,HC,tai30_20_08.F.15_01,30,1936.0,2227.0,2081.5
n8_HC,n8,HC,tai30_20_09.F.15_01,1,2014.0,2284.0,2149.0
n8_HC,n8,HC,tai30_20_09.F.15_01,2,1991.0,2233.0,2112.0
n8_HC,n8,HC,tai30_20_09.F.15_01,3,2020.0,2269.0,2144.5
n8_HC,n8,HC,tai30_20_09.F.15_01,4,2017.0,2256.0,2136.5
n8_HC,n8,HC,tai30_20_09.F.15_01,5,1982.0,2215.0,2098.5
n8_HC,n8,HC,tai30_20_09.F.15_01,6,1955.0,2195.0,2075.0
n8_HC,n8,HC,tai30_20_09.F.15_01,7,1965.0,2232.0,2098.5
n8_HC,n8,HC,tai30_20_09.F.15_01,8,1966.0,2210.0,2088.0
n8_HC,n8,HC,tai30_20_09.F.15_01,9,1987.0,2230.0,2108.5
n8_HC,n8,HC,tai30_20_09.F.15_01,10,1998.0,2266.0,2132.0
n8_HC,n8,HC,tai30_20_09.F.15_01,11,1973.0,2235.0,2104.0
n8_HC,n8,HC,tai30_20_09.F.15_01,12,2009.0,2284.0,2146.5
n8_HC,n8,HC,tai30_20_09.F.15_01,13,1956.0,2225.0,2090.5
n8_HC,n8,HC,tai30_20_09.F.15_01,14,2004.0,2263.0,2133.5
n8_HC,n8,HC,tai30_20_09.F.15_01,15,1969.0,2218.0,2093.5
n8_HC,n8,HC,tai30_20_09.F.15_01,16,1992.0,2243.0,2117.5
n8_HC,n8,HC,tai30_20_09.F.15_01,17,1993.0,2244.0,2118.5
n8_HC,n8,HC,tai30_20_09.F.15_01,18,1967.0,2223.0,2095.0
n8_HC,n8,HC,tai30_20_09.F.15_01,19,1946.0,2221.0,2083.5
n8_HC,n8,HC,tai30_20_09.F.15_01,20,1977.0,2244.0,2110.5
n8_HC,n8,HC,tai30_20_09.F.15_01,21,1967.0,2224.0,2095.5
n8_HC,n8,HC,tai30_20_09.F.15_01,22,2016.0,2255.0,2135.5
n8_HC,n8,HC,tai30_20_09.F.15_01,23,1983.0,2238.0,2110.5
n8_HC,n8,HC,tai30_20_09.F.15_01,24,2021.0,2262.0,2141.5
n8_HC,n8,HC,tai30_20_09.F.15_01,25,1944.0,2205.0,2074.5
n8_HC,n8,HC,tai30_20_09.F.15_01,26,2016.0,2255.0,2135.5
n8_HC,n8,HC,tai30_20_09.F.15_01,27,1972.0,2233.0,2102.5
n8_HC,n8,HC,tai30_20_09.F.15_01,28,2013.0,2301.0,2157.0
n8_HC,n8,HC,tai30_20_09.F.15_01,29,2007.0,2292.0,2149.5
n8_HC,n8,HC,tai30_20_09.F.15_01,30,1959.0,2223.0,2091.0
n8_HC,n8,HC,tai30_20_10.F.15_01,1,2053.0,2315.0,2184.0
n8_HC,n8,HC,tai30_20_10.F.15_01,2,1972.0,2244.0,2108.0
n8_HC,n8,HC,tai30_20_10.F.15_01,3,1991.0,2264.0,2127.5
n8_HC,n8,HC,tai30_20_10.F.15_01,4,1985.0,2251.0,2118.0
n8_HC,n8,HC,tai30_20_10.F.15_01,5,1989.0,2263.0,2126.0
n8_HC,n8,HC,tai30_20_10.F.15_01,6,1929.0,2232.0,2080.5
n8_HC,n8,HC,tai30_20_10.F.15_01,7,1966.0,2244.0,2105.0
n8_HC,n8,HC,tai30_20_10.F.15_01,8,1983.0,2248.0,2115.5
n8_HC,n8,HC,tai30_20_10.F.15_01,9,1996.0,2263.0,2129.5
n8_HC,n8,HC,tai30_20_10.F.15_01,10,1982.0,2253.0,2117.5
n8_HC,n8,HC,tai30_20_10.F.15_01,11,2022.0,2296.0,2159.0
n8_HC,n8,HC,tai30_20_10.F.15_01,12,2009.0,2288.0,2148.5
n8_HC,n8,HC,tai30_20_10.F.15_01,13,1991.0,2254.0,2122.5
n8_HC,n8,HC,tai30_20_10.F.15_01,14,1988.0,2271.0,2129.5
n8_HC,n8,HC,tai30_20_10.F.15_01,15,2018.0,2308.0,2163.0
n8_HC,n8,HC,tai30_20_10.F.15_01,16,2026.0,2320.0,2173.0
n8_HC,n8,HC,tai30_20_10.F.15_01,17,1999.0,2263.0,2131.0
n8_HC,n8,HC,tai30_20_10.F.15_01,18,1987.0,2249.0,2118.0
n8_HC,n8,HC,tai30_20_10.F.15_01,19,1973.0,2259.0,2116.0
n8_HC,n8,HC,tai30_20_10.F.15_01,20,1991.0,2269.0,2130.0
n8_HC,n8,HC,tai30_20_10.F.15_01,21,2042.0,2299.0,2170.5
n8_HC,n8,HC,tai30_20_10.F.15_01,22,1979.0,2287.0,2133.0
n8_HC,n8,HC,tai30_20_10.F.15_01,23,2003.0,2269.0,2136.0
n8_HC,n8,HC,tai30_20_10.F.15_01,24,1983.0,2256.0,2119.5
n8_HC,n8,HC,tai30_20_10.F.15_01,25,2025.0,2298.0,2161.5
n8_HC,n8,HC,tai30_20_10.F.15_01,26,1975.0,2253.0,2114.0
n8_HC,n8,HC,tai30_20_10.F.15_01,27,1990.0,2257.0,2123.5
n8_HC,n8,HC,tai30_20_10.F.15_01,28,1953.0,2223.0,2088.0
n8_HC,n8,HC,tai30_20_10.F.15_01,29,2011.0,2290.0,2150.5
n8_HC,n8,HC,tai30_20_10.F.15_01,30,1958.0,2228.0,2093.0
n8_HC,n8,HC,tai50_15_01.F.15_01,1,2709.0,3127.0,2918.0
n8_HC,n8,HC,tai50_15_01.F.15_01,2,2609.0,3040.0,2824.5
n8_HC,n8,HC,tai50_15_01.F.15_01,3,2695.0,3117.0,2906.0
n8_HC,n8,HC,tai50_15_01.F.15_01,4,2617.0,3010.0,2813.5
n8_HC,n8,HC,tai50_15_01.F.15_01,5,2770.0,3188.0,2979.0
n8_HC,n8,HC,tai50_15_01.F.15_01,6,2731.0,3161.0,2946.0
n8_HC,n8,HC,tai50_15_01.F.15_01,7,2711.0,3128.0,2919.5
n8_HC,n8,HC,tai50_15_01.F.15_01,8,2703.0,3113.0,2908.0
n8_HC,n8,HC,tai50_15_01.F.15_01,9,2603.0,3032.0,2817.5
n8_HC,n8,HC,tai50_15_01.F.15_01,10,2723.0,3144.0,2933.5
n8_HC,n8,HC,tai50_15_01.F.15_01,11,2657.0,3067.0,2862.0
n8_HC,n8,HC,tai50_15_01.F.15_01,12,2714.0,3134.0,2924.0
n8_HC,n8,HC,tai50_15_01.F.15_01,13,2779.0,3189.0,2984.0
n8_HC,n8,HC,tai50_15_01.F.15_01,14,2685.0,3107.0,2896.0
n8_HC,n8,HC,tai50_15_01.F.15_01,15,2703.0,3162.0,2932.5
n8_HC,n8,HC,tai50_15_01.F.15_01,16,2704.0,3116.0,2910.0
n8_HC,n8,HC,tai50_15_01.F.15_01,17,2650.0,3051.0,2850.5
n8_HC,n8,HC,tai50_15_01.F.15_01,18,2728.0,3124.0,2926.0
n8_HC,n8,HC,tai50_15_01.F.15_01,19,2684.0,3138.0,2911.0
n8_HC,n8,HC,tai50_15_01.F.15_01,20,2602.0,3009.0,2805.5
n8_HC,n8,HC,tai50_15_01.F.15_01,21,2682.0,3108.0,2895.0
n8_HC,n8,HC,tai50_15_01.F.15_01,22,2662.0,3084.0,2873.0
n8_HC,n8,HC,tai50_15_01.F.15_01,23,2653.0,3045.0,2849.0
n8_HC,n8,HC,tai50_15_01.F.15_01,24,2643.0,3053.0,2848.0
n8_HC,n8,HC,tai50_15_01.F.15_01,25,2770.0,3188.0,2979.0
n8_HC,n8,HC,tai50_15_01.F.15_01,26,2674.0,3085.0,2879.5
n8_HC,n8,HC,tai50_15_01.F.15_01,27,2575.0,2999.0,2787.0
n8_HC,n8,HC,tai50_15_01.F.15_01,28,2635.0,3037.0,2836.0
n8_HC,n8,HC,tai50_15_01.F.15_01,29,2652.0,3089.0,2870.5
n8_HC,n8,HC,tai50_15_01.F.15_01,30,2625.0,3065.0,2845.0
n8_HC,n8,HC,tai50_15_02.F.15_01,1,2581.0,2968.0,2774.5
n8_HC,n8,HC,tai50_15_02.F.15_01,2,2606.0,2999.0,2802.5
n8_HC,n8,HC,tai50_15_02.F.15_01,3,2614.0,3026.0,2820.0
n8_HC,n8,HC,tai50_15_02.F.15_01,4,2642.0,3035.0,2838.5
n8_HC,n8,HC,tai50_15_02.F.15_01,5,2624.0,3013.0,2818.5
n8_HC,n8,HC,tai50_15_02.F.15_01,6,2601.0,3015.0,2808.0
n8_HC,n8,HC,tai50_15_02.F.15_01,7,2668.0,3003.0,2835.5
n8_HC,n8,HC,tai50_15_02.F.15_01,8,2623.0,2989.0,2806.0
n8_HC,n8,HC,tai50_15_02.F.15_01,9,2642.0,3058.0,2850.0
n8_HC,n8,HC,tai50_15_02.F.15_01,10,2586.0,2971.0,2778.5
n8_HC,n8,HC,tai50_15_02.F.15_01,11,2639.0,3006.0,2822.5
n8_HC,n8,HC,tai50_15_02.F.15_01,12,2733.0,3078.0,2905.5
n8_HC,n8,HC,tai50_15_02.F.15_01,13,2601.0,2979.0,2790.0
n8_HC,n8,HC,tai50_15_02.F.15_01,14,2718.0,3048.0,2883.0
n8_HC,n8,HC,tai50_15_02.F.15_01,15,2690.0,3086.0,2888.0
n8_HC,n8,HC,tai50_15_02.F.15_01,16,2617.0,3029.0,2823.0
n8_HC,n8,HC,tai50_15_02.F.15_01,17,2600.0,2979.0,2789.5
n8_HC,n8,HC,tai50_15_02.F.15_01,18,2588.0,2976.0,2782.0
n8_HC,n8,HC,tai50_15_02.F.15_01,19,2681.0,3055.0,2868.0
n8_HC,n8,HC,tai50_15_02.F.15_01,20,2629.0,3020.0,2824.5
n8_HC,n8,HC,tai50_15_02.F.15_01,21,2612.0,3046.0,2829.0
n8_HC,n8,HC,tai50_15_02.F.15_01,22,2647.0,3020.0,2833.5
n8_HC,n8,HC,tai50_15_02.F.15_01,23,2612.0,2956.0,2784.0
n8_HC,n8,HC,tai50_15_02.F.15_01,24,2581.0,3001.0,2791.0
n8_HC,n8,HC,tai50_15_02.F.15_01,25,2598.0,2980.0,2789.0
n8_HC,n8,HC,tai50_15_02.F.15_01,26,2611.0,3018.0,2814.5
n8_HC,n8,HC,tai50_15_02.F.15_01,27,2609.0,2981.0,2795.0
n8_HC,n8,HC,tai50_15_02.F.15_01,28,2655.0,3013.0,2834.0
n8_HC,n8,HC,tai50_15_02.F.15_01,29,2683.0,3113.0,2898.0
n8_HC,n8,HC,tai50_15_02.F.15_01,30,2599.0,2936.0,2767.5
n8_HC,n8,HC,tai50_15_03.F.15_01,1,2553.0,2950.0,2751.5
n8_HC,n8,HC,tai50_15_03.F.15_01,2,2538.0,2983.0,2760.5
n8_HC,n8,HC,tai50_15_03.F.15_01,3,2531.0,2971.0,2751.0
n8_HC,n8,HC,tai50_15_03.F.15_01,4,2535.0,2951.0,2743.0
n8_HC,n8,HC,tai50_15_03.F.15_01,5,2540.0,2976.0,2758.0
n8_HC,n8,HC,tai50_15_03.F.15_01,6,2550.0,3010.0,2780.0
n8_HC,n8,HC,tai50_15_03.F.15_01,7,2521.0,2920.0,2720.5
n8_HC,n8,HC,tai50_15_03.F.15_01,8,2521.0,2951.0,2736.0
n8_HC,n8,HC,tai50_15_03.F.15_01,9,2559.0,3018.0,2788.5
n8_HC,n8,HC,tai50_15_03.F.15_01,10,2531.0,2966.0,2748.5
n8_HC,n8,HC,tai50_15_03.F.15_01,11,2521.0,2956.0,2738.5
n8_HC,n8,HC,tai50_15_03.F.15_01,12,2553.0,2973.0,2763.0
n8_HC,n8,HC,tai50_15_03.F.15_01,13,2521.0,2918.0,2719.5
n8_HC,n8,HC,tai50_15_03.F.15_01,14,2561.0,2973.0,2767.0
n8_HC,n8,HC,tai50_15_03.F.15_01,15,2521.0,2974.0,2747.5
n8_HC,n8,HC,tai50_15_03.F.15_01,16,2521.0,2919.0,2720.0
n8_HC,n8,HC,tai50_15_03.F.15_01,17,2537.0,3000.0,2768.5
n8_HC,n8,HC,tai50_15_03.F.15_01,18,2531.0,2922.0,2726.5
n8_HC,n8,HC,tai50_15_03.F.15_01,19,2558.0,2953.0,2755.5
n8_HC,n8,HC,tai50_15_03.F.15_01,20,2562.0,3003.0,2782.5
n8_HC,n8,HC,tai50_15_03.F.15_01,21,2532.0,2959.0,2745.5
n8_HC,n8,HC,tai50_15_03.F.15_01,22,2521.0,2925.0,2723.0
n8_HC,n8,HC,tai50_15_03.F.15_01,23,2544.0,2967.0,2755.5
n8_HC,n8,HC,tai50_15_03.F.15_01,24,2521.0,2949.0,2735.0
n8_HC,n8,HC,tai50_15_03.F.15_01,25,2607.0,3020.0,2813.5
n8_HC,n8,HC,tai50_15_03.F.15_01,26,2539.0,2961.0,2750.0
n8_HC,n8,HC,tai50_15_03.F.15_01,27,2566.0,2980.0,2773.0
n8_HC,n8,HC,tai50_15_03.F.15_01,28,2521.0,2964.0,2742.5
n8_HC,n8,HC,tai50_15_03.F.15_01,29,2542.0,2981.0,2761.5
n8_HC,n8,HC,tai50_15_03.F.15_01,30,2541.0,2964.0,2752.5
n8_HC,n8,HC,tai50_15_04.F.15_01,1,2615.0,3088.0,2851.5
n8_HC,n8,HC,tai50_15_04.F.15_01,2,2605.0,3073.0,2839.0
n8_HC,n8,HC,tai50_15_04.F.15_01,3,2605.0,3073.0,2839.0
n8_HC,n8,HC,tai50_15_04.F.15_01,4,2618.0,3078.0,2848.0
n8_HC,n8,HC,tai50_15_04.F.15_01,5,2608.0,3073.0,2840.5
n8_HC,n8,HC,tai50_15_04.F.15_01,6,2608.0,3073.0,2840.5
n8_HC,n8,HC,tai50_15_04.F.15_01,7,2643.0,3107.0,2875.0
n8_HC,n8,HC,tai50_15_04.F.15_01,8,2636.0,3102.0,2869.0
n8_HC,n8,HC,tai50_15_04.F.15_01,9,2632.0,3094.0,2863.0
n8_HC,n8,HC,tai50_15_04.F.15_01,10,2637.0,3113.0,2875.0
n8_HC,n8,HC,tai50_15_04.F.15_01,11,2608.0,3073.0,2840.5
n8_HC,n8,HC,tai50_15_04.F.15_01,12,2700.0,3172.0,2936.0
n8_HC,n8,HC,tai50_15_04.F.15_01,13,2608.0,3073.0,2840.5
n8_HC,n8,HC,tai50_15_04.F.15_01,14,2652.0,3113.0,2882.5
n8_HC,n8,HC,tai50_15_04.F.15_01,15,2619.0,3089.0,2854.0
n8_HC,n8,HC,tai50_15_04.F.15_01,16,2605.0,3073.0,2839.0
n8_HC,n8,HC,tai50_15_04.F.15_01,17,2638.0,3110.0,2874.0
n8_HC,n8,HC,tai50_15_04.F.15_01,18,2640.0,3106.0,2873.0
n8_HC,n8,HC,tai50_15_04.F.15_01,19,2652.0,3108.0,2880.0
n8_HC,n8,HC,tai50_15_04.F.15_01,20,2613.0,3073.0,2843.0
n8_HC,n8,HC,tai50_15_04.F.15_01,21,2608.0,3073.0,2840.5
n8_HC,n8,HC,tai50_15_04.F.15_01,22,2618.0,3098.0,2858.0
n8_HC,n8,HC,tai50_15_04.F.15_01,23,2608.0,3073.0,2840.5
n8_HC,n8,HC,tai50_15_04.F.15_01,24,2698.0,3170.0,2934.0
n8_HC,n8,HC,tai50_15_04.F.15_01,25,2667.0,3121.0,2894.0
n8_HC,n8,HC,tai50_15_04.F.15_01,26,2640.0,3106.0,2873.0
n8_HC,n8,HC,tai50_15_04.F.15_01,27,2638.0,3111.0,2874.5
n8_HC,n8,HC,tai50_15_04.F.15_01,28,2605.0,3073.0,2839.0
n8_HC,n8,HC,tai50_15_04.F.15_01,29,2608.0,3073.0,2840.5
n8_HC,n8,HC,tai50_15_04.F.15_01,30,2656.0,3089.0,2872.5
n8_HC,n8,HC,tai50_15_05.F.15_01,1,2609.0,2985.0,2797.0
n8_HC,n8,HC,tai50_15_05.F.15_01,2,2604.0,2990.0,2797.0
n8_HC,n8,HC,tai50_15_05.F.15_01,3,2618.0,3033.0,2825.5
n8_HC,n8,HC,tai50_15_05.F.15_01,4,2602.0,2970.0,2786.0
n8_HC,n8,HC,tai50_15_05.F.15_01,5,2683.0,3059.0,2871.0
n8_HC,n8,HC,tai50_15_05.F.15_01,6,2642.0,3010.0,2826.0
n8_HC,n8,HC,tai50_15_05.F.15_01,7,2651.0,3047.0,2849.0
n8_HC,n8,HC,tai50_15_05.F.15_01,8,2543.0,2921.0,2732.0
n8_HC,n8,HC,tai50_15_05.F.15_01,9,2617.0,2999.0,2808.0
n8_HC,n8,HC,tai50_15_05.F.15_01,10,2593.0,2989.0,2791.0
n8_HC,n8,HC,tai50_15_05.F.15_01,11,2616.0,2992.0,2804.0
n8_HC,n8,HC,tai50_15_05.F.15_01,12,2575.0,2957.0,2766.0
n8_HC,n8,HC,tai50_15_05.F.15_01,13,2682.0,3060.0,2871.0
n8_HC,n8,HC,tai50_15_05.F.15_01,14,2668.0,3047.0,2857.5
n8_HC,n8,HC,tai50_15_05.F.15_01,15,2647.0,3007.0,2827.0
n8_HC,n8,HC,tai50_15_05.F.15_01,16,2600.0,2975.0,2787.5
n8_HC,n8,HC,tai50_15_05.F.15_01,17,2587.0,2967.0,2777.0
n8_HC,n8,HC,tai50_15_05.F.15_01,18,2632.0,3014.0,2823.0
n8_HC,n8,HC,tai50_15_05.F.15_01,19,2687.0,3061.0,2874.0
n8_HC,n8,HC,tai50_15_05.F.15_01,20,2654.0,3046.0,2850.0
n8_HC,n8,HC,tai50_15_05.F.15_01,21,2667.0,3050.0,2858.5
n8_HC,n8,HC,tai50_15_05.F.15_01,22,2609.0,2981.0,2795.0
n8_HC,n8,HC,tai50_15_05.F.15_01,23,2628.0,3014.0,2821.0
n8_HC,n8,HC,tai50_15_05.F.15_01,24,2624.0,2981.0,2802.5
n8_HC,n8,HC,tai50_15_05.F.15_01,25,2646.0,3024.0,2835.0
n8_HC,n8,HC,tai50_15_05.F.15_01,26,2621.0,2992.0,2806.5
n8_HC,n8,HC,tai50_15_05.F.15_01,27,2620.0,2996.0,2808.0
n8_HC,n8,HC,tai50_15_05.F.15_01,28,2639.0,3013.0,2826.0
n8_HC,n8,HC,tai50_15_05.F.15_01,29,2628.0,3002.0,2815.0
n8_HC,n8,HC,tai50_15_05.F.15_01,30,2595.0,2992.0,2793.5
n8_HC,n8,HC,tai50_15_06.F.15_01,1,2691.0,3066.0,2878.5
n8_HC,n8,HC,tai50_15_06.F.15_01,2,2655.0,3036.0,2845.5
n8_HC,n8,HC,tai50_15_06.F.15_01,3,2670.0,3036.0,2853.0
n8_HC,n8,HC,tai50_15_06.F.15_01,4,2661.0,3036.0,2848.5
n8_HC,n8,HC,tai50_15_06.F.15_01,5,2673.0,3043.0,2858.0
n8_HC,n8,HC,tai50_15_06.F.15_01,6,2672.0,2994.0,2833.0
n8_HC,n8,HC,tai50_15_06.F.15_01,7,2671.0,3072.0,2871.5
n8_HC,n8,HC,tai50_15_06.F.15_01,8,2678.0,3045.0,2861.5
n8_HC,n8,HC,tai50_15_06.F.15_01,9,2685.0,3049.0,2867.0
n8_HC,n8,HC,tai50_15_06.F.15_01,10,2701.0,3074.0,2887.5
n8_HC,n8,HC,tai50_15_06.F.15_01,11,2656.0,3036.0,2846.0
n8_HC,n8,HC,tai50_15_06.F.15_01,12,2737.0,3089.0,2913.0
n8_HC,n8,HC,tai50_15_06.F.15_01,13,2670.0,3069.0,2869.5
n8_HC,n8,HC,tai50_15_06.F.15_01,14,2630.0,3016.0,2823.0
n8_HC,n8,HC,tai50_15_06.F.15_01,15,2637.0,3010.0,2823.5
n8_HC,n8,HC,tai50_15_06.F.15_01,16,2692.0,3016.0,2854.0
n8_HC,n8,HC,tai50_15_06.F.15_01,17,2675.0,3020.0,2847.5
n8_HC,n8,HC,tai50_15_06.F.15_01,18,2669.0,3036.0,2852.5
n8_HC,n8,HC,tai50_15_06.F.15_01,19,2662.0,3052.0,2857.0
n8_HC,n8,HC,tai50_15_06.F.15_01,20,2662.0,3073.0,2867.5
n8_HC,n8,HC,tai50_15_06.F.15_01,21,2629.0,3026.0,2827.5
n8_HC,n8,HC,tai50_15_06.F.15_01,22,2619.0,3018.0,2818.5
n8_HC,n8,HC,tai50_15_06.F.15_01,23,2687.0,3043.0,2865.0
n8_HC,n8,HC,tai50_15_06.F.15_01,24,2631.0,2996.0,2813.5
n8_HC,n8,HC,tai50_15_06.F.15_01,25,2659.0,3019.0,2839.0
n8_HC,n8,HC,tai50_15_06.F.15_01,26,2681.0,3030.0,2855.5
n8_HC,n8,HC,tai50_15_06.F.15_01,27,2721.0,3087.0,2904.0
n8_HC,n8,HC,tai50_15_06.F.15_01,28,2640.0,3036.0,2838.0
n8_HC,n8,HC,tai50_15_06.F.15_01,29,2640.0,3036.0,2838.0
n8_HC,n8,HC,tai50_15_06.F.15_01,30,2678.0,3068.0,2873.0
n8_HC,n8,HC,tai50_15_07.F.15_01,1,2722.0,3167.0,2944.5
n8_HC,n8,HC,tai50_15_07.F.15_01,2,2779.0,3197.0,2988.0
n8_HC,n8,HC,tai50_15_07.F.15_01,3,2740.0,3172.0,2956.0
n8_HC,n8,HC,tai50_15_07.F.15_01,4,2719.0,3167.0,2943.0
n8_HC,n8,HC,tai50_15_07.F.15_01,5,2735.0,3167.0,2951.0
n8_HC,n8,HC,tai50_15_07.F.15_01,6,2719.0,3167.0,2943.0
n8_HC,n8,HC,tai50_15_07.F.15_01,7,2724.0,3167.0,2945.5
n8_HC,n8,HC,tai50_15_07.F.15_01,8,2728.0,3167.0,2947.5
n8_HC,n8,HC,tai50_15_07.F.15_01,9,2733.0,3170.0,2951.5
n8_HC,n8,HC,tai50_15_07.F.15_01,10,2729.0,3167.0,2948.0
n8_HC,n8,HC,tai50_15_07.F.15_01,11,2789.0,3257.0,3023.0
n8_HC,n8,HC,tai50_15_07.F.15_01,12,2729.0,3167.0,2948.0
n8_HC,n8,HC,tai50_15_07.F.15_01,13,2761.0,3167.0,2964.0
n8_HC,n8,HC,tai50_15_07.F.15_01,14,2727.0,3167.0,2947.0
n8_HC,n8,HC,tai50_15_07.F.15_01,15,2734.0,3167.0,2950.5
n8_HC,n8,HC,tai50_15_07.F.15_01,16,2786.0,3229.0,3007.5
n8_HC,n8,HC,tai50_15_07.F.15_01,17,2746.0,3173.0,2959.5
n8_HC,n8,HC,tai50_15_07.F.15_01,18,2778.0,3226.0,3002.0
n8_HC,n8,HC,tai50_15_07.F.15_01,19,2751.0,3188.0,2969.5
n8_HC,n8,HC,tai50_15_07.F.15_01,20,2782.0,3221.0,3001.5
n8_HC,n8,HC,tai50_15_07.F.15_01,21,2719.0,3167.0,2943.0
n8_HC,n8,HC,tai50_15_07.F.15_01,22,2783.0,3229.0,3006.0
n8_HC,n8,HC,tai50_15_07.F.15_01,23,2737.0,3180.0,2958.5
n8_HC,n8,HC,tai50_15_07.F.15_01,24,2743.0,3170.0,2956.5
n8_HC,n8,HC,tai50_15_07.F.15_01,25,2719.0,3167.0,2943.0
n8_HC,n8,HC,tai50_15_07.F.15_01,26,2769.0,3175.0,2972.0
n8_HC,n8,HC,tai50_15_07.F.15_01,27,2756.0,3186.0,2971.0
n8_HC,n8,HC,tai50_15_07.F.15_01,28,2763.0,3170.0,2966.5
n8_HC,n8,HC,tai50_15_07.F.15_01,29,2725.0,3168.0,2946.5
n8_HC,n8,HC,tai50_15_07.F.15_01,30,2739.0,3170.0,2954.5
n8_HC,n8,HC,tai50_15_08.F.15_01,1,2753.0,3194.0,2973.5
n8_HC,n8,HC,tai50_15_08.F.15_01,2,2689.0,3128.0,2908.5
n8_HC,n8,HC,tai50_15_08.F.15_01,3,2697.0,3128.0,2912.5
n8_HC,n8,HC,tai50_15_08.F.15_01,4,2812.0,3261.0,3036.5
n8_HC,n8,HC,tai50_15_08.F.15_01,5,2682.0,3128.0,2905.0
n8_HC,n8,HC,tai50_15_08.F.15_01,6,2701.0,3128.0,2914.5
n8_HC,n8,HC,tai50_15_08.F.15_01,7,2739.0,3140.0,2939.5
n8_HC,n8,HC,tai50_15_08.F.15_01,8,2685.0,3128.0,2906.5
n8_HC,n8,HC,tai50_15_08.F.15_01,9,2727.0,3177.0,2952.0
n8_HC,n8,HC,tai50_15_08.F.15_01,10,2737.0,3147.0,2942.0
n8_HC,n8,HC,tai50_15_08.F.15_01,11,2684.0,3128.0,2906.0
n8_HC,n8,HC,tai50_15_08.F.15_01,12,2682.0,3128.0,2905.0
n8_HC,n8,HC,tai50_15_08.F.15_01,13,2712.0,3178.0,2945.0
n8_HC,n8,HC,tai50_15_08.F.15_01,14,2682.0,3128.0,2905.0
n8_HC,n8,HC,tai50_15_08.F.15_01,15,2682.0,3128.0,2905.0
n8_HC,n8,HC,tai50_15_08.F.15_01,16,2684.0,3128.0,2906.0
n8_HC,n8,HC,tai50_15_08.F.15_01,17,2686.0,3128.0,2907.0
n8_HC,n8,HC,tai50_15_08.F.15_01,18,2723.0,3177.0,2950.0
n8_HC,n8,HC,tai50_15_08.F.15_01,19,2700.0,3128.0,2914.0
n8_HC,n8,HC,tai50_15_08.F.15_01,20,2727.0,3159.0,2943.0
n8_HC,n8,HC,tai50_15_08.F.15_01,21,2706.0,3157.0,2931.5
n8_HC,n8,HC,tai50_15_08.F.15_01,22,2689.0,3143.0,2916.0
n8_HC,n8,HC,tai50_15_08.F.15_01,23,2763.0,3231.0,2997.0
n8_HC,n8,HC,tai50_15_08.F.15_01,24,2820.0,3264.0,3042.0
n8_HC,n8,HC,tai50_15_08.F.15_01,25,2700.0,3128.0,2914.0
n8_HC,n8,HC,tai50_15_08.F.15_01,26,2710.0,3154.0,2932.0
n8_HC,n8,HC,tai50_15_08.F.15_01,27,2698.0,3128.0,2913.0
n8_HC,n8,HC,tai50_15_08.F.15_01,28,2682.0,3128.0,2905.0
n8_HC,n8,HC,tai50_15_08.F.15_01,29,2682.0,3128.0,2905.0
n8_HC,n8,HC,tai50_15_08.F.15_01,30,2733.0,3175.0,2954.0
n8_HC,n8,HC,tai50_15_09.F.15_01,1,2539.0,2915.0,2727.0
n8_HC,n8,HC,tai50_15_09.F.15_01,2,2567.0,2955.0,2761.0
n8_HC,n8,HC,tai50_15_09.F.15_01,3,2610.0,2977.0,2793.5
n8_HC,n8,HC,tai50_15_09.F.15_01,4,2544.0,2936.0,2740.0
n8_HC,n8,HC,tai50_15_09.F.15_01,5,2533.0,2945.0,2739.0
n8_HC,n8,HC,tai50_15_09.F.15_01,6,2597.0,2976.0,2786.5
n8_HC,n8,HC,tai50_15_09.F.15_01,7,2621.0,2985.0,2803.0
n8_HC,n8,HC,tai50_15_09.F.15_01,8,2589.0,2994.0,2791.5
n8_HC,n8,HC,tai50_15_09.F.15_01,9,2591.0,2989.0,2790.0
n8_HC,n8,HC,tai50_15_09.F.15_01,10,2591.0,2955.0,2773.0
n8_HC,n8,HC,tai50_15_09.F.15_01,11,2508.0,2895.0,2701.5
n8_HC,n8,HC,tai50_15_09.F.15_01,12,2569.0,2956.0,2762.5
n8_HC,n8,HC,tai50_15_09.F.15_01,13,2552.0,2958.0,2755.0
n8_HC,n8,HC,tai50_15_09.F.15_01,14,2591.0,2974.0,2782.5
n8_HC,n8,HC,tai50_15_09.F.15_01,15,2561.0,2952.0,2756.5
n8_HC,n8,HC,tai50_15_09.F.15_01,16,2580.0,3009.0,2794.5
n8_HC,n8,HC,tai50_15_09.F.15_01,17,2569.0,2954.0,2761.5
n8_HC,n8,HC,tai50_15_09.F.15_01,18,2564.0,2950.0,2757.0
n8_HC,n8,HC,tai50_15_09.F.15_01,19,2576.0,2962.0,2769.0
n8_HC,n8,HC,tai50_15_09.F.15_01,20,2520.0,2908.0,2714.0
n8_HC,n8,HC,tai50_15_09.F.15_01,21,2516.0,2907.0,2711.5
n8_HC,n8,HC,tai50_15_09.F.15_01,22,2666.0,3054.0,2860.0
n8_HC,n8,HC,tai50_15_09.F.15_01,23,2580.0,2955.0,2767.5
n8_HC,n8,HC,tai50_15_09.F.15_01,24,2550.0,2969.0,2759.5
n8_HC,n8,HC,tai50_15_09.F.15_01,25,2542.0,2928.0,2735.0
n8_HC,n8,HC,tai50_15_09.F.15_01,26,2584.0,2966.0,2775.0
n8_HC,n8,HC,tai50_15_09.F.15_01,27,2565.0,3011.0,2788.0
n8_HC,n8,HC,tai50_15_09.F.15_01,28,2622.0,3009.0,2815.5
n8_HC,n8,HC,tai50_15_09.F.15_01,29,2575.0,2939.0,2757.0
n8_HC,n8,HC,tai50_15_09.F.15_01,30,2603.0,3027.0,2815.0
n8_HC,n8,HC,tai50_15_10.F.15_01,1,2570.0,2955.0,2762.5
n8_HC,n8,HC,tai50_15_10.F.15_01,2,2578.0,2954.0,2766.0
n8_HC,n8,HC,tai50_15_10.F.15_01,3,2610.0,2996.0,2803.0
n8_HC,n8,HC,tai50_15_10.F.15_01,4,2585.0,2967.0,2776.0
n8_HC,n8,HC,tai50_15_10.F.15_01,5,2587.0,3003.0,2795.0
n8_HC,n8,HC,tai50_15_10.F.15_01,6,2582.0,2980.0,2781.0
n8_HC,n8,HC,tai50_15_10.F.15_01,7,2595.0,3002.0,2798.5
n8_HC,n8,HC,tai50_15_10.F.15_01,8,2628.0,2984.0,2806.0
n8_HC,n8,HC,tai50_15_10.F.15_01,9,2621.0,3006.0,2813.5
n8_HC,n8,HC,tai50_15_10.F.15_01,10,2596.0,2984.0,2790.0
n8_HC,n8,HC,tai50_15_10.F.15_01,11,2608.0,2996.0,2802.0
n8_HC,n8,HC,tai50_15_10.F.15_01,12,2602.0,3002.0,2802.0
n8_HC,n8,HC,tai50_15_10.F.15_01,13,2594.0,2975.0,2784.5
n8_HC,n8,HC,tai50_15_10.F.15_01,14,2612.0,3001.0,2806.5
n8_HC,n8,HC,tai50_15_10.F.15_01,15,2596.0,2985.0,2790.5
n8_HC,n8,HC,tai50_15_10.F.15_01,16,2574.0,2968.0,2771.0
n8_HC,n8,HC,tai50_15_10.F.15_01,17,2578.0,2961.0,2769.5
n8_HC,n8,HC,tai50_15_10.F.15_01,18,2593.0,2998.0,2795.5
n8_HC,n8,HC,tai50_15_10.F.15_01,19,2641.0,3031.0,2836.0
n8_HC,n8,HC,tai50_15_10.F.15_01,20,2596.0,2996.0,2796.0
n8_HC,n8,HC,tai50_15_10.F.15_01,21,2564.0,2953.0,2758.5
n8_HC,n8,HC,tai50_15_10.F.15_01,22,2591.0,2988.0,2789.5
n8_HC,n8,HC,tai50_15_10.F.15_01,23,2602.0,2984.0,2793.0
n8_HC,n8,HC,tai50_15_10.F.15_01,24,2562.0,2960.0,2761.0
n8_HC,n8,HC,tai50_15_10.F.15_01,25,2574.0,2972.0,2773.0
n8_HC,n8,HC,tai50_15_10.F.15_01,26,2598.0,2982.0,2790.0
n8_HC,n8,HC,tai50_15_10.F.15_01,27,2609.0,2994.0,2801.5
n8_HC,n8,HC,tai50_15_10.F.15_01,28,2589.0,2967.0,2778.0
n8_HC,n8,HC,tai50_15_10.F.15_01,29,2594.0,2995.0,2794.5
n8_HC,n8,HC,tai50_15_10.F.15_01,30,2611.0,2996.0,2803.5
n8_HC,n8,HC,tai50_20_01.F.15_01,1,2802.0,3241.0,3021.5
n8_HC,n8,HC,tai50_20_01.F.15_01,2,2794.0,3207.0,3000.5
n8_HC,n8,HC,tai50_20_01.F.15_01,3,2803.0,3207.0,3005.0
n8_HC,n8,HC,tai50_20_01.F.15_01,4,2829.0,3236.0,3032.5
n8_HC,n8,HC,tai50_20_01.F.15_01,5,2818.0,3229.0,3023.5
n8_HC,n8,HC,tai50_20_01.F.15_01,6,2849.0,3234.0,3041.5
n8_HC,n8,HC,tai50_20_01.F.15_01,7,2769.0,3179.0,2974.0
n8_HC,n8,HC,tai50_20_01.F.15_01,8,2778.0,3180.0,2979.0
n8_HC,n8,HC,tai50_20_01.F.15_01,9,2856.0,3242.0,3049.0
n8_HC,n8,HC,tai50_20_01.F.15_01,10,2800.0,3173.0,2986.5
n8_HC,n8,HC,tai50_20_01.F.15_01,11,2840.0,3255.0,3047.5
n8_HC,n8,HC,tai50_20_01.F.15_01,12,2837.0,3210.0,3023.5
n8_HC,n8,HC,tai50_20_01.F.15_01,13,2853.0,3248.0,3050.5
n8_HC,n8,HC,tai50_20_01.F.15_01,14,2791.0,3212.0,3001.5
n8_HC,n8,HC,tai50_20_01.F.15_01,15,2835.0,3222.0,3028.5
n8_HC,n8,HC,tai50_20_01.F.15_01,16,2758.0,3145.0,2951.5
n8_HC,n8,HC,tai50_20_01.F.15_01,17,2783.0,3169.0,2976.0
n8_HC,n8,HC,tai50_20_01.F.15_01,18,2808.0,3220.0,3014.0
n8_HC,n8,HC,tai50_20_01.F.15_01,19,2871.0,3271.0,3071.0
n8_HC,n8,HC,tai50_20_01.F.15_01,20,2839.0,3229.0,3034.0
n8_HC,n8,HC,tai50_20_01.F.15_01,21,2827.0,3205.0,3016.0
n8_HC,n8,HC,tai50_20_01.F.15_01,22,2784.0,3187.0,2985.5
n8_HC,n8,HC,tai50_20_01.F.15_01,23,2805.0,3198.0,3001.5
n8_HC,n8,HC,tai50_20_01.F.15_01,24,2790.0,3179.0,2984.5
n8_HC,n8,HC,tai50_20_01.F.15_01,25,2817.0,3213.0,3015.0
n8_HC,n8,HC,tai50_20_01.F.15_01,26,2811.0,3213.0,3012.0
n8_HC,n8,HC,tai50_20_01.F.15_01,27,2806.0,3204.0,3005.0
n8_HC,n8,HC,tai50_20_01.F.15_01,28,2857.0,3252.0,3054.5
n8_HC,n8,HC,tai50_20_01.F.15_01,29,2817.0,3215.0,3016.0
n8_HC,n8,HC,tai50_20_01.F.15_01,30,2819.0,3230.0,3024.5
n8_HC,n8,HC,tai50_20_02.F.15_01,1,2950.0,3314.0,3132.0
n8_HC,n8,HC,tai50_20_02.F.15_01,2,2929.0,3320.0,3124.5
n8_HC,n8,HC,tai50_20_02.F.15_01,3,2923.0,3298.0,3110.5
n8_HC,n8,HC,tai50_20_02.F.15_01,4,2977.0,3351.0,3164.0
n8_HC,n8,HC,tai50_20_02.F.15_01,5,2891.0,3266.0,3078.5
n8_HC,n8,HC,tai50_20_02.F.15_01,6,2989.0,3353.0,3171.0
n8_HC,n8,HC,tai50_20_02.F.15_01,7,2927.0,3295.0,3111.0
n8_HC,n8,HC,tai50_20_02.F.15_01,8,2932.0,3302.0,3117.0
n8_HC,n8,HC,tai50_20_02.F.15_01,9,2913.0,3296.0,3104.5
n8_HC,n8,HC,tai50_20_02.F.15_01,10,2969.0,3331.0,3150.0
n8_HC,n8,HC,tai50_20_02.F.15_01,11,2930.0,3287.0,3108.5
n8_HC,n8,HC,tai50_20_02.F.15_01,12,3028.0,3408.0,3218.0
n8_HC,n8,HC,tai50_20_02.F.15_01,13,2971.0,3340.0,3155.5
n8_HC,n8,HC,tai50_20_02.F.15_01,14,2919.0,3316.0,3117.5
n8_HC,n8,HC,tai50_20_02.F.15_01,15,2955.0,3341.0,3148.0
n8_HC,n8,HC,tai50_20_02.F.15_01,16,2961.0,3329.0,3145.0
n8_HC,n8,HC,tai50_20_02.F.15_01,17,2981.0,3353.0,3167.0
n8_HC,n8,HC,tai50_20_02.F.15_01,18,2891.0,3269.0,3080.0
n8_HC,n8,HC,tai50_20_02.F.15_01,19,2916.0,3290.0,3103.0
n8_HC,n8,HC,tai50_20_02.F.15_01,20,2896.0,3264.0,3080.0
n8_HC,n8,HC,tai50_20_02.F.15_01,21,3005.0,3361.0,3183.0
n8_HC,n8,HC,tai50_20_02.F.15_01,22,2939.0,3297.0,3118.0
n8_HC,n8,HC,tai50_20_02.F.15_01,23,2968.0,3344.0,3156.0
n8_HC,n8,HC,tai50_20_02.F.15_01,24,2944.0,3351.0,3147.5
n8_HC,n8,HC,tai50_20_02.F.15_01,25,2998.0,3358.0,3178.0
n8_HC,n8,HC,tai50_20_02.F.15_01,26,2898.0,3278.0,3088.0
n8_HC,n8,HC,tai50_20_02.F.15_01,27,2901.0,3287.0,3094.0
n8_HC,n8,HC,tai50_20_02.F.15_01,28,2944.0,3325.0,3134.5
n8_HC,n8,HC,tai50_20_02.F.15_01,29,2882.0,3272.0,3077.0
n8_HC,n8,HC,tai50_20_02.F.15_01,30,2991.0,3342.0,3166.5
n8_HC,n8,HC,tai50_20_03.F.15_01,1,2649.0,3093.0,2871.0
n8_HC,n8,HC,tai50_20_03.F.15_01,2,2679.0,3143.0,2911.0
n8_HC,n8,HC,tai50_20_03.F.15_01,3,2719.0,3159.0,2939.0
n8_HC,n8,HC,tai50_20_03.F.15_01,4,2614.0,3036.0,2825.0
n8_HC,n8,HC,tai50_20_03.F.15_01,5,2642.0,3090.0,2866.0
n8_HC,n8,HC,tai50_20_03.F.15_01,6,2665.0,3125.0,2895.0
n8_HC,n8,HC,tai50_20_03.F.15_01,7,2665.0,3129.0,2897.0
n8_HC,n8,HC,tai50_20_03.F.15_01,8,2702.0,3139.0,2920.5
n8_HC,n8,HC,tai50_20_03.F.15_01,9,2605.0,3045.0,2825.0
n8_HC,n8,HC,tai50_20_03.F.15_01,10,2689.0,3138.0,2913.5
n8_HC,n8,HC,tai50_20_03.F.15_01,11,2698.0,3172.0,2935.0
n8_HC,n8,HC,tai50_20_03.F.15_01,12,2671.0,3091.0,2881.0
n8_HC,n8,HC,tai50_20_03.F.15_01,13,2706.0,3152.0,2929.0
n8_HC,n8,HC,tai50_20_03.F.15_01,14,2683.0,3124.0,2903.5
n8_HC,n8,HC,tai50_20_03.F.15_01,15,2652.0,3109.0,2880.5
n8_HC,n8,HC,tai50_20_03.F.15_01,16,2673.0,3111.0,2892.0
n8_HC,n8,HC,tai50_20_03.F.15_01,17,2704.0,3151.0,2927.5
n8_HC,n8,HC,tai50_20_03.F.15_01,18,2664.0,3092.0,2878.0
n8_HC,n8,HC,tai50_20_03.F.15_01,19,2676.0,3133.0,2904.5
n8_HC,n8,HC,tai50_20_03.F.15_01,20,2699.0,3130.0,2914.5
n8_HC,n8,HC,tai50_20_03.F.15_01,21,2700.0,3145.0,2922.5
n8_HC,n8,HC,tai50_20_03.F.15_01,22,2619.0,3061.0,2840.0
n8_HC,n8,HC,tai50_20_03.F.15_01,23,2645.0,3058.0,2851.5
n8_HC,n8,HC,tai50_20_03.F.15_01,24,2674.0,3109.0,2891.5
n8_HC,n8,HC,tai50_20_03.F.15_01,25,2692.0,3121.0,2906.5
n8_HC,n8,HC,tai50_20_03.F.15_01,26,2666.0,3124.0,2895.0
n8_HC,n8,HC,tai50_20_03.F.15_01,27,2651.0,3103.0,2877.0
n8_HC,n8,HC,tai50_20_03.F.15_01,28,2665.0,3090.0,2877.5
n8_HC,n8,HC,tai50_20_03.F.15_01,29,2687.0,3129.0,2908.0
n8_HC,n8,HC,tai50_20_03.F.15_01,30,2660.0,3103.0,2881.5
n8_HC,n8,HC,tai50_20_04.F.15_01,1,2637.0,3063.0,2850.0
n8_HC,n8,HC,tai50_20_04.F.15_01,2,2606.0,2997.0,2801.5
n8_HC,n8,HC,tai50_20_04.F.15_01,3,2585.0,2973.0,2779.0
n8_HC,n8,HC,tai50_20_04.F.15_01,4,2612.0,3002.0,2807.0
n8_HC,n8,HC,tai50_20_04.F.15_01,5,2628.0,3038.0,2833.0
n8_HC,n8,HC,tai50_20_04.F.15_01,6,2615.0,3018.0,2816.5
n8_HC,n8,HC,tai50_20_04.F.15_01,7,2613.0,3018.0,2815.5
n8_HC,n8,HC,tai50_20_04.F.15_01,8,2607.0,3003.0,2805.0
n8_HC,n8,HC,tai50_20_04.F.15_01,9,2671.0,3094.0,2882.5
n8_HC,n8,HC,tai50_20_04.F.15_01,10,2645.0,3036.0,2840.5
n8_HC,n8,HC,tai50_20_04.F.15_01,11,2639.0,3043.0,2841.0
n8_HC,n8,HC,tai50_20_04.F.15_01,12,2695.0,3085.0,2890.0
n8_HC,n8,HC,tai50_20_04.F.15_01,13,2649.0,3023.0,2836.0
n8_HC,n8,HC,tai50_20_04.F.15_01,14,2638.0,3040.0,2839.0
n8_HC,n8,HC,tai50_20_04.F.15_01,15,2656.0,3034.0,2845.0
n8_HC,n8,HC,tai50_20_04.F.15_01,16,2647.0,3024.0,2835.5
n8_HC,n8,HC,tai50_20_04.F.15_01,17,2598.0,3011.0,2804.5
n8_HC,n8,HC,tai50_20_04.F.15_01,18,2634.0,3030.0,2832.0
n8_HC,n8,HC,tai50_20_04.F.15_01,19,2625.0,3027.0,2826.0
n8_HC,n8,HC,tai50_20_04.F.15_01,20,2594.0,2977.0,2785.5
n8_HC,n8,HC,tai50_20_04.F.15_01,21,2680.0,3042.0,2861.0
n8_HC,n8,HC,tai50_20_04.F.15_01,22,2635.0,3052.0,2843.5
n8_HC,n8,HC,tai50_20_04.F.15_01,23,2646.0,3065.0,2855.5
n8_HC,n8,HC,tai50_20_04.F.15_01,24,2653.0,3029.0,2841.0
n8_HC,n8,HC,tai50_20_04.F.15_01,25,2636.0,3018.0,2827.0
n8_HC,n8,HC,tai50_20_04.F.15_01,26,2623.0,2997.0,2810.0
n8_HC,n8,HC,tai50_20_04.F.15_01,27,2619.0,3031.0,2825.0
n8_HC,n8,HC,tai50_20_04.F.15_01,28,2653.0,3008.0,2830.5
n8_HC,n8,HC,tai50_20_04.F.15_01,29,2582.0,2990.0,2786.0
n8_HC,n8,HC,tai50_20_04.F.15_01,30,2635.0,3050.0,2842.5
n8_HC,n8,HC,tai50_20_05.F.15_01,1,2681.0,3077.0,2879.0
n8_HC,n8,HC,tai50_20_05.F.15_01,2,2657.0,3039.0,2848.0
n8_HC,n8,HC,tai50_20_05.F.15_01,3,2735.0,3117.0,2926.0
n8_HC,n8,HC,tai50_20_05.F.15_01,4,2669.0,3050.0,2859.5
n8_HC,n8,HC,tai50_20_05.F.15_01,5,2686.0,3090.0,2888.0
n8_HC,n8,HC,tai50_20_05.F.15_01,6,2711.0,3104.0,2907.5
n8_HC,n8,HC,tai50_20_05.F.15_01,7,2657.0,3045.0,2851.0
n8_HC,n8,HC,tai50_20_05.F.15_01,8,2701.0,3093.0,2897.0
n8_HC,n8,HC,tai50_20_05.F.15_01,9,2695.0,3091.0,2893.0
n8_HC,n8,HC,tai50_20_05.F.15_01,10,2701.0,3081.0,2891.0
n8_HC,n8,HC,tai50_20_05.F.15_01,11,2654.0,3026.0,2840.0
n8_HC,n8,HC,tai50_20_05.F.15_01,12,2681.0,3072.0,2876.5
n8_HC,n8,HC,tai50_20_05.F.15_01,13,2639.0,3021.0,2830.0
n8_HC,n8,HC,tai50_20_05.F.15_01,14,2738.0,3125.0,2931.5
n8_HC,n8,HC,tai50_20_05.F.15_01,15,2712.0,3091.0,2901.5
n8_HC,n8,HC,tai50_20_05.F.15_01,16,2678.0,3056.0,2867.0
n8_HC,n8,HC,tai50_20_05.F.15_01,17,2716.0,3101.0,2908.5
n8_HC,n8,HC,tai50_20_05.F.15_01,18,2702.0,3085.0,2893.5
n8_HC,n8,HC,tai50_20_05.F.15_01,19,2702.0,3071.0,2886.5
n8_HC,n8,HC,tai50_20_05.F.15_01,20,2720.0,3120.0,2920.0
n8_HC,n8,HC,tai50_20_05.F.15_01,21,2687.0,3091.0,2889.0
n8_HC,n8,HC,tai50_20_05.F.15_01,22,2702.0,3092.0,2897.0
n8_HC,n8,HC,tai50_20_05.F.15_01,23,2705.0,3096.0,2900.5
n8_HC,n8,HC,tai50_20_05.F.15_01,24,2726.0,3136.0,2931.0
n8_HC,n8,HC,tai50_20_05.F.15_01,25,2726.0,3122.0,2924.0
n8_HC,n8,HC,tai50_20_05.F.15_01,26,2667.0,3081.0,2874.0
n8_HC,n8,HC,tai50_20_05.F.15_01,27,2671.0,3042.0,2856.5
n8_HC,n8,HC,tai50_20_05.F.15_01,28,2667.0,3087.0,2877.0
n8_HC,n8,HC,tai50_20_05.F.15_01,29,2694.0,3110.0,2902.0
n8_HC,n8,HC,tai50_20_05.F.15_01,30,2694.0,3092.0,2893.0
n8_HC,n8,HC,tai50_20_06.F.15_01,1,2794.0,3201.0,2997.5
n8_HC,n8,HC,tai50_20_06.F.15_01,2,2799.0,3217.0,3008.0
n8_HC,n8,HC,tai50_20_06.F.15_01,3,2785.0,3225.0,3005.0
n8_HC,n8,HC,tai50_20_06.F.15_01,4,2787.0,3185.0,2986.0
n8_HC,n8,HC,tai50_20_06.F.15_01,5,2813.0,3233.0,3023.0
n8_HC,n8,HC,tai50_20_06.F.15_01,6,2794.0,3196.0,2995.0
n8_HC,n8,HC,tai50_20_06.F.15_01,7,2762.0,3194.0,2978.0
n8_HC,n8,HC,tai50_20_06.F.15_01,8,2755.0,3196.0,2975.5
n8_HC,n8,HC,tai50_20_06.F.15_01,9,2722.0,3160.0,2941.0
n8_HC,n8,HC,tai50_20_06.F.15_01,10,2752.0,3167.0,2959.5
n8_HC,n8,HC,tai50_20_06.F.15_01,11,2738.0,3165.0,2951.5
n8_HC,n8,HC,tai50_20_06.F.15_01,12,2783.0,3218.0,3000.5
n8_HC,n8,HC,tai50_20_06.F.15_01,13,2787.0,3190.0,2988.5
n8_HC,n8,HC,tai50_20_06.F.15_01,14,2742.0,3174.0,2958.0
n8_HC,n8,HC,tai50_20_06.F.15_01,15,2774.0,3193.0,2983.5
n8_HC,n8,HC,tai50_20_06.F.15_01,16,2786.0,3231.0,3008.5
n8_HC,n8,HC,tai50_20_06.F.15_01,17,2759.0,3174.0,2966.5
n8_HC,n8,HC,tai50_20_06.F.15_01,18,2799.0,3215.0,3007.0
n8_HC,n8,HC,tai50_20_06.F.15_01,19,2810.0,3228.0,3019.0
n8_HC,n8,HC,tai50_20_06.F.15_01,20,2821.0,3217.0,3019.0
n8_HC,n8,HC,tai50_20_06.F.15_01,21,2746.0,3163.0,2954.5
n8_HC,n8,HC,tai50_20_06.F.15_01,22,2781.0,3204.0,2992.5
n8_HC,n8,HC,tai50_20_06.F.15_01,23,2784.0,3224.0,3004.0
n8_HC,n8,HC,tai50_20_06.F.15_01,24,2794.0,3241.0,3017.5
n8_HC,n8,HC,tai50_20_06.F.15_01,25,2757.0,3172.0,2964.5
n8_HC,n8,HC,tai50_20_06.F.15_01,26,2790.0,3202.0,2996.0
n8_HC,n8,HC,tai50_20_06.F.15_01,27,2759.0,3181.0,2970.0
n8_HC,n8,HC,tai50_20_06.F.15_01,28,2771.0,3200.0,2985.5
n8_HC,n8,HC,tai50_20_06.F.15_01,29,2775.0,3200.0,2987.5
n8_HC,n8,HC,tai50_20_06.F.15_01,30,2820.0,3238.0,3029.0
n8_HC,n8,HC,tai50_20_07.F.15_01,1,2884.0,3306.0,3095.0
n8_HC,n8,HC,tai50_20_07.F.15_01,2,2797.0,3267.0,3032.0
n8_HC,n8,HC,tai50_20_07.F.15_01,3,2791.0,3263.0,3027.0
n8_HC,n8,HC,tai50_20_07.F.15_01,4,2748.0,3192.0,2970.0
n8_HC,n8,HC,tai50_20_07.F.15_01,5,2700.0,3116.0,2908.0
n8_HC,n8,HC,tai50_20_07.F.15_01,6,2773.0,3210.0,2991.5
n8_HC,n8,HC,tai50_20_07.F.15_01,7,2806.0,3215.0,3010.5
n8_HC,n8,HC,tai50_20_07.F.15_01,8,2755.0,3188.0,2971.5
n8_HC,n8,HC,tai50_20_07.F.15_01,9,2710.0,3152.0,2931.0
n8_HC,n8,HC,tai50_20_07.F.15_01,10,2760.0,3190.0,2975.0
n8_HC,n8,HC,tai50_20_07.F.15_01,11,2729.0,3179.0,2954.0
n8_HC,n8,HC,tai50_20_07.F.15_01,12,2789.0,3253.0,3021.0
n8_HC,n8,HC,tai50_20_07.F.15_01,13,2821.0,3227.0,3024.0
n8_HC,n8,HC,tai50_20_07.F.15_01,14,2749.0,3187.0,2968.0
n8_HC,n8,HC,tai50_20_07.F.15_01,15,2794.0,3198.0,2996.0
n8_HC,n8,HC,tai50_20_07.F.15_01,16,2824.0,3286.0,3055.0
n8_HC,n8,HC,tai50_20_07.F.15_01,17,2734.0,3188.0,2961.0
n8_HC,n8,HC,tai50_20_07.F.15_01,18,2812.0,3278.0,3045.0
n8_HC,n8,HC,tai50_20_07.F.15_01,19,2738.0,3214.0,2976.0
n8_HC,n8,HC,tai50_20_07.F.15_01,20,2732.0,3204.0,2968.0
n8_HC,n8,HC,tai50_20_07.F.15_01,21,2724.0,3176.0,2950.0
n8_HC,n8,HC,tai50_20_07.F.15_01,22,2749.0,3200.0,2974.5
n8_HC,n8,HC,tai50_20_07.F.15_01,23,2730.0,3200.0,2965.0
n8_HC,n8,HC,tai50_20_07.F.15_01,24,2808.0,3230.0,3019.0
n8_HC,n8,HC,tai50_20_07.F.15_01,25,2767.0,3199.0,2983.0
n8_HC,n8,HC,tai50_20_07.F.15_01,26,2747.0,3195.0,2971.0
n8_HC,n8,HC,tai50_20_07.F.15_01,27,2755.0,3187.0,2971.0
n8_HC,n8,HC,tai50_20_07.F.15_01,28,2750.0,3204.0,2977.0
n8_HC,n8,HC,tai50_20_07.F.15_01,29,2758.0,3226.0,2992.0
n8_HC,n8,HC,tai50_20_07.F.15_01,30,2771.0,3210.0,2990.5
n8_HC,n8,HC,tai50_20_08.F.15_01,1,2737.0,3160.0,2948.5
n8_HC,n8,HC,tai50_20_08.F.15_01,2,2695.0,3090.0,2892.5
n8_HC,n8,HC,tai50_20_08.F.15_01,3,2690.0,3088.0,2889.0
n8_HC,n8,HC,tai50_20_08.F.15_01,4,2710.0,3100.0,2905.0
n8_HC,n8,HC,tai50_20_08.F.15_01,5,2746.0,3102.0,2924.0
n8_HC,n8,HC,tai50_20_08.F.15_01,6,2689.0,3054.0,2871.5
n8_HC,n8,HC,tai50_20_08.F.15_01,7,2740.0,3116.0,2928.0
n8_HC,n8,HC,tai50_20_08.F.15_01,8,2702.0,3113.0,2907.5
n8_HC,n8,HC,tai50_20_08.F.15_01,9,2695.0,3078.0,2886.5
n8_HC,n8,HC,tai50_20_08.F.15_01,10,2683.0,3064.0,2873.5
n8_HC,n8,HC,tai50_20_08.F.15_01,11,2687.0,3081.0,2884.0
n8_HC,n8,HC,tai50_20_08.F.15_01,12,2761.0,3161.0,2961.0
n8_HC,n8,HC,tai50_20_08.F.15_01,13,2710.0,3156.0,2933.0
n8_HC,n8,HC,tai50_20_08.F.15_01,14,2751.0,3185.0,2968.0
n8_HC,n8,HC,tai50_20_08.F.15_01,15,2776.0,3160.0,2968.0
n8_HC,n8,HC,tai50_20_08.F.15_01,16,2693.0,3106.0,2899.5
n8_HC,n8,HC,tai50_20_08.F.15_01,17,2737.0,3161.0,2949.0
n8_HC,n8,HC,tai50_20_08.F.15_01,18,2723.0,3111.0,2917.0
n8_HC,n8,HC,tai50_20_08.F.15_01,19,2685.0,3089.0,2887.0
n8_HC,n8,HC,tai50_20_08.F.15_01,20,2701.0,3067.0,2884.0
n8_HC,n8,HC,tai50_20_08.F.15_01,21,2681.0,3103.0,2892.0
n8_HC,n8,HC,tai50_20_08.F.15_01,22,2715.0,3097.0,2906.0
n8_HC,n8,HC,tai50_20_08.F.15_01,23,2729.0,3104.0,2916.5
n8_HC,n8,HC,tai50_20_08.F.15_01,24,2671.0,3101.0,2886.0
n8_HC,n8,HC,tai50_20_08.F.15_01,25,2772.0,3194.0,2983.0
n8_HC,n8,HC,tai50_20_08.F.15_01,26,2663.0,3048.0,2855.5
n8_HC,n8,HC,tai50_20_08.F.15_01,27,2796.0,3184.0,2990.0
n8_HC,n8,HC,tai50_20_08.F.15_01,28,2707.0,3129.0,2918.0
n8_HC,n8,HC,tai50_20_08.F.15_01,29,2670.0,3074.0,2872.0
n8_HC,n8,HC,tai50_20_08.F.15_01,30,2762.0,3167.0,2964.5
n8_HC,n8,HC,tai50_20_09.F.15_01,1,2936.0,3382.0,3159.0
n8_HC,n8,HC,tai50_20_09.F.15_01,2,2949.0,3413.0,3181.0
n8_HC,n8,HC,tai50_20_09.F.15_01,3,2909.0,3371.0,3140.0
n8_HC,n8,HC,tai50_20_09.F.15_01,4,2922.0,3382.0,3152.0
n8_HC,n8,HC,tai50_20_09.F.15_01,5,2920.0,3394.0,3157.0
n8_HC,n8,HC,tai50_20_09.F.15_01,6,2978.0,3450.0,3214.0
n8_HC,n8,HC,tai50_20_09.F.15_01,7,2903.0,3360.0,3131.5
n8_HC,n8,HC,tai50_20_09.F.15_01,8,2933.0,3403.0,3168.0
n8_HC,n8,HC,tai50_20_09.F.15_01,9,2920.0,3390.0,3155.0
n8_HC,n8,HC,tai50_20_09.F.15_01,10,2938.0,3404.0,3171.0
n8_HC,n8,HC,tai50_20_09.F.15_01,11,2917.0,3381.0,3149.0
n8_HC,n8,HC,tai50_20_09.F.15_01,12,2895.0,3386.0,3140.5
n8_HC,n8,HC,tai50_20_09.F.15_01,13,2877.0,3343.0,3110.0
n8_HC,n8,HC,tai50_20_09.F.15_01,14,2943.0,3383.0,3163.0
n8_HC,n8,HC,tai50_20_09.F.15_01,15,2939.0,3398.0,3168.5
n8_HC,n8,HC,tai50_20_09.F.15_01,16,2949.0,3395.0,3172.0
n8_HC,n8,HC,tai50_20_09.F.15_01,17,2947.0,3433.0,3190.0
n8_HC,n8,HC,tai50_20_09.F.15_01,18,2991.0,3461.0,3226.0
n8_HC,n8,HC,tai50_20_09.F.15_01,19,2905.0,3374.0,3139.5
n8_HC,n8,HC,tai50_20_09.F.15_01,20,2890.0,3345.0,3117.5
n8_HC,n8,HC,tai50_20_09.F.15_01,21,2893.0,3352.0,3122.5
n8_HC,n8,HC,tai50_20_09.F.15_01,22,2980.0,3414.0,3197.0
n8_HC,n8,HC,tai50_20_09.F.15_01,23,3003.0,3505.0,3254.0
n8_HC,n8,HC,tai50_20_09.F.15_01,24,2906.0,3387.0,3146.5
n8_HC,n8,HC,tai50_20_09.F.15_01,25,2954.0,3434.0,3194.0
n8_HC,n8,HC,tai50_20_09.F.15_01,26,2913.0,3367.0,3140.0
n8_HC,n8,HC,tai50_20_09.F.15_01,27,2933.0,3403.0,3168.0
n8_HC,n8,HC,tai50_20_09.F.15_01,28,2906.0,3385.0,3145.5
n8_HC,n8,HC,tai50_20_09.F.15_01,29,2928.0,3390.0,3159.0
n8_HC,n8,HC,tai50_20_09.F.15_01,30,2888.0,3350.0,3119.0
n8_HC,n8,HC,tai50_20_10.F.15_01,1,2952.0,3387.0,3169.5
n8_HC,n8,HC,tai50_20_10.F.15_01,2,3017.0,3433.0,3225.0
n8_HC,n8,HC,tai50_20_10.F.15_01,3,2942.0,3400.0,3171.0
n8_HC,n8,HC,tai50_20_10.F.15_01,4,2983.0,3415.0,3199.0
n8_HC,n8,HC,tai50_20_10.F.15_01,5,3010.0,3429.0,3219.5
n8_HC,n8,HC,tai50_20_10.F.15_01,6,2948.0,3370.0,3159.0
n8_HC,n8,HC,tai50_20_10.F.15_01,7,2995.0,3434.0,3214.5
n8_HC,n8,HC,tai50_20_10.F.15_01,8,2998.0,3450.0,3224.0
n8_HC,n8,HC,tai50_20_10.F.15_01,9,2941.0,3345.0,3143.0
n8_HC,n8,HC,tai50_20_10.F.15_01,10,2979.0,3421.0,3200.0
n8_HC,n8,HC,tai50_20_10.F.15_01,11,3052.0,3459.0,3255.5
n8_HC,n8,HC,tai50_20_10.F.15_01,12,2970.0,3393.0,3181.5
n8_HC,n8,HC,tai50_20_10.F.15_01,13,3011.0,3411.0,3211.0
n8_HC,n8,HC,tai50_20_10.F.15_01,14,2971.0,3414.0,3192.5
n8_HC,n8,HC,tai50_20_10.F.15_01,15,3003.0,3457.0,3230.0
n8_HC,n8,HC,tai50_20_10.F.15_01,16,2979.0,3399.0,3189.0
n8_HC,n8,HC,tai50_20_10.F.15_01,17,2960.0,3404.0,3182.0
n8_HC,n8,HC,tai50_20_10.F.15_01,18,3050.0,3478.0,3264.0
n8_HC,n8,HC,tai50_20_10.F.15_01,19,2974.0,3403.0,3188.5
n8_HC,n8,HC,tai50_20_10.F.15_01,20,2981.0,3406.0,3193.5
n8_HC,n8,HC,tai50_20_10.F.15_01,21,2980.0,3419.0,3199.5
n8_HC,n8,HC,tai50_20_10.F.15_01,22,3035.0,3443.0,3239.0
n8_HC,n8,HC,tai50_20_10.F.15_01,23,2970.0,3392.0,3181.0
n8_HC,n8,HC,tai50_20_10.F.15_01,24,3009.0,3434.0,3221.5
n8_HC,n8,HC,tai50_20_10.F.15_01,25,3011.0,3441.0,3226.0
n8_HC,n8,HC,tai50_20_10.F.15_01,26,3063.0,3487.0,3275.0
n8_HC,n8,HC,tai50_20_10.F.15_01,27,3003.0,3399.0,3201.0
n8_HC,n8,HC,tai50_20_10.F.15_01,28,2998.0,3441.0,3219.5
n8_HC,n8,HC,tai50_20_10.F.15_01,29,3026.0,3446.0,3236.0
n8_HC,n8,HC,tai50_20_10.F.15_01,30,2966.0,3400.0,3183.0
