algo,inst,clase,arm,run,ecmax
ga,ft10,10x10,A0,1,939.0
ga,ft10,10x10,A0,2,939.0
ga,ft10,10x10,A0,3,950.0
ga,ft10,10x10,A0,4,959.5
ga,ft10,10x10,A0,5,946.5
ga,ft10,10x10,A0,6,939.0
ga,ft10,10x10,A0,7,939.0
ga,ft10,10x10,A0,8,948.0
ga,ft10,10x10,A0,9,935.5
ga,ft10,10x10,A0,10,952.5
ga,ft10,10x10,A0,11,939.0
ga,ft10,10x10,A0,12,952.5
ga,ft10,10x10,A0,13,935.5
ga,ft10,10x10,A0,14,939.0
ga,ft10,10x10,A0,15,950.0
ga,ft10,10x10,A0,16,939.0
ga,ft10,10x10,A0,17,962.5
ga,ft10,10x10,A0,18,961.0
ga,ft10,10x10,A0,19,939.0
ga,ft10,10x10,A0,20,950.0
ga,ft10,10x10,A0,21,939.0
ga,ft10,10x10,A0,22,940.0
ga,ft10,10x10,A0,23,947.0
ga,ft10,10x10,A0,24,935.5
ga,ft10,10x10,A0,25,952.5
ga,ft10,10x10,A0,26,939.0
ga,ft10,10x10,A0,27,952.5
ga,ft10,10x10,A0,28,935.5
ga,ft10,10x10,A0,29,939.0
ga,ft10,10x10,A0,30,950.0
ga,ft10,10x10,V2H,1,940.0
ga,ft10,10x10,V2H,2,940.0
ga,ft10,10x10,V2H,3,950.0
ga,ft10,10x10,V2H,4,940.0
ga,ft10,10x10,V2H,5,940.0
ga,ft10,10x10,V2H,6,940.0
ga,ft10,10x10,V2H,7,940.0
ga,ft10,10x10,V2H,8,940.0
ga,ft10,10x10,V2H,9,940.0
ga,ft10,10x10,V2H,10,940.0
ga,ft10,10x10,V2H,11,950.0
ga,ft10,10x10,V2H,12,950.0
ga,ft10,10x10,V2H,13,970.0
ga,ft10,10x10,V2H,14,969.0
ga,ft10,10x10,V2H,15,940.0
ga,ft10,10x10,V2H,16,940.0
ga,ft10,10x10,V2H,17,940.0
ga,ft10,10x10,V2H,18,940.0
ga,ft10,10x10,V2H,19,940.0
ga,ft10,10x10,V2H,20,940.0
ga,ft10,10x10,V2H,21,940.0
ga,ft10,10x10,V2H,22,950.0
ga,ft10,10x10,V2H,23,940.0
ga,ft10,10x10,V2H,24,950.0
ga,ft10,10x10,V2H,25,950.0
ga,ft10,10x10,V2H,26,940.0
ga,ft10,10x10,V2H,27,950.0
ga,ft10,10x10,V2H,28,940.0
ga,ft10,10x10,V2H,29,950.0
ga,ft10,10x10,V2H,30,940.0
ga,ft10,10x10,V2,1,940.0
ga,ft10,10x10,V2,2,940.0
ga,ft10,10x10,V2,3,969.0
ga,ft10,10x10,V2,4,940.0
ga,ft10,10x10,V2,5,940.0
ga,ft10,10x10,V2,6,950.0
ga,ft10,10x10,V2,7,969.0
ga,ft10,10x10,V2,8,940.0
ga,ft10,10x10,V2,9,940.0
ga,ft10,10x10,V2,10,950.0
ga,ft10,10x10,V2,11,950.0
ga,ft10,10x10,V2,12,940.0
ga,ft10,10x10,V2,13,940.0
ga,ft10,10x10,V2,14,950.0
ga,ft10,10x10,V2,15,941.0
ga,ft10,10x10,V2,16,940.0
ga,ft10,10x10,V2,17,940.0
ga,ft10,10x10,V2,18,950.0
ga,ft10,10x10,V2,19,950.0
ga,ft10,10x10,V2,20,940.0
ga,ft10,10x10,V2,21,940.0
ga,ft10,10x10,V2,22,950.0
ga,ft10,10x10,V2,23,940.0
ga,ft10,10x10,V2,24,969.0
ga,ft10,10x10,V2,25,940.0
ga,ft10,10x10,V2,26,950.0
ga,ft10,10x10,V2,27,940.0
ga,ft10,10x10,V2,28,950.0
ga,ft10,10x10,V2,29,940.0
ga,ft10,10x10,V2,30,940.0
ga,ft10,10x10,MOR,1,990.5
ga,ft10,10x10,MOR,2,1008.0
ga,ft10,10x10,MOR,3,1014.0
ga,ft10,10x10,MOR,4,998.0
ga,ft10,10x10,MOR,5,1012.0
ga,ft10,10x10,MOR,6,993.0
ga,ft10,10x10,MOR,7,1010.5
ga,ft10,10x10,MOR,8,989.5
ga,ft10,10x10,MOR,9,1012.0
ga,ft10,10x10,MOR,10,978.0
ga,ft10,10x10,MOR,11,958.0
ga,ft10,10x10,MOR,12,999.0
ga,ft10,10x10,MOR,13,1008.0
ga,ft10,10x10,MOR,14,990.5
ga,ft10,10x10,MOR,15,1010.5
ga,ft10,10x10,MOR,16,1001.5
ga,ft10,10x10,MOR,17,999.0
ga,ft10,10x10,MOR,18,990.5
ga,ft10,10x10,MOR,19,969.0
ga,ft10,10x10,MOR,20,972.5
ga,ft10,10x10,MOR,21,969.0
ga,ft10,10x10,MOR,22,980.0
ga,ft10,10x10,MOR,23,1005.0
ga,ft10,10x10,MOR,24,969.0
ga,ft10,10x10,MOR,25,990.5
ga,ft10,10x10,MOR,26,1013.0
ga,ft10,10x10,MOR,27,999.0
ga,ft10,10x10,MOR,28,974.5
ga,ft10,10x10,MOR,29,1014.0
ga,ft10,10x10,MOR,30,969.0
ga,ft10,10x10,GT,1,960.5
ga,ft10,10x10,GT,2,960.5
ga,ft10,10x10,GT,3,960.5
ga,ft10,10x10,GT,4,946.0
ga,ft10,10x10,GT,5,946.0
ga,ft10,10x10,GT,6,946.0
ga,ft10,10x10,GT,7,960.5
ga,ft10,10x10,GT,8,960.5
ga,ft10,10x10,GT,9,946.0
ga,ft10,10x10,GT,10,960.5
ga,ft10,10x10,GT,11,946.0
ga,ft10,10x10,GT,12,957.0
ga,ft10,10x10,GT,13,946.0
ga,ft10,10x10,GT,14,960.5
ga,ft10,10x10,GT,15,946.0
ga,ft10,10x10,GT,16,960.5
ga,ft10,10x10,GT,17,960.5
ga,ft10,10x10,GT,18,960.5
ga,ft10,10x10,GT,19,946.0
ga,ft10,10x10,GT,20,960.5
ga,ft10,10x10,GT,21,960.5
ga,ft10,10x10,GT,22,960.5
ga,ft10,10x10,GT,23,960.5
ga,ft10,10x10,GT,24,946.0
ga,ft10,10x10,GT,25,946.0
ga,ft10,10x10,GT,26,963.0
ga,ft10,10x10,GT,27,960.5
ga,ft10,10x10,GT,28,960.5
ga,ft10,10x10,GT,29,946.0
ga,ft10,10x10,GT,30,960.5
ga,ft10,10x10,GP,1,946.0
ga,ft10,10x10,GP,2,946.0
ga,ft10,10x10,GP,3,946.0
ga,ft10,10x10,GP,4,946.0
ga,ft10,10x10,GP,5,946.0
ga,ft10,10x10,GP,6,946.0
ga,ft10,10x10,GP,7,967.0
ga,ft10,10x10,GP,8,966.0
ga,ft10,10x10,GP,9,946.0
ga,ft10,10x10,GP,10,946.0
ga,ft10,10x10,GP,11,946.0
ga,ft10,10x10,GP,12,946.0
ga,ft10,10x10,GP,13,946.0
ga,ft10,10x10,GP,14,946.0
ga,ft10,10x10,GP,15,946.0
ga,ft10,10x10,GP,16,946.0
ga,ft10,10x10,GP,17,946.0
ga,ft10,10x10,GP,18,946.0
ga,ft10,10x10,GP,19,946.0
ga,ft10,10x10,GP,20,946.0
ga,ft10,10x10,GP,21,946.0
ga,ft10,10x10,GP,22,946.0
ga,ft10,10x10,GP,23,946.0
ga,ft10,10x10,GP,24,957.5
ga,ft10,10x10,GP,25,946.0
ga,ft10,10x10,GP,26,959.5
ga,ft10,10x10,GP,27,946.0
ga,ft10,10x10,GP,28,967.0
ga,ft10,10x10,GP,29,946.0
ga,ft10,10x10,GP,30,957.0
ga,ft10,10x10,MIX,1,946.0
ga,ft10,10x10,MIX,2,942.5
ga,ft10,10x10,MIX,3,957.0
ga,ft10,10x10,MIX,4,957.0
ga,ft10,10x10,MIX,5,957.5
ga,ft10,10x10,MIX,6,946.0
ga,ft10,10x10,MIX,7,946.0
ga,ft10,10x10,MIX,8,946.0
ga,ft10,10x10,MIX,9,957.0
ga,ft10,10x10,MIX,10,946.0
ga,ft10,10x10,MIX,11,946.0
ga,ft10,10x10,MIX,12,946.0
ga,ft10,10x10,MIX,13,946.0
ga,ft10,10x10,MIX,14,946.0
ga,ft10,10x10,MIX,15,946.0
ga,ft10,10x10,MIX,16,946.0
ga,ft10,10x10,MIX,17,946.0
ga,ft10,10x10,MIX,18,946.0
ga,ft10,10x10,MIX,19,946.0
ga,ft10,10x10,MIX,20,952.0
ga,ft10,10x10,MIX,21,946.0
ga,ft10,10x10,MIX,22,957.0
ga,ft10,10x10,MIX,23,946.0
ga,ft10,10x10,MIX,24,946.0
ga,ft10,10x10,MIX,25,960.5
ga,ft10,10x10,MIX,26,967.0
ga,ft10,10x10,MIX,27,957.0
ga,ft10,10x10,MIX,28,946.0
ga,ft10,10x10,MIX,29,946.0
ga,ft10,10x10,MIX,30,946.0
ga,tai15_15_01,15x15,A0,1,1287.5
ga,tai15_15_01,15x15,A0,2,1284.0
ga,tai15_15_01,15x15,A0,3,1286.0
ga,tai15_15_01,15x15,A0,4,1311.5
ga,tai15_15_01,15x15,A0,5,1275.0
ga,tai15_15_01,15x15,A0,6,1285.0
ga,tai15_15_01,15x15,A0,7,1284.0
ga,tai15_15_01,15x15,A0,8,1296.5
ga,tai15_15_01,15x15,A0,9,1298.5
ga,tai15_15_01,15x15,A0,10,1285.0
ga,tai15_15_01,15x15,A0,11,1284.0
ga,tai15_15_01,15x15,A0,12,1300.0
ga,tai15_15_01,15x15,A0,13,1311.5
ga,tai15_15_01,15x15,A0,14,1311.5
ga,tai15_15_01,15x15,A0,15,1311.5
ga,tai15_15_01,15x15,A0,16,1285.5
ga,tai15_15_01,15x15,A0,17,1311.5
ga,tai15_15_01,15x15,A0,18,1286.0
ga,tai15_15_01,15x15,A0,19,1273.0
ga,tai15_15_01,15x15,A0,20,1311.5
ga,tai15_15_01,15x15,A0,21,1285.0
ga,tai15_15_01,15x15,A0,22,1287.5
ga,tai15_15_01,15x15,A0,23,1284.0
ga,tai15_15_01,15x15,A0,24,1284.0
ga,tai15_15_01,15x15,A0,25,1285.0
ga,tai15_15_01,15x15,A0,26,1286.0
ga,tai15_15_01,15x15,A0,27,1315.0
ga,tai15_15_01,15x15,A0,28,1296.5
ga,tai15_15_01,15x15,A0,29,1315.0
ga,tai15_15_01,15x15,A0,30,1286.0
ga,tai15_15_01,15x15,V2H,1,1281.5
ga,tai15_15_01,15x15,V2H,2,1285.0
ga,tai15_15_01,15x15,V2H,3,1292.5
ga,tai15_15_01,15x15,V2H,4,1294.5
ga,tai15_15_01,15x15,V2H,5,1281.0
ga,tai15_15_01,15x15,V2H,6,1286.0
ga,tai15_15_01,15x15,V2H,7,1280.5
ga,tai15_15_01,15x15,V2H,8,1284.0
ga,tai15_15_01,15x15,V2H,9,1281.0
ga,tai15_15_01,15x15,V2H,10,1279.5
ga,tai15_15_01,15x15,V2H,11,1269.0
ga,tai15_15_01,15x15,V2H,12,1278.0
ga,tai15_15_01,15x15,V2H,13,1285.5
ga,tai15_15_01,15x15,V2H,14,1283.5
ga,tai15_15_01,15x15,V2H,15,1282.0
ga,tai15_15_01,15x15,V2H,16,1285.0
ga,tai15_15_01,15x15,V2H,17,1273.5
ga,tai15_15_01,15x15,V2H,18,1276.5
ga,tai15_15_01,15x15,V2H,19,1276.5
ga,tai15_15_01,15x15,V2H,20,1270.0
ga,tai15_15_01,15x15,V2H,21,1294.0
ga,tai15_15_01,15x15,V2H,22,1272.5
ga,tai15_15_01,15x15,V2H,23,1278.5
ga,tai15_15_01,15x15,V2H,24,1286.0
ga,tai15_15_01,15x15,V2H,25,1280.0
ga,tai15_15_01,15x15,V2H,26,1284.0
ga,tai15_15_01,15x15,V2H,27,1290.5
ga,tai15_15_01,15x15,V2H,28,1269.0
ga,tai15_15_01,15x15,V2H,29,1273.0
ga,tai15_15_01,15x15,V2H,30,1281.5
ga,tai15_15_01,15x15,V2,1,1290.5
ga,tai15_15_01,15x15,V2,2,1270.0
ga,tai15_15_01,15x15,V2,3,1286.0
ga,tai15_15_01,15x15,V2,4,1282.0
ga,tai15_15_01,15x15,V2,5,1290.5
ga,tai15_15_01,15x15,V2,6,1289.5
ga,tai15_15_01,15x15,V2,7,1295.0
ga,tai15_15_01,15x15,V2,8,1289.5
ga,tai15_15_01,15x15,V2,9,1282.0
ga,tai15_15_01,15x15,V2,10,1281.0
ga,tai15_15_01,15x15,V2,11,1284.0
ga,tai15_15_01,15x15,V2,12,1285.0
ga,tai15_15_01,15x15,V2,13,1284.5
ga,tai15_15_01,15x15,V2,14,1281.5
ga,tai15_15_01,15x15,V2,15,1278.5
ga,tai15_15_01,15x15,V2,16,1279.0
ga,tai15_15_01,15x15,V2,17,1266.5
ga,tai15_15_01,15x15,V2,18,1279.0
ga,tai15_15_01,15x15,V2,19,1279.0
ga,tai15_15_01,15x15,V2,20,1289.5
ga,tai15_15_01,15x15,V2,21,1277.5
ga,tai15_15_01,15x15,V2,22,1285.5
ga,tai15_15_01,15x15,V2,23,1260.5
ga,tai15_15_01,15x15,V2,24,1280.5
ga,tai15_15_01,15x15,V2,25,1284.0
ga,tai15_15_01,15x15,V2,26,1284.0
ga,tai15_15_01,15x15,V2,27,1270.0
ga,tai15_15_01,15x15,V2,28,1279.0
ga,tai15_15_01,15x15,V2,29,1278.5
ga,tai15_15_01,15x15,V2,30,1284.0
ga,tai15_15_01,15x15,MOR,1,1320.0
ga,tai15_15_01,15x15,MOR,2,1336.5
ga,tai15_15_01,15x15,MOR,3,1321.0
ga,tai15_15_01,15x15,MOR,4,1315.0
ga,tai15_15_01,15x15,MOR,5,1320.0
ga,tai15_15_01,15x15,MOR,6,1339.5
ga,tai15_15_01,15x15,MOR,7,1310.0
ga,tai15_15_01,15x15,MOR,8,1338.0
ga,tai15_15_01,15x15,MOR,9,1315.0
ga,tai15_15_01,15x15,MOR,10,1321.5
ga,tai15_15_01,15x15,MOR,11,1319.0
ga,tai15_15_01,15x15,MOR,12,1321.5
ga,tai15_15_01,15x15,MOR,13,1345.0
ga,tai15_15_01,15x15,MOR,14,1319.0
ga,tai15_15_01,15x15,MOR,15,1310.5
ga,tai15_15_01,15x15,MOR,16,1329.0
ga,tai15_15_01,15x15,MOR,17,1311.0
ga,tai15_15_01,15x15,MOR,18,1339.0
ga,tai15_15_01,15x15,MOR,19,1304.0
ga,tai15_15_01,15x15,MOR,20,1311.5
ga,tai15_15_01,15x15,MOR,21,1298.5
ga,tai15_15_01,15x15,MOR,22,1322.5
ga,tai15_15_01,15x15,MOR,23,1325.0
ga,tai15_15_01,15x15,MOR,24,1311.5
ga,tai15_15_01,15x15,MOR,25,1338.0
ga,tai15_15_01,15x15,MOR,26,1336.0
ga,tai15_15_01,15x15,MOR,27,1320.0
ga,tai15_15_01,15x15,MOR,28,1315.0
ga,tai15_15_01,15x15,MOR,29,1328.0
ga,tai15_15_01,15x15,MOR,30,1319.0
ga,tai15_15_01,15x15,GT,1,1323.0
ga,tai15_15_01,15x15,GT,2,1319.5
ga,tai15_15_01,15x15,GT,3,1318.0
ga,tai15_15_01,15x15,GT,4,1330.0
ga,tai15_15_01,15x15,GT,5,1319.5
ga,tai15_15_01,15x15,GT,6,1313.5
ga,tai15_15_01,15x15,GT,7,1366.0
ga,tai15_15_01,15x15,GT,8,1366.5
ga,tai15_15_01,15x15,GT,9,1323.0
ga,tai15_15_01,15x15,GT,10,1319.5
ga,tai15_15_01,15x15,GT,11,1317.0
ga,tai15_15_01,15x15,GT,12,1318.0
ga,tai15_15_01,15x15,GT,13,1308.0
ga,tai15_15_01,15x15,GT,14,1319.5
ga,tai15_15_01,15x15,GT,15,1313.5
ga,tai15_15_01,15x15,GT,16,1320.5
ga,tai15_15_01,15x15,GT,17,1293.0
ga,tai15_15_01,15x15,GT,18,1318.0
ga,tai15_15_01,15x15,GT,19,1319.5
ga,tai15_15_01,15x15,GT,20,1319.0
ga,tai15_15_01,15x15,GT,21,1282.0
ga,tai15_15_01,15x15,GT,22,1319.5
ga,tai15_15_01,15x15,GT,23,1316.0
ga,tai15_15_01,15x15,GT,24,1323.0
ga,tai15_15_01,15x15,GT,25,1299.0
ga,tai15_15_01,15x15,GT,26,1366.0
ga,tai15_15_01,15x15,GT,27,1319.0
ga,tai15_15_01,15x15,GT,28,1319.0
ga,tai15_15_01,15x15,GT,29,1323.0
ga,tai15_15_01,15x15,GT,30,1319.5
ga,tai15_15_01,15x15,GP,1,1323.0
ga,tai15_15_01,15x15,GP,2,1323.0
ga,tai15_15_01,15x15,GP,3,1323.0
ga,tai15_15_01,15x15,GP,4,1289.5
ga,tai15_15_01,15x15,GP,5,1294.0
ga,tai15_15_01,15x15,GP,6,1323.0
ga,tai15_15_01,15x15,GP,7,1311.0
ga,tai15_15_01,15x15,GP,8,1323.0
ga,tai15_15_01,15x15,GP,9,1323.0
ga,tai15_15_01,15x15,GP,10,1323.0
ga,tai15_15_01,15x15,GP,11,1323.0
ga,tai15_15_01,15x15,GP,12,1301.5
ga,tai15_15_01,15x15,GP,13,1323.0
ga,tai15_15_01,15x15,GP,14,1323.0
ga,tai15_15_01,15x15,GP,15,1323.0
ga,tai15_15_01,15x15,GP,16,1323.0
ga,tai15_15_01,15x15,GP,17,1323.0
ga,tai15_15_01,15x15,GP,18,1319.0
ga,tai15_15_01,15x15,GP,19,1323.0
ga,tai15_15_01,15x15,GP,20,1323.0
ga,tai15_15_01,15x15,GP,21,1318.0
ga,tai15_15_01,15x15,GP,22,1323.0
ga,tai15_15_01,15x15,GP,23,1323.0
ga,tai15_15_01,15x15,GP,24,1323.0
ga,tai15_15_01,15x15,GP,25,1323.0
ga,tai15_15_01,15x15,GP,26,1289.0
ga,tai15_15_01,15x15,GP,27,1323.0
ga,tai15_15_01,15x15,GP,28,1323.0
ga,tai15_15_01,15x15,GP,29,1294.5
ga,tai15_15_01,15x15,GP,30,1323.0
ga,tai15_15_01,15x15,MIX,1,1270.5
ga,tai15_15_01,15x15,MIX,2,1272.5
ga,tai15_15_01,15x15,MIX,3,1281.0
ga,tai15_15_01,15x15,MIX,4,1281.0
ga,tai15_15_01,15x15,MIX,5,1262.0
ga,tai15_15_01,15x15,MIX,6,1281.5
ga,tai15_15_01,15x15,MIX,7,1323.0
ga,tai15_15_01,15x15,MIX,8,1266.5
ga,tai15_15_01,15x15,MIX,9,1270.0
ga,tai15_15_01,15x15,MIX,10,1282.0
ga,tai15_15_01,15x15,MIX,11,1274.5
ga,tai15_15_01,15x15,MIX,12,1270.0
ga,tai15_15_01,15x15,MIX,13,1275.0
ga,tai15_15_01,15x15,MIX,14,1281.0
ga,tai15_15_01,15x15,MIX,15,1296.5
ga,tai15_15_01,15x15,MIX,16,1269.0
ga,tai15_15_01,15x15,MIX,17,1270.0
ga,tai15_15_01,15x15,MIX,18,1286.0
ga,tai15_15_01,15x15,MIX,19,1273.0
ga,tai15_15_01,15x15,MIX,20,1273.0
ga,tai15_15_01,15x15,MIX,21,1271.0
ga,tai15_15_01,15x15,MIX,22,1270.0
ga,tai15_15_01,15x15,MIX,23,1272.0
ga,tai15_15_01,15x15,MIX,24,1273.0
ga,tai15_15_01,15x15,MIX,25,1266.0
ga,tai15_15_01,15x15,MIX,26,1275.0
ga,tai15_15_01,15x15,MIX,27,1275.5
ga,tai15_15_01,15x15,MIX,28,1270.5
ga,tai15_15_01,15x15,MIX,29,1281.0
ga,tai15_15_01,15x15,MIX,30,1270.0
ga,tai15_15_02,15x15,A0,1,1285.5
ga,tai15_15_02,15x15,A0,2,1288.0
ga,tai15_15_02,15x15,A0,3,1278.0
ga,tai15_15_02,15x15,A0,4,1273.5
ga,tai15_15_02,15x15,A0,5,1282.5
ga,tai15_15_02,15x15,A0,6,1280.0
ga,tai15_15_02,15x15,A0,7,1289.5
ga,tai15_15_02,15x15,A0,8,1289.5
ga,tai15_15_02,15x15,A0,9,1286.5
ga,tai15_15_02,15x15,A0,10,1289.5
ga,tai15_15_02,15x15,A0,11,1280.0
ga,tai15_15_02,15x15,A0,12,1273.5
ga,tai15_15_02,15x15,A0,13,1289.5
ga,tai15_15_02,15x15,A0,14,1273.5
ga,tai15_15_02,15x15,A0,15,1292.0
ga,tai15_15_02,15x15,A0,16,1273.5
ga,tai15_15_02,15x15,A0,17,1292.0
ga,tai15_15_02,15x15,A0,18,1292.0
ga,tai15_15_02,15x15,A0,19,1295.0
ga,tai15_15_02,15x15,A0,20,1283.0
ga,tai15_15_02,15x15,A0,21,1288.0
ga,tai15_15_02,15x15,A0,22,1285.0
ga,tai15_15_02,15x15,A0,23,1273.5
ga,tai15_15_02,15x15,A0,24,1282.5
ga,tai15_15_02,15x15,A0,25,1273.5
ga,tai15_15_02,15x15,A0,26,1294.0
ga,tai15_15_02,15x15,A0,27,1286.0
ga,tai15_15_02,15x15,A0,28,1280.0
ga,tai15_15_02,15x15,A0,29,1273.5
ga,tai15_15_02,15x15,A0,30,1282.0
ga,tai15_15_02,15x15,V2H,1,1289.5
ga,tai15_15_02,15x15,V2H,2,1289.5
ga,tai15_15_02,15x15,V2H,3,1281.0
ga,tai15_15_02,15x15,V2H,4,1301.0
ga,tai15_15_02,15x15,V2H,5,1293.0
ga,tai15_15_02,15x15,V2H,6,1295.0
ga,tai15_15_02,15x15,V2H,7,1292.0
ga,tai15_15_02,15x15,V2H,8,1297.0
ga,tai15_15_02,15x15,V2H,9,1287.5
ga,tai15_15_02,15x15,V2H,10,1287.5
ga,tai15_15_02,15x15,V2H,11,1287.5
ga,tai15_15_02,15x15,V2H,12,1286.5
ga,tai15_15_02,15x15,V2H,13,1293.0
ga,tai15_15_02,15x15,V2H,14,1299.5
ga,tai15_15_02,15x15,V2H,15,1298.0
ga,tai15_15_02,15x15,V2H,16,1289.5
ga,tai15_15_02,15x15,V2H,17,1307.0
ga,tai15_15_02,15x15,V2H,18,1282.0
ga,tai15_15_02,15x15,V2H,19,1307.0
ga,tai15_15_02,15x15,V2H,20,1289.5
ga,tai15_15_02,15x15,V2H,21,1293.0
ga,tai15_15_02,15x15,V2H,22,1286.5
ga,tai15_15_02,15x15,V2H,23,1281.0
ga,tai15_15_02,15x15,V2H,24,1289.5
ga,tai15_15_02,15x15,V2H,25,1300.0
ga,tai15_15_02,15x15,V2H,26,1305.5
ga,tai15_15_02,15x15,V2H,27,1282.0
ga,tai15_15_02,15x15,V2H,28,1307.0
ga,tai15_15_02,15x15,V2H,29,1307.0
ga,tai15_15_02,15x15,V2H,30,1288.5
ga,tai15_15_02,15x15,V2,1,1287.5
ga,tai15_15_02,15x15,V2,2,1289.5
ga,tai15_15_02,15x15,V2,3,1289.0
ga,tai15_15_02,15x15,V2,4,1285.0
ga,tai15_15_02,15x15,V2,5,1300.0
ga,tai15_15_02,15x15,V2,6,1287.0
ga,tai15_15_02,15x15,V2,7,1289.5
ga,tai15_15_02,15x15,V2,8,1289.5
ga,tai15_15_02,15x15,V2,9,1287.5
ga,tai15_15_02,15x15,V2,10,1289.5
ga,tai15_15_02,15x15,V2,11,1291.5
ga,tai15_15_02,15x15,V2,12,1287.0
ga,tai15_15_02,15x15,V2,13,1299.5
ga,tai15_15_02,15x15,V2,14,1292.0
ga,tai15_15_02,15x15,V2,15,1281.0
ga,tai15_15_02,15x15,V2,16,1289.5
ga,tai15_15_02,15x15,V2,17,1287.5
ga,tai15_15_02,15x15,V2,18,1289.5
ga,tai15_15_02,15x15,V2,19,1282.0
ga,tai15_15_02,15x15,V2,20,1289.5
ga,tai15_15_02,15x15,V2,21,1285.5
ga,tai15_15_02,15x15,V2,22,1286.5
ga,tai15_15_02,15x15,V2,23,1296.0
ga,tai15_15_02,15x15,V2,24,1296.5
ga,tai15_15_02,15x15,V2,25,1307.0
ga,tai15_15_02,15x15,V2,26,1287.5
ga,tai15_15_02,15x15,V2,27,1291.5
ga,tai15_15_02,15x15,V2,28,1296.5
ga,tai15_15_02,15x15,V2,29,1287.0
ga,tai15_15_02,15x15,V2,30,1287.0
ga,tai15_15_02,15x15,MOR,1,1289.5
ga,tai15_15_02,15x15,MOR,2,1301.0
ga,tai15_15_02,15x15,MOR,3,1281.5
ga,tai15_15_02,15x15,MOR,4,1306.5
ga,tai15_15_02,15x15,MOR,5,1292.0
ga,tai15_15_02,15x15,MOR,6,1298.0
ga,tai15_15_02,15x15,MOR,7,1301.0
ga,tai15_15_02,15x15,MOR,8,1291.0
ga,tai15_15_02,15x15,MOR,9,1301.0
ga,tai15_15_02,15x15,MOR,10,1301.0
ga,tai15_15_02,15x15,MOR,11,1301.0
ga,tai15_15_02,15x15,MOR,12,1301.0
ga,tai15_15_02,15x15,MOR,13,1286.0
ga,tai15_15_02,15x15,MOR,14,1289.0
ga,tai15_15_02,15x15,MOR,15,1301.0
ga,tai15_15_02,15x15,MOR,16,1300.0
ga,tai15_15_02,15x15,MOR,17,1306.5
ga,tai15_15_02,15x15,MOR,18,1289.0
ga,tai15_15_02,15x15,MOR,19,1273.5
ga,tai15_15_02,15x15,MOR,20,1291.5
ga,tai15_15_02,15x15,MOR,21,1301.5
ga,tai15_15_02,15x15,MOR,22,1289.0
ga,tai15_15_02,15x15,MOR,23,1292.0
ga,tai15_15_02,15x15,MOR,24,1282.0
ga,tai15_15_02,15x15,MOR,25,1301.0
ga,tai15_15_02,15x15,MOR,26,1282.0
ga,tai15_15_02,15x15,MOR,27,1299.0
ga,tai15_15_02,15x15,MOR,28,1301.0
ga,tai15_15_02,15x15,MOR,29,1285.5
ga,tai15_15_02,15x15,MOR,30,1307.5
ga,tai15_15_02,15x15,GT,1,1305.0
ga,tai15_15_02,15x15,GT,2,1305.0
ga,tai15_15_02,15x15,GT,3,1305.0
ga,tai15_15_02,15x15,GT,4,1305.0
ga,tai15_15_02,15x15,GT,5,1304.0
ga,tai15_15_02,15x15,GT,6,1305.0
ga,tai15_15_02,15x15,GT,7,1305.0
ga,tai15_15_02,15x15,GT,8,1292.5
ga,tai15_15_02,15x15,GT,9,1305.0
ga,tai15_15_02,15x15,GT,10,1306.0
ga,tai15_15_02,15x15,GT,11,1301.0
ga,tai15_15_02,15x15,GT,12,1305.0
ga,tai15_15_02,15x15,GT,13,1305.0
ga,tai15_15_02,15x15,GT,14,1305.0
ga,tai15_15_02,15x15,GT,15,1289.5
ga,tai15_15_02,15x15,GT,16,1297.0
ga,tai15_15_02,15x15,GT,17,1292.5
ga,tai15_15_02,15x15,GT,18,1305.0
ga,tai15_15_02,15x15,GT,19,1305.0
ga,tai15_15_02,15x15,GT,20,1313.5
ga,tai15_15_02,15x15,GT,21,1305.0
ga,tai15_15_02,15x15,GT,22,1305.0
ga,tai15_15_02,15x15,GT,23,1305.0
ga,tai15_15_02,15x15,GT,24,1310.5
ga,tai15_15_02,15x15,GT,25,1304.0
ga,tai15_15_02,15x15,GT,26,1305.0
ga,tai15_15_02,15x15,GT,27,1299.5
ga,tai15_15_02,15x15,GT,28,1305.0
ga,tai15_15_02,15x15,GT,29,1299.5
ga,tai15_15_02,15x15,GT,30,1313.5
ga,tai15_15_02,15x15,GP,1,1280.0
ga,tai15_15_02,15x15,GP,2,1287.0
ga,tai15_15_02,15x15,GP,3,1287.0
ga,tai15_15_02,15x15,GP,4,1286.0
ga,tai15_15_02,15x15,GP,5,1280.0
ga,tai15_15_02,15x15,GP,6,1287.0
ga,tai15_15_02,15x15,GP,7,1287.0
ga,tai15_15_02,15x15,GP,8,1288.5
ga,tai15_15_02,15x15,GP,9,1280.0
ga,tai15_15_02,15x15,GP,10,1280.0
ga,tai15_15_02,15x15,GP,11,1280.0
ga,tai15_15_02,15x15,GP,12,1287.0
ga,tai15_15_02,15x15,GP,13,1280.0
ga,tai15_15_02,15x15,GP,14,1287.0
ga,tai15_15_02,15x15,GP,15,1281.5
ga,tai15_15_02,15x15,GP,16,1280.0
ga,tai15_15_02,15x15,GP,17,1280.0
ga,tai15_15_02,15x15,GP,18,1280.0
ga,tai15_15_02,15x15,GP,19,1280.0
ga,tai15_15_02,15x15,GP,20,1280.0
ga,tai15_15_02,15x15,GP,21,1280.0
ga,tai15_15_02,15x15,GP,22,1287.0
ga,tai15_15_02,15x15,GP,23,1280.0
ga,tai15_15_02,15x15,GP,24,1280.0
ga,tai15_15_02,15x15,GP,25,1287.0
ga,tai15_15_02,15x15,GP,26,1280.0
ga,tai15_15_02,15x15,GP,27,1280.0
ga,tai15_15_02,15x15,GP,28,1287.0
ga,tai15_15_02,15x15,GP,29,1287.0
ga,tai15_15_02,15x15,GP,30,1280.0
ga,tai15_15_02,15x15,MIX,1,1289.0
ga,tai15_15_02,15x15,MIX,2,1280.0
ga,tai15_15_02,15x15,MIX,3,1281.5
ga,tai15_15_02,15x15,MIX,4,1280.0
ga,tai15_15_02,15x15,MIX,5,1280.0
ga,tai15_15_02,15x15,MIX,6,1310.0
ga,tai15_15_02,15x15,MIX,7,1295.0
ga,tai15_15_02,15x15,MIX,8,1308.5
ga,tai15_15_02,15x15,MIX,9,1288.0
ga,tai15_15_02,15x15,MIX,10,1281.0
ga,tai15_15_02,15x15,MIX,11,1293.5
ga,tai15_15_02,15x15,MIX,12,1273.5
ga,tai15_15_02,15x15,MIX,13,1274.0
ga,tai15_15_02,15x15,MIX,14,1280.0
ga,tai15_15_02,15x15,MIX,15,1293.5
ga,tai15_15_02,15x15,MIX,16,1293.5
ga,tai15_15_02,15x15,MIX,17,1289.0
ga,tai15_15_02,15x15,MIX,18,1280.0
ga,tai15_15_02,15x15,MIX,19,1293.5
ga,tai15_15_02,15x15,MIX,20,1292.0
ga,tai15_15_02,15x15,MIX,21,1280.0
ga,tai15_15_02,15x15,MIX,22,1272.5
ga,tai15_15_02,15x15,MIX,23,1273.5
ga,tai15_15_02,15x15,MIX,24,1293.5
ga,tai15_15_02,15x15,MIX,25,1274.0
ga,tai15_15_02,15x15,MIX,26,1287.0
ga,tai15_15_02,15x15,MIX,27,1280.0
ga,tai15_15_02,15x15,MIX,28,1293.5
ga,tai15_15_02,15x15,MIX,29,1292.0
ga,tai15_15_02,15x15,MIX,30,1293.5
ga,tai15_15_03,15x15,A0,1,1267.5
ga,tai15_15_03,15x15,A0,2,1259.5
ga,tai15_15_03,15x15,A0,3,1267.0
ga,tai15_15_03,15x15,A0,4,1264.0
ga,tai15_15_03,15x15,A0,5,1267.0
ga,tai15_15_03,15x15,A0,6,1270.0
ga,tai15_15_03,15x15,A0,7,1261.5
ga,tai15_15_03,15x15,A0,8,1267.0
ga,tai15_15_03,15x15,A0,9,1267.0
ga,tai15_15_03,15x15,A0,10,1292.5
ga,tai15_15_03,15x15,A0,11,1270.0
ga,tai15_15_03,15x15,A0,12,1267.0
ga,tai15_15_03,15x15,A0,13,1281.0
ga,tai15_15_03,15x15,A0,14,1267.0
ga,tai15_15_03,15x15,A0,15,1284.0
ga,tai15_15_03,15x15,A0,16,1290.0
ga,tai15_15_03,15x15,A0,17,1267.0
ga,tai15_15_03,15x15,A0,18,1288.0
ga,tai15_15_03,15x15,A0,19,1292.5
ga,tai15_15_03,15x15,A0,20,1270.0
ga,tai15_15_03,15x15,A0,21,1267.5
ga,tai15_15_03,15x15,A0,22,1267.5
ga,tai15_15_03,15x15,A0,23,1261.5
ga,tai15_15_03,15x15,A0,24,1267.0
ga,tai15_15_03,15x15,A0,25,1275.0
ga,tai15_15_03,15x15,A0,26,1267.0
ga,tai15_15_03,15x15,A0,27,1295.5
ga,tai15_15_03,15x15,A0,28,1267.0
ga,tai15_15_03,15x15,A0,29,1270.0
ga,tai15_15_03,15x15,A0,30,1308.0
ga,tai15_15_03,15x15,V2H,1,1279.0
ga,tai15_15_03,15x15,V2H,2,1262.0
ga,tai15_15_03,15x15,V2H,3,1279.5
ga,tai15_15_03,15x15,V2H,4,1275.0
ga,tai15_15_03,15x15,V2H,5,1266.5
ga,tai15_15_03,15x15,V2H,6,1283.0
ga,tai15_15_03,15x15,V2H,7,1257.5
ga,tai15_15_03,15x15,V2H,8,1280.0
ga,tai15_15_03,15x15,V2H,9,1266.5
ga,tai15_15_03,15x15,V2H,10,1281.0
ga,tai15_15_03,15x15,V2H,11,1266.5
ga,tai15_15_03,15x15,V2H,12,1266.5
ga,tai15_15_03,15x15,V2H,13,1287.5
ga,tai15_15_03,15x15,V2H,14,1282.5
ga,tai15_15_03,15x15,V2H,15,1282.5
ga,tai15_15_03,15x15,V2H,16,1265.0
ga,tai15_15_03,15x15,V2H,17,1287.5
ga,tai15_15_03,15x15,V2H,18,1277.0
ga,tai15_15_03,15x15,V2H,19,1287.5
ga,tai15_15_03,15x15,V2H,20,1266.5
ga,tai15_15_03,15x15,V2H,21,1284.0
ga,tai15_15_03,15x15,V2H,22,1282.5
ga,tai15_15_03,15x15,V2H,23,1282.5
ga,tai15_15_03,15x15,V2H,24,1279.0
ga,tai15_15_03,15x15,V2H,25,1287.5
ga,tai15_15_03,15x15,V2H,26,1275.0
ga,tai15_15_03,15x15,V2H,27,1287.5
ga,tai15_15_03,15x15,V2H,28,1266.5
ga,tai15_15_03,15x15,V2H,29,1287.5
ga,tai15_15_03,15x15,V2H,30,1275.0
ga,tai15_15_03,15x15,V2,1,1279.0
ga,tai15_15_03,15x15,V2,2,1282.5
ga,tai15_15_03,15x15,V2,3,1288.5
ga,tai15_15_03,15x15,V2,4,1278.5
ga,tai15_15_03,15x15,V2,5,1266.5
ga,tai15_15_03,15x15,V2,6,1279.0
ga,tai15_15_03,15x15,V2,7,1281.0
ga,tai15_15_03,15x15,V2,8,1285.5
ga,tai15_15_03,15x15,V2,9,1282.5
ga,tai15_15_03,15x15,V2,10,1282.0
ga,tai15_15_03,15x15,V2,11,1266.5
ga,tai15_15_03,15x15,V2,12,1281.0
ga,tai15_15_03,15x15,V2,13,1266.5
ga,tai15_15_03,15x15,V2,14,1289.5
ga,tai15_15_03,15x15,V2,15,1259.5
ga,tai15_15_03,15x15,V2,16,1274.0
ga,tai15_15_03,15x15,V2,17,1290.0
ga,tai15_15_03,15x15,V2,18,1266.5
ga,tai15_15_03,15x15,V2,19,1283.0
ga,tai15_15_03,15x15,V2,20,1264.5
ga,tai15_15_03,15x15,V2,21,1265.0
ga,tai15_15_03,15x15,V2,22,1287.5
ga,tai15_15_03,15x15,V2,23,1282.5
ga,tai15_15_03,15x15,V2,24,1275.0
ga,tai15_15_03,15x15,V2,25,1274.5
ga,tai15_15_03,15x15,V2,26,1266.5
ga,tai15_15_03,15x15,V2,27,1282.0
ga,tai15_15_03,15x15,V2,28,1285.5
ga,tai15_15_03,15x15,V2,29,1275.0
ga,tai15_15_03,15x15,V2,30,1274.0
ga,tai15_15_03,15x15,MOR,1,1296.0
ga,tai15_15_03,15x15,MOR,2,1286.5
ga,tai15_15_03,15x15,MOR,3,1280.5
ga,tai15_15_03,15x15,MOR,4,1284.5
ga,tai15_15_03,15x15,MOR,5,1291.5
ga,tai15_15_03,15x15,MOR,6,1297.5
ga,tai15_15_03,15x15,MOR,7,1291.5
ga,tai15_15_03,15x15,MOR,8,1284.5
ga,tai15_15_03,15x15,MOR,9,1280.0
ga,tai15_15_03,15x15,MOR,10,1284.5
ga,tai15_15_03,15x15,MOR,11,1291.5
ga,tai15_15_03,15x15,MOR,12,1307.0
ga,tai15_15_03,15x15,MOR,13,1291.5
ga,tai15_15_03,15x15,MOR,14,1280.0
ga,tai15_15_03,15x15,MOR,15,1307.5
ga,tai15_15_03,15x15,MOR,16,1297.0
ga,tai15_15_03,15x15,MOR,17,1312.0
ga,tai15_15_03,15x15,MOR,18,1296.0
ga,tai15_15_03,15x15,MOR,19,1312.0
ga,tai15_15_03,15x15,MOR,20,1318.0
ga,tai15_15_03,15x15,MOR,21,1291.5
ga,tai15_15_03,15x15,MOR,22,1296.5
ga,tai15_15_03,15x15,MOR,23,1296.5
ga,tai15_15_03,15x15,MOR,24,1296.5
ga,tai15_15_03,15x15,MOR,25,1291.5
ga,tai15_15_03,15x15,MOR,26,1296.0
ga,tai15_15_03,15x15,MOR,27,1285.5
ga,tai15_15_03,15x15,MOR,28,1307.0
ga,tai15_15_03,15x15,MOR,29,1308.0
ga,tai15_15_03,15x15,MOR,30,1296.5
ga,tai15_15_03,15x15,GT,1,1257.5
ga,tai15_15_03,15x15,GT,2,1278.5
ga,tai15_15_03,15x15,GT,3,1283.0
ga,tai15_15_03,15x15,GT,4,1279.5
ga,tai15_15_03,15x15,GT,5,1275.0
ga,tai15_15_03,15x15,GT,6,1283.0
ga,tai15_15_03,15x15,GT,7,1269.0
ga,tai15_15_03,15x15,GT,8,1264.5
ga,tai15_15_03,15x15,GT,9,1268.5
ga,tai15_15_03,15x15,GT,10,1273.5
ga,tai15_15_03,15x15,GT,11,1257.5
ga,tai15_15_03,15x15,GT,12,1268.0
ga,tai15_15_03,15x15,GT,13,1290.0
ga,tai15_15_03,15x15,GT,14,1283.0
ga,tai15_15_03,15x15,GT,15,1275.0
ga,tai15_15_03,15x15,GT,16,1257.5
ga,tai15_15_03,15x15,GT,17,1264.5
ga,tai15_15_03,15x15,GT,18,1253.0
ga,tai15_15_03,15x15,GT,19,1263.0
ga,tai15_15_03,15x15,GT,20,1268.5
ga,tai15_15_03,15x15,GT,21,1262.5
ga,tai15_15_03,15x15,GT,22,1287.5
ga,tai15_15_03,15x15,GT,23,1278.5
ga,tai15_15_03,15x15,GT,24,1282.0
ga,tai15_15_03,15x15,GT,25,1269.0
ga,tai15_15_03,15x15,GT,26,1283.0
ga,tai15_15_03,15x15,GT,27,1268.0
ga,tai15_15_03,15x15,GT,28,1262.0
ga,tai15_15_03,15x15,GT,29,1268.5
ga,tai15_15_03,15x15,GT,30,1287.5
ga,tai15_15_03,15x15,GP,1,1269.0
ga,tai15_15_03,15x15,GP,2,1257.5
ga,tai15_15_03,15x15,GP,3,1257.5
ga,tai15_15_03,15x15,GP,4,1262.5
ga,tai15_15_03,15x15,GP,5,1253.0
ga,tai15_15_03,15x15,GP,6,1262.5
ga,tai15_15_03,15x15,GP,7,1268.0
ga,tai15_15_03,15x15,GP,8,1257.5
ga,tai15_15_03,15x15,GP,9,1289.5
ga,tai15_15_03,15x15,GP,10,1261.5
ga,tai15_15_03,15x15,GP,11,1289.5
ga,tai15_15_03,15x15,GP,12,1262.0
ga,tai15_15_03,15x15,GP,13,1269.0
ga,tai15_15_03,15x15,GP,14,1257.5
ga,tai15_15_03,15x15,GP,15,1256.5
ga,tai15_15_03,15x15,GP,16,1262.5
ga,tai15_15_03,15x15,GP,17,1269.0
ga,tai15_15_03,15x15,GP,18,1269.0
ga,tai15_15_03,15x15,GP,19,1264.0
ga,tai15_15_03,15x15,GP,20,1269.0
ga,tai15_15_03,15x15,GP,21,1269.0
ga,tai15_15_03,15x15,GP,22,1262.5
ga,tai15_15_03,15x15,GP,23,1262.5
ga,tai15_15_03,15x15,GP,24,1289.5
ga,tai15_15_03,15x15,GP,25,1289.5
ga,tai15_15_03,15x15,GP,26,1267.5
ga,tai15_15_03,15x15,GP,27,1264.0
ga,tai15_15_03,15x15,GP,28,1261.0
ga,tai15_15_03,15x15,GP,29,1259.5
ga,tai15_15_03,15x15,GP,30,1264.0
ga,tai15_15_03,15x15,MIX,1,1268.0
ga,tai15_15_03,15x15,MIX,2,1261.0
ga,tai15_15_03,15x15,MIX,3,1280.0
ga,tai15_15_03,15x15,MIX,4,1267.0
ga,tai15_15_03,15x15,MIX,5,1279.0
ga,tai15_15_03,15x15,MIX,6,1280.0
ga,tai15_15_03,15x15,MIX,7,1257.5
ga,tai15_15_03,15x15,MIX,8,1264.0
ga,tai15_15_03,15x15,MIX,9,1257.5
ga,tai15_15_03,15x15,MIX,10,1280.0
ga,tai15_15_03,15x15,MIX,11,1257.5
ga,tai15_15_03,15x15,MIX,12,1267.0
ga,tai15_15_03,15x15,MIX,13,1263.0
ga,tai15_15_03,15x15,MIX,14,1262.5
ga,tai15_15_03,15x15,MIX,15,1280.0
ga,tai15_15_03,15x15,MIX,16,1280.0
ga,tai15_15_03,15x15,MIX,17,1265.5
ga,tai15_15_03,15x15,MIX,18,1257.5
ga,tai15_15_03,15x15,MIX,19,1256.5
ga,tai15_15_03,15x15,MIX,20,1267.0
ga,tai15_15_03,15x15,MIX,21,1280.0
ga,tai15_15_03,15x15,MIX,22,1268.0
ga,tai15_15_03,15x15,MIX,23,1267.0
ga,tai15_15_03,15x15,MIX,24,1262.0
ga,tai15_15_03,15x15,MIX,25,1280.0
ga,tai15_15_03,15x15,MIX,26,1289.5
ga,tai15_15_03,15x15,MIX,27,1268.0
ga,tai15_15_03,15x15,MIX,28,1280.0
ga,tai15_15_03,15x15,MIX,29,1263.0
ga,tai15_15_03,15x15,MIX,30,1257.5
ga,tai15_15_04,15x15,A0,1,1211.5
ga,tai15_15_04,15x15,A0,2,1213.5
ga,tai15_15_04,15x15,A0,3,1246.0
ga,tai15_15_04,15x15,A0,4,1224.0
ga,tai15_15_04,15x15,A0,5,1237.0
ga,tai15_15_04,15x15,A0,6,1211.0
ga,tai15_15_04,15x15,A0,7,1224.5
ga,tai15_15_04,15x15,A0,8,1214.0
ga,tai15_15_04,15x15,A0,9,1224.0
ga,tai15_15_04,15x15,A0,10,1242.0
ga,tai15_15_04,15x15,A0,11,1224.0
ga,tai15_15_04,15x15,A0,12,1254.5
ga,tai15_15_04,15x15,A0,13,1239.0
ga,tai15_15_04,15x15,A0,14,1213.5
ga,tai15_15_04,15x15,A0,15,1254.0
ga,tai15_15_04,15x15,A0,16,1213.0
ga,tai15_15_04,15x15,A0,17,1225.5
ga,tai15_15_04,15x15,A0,18,1243.5
ga,tai15_15_04,15x15,A0,19,1224.0
ga,tai15_15_04,15x15,A0,20,1218.0
ga,tai15_15_04,15x15,A0,21,1208.0
ga,tai15_15_04,15x15,A0,22,1259.0
ga,tai15_15_04,15x15,A0,23,1217.0
ga,tai15_15_04,15x15,A0,24,1245.0
ga,tai15_15_04,15x15,A0,25,1221.0
ga,tai15_15_04,15x15,A0,26,1211.0
ga,tai15_15_04,15x15,A0,27,1224.0
ga,tai15_15_04,15x15,A0,28,1211.5
ga,tai15_15_04,15x15,A0,29,1208.0
ga,tai15_15_04,15x15,A0,30,1211.5
ga,tai15_15_04,15x15,V2H,1,1213.5
ga,tai15_15_04,15x15,V2H,2,1233.5
ga,tai15_15_04,15x15,V2H,3,1238.0
ga,tai15_15_04,15x15,V2H,4,1223.0
ga,tai15_15_04,15x15,V2H,5,1223.0
ga,tai15_15_04,15x15,V2H,6,1223.0
ga,tai15_15_04,15x15,V2H,7,1223.0
ga,tai15_15_04,15x15,V2H,8,1224.0
ga,tai15_15_04,15x15,V2H,9,1223.0
ga,tai15_15_04,15x15,V2H,10,1230.5
ga,tai15_15_04,15x15,V2H,11,1238.0
ga,tai15_15_04,15x15,V2H,12,1209.0
ga,tai15_15_04,15x15,V2H,13,1218.5
ga,tai15_15_04,15x15,V2H,14,1213.5
ga,tai15_15_04,15x15,V2H,15,1246.0
ga,tai15_15_04,15x15,V2H,16,1245.0
ga,tai15_15_04,15x15,V2H,17,1230.5
ga,tai15_15_04,15x15,V2H,18,1230.5
ga,tai15_15_04,15x15,V2H,19,1245.0
ga,tai15_15_04,15x15,V2H,20,1205.0
ga,tai15_15_04,15x15,V2H,21,1223.0
ga,tai15_15_04,15x15,V2H,22,1223.0
ga,tai15_15_04,15x15,V2H,23,1241.5
ga,tai15_15_04,15x15,V2H,24,1224.0
ga,tai15_15_04,15x15,V2H,25,1213.5
ga,tai15_15_04,15x15,V2H,26,1238.5
ga,tai15_15_04,15x15,V2H,27,1233.5
ga,tai15_15_04,15x15,V2H,28,1238.0
ga,tai15_15_04,15x15,V2H,29,1214.0
ga,tai15_15_04,15x15,V2H,30,1223.0
ga,tai15_15_04,15x15,V2,1,1230.5
ga,tai15_15_04,15x15,V2,2,1235.0
ga,tai15_15_04,15x15,V2,3,1213.5
ga,tai15_15_04,15x15,V2,4,1235.0
ga,tai15_15_04,15x15,V2,5,1213.5
ga,tai15_15_04,15x15,V2,6,1223.5
ga,tai15_15_04,15x15,V2,7,1230.5
ga,tai15_15_04,15x15,V2,8,1223.5
ga,tai15_15_04,15x15,V2,9,1233.5
ga,tai15_15_04,15x15,V2,10,1230.5
ga,tai15_15_04,15x15,V2,11,1223.0
ga,tai15_15_04,15x15,V2,12,1223.0
ga,tai15_15_04,15x15,V2,13,1238.0
ga,tai15_15_04,15x15,V2,14,1213.5
ga,tai15_15_04,15x15,V2,15,1236.5
ga,tai15_15_04,15x15,V2,16,1223.0
ga,tai15_15_04,15x15,V2,17,1243.0
ga,tai15_15_04,15x15,V2,18,1230.5
ga,tai15_15_04,15x15,V2,19,1200.0
ga,tai15_15_04,15x15,V2,20,1246.0
ga,tai15_15_04,15x15,V2,21,1243.0
ga,tai15_15_04,15x15,V2,22,1230.5
ga,tai15_15_04,15x15,V2,23,1212.5
ga,tai15_15_04,15x15,V2,24,1223.0
ga,tai15_15_04,15x15,V2,25,1244.0
ga,tai15_15_04,15x15,V2,26,1230.5
ga,tai15_15_04,15x15,V2,27,1223.0
ga,tai15_15_04,15x15,V2,28,1246.5
ga,tai15_15_04,15x15,V2,29,1222.5
ga,tai15_15_04,15x15,V2,30,1230.5
ga,tai15_15_04,15x15,MOR,1,1251.0
ga,tai15_15_04,15x15,MOR,2,1260.0
ga,tai15_15_04,15x15,MOR,3,1235.0
ga,tai15_15_04,15x15,MOR,4,1240.5
ga,tai15_15_04,15x15,MOR,5,1244.5
ga,tai15_15_04,15x15,MOR,6,1275.5
ga,tai15_15_04,15x15,MOR,7,1252.0
ga,tai15_15_04,15x15,MOR,8,1261.5
ga,tai15_15_04,15x15,MOR,9,1253.5
ga,tai15_15_04,15x15,MOR,10,1244.5
ga,tai15_15_04,15x15,MOR,11,1265.0
ga,tai15_15_04,15x15,MOR,12,1275.0
ga,tai15_15_04,15x15,MOR,13,1236.0
ga,tai15_15_04,15x15,MOR,14,1238.0
ga,tai15_15_04,15x15,MOR,15,1246.5
ga,tai15_15_04,15x15,MOR,16,1265.0
ga,tai15_15_04,15x15,MOR,17,1256.0
ga,tai15_15_04,15x15,MOR,18,1261.5
ga,tai15_15_04,15x15,MOR,19,1252.0
ga,tai15_15_04,15x15,MOR,20,1259.0
ga,tai15_15_04,15x15,MOR,21,1246.5
ga,tai15_15_04,15x15,MOR,22,1269.0
ga,tai15_15_04,15x15,MOR,23,1273.5
ga,tai15_15_04,15x15,MOR,24,1246.5
ga,tai15_15_04,15x15,MOR,25,1270.0
ga,tai15_15_04,15x15,MOR,26,1244.0
ga,tai15_15_04,15x15,MOR,27,1258.0
ga,tai15_15_04,15x15,MOR,28,1260.5
ga,tai15_15_04,15x15,MOR,29,1235.0
ga,tai15_15_04,15x15,MOR,30,1238.0
ga,tai15_15_04,15x15,GT,1,1207.0
ga,tai15_15_04,15x15,GT,2,1229.5
ga,tai15_15_04,15x15,GT,3,1227.5
ga,tai15_15_04,15x15,GT,4,1232.0
ga,tai15_15_04,15x15,GT,5,1238.5
ga,tai15_15_04,15x15,GT,6,1237.0
ga,tai15_15_04,15x15,GT,7,1227.5
ga,tai15_15_04,15x15,GT,8,1198.5
ga,tai15_15_04,15x15,GT,9,1225.5
ga,tai15_15_04,15x15,GT,10,1238.5
ga,tai15_15_04,15x15,GT,11,1215.5
ga,tai15_15_04,15x15,GT,12,1229.0
ga,tai15_15_04,15x15,GT,13,1228.5
ga,tai15_15_04,15x15,GT,14,1200.5
ga,tai15_15_04,15x15,GT,15,1241.0
ga,tai15_15_04,15x15,GT,16,1238.5
ga,tai15_15_04,15x15,GT,17,1222.0
ga,tai15_15_04,15x15,GT,18,1213.5
ga,tai15_15_04,15x15,GT,19,1237.0
ga,tai15_15_04,15x15,GT,20,1232.5
ga,tai15_15_04,15x15,GT,21,1231.5
ga,tai15_15_04,15x15,GT,22,1224.0
ga,tai15_15_04,15x15,GT,23,1213.0
ga,tai15_15_04,15x15,GT,24,1232.0
ga,tai15_15_04,15x15,GT,25,1228.0
ga,tai15_15_04,15x15,GT,26,1240.5
ga,tai15_15_04,15x15,GT,27,1228.0
ga,tai15_15_04,15x15,GT,28,1204.5
ga,tai15_15_04,15x15,GT,29,1234.0
ga,tai15_15_04,15x15,GT,30,1227.5
ga,tai15_15_04,15x15,GP,1,1207.5
ga,tai15_15_04,15x15,GP,2,1225.0
ga,tai15_15_04,15x15,GP,3,1190.5
ga,tai15_15_04,15x15,GP,4,1219.5
ga,tai15_15_04,15x15,GP,5,1215.0
ga,tai15_15_04,15x15,GP,6,1190.5
ga,tai15_15_04,15x15,GP,7,1190.5
ga,tai15_15_04,15x15,GP,8,1207.0
ga,tai15_15_04,15x15,GP,9,1189.5
ga,tai15_15_04,15x15,GP,10,1207.0
ga,tai15_15_04,15x15,GP,11,1189.5
ga,tai15_15_04,15x15,GP,12,1189.5
ga,tai15_15_04,15x15,GP,13,1207.5
ga,tai15_15_04,15x15,GP,14,1207.5
ga,tai15_15_04,15x15,GP,15,1198.0
ga,tai15_15_04,15x15,GP,16,1189.5
ga,tai15_15_04,15x15,GP,17,1190.5
ga,tai15_15_04,15x15,GP,18,1190.5
ga,tai15_15_04,15x15,GP,19,1223.0
ga,tai15_15_04,15x15,GP,20,1189.5
ga,tai15_15_04,15x15,GP,21,1190.5
ga,tai15_15_04,15x15,GP,22,1219.5
ga,tai15_15_04,15x15,GP,23,1214.5
ga,tai15_15_04,15x15,GP,24,1190.5
ga,tai15_15_04,15x15,GP,25,1189.5
ga,tai15_15_04,15x15,GP,26,1207.5
ga,tai15_15_04,15x15,GP,27,1189.5
ga,tai15_15_04,15x15,GP,28,1219.5
ga,tai15_15_04,15x15,GP,29,1189.5
ga,tai15_15_04,15x15,GP,30,1190.5
ga,tai15_15_04,15x15,MIX,1,1189.5
ga,tai15_15_04,15x15,MIX,2,1204.0
ga,tai15_15_04,15x15,MIX,3,1201.0
ga,tai15_15_04,15x15,MIX,4,1219.5
ga,tai15_15_04,15x15,MIX,5,1189.5
ga,tai15_15_04,15x15,MIX,6,1204.5
ga,tai15_15_04,15x15,MIX,7,1189.5
ga,tai15_15_04,15x15,MIX,8,1197.0
ga,tai15_15_04,15x15,MIX,9,1189.5
ga,tai15_15_04,15x15,MIX,10,1219.5
ga,tai15_15_04,15x15,MIX,11,1200.5
ga,tai15_15_04,15x15,MIX,12,1218.0
ga,tai15_15_04,15x15,MIX,13,1204.5
ga,tai15_15_04,15x15,MIX,14,1213.0
ga,tai15_15_04,15x15,MIX,15,1219.5
ga,tai15_15_04,15x15,MIX,16,1204.5
ga,tai15_15_04,15x15,MIX,17,1207.5
ga,tai15_15_04,15x15,MIX,18,1195.0
ga,tai15_15_04,15x15,MIX,19,1207.0
ga,tai15_15_04,15x15,MIX,20,1190.5
ga,tai15_15_04,15x15,MIX,21,1207.5
ga,tai15_15_04,15x15,MIX,22,1219.5
ga,tai15_15_04,15x15,MIX,23,1198.5
ga,tai15_15_04,15x15,MIX,24,1204.0
ga,tai15_15_04,15x15,MIX,25,1215.0
ga,tai15_15_04,15x15,MIX,26,1190.5
ga,tai15_15_04,15x15,MIX,27,1189.5
ga,tai15_15_04,15x15,MIX,28,1207.0
ga,tai15_15_04,15x15,MIX,29,1207.5
ga,tai15_15_04,15x15,MIX,30,1210.0
ga,tai15_15_05,15x15,A0,1,1269.0
ga,tai15_15_05,15x15,A0,2,1278.0
ga,tai15_15_05,15x15,A0,3,1283.0
ga,tai15_15_05,15x15,A0,4,1283.0
ga,tai15_15_05,15x15,A0,5,1281.5
ga,tai15_15_05,15x15,A0,6,1269.5
ga,tai15_15_05,15x15,A0,7,1278.0
ga,tai15_15_05,15x15,A0,8,1281.5
ga,tai15_15_05,15x15,A0,9,1277.0
ga,tai15_15_05,15x15,A0,10,1281.5
ga,tai15_15_05,15x15,A0,11,1281.5
ga,tai15_15_05,15x15,A0,12,1285.5
ga,tai15_15_05,15x15,A0,13,1278.0
ga,tai15_15_05,15x15,A0,14,1270.0
ga,tai15_15_05,15x15,A0,15,1263.5
ga,tai15_15_05,15x15,A0,16,1252.5
ga,tai15_15_05,15x15,A0,17,1257.0
ga,tai15_15_05,15x15,A0,18,1258.5
ga,tai15_15_05,15x15,A0,19,1284.0
ga,tai15_15_05,15x15,A0,20,1278.0
ga,tai15_15_05,15x15,A0,21,1278.0
ga,tai15_15_05,15x15,A0,22,1281.5
ga,tai15_15_05,15x15,A0,23,1281.5
ga,tai15_15_05,15x15,A0,24,1278.0
ga,tai15_15_05,15x15,A0,25,1278.0
ga,tai15_15_05,15x15,A0,26,1278.0
ga,tai15_15_05,15x15,A0,27,1278.0
ga,tai15_15_05,15x15,A0,28,1281.5
ga,tai15_15_05,15x15,A0,29,1254.5
ga,tai15_15_05,15x15,A0,30,1272.5
ga,tai15_15_05,15x15,V2H,1,1286.5
ga,tai15_15_05,15x15,V2H,2,1264.0
ga,tai15_15_05,15x15,V2H,3,1264.5
ga,tai15_15_05,15x15,V2H,4,1256.0
ga,tai15_15_05,15x15,V2H,5,1274.0
ga,tai15_15_05,15x15,V2H,6,1255.0
ga,tai15_15_05,15x15,V2H,7,1274.5
ga,tai15_15_05,15x15,V2H,8,1255.0
ga,tai15_15_05,15x15,V2H,9,1269.0
ga,tai15_15_05,15x15,V2H,10,1264.5
ga,tai15_15_05,15x15,V2H,11,1269.0
ga,tai15_15_05,15x15,V2H,12,1267.0
ga,tai15_15_05,15x15,V2H,13,1272.0
ga,tai15_15_05,15x15,V2H,14,1275.0
ga,tai15_15_05,15x15,V2H,15,1282.0
ga,tai15_15_05,15x15,V2H,16,1274.5
ga,tai15_15_05,15x15,V2H,17,1274.5
ga,tai15_15_05,15x15,V2H,18,1264.0
ga,tai15_15_05,15x15,V2H,19,1263.0
ga,tai15_15_05,15x15,V2H,20,1269.5
ga,tai15_15_05,15x15,V2H,21,1268.5
ga,tai15_15_05,15x15,V2H,22,1261.0
ga,tai15_15_05,15x15,V2H,23,1285.5
ga,tai15_15_05,15x15,V2H,24,1274.0
ga,tai15_15_05,15x15,V2H,25,1273.5
ga,tai15_15_05,15x15,V2H,26,1285.0
ga,tai15_15_05,15x15,V2H,27,1268.5
ga,tai15_15_05,15x15,V2H,28,1274.0
ga,tai15_15_05,15x15,V2H,29,1271.5
ga,tai15_15_05,15x15,V2H,30,1274.0
ga,tai15_15_05,15x15,V2,1,1274.5
ga,tai15_15_05,15x15,V2,2,1278.0
ga,tai15_15_05,15x15,V2,3,1278.5
ga,tai15_15_05,15x15,V2,4,1254.0
ga,tai15_15_05,15x15,V2,5,1248.5
ga,tai15_15_05,15x15,V2,6,1256.0
ga,tai15_15_05,15x15,V2,7,1270.0
ga,tai15_15_05,15x15,V2,8,1274.5
ga,tai15_15_05,15x15,V2,9,1255.5
ga,tai15_15_05,15x15,V2,10,1284.0
ga,tai15_15_05,15x15,V2,11,1274.0
ga,tai15_15_05,15x15,V2,12,1274.0
ga,tai15_15_05,15x15,V2,13,1274.0
ga,tai15_15_05,15x15,V2,14,1267.5
ga,tai15_15_05,15x15,V2,15,1281.0
ga,tai15_15_05,15x15,V2,16,1271.5
ga,tai15_15_05,15x15,V2,17,1274.0
ga,tai15_15_05,15x15,V2,18,1266.5
ga,tai15_15_05,15x15,V2,19,1271.5
ga,tai15_15_05,15x15,V2,20,1274.5
ga,tai15_15_05,15x15,V2,21,1274.0
ga,tai15_15_05,15x15,V2,22,1269.5
ga,tai15_15_05,15x15,V2,23,1266.0
ga,tai15_15_05,15x15,V2,24,1274.5
ga,tai15_15_05,15x15,V2,25,1274.5
ga,tai15_15_05,15x15,V2,26,1274.5
ga,tai15_15_05,15x15,V2,27,1271.5
ga,tai15_15_05,15x15,V2,28,1283.0
ga,tai15_15_05,15x15,V2,29,1280.0
ga,tai15_15_05,15x15,V2,30,1286.0
ga,tai15_15_05,15x15,MOR,1,1301.0
ga,tai15_15_05,15x15,MOR,2,1297.0
ga,tai15_15_05,15x15,MOR,3,1271.5
ga,tai15_15_05,15x15,MOR,4,1301.0
ga,tai15_15_05,15x15,MOR,5,1301.0
ga,tai15_15_05,15x15,MOR,6,1301.0
ga,tai15_15_05,15x15,MOR,7,1301.0
ga,tai15_15_05,15x15,MOR,8,1301.0
ga,tai15_15_05,15x15,MOR,9,1301.0
ga,tai15_15_05,15x15,MOR,10,1301.0
ga,tai15_15_05,15x15,MOR,11,1301.0
ga,tai15_15_05,15x15,MOR,12,1302.0
ga,tai15_15_05,15x15,MOR,13,1301.0
ga,tai15_15_05,15x15,MOR,14,1301.0
ga,tai15_15_05,15x15,MOR,15,1301.0
ga,tai15_15_05,15x15,MOR,16,1301.5
ga,tai15_15_05,15x15,MOR,17,1302.0
ga,tai15_15_05,15x15,MOR,18,1301.0
ga,tai15_15_05,15x15,MOR,19,1301.0
ga,tai15_15_05,15x15,MOR,20,1305.5
ga,tai15_15_05,15x15,MOR,21,1301.5
ga,tai15_15_05,15x15,MOR,22,1296.0
ga,tai15_15_05,15x15,MOR,23,1301.0
ga,tai15_15_05,15x15,MOR,24,1301.0
ga,tai15_15_05,15x15,MOR,25,1302.0
ga,tai15_15_05,15x15,MOR,26,1301.0
ga,tai15_15_05,15x15,MOR,27,1301.0
ga,tai15_15_05,15x15,MOR,28,1301.0
ga,tai15_15_05,15x15,MOR,29,1301.0
ga,tai15_15_05,15x15,MOR,30,1301.0
ga,tai15_15_05,15x15,GT,1,1292.0
ga,tai15_15_05,15x15,GT,2,1279.5
ga,tai15_15_05,15x15,GT,3,1272.5
ga,tai15_15_05,15x15,GT,4,1274.0
ga,tai15_15_05,15x15,GT,5,1289.5
ga,tai15_15_05,15x15,GT,6,1262.5
ga,tai15_15_05,15x15,GT,7,1290.5
ga,tai15_15_05,15x15,GT,8,1293.0
ga,tai15_15_05,15x15,GT,9,1305.0
ga,tai15_15_05,15x15,GT,10,1269.0
ga,tai15_15_05,15x15,GT,11,1256.0
ga,tai15_15_05,15x15,GT,12,1272.5
ga,tai15_15_05,15x15,GT,13,1264.0
ga,tai15_15_05,15x15,GT,14,1272.5
ga,tai15_15_05,15x15,GT,15,1280.0
ga,tai15_15_05,15x15,GT,16,1283.0
ga,tai15_15_05,15x15,GT,17,1278.0
ga,tai15_15_05,15x15,GT,18,1266.0
ga,tai15_15_05,15x15,GT,19,1287.5
ga,tai15_15_05,15x15,GT,20,1256.0
ga,tai15_15_05,15x15,GT,21,1273.0
ga,tai15_15_05,15x15,GT,22,1272.5
ga,tai15_15_05,15x15,GT,23,1272.5
ga,tai15_15_05,15x15,GT,24,1278.5
ga,tai15_15_05,15x15,GT,25,1265.0
ga,tai15_15_05,15x15,GT,26,1287.5
ga,tai15_15_05,15x15,GT,27,1269.0
ga,tai15_15_05,15x15,GT,28,1287.5
ga,tai15_15_05,15x15,GT,29,1305.0
ga,tai15_15_05,15x15,GT,30,1291.5
ga,tai15_15_05,15x15,GP,1,1277.0
ga,tai15_15_05,15x15,GP,2,1254.5
ga,tai15_15_05,15x15,GP,3,1260.0
ga,tai15_15_05,15x15,GP,4,1268.5
ga,tai15_15_05,15x15,GP,5,1265.0
ga,tai15_15_05,15x15,GP,6,1265.0
ga,tai15_15_05,15x15,GP,7,1265.0
ga,tai15_15_05,15x15,GP,8,1265.0
ga,tai15_15_05,15x15,GP,9,1270.0
ga,tai15_15_05,15x15,GP,10,1260.0
ga,tai15_15_05,15x15,GP,11,1265.0
ga,tai15_15_05,15x15,GP,12,1260.0
ga,tai15_15_05,15x15,GP,13,1260.0
ga,tai15_15_05,15x15,GP,14,1259.5
ga,tai15_15_05,15x15,GP,15,1264.5
ga,tai15_15_05,15x15,GP,16,1259.5
ga,tai15_15_05,15x15,GP,17,1265.0
ga,tai15_15_05,15x15,GP,18,1265.0
ga,tai15_15_05,15x15,GP,19,1260.0
ga,tai15_15_05,15x15,GP,20,1265.0
ga,tai15_15_05,15x15,GP,21,1274.5
ga,tai15_15_05,15x15,GP,22,1254.5
ga,tai15_15_05,15x15,GP,23,1255.0
ga,tai15_15_05,15x15,GP,24,1267.0
ga,tai15_15_05,15x15,GP,25,1259.0
ga,tai15_15_05,15x15,GP,26,1265.0
ga,tai15_15_05,15x15,GP,27,1260.0
ga,tai15_15_05,15x15,GP,28,1259.5
ga,tai15_15_05,15x15,GP,29,1265.0
ga,tai15_15_05,15x15,GP,30,1265.0
ga,tai15_15_05,15x15,MIX,1,1269.0
ga,tai15_15_05,15x15,MIX,2,1254.5
ga,tai15_15_05,15x15,MIX,3,1257.0
ga,tai15_15_05,15x15,MIX,4,1269.0
ga,tai15_15_05,15x15,MIX,5,1299.0
ga,tai15_15_05,15x15,MIX,6,1253.5
ga,tai15_15_05,15x15,MIX,7,1265.0
ga,tai15_15_05,15x15,MIX,8,1269.0
ga,tai15_15_05,15x15,MIX,9,1269.0
ga,tai15_15_05,15x15,MIX,10,1265.5
ga,tai15_15_05,15x15,MIX,11,1256.0
ga,tai15_15_05,15x15,MIX,12,1254.5
ga,tai15_15_05,15x15,MIX,13,1269.0
ga,tai15_15_05,15x15,MIX,14,1275.5
ga,tai15_15_05,15x15,MIX,15,1261.5
ga,tai15_15_05,15x15,MIX,16,1270.5
ga,tai15_15_05,15x15,MIX,17,1259.0
ga,tai15_15_05,15x15,MIX,18,1272.5
ga,tai15_15_05,15x15,MIX,19,1268.0
ga,tai15_15_05,15x15,MIX,20,1259.5
ga,tai15_15_05,15x15,MIX,21,1273.5
ga,tai15_15_05,15x15,MIX,22,1265.0
ga,tai15_15_05,15x15,MIX,23,1260.5
ga,tai15_15_05,15x15,MIX,24,1257.0
ga,tai15_15_05,15x15,MIX,25,1262.5
ga,tai15_15_05,15x15,MIX,26,1269.0
ga,tai15_15_05,15x15,MIX,27,1256.0
ga,tai15_15_05,15x15,MIX,28,1268.0
ga,tai15_15_05,15x15,MIX,29,1259.0
ga,tai15_15_05,15x15,MIX,30,1263.5
ga,tai15_15_06,15x15,A0,1,1305.5
ga,tai15_15_06,15x15,A0,2,1283.5
ga,tai15_15_06,15x15,A0,3,1280.0
ga,tai15_15_06,15x15,A0,4,1280.0
ga,tai15_15_06,15x15,A0,5,1299.5
ga,tai15_15_06,15x15,A0,6,1298.0
ga,tai15_15_06,15x15,A0,7,1291.0
ga,tai15_15_06,15x15,A0,8,1301.0
ga,tai15_15_06,15x15,A0,9,1305.5
ga,tai15_15_06,15x15,A0,10,1274.5
ga,tai15_15_06,15x15,A0,11,1276.0
ga,tai15_15_06,15x15,A0,12,1271.5
ga,tai15_15_06,15x15,A0,13,1279.5
ga,tai15_15_06,15x15,A0,14,1280.5
ga,tai15_15_06,15x15,A0,15,1286.0
ga,tai15_15_06,15x15,A0,16,1291.5
ga,tai15_15_06,15x15,A0,17,1298.5
ga,tai15_15_06,15x15,A0,18,1291.0
ga,tai15_15_06,15x15,A0,19,1293.5
ga,tai15_15_06,15x15,A0,20,1277.5
ga,tai15_15_06,15x15,A0,21,1283.5
ga,tai15_15_06,15x15,A0,22,1284.0
ga,tai15_15_06,15x15,A0,23,1307.0
ga,tai15_15_06,15x15,A0,24,1300.0
ga,tai15_15_06,15x15,A0,25,1283.0
ga,tai15_15_06,15x15,A0,26,1279.0
ga,tai15_15_06,15x15,A0,27,1276.0
ga,tai15_15_06,15x15,A0,28,1285.0
ga,tai15_15_06,15x15,A0,29,1288.5
ga,tai15_15_06,15x15,A0,30,1301.0
ga,tai15_15_06,15x15,V2H,1,1275.0
ga,tai15_15_06,15x15,V2H,2,1296.0
ga,tai15_15_06,15x15,V2H,3,1296.0
ga,tai15_15_06,15x15,V2H,4,1281.0
ga,tai15_15_06,15x15,V2H,5,1275.0
ga,tai15_15_06,15x15,V2H,6,1277.5
ga,tai15_15_06,15x15,V2H,7,1272.5
ga,tai15_15_06,15x15,V2H,8,1283.5
ga,tai15_15_06,15x15,V2H,9,1275.0
ga,tai15_15_06,15x15,V2H,10,1296.5
ga,tai15_15_06,15x15,V2H,11,1297.0
ga,tai15_15_06,15x15,V2H,12,1283.5
ga,tai15_15_06,15x15,V2H,13,1277.5
ga,tai15_15_06,15x15,V2H,14,1277.5
ga,tai15_15_06,15x15,V2H,15,1276.5
ga,tai15_15_06,15x15,V2H,16,1263.5
ga,tai15_15_06,15x15,V2H,17,1280.0
ga,tai15_15_06,15x15,V2H,18,1296.5
ga,tai15_15_06,15x15,V2H,19,1296.0
ga,tai15_15_06,15x15,V2H,20,1277.5
ga,tai15_15_06,15x15,V2H,21,1277.5
ga,tai15_15_06,15x15,V2H,22,1268.0
ga,tai15_15_06,15x15,V2H,23,1277.5
ga,tai15_15_06,15x15,V2H,24,1286.5
ga,tai15_15_06,15x15,V2H,25,1266.5
ga,tai15_15_06,15x15,V2H,26,1296.5
ga,tai15_15_06,15x15,V2H,27,1277.5
ga,tai15_15_06,15x15,V2H,28,1283.0
ga,tai15_15_06,15x15,V2H,29,1281.0
ga,tai15_15_06,15x15,V2H,30,1277.5
ga,tai15_15_06,15x15,V2,1,1296.0
ga,tai15_15_06,15x15,V2,2,1282.0
ga,tai15_15_06,15x15,V2,3,1301.0
ga,tai15_15_06,15x15,V2,4,1282.0
ga,tai15_15_06,15x15,V2,5,1273.5
ga,tai15_15_06,15x15,V2,6,1275.0
ga,tai15_15_06,15x15,V2,7,1273.5
ga,tai15_15_06,15x15,V2,8,1287.5
ga,tai15_15_06,15x15,V2,9,1297.0
ga,tai15_15_06,15x15,V2,10,1270.5
ga,tai15_15_06,15x15,V2,11,1270.0
ga,tai15_15_06,15x15,V2,12,1278.0
ga,tai15_15_06,15x15,V2,13,1296.5
ga,tai15_15_06,15x15,V2,14,1284.5
ga,tai15_15_06,15x15,V2,15,1268.0
ga,tai15_15_06,15x15,V2,16,1282.0
ga,tai15_15_06,15x15,V2,17,1273.0
ga,tai15_15_06,15x15,V2,18,1296.0
ga,tai15_15_06,15x15,V2,19,1283.5
ga,tai15_15_06,15x15,V2,20,1283.5
ga,tai15_15_06,15x15,V2,21,1281.0
ga,tai15_15_06,15x15,V2,22,1296.5
ga,tai15_15_06,15x15,V2,23,1283.5
ga,tai15_15_06,15x15,V2,24,1281.5
ga,tai15_15_06,15x15,V2,25,1275.0
ga,tai15_15_06,15x15,V2,26,1275.5
ga,tai15_15_06,15x15,V2,27,1280.0
ga,tai15_15_06,15x15,V2,28,1296.0
ga,tai15_15_06,15x15,V2,29,1286.5
ga,tai15_15_06,15x15,V2,30,1296.0
ga,tai15_15_06,15x15,MOR,1,1303.0
ga,tai15_15_06,15x15,MOR,2,1303.0
ga,tai15_15_06,15x15,MOR,3,1285.0
ga,tai15_15_06,15x15,MOR,4,1303.0
ga,tai15_15_06,15x15,MOR,5,1291.0
ga,tai15_15_06,15x15,MOR,6,1285.0
ga,tai15_15_06,15x15,MOR,7,1285.0
ga,tai15_15_06,15x15,MOR,8,1297.0
ga,tai15_15_06,15x15,MOR,9,1303.0
ga,tai15_15_06,15x15,MOR,10,1285.0
ga,tai15_15_06,15x15,MOR,11,1303.0
ga,tai15_15_06,15x15,MOR,12,1288.0
ga,tai15_15_06,15x15,MOR,13,1303.0
ga,tai15_15_06,15x15,MOR,14,1303.0
ga,tai15_15_06,15x15,MOR,15,1288.0
ga,tai15_15_06,15x15,MOR,16,1288.0
ga,tai15_15_06,15x15,MOR,17,1288.0
ga,tai15_15_06,15x15,MOR,18,1284.5
ga,tai15_15_06,15x15,MOR,19,1303.0
ga,tai15_15_06,15x15,MOR,20,1303.0
ga,tai15_15_06,15x15,MOR,21,1303.0
ga,tai15_15_06,15x15,MOR,22,1303.0
ga,tai15_15_06,15x15,MOR,23,1314.0
ga,tai15_15_06,15x15,MOR,24,1281.0
ga,tai15_15_06,15x15,MOR,25,1303.0
ga,tai15_15_06,15x15,MOR,26,1303.0
ga,tai15_15_06,15x15,MOR,27,1285.0
ga,tai15_15_06,15x15,MOR,28,1303.0
ga,tai15_15_06,15x15,MOR,29,1303.0
ga,tai15_15_06,15x15,MOR,30,1288.0
ga,tai15_15_06,15x15,GT,1,1296.5
ga,tai15_15_06,15x15,GT,2,1280.0
ga,tai15_15_06,15x15,GT,3,1265.5
ga,tai15_15_06,15x15,GT,4,1277.5
ga,tai15_15_06,15x15,GT,5,1292.0
ga,tai15_15_06,15x15,GT,6,1304.0
ga,tai15_15_06,15x15,GT,7,1292.0
ga,tai15_15_06,15x15,GT,8,1277.0
ga,tai15_15_06,15x15,GT,9,1283.5
ga,tai15_15_06,15x15,GT,10,1296.5
ga,tai15_15_06,15x15,GT,11,1277.5
ga,tai15_15_06,15x15,GT,12,1277.5
ga,tai15_15_06,15x15,GT,13,1281.0
ga,tai15_15_06,15x15,GT,14,1283.0
ga,tai15_15_06,15x15,GT,15,1263.5
ga,tai15_15_06,15x15,GT,16,1301.5
ga,tai15_15_06,15x15,GT,17,1303.0
ga,tai15_15_06,15x15,GT,18,1263.5
ga,tai15_15_06,15x15,GT,19,1290.0
ga,tai15_15_06,15x15,GT,20,1280.5
ga,tai15_15_06,15x15,GT,21,1277.5
ga,tai15_15_06,15x15,GT,22,1292.0
ga,tai15_15_06,15x15,GT,23,1263.5
ga,tai15_15_06,15x15,GT,24,1280.5
ga,tai15_15_06,15x15,GT,25,1287.0
ga,tai15_15_06,15x15,GT,26,1292.0
ga,tai15_15_06,15x15,GT,27,1280.5
ga,tai15_15_06,15x15,GT,28,1288.5
ga,tai15_15_06,15x15,GT,29,1300.5
ga,tai15_15_06,15x15,GT,30,1292.0
ga,tai15_15_06,15x15,GP,1,1281.0
ga,tai15_15_06,15x15,GP,2,1284.0
ga,tai15_15_06,15x15,GP,3,1279.5
ga,tai15_15_06,15x15,GP,4,1263.5
ga,tai15_15_06,15x15,GP,5,1281.0
ga,tai15_15_06,15x15,GP,6,1284.0
ga,tai15_15_06,15x15,GP,7,1297.0
ga,tai15_15_06,15x15,GP,8,1277.5
ga,tai15_15_06,15x15,GP,9,1279.5
ga,tai15_15_06,15x15,GP,10,1285.0
ga,tai15_15_06,15x15,GP,11,1296.0
ga,tai15_15_06,15x15,GP,12,1281.0
ga,tai15_15_06,15x15,GP,13,1280.5
ga,tai15_15_06,15x15,GP,14,1281.0
ga,tai15_15_06,15x15,GP,15,1283.0
ga,tai15_15_06,15x15,GP,16,1263.5
ga,tai15_15_06,15x15,GP,17,1281.0
ga,tai15_15_06,15x15,GP,18,1277.5
ga,tai15_15_06,15x15,GP,19,1284.0
ga,tai15_15_06,15x15,GP,20,1284.0
ga,tai15_15_06,15x15,GP,21,1281.0
ga,tai15_15_06,15x15,GP,22,1287.5
ga,tai15_15_06,15x15,GP,23,1284.0
ga,tai15_15_06,15x15,GP,24,1263.5
ga,tai15_15_06,15x15,GP,25,1284.0
ga,tai15_15_06,15x15,GP,26,1288.0
ga,tai15_15_06,15x15,GP,27,1277.5
ga,tai15_15_06,15x15,GP,28,1288.0
ga,tai15_15_06,15x15,GP,29,1287.5
ga,tai15_15_06,15x15,GP,30,1281.0
ga,tai15_15_06,15x15,MIX,1,1297.0
ga,tai15_15_06,15x15,MIX,2,1283.0
ga,tai15_15_06,15x15,MIX,3,1283.0
ga,tai15_15_06,15x15,MIX,4,1295.5
ga,tai15_15_06,15x15,MIX,5,1281.0
ga,tai15_15_06,15x15,MIX,6,1285.0
ga,tai15_15_06,15x15,MIX,7,1281.0
ga,tai15_15_06,15x15,MIX,8,1281.0
ga,tai15_15_06,15x15,MIX,9,1281.0
ga,tai15_15_06,15x15,MIX,10,1281.0
ga,tai15_15_06,15x15,MIX,11,1301.0
ga,tai15_15_06,15x15,MIX,12,1279.5
ga,tai15_15_06,15x15,MIX,13,1277.5
ga,tai15_15_06,15x15,MIX,14,1281.0
ga,tai15_15_06,15x15,MIX,15,1283.5
ga,tai15_15_06,15x15,MIX,16,1281.0
ga,tai15_15_06,15x15,MIX,17,1287.5
ga,tai15_15_06,15x15,MIX,18,1288.5
ga,tai15_15_06,15x15,MIX,19,1288.5
ga,tai15_15_06,15x15,MIX,20,1277.5
ga,tai15_15_06,15x15,MIX,21,1288.0
ga,tai15_15_06,15x15,MIX,22,1281.0
ga,tai15_15_06,15x15,MIX,23,1285.5
ga,tai15_15_06,15x15,MIX,24,1281.0
ga,tai15_15_06,15x15,MIX,25,1283.0
ga,tai15_15_06,15x15,MIX,26,1289.5
ga,tai15_15_06,15x15,MIX,27,1304.0
ga,tai15_15_06,15x15,MIX,28,1277.5
ga,tai15_15_06,15x15,MIX,29,1277.5
ga,tai15_15_06,15x15,MIX,30,1276.0
ga,tai15_15_07,15x15,A0,1,1264.5
ga,tai15_15_07,15x15,A0,2,1264.0
ga,tai15_15_07,15x15,A0,3,1261.5
ga,tai15_15_07,15x15,A0,4,1276.0
ga,tai15_15_07,15x15,A0,5,1276.5
ga,tai15_15_07,15x15,A0,6,1262.5
ga,tai15_15_07,15x15,A0,7,1263.0
ga,tai15_15_07,15x15,A0,8,1261.5
ga,tai15_15_07,15x15,A0,9,1270.0
ga,tai15_15_07,15x15,A0,10,1276.0
ga,tai15_15_07,15x15,A0,11,1264.5
ga,tai15_15_07,15x15,A0,12,1280.0
ga,tai15_15_07,15x15,A0,13,1261.5
ga,tai15_15_07,15x15,A0,14,1278.0
ga,tai15_15_07,15x15,A0,15,1264.5
ga,tai15_15_07,15x15,A0,16,1261.5
ga,tai15_15_07,15x15,A0,17,1285.5
ga,tai15_15_07,15x15,A0,18,1273.0
ga,tai15_15_07,15x15,A0,19,1265.0
ga,tai15_15_07,15x15,A0,20,1261.5
ga,tai15_15_07,15x15,A0,21,1261.5
ga,tai15_15_07,15x15,A0,22,1263.0
ga,tai15_15_07,15x15,A0,23,1263.0
ga,tai15_15_07,15x15,A0,24,1257.5
ga,tai15_15_07,15x15,A0,25,1261.5
ga,tai15_15_07,15x15,A0,26,1261.5
ga,tai15_15_07,15x15,A0,27,1262.5
ga,tai15_15_07,15x15,A0,28,1267.5
ga,tai15_15_07,15x15,A0,29,1269.0
ga,tai15_15_07,15x15,A0,30,1263.0
ga,tai15_15_07,15x15,V2H,1,1270.0
ga,tai15_15_07,15x15,V2H,2,1257.5
ga,tai15_15_07,15x15,V2H,3,1263.0
ga,tai15_15_07,15x15,V2H,4,1252.0
ga,tai15_15_07,15x15,V2H,5,1257.5
ga,tai15_15_07,15x15,V2H,6,1268.0
ga,tai15_15_07,15x15,V2H,7,1263.0
ga,tai15_15_07,15x15,V2H,8,1269.0
ga,tai15_15_07,15x15,V2H,9,1265.5
ga,tai15_15_07,15x15,V2H,10,1264.5
ga,tai15_15_07,15x15,V2H,11,1257.5
ga,tai15_15_07,15x15,V2H,12,1264.5
ga,tai15_15_07,15x15,V2H,13,1266.5
ga,tai15_15_07,15x15,V2H,14,1261.5
ga,tai15_15_07,15x15,V2H,15,1270.0
ga,tai15_15_07,15x15,V2H,16,1260.5
ga,tai15_15_07,15x15,V2H,17,1268.0
ga,tai15_15_07,15x15,V2H,18,1257.5
ga,tai15_15_07,15x15,V2H,19,1257.5
ga,tai15_15_07,15x15,V2H,20,1263.0
ga,tai15_15_07,15x15,V2H,21,1270.0
ga,tai15_15_07,15x15,V2H,22,1270.0
ga,tai15_15_07,15x15,V2H,23,1269.0
ga,tai15_15_07,15x15,V2H,24,1261.0
ga,tai15_15_07,15x15,V2H,25,1261.0
ga,tai15_15_07,15x15,V2H,26,1264.5
ga,tai15_15_07,15x15,V2H,27,1264.0
ga,tai15_15_07,15x15,V2H,28,1268.0
ga,tai15_15_07,15x15,V2H,29,1252.0
ga,tai15_15_07,15x15,V2H,30,1264.5
ga,tai15_15_07,15x15,V2,1,1268.0
ga,tai15_15_07,15x15,V2,2,1269.0
ga,tai15_15_07,15x15,V2,3,1270.0
ga,tai15_15_07,15x15,V2,4,1259.5
ga,tai15_15_07,15x15,V2,5,1269.0
ga,tai15_15_07,15x15,V2,6,1257.5
ga,tai15_15_07,15x15,V2,7,1270.0
ga,tai15_15_07,15x15,V2,8,1257.5
ga,tai15_15_07,15x15,V2,9,1269.0
ga,tai15_15_07,15x15,V2,10,1265.5
ga,tai15_15_07,15x15,V2,11,1263.0
ga,tai15_15_07,15x15,V2,12,1257.5
ga,tai15_15_07,15x15,V2,13,1268.0
ga,tai15_15_07,15x15,V2,14,1257.5
ga,tai15_15_07,15x15,V2,15,1268.0
ga,tai15_15_07,15x15,V2,16,1268.0
ga,tai15_15_07,15x15,V2,17,1269.0
ga,tai15_15_07,15x15,V2,18,1269.0
ga,tai15_15_07,15x15,V2,19,1269.0
ga,tai15_15_07,15x15,V2,20,1269.0
ga,tai15_15_07,15x15,V2,21,1270.0
ga,tai15_15_07,15x15,V2,22,1265.5
ga,tai15_15_07,15x15,V2,23,1270.0
ga,tai15_15_07,15x15,V2,24,1270.0
ga,tai15_15_07,15x15,V2,25,1257.5
ga,tai15_15_07,15x15,V2,26,1257.5
ga,tai15_15_07,15x15,V2,27,1257.5
ga,tai15_15_07,15x15,V2,28,1263.0
ga,tai15_15_07,15x15,V2,29,1270.0
ga,tai15_15_07,15x15,V2,30,1261.0
ga,tai15_15_07,15x15,MOR,1,1273.5
ga,tai15_15_07,15x15,MOR,2,1306.0
ga,tai15_15_07,15x15,MOR,3,1291.5
ga,tai15_15_07,15x15,MOR,4,1291.5
ga,tai15_15_07,15x15,MOR,5,1286.0
ga,tai15_15_07,15x15,MOR,6,1295.5
ga,tai15_15_07,15x15,MOR,7,1293.0
ga,tai15_15_07,15x15,MOR,8,1273.0
ga,tai15_15_07,15x15,MOR,9,1282.0
ga,tai15_15_07,15x15,MOR,10,1295.0
ga,tai15_15_07,15x15,MOR,11,1293.0
ga,tai15_15_07,15x15,MOR,12,1304.0
ga,tai15_15_07,15x15,MOR,13,1292.5
ga,tai15_15_07,15x15,MOR,14,1287.0
ga,tai15_15_07,15x15,MOR,15,1303.0
ga,tai15_15_07,15x15,MOR,16,1295.5
ga,tai15_15_07,15x15,MOR,17,1288.0
ga,tai15_15_07,15x15,MOR,18,1306.0
ga,tai15_15_07,15x15,MOR,19,1287.5
ga,tai15_15_07,15x15,MOR,20,1297.0
ga,tai15_15_07,15x15,MOR,21,1295.5
ga,tai15_15_07,15x15,MOR,22,1306.0
ga,tai15_15_07,15x15,MOR,23,1287.5
ga,tai15_15_07,15x15,MOR,24,1295.0
ga,tai15_15_07,15x15,MOR,25,1285.0
ga,tai15_15_07,15x15,MOR,26,1292.5
ga,tai15_15_07,15x15,MOR,27,1288.0
ga,tai15_15_07,15x15,MOR,28,1293.0
ga,tai15_15_07,15x15,MOR,29,1282.0
ga,tai15_15_07,15x15,MOR,30,1287.5
ga,tai15_15_07,15x15,GT,1,1300.5
ga,tai15_15_07,15x15,GT,2,1300.5
ga,tai15_15_07,15x15,GT,3,1300.5
ga,tai15_15_07,15x15,GT,4,1300.5
ga,tai15_15_07,15x15,GT,5,1301.5
ga,tai15_15_07,15x15,GT,6,1300.5
ga,tai15_15_07,15x15,GT,7,1296.5
ga,tai15_15_07,15x15,GT,8,1284.0
ga,tai15_15_07,15x15,GT,9,1286.0
ga,tai15_15_07,15x15,GT,10,1300.5
ga,tai15_15_07,15x15,GT,11,1288.5
ga,tai15_15_07,15x15,GT,12,1279.0
ga,tai15_15_07,15x15,GT,13,1300.5
ga,tai15_15_07,15x15,GT,14,1300.5
ga,tai15_15_07,15x15,GT,15,1301.0
ga,tai15_15_07,15x15,GT,16,1284.0
ga,tai15_15_07,15x15,GT,17,1300.5
ga,tai15_15_07,15x15,GT,18,1297.5
ga,tai15_15_07,15x15,GT,19,1300.5
ga,tai15_15_07,15x15,GT,20,1300.5
ga,tai15_15_07,15x15,GT,21,1296.5
ga,tai15_15_07,15x15,GT,22,1279.5
ga,tai15_15_07,15x15,GT,23,1300.5
ga,tai15_15_07,15x15,GT,24,1287.5
ga,tai15_15_07,15x15,GT,25,1297.5
ga,tai15_15_07,15x15,GT,26,1301.0
ga,tai15_15_07,15x15,GT,27,1300.5
ga,tai15_15_07,15x15,GT,28,1301.5
ga,tai15_15_07,15x15,GT,29,1270.0
ga,tai15_15_07,15x15,GT,30,1301.5
ga,tai15_15_07,15x15,GP,1,1297.5
ga,tai15_15_07,15x15,GP,2,1288.0
ga,tai15_15_07,15x15,GP,3,1263.0
ga,tai15_15_07,15x15,GP,4,1270.0
ga,tai15_15_07,15x15,GP,5,1297.5
ga,tai15_15_07,15x15,GP,6,1288.0
ga,tai15_15_07,15x15,GP,7,1273.0
ga,tai15_15_07,15x15,GP,8,1269.0
ga,tai15_15_07,15x15,GP,9,1282.5
ga,tai15_15_07,15x15,GP,10,1261.5
ga,tai15_15_07,15x15,GP,11,1259.0
ga,tai15_15_07,15x15,GP,12,1270.0
ga,tai15_15_07,15x15,GP,13,1279.0
ga,tai15_15_07,15x15,GP,14,1297.5
ga,tai15_15_07,15x15,GP,15,1298.5
ga,tai15_15_07,15x15,GP,16,1258.0
ga,tai15_15_07,15x15,GP,17,1297.5
ga,tai15_15_07,15x15,GP,18,1272.5
ga,tai15_15_07,15x15,GP,19,1270.0
ga,tai15_15_07,15x15,GP,20,1264.5
ga,tai15_15_07,15x15,GP,21,1257.5
ga,tai15_15_07,15x15,GP,22,1269.0
ga,tai15_15_07,15x15,GP,23,1297.5
ga,tai15_15_07,15x15,GP,24,1257.5
ga,tai15_15_07,15x15,GP,25,1297.5
ga,tai15_15_07,15x15,GP,26,1300.5
ga,tai15_15_07,15x15,GP,27,1270.0
ga,tai15_15_07,15x15,GP,28,1259.0
ga,tai15_15_07,15x15,GP,29,1297.5
ga,tai15_15_07,15x15,GP,30,1300.5
ga,tai15_15_07,15x15,MIX,1,1268.0
ga,tai15_15_07,15x15,MIX,2,1257.5
ga,tai15_15_07,15x15,MIX,3,1257.5
ga,tai15_15_07,15x15,MIX,4,1263.0
ga,tai15_15_07,15x15,MIX,5,1264.5
ga,tai15_15_07,15x15,MIX,6,1268.0
ga,tai15_15_07,15x15,MIX,7,1270.0
ga,tai15_15_07,15x15,MIX,8,1268.0
ga,tai15_15_07,15x15,MIX,9,1267.0
ga,tai15_15_07,15x15,MIX,10,1268.0
ga,tai15_15_07,15x15,MIX,11,1268.0
ga,tai15_15_07,15x15,MIX,12,1261.0
ga,tai15_15_07,15x15,MIX,13,1268.0
ga,tai15_15_07,15x15,MIX,14,1269.0
ga,tai15_15_07,15x15,MIX,15,1269.0
ga,tai15_15_07,15x15,MIX,16,1269.0
ga,tai15_15_07,15x15,MIX,17,1268.0
ga,tai15_15_07,15x15,MIX,18,1269.0
ga,tai15_15_07,15x15,MIX,19,1270.0
ga,tai15_15_07,15x15,MIX,20,1269.0
ga,tai15_15_07,15x15,MIX,21,1270.0
ga,tai15_15_07,15x15,MIX,22,1269.0
ga,tai15_15_07,15x15,MIX,23,1268.0
ga,tai15_15_07,15x15,MIX,24,1269.0
ga,tai15_15_07,15x15,MIX,25,1263.0
ga,tai15_15_07,15x15,MIX,26,1268.0
ga,tai15_15_07,15x15,MIX,27,1269.0
ga,tai15_15_07,15x15,MIX,28,1269.0
ga,tai15_15_07,15x15,MIX,29,1269.0
ga,tai15_15_07,15x15,MIX,30,1269.0
ga,tai15_15_08,15x15,A0,1,1245.5
ga,tai15_15_08,15x15,A0,2,1291.0
ga,tai15_15_08,15x15,A0,3,1285.0
ga,tai15_15_08,15x15,A0,4,1269.0
ga,tai15_15_08,15x15,A0,5,1252.0
ga,tai15_15_08,15x15,A0,6,1253.0
ga,tai15_15_08,15x15,A0,7,1250.0
ga,tai15_15_08,15x15,A0,8,1291.0
ga,tai15_15_08,15x15,A0,9,1251.5
ga,tai15_15_08,15x15,A0,10,1258.5
ga,tai15_15_08,15x15,A0,11,1251.5
ga,tai15_15_08,15x15,A0,12,1245.0
ga,tai15_15_08,15x15,A0,13,1281.5
ga,tai15_15_08,15x15,A0,14,1252.0
ga,tai15_15_08,15x15,A0,15,1282.0
ga,tai15_15_08,15x15,A0,16,1252.0
ga,tai15_15_08,15x15,A0,17,1269.0
ga,tai15_15_08,15x15,A0,18,1252.0
ga,tai15_15_08,15x15,A0,19,1252.0
ga,tai15_15_08,15x15,A0,20,1252.0
ga,tai15_15_08,15x15,A0,21,1247.0
ga,tai15_15_08,15x15,A0,22,1237.5
ga,tai15_15_08,15x15,A0,23,1258.5
ga,tai15_15_08,15x15,A0,24,1266.5
ga,tai15_15_08,15x15,A0,25,1251.5
ga,tai15_15_08,15x15,A0,26,1253.5
ga,tai15_15_08,15x15,A0,27,1252.0
ga,tai15_15_08,15x15,A0,28,1250.0
ga,tai15_15_08,15x15,A0,29,1282.0
ga,tai15_15_08,15x15,A0,30,1245.5
ga,tai15_15_08,15x15,V2H,1,1293.0
ga,tai15_15_08,15x15,V2H,2,1272.0
ga,tai15_15_08,15x15,V2H,3,1257.0
ga,tai15_15_08,15x15,V2H,4,1269.0
ga,tai15_15_08,15x15,V2H,5,1285.0
ga,tai15_15_08,15x15,V2H,6,1264.0
ga,tai15_15_08,15x15,V2H,7,1264.0
ga,tai15_15_08,15x15,V2H,8,1264.0
ga,tai15_15_08,15x15,V2H,9,1269.0
ga,tai15_15_08,15x15,V2H,10,1272.0
ga,tai15_15_08,15x15,V2H,11,1280.5
ga,tai15_15_08,15x15,V2H,12,1281.5
ga,tai15_15_08,15x15,V2H,13,1275.0
ga,tai15_15_08,15x15,V2H,14,1285.0
ga,tai15_15_08,15x15,V2H,15,1262.0
ga,tai15_15_08,15x15,V2H,16,1287.0
ga,tai15_15_08,15x15,V2H,17,1264.0
ga,tai15_15_08,15x15,V2H,18,1272.0
ga,tai15_15_08,15x15,V2H,19,1269.5
ga,tai15_15_08,15x15,V2H,20,1295.0
ga,tai15_15_08,15x15,V2H,21,1262.5
ga,tai15_15_08,15x15,V2H,22,1300.0
ga,tai15_15_08,15x15,V2H,23,1307.0
ga,tai15_15_08,15x15,V2H,24,1287.0
ga,tai15_15_08,15x15,V2H,25,1276.5
ga,tai15_15_08,15x15,V2H,26,1277.0
ga,tai15_15_08,15x15,V2H,27,1279.5
ga,tai15_15_08,15x15,V2H,28,1273.5
ga,tai15_15_08,15x15,V2H,29,1281.5
ga,tai15_15_08,15x15,V2H,30,1281.0
ga,tai15_15_08,15x15,V2,1,1287.0
ga,tai15_15_08,15x15,V2,2,1262.5
ga,tai15_15_08,15x15,V2,3,1278.0
ga,tai15_15_08,15x15,V2,4,1283.5
ga,tai15_15_08,15x15,V2,5,1279.0
ga,tai15_15_08,15x15,V2,6,1271.0
ga,tai15_15_08,15x15,V2,7,1289.5
ga,tai15_15_08,15x15,V2,8,1282.0
ga,tai15_15_08,15x15,V2,9,1264.0
ga,tai15_15_08,15x15,V2,10,1309.0
ga,tai15_15_08,15x15,V2,11,1278.0
ga,tai15_15_08,15x15,V2,12,1283.5
ga,tai15_15_08,15x15,V2,13,1276.5
ga,tai15_15_08,15x15,V2,14,1271.0
ga,tai15_15_08,15x15,V2,15,1289.0
ga,tai15_15_08,15x15,V2,16,1257.5
ga,tai15_15_08,15x15,V2,17,1288.5
ga,tai15_15_08,15x15,V2,18,1275.0
ga,tai15_15_08,15x15,V2,19,1278.0
ga,tai15_15_08,15x15,V2,20,1264.0
ga,tai15_15_08,15x15,V2,21,1287.5
ga,tai15_15_08,15x15,V2,22,1271.0
ga,tai15_15_08,15x15,V2,23,1277.0
ga,tai15_15_08,15x15,V2,24,1283.5
ga,tai15_15_08,15x15,V2,25,1283.5
ga,tai15_15_08,15x15,V2,26,1302.0
ga,tai15_15_08,15x15,V2,27,1279.0
ga,tai15_15_08,15x15,V2,28,1264.0
ga,tai15_15_08,15x15,V2,29,1284.5
ga,tai15_15_08,15x15,V2,30,1277.0
ga,tai15_15_08,15x15,MOR,1,1275.5
ga,tai15_15_08,15x15,MOR,2,1285.5
ga,tai15_15_08,15x15,MOR,3,1289.0
ga,tai15_15_08,15x15,MOR,4,1280.5
ga,tai15_15_08,15x15,MOR,5,1296.0
ga,tai15_15_08,15x15,MOR,6,1290.0
ga,tai15_15_08,15x15,MOR,7,1291.5
ga,tai15_15_08,15x15,MOR,8,1285.0
ga,tai15_15_08,15x15,MOR,9,1259.5
ga,tai15_15_08,15x15,MOR,10,1289.0
ga,tai15_15_08,15x15,MOR,11,1275.0
ga,tai15_15_08,15x15,MOR,12,1278.0
ga,tai15_15_08,15x15,MOR,13,1296.0
ga,tai15_15_08,15x15,MOR,14,1275.0
ga,tai15_15_08,15x15,MOR,15,1288.0
ga,tai15_15_08,15x15,MOR,16,1275.0
ga,tai15_15_08,15x15,MOR,17,1269.5
ga,tai15_15_08,15x15,MOR,18,1244.0
ga,tai15_15_08,15x15,MOR,19,1295.0
ga,tai15_15_08,15x15,MOR,20,1291.5
ga,tai15_15_08,15x15,MOR,21,1290.0
ga,tai15_15_08,15x15,MOR,22,1285.5
ga,tai15_15_08,15x15,MOR,23,1284.5
ga,tai15_15_08,15x15,MOR,24,1296.0
ga,tai15_15_08,15x15,MOR,25,1294.5
ga,tai15_15_08,15x15,MOR,26,1283.0
ga,tai15_15_08,15x15,MOR,27,1258.0
ga,tai15_15_08,15x15,MOR,28,1289.0
ga,tai15_15_08,15x15,MOR,29,1293.5
ga,tai15_15_08,15x15,MOR,30,1289.0
ga,tai15_15_08,15x15,GT,1,1291.0
ga,tai15_15_08,15x15,GT,2,1291.0
ga,tai15_15_08,15x15,GT,3,1291.5
ga,tai15_15_08,15x15,GT,4,1279.0
ga,tai15_15_08,15x15,GT,5,1296.0
ga,tai15_15_08,15x15,GT,6,1250.5
ga,tai15_15_08,15x15,GT,7,1252.0
ga,tai15_15_08,15x15,GT,8,1287.5
ga,tai15_15_08,15x15,GT,9,1291.0
ga,tai15_15_08,15x15,GT,10,1291.0
ga,tai15_15_08,15x15,GT,11,1266.0
ga,tai15_15_08,15x15,GT,12,1291.0
ga,tai15_15_08,15x15,GT,13,1273.0
ga,tai15_15_08,15x15,GT,14,1286.0
ga,tai15_15_08,15x15,GT,15,1279.0
ga,tai15_15_08,15x15,GT,16,1292.0
ga,tai15_15_08,15x15,GT,17,1279.0
ga,tai15_15_08,15x15,GT,18,1244.0
ga,tai15_15_08,15x15,GT,19,1273.0
ga,tai15_15_08,15x15,GT,20,1290.0
ga,tai15_15_08,15x15,GT,21,1249.0
ga,tai15_15_08,15x15,GT,22,1250.0
ga,tai15_15_08,15x15,GT,23,1254.0
ga,tai15_15_08,15x15,GT,24,1256.5
ga,tai15_15_08,15x15,GT,25,1276.5
ga,tai15_15_08,15x15,GT,26,1291.0
ga,tai15_15_08,15x15,GT,27,1252.0
ga,tai15_15_08,15x15,GT,28,1273.0
ga,tai15_15_08,15x15,GT,29,1291.0
ga,tai15_15_08,15x15,GT,30,1291.5
ga,tai15_15_08,15x15,GP,1,1267.5
ga,tai15_15_08,15x15,GP,2,1267.5
ga,tai15_15_08,15x15,GP,3,1252.0
ga,tai15_15_08,15x15,GP,4,1274.0
ga,tai15_15_08,15x15,GP,5,1277.0
ga,tai15_15_08,15x15,GP,6,1277.0
ga,tai15_15_08,15x15,GP,7,1287.5
ga,tai15_15_08,15x15,GP,8,1258.0
ga,tai15_15_08,15x15,GP,9,1258.5
ga,tai15_15_08,15x15,GP,10,1274.0
ga,tai15_15_08,15x15,GP,11,1252.0
ga,tai15_15_08,15x15,GP,12,1258.5
ga,tai15_15_08,15x15,GP,13,1267.5
ga,tai15_15_08,15x15,GP,14,1258.0
ga,tai15_15_08,15x15,GP,15,1258.0
ga,tai15_15_08,15x15,GP,16,1274.0
ga,tai15_15_08,15x15,GP,17,1252.0
ga,tai15_15_08,15x15,GP,18,1267.5
ga,tai15_15_08,15x15,GP,19,1274.0
ga,tai15_15_08,15x15,GP,20,1258.0
ga,tai15_15_08,15x15,GP,21,1258.0
ga,tai15_15_08,15x15,GP,22,1258.0
ga,tai15_15_08,15x15,GP,23,1269.0
ga,tai15_15_08,15x15,GP,24,1269.5
ga,tai15_15_08,15x15,GP,25,1278.5
ga,tai15_15_08,15x15,GP,26,1258.0
ga,tai15_15_08,15x15,GP,27,1252.0
ga,tai15_15_08,15x15,GP,28,1258.0
ga,tai15_15_08,15x15,GP,29,1274.0
ga,tai15_15_08,15x15,GP,30,1279.5
ga,tai15_15_08,15x15,MIX,1,1275.0
ga,tai15_15_08,15x15,MIX,2,1273.0
ga,tai15_15_08,15x15,MIX,3,1284.5
ga,tai15_15_08,15x15,MIX,4,1269.5
ga,tai15_15_08,15x15,MIX,5,1258.0
ga,tai15_15_08,15x15,MIX,6,1263.5
ga,tai15_15_08,15x15,MIX,7,1249.5
ga,tai15_15_08,15x15,MIX,8,1275.0
ga,tai15_15_08,15x15,MIX,9,1250.0
ga,tai15_15_08,15x15,MIX,10,1249.5
ga,tai15_15_08,15x15,MIX,11,1280.0
ga,tai15_15_08,15x15,MIX,12,1255.5
ga,tai15_15_08,15x15,MIX,13,1262.5
ga,tai15_15_08,15x15,MIX,14,1288.5
ga,tai15_15_08,15x15,MIX,15,1282.0
ga,tai15_15_08,15x15,MIX,16,1254.5
ga,tai15_15_08,15x15,MIX,17,1275.0
ga,tai15_15_08,15x15,MIX,18,1270.5
ga,tai15_15_08,15x15,MIX,19,1269.5
ga,tai15_15_08,15x15,MIX,20,1275.0
ga,tai15_15_08,15x15,MIX,21,1300.5
ga,tai15_15_08,15x15,MIX,22,1275.0
ga,tai15_15_08,15x15,MIX,23,1269.0
ga,tai15_15_08,15x15,MIX,24,1265.0
ga,tai15_15_08,15x15,MIX,25,1269.5
ga,tai15_15_08,15x15,MIX,26,1275.0
ga,tai15_15_08,15x15,MIX,27,1286.0
ga,tai15_15_08,15x15,MIX,28,1277.5
ga,tai15_15_08,15x15,MIX,29,1258.0
ga,tai15_15_08,15x15,MIX,30,1284.0
ga,tai15_15_09,15x15,A0,1,1352.0
ga,tai15_15_09,15x15,A0,2,1359.0
ga,tai15_15_09,15x15,A0,3,1345.0
ga,tai15_15_09,15x15,A0,4,1346.5
ga,tai15_15_09,15x15,A0,5,1356.5
ga,tai15_15_09,15x15,A0,6,1350.5
ga,tai15_15_09,15x15,A0,7,1359.5
ga,tai15_15_09,15x15,A0,8,1339.5
ga,tai15_15_09,15x15,A0,9,1348.0
ga,tai15_15_09,15x15,A0,10,1355.5
ga,tai15_15_09,15x15,A0,11,1365.5
ga,tai15_15_09,15x15,A0,12,1338.5
ga,tai15_15_09,15x15,A0,13,1359.0
ga,tai15_15_09,15x15,A0,14,1333.0
ga,tai15_15_09,15x15,A0,15,1339.0
ga,tai15_15_09,15x15,A0,16,1339.0
ga,tai15_15_09,15x15,A0,17,1339.0
ga,tai15_15_09,15x15,A0,18,1359.5
ga,tai15_15_09,15x15,A0,19,1374.5
ga,tai15_15_09,15x15,A0,20,1359.5
ga,tai15_15_09,15x15,A0,21,1355.0
ga,tai15_15_09,15x15,A0,22,1360.0
ga,tai15_15_09,15x15,A0,23,1312.5
ga,tai15_15_09,15x15,A0,24,1359.5
ga,tai15_15_09,15x15,A0,25,1339.0
ga,tai15_15_09,15x15,A0,26,1360.0
ga,tai15_15_09,15x15,A0,27,1365.5
ga,tai15_15_09,15x15,A0,28,1312.5
ga,tai15_15_09,15x15,A0,29,1322.0
ga,tai15_15_09,15x15,A0,30,1347.0
ga,tai15_15_09,15x15,V2H,1,1345.5
ga,tai15_15_09,15x15,V2H,2,1328.0
ga,tai15_15_09,15x15,V2H,3,1333.5
ga,tai15_15_09,15x15,V2H,4,1308.0
ga,tai15_15_09,15x15,V2H,5,1307.5
ga,tai15_15_09,15x15,V2H,6,1313.0
ga,tai15_15_09,15x15,V2H,7,1344.0
ga,tai15_15_09,15x15,V2H,8,1358.0
ga,tai15_15_09,15x15,V2H,9,1318.0
ga,tai15_15_09,15x15,V2H,10,1349.5
ga,tai15_15_09,15x15,V2H,11,1314.0
ga,tai15_15_09,15x15,V2H,12,1326.5
ga,tai15_15_09,15x15,V2H,13,1308.0
ga,tai15_15_09,15x15,V2H,14,1334.0
ga,tai15_15_09,15x15,V2H,15,1318.0
ga,tai15_15_09,15x15,V2H,16,1305.0
ga,tai15_15_09,15x15,V2H,17,1314.0
ga,tai15_15_09,15x15,V2H,18,1342.5
ga,tai15_15_09,15x15,V2H,19,1323.5
ga,tai15_15_09,15x15,V2H,20,1308.0
ga,tai15_15_09,15x15,V2H,21,1308.0
ga,tai15_15_09,15x15,V2H,22,1324.0
ga,tai15_15_09,15x15,V2H,23,1307.5
ga,tai15_15_09,15x15,V2H,24,1297.5
ga,tai15_15_09,15x15,V2H,25,1342.0
ga,tai15_15_09,15x15,V2H,26,1311.5
ga,tai15_15_09,15x15,V2H,27,1329.5
ga,tai15_15_09,15x15,V2H,28,1314.0
ga,tai15_15_09,15x15,V2H,29,1307.5
ga,tai15_15_09,15x15,V2H,30,1315.5
ga,tai15_15_09,15x15,V2,1,1341.0
ga,tai15_15_09,15x15,V2,2,1324.0
ga,tai15_15_09,15x15,V2,3,1315.5
ga,tai15_15_09,15x15,V2,4,1319.0
ga,tai15_15_09,15x15,V2,5,1340.0
ga,tai15_15_09,15x15,V2,6,1312.5
ga,tai15_15_09,15x15,V2,7,1315.5
ga,tai15_15_09,15x15,V2,8,1353.5
ga,tai15_15_09,15x15,V2,9,1355.5
ga,tai15_15_09,15x15,V2,10,1333.5
ga,tai15_15_09,15x15,V2,11,1333.5
ga,tai15_15_09,15x15,V2,12,1335.0
ga,tai15_15_09,15x15,V2,13,1352.5
ga,tai15_15_09,15x15,V2,14,1324.0
ga,tai15_15_09,15x15,V2,15,1319.0
ga,tai15_15_09,15x15,V2,16,1327.5
ga,tai15_15_09,15x15,V2,17,1334.0
ga,tai15_15_09,15x15,V2,18,1330.0
ga,tai15_15_09,15x15,V2,19,1326.5
ga,tai15_15_09,15x15,V2,20,1302.5
ga,tai15_15_09,15x15,V2,21,1354.0
ga,tai15_15_09,15x15,V2,22,1330.5
ga,tai15_15_09,15x15,V2,23,1307.5
ga,tai15_15_09,15x15,V2,24,1321.0
ga,tai15_15_09,15x15,V2,25,1365.0
ga,tai15_15_09,15x15,V2,26,1330.5
ga,tai15_15_09,15x15,V2,27,1315.5
ga,tai15_15_09,15x15,V2,28,1301.0
ga,tai15_15_09,15x15,V2,29,1327.5
ga,tai15_15_09,15x15,V2,30,1330.5
ga,tai15_15_09,15x15,MOR,1,1411.0
ga,tai15_15_09,15x15,MOR,2,1401.0
ga,tai15_15_09,15x15,MOR,3,1401.0
ga,tai15_15_09,15x15,MOR,4,1378.0
ga,tai15_15_09,15x15,MOR,5,1389.0
ga,tai15_15_09,15x15,MOR,6,1357.0
ga,tai15_15_09,15x15,MOR,7,1418.5
ga,tai15_15_09,15x15,MOR,8,1375.0
ga,tai15_15_09,15x15,MOR,9,1353.5
ga,tai15_15_09,15x15,MOR,10,1401.0
ga,tai15_15_09,15x15,MOR,11,1401.0
ga,tai15_15_09,15x15,MOR,12,1387.0
ga,tai15_15_09,15x15,MOR,13,1411.0
ga,tai15_15_09,15x15,MOR,14,1378.0
ga,tai15_15_09,15x15,MOR,15,1391.5
ga,tai15_15_09,15x15,MOR,16,1389.0
ga,tai15_15_09,15x15,MOR,17,1411.0
ga,tai15_15_09,15x15,MOR,18,1391.0
ga,tai15_15_09,15x15,MOR,19,1401.0
ga,tai15_15_09,15x15,MOR,20,1388.5
ga,tai15_15_09,15x15,MOR,21,1388.0
ga,tai15_15_09,15x15,MOR,22,1378.0
ga,tai15_15_09,15x15,MOR,23,1411.0
ga,tai15_15_09,15x15,MOR,24,1410.5
ga,tai15_15_09,15x15,MOR,25,1378.0
ga,tai15_15_09,15x15,MOR,26,1388.0
ga,tai15_15_09,15x15,MOR,27,1401.0
ga,tai15_15_09,15x15,MOR,28,1381.0
ga,tai15_15_09,15x15,MOR,29,1411.0
ga,tai15_15_09,15x15,MOR,30,1404.5
ga,tai15_15_09,15x15,GT,1,1348.5
ga,tai15_15_09,15x15,GT,2,1353.5
ga,tai15_15_09,15x15,GT,3,1351.5
ga,tai15_15_09,15x15,GT,4,1362.0
ga,tai15_15_09,15x15,GT,5,1346.0
ga,tai15_15_09,15x15,GT,6,1349.0
ga,tai15_15_09,15x15,GT,7,1355.5
ga,tai15_15_09,15x15,GT,8,1358.5
ga,tai15_15_09,15x15,GT,9,1340.5
ga,tai15_15_09,15x15,GT,10,1336.0
ga,tai15_15_09,15x15,GT,11,1345.5
ga,tai15_15_09,15x15,GT,12,1344.5
ga,tai15_15_09,15x15,GT,13,1349.0
ga,tai15_15_09,15x15,GT,14,1332.0
ga,tai15_15_09,15x15,GT,15,1364.0
ga,tai15_15_09,15x15,GT,16,1360.0
ga,tai15_15_09,15x15,GT,17,1345.5
ga,tai15_15_09,15x15,GT,18,1349.0
ga,tai15_15_09,15x15,GT,19,1325.5
ga,tai15_15_09,15x15,GT,20,1337.0
ga,tai15_15_09,15x15,GT,21,1336.0
ga,tai15_15_09,15x15,GT,22,1353.0
ga,tai15_15_09,15x15,GT,23,1358.5
ga,tai15_15_09,15x15,GT,24,1349.0
ga,tai15_15_09,15x15,GT,25,1349.0
ga,tai15_15_09,15x15,GT,26,1347.0
ga,tai15_15_09,15x15,GT,27,1362.0
ga,tai15_15_09,15x15,GT,28,1342.0
ga,tai15_15_09,15x15,GT,29,1351.5
ga,tai15_15_09,15x15,GT,30,1355.5
ga,tai15_15_09,15x15,GP,1,1360.0
ga,tai15_15_09,15x15,GP,2,1352.0
ga,tai15_15_09,15x15,GP,3,1359.5
ga,tai15_15_09,15x15,GP,4,1320.0
ga,tai15_15_09,15x15,GP,5,1328.0
ga,tai15_15_09,15x15,GP,6,1359.0
ga,tai15_15_09,15x15,GP,7,1337.5
ga,tai15_15_09,15x15,GP,8,1362.0
ga,tai15_15_09,15x15,GP,9,1336.5
ga,tai15_15_09,15x15,GP,10,1338.5
ga,tai15_15_09,15x15,GP,11,1347.0
ga,tai15_15_09,15x15,GP,12,1326.0
ga,tai15_15_09,15x15,GP,13,1359.0
ga,tai15_15_09,15x15,GP,14,1348.5
ga,tai15_15_09,15x15,GP,15,1344.0
ga,tai15_15_09,15x15,GP,16,1328.5
ga,tai15_15_09,15x15,GP,17,1327.0
ga,tai15_15_09,15x15,GP,18,1356.0
ga,tai15_15_09,15x15,GP,19,1330.0
ga,tai15_15_09,15x15,GP,20,1337.0
ga,tai15_15_09,15x15,GP,21,1320.5
ga,tai15_15_09,15x15,GP,22,1347.5
ga,tai15_15_09,15x15,GP,23,1353.5
ga,tai15_15_09,15x15,GP,24,1339.0
ga,tai15_15_09,15x15,GP,25,1316.5
ga,tai15_15_09,15x15,GP,26,1346.0
ga,tai15_15_09,15x15,GP,27,1359.5
ga,tai15_15_09,15x15,GP,28,1359.5
ga,tai15_15_09,15x15,GP,29,1354.0
ga,tai15_15_09,15x15,GP,30,1334.0
ga,tai15_15_09,15x15,MIX,1,1327.0
ga,tai15_15_09,15x15,MIX,2,1317.0
ga,tai15_15_09,15x15,MIX,3,1326.0
ga,tai15_15_09,15x15,MIX,4,1337.5
ga,tai15_15_09,15x15,MIX,5,1314.0
ga,tai15_15_09,15x15,MIX,6,1326.5
ga,tai15_15_09,15x15,MIX,7,1354.0
ga,tai15_15_09,15x15,MIX,8,1336.0
ga,tai15_15_09,15x15,MIX,9,1314.0
ga,tai15_15_09,15x15,MIX,10,1314.0
ga,tai15_15_09,15x15,MIX,11,1333.5
ga,tai15_15_09,15x15,MIX,12,1323.0
ga,tai15_15_09,15x15,MIX,13,1302.5
ga,tai15_15_09,15x15,MIX,14,1316.5
ga,tai15_15_09,15x15,MIX,15,1326.0
ga,tai15_15_09,15x15,MIX,16,1329.5
ga,tai15_15_09,15x15,MIX,17,1324.0
ga,tai15_15_09,15x15,MIX,18,1344.0
ga,tai15_15_09,15x15,MIX,19,1332.0
ga,tai15_15_09,15x15,MIX,20,1314.0
ga,tai15_15_09,15x15,MIX,21,1348.5
ga,tai15_15_09,15x15,MIX,22,1314.0
ga,tai15_15_09,15x15,MIX,23,1314.0
ga,tai15_15_09,15x15,MIX,24,1340.5
ga,tai15_15_09,15x15,MIX,25,1314.0
ga,tai15_15_09,15x15,MIX,26,1314.0
ga,tai15_15_09,15x15,MIX,27,1314.0
ga,tai15_15_09,15x15,MIX,28,1312.0
ga,tai15_15_09,15x15,MIX,29,1314.0
ga,tai15_15_09,15x15,MIX,30,1336.0
ga,tai15_15_10,15x15,A0,1,1307.0
ga,tai15_15_10,15x15,A0,2,1308.0
ga,tai15_15_10,15x15,A0,3,1307.0
ga,tai15_15_10,15x15,A0,4,1303.0
ga,tai15_15_10,15x15,A0,5,1296.5
ga,tai15_15_10,15x15,A0,6,1304.0
ga,tai15_15_10,15x15,A0,7,1311.0
ga,tai15_15_10,15x15,A0,8,1303.0
ga,tai15_15_10,15x15,A0,9,1314.5
ga,tai15_15_10,15x15,A0,10,1307.0
ga,tai15_15_10,15x15,A0,11,1322.0
ga,tai15_15_10,15x15,A0,12,1307.0
ga,tai15_15_10,15x15,A0,13,1307.0
ga,tai15_15_10,15x15,A0,14,1318.5
ga,tai15_15_10,15x15,A0,15,1307.0
ga,tai15_15_10,15x15,A0,16,1309.0
ga,tai15_15_10,15x15,A0,17,1307.0
ga,tai15_15_10,15x15,A0,18,1304.0
ga,tai15_15_10,15x15,A0,19,1319.0
ga,tai15_15_10,15x15,A0,20,1307.0
ga,tai15_15_10,15x15,A0,21,1300.0
ga,tai15_15_10,15x15,A0,22,1310.0
ga,tai15_15_10,15x15,A0,23,1307.0
ga,tai15_15_10,15x15,A0,24,1307.0
ga,tai15_15_10,15x15,A0,25,1296.0
ga,tai15_15_10,15x15,A0,26,1304.0
ga,tai15_15_10,15x15,A0,27,1309.0
ga,tai15_15_10,15x15,A0,28,1311.5
ga,tai15_15_10,15x15,A0,29,1308.0
ga,tai15_15_10,15x15,A0,30,1316.0
ga,tai15_15_10,15x15,V2H,1,1331.0
ga,tai15_15_10,15x15,V2H,2,1262.5
ga,tai15_15_10,15x15,V2H,3,1284.5
ga,tai15_15_10,15x15,V2H,4,1285.5
ga,tai15_15_10,15x15,V2H,5,1300.0
ga,tai15_15_10,15x15,V2H,6,1308.0
ga,tai15_15_10,15x15,V2H,7,1302.5
ga,tai15_15_10,15x15,V2H,8,1292.0
ga,tai15_15_10,15x15,V2H,9,1287.5
ga,tai15_15_10,15x15,V2H,10,1274.0
ga,tai15_15_10,15x15,V2H,11,1284.0
ga,tai15_15_10,15x15,V2H,12,1306.5
ga,tai15_15_10,15x15,V2H,13,1279.0
ga,tai15_15_10,15x15,V2H,14,1307.0
ga,tai15_15_10,15x15,V2H,15,1282.5
ga,tai15_15_10,15x15,V2H,16,1296.5
ga,tai15_15_10,15x15,V2H,17,1280.0
ga,tai15_15_10,15x15,V2H,18,1310.5
ga,tai15_15_10,15x15,V2H,19,1271.5
ga,tai15_15_10,15x15,V2H,20,1304.0
ga,tai15_15_10,15x15,V2H,21,1304.0
ga,tai15_15_10,15x15,V2H,22,1304.0
ga,tai15_15_10,15x15,V2H,23,1277.0
ga,tai15_15_10,15x15,V2H,24,1281.0
ga,tai15_15_10,15x15,V2H,25,1285.0
ga,tai15_15_10,15x15,V2H,26,1281.5
ga,tai15_15_10,15x15,V2H,27,1287.5
ga,tai15_15_10,15x15,V2H,28,1307.0
ga,tai15_15_10,15x15,V2H,29,1304.0
ga,tai15_15_10,15x15,V2H,30,1297.5
ga,tai15_15_10,15x15,V2,1,1285.5
ga,tai15_15_10,15x15,V2,2,1307.0
ga,tai15_15_10,15x15,V2,3,1317.0
ga,tai15_15_10,15x15,V2,4,1297.0
ga,tai15_15_10,15x15,V2,5,1281.5
ga,tai15_15_10,15x15,V2,6,1309.0
ga,tai15_15_10,15x15,V2,7,1296.0
ga,tai15_15_10,15x15,V2,8,1302.5
ga,tai15_15_10,15x15,V2,9,1263.0
ga,tai15_15_10,15x15,V2,10,1296.0
ga,tai15_15_10,15x15,V2,11,1304.0
ga,tai15_15_10,15x15,V2,12,1298.5
ga,tai15_15_10,15x15,V2,13,1299.5
ga,tai15_15_10,15x15,V2,14,1287.0
ga,tai15_15_10,15x15,V2,15,1307.0
ga,tai15_15_10,15x15,V2,16,1299.0
ga,tai15_15_10,15x15,V2,17,1297.0
ga,tai15_15_10,15x15,V2,18,1297.0
ga,tai15_15_10,15x15,V2,19,1304.0
ga,tai15_15_10,15x15,V2,20,1302.5
ga,tai15_15_10,15x15,V2,21,1308.0
ga,tai15_15_10,15x15,V2,22,1299.5
ga,tai15_15_10,15x15,V2,23,1304.0
ga,tai15_15_10,15x15,V2,24,1303.5
ga,tai15_15_10,15x15,V2,25,1283.0
ga,tai15_15_10,15x15,V2,26,1274.0
ga,tai15_15_10,15x15,V2,27,1304.0
ga,tai15_15_10,15x15,V2,28,1289.0
ga,tai15_15_10,15x15,V2,29,1290.5
ga,tai15_15_10,15x15,V2,30,1302.0
ga,tai15_15_10,15x15,MOR,1,1338.0
ga,tai15_15_10,15x15,MOR,2,1316.5
ga,tai15_15_10,15x15,MOR,3,1312.5
ga,tai15_15_10,15x15,MOR,4,1336.0
ga,tai15_15_10,15x15,MOR,5,1344.5
ga,tai15_15_10,15x15,MOR,6,1316.0
ga,tai15_15_10,15x15,MOR,7,1327.0
ga,tai15_15_10,15x15,MOR,8,1316.5
ga,tai15_15_10,15x15,MOR,9,1331.0
ga,tai15_15_10,15x15,MOR,10,1327.0
ga,tai15_15_10,15x15,MOR,11,1334.0
ga,tai15_15_10,15x15,MOR,12,1344.5
ga,tai15_15_10,15x15,MOR,13,1338.5
ga,tai15_15_10,15x15,MOR,14,1317.5
ga,tai15_15_10,15x15,MOR,15,1318.0
ga,tai15_15_10,15x15,MOR,16,1314.5
ga,tai15_15_10,15x15,MOR,17,1316.5
ga,tai15_15_10,15x15,MOR,18,1312.5
ga,tai15_15_10,15x15,MOR,19,1327.0
ga,tai15_15_10,15x15,MOR,20,1311.5
ga,tai15_15_10,15x15,MOR,21,1320.0
ga,tai15_15_10,15x15,MOR,22,1311.5
ga,tai15_15_10,15x15,MOR,23,1326.5
ga,tai15_15_10,15x15,MOR,24,1339.5
ga,tai15_15_10,15x15,MOR,25,1311.5
ga,tai15_15_10,15x15,MOR,26,1312.0
ga,tai15_15_10,15x15,MOR,27,1338.0
ga,tai15_15_10,15x15,MOR,28,1314.5
ga,tai15_15_10,15x15,MOR,29,1334.0
ga,tai15_15_10,15x15,MOR,30,1335.0
ga,tai15_15_10,15x15,GT,1,1307.0
ga,tai15_15_10,15x15,GT,2,1329.0
ga,tai15_15_10,15x15,GT,3,1298.5
ga,tai15_15_10,15x15,GT,4,1323.5
ga,tai15_15_10,15x15,GT,5,1297.0
ga,tai15_15_10,15x15,GT,6,1323.5
ga,tai15_15_10,15x15,GT,7,1298.5
ga,tai15_15_10,15x15,GT,8,1334.0
ga,tai15_15_10,15x15,GT,9,1315.0
ga,tai15_15_10,15x15,GT,10,1323.5
ga,tai15_15_10,15x15,GT,11,1326.0
ga,tai15_15_10,15x15,GT,12,1326.0
ga,tai15_15_10,15x15,GT,13,1295.5
ga,tai15_15_10,15x15,GT,14,1326.0
ga,tai15_15_10,15x15,GT,15,1333.0
ga,tai15_15_10,15x15,GT,16,1329.0
ga,tai15_15_10,15x15,GT,17,1307.0
ga,tai15_15_10,15x15,GT,18,1304.0
ga,tai15_15_10,15x15,GT,19,1326.0
ga,tai15_15_10,15x15,GT,20,1326.0
ga,tai15_15_10,15x15,GT,21,1310.0
ga,tai15_15_10,15x15,GT,22,1323.5
ga,tai15_15_10,15x15,GT,23,1323.5
ga,tai15_15_10,15x15,GT,24,1326.0
ga,tai15_15_10,15x15,GT,25,1308.0
ga,tai15_15_10,15x15,GT,26,1296.5
ga,tai15_15_10,15x15,GT,27,1305.0
ga,tai15_15_10,15x15,GT,28,1312.5
ga,tai15_15_10,15x15,GT,29,1323.5
ga,tai15_15_10,15x15,GT,30,1323.5
ga,tai15_15_10,15x15,GP,1,1300.5
ga,tai15_15_10,15x15,GP,2,1321.0
ga,tai15_15_10,15x15,GP,3,1324.0
ga,tai15_15_10,15x15,GP,4,1290.0
ga,tai15_15_10,15x15,GP,5,1302.5
ga,tai15_15_10,15x15,GP,6,1294.0
ga,tai15_15_10,15x15,GP,7,1321.0
ga,tai15_15_10,15x15,GP,8,1301.0
ga,tai15_15_10,15x15,GP,9,1301.5
ga,tai15_15_10,15x15,GP,10,1310.0
ga,tai15_15_10,15x15,GP,11,1301.0
ga,tai15_15_10,15x15,GP,12,1302.0
ga,tai15_15_10,15x15,GP,13,1308.5
ga,tai15_15_10,15x15,GP,14,1290.5
ga,tai15_15_10,15x15,GP,15,1327.0
ga,tai15_15_10,15x15,GP,16,1314.5
ga,tai15_15_10,15x15,GP,17,1321.0
ga,tai15_15_10,15x15,GP,18,1321.0
ga,tai15_15_10,15x15,GP,19,1312.0
ga,tai15_15_10,15x15,GP,20,1310.5
ga,tai15_15_10,15x15,GP,21,1321.0
ga,tai15_15_10,15x15,GP,22,1324.0
ga,tai15_15_10,15x15,GP,23,1307.5
ga,tai15_15_10,15x15,GP,24,1307.0
ga,tai15_15_10,15x15,GP,25,1308.5
ga,tai15_15_10,15x15,GP,26,1319.0
ga,tai15_15_10,15x15,GP,27,1289.5
ga,tai15_15_10,15x15,GP,28,1302.5
ga,tai15_15_10,15x15,GP,29,1302.5
ga,tai15_15_10,15x15,GP,30,1321.0
ga,tai15_15_10,15x15,MIX,1,1313.0
ga,tai15_15_10,15x15,MIX,2,1305.0
ga,tai15_15_10,15x15,MIX,3,1286.5
ga,tai15_15_10,15x15,MIX,4,1303.5
ga,tai15_15_10,15x15,MIX,5,1308.5
ga,tai15_15_10,15x15,MIX,6,1283.0
ga,tai15_15_10,15x15,MIX,7,1289.5
ga,tai15_15_10,15x15,MIX,8,1303.0
ga,tai15_15_10,15x15,MIX,9,1312.0
ga,tai15_15_10,15x15,MIX,10,1303.5
ga,tai15_15_10,15x15,MIX,11,1299.0
ga,tai15_15_10,15x15,MIX,12,1291.0
ga,tai15_15_10,15x15,MIX,13,1290.0
ga,tai15_15_10,15x15,MIX,14,1299.0
ga,tai15_15_10,15x15,MIX,15,1301.0
ga,tai15_15_10,15x15,MIX,16,1292.0
ga,tai15_15_10,15x15,MIX,17,1303.5
ga,tai15_15_10,15x15,MIX,18,1309.5
ga,tai15_15_10,15x15,MIX,19,1289.5
ga,tai15_15_10,15x15,MIX,20,1284.5
ga,tai15_15_10,15x15,MIX,21,1292.0
ga,tai15_15_10,15x15,MIX,22,1250.0
ga,tai15_15_10,15x15,MIX,23,1295.0
ga,tai15_15_10,15x15,MIX,24,1313.0
ga,tai15_15_10,15x15,MIX,25,1289.0
ga,tai15_15_10,15x15,MIX,26,1297.0
ga,tai15_15_10,15x15,MIX,27,1289.5
ga,tai15_15_10,15x15,MIX,28,1281.0
ga,tai15_15_10,15x15,MIX,29,1289.5
ga,tai15_15_10,15x15,MIX,30,1307.0
ga,tai20_20_01,20x20,A0,1,1748.0
ga,tai20_20_01,20x20,A0,2,1740.5
ga,tai20_20_01,20x20,A0,3,1755.0
ga,tai20_20_01,20x20,A0,4,1761.0
ga,tai20_20_01,20x20,A0,5,1759.0
ga,tai20_20_01,20x20,A0,6,1746.0
ga,tai20_20_01,20x20,A0,7,1738.0
ga,tai20_20_01,20x20,A0,8,1747.0
ga,tai20_20_01,20x20,A0,9,1733.0
ga,tai20_20_01,20x20,A0,10,1757.5
ga,tai20_20_01,20x20,A0,11,1749.0
ga,tai20_20_01,20x20,A0,12,1713.5
ga,tai20_20_01,20x20,A0,13,1753.0
ga,tai20_20_01,20x20,A0,14,1761.0
ga,tai20_20_01,20x20,A0,15,1740.0
ga,tai20_20_01,20x20,A0,16,1757.0
ga,tai20_20_01,20x20,A0,17,1739.0
ga,tai20_20_01,20x20,A0,18,1723.5
ga,tai20_20_01,20x20,A0,19,1739.5
ga,tai20_20_01,20x20,A0,20,1757.0
ga,tai20_20_01,20x20,A0,21,1757.0
ga,tai20_20_01,20x20,A0,22,1734.5
ga,tai20_20_01,20x20,A0,23,1740.5
ga,tai20_20_01,20x20,A0,24,1754.0
ga,tai20_20_01,20x20,A0,25,1732.5
ga,tai20_20_01,20x20,A0,26,1723.0
ga,tai20_20_01,20x20,A0,27,1738.0
ga,tai20_20_01,20x20,A0,28,1758.5
ga,tai20_20_01,20x20,A0,29,1766.0
ga,tai20_20_01,20x20,A0,30,1709.0
ga,tai20_20_01,20x20,V2H,1,1710.0
ga,tai20_20_01,20x20,V2H,2,1725.5
ga,tai20_20_01,20x20,V2H,3,1749.5
ga,tai20_20_01,20x20,V2H,4,1741.5
ga,tai20_20_01,20x20,V2H,5,1729.0
ga,tai20_20_01,20x20,V2H,6,1755.0
ga,tai20_20_01,20x20,V2H,7,1738.0
ga,tai20_20_01,20x20,V2H,8,1736.5
ga,tai20_20_01,20x20,V2H,9,1736.0
ga,tai20_20_01,20x20,V2H,10,1743.0
ga,tai20_20_01,20x20,V2H,11,1746.5
ga,tai20_20_01,20x20,V2H,12,1781.0
ga,tai20_20_01,20x20,V2H,13,1743.5
ga,tai20_20_01,20x20,V2H,14,1740.5
ga,tai20_20_01,20x20,V2H,15,1758.0
ga,tai20_20_01,20x20,V2H,16,1738.0
ga,tai20_20_01,20x20,V2H,17,1752.5
ga,tai20_20_01,20x20,V2H,18,1724.5
ga,tai20_20_01,20x20,V2H,19,1727.0
ga,tai20_20_01,20x20,V2H,20,1785.0
ga,tai20_20_01,20x20,V2H,21,1771.0
ga,tai20_20_01,20x20,V2H,22,1754.5
ga,tai20_20_01,20x20,V2H,23,1744.0
ga,tai20_20_01,20x20,V2H,24,1755.5
ga,tai20_20_01,20x20,V2H,25,1734.0
ga,tai20_20_01,20x20,V2H,26,1739.5
ga,tai20_20_01,20x20,V2H,27,1746.0
ga,tai20_20_01,20x20,V2H,28,1729.5
ga,tai20_20_01,20x20,V2H,29,1738.0
ga,tai20_20_01,20x20,V2H,30,1755.0
ga,tai20_20_01,20x20,V2,1,1741.0
ga,tai20_20_01,20x20,V2,2,1741.5
ga,tai20_20_01,20x20,V2,3,1718.0
ga,tai20_20_01,20x20,V2,4,1737.5
ga,tai20_20_01,20x20,V2,5,1742.5
ga,tai20_20_01,20x20,V2,6,1787.5
ga,tai20_20_01,20x20,V2,7,1739.0
ga,tai20_20_01,20x20,V2,8,1758.0
ga,tai20_20_01,20x20,V2,9,1734.0
ga,tai20_20_01,20x20,V2,10,1738.0
ga,tai20_20_01,20x20,V2,11,1719.5
ga,tai20_20_01,20x20,V2,12,1759.0
ga,tai20_20_01,20x20,V2,13,1748.5
ga,tai20_20_01,20x20,V2,14,1746.5
ga,tai20_20_01,20x20,V2,15,1736.5
ga,tai20_20_01,20x20,V2,16,1741.0
ga,tai20_20_01,20x20,V2,17,1783.0
ga,tai20_20_01,20x20,V2,18,1733.0
ga,tai20_20_01,20x20,V2,19,1754.0
ga,tai20_20_01,20x20,V2,20,1753.0
ga,tai20_20_01,20x20,V2,21,1743.0
ga,tai20_20_01,20x20,V2,22,1734.0
ga,tai20_20_01,20x20,V2,23,1746.0
ga,tai20_20_01,20x20,V2,24,1759.0
ga,tai20_20_01,20x20,V2,25,1736.0
ga,tai20_20_01,20x20,V2,26,1750.0
ga,tai20_20_01,20x20,V2,27,1736.5
ga,tai20_20_01,20x20,V2,28,1730.0
ga,tai20_20_01,20x20,V2,29,1750.0
ga,tai20_20_01,20x20,V2,30,1731.5
ga,tai20_20_01,20x20,MOR,1,1796.5
ga,tai20_20_01,20x20,MOR,2,1818.0
ga,tai20_20_01,20x20,MOR,3,1801.5
ga,tai20_20_01,20x20,MOR,4,1799.0
ga,tai20_20_01,20x20,MOR,5,1813.5
ga,tai20_20_01,20x20,MOR,6,1813.5
ga,tai20_20_01,20x20,MOR,7,1812.5
ga,tai20_20_01,20x20,MOR,8,1821.5
ga,tai20_20_01,20x20,MOR,9,1803.5
ga,tai20_20_01,20x20,MOR,10,1808.0
ga,tai20_20_01,20x20,MOR,11,1808.5
ga,tai20_20_01,20x20,MOR,12,1803.5
ga,tai20_20_01,20x20,MOR,13,1800.0
ga,tai20_20_01,20x20,MOR,14,1807.5
ga,tai20_20_01,20x20,MOR,15,1807.0
ga,tai20_20_01,20x20,MOR,16,1800.5
ga,tai20_20_01,20x20,MOR,17,1801.0
ga,tai20_20_01,20x20,MOR,18,1799.5
ga,tai20_20_01,20x20,MOR,19,1805.5
ga,tai20_20_01,20x20,MOR,20,1804.0
ga,tai20_20_01,20x20,MOR,21,1796.5
ga,tai20_20_01,20x20,MOR,22,1794.5
ga,tai20_20_01,20x20,MOR,23,1798.0
ga,tai20_20_01,20x20,MOR,24,1799.0
ga,tai20_20_01,20x20,MOR,25,1814.0
ga,tai20_20_01,20x20,MOR,26,1802.0
ga,tai20_20_01,20x20,MOR,27,1818.5
ga,tai20_20_01,20x20,MOR,28,1794.5
ga,tai20_20_01,20x20,MOR,29,1807.0
ga,tai20_20_01,20x20,MOR,30,1801.5
ga,tai20_20_01,20x20,GT,1,1778.5
ga,tai20_20_01,20x20,GT,2,1778.5
ga,tai20_20_01,20x20,GT,3,1795.0
ga,tai20_20_01,20x20,GT,4,1771.0
ga,tai20_20_01,20x20,GT,5,1774.5
ga,tai20_20_01,20x20,GT,6,1763.5
ga,tai20_20_01,20x20,GT,7,1758.5
ga,tai20_20_01,20x20,GT,8,1770.5
ga,tai20_20_01,20x20,GT,9,1756.0
ga,tai20_20_01,20x20,GT,10,1762.0
ga,tai20_20_01,20x20,GT,11,1744.5
ga,tai20_20_01,20x20,GT,12,1778.5
ga,tai20_20_01,20x20,GT,13,1780.5
ga,tai20_20_01,20x20,GT,14,1776.0
ga,tai20_20_01,20x20,GT,15,1757.0
ga,tai20_20_01,20x20,GT,16,1779.0
ga,tai20_20_01,20x20,GT,17,1765.0
ga,tai20_20_01,20x20,GT,18,1755.0
ga,tai20_20_01,20x20,GT,19,1772.0
ga,tai20_20_01,20x20,GT,20,1743.0
ga,tai20_20_01,20x20,GT,21,1791.0
ga,tai20_20_01,20x20,GT,22,1772.0
ga,tai20_20_01,20x20,GT,23,1777.5
ga,tai20_20_01,20x20,GT,24,1782.0
ga,tai20_20_01,20x20,GT,25,1772.0
ga,tai20_20_01,20x20,GT,26,1791.5
ga,tai20_20_01,20x20,GT,27,1765.0
ga,tai20_20_01,20x20,GT,28,1757.0
ga,tai20_20_01,20x20,GT,29,1786.0
ga,tai20_20_01,20x20,GT,30,1776.0
ga,tai20_20_01,20x20,GP,1,1741.0
ga,tai20_20_01,20x20,GP,2,1728.0
ga,tai20_20_01,20x20,GP,3,1719.0
ga,tai20_20_01,20x20,GP,4,1745.0
ga,tai20_20_01,20x20,GP,5,1742.5
ga,tai20_20_01,20x20,GP,6,1717.5
ga,tai20_20_01,20x20,GP,7,1708.0
ga,tai20_20_01,20x20,GP,8,1727.5
ga,tai20_20_01,20x20,GP,9,1761.5
ga,tai20_20_01,20x20,GP,10,1742.0
ga,tai20_20_01,20x20,GP,11,1716.5
ga,tai20_20_01,20x20,GP,12,1747.0
ga,tai20_20_01,20x20,GP,13,1725.5
ga,tai20_20_01,20x20,GP,14,1715.0
ga,tai20_20_01,20x20,GP,15,1754.5
ga,tai20_20_01,20x20,GP,16,1718.0
ga,tai20_20_01,20x20,GP,17,1738.5
ga,tai20_20_01,20x20,GP,18,1735.5
ga,tai20_20_01,20x20,GP,19,1716.0
ga,tai20_20_01,20x20,GP,20,1729.5
ga,tai20_20_01,20x20,GP,21,1714.5
ga,tai20_20_01,20x20,GP,22,1737.0
ga,tai20_20_01,20x20,GP,23,1717.0
ga,tai20_20_01,20x20,GP,24,1724.0
ga,tai20_20_01,20x20,GP,25,1713.0
ga,tai20_20_01,20x20,GP,26,1723.5
ga,tai20_20_01,20x20,GP,27,1743.5
ga,tai20_20_01,20x20,GP,28,1730.0
ga,tai20_20_01,20x20,GP,29,1748.0
ga,tai20_20_01,20x20,GP,30,1747.0
ga,tai20_20_01,20x20,MIX,1,1736.0
ga,tai20_20_01,20x20,MIX,2,1734.5
ga,tai20_20_01,20x20,MIX,3,1741.5
ga,tai20_20_01,20x20,MIX,4,1757.0
ga,tai20_20_01,20x20,MIX,5,1730.0
ga,tai20_20_01,20x20,MIX,6,1750.5
ga,tai20_20_01,20x20,MIX,7,1734.0
ga,tai20_20_01,20x20,MIX,8,1734.0
ga,tai20_20_01,20x20,MIX,9,1731.0
ga,tai20_20_01,20x20,MIX,10,1736.0
ga,tai20_20_01,20x20,MIX,11,1750.0
ga,tai20_20_01,20x20,MIX,12,1714.5
ga,tai20_20_01,20x20,MIX,13,1739.0
ga,tai20_20_01,20x20,MIX,14,1768.5
ga,tai20_20_01,20x20,MIX,15,1730.5
ga,tai20_20_01,20x20,MIX,16,1727.0
ga,tai20_20_01,20x20,MIX,17,1720.0
ga,tai20_20_01,20x20,MIX,18,1732.0
ga,tai20_20_01,20x20,MIX,19,1735.5
ga,tai20_20_01,20x20,MIX,20,1745.0
ga,tai20_20_01,20x20,MIX,21,1717.0
ga,tai20_20_01,20x20,MIX,22,1741.0
ga,tai20_20_01,20x20,MIX,23,1760.0
ga,tai20_20_01,20x20,MIX,24,1753.5
ga,tai20_20_01,20x20,MIX,25,1757.0
ga,tai20_20_01,20x20,MIX,26,1751.5
ga,tai20_20_01,20x20,MIX,27,1740.0
ga,tai20_20_01,20x20,MIX,28,1725.5
ga,tai20_20_01,20x20,MIX,29,1734.5
ga,tai20_20_01,20x20,MIX,30,1722.0
ga,tai20_20_02,20x20,A0,1,1728.0
ga,tai20_20_02,20x20,A0,2,1738.0
ga,tai20_20_02,20x20,A0,3,1716.0
ga,tai20_20_02,20x20,A0,4,1706.0
ga,tai20_20_02,20x20,A0,5,1704.5
ga,tai20_20_02,20x20,A0,6,1707.5
ga,tai20_20_02,20x20,A0,7,1667.5
ga,tai20_20_02,20x20,A0,8,1679.0
ga,tai20_20_02,20x20,A0,9,1667.5
ga,tai20_20_02,20x20,A0,10,1707.0
ga,tai20_20_02,20x20,A0,11,1665.0
ga,tai20_20_02,20x20,A0,12,1704.0
ga,tai20_20_02,20x20,A0,13,1672.0
ga,tai20_20_02,20x20,A0,14,1708.5
ga,tai20_20_02,20x20,A0,15,1706.0
ga,tai20_20_02,20x20,A0,16,1683.5
ga,tai20_20_02,20x20,A0,17,1729.0
ga,tai20_20_02,20x20,A0,18,1703.5
ga,tai20_20_02,20x20,A0,19,1708.5
ga,tai20_20_02,20x20,A0,20,1675.5
ga,tai20_20_02,20x20,A0,21,1668.0
ga,tai20_20_02,20x20,A0,22,1714.5
ga,tai20_20_02,20x20,A0,23,1667.5
ga,tai20_20_02,20x20,A0,24,1685.0
ga,tai20_20_02,20x20,A0,25,1716.0
ga,tai20_20_02,20x20,A0,26,1721.0
ga,tai20_20_02,20x20,A0,27,1667.0
ga,tai20_20_02,20x20,A0,28,1674.0
ga,tai20_20_02,20x20,A0,29,1682.0
ga,tai20_20_02,20x20,A0,30,1714.0
ga,tai20_20_02,20x20,V2H,1,1685.5
ga,tai20_20_02,20x20,V2H,2,1682.0
ga,tai20_20_02,20x20,V2H,3,1669.0
ga,tai20_20_02,20x20,V2H,4,1685.0
ga,tai20_20_02,20x20,V2H,5,1684.0
ga,tai20_20_02,20x20,V2H,6,1681.5
ga,tai20_20_02,20x20,V2H,7,1661.0
ga,tai20_20_02,20x20,V2H,8,1692.0
ga,tai20_20_02,20x20,V2H,9,1686.0
ga,tai20_20_02,20x20,V2H,10,1702.5
ga,tai20_20_02,20x20,V2H,11,1689.5
ga,tai20_20_02,20x20,V2H,12,1689.5
ga,tai20_20_02,20x20,V2H,13,1700.0
ga,tai20_20_02,20x20,V2H,14,1691.0
ga,tai20_20_02,20x20,V2H,15,1706.0
ga,tai20_20_02,20x20,V2H,16,1696.5
ga,tai20_20_02,20x20,V2H,17,1687.0
ga,tai20_20_02,20x20,V2H,18,1689.5
ga,tai20_20_02,20x20,V2H,19,1689.0
ga,tai20_20_02,20x20,V2H,20,1682.0
ga,tai20_20_02,20x20,V2H,21,1689.0
ga,tai20_20_02,20x20,V2H,22,1666.0
ga,tai20_20_02,20x20,V2H,23,1686.5
ga,tai20_20_02,20x20,V2H,24,1715.5
ga,tai20_20_02,20x20,V2H,25,1694.0
ga,tai20_20_02,20x20,V2H,26,1694.5
ga,tai20_20_02,20x20,V2H,27,1683.5
ga,tai20_20_02,20x20,V2H,28,1698.0
ga,tai20_20_02,20x20,V2H,29,1691.0
ga,tai20_20_02,20x20,V2H,30,1708.0
ga,tai20_20_02,20x20,V2,1,1705.0
ga,tai20_20_02,20x20,V2,2,1683.5
ga,tai20_20_02,20x20,V2,3,1668.5
ga,tai20_20_02,20x20,V2,4,1688.0
ga,tai20_20_02,20x20,V2,5,1681.5
ga,tai20_20_02,20x20,V2,6,1682.5
ga,tai20_20_02,20x20,V2,7,1689.0
ga,tai20_20_02,20x20,V2,8,1699.0
ga,tai20_20_02,20x20,V2,9,1693.0
ga,tai20_20_02,20x20,V2,10,1678.5
ga,tai20_20_02,20x20,V2,11,1695.5
ga,tai20_20_02,20x20,V2,12,1700.0
ga,tai20_20_02,20x20,V2,13,1699.0
ga,tai20_20_02,20x20,V2,14,1690.5
ga,tai20_20_02,20x20,V2,15,1680.0
ga,tai20_20_02,20x20,V2,16,1701.5
ga,tai20_20_02,20x20,V2,17,1691.0
ga,tai20_20_02,20x20,V2,18,1683.0
ga,tai20_20_02,20x20,V2,19,1695.0
ga,tai20_20_02,20x20,V2,20,1700.0
ga,tai20_20_02,20x20,V2,21,1691.5
ga,tai20_20_02,20x20,V2,22,1683.5
ga,tai20_20_02,20x20,V2,23,1683.0
ga,tai20_20_02,20x20,V2,24,1700.5
ga,tai20_20_02,20x20,V2,25,1715.0
ga,tai20_20_02,20x20,V2,26,1687.5
ga,tai20_20_02,20x20,V2,27,1695.0
ga,tai20_20_02,20x20,V2,28,1707.5
ga,tai20_20_02,20x20,V2,29,1695.5
ga,tai20_20_02,20x20,V2,30,1687.5
ga,tai20_20_02,20x20,MOR,1,1752.5
ga,tai20_20_02,20x20,MOR,2,1742.0
ga,tai20_20_02,20x20,MOR,3,1743.0
ga,tai20_20_02,20x20,MOR,4,1713.5
ga,tai20_20_02,20x20,MOR,5,1751.0
ga,tai20_20_02,20x20,MOR,6,1740.5
ga,tai20_20_02,20x20,MOR,7,1744.5
ga,tai20_20_02,20x20,MOR,8,1742.0
ga,tai20_20_02,20x20,MOR,9,1743.5
ga,tai20_20_02,20x20,MOR,10,1740.5
ga,tai20_20_02,20x20,MOR,11,1733.5
ga,tai20_20_02,20x20,MOR,12,1749.0
ga,tai20_20_02,20x20,MOR,13,1744.5
ga,tai20_20_02,20x20,MOR,14,1753.0
ga,tai20_20_02,20x20,MOR,15,1731.0
ga,tai20_20_02,20x20,MOR,16,1749.0
ga,tai20_20_02,20x20,MOR,17,1749.0
ga,tai20_20_02,20x20,MOR,18,1730.0
ga,tai20_20_02,20x20,MOR,19,1762.0
ga,tai20_20_02,20x20,MOR,20,1710.5
ga,tai20_20_02,20x20,MOR,21,1736.5
ga,tai20_20_02,20x20,MOR,22,1733.5
ga,tai20_20_02,20x20,MOR,23,1754.5
ga,tai20_20_02,20x20,MOR,24,1732.0
ga,tai20_20_02,20x20,MOR,25,1745.0
ga,tai20_20_02,20x20,MOR,26,1740.0
ga,tai20_20_02,20x20,MOR,27,1749.0
ga,tai20_20_02,20x20,MOR,28,1728.5
ga,tai20_20_02,20x20,MOR,29,1741.5
ga,tai20_20_02,20x20,MOR,30,1737.5
ga,tai20_20_02,20x20,GT,1,1739.5
ga,tai20_20_02,20x20,GT,2,1701.5
ga,tai20_20_02,20x20,GT,3,1737.5
ga,tai20_20_02,20x20,GT,4,1729.5
ga,tai20_20_02,20x20,GT,5,1729.5
ga,tai20_20_02,20x20,GT,6,1702.0
ga,tai20_20_02,20x20,GT,7,1702.0
ga,tai20_20_02,20x20,GT,8,1714.5
ga,tai20_20_02,20x20,GT,9,1719.5
ga,tai20_20_02,20x20,GT,10,1726.0
ga,tai20_20_02,20x20,GT,11,1705.0
ga,tai20_20_02,20x20,GT,12,1737.0
ga,tai20_20_02,20x20,GT,13,1726.5
ga,tai20_20_02,20x20,GT,14,1705.0
ga,tai20_20_02,20x20,GT,15,1723.5
ga,tai20_20_02,20x20,GT,16,1736.5
ga,tai20_20_02,20x20,GT,17,1737.5
ga,tai20_20_02,20x20,GT,18,1721.0
ga,tai20_20_02,20x20,GT,19,1705.0
ga,tai20_20_02,20x20,GT,20,1723.5
ga,tai20_20_02,20x20,GT,21,1728.0
ga,tai20_20_02,20x20,GT,22,1711.5
ga,tai20_20_02,20x20,GT,23,1717.0
ga,tai20_20_02,20x20,GT,24,1723.0
ga,tai20_20_02,20x20,GT,25,1738.5
ga,tai20_20_02,20x20,GT,26,1729.5
ga,tai20_20_02,20x20,GT,27,1729.5
ga,tai20_20_02,20x20,GT,28,1715.0
ga,tai20_20_02,20x20,GT,29,1739.5
ga,tai20_20_02,20x20,GT,30,1750.0
ga,tai20_20_02,20x20,GP,1,1677.0
ga,tai20_20_02,20x20,GP,2,1685.5
ga,tai20_20_02,20x20,GP,3,1704.0
ga,tai20_20_02,20x20,GP,4,1693.5
ga,tai20_20_02,20x20,GP,5,1688.0
ga,tai20_20_02,20x20,GP,6,1721.0
ga,tai20_20_02,20x20,GP,7,1694.5
ga,tai20_20_02,20x20,GP,8,1689.0
ga,tai20_20_02,20x20,GP,9,1701.5
ga,tai20_20_02,20x20,GP,10,1698.5
ga,tai20_20_02,20x20,GP,11,1699.5
ga,tai20_20_02,20x20,GP,12,1693.5
ga,tai20_20_02,20x20,GP,13,1689.0
ga,tai20_20_02,20x20,GP,14,1721.0
ga,tai20_20_02,20x20,GP,15,1720.0
ga,tai20_20_02,20x20,GP,16,1696.5
ga,tai20_20_02,20x20,GP,17,1700.5
ga,tai20_20_02,20x20,GP,18,1708.0
ga,tai20_20_02,20x20,GP,19,1691.0
ga,tai20_20_02,20x20,GP,20,1681.0
ga,tai20_20_02,20x20,GP,21,1689.0
ga,tai20_20_02,20x20,GP,22,1721.0
ga,tai20_20_02,20x20,GP,23,1700.0
ga,tai20_20_02,20x20,GP,24,1704.5
ga,tai20_20_02,20x20,GP,25,1689.5
ga,tai20_20_02,20x20,GP,26,1723.0
ga,tai20_20_02,20x20,GP,27,1698.0
ga,tai20_20_02,20x20,GP,28,1721.0
ga,tai20_20_02,20x20,GP,29,1718.5
ga,tai20_20_02,20x20,GP,30,1721.0
ga,tai20_20_02,20x20,MIX,1,1688.0
ga,tai20_20_02,20x20,MIX,2,1721.0
ga,tai20_20_02,20x20,MIX,3,1683.5
ga,tai20_20_02,20x20,MIX,4,1706.5
ga,tai20_20_02,20x20,MIX,5,1687.0
ga,tai20_20_02,20x20,MIX,6,1686.0
ga,tai20_20_02,20x20,MIX,7,1705.0
ga,tai20_20_02,20x20,MIX,8,1689.0
ga,tai20_20_02,20x20,MIX,9,1706.0
ga,tai20_20_02,20x20,MIX,10,1688.5
ga,tai20_20_02,20x20,MIX,11,1691.5
ga,tai20_20_02,20x20,MIX,12,1723.0
ga,tai20_20_02,20x20,MIX,13,1702.0
ga,tai20_20_02,20x20,MIX,14,1693.5
ga,tai20_20_02,20x20,MIX,15,1719.0
ga,tai20_20_02,20x20,MIX,16,1715.5
ga,tai20_20_02,20x20,MIX,17,1697.5
ga,tai20_20_02,20x20,MIX,18,1684.0
ga,tai20_20_02,20x20,MIX,19,1713.0
ga,tai20_20_02,20x20,MIX,20,1721.0
ga,tai20_20_02,20x20,MIX,21,1721.0
ga,tai20_20_02,20x20,MIX,22,1693.0
ga,tai20_20_02,20x20,MIX,23,1683.5
ga,tai20_20_02,20x20,MIX,24,1682.5
ga,tai20_20_02,20x20,MIX,25,1722.0
ga,tai20_20_02,20x20,MIX,26,1696.0
ga,tai20_20_02,20x20,MIX,27,1716.0
ga,tai20_20_02,20x20,MIX,28,1689.5
ga,tai20_20_02,20x20,MIX,29,1721.0
ga,tai20_20_02,20x20,MIX,30,1690.0
ga,tai20_20_03,20x20,A0,1,1715.0
ga,tai20_20_03,20x20,A0,2,1631.0
ga,tai20_20_03,20x20,A0,3,1701.0
ga,tai20_20_03,20x20,A0,4,1647.0
ga,tai20_20_03,20x20,A0,5,1672.0
ga,tai20_20_03,20x20,A0,6,1660.5
ga,tai20_20_03,20x20,A0,7,1693.0
ga,tai20_20_03,20x20,A0,8,1653.0
ga,tai20_20_03,20x20,A0,9,1687.5
ga,tai20_20_03,20x20,A0,10,1644.5
ga,tai20_20_03,20x20,A0,11,1697.0
ga,tai20_20_03,20x20,A0,12,1649.0
ga,tai20_20_03,20x20,A0,13,1656.5
ga,tai20_20_03,20x20,A0,14,1654.0
ga,tai20_20_03,20x20,A0,15,1694.5
ga,tai20_20_03,20x20,A0,16,1650.0
ga,tai20_20_03,20x20,A0,17,1652.5
ga,tai20_20_03,20x20,A0,18,1665.5
ga,tai20_20_03,20x20,A0,19,1649.5
ga,tai20_20_03,20x20,A0,20,1624.5
ga,tai20_20_03,20x20,A0,21,1661.0
ga,tai20_20_03,20x20,A0,22,1670.5
ga,tai20_20_03,20x20,A0,23,1660.5
ga,tai20_20_03,20x20,A0,24,1658.0
ga,tai20_20_03,20x20,A0,25,1682.0
ga,tai20_20_03,20x20,A0,26,1646.0
ga,tai20_20_03,20x20,A0,27,1652.5
ga,tai20_20_03,20x20,A0,28,1644.0
ga,tai20_20_03,20x20,A0,29,1631.0
ga,tai20_20_03,20x20,A0,30,1676.5
ga,tai20_20_03,20x20,V2H,1,1668.5
ga,tai20_20_03,20x20,V2H,2,1641.0
ga,tai20_20_03,20x20,V2H,3,1636.0
ga,tai20_20_03,20x20,V2H,4,1632.0
ga,tai20_20_03,20x20,V2H,5,1672.5
ga,tai20_20_03,20x20,V2H,6,1629.0
ga,tai20_20_03,20x20,V2H,7,1644.5
ga,tai20_20_03,20x20,V2H,8,1650.0
ga,tai20_20_03,20x20,V2H,9,1659.0
ga,tai20_20_03,20x20,V2H,10,1664.5
ga,tai20_20_03,20x20,V2H,11,1617.0
ga,tai20_20_03,20x20,V2H,12,1646.5
ga,tai20_20_03,20x20,V2H,13,1664.5
ga,tai20_20_03,20x20,V2H,14,1624.0
ga,tai20_20_03,20x20,V2H,15,1648.0
ga,tai20_20_03,20x20,V2H,16,1644.5
ga,tai20_20_03,20x20,V2H,17,1656.0
ga,tai20_20_03,20x20,V2H,18,1649.5
ga,tai20_20_03,20x20,V2H,19,1650.0
ga,tai20_20_03,20x20,V2H,20,1656.5
ga,tai20_20_03,20x20,V2H,21,1621.5
ga,tai20_20_03,20x20,V2H,22,1635.0
ga,tai20_20_03,20x20,V2H,23,1648.0
ga,tai20_20_03,20x20,V2H,24,1621.0
ga,tai20_20_03,20x20,V2H,25,1682.0
ga,tai20_20_03,20x20,V2H,26,1640.5
ga,tai20_20_03,20x20,V2H,27,1660.5
ga,tai20_20_03,20x20,V2H,28,1648.0
ga,tai20_20_03,20x20,V2H,29,1653.5
ga,tai20_20_03,20x20,V2H,30,1625.5
ga,tai20_20_03,20x20,V2,1,1685.0
ga,tai20_20_03,20x20,V2,2,1648.0
ga,tai20_20_03,20x20,V2,3,1657.5
ga,tai20_20_03,20x20,V2,4,1633.0
ga,tai20_20_03,20x20,V2,5,1653.5
ga,tai20_20_03,20x20,V2,6,1637.5
ga,tai20_20_03,20x20,V2,7,1686.0
ga,tai20_20_03,20x20,V2,8,1639.5
ga,tai20_20_03,20x20,V2,9,1643.0
ga,tai20_20_03,20x20,V2,10,1653.0
ga,tai20_20_03,20x20,V2,11,1651.5
ga,tai20_20_03,20x20,V2,12,1632.5
ga,tai20_20_03,20x20,V2,13,1656.0
ga,tai20_20_03,20x20,V2,14,1644.0
ga,tai20_20_03,20x20,V2,15,1665.5
ga,tai20_20_03,20x20,V2,16,1623.5
ga,tai20_20_03,20x20,V2,17,1667.5
ga,tai20_20_03,20x20,V2,18,1656.5
ga,tai20_20_03,20x20,V2,19,1639.5
ga,tai20_20_03,20x20,V2,20,1653.5
ga,tai20_20_03,20x20,V2,21,1682.0
ga,tai20_20_03,20x20,V2,22,1617.5
ga,tai20_20_03,20x20,V2,23,1659.0
ga,tai20_20_03,20x20,V2,24,1646.0
ga,tai20_20_03,20x20,V2,25,1669.5
ga,tai20_20_03,20x20,V2,26,1656.0
ga,tai20_20_03,20x20,V2,27,1637.0
ga,tai20_20_03,20x20,V2,28,1655.0
ga,tai20_20_03,20x20,V2,29,1672.0
ga,tai20_20_03,20x20,V2,30,1649.0
ga,tai20_20_03,20x20,MOR,1,1673.0
ga,tai20_20_03,20x20,MOR,2,1676.0
ga,tai20_20_03,20x20,MOR,3,1690.0
ga,tai20_20_03,20x20,MOR,4,1687.0
ga,tai20_20_03,20x20,MOR,5,1687.0
ga,tai20_20_03,20x20,MOR,6,1689.0
ga,tai20_20_03,20x20,MOR,7,1679.0
ga,tai20_20_03,20x20,MOR,8,1677.0
ga,tai20_20_03,20x20,MOR,9,1690.0
ga,tai20_20_03,20x20,MOR,10,1691.5
ga,tai20_20_03,20x20,MOR,11,1681.5
ga,tai20_20_03,20x20,MOR,12,1677.5
ga,tai20_20_03,20x20,MOR,13,1687.0
ga,tai20_20_03,20x20,MOR,14,1687.0
ga,tai20_20_03,20x20,MOR,15,1687.0
ga,tai20_20_03,20x20,MOR,16,1686.5
ga,tai20_20_03,20x20,MOR,17,1679.5
ga,tai20_20_03,20x20,MOR,18,1672.5
ga,tai20_20_03,20x20,MOR,19,1681.0
ga,tai20_20_03,20x20,MOR,20,1673.5
ga,tai20_20_03,20x20,MOR,21,1688.0
ga,tai20_20_03,20x20,MOR,22,1687.0
ga,tai20_20_03,20x20,MOR,23,1687.5
ga,tai20_20_03,20x20,MOR,24,1683.0
ga,tai20_20_03,20x20,MOR,25,1690.0
ga,tai20_20_03,20x20,MOR,26,1668.5
ga,tai20_20_03,20x20,MOR,27,1691.0
ga,tai20_20_03,20x20,MOR,28,1687.0
ga,tai20_20_03,20x20,MOR,29,1672.5
ga,tai20_20_03,20x20,MOR,30,1681.0
ga,tai20_20_03,20x20,GT,1,1672.5
ga,tai20_20_03,20x20,GT,2,1682.0
ga,tai20_20_03,20x20,GT,3,1681.0
ga,tai20_20_03,20x20,GT,4,1667.0
ga,tai20_20_03,20x20,GT,5,1706.5
ga,tai20_20_03,20x20,GT,6,1666.0
ga,tai20_20_03,20x20,GT,7,1674.0
ga,tai20_20_03,20x20,GT,8,1665.0
ga,tai20_20_03,20x20,GT,9,1677.0
ga,tai20_20_03,20x20,GT,10,1669.5
ga,tai20_20_03,20x20,GT,11,1682.5
ga,tai20_20_03,20x20,GT,12,1680.0
ga,tai20_20_03,20x20,GT,13,1655.5
ga,tai20_20_03,20x20,GT,14,1682.5
ga,tai20_20_03,20x20,GT,15,1668.0
ga,tai20_20_03,20x20,GT,16,1686.5
ga,tai20_20_03,20x20,GT,17,1664.0
ga,tai20_20_03,20x20,GT,18,1683.5
ga,tai20_20_03,20x20,GT,19,1687.5
ga,tai20_20_03,20x20,GT,20,1678.0
ga,tai20_20_03,20x20,GT,21,1671.5
ga,tai20_20_03,20x20,GT,22,1677.0
ga,tai20_20_03,20x20,GT,23,1693.0
ga,tai20_20_03,20x20,GT,24,1702.5
ga,tai20_20_03,20x20,GT,25,1668.5
ga,tai20_20_03,20x20,GT,26,1674.0
ga,tai20_20_03,20x20,GT,27,1677.0
ga,tai20_20_03,20x20,GT,28,1682.0
ga,tai20_20_03,20x20,GT,29,1671.0
ga,tai20_20_03,20x20,GT,30,1667.0
ga,tai20_20_03,20x20,GP,1,1665.5
ga,tai20_20_03,20x20,GP,2,1657.5
ga,tai20_20_03,20x20,GP,3,1670.0
ga,tai20_20_03,20x20,GP,4,1654.5
ga,tai20_20_03,20x20,GP,5,1664.5
ga,tai20_20_03,20x20,GP,6,1675.0
ga,tai20_20_03,20x20,GP,7,1656.5
ga,tai20_20_03,20x20,GP,8,1675.0
ga,tai20_20_03,20x20,GP,9,1664.0
ga,tai20_20_03,20x20,GP,10,1651.5
ga,tai20_20_03,20x20,GP,11,1665.0
ga,tai20_20_03,20x20,GP,12,1678.5
ga,tai20_20_03,20x20,GP,13,1660.5
ga,tai20_20_03,20x20,GP,14,1658.0
ga,tai20_20_03,20x20,GP,15,1672.5
ga,tai20_20_03,20x20,GP,16,1653.5
ga,tai20_20_03,20x20,GP,17,1657.0
ga,tai20_20_03,20x20,GP,18,1667.5
ga,tai20_20_03,20x20,GP,19,1658.0
ga,tai20_20_03,20x20,GP,20,1670.0
ga,tai20_20_03,20x20,GP,21,1661.0
ga,tai20_20_03,20x20,GP,22,1666.0
ga,tai20_20_03,20x20,GP,23,1662.5
ga,tai20_20_03,20x20,GP,24,1670.5
ga,tai20_20_03,20x20,GP,25,1675.0
ga,tai20_20_03,20x20,GP,26,1662.0
ga,tai20_20_03,20x20,GP,27,1669.0
ga,tai20_20_03,20x20,GP,28,1661.5
ga,tai20_20_03,20x20,GP,29,1655.0
ga,tai20_20_03,20x20,GP,30,1649.5
ga,tai20_20_03,20x20,MIX,1,1651.5
ga,tai20_20_03,20x20,MIX,2,1651.0
ga,tai20_20_03,20x20,MIX,3,1671.5
ga,tai20_20_03,20x20,MIX,4,1649.0
ga,tai20_20_03,20x20,MIX,5,1679.5
ga,tai20_20_03,20x20,MIX,6,1641.5
ga,tai20_20_03,20x20,MIX,7,1650.5
ga,tai20_20_03,20x20,MIX,8,1633.0
ga,tai20_20_03,20x20,MIX,9,1648.0
ga,tai20_20_03,20x20,MIX,10,1658.0
ga,tai20_20_03,20x20,MIX,11,1628.5
ga,tai20_20_03,20x20,MIX,12,1636.0
ga,tai20_20_03,20x20,MIX,13,1652.5
ga,tai20_20_03,20x20,MIX,14,1655.0
ga,tai20_20_03,20x20,MIX,15,1650.5
ga,tai20_20_03,20x20,MIX,16,1679.0
ga,tai20_20_03,20x20,MIX,17,1688.5
ga,tai20_20_03,20x20,MIX,18,1621.0
ga,tai20_20_03,20x20,MIX,19,1668.0
ga,tai20_20_03,20x20,MIX,20,1664.0
ga,tai20_20_03,20x20,MIX,21,1636.0
ga,tai20_20_03,20x20,MIX,22,1632.5
ga,tai20_20_03,20x20,MIX,23,1642.5
ga,tai20_20_03,20x20,MIX,24,1656.0
ga,tai20_20_03,20x20,MIX,25,1646.0
ga,tai20_20_03,20x20,MIX,26,1687.0
ga,tai20_20_03,20x20,MIX,27,1623.0
ga,tai20_20_03,20x20,MIX,28,1650.0
ga,tai20_20_03,20x20,MIX,29,1680.0
ga,tai20_20_03,20x20,MIX,30,1663.5
ga,tai20_20_04,20x20,A0,1,1778.0
ga,tai20_20_04,20x20,A0,2,1778.5
ga,tai20_20_04,20x20,A0,3,1791.0
ga,tai20_20_04,20x20,A0,4,1763.0
ga,tai20_20_04,20x20,A0,5,1765.0
ga,tai20_20_04,20x20,A0,6,1791.0
ga,tai20_20_04,20x20,A0,7,1782.0
ga,tai20_20_04,20x20,A0,8,1752.0
ga,tai20_20_04,20x20,A0,9,1794.0
ga,tai20_20_04,20x20,A0,10,1763.5
ga,tai20_20_04,20x20,A0,11,1738.0
ga,tai20_20_04,20x20,A0,12,1763.5
ga,tai20_20_04,20x20,A0,13,1778.0
ga,tai20_20_04,20x20,A0,14,1768.5
ga,tai20_20_04,20x20,A0,15,1791.0
ga,tai20_20_04,20x20,A0,16,1752.0
ga,tai20_20_04,20x20,A0,17,1791.0
ga,tai20_20_04,20x20,A0,18,1767.5
ga,tai20_20_04,20x20,A0,19,1775.5
ga,tai20_20_04,20x20,A0,20,1766.0
ga,tai20_20_04,20x20,A0,21,1766.0
ga,tai20_20_04,20x20,A0,22,1768.0
ga,tai20_20_04,20x20,A0,23,1791.0
ga,tai20_20_04,20x20,A0,24,1757.0
ga,tai20_20_04,20x20,A0,25,1791.0
ga,tai20_20_04,20x20,A0,26,1771.5
ga,tai20_20_04,20x20,A0,27,1741.5
ga,tai20_20_04,20x20,A0,28,1770.5
ga,tai20_20_04,20x20,A0,29,1768.0
ga,tai20_20_04,20x20,A0,30,1753.0
ga,tai20_20_04,20x20,V2H,1,1791.0
ga,tai20_20_04,20x20,V2H,2,1782.0
ga,tai20_20_04,20x20,V2H,3,1782.0
ga,tai20_20_04,20x20,V2H,4,1755.5
ga,tai20_20_04,20x20,V2H,5,1791.0
ga,tai20_20_04,20x20,V2H,6,1759.5
ga,tai20_20_04,20x20,V2H,7,1753.5
ga,tai20_20_04,20x20,V2H,8,1782.0
ga,tai20_20_04,20x20,V2H,9,1782.0
ga,tai20_20_04,20x20,V2H,10,1782.0
ga,tai20_20_04,20x20,V2H,11,1771.0
ga,tai20_20_04,20x20,V2H,12,1791.0
ga,tai20_20_04,20x20,V2H,13,1754.5
ga,tai20_20_04,20x20,V2H,14,1785.0
ga,tai20_20_04,20x20,V2H,15,1782.0
ga,tai20_20_04,20x20,V2H,16,1767.0
ga,tai20_20_04,20x20,V2H,17,1792.5
ga,tai20_20_04,20x20,V2H,18,1791.0
ga,tai20_20_04,20x20,V2H,19,1791.0
ga,tai20_20_04,20x20,V2H,20,1791.0
ga,tai20_20_04,20x20,V2H,21,1791.0
ga,tai20_20_04,20x20,V2H,22,1782.0
ga,tai20_20_04,20x20,V2H,23,1745.5
ga,tai20_20_04,20x20,V2H,24,1782.0
ga,tai20_20_04,20x20,V2H,25,1791.0
ga,tai20_20_04,20x20,V2H,26,1782.0
ga,tai20_20_04,20x20,V2H,27,1782.0
ga,tai20_20_04,20x20,V2H,28,1782.0
ga,tai20_20_04,20x20,V2H,29,1782.0
ga,tai20_20_04,20x20,V2H,30,1758.5
ga,tai20_20_04,20x20,V2,1,1782.0
ga,tai20_20_04,20x20,V2,2,1774.0
ga,tai20_20_04,20x20,V2,3,1791.0
ga,tai20_20_04,20x20,V2,4,1782.0
ga,tai20_20_04,20x20,V2,5,1756.5
ga,tai20_20_04,20x20,V2,6,1782.0
ga,tai20_20_04,20x20,V2,7,1789.5
ga,tai20_20_04,20x20,V2,8,1763.0
ga,tai20_20_04,20x20,V2,9,1782.0
ga,tai20_20_04,20x20,V2,10,1796.0
ga,tai20_20_04,20x20,V2,11,1791.0
ga,tai20_20_04,20x20,V2,12,1771.5
ga,tai20_20_04,20x20,V2,13,1782.0
ga,tai20_20_04,20x20,V2,14,1749.5
ga,tai20_20_04,20x20,V2,15,1798.5
ga,tai20_20_04,20x20,V2,16,1782.0
ga,tai20_20_04,20x20,V2,17,1782.0
ga,tai20_20_04,20x20,V2,18,1782.0
ga,tai20_20_04,20x20,V2,19,1791.0
ga,tai20_20_04,20x20,V2,20,1755.5
ga,tai20_20_04,20x20,V2,21,1784.0
ga,tai20_20_04,20x20,V2,22,1782.0
ga,tai20_20_04,20x20,V2,23,1791.5
ga,tai20_20_04,20x20,V2,24,1785.0
ga,tai20_20_04,20x20,V2,25,1790.0
ga,tai20_20_04,20x20,V2,26,1782.0
ga,tai20_20_04,20x20,V2,27,1791.0
ga,tai20_20_04,20x20,V2,28,1791.0
ga,tai20_20_04,20x20,V2,29,1739.0
ga,tai20_20_04,20x20,V2,30,1782.0
ga,tai20_20_04,20x20,MOR,1,1791.0
ga,tai20_20_04,20x20,MOR,2,1791.0
ga,tai20_20_04,20x20,MOR,3,1791.0
ga,tai20_20_04,20x20,MOR,4,1791.0
ga,tai20_20_04,20x20,MOR,5,1791.0
ga,tai20_20_04,20x20,MOR,6,1791.0
ga,tai20_20_04,20x20,MOR,7,1791.0
ga,tai20_20_04,20x20,MOR,8,1785.0
ga,tai20_20_04,20x20,MOR,9,1784.5
ga,tai20_20_04,20x20,MOR,10,1791.0
ga,tai20_20_04,20x20,MOR,11,1791.0
ga,tai20_20_04,20x20,MOR,12,1791.0
ga,tai20_20_04,20x20,MOR,13,1771.0
ga,tai20_20_04,20x20,MOR,14,1795.0
ga,tai20_20_04,20x20,MOR,15,1791.0
ga,tai20_20_04,20x20,MOR,16,1788.0
ga,tai20_20_04,20x20,MOR,17,1791.0
ga,tai20_20_04,20x20,MOR,18,1791.0
ga,tai20_20_04,20x20,MOR,19,1791.0
ga,tai20_20_04,20x20,MOR,20,1791.0
ga,tai20_20_04,20x20,MOR,21,1791.0
ga,tai20_20_04,20x20,MOR,22,1758.0
ga,tai20_20_04,20x20,MOR,23,1785.0
ga,tai20_20_04,20x20,MOR,24,1795.0
ga,tai20_20_04,20x20,MOR,25,1791.0
ga,tai20_20_04,20x20,MOR,26,1791.0
ga,tai20_20_04,20x20,MOR,27,1791.0
ga,tai20_20_04,20x20,MOR,28,1791.0
ga,tai20_20_04,20x20,MOR,29,1762.5
ga,tai20_20_04,20x20,MOR,30,1791.0
ga,tai20_20_04,20x20,GT,1,1769.0
ga,tai20_20_04,20x20,GT,2,1765.5
ga,tai20_20_04,20x20,GT,3,1767.5
ga,tai20_20_04,20x20,GT,4,1739.5
ga,tai20_20_04,20x20,GT,5,1739.0
ga,tai20_20_04,20x20,GT,6,1748.0
ga,tai20_20_04,20x20,GT,7,1750.5
ga,tai20_20_04,20x20,GT,8,1765.5
ga,tai20_20_04,20x20,GT,9,1771.5
ga,tai20_20_04,20x20,GT,10,1761.0
ga,tai20_20_04,20x20,GT,11,1763.0
ga,tai20_20_04,20x20,GT,12,1762.0
ga,tai20_20_04,20x20,GT,13,1758.0
ga,tai20_20_04,20x20,GT,14,1768.5
ga,tai20_20_04,20x20,GT,15,1751.0
ga,tai20_20_04,20x20,GT,16,1757.5
ga,tai20_20_04,20x20,GT,17,1758.5
ga,tai20_20_04,20x20,GT,18,1757.5
ga,tai20_20_04,20x20,GT,19,1780.5
ga,tai20_20_04,20x20,GT,20,1771.5
ga,tai20_20_04,20x20,GT,21,1763.0
ga,tai20_20_04,20x20,GT,22,1749.0
ga,tai20_20_04,20x20,GT,23,1746.0
ga,tai20_20_04,20x20,GT,24,1765.5
ga,tai20_20_04,20x20,GT,25,1768.5
ga,tai20_20_04,20x20,GT,26,1771.5
ga,tai20_20_04,20x20,GT,27,1777.5
ga,tai20_20_04,20x20,GT,28,1750.0
ga,tai20_20_04,20x20,GT,29,1747.0
ga,tai20_20_04,20x20,GT,30,1771.5
ga,tai20_20_04,20x20,GP,1,1794.5
ga,tai20_20_04,20x20,GP,2,1754.0
ga,tai20_20_04,20x20,GP,3,1756.0
ga,tai20_20_04,20x20,GP,4,1762.5
ga,tai20_20_04,20x20,GP,5,1795.0
ga,tai20_20_04,20x20,GP,6,1757.0
ga,tai20_20_04,20x20,GP,7,1770.5
ga,tai20_20_04,20x20,GP,8,1752.0
ga,tai20_20_04,20x20,GP,9,1785.0
ga,tai20_20_04,20x20,GP,10,1754.0
ga,tai20_20_04,20x20,GP,11,1756.0
ga,tai20_20_04,20x20,GP,12,1765.0
ga,tai20_20_04,20x20,GP,13,1803.5
ga,tai20_20_04,20x20,GP,14,1793.0
ga,tai20_20_04,20x20,GP,15,1754.0
ga,tai20_20_04,20x20,GP,16,1775.0
ga,tai20_20_04,20x20,GP,17,1783.5
ga,tai20_20_04,20x20,GP,18,1754.5
ga,tai20_20_04,20x20,GP,19,1767.0
ga,tai20_20_04,20x20,GP,20,1757.5
ga,tai20_20_04,20x20,GP,21,1785.0
ga,tai20_20_04,20x20,GP,22,1751.5
ga,tai20_20_04,20x20,GP,23,1752.5
ga,tai20_20_04,20x20,GP,24,1762.0
ga,tai20_20_04,20x20,GP,25,1771.0
ga,tai20_20_04,20x20,GP,26,1754.5
ga,tai20_20_04,20x20,GP,27,1799.5
ga,tai20_20_04,20x20,GP,28,1791.0
ga,tai20_20_04,20x20,GP,29,1785.0
ga,tai20_20_04,20x20,GP,30,1756.0
ga,tai20_20_04,20x20,MIX,1,1785.0
ga,tai20_20_04,20x20,MIX,2,1782.0
ga,tai20_20_04,20x20,MIX,3,1760.0
ga,tai20_20_04,20x20,MIX,4,1791.0
ga,tai20_20_04,20x20,MIX,5,1782.0
ga,tai20_20_04,20x20,MIX,6,1769.0
ga,tai20_20_04,20x20,MIX,7,1782.0
ga,tai20_20_04,20x20,MIX,8,1782.0
ga,tai20_20_04,20x20,MIX,9,1749.0
ga,tai20_20_04,20x20,MIX,10,1782.0
ga,tai20_20_04,20x20,MIX,11,1770.5
ga,tai20_20_04,20x20,MIX,12,1782.0
ga,tai20_20_04,20x20,MIX,13,1770.0
ga,tai20_20_04,20x20,MIX,14,1782.0
ga,tai20_20_04,20x20,MIX,15,1778.0
ga,tai20_20_04,20x20,MIX,16,1753.0
ga,tai20_20_04,20x20,MIX,17,1793.0
ga,tai20_20_04,20x20,MIX,18,1762.0
ga,tai20_20_04,20x20,MIX,19,1782.0
ga,tai20_20_04,20x20,MIX,20,1782.0
ga,tai20_20_04,20x20,MIX,21,1782.0
ga,tai20_20_04,20x20,MIX,22,1791.0
ga,tai20_20_04,20x20,MIX,23,1782.0
ga,tai20_20_04,20x20,MIX,24,1743.5
ga,tai20_20_04,20x20,MIX,25,1782.0
ga,tai20_20_04,20x20,MIX,26,1772.0
ga,tai20_20_04,20x20,MIX,27,1776.0
ga,tai20_20_04,20x20,MIX,28,1750.0
ga,tai20_20_04,20x20,MIX,29,1782.0
ga,tai20_20_04,20x20,MIX,30,1784.0
ga,tai20_20_05,20x20,A0,1,1681.0
ga,tai20_20_05,20x20,A0,2,1703.5
ga,tai20_20_05,20x20,A0,3,1707.5
ga,tai20_20_05,20x20,A0,4,1717.5
ga,tai20_20_05,20x20,A0,5,1727.5
ga,tai20_20_05,20x20,A0,6,1726.0
ga,tai20_20_05,20x20,A0,7,1720.0
ga,tai20_20_05,20x20,A0,8,1703.5
ga,tai20_20_05,20x20,A0,9,1712.0
ga,tai20_20_05,20x20,A0,10,1695.0
ga,tai20_20_05,20x20,A0,11,1724.0
ga,tai20_20_05,20x20,A0,12,1688.0
ga,tai20_20_05,20x20,A0,13,1670.0
ga,tai20_20_05,20x20,A0,14,1683.5
ga,tai20_20_05,20x20,A0,15,1706.5
ga,tai20_20_05,20x20,A0,16,1732.5
ga,tai20_20_05,20x20,A0,17,1698.0
ga,tai20_20_05,20x20,A0,18,1726.5
ga,tai20_20_05,20x20,A0,19,1698.5
ga,tai20_20_05,20x20,A0,20,1712.5
ga,tai20_20_05,20x20,A0,21,1698.0
ga,tai20_20_05,20x20,A0,22,1705.0
ga,tai20_20_05,20x20,A0,23,1732.5
ga,tai20_20_05,20x20,A0,24,1704.0
ga,tai20_20_05,20x20,A0,25,1745.0
ga,tai20_20_05,20x20,A0,26,1699.5
ga,tai20_20_05,20x20,A0,27,1729.5
ga,tai20_20_05,20x20,A0,28,1710.0
ga,tai20_20_05,20x20,A0,29,1697.5
ga,tai20_20_05,20x20,A0,30,1699.0
ga,tai20_20_05,20x20,V2H,1,1702.0
ga,tai20_20_05,20x20,V2H,2,1732.0
ga,tai20_20_05,20x20,V2H,3,1733.5
ga,tai20_20_05,20x20,V2H,4,1705.5
ga,tai20_20_05,20x20,V2H,5,1707.5
ga,tai20_20_05,20x20,V2H,6,1721.0
ga,tai20_20_05,20x20,V2H,7,1699.0
ga,tai20_20_05,20x20,V2H,8,1727.0
ga,tai20_20_05,20x20,V2H,9,1730.5
ga,tai20_20_05,20x20,V2H,10,1727.0
ga,tai20_20_05,20x20,V2H,11,1718.5
ga,tai20_20_05,20x20,V2H,12,1691.5
ga,tai20_20_05,20x20,V2H,13,1693.5
ga,tai20_20_05,20x20,V2H,14,1708.5
ga,tai20_20_05,20x20,V2H,15,1727.0
ga,tai20_20_05,20x20,V2H,16,1704.5
ga,tai20_20_05,20x20,V2H,17,1687.5
ga,tai20_20_05,20x20,V2H,18,1727.0
ga,tai20_20_05,20x20,V2H,19,1710.5
ga,tai20_20_05,20x20,V2H,20,1727.5
ga,tai20_20_05,20x20,V2H,21,1712.0
ga,tai20_20_05,20x20,V2H,22,1731.0
ga,tai20_20_05,20x20,V2H,23,1678.0
ga,tai20_20_05,20x20,V2H,24,1740.5
ga,tai20_20_05,20x20,V2H,25,1724.0
ga,tai20_20_05,20x20,V2H,26,1713.5
ga,tai20_20_05,20x20,V2H,27,1713.0
ga,tai20_20_05,20x20,V2H,28,1733.5
ga,tai20_20_05,20x20,V2H,29,1736.0
ga,tai20_20_05,20x20,V2H,30,1692.5
ga,tai20_20_05,20x20,V2,1,1713.0
ga,tai20_20_05,20x20,V2,2,1706.5
ga,tai20_20_05,20x20,V2,3,1720.5
ga,tai20_20_05,20x20,V2,4,1729.5
ga,tai20_20_05,20x20,V2,5,1747.0
ga,tai20_20_05,20x20,V2,6,1713.5
ga,tai20_20_05,20x20,V2,7,1715.5
ga,tai20_20_05,20x20,V2,8,1734.5
ga,tai20_20_05,20x20,V2,9,1704.5
ga,tai20_20_05,20x20,V2,10,1733.5
ga,tai20_20_05,20x20,V2,11,1697.0
ga,tai20_20_05,20x20,V2,12,1752.0
ga,tai20_20_05,20x20,V2,13,1717.0
ga,tai20_20_05,20x20,V2,14,1776.0
ga,tai20_20_05,20x20,V2,15,1711.0
ga,tai20_20_05,20x20,V2,16,1710.0
ga,tai20_20_05,20x20,V2,17,1704.5
ga,tai20_20_05,20x20,V2,18,1700.0
ga,tai20_20_05,20x20,V2,19,1713.0
ga,tai20_20_05,20x20,V2,20,1710.0
ga,tai20_20_05,20x20,V2,21,1728.5
ga,tai20_20_05,20x20,V2,22,1747.5
ga,tai20_20_05,20x20,V2,23,1734.5
ga,tai20_20_05,20x20,V2,24,1738.0
ga,tai20_20_05,20x20,V2,25,1714.5
ga,tai20_20_05,20x20,V2,26,1739.5
ga,tai20_20_05,20x20,V2,27,1719.5
ga,tai20_20_05,20x20,V2,28,1744.0
ga,tai20_20_05,20x20,V2,29,1726.0
ga,tai20_20_05,20x20,V2,30,1687.0
ga,tai20_20_05,20x20,MOR,1,1735.0
ga,tai20_20_05,20x20,MOR,2,1712.0
ga,tai20_20_05,20x20,MOR,3,1699.5
ga,tai20_20_05,20x20,MOR,4,1742.0
ga,tai20_20_05,20x20,MOR,5,1703.5
ga,tai20_20_05,20x20,MOR,6,1724.0
ga,tai20_20_05,20x20,MOR,7,1724.0
ga,tai20_20_05,20x20,MOR,8,1731.5
ga,tai20_20_05,20x20,MOR,9,1736.0
ga,tai20_20_05,20x20,MOR,10,1727.5
ga,tai20_20_05,20x20,MOR,11,1722.5
ga,tai20_20_05,20x20,MOR,12,1723.5
ga,tai20_20_05,20x20,MOR,13,1713.5
ga,tai20_20_05,20x20,MOR,14,1741.5
ga,tai20_20_05,20x20,MOR,15,1718.0
ga,tai20_20_05,20x20,MOR,16,1719.0
ga,tai20_20_05,20x20,MOR,17,1714.5
ga,tai20_20_05,20x20,MOR,18,1718.0
ga,tai20_20_05,20x20,MOR,19,1714.5
ga,tai20_20_05,20x20,MOR,20,1725.0
ga,tai20_20_05,20x20,MOR,21,1696.0
ga,tai20_20_05,20x20,MOR,22,1706.5
ga,tai20_20_05,20x20,MOR,23,1723.5
ga,tai20_20_05,20x20,MOR,24,1739.5
ga,tai20_20_05,20x20,MOR,25,1723.0
ga,tai20_20_05,20x20,MOR,26,1721.5
ga,tai20_20_05,20x20,MOR,27,1704.0
ga,tai20_20_05,20x20,MOR,28,1719.0
ga,tai20_20_05,20x20,MOR,29,1703.0
ga,tai20_20_05,20x20,MOR,30,1698.0
ga,tai20_20_05,20x20,GT,1,1691.5
ga,tai20_20_05,20x20,GT,2,1702.0
ga,tai20_20_05,20x20,GT,3,1710.5
ga,tai20_20_05,20x20,GT,4,1696.5
ga,tai20_20_05,20x20,GT,5,1713.0
ga,tai20_20_05,20x20,GT,6,1693.5
ga,tai20_20_05,20x20,GT,7,1714.0
ga,tai20_20_05,20x20,GT,8,1668.0
ga,tai20_20_05,20x20,GT,9,1677.0
ga,tai20_20_05,20x20,GT,10,1709.0
ga,tai20_20_05,20x20,GT,11,1698.0
ga,tai20_20_05,20x20,GT,12,1695.5
ga,tai20_20_05,20x20,GT,13,1681.5
ga,tai20_20_05,20x20,GT,14,1711.5
ga,tai20_20_05,20x20,GT,15,1687.0
ga,tai20_20_05,20x20,GT,16,1705.0
ga,tai20_20_05,20x20,GT,17,1680.0
ga,tai20_20_05,20x20,GT,18,1698.5
ga,tai20_20_05,20x20,GT,19,1683.0
ga,tai20_20_05,20x20,GT,20,1702.5
ga,tai20_20_05,20x20,GT,21,1694.0
ga,tai20_20_05,20x20,GT,22,1712.5
ga,tai20_20_05,20x20,GT,23,1691.0
ga,tai20_20_05,20x20,GT,24,1718.5
ga,tai20_20_05,20x20,GT,25,1690.0
ga,tai20_20_05,20x20,GT,26,1724.5
ga,tai20_20_05,20x20,GT,27,1692.0
ga,tai20_20_05,20x20,GT,28,1697.5
ga,tai20_20_05,20x20,GT,29,1700.0
ga,tai20_20_05,20x20,GT,30,1690.5
ga,tai20_20_05,20x20,GP,1,1728.5
ga,tai20_20_05,20x20,GP,2,1720.5
ga,tai20_20_05,20x20,GP,3,1700.0
ga,tai20_20_05,20x20,GP,4,1701.0
ga,tai20_20_05,20x20,GP,5,1724.5
ga,tai20_20_05,20x20,GP,6,1721.5
ga,tai20_20_05,20x20,GP,7,1726.0
ga,tai20_20_05,20x20,GP,8,1711.0
ga,tai20_20_05,20x20,GP,9,1695.0
ga,tai20_20_05,20x20,GP,10,1718.0
ga,tai20_20_05,20x20,GP,11,1714.5
ga,tai20_20_05,20x20,GP,12,1701.0
ga,tai20_20_05,20x20,GP,13,1701.0
ga,tai20_20_05,20x20,GP,14,1720.0
ga,tai20_20_05,20x20,GP,15,1720.0
ga,tai20_20_05,20x20,GP,16,1713.0
ga,tai20_20_05,20x20,GP,17,1710.5
ga,tai20_20_05,20x20,GP,18,1709.0
ga,tai20_20_05,20x20,GP,19,1732.0
ga,tai20_20_05,20x20,GP,20,1696.5
ga,tai20_20_05,20x20,GP,21,1705.0
ga,tai20_20_05,20x20,GP,22,1703.0
ga,tai20_20_05,20x20,GP,23,1726.0
ga,tai20_20_05,20x20,GP,24,1707.5
ga,tai20_20_05,20x20,GP,25,1705.0
ga,tai20_20_05,20x20,GP,26,1704.0
ga,tai20_20_05,20x20,GP,27,1701.0
ga,tai20_20_05,20x20,GP,28,1730.0
ga,tai20_20_05,20x20,GP,29,1702.5
ga,tai20_20_05,20x20,GP,30,1693.0
ga,tai20_20_05,20x20,MIX,1,1709.0
ga,tai20_20_05,20x20,MIX,2,1703.5
ga,tai20_20_05,20x20,MIX,3,1706.0
ga,tai20_20_05,20x20,MIX,4,1702.5
ga,tai20_20_05,20x20,MIX,5,1697.0
ga,tai20_20_05,20x20,MIX,6,1700.5
ga,tai20_20_05,20x20,MIX,7,1718.0
ga,tai20_20_05,20x20,MIX,8,1702.0
ga,tai20_20_05,20x20,MIX,9,1712.5
ga,tai20_20_05,20x20,MIX,10,1712.5
ga,tai20_20_05,20x20,MIX,11,1710.5
ga,tai20_20_05,20x20,MIX,12,1701.0
ga,tai20_20_05,20x20,MIX,13,1698.5
ga,tai20_20_05,20x20,MIX,14,1717.5
ga,tai20_20_05,20x20,MIX,15,1707.0
ga,tai20_20_05,20x20,MIX,16,1695.5
ga,tai20_20_05,20x20,MIX,17,1701.5
ga,tai20_20_05,20x20,MIX,18,1704.5
ga,tai20_20_05,20x20,MIX,19,1702.5
ga,tai20_20_05,20x20,MIX,20,1703.5
ga,tai20_20_05,20x20,MIX,21,1709.5
ga,tai20_20_05,20x20,MIX,22,1702.5
ga,tai20_20_05,20x20,MIX,23,1701.5
ga,tai20_20_05,20x20,MIX,24,1715.0
ga,tai20_20_05,20x20,MIX,25,1717.0
ga,tai20_20_05,20x20,MIX,26,1712.5
ga,tai20_20_05,20x20,MIX,27,1712.5
ga,tai20_20_05,20x20,MIX,28,1708.0
ga,tai20_20_05,20x20,MIX,29,1718.0
ga,tai20_20_05,20x20,MIX,30,1726.0
ga,tai20_20_06,20x20,A0,1,1773.5
ga,tai20_20_06,20x20,A0,2,1755.0
ga,tai20_20_06,20x20,A0,3,1757.5
ga,tai20_20_06,20x20,A0,4,1752.5
ga,tai20_20_06,20x20,A0,5,1751.5
ga,tai20_20_06,20x20,A0,6,1749.5
ga,tai20_20_06,20x20,A0,7,1775.0
ga,tai20_20_06,20x20,A0,8,1758.5
ga,tai20_20_06,20x20,A0,9,1756.0
ga,tai20_20_06,20x20,A0,10,1770.0
ga,tai20_20_06,20x20,A0,11,1732.5
ga,tai20_20_06,20x20,A0,12,1745.5
ga,tai20_20_06,20x20,A0,13,1748.5
ga,tai20_20_06,20x20,A0,14,1738.0
ga,tai20_20_06,20x20,A0,15,1752.0
ga,tai20_20_06,20x20,A0,16,1752.5
ga,tai20_20_06,20x20,A0,17,1747.0
ga,tai20_20_06,20x20,A0,18,1754.0
ga,tai20_20_06,20x20,A0,19,1779.0
ga,tai20_20_06,20x20,A0,20,1760.0
ga,tai20_20_06,20x20,A0,21,1751.0
ga,tai20_20_06,20x20,A0,22,1719.0
ga,tai20_20_06,20x20,A0,23,1766.0
ga,tai20_20_06,20x20,A0,24,1769.0
ga,tai20_20_06,20x20,A0,25,1770.0
ga,tai20_20_06,20x20,A0,26,1746.5
ga,tai20_20_06,20x20,A0,27,1753.0
ga,tai20_20_06,20x20,A0,28,1754.0
ga,tai20_20_06,20x20,A0,29,1755.5
ga,tai20_20_06,20x20,A0,30,1748.0
ga,tai20_20_06,20x20,V2H,1,1716.0
ga,tai20_20_06,20x20,V2H,2,1716.5
ga,tai20_20_06,20x20,V2H,3,1742.0
ga,tai20_20_06,20x20,V2H,4,1723.0
ga,tai20_20_06,20x20,V2H,5,1760.0
ga,tai20_20_06,20x20,V2H,6,1735.5
ga,tai20_20_06,20x20,V2H,7,1753.5
ga,tai20_20_06,20x20,V2H,8,1745.0
ga,tai20_20_06,20x20,V2H,9,1729.0
ga,tai20_20_06,20x20,V2H,10,1743.5
ga,tai20_20_06,20x20,V2H,11,1710.5
ga,tai20_20_06,20x20,V2H,12,1759.0
ga,tai20_20_06,20x20,V2H,13,1760.0
ga,tai20_20_06,20x20,V2H,14,1760.0
ga,tai20_20_06,20x20,V2H,15,1743.5
ga,tai20_20_06,20x20,V2H,16,1720.0
ga,tai20_20_06,20x20,V2H,17,1720.0
ga,tai20_20_06,20x20,V2H,18,1735.5
ga,tai20_20_06,20x20,V2H,19,1731.5
ga,tai20_20_06,20x20,V2H,20,1755.5
ga,tai20_20_06,20x20,V2H,21,1737.5
ga,tai20_20_06,20x20,V2H,22,1759.0
ga,tai20_20_06,20x20,V2H,23,1742.5
ga,tai20_20_06,20x20,V2H,24,1748.5
ga,tai20_20_06,20x20,V2H,25,1754.5
ga,tai20_20_06,20x20,V2H,26,1743.0
ga,tai20_20_06,20x20,V2H,27,1750.5
ga,tai20_20_06,20x20,V2H,28,1708.0
ga,tai20_20_06,20x20,V2H,29,1754.0
ga,tai20_20_06,20x20,V2H,30,1730.0
ga,tai20_20_06,20x20,V2,1,1763.0
ga,tai20_20_06,20x20,V2,2,1755.5
ga,tai20_20_06,20x20,V2,3,1751.5
ga,tai20_20_06,20x20,V2,4,1745.5
ga,tai20_20_06,20x20,V2,5,1714.5
ga,tai20_20_06,20x20,V2,6,1725.5
ga,tai20_20_06,20x20,V2,7,1737.0
ga,tai20_20_06,20x20,V2,8,1739.0
ga,tai20_20_06,20x20,V2,9,1730.0
ga,tai20_20_06,20x20,V2,10,1751.0
ga,tai20_20_06,20x20,V2,11,1734.0
ga,tai20_20_06,20x20,V2,12,1744.5
ga,tai20_20_06,20x20,V2,13,1740.0
ga,tai20_20_06,20x20,V2,14,1741.5
ga,tai20_20_06,20x20,V2,15,1736.0
ga,tai20_20_06,20x20,V2,16,1735.0
ga,tai20_20_06,20x20,V2,17,1737.5
ga,tai20_20_06,20x20,V2,18,1768.5
ga,tai20_20_06,20x20,V2,19,1751.0
ga,tai20_20_06,20x20,V2,20,1714.5
ga,tai20_20_06,20x20,V2,21,1748.5
ga,tai20_20_06,20x20,V2,22,1747.0
ga,tai20_20_06,20x20,V2,23,1751.0
ga,tai20_20_06,20x20,V2,24,1748.0
ga,tai20_20_06,20x20,V2,25,1736.5
ga,tai20_20_06,20x20,V2,26,1763.5
ga,tai20_20_06,20x20,V2,27,1756.0
ga,tai20_20_06,20x20,V2,28,1746.0
ga,tai20_20_06,20x20,V2,29,1765.0
ga,tai20_20_06,20x20,V2,30,1735.5
ga,tai20_20_06,20x20,MOR,1,1788.0
ga,tai20_20_06,20x20,MOR,2,1770.5
ga,tai20_20_06,20x20,MOR,3,1799.0
ga,tai20_20_06,20x20,MOR,4,1779.0
ga,tai20_20_06,20x20,MOR,5,1797.5
ga,tai20_20_06,20x20,MOR,6,1780.5
ga,tai20_20_06,20x20,MOR,7,1767.0
ga,tai20_20_06,20x20,MOR,8,1784.5
ga,tai20_20_06,20x20,MOR,9,1783.0
ga,tai20_20_06,20x20,MOR,10,1790.5
ga,tai20_20_06,20x20,MOR,11,1786.0
ga,tai20_20_06,20x20,MOR,12,1785.0
ga,tai20_20_06,20x20,MOR,13,1787.0
ga,tai20_20_06,20x20,MOR,14,1774.5
ga,tai20_20_06,20x20,MOR,15,1787.5
ga,tai20_20_06,20x20,MOR,16,1770.5
ga,tai20_20_06,20x20,MOR,17,1791.5
ga,tai20_20_06,20x20,MOR,18,1778.0
ga,tai20_20_06,20x20,MOR,19,1765.0
ga,tai20_20_06,20x20,MOR,20,1783.0
ga,tai20_20_06,20x20,MOR,21,1808.5
ga,tai20_20_06,20x20,MOR,22,1796.5
ga,tai20_20_06,20x20,MOR,23,1775.5
ga,tai20_20_06,20x20,MOR,24,1781.5
ga,tai20_20_06,20x20,MOR,25,1799.0
ga,tai20_20_06,20x20,MOR,26,1780.5
ga,tai20_20_06,20x20,MOR,27,1767.5
ga,tai20_20_06,20x20,MOR,28,1769.5
ga,tai20_20_06,20x20,MOR,29,1784.5
ga,tai20_20_06,20x20,MOR,30,1787.0
ga,tai20_20_06,20x20,GT,1,1758.5
ga,tai20_20_06,20x20,GT,2,1762.0
ga,tai20_20_06,20x20,GT,3,1761.0
ga,tai20_20_06,20x20,GT,4,1749.0
ga,tai20_20_06,20x20,GT,5,1774.0
ga,tai20_20_06,20x20,GT,6,1773.5
ga,tai20_20_06,20x20,GT,7,1750.5
ga,tai20_20_06,20x20,GT,8,1776.5
ga,tai20_20_06,20x20,GT,9,1751.5
ga,tai20_20_06,20x20,GT,10,1750.5
ga,tai20_20_06,20x20,GT,11,1741.0
ga,tai20_20_06,20x20,GT,12,1743.0
ga,tai20_20_06,20x20,GT,13,1775.5
ga,tai20_20_06,20x20,GT,14,1776.0
ga,tai20_20_06,20x20,GT,15,1761.0
ga,tai20_20_06,20x20,GT,16,1767.0
ga,tai20_20_06,20x20,GT,17,1757.5
ga,tai20_20_06,20x20,GT,18,1750.0
ga,tai20_20_06,20x20,GT,19,1752.5
ga,tai20_20_06,20x20,GT,20,1740.0
ga,tai20_20_06,20x20,GT,21,1775.0
ga,tai20_20_06,20x20,GT,22,1733.0
ga,tai20_20_06,20x20,GT,23,1777.5
ga,tai20_20_06,20x20,GT,24,1756.0
ga,tai20_20_06,20x20,GT,25,1776.0
ga,tai20_20_06,20x20,GT,26,1754.5
ga,tai20_20_06,20x20,GT,27,1751.0
ga,tai20_20_06,20x20,GT,28,1753.0
ga,tai20_20_06,20x20,GT,29,1752.0
ga,tai20_20_06,20x20,GT,30,1776.5
ga,tai20_20_06,20x20,GP,1,1754.0
ga,tai20_20_06,20x20,GP,2,1734.5
ga,tai20_20_06,20x20,GP,3,1739.0
ga,tai20_20_06,20x20,GP,4,1723.0
ga,tai20_20_06,20x20,GP,5,1743.0
ga,tai20_20_06,20x20,GP,6,1733.0
ga,tai20_20_06,20x20,GP,7,1731.5
ga,tai20_20_06,20x20,GP,8,1731.5
ga,tai20_20_06,20x20,GP,9,1732.0
ga,tai20_20_06,20x20,GP,10,1750.0
ga,tai20_20_06,20x20,GP,11,1713.0
ga,tai20_20_06,20x20,GP,12,1743.5
ga,tai20_20_06,20x20,GP,13,1730.5
ga,tai20_20_06,20x20,GP,14,1751.0
ga,tai20_20_06,20x20,GP,15,1735.0
ga,tai20_20_06,20x20,GP,16,1727.5
ga,tai20_20_06,20x20,GP,17,1736.0
ga,tai20_20_06,20x20,GP,18,1754.0
ga,tai20_20_06,20x20,GP,19,1730.0
ga,tai20_20_06,20x20,GP,20,1735.0
ga,tai20_20_06,20x20,GP,21,1714.5
ga,tai20_20_06,20x20,GP,22,1743.5
ga,tai20_20_06,20x20,GP,23,1717.5
ga,tai20_20_06,20x20,GP,24,1754.0
ga,tai20_20_06,20x20,GP,25,1743.0
ga,tai20_20_06,20x20,GP,26,1731.5
ga,tai20_20_06,20x20,GP,27,1729.0
ga,tai20_20_06,20x20,GP,28,1738.5
ga,tai20_20_06,20x20,GP,29,1732.0
ga,tai20_20_06,20x20,GP,30,1732.5
ga,tai20_20_06,20x20,MIX,1,1740.0
ga,tai20_20_06,20x20,MIX,2,1739.5
ga,tai20_20_06,20x20,MIX,3,1750.0
ga,tai20_20_06,20x20,MIX,4,1723.0
ga,tai20_20_06,20x20,MIX,5,1738.0
ga,tai20_20_06,20x20,MIX,6,1723.0
ga,tai20_20_06,20x20,MIX,7,1750.5
ga,tai20_20_06,20x20,MIX,8,1741.0
ga,tai20_20_06,20x20,MIX,9,1741.0
ga,tai20_20_06,20x20,MIX,10,1739.0
ga,tai20_20_06,20x20,MIX,11,1732.5
ga,tai20_20_06,20x20,MIX,12,1741.0
ga,tai20_20_06,20x20,MIX,13,1740.5
ga,tai20_20_06,20x20,MIX,14,1714.5
ga,tai20_20_06,20x20,MIX,15,1730.0
ga,tai20_20_06,20x20,MIX,16,1752.0
ga,tai20_20_06,20x20,MIX,17,1750.0
ga,tai20_20_06,20x20,MIX,18,1736.0
ga,tai20_20_06,20x20,MIX,19,1742.0
ga,tai20_20_06,20x20,MIX,20,1723.0
ga,tai20_20_06,20x20,MIX,21,1732.0
ga,tai20_20_06,20x20,MIX,22,1755.0
ga,tai20_20_06,20x20,MIX,23,1709.0
ga,tai20_20_06,20x20,MIX,24,1740.5
ga,tai20_20_06,20x20,MIX,25,1733.5
ga,tai20_20_06,20x20,MIX,26,1762.5
ga,tai20_20_06,20x20,MIX,27,1729.0
ga,tai20_20_06,20x20,MIX,28,1742.0
ga,tai20_20_06,20x20,MIX,29,1735.5
ga,tai20_20_06,20x20,MIX,30,1725.5
ga,tai20_20_07,20x20,A0,1,1797.5
ga,tai20_20_07,20x20,A0,2,1805.0
ga,tai20_20_07,20x20,A0,3,1804.5
ga,tai20_20_07,20x20,A0,4,1787.0
ga,tai20_20_07,20x20,A0,5,1794.5
ga,tai20_20_07,20x20,A0,6,1785.0
ga,tai20_20_07,20x20,A0,7,1784.5
ga,tai20_20_07,20x20,A0,8,1778.0
ga,tai20_20_07,20x20,A0,9,1788.0
ga,tai20_20_07,20x20,A0,10,1787.0
ga,tai20_20_07,20x20,A0,11,1788.0
ga,tai20_20_07,20x20,A0,12,1777.0
ga,tai20_20_07,20x20,A0,13,1776.0
ga,tai20_20_07,20x20,A0,14,1827.0
ga,tai20_20_07,20x20,A0,15,1750.5
ga,tai20_20_07,20x20,A0,16,1794.0
ga,tai20_20_07,20x20,A0,17,1787.5
ga,tai20_20_07,20x20,A0,18,1761.0
ga,tai20_20_07,20x20,A0,19,1783.0
ga,tai20_20_07,20x20,A0,20,1775.0
ga,tai20_20_07,20x20,A0,21,1818.5
ga,tai20_20_07,20x20,A0,22,1780.0
ga,tai20_20_07,20x20,A0,23,1770.5
ga,tai20_20_07,20x20,A0,24,1791.0
ga,tai20_20_07,20x20,A0,25,1837.0
ga,tai20_20_07,20x20,A0,26,1791.0
ga,tai20_20_07,20x20,A0,27,1793.5
ga,tai20_20_07,20x20,A0,28,1778.0
ga,tai20_20_07,20x20,A0,29,1805.0
ga,tai20_20_07,20x20,A0,30,1781.5
ga,tai20_20_07,20x20,V2H,1,1795.0
ga,tai20_20_07,20x20,V2H,2,1782.5
ga,tai20_20_07,20x20,V2H,3,1798.5
ga,tai20_20_07,20x20,V2H,4,1803.5
ga,tai20_20_07,20x20,V2H,5,1801.0
ga,tai20_20_07,20x20,V2H,6,1798.0
ga,tai20_20_07,20x20,V2H,7,1774.0
ga,tai20_20_07,20x20,V2H,8,1787.5
ga,tai20_20_07,20x20,V2H,9,1806.5
ga,tai20_20_07,20x20,V2H,10,1805.5
ga,tai20_20_07,20x20,V2H,11,1794.0
ga,tai20_20_07,20x20,V2H,12,1766.5
ga,tai20_20_07,20x20,V2H,13,1803.5
ga,tai20_20_07,20x20,V2H,14,1800.5
ga,tai20_20_07,20x20,V2H,15,1809.5
ga,tai20_20_07,20x20,V2H,16,1778.5
ga,tai20_20_07,20x20,V2H,17,1798.0
ga,tai20_20_07,20x20,V2H,18,1774.0
ga,tai20_20_07,20x20,V2H,19,1787.0
ga,tai20_20_07,20x20,V2H,20,1781.0
ga,tai20_20_07,20x20,V2H,21,1791.5
ga,tai20_20_07,20x20,V2H,22,1801.0
ga,tai20_20_07,20x20,V2H,23,1799.5
ga,tai20_20_07,20x20,V2H,24,1770.0
ga,tai20_20_07,20x20,V2H,25,1799.5
ga,tai20_20_07,20x20,V2H,26,1790.5
ga,tai20_20_07,20x20,V2H,27,1782.0
ga,tai20_20_07,20x20,V2H,28,1781.0
ga,tai20_20_07,20x20,V2H,29,1769.0
ga,tai20_20_07,20x20,V2H,30,1803.5
ga,tai20_20_07,20x20,V2,1,1787.0
ga,tai20_20_07,20x20,V2,2,1802.5
ga,tai20_20_07,20x20,V2,3,1786.0
ga,tai20_20_07,20x20,V2,4,1788.5
ga,tai20_20_07,20x20,V2,5,1794.0
ga,tai20_20_07,20x20,V2,6,1800.5
ga,tai20_20_07,20x20,V2,7,1801.0
ga,tai20_20_07,20x20,V2,8,1772.0
ga,tai20_20_07,20x20,V2,9,1793.0
ga,tai20_20_07,20x20,V2,10,1801.0
ga,tai20_20_07,20x20,V2,11,1809.0
ga,tai20_20_07,20x20,V2,12,1772.0
ga,tai20_20_07,20x20,V2,13,1801.0
ga,tai20_20_07,20x20,V2,14,1792.0
ga,tai20_20_07,20x20,V2,15,1815.0
ga,tai20_20_07,20x20,V2,16,1797.5
ga,tai20_20_07,20x20,V2,17,1798.5
ga,tai20_20_07,20x20,V2,18,1788.5
ga,tai20_20_07,20x20,V2,19,1753.0
ga,tai20_20_07,20x20,V2,20,1813.5
ga,tai20_20_07,20x20,V2,21,1795.0
ga,tai20_20_07,20x20,V2,22,1777.5
ga,tai20_20_07,20x20,V2,23,1777.0
ga,tai20_20_07,20x20,V2,24,1778.5
ga,tai20_20_07,20x20,V2,25,1786.0
ga,tai20_20_07,20x20,V2,26,1782.5
ga,tai20_20_07,20x20,V2,27,1795.5
ga,tai20_20_07,20x20,V2,28,1771.5
ga,tai20_20_07,20x20,V2,29,1782.5
ga,tai20_20_07,20x20,V2,30,1812.0
ga,tai20_20_07,20x20,MOR,1,1814.0
ga,tai20_20_07,20x20,MOR,2,1824.5
ga,tai20_20_07,20x20,MOR,3,1864.5
ga,tai20_20_07,20x20,MOR,4,1767.5
ga,tai20_20_07,20x20,MOR,5,1785.0
ga,tai20_20_07,20x20,MOR,6,1828.5
ga,tai20_20_07,20x20,MOR,7,1832.5
ga,tai20_20_07,20x20,MOR,8,1843.0
ga,tai20_20_07,20x20,MOR,9,1825.0
ga,tai20_20_07,20x20,MOR,10,1814.5
ga,tai20_20_07,20x20,MOR,11,1806.5
ga,tai20_20_07,20x20,MOR,12,1822.5
ga,tai20_20_07,20x20,MOR,13,1800.0
ga,tai20_20_07,20x20,MOR,14,1804.5
ga,tai20_20_07,20x20,MOR,15,1788.5
ga,tai20_20_07,20x20,MOR,16,1848.0
ga,tai20_20_07,20x20,MOR,17,1802.0
ga,tai20_20_07,20x20,MOR,18,1873.0
ga,tai20_20_07,20x20,MOR,19,1819.5
ga,tai20_20_07,20x20,MOR,20,1779.5
ga,tai20_20_07,20x20,MOR,21,1807.0
ga,tai20_20_07,20x20,MOR,22,1815.0
ga,tai20_20_07,20x20,MOR,23,1816.0
ga,tai20_20_07,20x20,MOR,24,1857.5
ga,tai20_20_07,20x20,MOR,25,1804.5
ga,tai20_20_07,20x20,MOR,26,1772.0
ga,tai20_20_07,20x20,MOR,27,1801.5
ga,tai20_20_07,20x20,MOR,28,1784.0
ga,tai20_20_07,20x20,MOR,29,1802.5
ga,tai20_20_07,20x20,MOR,30,1866.5
ga,tai20_20_07,20x20,GT,1,1863.5
ga,tai20_20_07,20x20,GT,2,1813.5
ga,tai20_20_07,20x20,GT,3,1763.0
ga,tai20_20_07,20x20,GT,4,1830.0
ga,tai20_20_07,20x20,GT,5,1802.0
ga,tai20_20_07,20x20,GT,6,1783.5
ga,tai20_20_07,20x20,GT,7,1808.5
ga,tai20_20_07,20x20,GT,8,1801.0
ga,tai20_20_07,20x20,GT,9,1830.5
ga,tai20_20_07,20x20,GT,10,1820.0
ga,tai20_20_07,20x20,GT,11,1824.5
ga,tai20_20_07,20x20,GT,12,1809.5
ga,tai20_20_07,20x20,GT,13,1791.5
ga,tai20_20_07,20x20,GT,14,1815.0
ga,tai20_20_07,20x20,GT,15,1795.0
ga,tai20_20_07,20x20,GT,16,1786.5
ga,tai20_20_07,20x20,GT,17,1798.0
ga,tai20_20_07,20x20,GT,18,1816.5
ga,tai20_20_07,20x20,GT,19,1803.5
ga,tai20_20_07,20x20,GT,20,1789.5
ga,tai20_20_07,20x20,GT,21,1818.0
ga,tai20_20_07,20x20,GT,22,1828.0
ga,tai20_20_07,20x20,GT,23,1777.0
ga,tai20_20_07,20x20,GT,24,1798.0
ga,tai20_20_07,20x20,GT,25,1817.0
ga,tai20_20_07,20x20,GT,26,1811.0
ga,tai20_20_07,20x20,GT,27,1802.5
ga,tai20_20_07,20x20,GT,28,1804.5
ga,tai20_20_07,20x20,GT,29,1833.0
ga,tai20_20_07,20x20,GT,30,1806.5
ga,tai20_20_07,20x20,GP,1,1807.5
ga,tai20_20_07,20x20,GP,2,1778.0
ga,tai20_20_07,20x20,GP,3,1823.5
ga,tai20_20_07,20x20,GP,4,1794.5
ga,tai20_20_07,20x20,GP,5,1804.0
ga,tai20_20_07,20x20,GP,6,1794.0
ga,tai20_20_07,20x20,GP,7,1811.5
ga,tai20_20_07,20x20,GP,8,1781.0
ga,tai20_20_07,20x20,GP,9,1809.0
ga,tai20_20_07,20x20,GP,10,1791.0
ga,tai20_20_07,20x20,GP,11,1809.0
ga,tai20_20_07,20x20,GP,12,1805.0
ga,tai20_20_07,20x20,GP,13,1828.0
ga,tai20_20_07,20x20,GP,14,1812.0
ga,tai20_20_07,20x20,GP,15,1810.5
ga,tai20_20_07,20x20,GP,16,1789.0
ga,tai20_20_07,20x20,GP,17,1809.0
ga,tai20_20_07,20x20,GP,18,1830.0
ga,tai20_20_07,20x20,GP,19,1788.0
ga,tai20_20_07,20x20,GP,20,1809.0
ga,tai20_20_07,20x20,GP,21,1793.0
ga,tai20_20_07,20x20,GP,22,1803.5
ga,tai20_20_07,20x20,GP,23,1796.5
ga,tai20_20_07,20x20,GP,24,1793.5
ga,tai20_20_07,20x20,GP,25,1798.5
ga,tai20_20_07,20x20,GP,26,1785.5
ga,tai20_20_07,20x20,GP,27,1808.0
ga,tai20_20_07,20x20,GP,28,1801.0
ga,tai20_20_07,20x20,GP,29,1815.0
ga,tai20_20_07,20x20,GP,30,1808.0
ga,tai20_20_07,20x20,MIX,1,1768.5
ga,tai20_20_07,20x20,MIX,2,1810.0
ga,tai20_20_07,20x20,MIX,3,1795.0
ga,tai20_20_07,20x20,MIX,4,1801.5
ga,tai20_20_07,20x20,MIX,5,1763.5
ga,tai20_20_07,20x20,MIX,6,1810.5
ga,tai20_20_07,20x20,MIX,7,1798.0
ga,tai20_20_07,20x20,MIX,8,1784.5
ga,tai20_20_07,20x20,MIX,9,1788.0
ga,tai20_20_07,20x20,MIX,10,1816.5
ga,tai20_20_07,20x20,MIX,11,1802.0
ga,tai20_20_07,20x20,MIX,12,1810.5
ga,tai20_20_07,20x20,MIX,13,1775.0
ga,tai20_20_07,20x20,MIX,14,1798.5
ga,tai20_20_07,20x20,MIX,15,1781.0
ga,tai20_20_07,20x20,MIX,16,1795.0
ga,tai20_20_07,20x20,MIX,17,1794.0
ga,tai20_20_07,20x20,MIX,18,1786.5
ga,tai20_20_07,20x20,MIX,19,1791.5
ga,tai20_20_07,20x20,MIX,20,1788.5
ga,tai20_20_07,20x20,MIX,21,1797.5
ga,tai20_20_07,20x20,MIX,22,1820.0
ga,tai20_20_07,20x20,MIX,23,1794.0
ga,tai20_20_07,20x20,MIX,24,1780.0
ga,tai20_20_07,20x20,MIX,25,1798.5
ga,tai20_20_07,20x20,MIX,26,1794.0
ga,tai20_20_07,20x20,MIX,27,1794.0
ga,tai20_20_07,20x20,MIX,28,1803.0
ga,tai20_20_07,20x20,MIX,29,1801.5
ga,tai20_20_07,20x20,MIX,30,1801.5
ga,tai20_20_08,20x20,A0,1,1712.5
ga,tai20_20_08,20x20,A0,2,1716.5
ga,tai20_20_08,20x20,A0,3,1714.0
ga,tai20_20_08,20x20,A0,4,1704.0
ga,tai20_20_08,20x20,A0,5,1741.5
ga,tai20_20_08,20x20,A0,6,1718.0
ga,tai20_20_08,20x20,A0,7,1726.0
ga,tai20_20_08,20x20,A0,8,1737.0
ga,tai20_20_08,20x20,A0,9,1700.5
ga,tai20_20_08,20x20,A0,10,1707.0
ga,tai20_20_08,20x20,A0,11,1713.5
ga,tai20_20_08,20x20,A0,12,1689.5
ga,tai20_20_08,20x20,A0,13,1697.5
ga,tai20_20_08,20x20,A0,14,1715.5
ga,tai20_20_08,20x20,A0,15,1716.0
ga,tai20_20_08,20x20,A0,16,1709.5
ga,tai20_20_08,20x20,A0,17,1707.0
ga,tai20_20_08,20x20,A0,18,1709.5
ga,tai20_20_08,20x20,A0,19,1699.0
ga,tai20_20_08,20x20,A0,20,1721.5
ga,tai20_20_08,20x20,A0,21,1709.5
ga,tai20_20_08,20x20,A0,22,1721.5
ga,tai20_20_08,20x20,A0,23,1705.0
ga,tai20_20_08,20x20,A0,24,1722.0
ga,tai20_20_08,20x20,A0,25,1700.5
ga,tai20_20_08,20x20,A0,26,1725.0
ga,tai20_20_08,20x20,A0,27,1708.0
ga,tai20_20_08,20x20,A0,28,1718.5
ga,tai20_20_08,20x20,A0,29,1712.0
ga,tai20_20_08,20x20,A0,30,1689.5
ga,tai20_20_08,20x20,V2H,1,1684.5
ga,tai20_20_08,20x20,V2H,2,1681.0
ga,tai20_20_08,20x20,V2H,3,1699.5
ga,tai20_20_08,20x20,V2H,4,1693.0
ga,tai20_20_08,20x20,V2H,5,1705.0
ga,tai20_20_08,20x20,V2H,6,1695.5
ga,tai20_20_08,20x20,V2H,7,1692.5
ga,tai20_20_08,20x20,V2H,8,1703.0
ga,tai20_20_08,20x20,V2H,9,1711.5
ga,tai20_20_08,20x20,V2H,10,1714.0
ga,tai20_20_08,20x20,V2H,11,1678.0
ga,tai20_20_08,20x20,V2H,12,1680.0
ga,tai20_20_08,20x20,V2H,13,1699.0
ga,tai20_20_08,20x20,V2H,14,1694.5
ga,tai20_20_08,20x20,V2H,15,1699.5
ga,tai20_20_08,20x20,V2H,16,1692.0
ga,tai20_20_08,20x20,V2H,17,1710.0
ga,tai20_20_08,20x20,V2H,18,1714.0
ga,tai20_20_08,20x20,V2H,19,1692.0
ga,tai20_20_08,20x20,V2H,20,1693.0
ga,tai20_20_08,20x20,V2H,21,1701.0
ga,tai20_20_08,20x20,V2H,22,1700.5
ga,tai20_20_08,20x20,V2H,23,1705.5
ga,tai20_20_08,20x20,V2H,24,1713.0
ga,tai20_20_08,20x20,V2H,25,1691.5
ga,tai20_20_08,20x20,V2H,26,1708.0
ga,tai20_20_08,20x20,V2H,27,1710.0
ga,tai20_20_08,20x20,V2H,28,1696.0
ga,tai20_20_08,20x20,V2H,29,1693.0
ga,tai20_20_08,20x20,V2H,30,1691.5
ga,tai20_20_08,20x20,V2,1,1724.0
ga,tai20_20_08,20x20,V2,2,1691.5
ga,tai20_20_08,20x20,V2,3,1684.0
ga,tai20_20_08,20x20,V2,4,1695.0
ga,tai20_20_08,20x20,V2,5,1692.5
ga,tai20_20_08,20x20,V2,6,1687.0
ga,tai20_20_08,20x20,V2,7,1697.5
ga,tai20_20_08,20x20,V2,8,1704.0
ga,tai20_20_08,20x20,V2,9,1706.0
ga,tai20_20_08,20x20,V2,10,1714.0
ga,tai20_20_08,20x20,V2,11,1703.0
ga,tai20_20_08,20x20,V2,12,1687.5
ga,tai20_20_08,20x20,V2,13,1679.0
ga,tai20_20_08,20x20,V2,14,1699.5
ga,tai20_20_08,20x20,V2,15,1701.0
ga,tai20_20_08,20x20,V2,16,1698.5
ga,tai20_20_08,20x20,V2,17,1678.0
ga,tai20_20_08,20x20,V2,18,1683.5
ga,tai20_20_08,20x20,V2,19,1715.0
ga,tai20_20_08,20x20,V2,20,1699.5
ga,tai20_20_08,20x20,V2,21,1710.5
ga,tai20_20_08,20x20,V2,22,1706.5
ga,tai20_20_08,20x20,V2,23,1697.5
ga,tai20_20_08,20x20,V2,24,1705.5
ga,tai20_20_08,20x20,V2,25,1681.0
ga,tai20_20_08,20x20,V2,26,1684.5
ga,tai20_20_08,20x20,V2,27,1679.5
ga,tai20_20_08,20x20,V2,28,1686.5
ga,tai20_20_08,20x20,V2,29,1710.5
ga,tai20_20_08,20x20,V2,30,1694.5
ga,tai20_20_08,20x20,MOR,1,1771.0
ga,tai20_20_08,20x20,MOR,2,1762.0
ga,tai20_20_08,20x20,MOR,3,1743.5
ga,tai20_20_08,20x20,MOR,4,1768.5
ga,tai20_20_08,20x20,MOR,5,1761.5
ga,tai20_20_08,20x20,MOR,6,1717.5
ga,tai20_20_08,20x20,MOR,7,1754.5
ga,tai20_20_08,20x20,MOR,8,1751.0
ga,tai20_20_08,20x20,MOR,9,1764.5
ga,tai20_20_08,20x20,MOR,10,1761.0
ga,tai20_20_08,20x20,MOR,11,1748.0
ga,tai20_20_08,20x20,MOR,12,1766.5
ga,tai20_20_08,20x20,MOR,13,1728.0
ga,tai20_20_08,20x20,MOR,14,1735.0
ga,tai20_20_08,20x20,MOR,15,1755.5
ga,tai20_20_08,20x20,MOR,16,1742.0
ga,tai20_20_08,20x20,MOR,17,1730.5
ga,tai20_20_08,20x20,MOR,18,1768.0
ga,tai20_20_08,20x20,MOR,19,1723.0
ga,tai20_20_08,20x20,MOR,20,1737.5
ga,tai20_20_08,20x20,MOR,21,1764.0
ga,tai20_20_08,20x20,MOR,22,1762.0
ga,tai20_20_08,20x20,MOR,23,1767.5
ga,tai20_20_08,20x20,MOR,24,1734.0
ga,tai20_20_08,20x20,MOR,25,1751.0
ga,tai20_20_08,20x20,MOR,26,1727.0
ga,tai20_20_08,20x20,MOR,27,1770.0
ga,tai20_20_08,20x20,MOR,28,1767.0
ga,tai20_20_08,20x20,MOR,29,1761.0
ga,tai20_20_08,20x20,MOR,30,1737.0
ga,tai20_20_08,20x20,GT,1,1716.0
ga,tai20_20_08,20x20,GT,2,1736.0
ga,tai20_20_08,20x20,GT,3,1717.0
ga,tai20_20_08,20x20,GT,4,1709.5
ga,tai20_20_08,20x20,GT,5,1711.5
ga,tai20_20_08,20x20,GT,6,1697.5
ga,tai20_20_08,20x20,GT,7,1713.0
ga,tai20_20_08,20x20,GT,8,1694.5
ga,tai20_20_08,20x20,GT,9,1713.5
ga,tai20_20_08,20x20,GT,10,1715.0
ga,tai20_20_08,20x20,GT,11,1706.0
ga,tai20_20_08,20x20,GT,12,1712.0
ga,tai20_20_08,20x20,GT,13,1696.0
ga,tai20_20_08,20x20,GT,14,1713.5
ga,tai20_20_08,20x20,GT,15,1696.0
ga,tai20_20_08,20x20,GT,16,1709.0
ga,tai20_20_08,20x20,GT,17,1714.0
ga,tai20_20_08,20x20,GT,18,1708.5
ga,tai20_20_08,20x20,GT,19,1697.5
ga,tai20_20_08,20x20,GT,20,1716.0
ga,tai20_20_08,20x20,GT,21,1704.0
ga,tai20_20_08,20x20,GT,22,1710.0
ga,tai20_20_08,20x20,GT,23,1696.0
ga,tai20_20_08,20x20,GT,24,1709.0
ga,tai20_20_08,20x20,GT,25,1711.5
ga,tai20_20_08,20x20,GT,26,1714.0
ga,tai20_20_08,20x20,GT,27,1697.5
ga,tai20_20_08,20x20,GT,28,1702.0
ga,tai20_20_08,20x20,GT,29,1715.0
ga,tai20_20_08,20x20,GT,30,1706.0
ga,tai20_20_08,20x20,GP,1,1714.0
ga,tai20_20_08,20x20,GP,2,1708.5
ga,tai20_20_08,20x20,GP,3,1711.0
ga,tai20_20_08,20x20,GP,4,1727.0
ga,tai20_20_08,20x20,GP,5,1713.5
ga,tai20_20_08,20x20,GP,6,1690.5
ga,tai20_20_08,20x20,GP,7,1730.5
ga,tai20_20_08,20x20,GP,8,1684.0
ga,tai20_20_08,20x20,GP,9,1732.0
ga,tai20_20_08,20x20,GP,10,1714.5
ga,tai20_20_08,20x20,GP,11,1687.5
ga,tai20_20_08,20x20,GP,12,1712.0
ga,tai20_20_08,20x20,GP,13,1708.5
ga,tai20_20_08,20x20,GP,14,1726.0
ga,tai20_20_08,20x20,GP,15,1696.5
ga,tai20_20_08,20x20,GP,16,1721.5
ga,tai20_20_08,20x20,GP,17,1718.5
ga,tai20_20_08,20x20,GP,18,1714.5
ga,tai20_20_08,20x20,GP,19,1717.0
ga,tai20_20_08,20x20,GP,20,1710.5
ga,tai20_20_08,20x20,GP,21,1714.0
ga,tai20_20_08,20x20,GP,22,1711.0
ga,tai20_20_08,20x20,GP,23,1708.0
ga,tai20_20_08,20x20,GP,24,1724.5
ga,tai20_20_08,20x20,GP,25,1717.0
ga,tai20_20_08,20x20,GP,26,1712.0
ga,tai20_20_08,20x20,GP,27,1714.0
ga,tai20_20_08,20x20,GP,28,1721.5
ga,tai20_20_08,20x20,GP,29,1718.5
ga,tai20_20_08,20x20,GP,30,1718.0
ga,tai20_20_08,20x20,MIX,1,1711.5
ga,tai20_20_08,20x20,MIX,2,1694.5
ga,tai20_20_08,20x20,MIX,3,1697.0
ga,tai20_20_08,20x20,MIX,4,1702.0
ga,tai20_20_08,20x20,MIX,5,1726.5
ga,tai20_20_08,20x20,MIX,6,1716.0
ga,tai20_20_08,20x20,MIX,7,1717.0
ga,tai20_20_08,20x20,MIX,8,1727.5
ga,tai20_20_08,20x20,MIX,9,1727.0
ga,tai20_20_08,20x20,MIX,10,1703.5
ga,tai20_20_08,20x20,MIX,11,1706.5
ga,tai20_20_08,20x20,MIX,12,1718.5
ga,tai20_20_08,20x20,MIX,13,1711.5
ga,tai20_20_08,20x20,MIX,14,1714.5
ga,tai20_20_08,20x20,MIX,15,1711.0
ga,tai20_20_08,20x20,MIX,16,1718.0
ga,tai20_20_08,20x20,MIX,17,1709.5
ga,tai20_20_08,20x20,MIX,18,1714.0
ga,tai20_20_08,20x20,MIX,19,1708.5
ga,tai20_20_08,20x20,MIX,20,1716.0
ga,tai20_20_08,20x20,MIX,21,1698.0
ga,tai20_20_08,20x20,MIX,22,1723.0
ga,tai20_20_08,20x20,MIX,23,1728.0
ga,tai20_20_08,20x20,MIX,24,1714.5
ga,tai20_20_08,20x20,MIX,25,1724.5
ga,tai20_20_08,20x20,MIX,26,1694.5
ga,tai20_20_08,20x20,MIX,27,1732.5
ga,tai20_20_08,20x20,MIX,28,1723.0
ga,tai20_20_08,20x20,MIX,29,1724.5
ga,tai20_20_08,20x20,MIX,30,1715.5
ga,tai20_20_09,20x20,A0,1,1741.5
ga,tai20_20_09,20x20,A0,2,1716.0
ga,tai20_20_09,20x20,A0,3,1738.0
ga,tai20_20_09,20x20,A0,4,1716.5
ga,tai20_20_09,20x20,A0,5,1718.5
ga,tai20_20_09,20x20,A0,6,1759.5
ga,tai20_20_09,20x20,A0,7,1733.5
ga,tai20_20_09,20x20,A0,8,1738.0
ga,tai20_20_09,20x20,A0,9,1698.0
ga,tai20_20_09,20x20,A0,10,1710.0
ga,tai20_20_09,20x20,A0,11,1735.0
ga,tai20_20_09,20x20,A0,12,1707.0
ga,tai20_20_09,20x20,A0,13,1716.5
ga,tai20_20_09,20x20,A0,14,1727.5
ga,tai20_20_09,20x20,A0,15,1739.0
ga,tai20_20_09,20x20,A0,16,1692.5
ga,tai20_20_09,20x20,A0,17,1715.0
ga,tai20_20_09,20x20,A0,18,1740.0
ga,tai20_20_09,20x20,A0,19,1728.5
ga,tai20_20_09,20x20,A0,20,1735.0
ga,tai20_20_09,20x20,A0,21,1722.0
ga,tai20_20_09,20x20,A0,22,1733.0
ga,tai20_20_09,20x20,A0,23,1704.0
ga,tai20_20_09,20x20,A0,24,1733.5
ga,tai20_20_09,20x20,A0,25,1731.5
ga,tai20_20_09,20x20,A0,26,1738.0
ga,tai20_20_09,20x20,A0,27,1740.5
ga,tai20_20_09,20x20,A0,28,1725.5
ga,tai20_20_09,20x20,A0,29,1727.0
ga,tai20_20_09,20x20,A0,30,1744.5
ga,tai20_20_09,20x20,V2H,1,1721.5
ga,tai20_20_09,20x20,V2H,2,1705.5
ga,tai20_20_09,20x20,V2H,3,1692.5
ga,tai20_20_09,20x20,V2H,4,1712.0
ga,tai20_20_09,20x20,V2H,5,1690.0
ga,tai20_20_09,20x20,V2H,6,1708.0
ga,tai20_20_09,20x20,V2H,7,1709.5
ga,tai20_20_09,20x20,V2H,8,1692.0
ga,tai20_20_09,20x20,V2H,9,1705.5
ga,tai20_20_09,20x20,V2H,10,1688.0
ga,tai20_20_09,20x20,V2H,11,1702.5
ga,tai20_20_09,20x20,V2H,12,1698.5
ga,tai20_20_09,20x20,V2H,13,1701.5
ga,tai20_20_09,20x20,V2H,14,1697.5
ga,tai20_20_09,20x20,V2H,15,1715.5
ga,tai20_20_09,20x20,V2H,16,1700.0
ga,tai20_20_09,20x20,V2H,17,1710.5
ga,tai20_20_09,20x20,V2H,18,1685.0
ga,tai20_20_09,20x20,V2H,19,1696.5
ga,tai20_20_09,20x20,V2H,20,1686.0
ga,tai20_20_09,20x20,V2H,21,1728.5
ga,tai20_20_09,20x20,V2H,22,1688.0
ga,tai20_20_09,20x20,V2H,23,1721.5
ga,tai20_20_09,20x20,V2H,24,1717.0
ga,tai20_20_09,20x20,V2H,25,1719.0
ga,tai20_20_09,20x20,V2H,26,1712.0
ga,tai20_20_09,20x20,V2H,27,1724.0
ga,tai20_20_09,20x20,V2H,28,1708.0
ga,tai20_20_09,20x20,V2H,29,1691.5
ga,tai20_20_09,20x20,V2H,30,1679.0
ga,tai20_20_09,20x20,V2,1,1715.0
ga,tai20_20_09,20x20,V2,2,1707.5
ga,tai20_20_09,20x20,V2,3,1706.5
ga,tai20_20_09,20x20,V2,4,1702.5
ga,tai20_20_09,20x20,V2,5,1704.0
ga,tai20_20_09,20x20,V2,6,1711.0
ga,tai20_20_09,20x20,V2,7,1719.5
ga,tai20_20_09,20x20,V2,8,1700.5
ga,tai20_20_09,20x20,V2,9,1701.5
ga,tai20_20_09,20x20,V2,10,1716.0
ga,tai20_20_09,20x20,V2,11,1674.5
ga,tai20_20_09,20x20,V2,12,1701.5
ga,tai20_20_09,20x20,V2,13,1691.0
ga,tai20_20_09,20x20,V2,14,1705.5
ga,tai20_20_09,20x20,V2,15,1700.5
ga,tai20_20_09,20x20,V2,16,1693.0
ga,tai20_20_09,20x20,V2,17,1679.0
ga,tai20_20_09,20x20,V2,18,1715.0
ga,tai20_20_09,20x20,V2,19,1708.5
ga,tai20_20_09,20x20,V2,20,1730.0
ga,tai20_20_09,20x20,V2,21,1714.0
ga,tai20_20_09,20x20,V2,22,1708.5
ga,tai20_20_09,20x20,V2,23,1698.5
ga,tai20_20_09,20x20,V2,24,1695.0
ga,tai20_20_09,20x20,V2,25,1673.5
ga,tai20_20_09,20x20,V2,26,1709.0
ga,tai20_20_09,20x20,V2,27,1715.5
ga,tai20_20_09,20x20,V2,28,1703.5
ga,tai20_20_09,20x20,V2,29,1714.5
ga,tai20_20_09,20x20,V2,30,1695.0
ga,tai20_20_09,20x20,MOR,1,1699.0
ga,tai20_20_09,20x20,MOR,2,1710.0
ga,tai20_20_09,20x20,MOR,3,1739.0
ga,tai20_20_09,20x20,MOR,4,1708.5
ga,tai20_20_09,20x20,MOR,5,1723.0
ga,tai20_20_09,20x20,MOR,6,1712.0
ga,tai20_20_09,20x20,MOR,7,1712.5
ga,tai20_20_09,20x20,MOR,8,1706.0
ga,tai20_20_09,20x20,MOR,9,1702.5
ga,tai20_20_09,20x20,MOR,10,1712.5
ga,tai20_20_09,20x20,MOR,11,1710.0
ga,tai20_20_09,20x20,MOR,12,1735.5
ga,tai20_20_09,20x20,MOR,13,1710.5
ga,tai20_20_09,20x20,MOR,14,1716.0
ga,tai20_20_09,20x20,MOR,15,1703.5
ga,tai20_20_09,20x20,MOR,16,1718.5
ga,tai20_20_09,20x20,MOR,17,1716.5
ga,tai20_20_09,20x20,MOR,18,1713.0
ga,tai20_20_09,20x20,MOR,19,1731.0
ga,tai20_20_09,20x20,MOR,20,1699.0
ga,tai20_20_09,20x20,MOR,21,1720.0
ga,tai20_20_09,20x20,MOR,22,1753.5
ga,tai20_20_09,20x20,MOR,23,1705.5
ga,tai20_20_09,20x20,MOR,24,1710.0
ga,tai20_20_09,20x20,MOR,25,1724.5
ga,tai20_20_09,20x20,MOR,26,1713.0
ga,tai20_20_09,20x20,MOR,27,1713.5
ga,tai20_20_09,20x20,MOR,28,1723.0
ga,tai20_20_09,20x20,MOR,29,1719.0
ga,tai20_20_09,20x20,MOR,30,1718.5
ga,tai20_20_09,20x20,GT,1,1713.5
ga,tai20_20_09,20x20,GT,2,1689.0
ga,tai20_20_09,20x20,GT,3,1694.0
ga,tai20_20_09,20x20,GT,4,1675.0
ga,tai20_20_09,20x20,GT,5,1705.0
ga,tai20_20_09,20x20,GT,6,1690.0
ga,tai20_20_09,20x20,GT,7,1704.0
ga,tai20_20_09,20x20,GT,8,1692.5
ga,tai20_20_09,20x20,GT,9,1709.5
ga,tai20_20_09,20x20,GT,10,1684.5
ga,tai20_20_09,20x20,GT,11,1701.5
ga,tai20_20_09,20x20,GT,12,1691.0
ga,tai20_20_09,20x20,GT,13,1682.0
ga,tai20_20_09,20x20,GT,14,1684.5
ga,tai20_20_09,20x20,GT,15,1706.0
ga,tai20_20_09,20x20,GT,16,1663.0
ga,tai20_20_09,20x20,GT,17,1685.5
ga,tai20_20_09,20x20,GT,18,1687.0
ga,tai20_20_09,20x20,GT,19,1683.0
ga,tai20_20_09,20x20,GT,20,1684.5
ga,tai20_20_09,20x20,GT,21,1701.0
ga,tai20_20_09,20x20,GT,22,1685.5
ga,tai20_20_09,20x20,GT,23,1695.0
ga,tai20_20_09,20x20,GT,24,1713.0
ga,tai20_20_09,20x20,GT,25,1705.0
ga,tai20_20_09,20x20,GT,26,1685.0
ga,tai20_20_09,20x20,GT,27,1684.5
ga,tai20_20_09,20x20,GT,28,1707.0
ga,tai20_20_09,20x20,GT,29,1678.0
ga,tai20_20_09,20x20,GT,30,1703.5
ga,tai20_20_09,20x20,GP,1,1698.0
ga,tai20_20_09,20x20,GP,2,1686.0
ga,tai20_20_09,20x20,GP,3,1698.0
ga,tai20_20_09,20x20,GP,4,1679.0
ga,tai20_20_09,20x20,GP,5,1685.0
ga,tai20_20_09,20x20,GP,6,1687.0
ga,tai20_20_09,20x20,GP,7,1681.0
ga,tai20_20_09,20x20,GP,8,1694.0
ga,tai20_20_09,20x20,GP,9,1685.0
ga,tai20_20_09,20x20,GP,10,1686.5
ga,tai20_20_09,20x20,GP,11,1689.5
ga,tai20_20_09,20x20,GP,12,1674.0
ga,tai20_20_09,20x20,GP,13,1678.0
ga,tai20_20_09,20x20,GP,14,1695.0
ga,tai20_20_09,20x20,GP,15,1682.0
ga,tai20_20_09,20x20,GP,16,1685.0
ga,tai20_20_09,20x20,GP,17,1682.5
ga,tai20_20_09,20x20,GP,18,1670.0
ga,tai20_20_09,20x20,GP,19,1688.5
ga,tai20_20_09,20x20,GP,20,1718.5
ga,tai20_20_09,20x20,GP,21,1682.0
ga,tai20_20_09,20x20,GP,22,1681.0
ga,tai20_20_09,20x20,GP,23,1706.5
ga,tai20_20_09,20x20,GP,24,1692.0
ga,tai20_20_09,20x20,GP,25,1685.5
ga,tai20_20_09,20x20,GP,26,1699.0
ga,tai20_20_09,20x20,GP,27,1700.5
ga,tai20_20_09,20x20,GP,28,1677.5
ga,tai20_20_09,20x20,GP,29,1680.0
ga,tai20_20_09,20x20,GP,30,1680.5
ga,tai20_20_09,20x20,MIX,1,1682.0
ga,tai20_20_09,20x20,MIX,2,1695.5
ga,tai20_20_09,20x20,MIX,3,1674.0
ga,tai20_20_09,20x20,MIX,4,1679.0
ga,tai20_20_09,20x20,MIX,5,1685.5
ga,tai20_20_09,20x20,MIX,6,1680.0
ga,tai20_20_09,20x20,MIX,7,1704.0
ga,tai20_20_09,20x20,MIX,8,1701.0
ga,tai20_20_09,20x20,MIX,9,1697.0
ga,tai20_20_09,20x20,MIX,10,1693.5
ga,tai20_20_09,20x20,MIX,11,1682.0
ga,tai20_20_09,20x20,MIX,12,1683.0
ga,tai20_20_09,20x20,MIX,13,1693.0
ga,tai20_20_09,20x20,MIX,14,1674.0
ga,tai20_20_09,20x20,MIX,15,1698.5
ga,tai20_20_09,20x20,MIX,16,1690.0
ga,tai20_20_09,20x20,MIX,17,1694.5
ga,tai20_20_09,20x20,MIX,18,1679.5
ga,tai20_20_09,20x20,MIX,19,1676.5
ga,tai20_20_09,20x20,MIX,20,1705.5
ga,tai20_20_09,20x20,MIX,21,1698.0
ga,tai20_20_09,20x20,MIX,22,1678.5
ga,tai20_20_09,20x20,MIX,23,1689.0
ga,tai20_20_09,20x20,MIX,24,1687.0
ga,tai20_20_09,20x20,MIX,25,1689.5
ga,tai20_20_09,20x20,MIX,26,1670.0
ga,tai20_20_09,20x20,MIX,27,1684.0
ga,tai20_20_09,20x20,MIX,28,1695.0
ga,tai20_20_09,20x20,MIX,29,1679.5
ga,tai20_20_09,20x20,MIX,30,1680.5
ga,tai20_20_10,20x20,A0,1,1665.0
ga,tai20_20_10,20x20,A0,2,1681.5
ga,tai20_20_10,20x20,A0,3,1676.5
ga,tai20_20_10,20x20,A0,4,1668.0
ga,tai20_20_10,20x20,A0,5,1675.5
ga,tai20_20_10,20x20,A0,6,1689.5
ga,tai20_20_10,20x20,A0,7,1674.5
ga,tai20_20_10,20x20,A0,8,1701.0
ga,tai20_20_10,20x20,A0,9,1674.0
ga,tai20_20_10,20x20,A0,10,1668.0
ga,tai20_20_10,20x20,A0,11,1707.0
ga,tai20_20_10,20x20,A0,12,1675.5
ga,tai20_20_10,20x20,A0,13,1677.5
ga,tai20_20_10,20x20,A0,14,1668.0
ga,tai20_20_10,20x20,A0,15,1670.0
ga,tai20_20_10,20x20,A0,16,1694.0
ga,tai20_20_10,20x20,A0,17,1665.5
ga,tai20_20_10,20x20,A0,18,1640.5
ga,tai20_20_10,20x20,A0,19,1665.5
ga,tai20_20_10,20x20,A0,20,1665.5
ga,tai20_20_10,20x20,A0,21,1689.0
ga,tai20_20_10,20x20,A0,22,1687.0
ga,tai20_20_10,20x20,A0,23,1698.5
ga,tai20_20_10,20x20,A0,24,1676.0
ga,tai20_20_10,20x20,A0,25,1686.5
ga,tai20_20_10,20x20,A0,26,1671.0
ga,tai20_20_10,20x20,A0,27,1659.0
ga,tai20_20_10,20x20,A0,28,1670.0
ga,tai20_20_10,20x20,A0,29,1693.0
ga,tai20_20_10,20x20,A0,30,1692.5
ga,tai20_20_10,20x20,V2H,1,1692.5
ga,tai20_20_10,20x20,V2H,2,1708.5
ga,tai20_20_10,20x20,V2H,3,1694.0
ga,tai20_20_10,20x20,V2H,4,1694.5
ga,tai20_20_10,20x20,V2H,5,1649.5
ga,tai20_20_10,20x20,V2H,6,1691.0
ga,tai20_20_10,20x20,V2H,7,1682.0
ga,tai20_20_10,20x20,V2H,8,1697.5
ga,tai20_20_10,20x20,V2H,9,1685.5
ga,tai20_20_10,20x20,V2H,10,1694.5
ga,tai20_20_10,20x20,V2H,11,1656.0
ga,tai20_20_10,20x20,V2H,12,1677.0
ga,tai20_20_10,20x20,V2H,13,1685.0
ga,tai20_20_10,20x20,V2H,14,1679.5
ga,tai20_20_10,20x20,V2H,15,1674.0
ga,tai20_20_10,20x20,V2H,16,1686.0
ga,tai20_20_10,20x20,V2H,17,1706.0
ga,tai20_20_10,20x20,V2H,18,1677.5
ga,tai20_20_10,20x20,V2H,19,1678.0
ga,tai20_20_10,20x20,V2H,20,1699.5
ga,tai20_20_10,20x20,V2H,21,1674.0
ga,tai20_20_10,20x20,V2H,22,1668.5
ga,tai20_20_10,20x20,V2H,23,1658.0
ga,tai20_20_10,20x20,V2H,24,1671.0
ga,tai20_20_10,20x20,V2H,25,1665.5
ga,tai20_20_10,20x20,V2H,26,1684.0
ga,tai20_20_10,20x20,V2H,27,1665.0
ga,tai20_20_10,20x20,V2H,28,1683.0
ga,tai20_20_10,20x20,V2H,29,1683.5
ga,tai20_20_10,20x20,V2H,30,1654.0
ga,tai20_20_10,20x20,V2,1,1700.5
ga,tai20_20_10,20x20,V2,2,1667.5
ga,tai20_20_10,20x20,V2,3,1684.0
ga,tai20_20_10,20x20,V2,4,1694.5
ga,tai20_20_10,20x20,V2,5,1663.5
ga,tai20_20_10,20x20,V2,6,1661.5
ga,tai20_20_10,20x20,V2,7,1696.0
ga,tai20_20_10,20x20,V2,8,1669.5
ga,tai20_20_10,20x20,V2,9,1704.5
ga,tai20_20_10,20x20,V2,10,1670.0
ga,tai20_20_10,20x20,V2,11,1680.0
ga,tai20_20_10,20x20,V2,12,1665.0
ga,tai20_20_10,20x20,V2,13,1688.0
ga,tai20_20_10,20x20,V2,14,1677.5
ga,tai20_20_10,20x20,V2,15,1679.0
ga,tai20_20_10,20x20,V2,16,1674.0
ga,tai20_20_10,20x20,V2,17,1682.5
ga,tai20_20_10,20x20,V2,18,1675.0
ga,tai20_20_10,20x20,V2,19,1673.5
ga,tai20_20_10,20x20,V2,20,1677.0
ga,tai20_20_10,20x20,V2,21,1683.0
ga,tai20_20_10,20x20,V2,22,1671.0
ga,tai20_20_10,20x20,V2,23,1686.0
ga,tai20_20_10,20x20,V2,24,1669.0
ga,tai20_20_10,20x20,V2,25,1677.0
ga,tai20_20_10,20x20,V2,26,1679.0
ga,tai20_20_10,20x20,V2,27,1672.0
ga,tai20_20_10,20x20,V2,28,1677.5
ga,tai20_20_10,20x20,V2,29,1706.0
ga,tai20_20_10,20x20,V2,30,1667.5
ga,tai20_20_10,20x20,MOR,1,1731.0
ga,tai20_20_10,20x20,MOR,2,1736.0
ga,tai20_20_10,20x20,MOR,3,1734.0
ga,tai20_20_10,20x20,MOR,4,1736.0
ga,tai20_20_10,20x20,MOR,5,1750.0
ga,tai20_20_10,20x20,MOR,6,1725.5
ga,tai20_20_10,20x20,MOR,7,1701.0
ga,tai20_20_10,20x20,MOR,8,1742.5
ga,tai20_20_10,20x20,MOR,9,1736.0
ga,tai20_20_10,20x20,MOR,10,1733.5
ga,tai20_20_10,20x20,MOR,11,1734.0
ga,tai20_20_10,20x20,MOR,12,1743.0
ga,tai20_20_10,20x20,MOR,13,1719.0
ga,tai20_20_10,20x20,MOR,14,1727.5
ga,tai20_20_10,20x20,MOR,15,1730.5
ga,tai20_20_10,20x20,MOR,16,1736.5
ga,tai20_20_10,20x20,MOR,17,1722.5
ga,tai20_20_10,20x20,MOR,18,1731.0
ga,tai20_20_10,20x20,MOR,19,1728.0
ga,tai20_20_10,20x20,MOR,20,1711.5
ga,tai20_20_10,20x20,MOR,21,1734.5
ga,tai20_20_10,20x20,MOR,22,1727.5
ga,tai20_20_10,20x20,MOR,23,1733.0
ga,tai20_20_10,20x20,MOR,24,1736.0
ga,tai20_20_10,20x20,MOR,25,1733.5
ga,tai20_20_10,20x20,MOR,26,1747.0
ga,tai20_20_10,20x20,MOR,27,1716.0
ga,tai20_20_10,20x20,MOR,28,1731.5
ga,tai20_20_10,20x20,MOR,29,1710.5
ga,tai20_20_10,20x20,MOR,30,1739.0
ga,tai20_20_10,20x20,GT,1,1714.0
ga,tai20_20_10,20x20,GT,2,1702.0
ga,tai20_20_10,20x20,GT,3,1692.5
ga,tai20_20_10,20x20,GT,4,1710.0
ga,tai20_20_10,20x20,GT,5,1702.0
ga,tai20_20_10,20x20,GT,6,1718.5
ga,tai20_20_10,20x20,GT,7,1676.5
ga,tai20_20_10,20x20,GT,8,1700.5
ga,tai20_20_10,20x20,GT,9,1711.5
ga,tai20_20_10,20x20,GT,10,1689.0
ga,tai20_20_10,20x20,GT,11,1706.5
ga,tai20_20_10,20x20,GT,12,1673.0
ga,tai20_20_10,20x20,GT,13,1713.0
ga,tai20_20_10,20x20,GT,14,1700.5
ga,tai20_20_10,20x20,GT,15,1684.0
ga,tai20_20_10,20x20,GT,16,1703.0
ga,tai20_20_10,20x20,GT,17,1700.0
ga,tai20_20_10,20x20,GT,18,1702.5
ga,tai20_20_10,20x20,GT,19,1688.0
ga,tai20_20_10,20x20,GT,20,1711.0
ga,tai20_20_10,20x20,GT,21,1723.0
ga,tai20_20_10,20x20,GT,22,1703.5
ga,tai20_20_10,20x20,GT,23,1693.5
ga,tai20_20_10,20x20,GT,24,1700.5
ga,tai20_20_10,20x20,GT,25,1681.0
ga,tai20_20_10,20x20,GT,26,1706.5
ga,tai20_20_10,20x20,GT,27,1697.0
ga,tai20_20_10,20x20,GT,28,1707.5
ga,tai20_20_10,20x20,GT,29,1725.0
ga,tai20_20_10,20x20,GT,30,1692.5
ga,tai20_20_10,20x20,GP,1,1686.0
ga,tai20_20_10,20x20,GP,2,1679.0
ga,tai20_20_10,20x20,GP,3,1684.0
ga,tai20_20_10,20x20,GP,4,1679.5
ga,tai20_20_10,20x20,GP,5,1683.0
ga,tai20_20_10,20x20,GP,6,1692.0
ga,tai20_20_10,20x20,GP,7,1687.0
ga,tai20_20_10,20x20,GP,8,1686.0
ga,tai20_20_10,20x20,GP,9,1677.5
ga,tai20_20_10,20x20,GP,10,1685.0
ga,tai20_20_10,20x20,GP,11,1691.0
ga,tai20_20_10,20x20,GP,12,1667.0
ga,tai20_20_10,20x20,GP,13,1688.0
ga,tai20_20_10,20x20,GP,14,1681.0
ga,tai20_20_10,20x20,GP,15,1678.0
ga,tai20_20_10,20x20,GP,16,1690.5
ga,tai20_20_10,20x20,GP,17,1684.5
ga,tai20_20_10,20x20,GP,18,1691.0
ga,tai20_20_10,20x20,GP,19,1715.0
ga,tai20_20_10,20x20,GP,20,1668.5
ga,tai20_20_10,20x20,GP,21,1696.5
ga,tai20_20_10,20x20,GP,22,1682.5
ga,tai20_20_10,20x20,GP,23,1691.5
ga,tai20_20_10,20x20,GP,24,1693.0
ga,tai20_20_10,20x20,GP,25,1682.0
ga,tai20_20_10,20x20,GP,26,1681.0
ga,tai20_20_10,20x20,GP,27,1692.0
ga,tai20_20_10,20x20,GP,28,1686.0
ga,tai20_20_10,20x20,GP,29,1688.5
ga,tai20_20_10,20x20,GP,30,1681.0
ga,tai20_20_10,20x20,MIX,1,1675.5
ga,tai20_20_10,20x20,MIX,2,1699.5
ga,tai20_20_10,20x20,MIX,3,1677.5
ga,tai20_20_10,20x20,MIX,4,1688.0
ga,tai20_20_10,20x20,MIX,5,1676.5
ga,tai20_20_10,20x20,MIX,6,1698.0
ga,tai20_20_10,20x20,MIX,7,1688.5
ga,tai20_20_10,20x20,MIX,8,1684.5
ga,tai20_20_10,20x20,MIX,9,1685.0
ga,tai20_20_10,20x20,MIX,10,1665.5
ga,tai20_20_10,20x20,MIX,11,1700.5
ga,tai20_20_10,20x20,MIX,12,1687.0
ga,tai20_20_10,20x20,MIX,13,1676.0
ga,tai20_20_10,20x20,MIX,14,1680.5
ga,tai20_20_10,20x20,MIX,15,1677.0
ga,tai20_20_10,20x20,MIX,16,1676.0
ga,tai20_20_10,20x20,MIX,17,1684.0
ga,tai20_20_10,20x20,MIX,18,1678.5
ga,tai20_20_10,20x20,MIX,19,1687.0
ga,tai20_20_10,20x20,MIX,20,1675.0
ga,tai20_20_10,20x20,MIX,21,1682.5
ga,tai20_20_10,20x20,MIX,22,1688.0
ga,tai20_20_10,20x20,MIX,23,1685.0
ga,tai20_20_10,20x20,MIX,24,1679.5
ga,tai20_20_10,20x20,MIX,25,1688.5
ga,tai20_20_10,20x20,MIX,26,1706.5
ga,tai20_20_10,20x20,MIX,27,1671.0
ga,tai20_20_10,20x20,MIX,28,1668.5
ga,tai20_20_10,20x20,MIX,29,1687.0
ga,tai20_20_10,20x20,MIX,30,1685.0
ga,tai30_15_01,30x15,A0,1,1888.5
ga,tai30_15_01,30x15,A0,2,1868.5
ga,tai30_15_01,30x15,A0,3,1851.0
ga,tai30_15_01,30x15,A0,4,1873.5
ga,tai30_15_01,30x15,A0,5,1893.5
ga,tai30_15_01,30x15,A0,6,1861.5
ga,tai30_15_01,30x15,A0,7,1915.0
ga,tai30_15_01,30x15,A0,8,1862.0
ga,tai30_15_01,30x15,A0,9,1902.0
ga,tai30_15_01,30x15,A0,10,1899.0
ga,tai30_15_01,30x15,A0,11,1887.5
ga,tai30_15_01,30x15,A0,12,1858.0
ga,tai30_15_01,30x15,A0,13,1892.5
ga,tai30_15_01,30x15,A0,14,1891.0
ga,tai30_15_01,30x15,A0,15,1903.0
ga,tai30_15_01,30x15,A0,16,1859.5
ga,tai30_15_01,30x15,A0,17,1881.5
ga,tai30_15_01,30x15,A0,18,1874.5
ga,tai30_15_01,30x15,A0,19,1896.5
ga,tai30_15_01,30x15,A0,20,1852.5
ga,tai30_15_01,30x15,A0,21,1879.5
ga,tai30_15_01,30x15,A0,22,1871.5
ga,tai30_15_01,30x15,A0,23,1877.0
ga,tai30_15_01,30x15,A0,24,1863.5
ga,tai30_15_01,30x15,A0,25,1865.0
ga,tai30_15_01,30x15,A0,26,1900.5
ga,tai30_15_01,30x15,A0,27,1865.5
ga,tai30_15_01,30x15,A0,28,1883.0
ga,tai30_15_01,30x15,A0,29,1881.0
ga,tai30_15_01,30x15,A0,30,1874.5
ga,tai30_15_01,30x15,V2H,1,1875.5
ga,tai30_15_01,30x15,V2H,2,1904.0
ga,tai30_15_01,30x15,V2H,3,1884.0
ga,tai30_15_01,30x15,V2H,4,1900.5
ga,tai30_15_01,30x15,V2H,5,1874.5
ga,tai30_15_01,30x15,V2H,6,1873.0
ga,tai30_15_01,30x15,V2H,7,1905.5
ga,tai30_15_01,30x15,V2H,8,1898.5
ga,tai30_15_01,30x15,V2H,9,1871.5
ga,tai30_15_01,30x15,V2H,10,1886.0
ga,tai30_15_01,30x15,V2H,11,1878.0
ga,tai30_15_01,30x15,V2H,12,1901.5
ga,tai30_15_01,30x15,V2H,13,1867.5
ga,tai30_15_01,30x15,V2H,14,1881.5
ga,tai30_15_01,30x15,V2H,15,1906.0
ga,tai30_15_01,30x15,V2H,16,1899.5
ga,tai30_15_01,30x15,V2H,17,1876.0
ga,tai30_15_01,30x15,V2H,18,1920.5
ga,tai30_15_01,30x15,V2H,19,1893.0
ga,tai30_15_01,30x15,V2H,20,1875.0
ga,tai30_15_01,30x15,V2H,21,1890.0
ga,tai30_15_01,30x15,V2H,22,1882.0
ga,tai30_15_01,30x15,V2H,23,1905.0
ga,tai30_15_01,30x15,V2H,24,1890.5
ga,tai30_15_01,30x15,V2H,25,1887.5
ga,tai30_15_01,30x15,V2H,26,1906.0
ga,tai30_15_01,30x15,V2H,27,1871.5
ga,tai30_15_01,30x15,V2H,28,1897.5
ga,tai30_15_01,30x15,V2H,29,1889.0
ga,tai30_15_01,30x15,V2H,30,1891.0
ga,tai30_15_01,30x15,V2,1,1894.5
ga,tai30_15_01,30x15,V2,2,1900.5
ga,tai30_15_01,30x15,V2,3,1880.0
ga,tai30_15_01,30x15,V2,4,1874.0
ga,tai30_15_01,30x15,V2,5,1893.5
ga,tai30_15_01,30x15,V2,6,1907.0
ga,tai30_15_01,30x15,V2,7,1879.0
ga,tai30_15_01,30x15,V2,8,1881.0
ga,tai30_15_01,30x15,V2,9,1893.5
ga,tai30_15_01,30x15,V2,10,1911.5
ga,tai30_15_01,30x15,V2,11,1856.0
ga,tai30_15_01,30x15,V2,12,1896.5
ga,tai30_15_01,30x15,V2,13,1898.0
ga,tai30_15_01,30x15,V2,14,1888.0
ga,tai30_15_01,30x15,V2,15,1893.0
ga,tai30_15_01,30x15,V2,16,1896.5
ga,tai30_15_01,30x15,V2,17,1890.0
ga,tai30_15_01,30x15,V2,18,1887.0
ga,tai30_15_01,30x15,V2,19,1871.5
ga,tai30_15_01,30x15,V2,20,1883.5
ga,tai30_15_01,30x15,V2,21,1898.0
ga,tai30_15_01,30x15,V2,22,1883.0
ga,tai30_15_01,30x15,V2,23,1897.0
ga,tai30_15_01,30x15,V2,24,1922.0
ga,tai30_15_01,30x15,V2,25,1894.5
ga,tai30_15_01,30x15,V2,26,1902.0
ga,tai30_15_01,30x15,V2,27,1878.0
ga,tai30_15_01,30x15,V2,28,1917.0
ga,tai30_15_01,30x15,V2,29,1917.5
ga,tai30_15_01,30x15,V2,30,1876.5
ga,tai30_15_01,30x15,MOR,1,1929.0
ga,tai30_15_01,30x15,MOR,2,1918.5
ga,tai30_15_01,30x15,MOR,3,1934.5
ga,tai30_15_01,30x15,MOR,4,1974.5
ga,tai30_15_01,30x15,MOR,5,1944.0
ga,tai30_15_01,30x15,MOR,6,1916.5
ga,tai30_15_01,30x15,MOR,7,1948.0
ga,tai30_15_01,30x15,MOR,8,1970.0
ga,tai30_15_01,30x15,MOR,9,1934.0
ga,tai30_15_01,30x15,MOR,10,1953.5
ga,tai30_15_01,30x15,MOR,11,1955.5
ga,tai30_15_01,30x15,MOR,12,1945.0
ga,tai30_15_01,30x15,MOR,13,1898.5
ga,tai30_15_01,30x15,MOR,14,1928.5
ga,tai30_15_01,30x15,MOR,15,1964.0
ga,tai30_15_01,30x15,MOR,16,1899.0
ga,tai30_15_01,30x15,MOR,17,1911.0
ga,tai30_15_01,30x15,MOR,18,1918.5
ga,tai30_15_01,30x15,MOR,19,1891.5
ga,tai30_15_01,30x15,MOR,20,1903.5
ga,tai30_15_01,30x15,MOR,21,1930.0
ga,tai30_15_01,30x15,MOR,22,1926.0
ga,tai30_15_01,30x15,MOR,23,1946.5
ga,tai30_15_01,30x15,MOR,24,1927.0
ga,tai30_15_01,30x15,MOR,25,1949.0
ga,tai30_15_01,30x15,MOR,26,1939.0
ga,tai30_15_01,30x15,MOR,27,1944.0
ga,tai30_15_01,30x15,MOR,28,1950.5
ga,tai30_15_01,30x15,MOR,29,1907.5
ga,tai30_15_01,30x15,MOR,30,1938.0
ga,tai30_15_01,30x15,GT,1,1905.5
ga,tai30_15_01,30x15,GT,2,1887.5
ga,tai30_15_01,30x15,GT,3,1897.0
ga,tai30_15_01,30x15,GT,4,1877.5
ga,tai30_15_01,30x15,GT,5,1856.5
ga,tai30_15_01,30x15,GT,6,1900.5
ga,tai30_15_01,30x15,GT,7,1895.5
ga,tai30_15_01,30x15,GT,8,1878.0
ga,tai30_15_01,30x15,GT,9,1892.5
ga,tai30_15_01,30x15,GT,10,1884.0
ga,tai30_15_01,30x15,GT,11,1868.0
ga,tai30_15_01,30x15,GT,12,1894.0
ga,tai30_15_01,30x15,GT,13,1886.5
ga,tai30_15_01,30x15,GT,14,1890.5
ga,tai30_15_01,30x15,GT,15,1916.5
ga,tai30_15_01,30x15,GT,16,1867.5
ga,tai30_15_01,30x15,GT,17,1869.0
ga,tai30_15_01,30x15,GT,18,1887.5
ga,tai30_15_01,30x15,GT,19,1890.0
ga,tai30_15_01,30x15,GT,20,1864.0
ga,tai30_15_01,30x15,GT,21,1865.5
ga,tai30_15_01,30x15,GT,22,1902.0
ga,tai30_15_01,30x15,GT,23,1908.5
ga,tai30_15_01,30x15,GT,24,1891.5
ga,tai30_15_01,30x15,GT,25,1905.5
ga,tai30_15_01,30x15,GT,26,1895.0
ga,tai30_15_01,30x15,GT,27,1872.0
ga,tai30_15_01,30x15,GT,28,1910.0
ga,tai30_15_01,30x15,GT,29,1863.0
ga,tai30_15_01,30x15,GT,30,1885.0
ga,tai30_15_01,30x15,GP,1,1886.5
ga,tai30_15_01,30x15,GP,2,1878.5
ga,tai30_15_01,30x15,GP,3,1866.0
ga,tai30_15_01,30x15,GP,4,1862.0
ga,tai30_15_01,30x15,GP,5,1869.5
ga,tai30_15_01,30x15,GP,6,1883.5
ga,tai30_15_01,30x15,GP,7,1862.0
ga,tai30_15_01,30x15,GP,8,1879.0
ga,tai30_15_01,30x15,GP,9,1895.0
ga,tai30_15_01,30x15,GP,10,1902.5
ga,tai30_15_01,30x15,GP,11,1890.0
ga,tai30_15_01,30x15,GP,12,1894.5
ga,tai30_15_01,30x15,GP,13,1883.0
ga,tai30_15_01,30x15,GP,14,1872.0
ga,tai30_15_01,30x15,GP,15,1889.0
ga,tai30_15_01,30x15,GP,16,1877.0
ga,tai30_15_01,30x15,GP,17,1880.0
ga,tai30_15_01,30x15,GP,18,1877.5
ga,tai30_15_01,30x15,GP,19,1880.0
ga,tai30_15_01,30x15,GP,20,1896.5
ga,tai30_15_01,30x15,GP,21,1885.5
ga,tai30_15_01,30x15,GP,22,1875.5
ga,tai30_15_01,30x15,GP,23,1886.5
ga,tai30_15_01,30x15,GP,24,1895.5
ga,tai30_15_01,30x15,GP,25,1892.0
ga,tai30_15_01,30x15,GP,26,1886.5
ga,tai30_15_01,30x15,GP,27,1867.5
ga,tai30_15_01,30x15,GP,28,1879.5
ga,tai30_15_01,30x15,GP,29,1857.5
ga,tai30_15_01,30x15,GP,30,1882.5
ga,tai30_15_01,30x15,MIX,1,1897.0
ga,tai30_15_01,30x15,MIX,2,1893.0
ga,tai30_15_01,30x15,MIX,3,1865.5
ga,tai30_15_01,30x15,MIX,4,1887.0
ga,tai30_15_01,30x15,MIX,5,1907.0
ga,tai30_15_01,30x15,MIX,6,1875.0
ga,tai30_15_01,30x15,MIX,7,1900.0
ga,tai30_15_01,30x15,MIX,8,1864.0
ga,tai30_15_01,30x15,MIX,9,1891.0
ga,tai30_15_01,30x15,MIX,10,1878.0
ga,tai30_15_01,30x15,MIX,11,1861.0
ga,tai30_15_01,30x15,MIX,12,1911.0
ga,tai30_15_01,30x15,MIX,13,1902.0
ga,tai30_15_01,30x15,MIX,14,1898.0
ga,tai30_15_01,30x15,MIX,15,1899.0
ga,tai30_15_01,30x15,MIX,16,1901.0
ga,tai30_15_01,30x15,MIX,17,1891.5
ga,tai30_15_01,30x15,MIX,18,1853.0
ga,tai30_15_01,30x15,MIX,19,1863.0
ga,tai30_15_01,30x15,MIX,20,1887.5
ga,tai30_15_01,30x15,MIX,21,1879.0
ga,tai30_15_01,30x15,MIX,22,1869.0
ga,tai30_15_01,30x15,MIX,23,1885.5
ga,tai30_15_01,30x15,MIX,24,1892.5
ga,tai30_15_01,30x15,MIX,25,1885.5
ga,tai30_15_01,30x15,MIX,26,1895.5
ga,tai30_15_01,30x15,MIX,27,1893.5
ga,tai30_15_01,30x15,MIX,28,1874.5
ga,tai30_15_01,30x15,MIX,29,1881.5
ga,tai30_15_01,30x15,MIX,30,1851.0
ga,tai30_15_02,30x15,A0,1,1972.0
ga,tai30_15_02,30x15,A0,2,1965.0
ga,tai30_15_02,30x15,A0,3,1948.5
ga,tai30_15_02,30x15,A0,4,1943.0
ga,tai30_15_02,30x15,A0,5,1970.5
ga,tai30_15_02,30x15,A0,6,1972.0
ga,tai30_15_02,30x15,A0,7,1957.0
ga,tai30_15_02,30x15,A0,8,1940.0
ga,tai30_15_02,30x15,A0,9,1965.0
ga,tai30_15_02,30x15,A0,10,1961.0
ga,tai30_15_02,30x15,A0,11,1922.0
ga,tai30_15_02,30x15,A0,12,1956.5
ga,tai30_15_02,30x15,A0,13,1972.0
ga,tai30_15_02,30x15,A0,14,1967.0
ga,tai30_15_02,30x15,A0,15,1965.0
ga,tai30_15_02,30x15,A0,16,1972.5
ga,tai30_15_02,30x15,A0,17,1963.5
ga,tai30_15_02,30x15,A0,18,1960.0
ga,tai30_15_02,30x15,A0,19,1976.5
ga,tai30_15_02,30x15,A0,20,1988.0
ga,tai30_15_02,30x15,A0,21,1953.0
ga,tai30_15_02,30x15,A0,22,1956.0
ga,tai30_15_02,30x15,A0,23,1948.0
ga,tai30_15_02,30x15,A0,24,1945.0
ga,tai30_15_02,30x15,A0,25,1946.0
ga,tai30_15_02,30x15,A0,26,1964.5
ga,tai30_15_02,30x15,A0,27,1943.0
ga,tai30_15_02,30x15,A0,28,1959.5
ga,tai30_15_02,30x15,A0,29,1953.0
ga,tai30_15_02,30x15,A0,30,1958.0
ga,tai30_15_02,30x15,V2H,1,1947.5
ga,tai30_15_02,30x15,V2H,2,1960.5
ga,tai30_15_02,30x15,V2H,3,1931.0
ga,tai30_15_02,30x15,V2H,4,1922.5
ga,tai30_15_02,30x15,V2H,5,1962.5
ga,tai30_15_02,30x15,V2H,6,1966.5
ga,tai30_15_02,30x15,V2H,7,1937.0
ga,tai30_15_02,30x15,V2H,8,1966.0
ga,tai30_15_02,30x15,V2H,9,1946.0
ga,tai30_15_02,30x15,V2H,10,1962.5
ga,tai30_15_02,30x15,V2H,11,1953.0
ga,tai30_15_02,30x15,V2H,12,1960.0
ga,tai30_15_02,30x15,V2H,13,1986.5
ga,tai30_15_02,30x15,V2H,14,1937.0
ga,tai30_15_02,30x15,V2H,15,1980.5
ga,tai30_15_02,30x15,V2H,16,1950.5
ga,tai30_15_02,30x15,V2H,17,1955.0
ga,tai30_15_02,30x15,V2H,18,1963.0
ga,tai30_15_02,30x15,V2H,19,1983.5
ga,tai30_15_02,30x15,V2H,20,1949.0
ga,tai30_15_02,30x15,V2H,21,1958.5
ga,tai30_15_02,30x15,V2H,22,1921.5
ga,tai30_15_02,30x15,V2H,23,1931.5
ga,tai30_15_02,30x15,V2H,24,1941.5
ga,tai30_15_02,30x15,V2H,25,1949.5
ga,tai30_15_02,30x15,V2H,26,1948.0
ga,tai30_15_02,30x15,V2H,27,1917.0
ga,tai30_15_02,30x15,V2H,28,1941.5
ga,tai30_15_02,30x15,V2H,29,1962.5
ga,tai30_15_02,30x15,V2H,30,1927.0
ga,tai30_15_02,30x15,V2,1,1961.0
ga,tai30_15_02,30x15,V2,2,1975.0
ga,tai30_15_02,30x15,V2,3,1972.5
ga,tai30_15_02,30x15,V2,4,1951.5
ga,tai30_15_02,30x15,V2,5,1966.0
ga,tai30_15_02,30x15,V2,6,1930.5
ga,tai30_15_02,30x15,V2,7,1976.5
ga,tai30_15_02,30x15,V2,8,1934.0
ga,tai30_15_02,30x15,V2,9,1977.0
ga,tai30_15_02,30x15,V2,10,1944.0
ga,tai30_15_02,30x15,V2,11,1985.0
ga,tai30_15_02,30x15,V2,12,1944.0
ga,tai30_15_02,30x15,V2,13,1939.5
ga,tai30_15_02,30x15,V2,14,1976.0
ga,tai30_15_02,30x15,V2,15,1948.0
ga,tai30_15_02,30x15,V2,16,1935.5
ga,tai30_15_02,30x15,V2,17,1946.0
ga,tai30_15_02,30x15,V2,18,1946.5
ga,tai30_15_02,30x15,V2,19,1966.0
ga,tai30_15_02,30x15,V2,20,1953.5
ga,tai30_15_02,30x15,V2,21,1962.0
ga,tai30_15_02,30x15,V2,22,1942.0
ga,tai30_15_02,30x15,V2,23,1978.5
ga,tai30_15_02,30x15,V2,24,1939.0
ga,tai30_15_02,30x15,V2,25,1958.5
ga,tai30_15_02,30x15,V2,26,1951.0
ga,tai30_15_02,30x15,V2,27,2004.0
ga,tai30_15_02,30x15,V2,28,1929.0
ga,tai30_15_02,30x15,V2,29,1968.5
ga,tai30_15_02,30x15,V2,30,1943.0
ga,tai30_15_02,30x15,MOR,1,2019.0
ga,tai30_15_02,30x15,MOR,2,1990.0
ga,tai30_15_02,30x15,MOR,3,2014.0
ga,tai30_15_02,30x15,MOR,4,1987.0
ga,tai30_15_02,30x15,MOR,5,1988.0
ga,tai30_15_02,30x15,MOR,6,1977.0
ga,tai30_15_02,30x15,MOR,7,2014.0
ga,tai30_15_02,30x15,MOR,8,2004.5
ga,tai30_15_02,30x15,MOR,9,2011.5
ga,tai30_15_02,30x15,MOR,10,1975.0
ga,tai30_15_02,30x15,MOR,11,2016.0
ga,tai30_15_02,30x15,MOR,12,1998.0
ga,tai30_15_02,30x15,MOR,13,2004.0
ga,tai30_15_02,30x15,MOR,14,1992.5
ga,tai30_15_02,30x15,MOR,15,1994.0
ga,tai30_15_02,30x15,MOR,16,1998.0
ga,tai30_15_02,30x15,MOR,17,2000.5
ga,tai30_15_02,30x15,MOR,18,2006.5
ga,tai30_15_02,30x15,MOR,19,2004.0
ga,tai30_15_02,30x15,MOR,20,1989.5
ga,tai30_15_02,30x15,MOR,21,2000.0
ga,tai30_15_02,30x15,MOR,22,1988.0
ga,tai30_15_02,30x15,MOR,23,1982.0
ga,tai30_15_02,30x15,MOR,24,2004.0
ga,tai30_15_02,30x15,MOR,25,2012.0
ga,tai30_15_02,30x15,MOR,26,2022.0
ga,tai30_15_02,30x15,MOR,27,2010.0
ga,tai30_15_02,30x15,MOR,28,1993.0
ga,tai30_15_02,30x15,MOR,29,2006.0
ga,tai30_15_02,30x15,MOR,30,2003.5
ga,tai30_15_02,30x15,GT,1,1988.5
ga,tai30_15_02,30x15,GT,2,1995.0
ga,tai30_15_02,30x15,GT,3,1985.5
ga,tai30_15_02,30x15,GT,4,1983.5
ga,tai30_15_02,30x15,GT,5,1994.5
ga,tai30_15_02,30x15,GT,6,1989.0
ga,tai30_15_02,30x15,GT,7,1983.5
ga,tai30_15_02,30x15,GT,8,2001.0
ga,tai30_15_02,30x15,GT,9,2011.5
ga,tai30_15_02,30x15,GT,10,1997.5
ga,tai30_15_02,30x15,GT,11,1991.0
ga,tai30_15_02,30x15,GT,12,1985.5
ga,tai30_15_02,30x15,GT,13,1981.5
ga,tai30_15_02,30x15,GT,14,1981.0
ga,tai30_15_02,30x15,GT,15,1992.0
ga,tai30_15_02,30x15,GT,16,1991.0
ga,tai30_15_02,30x15,GT,17,1989.5
ga,tai30_15_02,30x15,GT,18,1994.5
ga,tai30_15_02,30x15,GT,19,1992.0
ga,tai30_15_02,30x15,GT,20,1978.0
ga,tai30_15_02,30x15,GT,21,1984.0
ga,tai30_15_02,30x15,GT,22,1984.5
ga,tai30_15_02,30x15,GT,23,1998.5
ga,tai30_15_02,30x15,GT,24,1986.0
ga,tai30_15_02,30x15,GT,25,1992.5
ga,tai30_15_02,30x15,GT,26,1987.5
ga,tai30_15_02,30x15,GT,27,1994.0
ga,tai30_15_02,30x15,GT,28,1986.5
ga,tai30_15_02,30x15,GT,29,1974.0
ga,tai30_15_02,30x15,GT,30,2001.0
ga,tai30_15_02,30x15,GP,1,1991.5
ga,tai30_15_02,30x15,GP,2,1957.5
ga,tai30_15_02,30x15,GP,3,2003.5
ga,tai30_15_02,30x15,GP,4,1994.0
ga,tai30_15_02,30x15,GP,5,1986.5
ga,tai30_15_02,30x15,GP,6,1967.5
ga,tai30_15_02,30x15,GP,7,1991.5
ga,tai30_15_02,30x15,GP,8,1986.5
ga,tai30_15_02,30x15,GP,9,1973.5
ga,tai30_15_02,30x15,GP,10,1987.5
ga,tai30_15_02,30x15,GP,11,1965.5
ga,tai30_15_02,30x15,GP,12,1991.0
ga,tai30_15_02,30x15,GP,13,1991.0
ga,tai30_15_02,30x15,GP,14,1992.5
ga,tai30_15_02,30x15,GP,15,1968.5
ga,tai30_15_02,30x15,GP,16,1989.5
ga,tai30_15_02,30x15,GP,17,1980.0
ga,tai30_15_02,30x15,GP,18,1998.5
ga,tai30_15_02,30x15,GP,19,1997.5
ga,tai30_15_02,30x15,GP,20,1976.0
ga,tai30_15_02,30x15,GP,21,1993.5
ga,tai30_15_02,30x15,GP,22,1971.0
ga,tai30_15_02,30x15,GP,23,1960.0
ga,tai30_15_02,30x15,GP,24,1986.5
ga,tai30_15_02,30x15,GP,25,1986.0
ga,tai30_15_02,30x15,GP,26,1985.5
ga,tai30_15_02,30x15,GP,27,1979.5
ga,tai30_15_02,30x15,GP,28,1977.5
ga,tai30_15_02,30x15,GP,29,1981.0
ga,tai30_15_02,30x15,GP,30,1989.5
ga,tai30_15_02,30x15,MIX,1,1962.5
ga,tai30_15_02,30x15,MIX,2,1988.0
ga,tai30_15_02,30x15,MIX,3,1976.0
ga,tai30_15_02,30x15,MIX,4,1947.5
ga,tai30_15_02,30x15,MIX,5,1968.5
ga,tai30_15_02,30x15,MIX,6,1975.5
ga,tai30_15_02,30x15,MIX,7,1976.0
ga,tai30_15_02,30x15,MIX,8,1926.0
ga,tai30_15_02,30x15,MIX,9,1967.0
ga,tai30_15_02,30x15,MIX,10,1979.0
ga,tai30_15_02,30x15,MIX,11,1961.0
ga,tai30_15_02,30x15,MIX,12,1948.0
ga,tai30_15_02,30x15,MIX,13,1978.0
ga,tai30_15_02,30x15,MIX,14,1966.0
ga,tai30_15_02,30x15,MIX,15,1955.0
ga,tai30_15_02,30x15,MIX,16,1965.0
ga,tai30_15_02,30x15,MIX,17,1950.5
ga,tai30_15_02,30x15,MIX,18,1964.0
ga,tai30_15_02,30x15,MIX,19,1952.0
ga,tai30_15_02,30x15,MIX,20,1963.5
ga,tai30_15_02,30x15,MIX,21,1981.0
ga,tai30_15_02,30x15,MIX,22,1949.0
ga,tai30_15_02,30x15,MIX,23,1954.0
ga,tai30_15_02,30x15,MIX,24,1981.0
ga,tai30_15_02,30x15,MIX,25,1966.5
ga,tai30_15_02,30x15,MIX,26,1986.5
ga,tai30_15_02,30x15,MIX,27,1967.5
ga,tai30_15_02,30x15,MIX,28,1975.0
ga,tai30_15_02,30x15,MIX,29,1949.0
ga,tai30_15_02,30x15,MIX,30,1967.5
ga,tai30_15_03,30x15,A0,1,1938.5
ga,tai30_15_03,30x15,A0,2,1943.0
ga,tai30_15_03,30x15,A0,3,1949.5
ga,tai30_15_03,30x15,A0,4,1938.5
ga,tai30_15_03,30x15,A0,5,1981.0
ga,tai30_15_03,30x15,A0,6,1943.5
ga,tai30_15_03,30x15,A0,7,1949.0
ga,tai30_15_03,30x15,A0,8,1962.0
ga,tai30_15_03,30x15,A0,9,1946.0
ga,tai30_15_03,30x15,A0,10,1961.5
ga,tai30_15_03,30x15,A0,11,1954.5
ga,tai30_15_03,30x15,A0,12,1938.5
ga,tai30_15_03,30x15,A0,13,1952.0
ga,tai30_15_03,30x15,A0,14,1973.0
ga,tai30_15_03,30x15,A0,15,1973.0
ga,tai30_15_03,30x15,A0,16,1977.0
ga,tai30_15_03,30x15,A0,17,1980.5
ga,tai30_15_03,30x15,A0,18,1963.0
ga,tai30_15_03,30x15,A0,19,1934.0
ga,tai30_15_03,30x15,A0,20,1977.5
ga,tai30_15_03,30x15,A0,21,1956.0
ga,tai30_15_03,30x15,A0,22,1981.0
ga,tai30_15_03,30x15,A0,23,1960.0
ga,tai30_15_03,30x15,A0,24,1982.5
ga,tai30_15_03,30x15,A0,25,1981.0
ga,tai30_15_03,30x15,A0,26,1946.0
ga,tai30_15_03,30x15,A0,27,1981.0
ga,tai30_15_03,30x15,A0,28,1937.0
ga,tai30_15_03,30x15,A0,29,1963.5
ga,tai30_15_03,30x15,A0,30,1984.5
ga,tai30_15_03,30x15,V2H,1,1947.0
ga,tai30_15_03,30x15,V2H,2,1940.5
ga,tai30_15_03,30x15,V2H,3,1938.5
ga,tai30_15_03,30x15,V2H,4,1927.5
ga,tai30_15_03,30x15,V2H,5,1973.0
ga,tai30_15_03,30x15,V2H,6,1943.0
ga,tai30_15_03,30x15,V2H,7,1940.5
ga,tai30_15_03,30x15,V2H,8,1934.0
ga,tai30_15_03,30x15,V2H,9,1953.0
ga,tai30_15_03,30x15,V2H,10,1978.0
ga,tai30_15_03,30x15,V2H,11,1937.0
ga,tai30_15_03,30x15,V2H,12,1938.0
ga,tai30_15_03,30x15,V2H,13,1951.0
ga,tai30_15_03,30x15,V2H,14,1923.0
ga,tai30_15_03,30x15,V2H,15,1945.0
ga,tai30_15_03,30x15,V2H,16,1950.5
ga,tai30_15_03,30x15,V2H,17,1914.5
ga,tai30_15_03,30x15,V2H,18,1971.0
ga,tai30_15_03,30x15,V2H,19,1935.0
ga,tai30_15_03,30x15,V2H,20,1927.0
ga,tai30_15_03,30x15,V2H,21,1948.5
ga,tai30_15_03,30x15,V2H,22,1931.0
ga,tai30_15_03,30x15,V2H,23,1954.0
ga,tai30_15_03,30x15,V2H,24,1928.5
ga,tai30_15_03,30x15,V2H,25,1958.0
ga,tai30_15_03,30x15,V2H,26,1979.0
ga,tai30_15_03,30x15,V2H,27,1935.0
ga,tai30_15_03,30x15,V2H,28,1939.5
ga,tai30_15_03,30x15,V2H,29,1954.5
ga,tai30_15_03,30x15,V2H,30,1974.0
ga,tai30_15_03,30x15,V2,1,1928.0
ga,tai30_15_03,30x15,V2,2,1931.0
ga,tai30_15_03,30x15,V2,3,1970.0
ga,tai30_15_03,30x15,V2,4,1929.0
ga,tai30_15_03,30x15,V2,5,1978.0
ga,tai30_15_03,30x15,V2,6,1965.5
ga,tai30_15_03,30x15,V2,7,1938.5
ga,tai30_15_03,30x15,V2,8,1930.5
ga,tai30_15_03,30x15,V2,9,1911.5
ga,tai30_15_03,30x15,V2,10,1935.5
ga,tai30_15_03,30x15,V2,11,1980.0
ga,tai30_15_03,30x15,V2,12,1975.5
ga,tai30_15_03,30x15,V2,13,1945.0
ga,tai30_15_03,30x15,V2,14,1970.5
ga,tai30_15_03,30x15,V2,15,1975.5
ga,tai30_15_03,30x15,V2,16,1923.5
ga,tai30_15_03,30x15,V2,17,1956.5
ga,tai30_15_03,30x15,V2,18,1958.5
ga,tai30_15_03,30x15,V2,19,1951.5
ga,tai30_15_03,30x15,V2,20,1931.0
ga,tai30_15_03,30x15,V2,21,1945.0
ga,tai30_15_03,30x15,V2,22,1945.5
ga,tai30_15_03,30x15,V2,23,1939.5
ga,tai30_15_03,30x15,V2,24,1924.0
ga,tai30_15_03,30x15,V2,25,1933.5
ga,tai30_15_03,30x15,V2,26,1977.0
ga,tai30_15_03,30x15,V2,27,1965.0
ga,tai30_15_03,30x15,V2,28,1928.5
ga,tai30_15_03,30x15,V2,29,1965.5
ga,tai30_15_03,30x15,V2,30,1943.5
ga,tai30_15_03,30x15,MOR,1,2012.5
ga,tai30_15_03,30x15,MOR,2,1987.5
ga,tai30_15_03,30x15,MOR,3,1999.5
ga,tai30_15_03,30x15,MOR,4,2041.0
ga,tai30_15_03,30x15,MOR,5,2000.0
ga,tai30_15_03,30x15,MOR,6,2006.5
ga,tai30_15_03,30x15,MOR,7,2009.0
ga,tai30_15_03,30x15,MOR,8,1971.0
ga,tai30_15_03,30x15,MOR,9,1997.5
ga,tai30_15_03,30x15,MOR,10,2037.5
ga,tai30_15_03,30x15,MOR,11,2014.0
ga,tai30_15_03,30x15,MOR,12,2021.5
ga,tai30_15_03,30x15,MOR,13,2000.5
ga,tai30_15_03,30x15,MOR,14,2041.0
ga,tai30_15_03,30x15,MOR,15,2015.0
ga,tai30_15_03,30x15,MOR,16,2033.0
ga,tai30_15_03,30x15,MOR,17,2006.0
ga,tai30_15_03,30x15,MOR,18,2016.5
ga,tai30_15_03,30x15,MOR,19,2028.5
ga,tai30_15_03,30x15,MOR,20,1999.5
ga,tai30_15_03,30x15,MOR,21,2006.5
ga,tai30_15_03,30x15,MOR,22,2022.5
ga,tai30_15_03,30x15,MOR,23,1984.5
ga,tai30_15_03,30x15,MOR,24,2020.5
ga,tai30_15_03,30x15,MOR,25,1982.5
ga,tai30_15_03,30x15,MOR,26,2002.0
ga,tai30_15_03,30x15,MOR,27,2035.0
ga,tai30_15_03,30x15,MOR,28,2030.5
ga,tai30_15_03,30x15,MOR,29,1995.0
ga,tai30_15_03,30x15,MOR,30,2039.5
ga,tai30_15_03,30x15,GT,1,2075.5
ga,tai30_15_03,30x15,GT,2,2035.5
ga,tai30_15_03,30x15,GT,3,2098.5
ga,tai30_15_03,30x15,GT,4,2046.5
ga,tai30_15_03,30x15,GT,5,2045.5
ga,tai30_15_03,30x15,GT,6,2040.0
ga,tai30_15_03,30x15,GT,7,2029.5
ga,tai30_15_03,30x15,GT,8,2063.5
ga,tai30_15_03,30x15,GT,9,2039.0
ga,tai30_15_03,30x15,GT,10,2024.5
ga,tai30_15_03,30x15,GT,11,2028.0
ga,tai30_15_03,30x15,GT,12,2053.5
ga,tai30_15_03,30x15,GT,13,2091.0
ga,tai30_15_03,30x15,GT,14,2030.0
ga,tai30_15_03,30x15,GT,15,2061.0
ga,tai30_15_03,30x15,GT,16,2077.0
ga,tai30_15_03,30x15,GT,17,2033.5
ga,tai30_15_03,30x15,GT,18,2048.0
ga,tai30_15_03,30x15,GT,19,2058.0
ga,tai30_15_03,30x15,GT,20,2039.0
ga,tai30_15_03,30x15,GT,21,2081.0
ga,tai30_15_03,30x15,GT,22,2059.0
ga,tai30_15_03,30x15,GT,23,2044.5
ga,tai30_15_03,30x15,GT,24,2036.5
ga,tai30_15_03,30x15,GT,25,2053.0
ga,tai30_15_03,30x15,GT,26,2037.0
ga,tai30_15_03,30x15,GT,27,2063.5
ga,tai30_15_03,30x15,GT,28,2061.0
ga,tai30_15_03,30x15,GT,29,2052.0
ga,tai30_15_03,30x15,GT,30,2039.0
ga,tai30_15_03,30x15,GP,1,2007.5
ga,tai30_15_03,30x15,GP,2,2009.0
ga,tai30_15_03,30x15,GP,3,1995.5
ga,tai30_15_03,30x15,GP,4,2009.0
ga,tai30_15_03,30x15,GP,5,1973.5
ga,tai30_15_03,30x15,GP,6,2010.0
ga,tai30_15_03,30x15,GP,7,2008.0
ga,tai30_15_03,30x15,GP,8,1988.5
ga,tai30_15_03,30x15,GP,9,2004.0
ga,tai30_15_03,30x15,GP,10,2009.0
ga,tai30_15_03,30x15,GP,11,1996.0
ga,tai30_15_03,30x15,GP,12,2000.5
ga,tai30_15_03,30x15,GP,13,2020.0
ga,tai30_15_03,30x15,GP,14,2007.5
ga,tai30_15_03,30x15,GP,15,2001.0
ga,tai30_15_03,30x15,GP,16,2036.5
ga,tai30_15_03,30x15,GP,17,1990.5
ga,tai30_15_03,30x15,GP,18,2007.0
ga,tai30_15_03,30x15,GP,19,1990.5
ga,tai30_15_03,30x15,GP,20,1998.5
ga,tai30_15_03,30x15,GP,21,2024.5
ga,tai30_15_03,30x15,GP,22,2005.5
ga,tai30_15_03,30x15,GP,23,1982.5
ga,tai30_15_03,30x15,GP,24,2026.5
ga,tai30_15_03,30x15,GP,25,1988.0
ga,tai30_15_03,30x15,GP,26,1969.0
ga,tai30_15_03,30x15,GP,27,2006.5
ga,tai30_15_03,30x15,GP,28,2010.0
ga,tai30_15_03,30x15,GP,29,1995.0
ga,tai30_15_03,30x15,GP,30,1998.5
ga,tai30_15_03,30x15,MIX,1,1976.0
ga,tai30_15_03,30x15,MIX,2,1966.0
ga,tai30_15_03,30x15,MIX,3,1971.0
ga,tai30_15_03,30x15,MIX,4,1950.0
ga,tai30_15_03,30x15,MIX,5,1939.0
ga,tai30_15_03,30x15,MIX,6,1965.5
ga,tai30_15_03,30x15,MIX,7,1975.0
ga,tai30_15_03,30x15,MIX,8,1958.0
ga,tai30_15_03,30x15,MIX,9,1944.0
ga,tai30_15_03,30x15,MIX,10,1975.0
ga,tai30_15_03,30x15,MIX,11,1950.0
ga,tai30_15_03,30x15,MIX,12,1956.0
ga,tai30_15_03,30x15,MIX,13,1938.5
ga,tai30_15_03,30x15,MIX,14,1956.0
ga,tai30_15_03,30x15,MIX,15,1959.0
ga,tai30_15_03,30x15,MIX,16,1947.0
ga,tai30_15_03,30x15,MIX,17,1960.5
ga,tai30_15_03,30x15,MIX,18,1989.5
ga,tai30_15_03,30x15,MIX,19,1925.0
ga,tai30_15_03,30x15,MIX,20,1955.0
ga,tai30_15_03,30x15,MIX,21,1953.5
ga,tai30_15_03,30x15,MIX,22,1962.0
ga,tai30_15_03,30x15,MIX,23,1962.0
ga,tai30_15_03,30x15,MIX,24,1951.5
ga,tai30_15_03,30x15,MIX,25,1961.0
ga,tai30_15_03,30x15,MIX,26,1954.0
ga,tai30_15_03,30x15,MIX,27,1965.5
ga,tai30_15_03,30x15,MIX,28,1979.5
ga,tai30_15_03,30x15,MIX,29,1967.5
ga,tai30_15_03,30x15,MIX,30,1976.0
ga,tai30_15_04,30x15,A0,1,1940.5
ga,tai30_15_04,30x15,A0,2,1943.0
ga,tai30_15_04,30x15,A0,3,1925.0
ga,tai30_15_04,30x15,A0,4,1949.0
ga,tai30_15_04,30x15,A0,5,1956.0
ga,tai30_15_04,30x15,A0,6,1947.5
ga,tai30_15_04,30x15,A0,7,1949.0
ga,tai30_15_04,30x15,A0,8,1950.5
ga,tai30_15_04,30x15,A0,9,1943.5
ga,tai30_15_04,30x15,A0,10,1925.5
ga,tai30_15_04,30x15,A0,11,1953.0
ga,tai30_15_04,30x15,A0,12,1940.5
ga,tai30_15_04,30x15,A0,13,1943.0
ga,tai30_15_04,30x15,A0,14,1943.0
ga,tai30_15_04,30x15,A0,15,1986.0
ga,tai30_15_04,30x15,A0,16,1955.5
ga,tai30_15_04,30x15,A0,17,1941.5
ga,tai30_15_04,30x15,A0,18,1952.5
ga,tai30_15_04,30x15,A0,19,1945.0
ga,tai30_15_04,30x15,A0,20,1950.5
ga,tai30_15_04,30x15,A0,21,1964.0
ga,tai30_15_04,30x15,A0,22,1954.5
ga,tai30_15_04,30x15,A0,23,1951.5
ga,tai30_15_04,30x15,A0,24,1949.0
ga,tai30_15_04,30x15,A0,25,1947.5
ga,tai30_15_04,30x15,A0,26,1959.0
ga,tai30_15_04,30x15,A0,27,1946.0
ga,tai30_15_04,30x15,A0,28,1963.0
ga,tai30_15_04,30x15,A0,29,1948.0
ga,tai30_15_04,30x15,A0,30,1943.0
ga,tai30_15_04,30x15,V2H,1,1955.5
ga,tai30_15_04,30x15,V2H,2,1986.0
ga,tai30_15_04,30x15,V2H,3,1948.0
ga,tai30_15_04,30x15,V2H,4,1934.0
ga,tai30_15_04,30x15,V2H,5,1961.0
ga,tai30_15_04,30x15,V2H,6,1964.5
ga,tai30_15_04,30x15,V2H,7,1953.5
ga,tai30_15_04,30x15,V2H,8,1964.0
ga,tai30_15_04,30x15,V2H,9,1963.0
ga,tai30_15_04,30x15,V2H,10,1959.0
ga,tai30_15_04,30x15,V2H,11,1964.5
ga,tai30_15_04,30x15,V2H,12,1938.0
ga,tai30_15_04,30x15,V2H,13,1949.5
ga,tai30_15_04,30x15,V2H,14,1952.0
ga,tai30_15_04,30x15,V2H,15,1963.5
ga,tai30_15_04,30x15,V2H,16,1945.5
ga,tai30_15_04,30x15,V2H,17,1991.0
ga,tai30_15_04,30x15,V2H,18,1951.5
ga,tai30_15_04,30x15,V2H,19,1947.0
ga,tai30_15_04,30x15,V2H,20,1964.0
ga,tai30_15_04,30x15,V2H,21,1935.0
ga,tai30_15_04,30x15,V2H,22,1933.5
ga,tai30_15_04,30x15,V2H,23,1955.0
ga,tai30_15_04,30x15,V2H,24,1962.5
ga,tai30_15_04,30x15,V2H,25,1953.0
ga,tai30_15_04,30x15,V2H,26,1963.0
ga,tai30_15_04,30x15,V2H,27,1937.0
ga,tai30_15_04,30x15,V2H,28,1964.5
ga,tai30_15_04,30x15,V2H,29,1949.0
ga,tai30_15_04,30x15,V2H,30,1942.5
ga,tai30_15_04,30x15,V2,1,1956.0
ga,tai30_15_04,30x15,V2,2,1966.5
ga,tai30_15_04,30x15,V2,3,1959.5
ga,tai30_15_04,30x15,V2,4,1972.0
ga,tai30_15_04,30x15,V2,5,1972.5
ga,tai30_15_04,30x15,V2,6,1975.0
ga,tai30_15_04,30x15,V2,7,1961.0
ga,tai30_15_04,30x15,V2,8,1952.0
ga,tai30_15_04,30x15,V2,9,1950.0
ga,tai30_15_04,30x15,V2,10,1971.0
ga,tai30_15_04,30x15,V2,11,1961.5
ga,tai30_15_04,30x15,V2,12,1980.0
ga,tai30_15_04,30x15,V2,13,1961.0
ga,tai30_15_04,30x15,V2,14,1962.0
ga,tai30_15_04,30x15,V2,15,1971.0
ga,tai30_15_04,30x15,V2,16,1949.0
ga,tai30_15_04,30x15,V2,17,1950.0
ga,tai30_15_04,30x15,V2,18,1962.0
ga,tai30_15_04,30x15,V2,19,1994.5
ga,tai30_15_04,30x15,V2,20,1951.0
ga,tai30_15_04,30x15,V2,21,1978.5
ga,tai30_15_04,30x15,V2,22,1957.0
ga,tai30_15_04,30x15,V2,23,1963.0
ga,tai30_15_04,30x15,V2,24,1975.0
ga,tai30_15_04,30x15,V2,25,1960.0
ga,tai30_15_04,30x15,V2,26,1968.0
ga,tai30_15_04,30x15,V2,27,1957.0
ga,tai30_15_04,30x15,V2,28,1974.5
ga,tai30_15_04,30x15,V2,29,1963.0
ga,tai30_15_04,30x15,V2,30,1976.0
ga,tai30_15_04,30x15,MOR,1,1997.5
ga,tai30_15_04,30x15,MOR,2,2008.0
ga,tai30_15_04,30x15,MOR,3,1995.5
ga,tai30_15_04,30x15,MOR,4,1994.0
ga,tai30_15_04,30x15,MOR,5,1983.0
ga,tai30_15_04,30x15,MOR,6,2002.0
ga,tai30_15_04,30x15,MOR,7,1990.5
ga,tai30_15_04,30x15,MOR,8,1974.5
ga,tai30_15_04,30x15,MOR,9,1999.5
ga,tai30_15_04,30x15,MOR,10,2035.0
ga,tai30_15_04,30x15,MOR,11,1986.0
ga,tai30_15_04,30x15,MOR,12,2009.5
ga,tai30_15_04,30x15,MOR,13,2002.0
ga,tai30_15_04,30x15,MOR,14,1999.5
ga,tai30_15_04,30x15,MOR,15,1994.5
ga,tai30_15_04,30x15,MOR,16,1997.5
ga,tai30_15_04,30x15,MOR,17,1989.0
ga,tai30_15_04,30x15,MOR,18,1973.5
ga,tai30_15_04,30x15,MOR,19,1993.0
ga,tai30_15_04,30x15,MOR,20,1994.0
ga,tai30_15_04,30x15,MOR,21,2008.5
ga,tai30_15_04,30x15,MOR,22,1988.5
ga,tai30_15_04,30x15,MOR,23,2009.0
ga,tai30_15_04,30x15,MOR,24,1981.0
ga,tai30_15_04,30x15,MOR,25,1996.0
ga,tai30_15_04,30x15,MOR,26,1988.5
ga,tai30_15_04,30x15,MOR,27,2002.0
ga,tai30_15_04,30x15,MOR,28,1994.0
ga,tai30_15_04,30x15,MOR,29,2013.0
ga,tai30_15_04,30x15,MOR,30,1998.0
ga,tai30_15_04,30x15,GT,1,1967.0
ga,tai30_15_04,30x15,GT,2,1946.5
ga,tai30_15_04,30x15,GT,3,1978.5
ga,tai30_15_04,30x15,GT,4,1946.0
ga,tai30_15_04,30x15,GT,5,1938.0
ga,tai30_15_04,30x15,GT,6,1988.5
ga,tai30_15_04,30x15,GT,7,1976.0
ga,tai30_15_04,30x15,GT,8,1987.0
ga,tai30_15_04,30x15,GT,9,1980.0
ga,tai30_15_04,30x15,GT,10,1963.0
ga,tai30_15_04,30x15,GT,11,1981.0
ga,tai30_15_04,30x15,GT,12,1961.0
ga,tai30_15_04,30x15,GT,13,1978.0
ga,tai30_15_04,30x15,GT,14,1986.5
ga,tai30_15_04,30x15,GT,15,1953.5
ga,tai30_15_04,30x15,GT,16,1979.0
ga,tai30_15_04,30x15,GT,17,1979.0
ga,tai30_15_04,30x15,GT,18,1968.0
ga,tai30_15_04,30x15,GT,19,1995.0
ga,tai30_15_04,30x15,GT,20,1940.0
ga,tai30_15_04,30x15,GT,21,1965.5
ga,tai30_15_04,30x15,GT,22,1948.5
ga,tai30_15_04,30x15,GT,23,1991.0
ga,tai30_15_04,30x15,GT,24,1996.0
ga,tai30_15_04,30x15,GT,25,1956.0
ga,tai30_15_04,30x15,GT,26,1991.5
ga,tai30_15_04,30x15,GT,27,1981.0
ga,tai30_15_04,30x15,GT,28,1982.0
ga,tai30_15_04,30x15,GT,29,1998.0
ga,tai30_15_04,30x15,GT,30,1997.0
ga,tai30_15_04,30x15,GP,1,1964.5
ga,tai30_15_04,30x15,GP,2,1975.5
ga,tai30_15_04,30x15,GP,3,1986.5
ga,tai30_15_04,30x15,GP,4,1964.0
ga,tai30_15_04,30x15,GP,5,1970.5
ga,tai30_15_04,30x15,GP,6,1960.5
ga,tai30_15_04,30x15,GP,7,1964.5
ga,tai30_15_04,30x15,GP,8,1952.0
ga,tai30_15_04,30x15,GP,9,1980.0
ga,tai30_15_04,30x15,GP,10,1970.5
ga,tai30_15_04,30x15,GP,11,1945.5
ga,tai30_15_04,30x15,GP,12,1973.0
ga,tai30_15_04,30x15,GP,13,1973.5
ga,tai30_15_04,30x15,GP,14,1992.5
ga,tai30_15_04,30x15,GP,15,1978.0
ga,tai30_15_04,30x15,GP,16,1981.5
ga,tai30_15_04,30x15,GP,17,1973.0
ga,tai30_15_04,30x15,GP,18,1946.5
ga,tai30_15_04,30x15,GP,19,1952.5
ga,tai30_15_04,30x15,GP,20,1984.0
ga,tai30_15_04,30x15,GP,21,1938.0
ga,tai30_15_04,30x15,GP,22,1963.0
ga,tai30_15_04,30x15,GP,23,1953.5
ga,tai30_15_04,30x15,GP,24,1976.0
ga,tai30_15_04,30x15,GP,25,1981.5
ga,tai30_15_04,30x15,GP,26,1980.0
ga,tai30_15_04,30x15,GP,27,1968.0
ga,tai30_15_04,30x15,GP,28,1987.0
ga,tai30_15_04,30x15,GP,29,1971.5
ga,tai30_15_04,30x15,GP,30,1976.5
ga,tai30_15_04,30x15,MIX,1,1945.5
ga,tai30_15_04,30x15,MIX,2,1973.0
ga,tai30_15_04,30x15,MIX,3,1953.0
ga,tai30_15_04,30x15,MIX,4,1945.0
ga,tai30_15_04,30x15,MIX,5,1977.0
ga,tai30_15_04,30x15,MIX,6,1950.5
ga,tai30_15_04,30x15,MIX,7,1969.0
ga,tai30_15_04,30x15,MIX,8,1981.0
ga,tai30_15_04,30x15,MIX,9,1968.0
ga,tai30_15_04,30x15,MIX,10,1962.0
ga,tai30_15_04,30x15,MIX,11,1975.0
ga,tai30_15_04,30x15,MIX,12,1967.5
ga,tai30_15_04,30x15,MIX,13,1960.0
ga,tai30_15_04,30x15,MIX,14,1951.5
ga,tai30_15_04,30x15,MIX,15,1956.0
ga,tai30_15_04,30x15,MIX,16,1954.0
ga,tai30_15_04,30x15,MIX,17,1957.5
ga,tai30_15_04,30x15,MIX,18,1959.5
ga,tai30_15_04,30x15,MIX,19,1955.0
ga,tai30_15_04,30x15,MIX,20,1945.5
ga,tai30_15_04,30x15,MIX,21,1973.0
ga,tai30_15_04,30x15,MIX,22,1973.0
ga,tai30_15_04,30x15,MIX,23,1979.5
ga,tai30_15_04,30x15,MIX,24,1968.0
ga,tai30_15_04,30x15,MIX,25,1948.0
ga,tai30_15_04,30x15,MIX,26,1951.0
ga,tai30_15_04,30x15,MIX,27,1957.5
ga,tai30_15_04,30x15,MIX,28,1975.0
ga,tai30_15_04,30x15,MIX,29,1977.5
ga,tai30_15_04,30x15,MIX,30,1976.5
ga,tai30_15_05,30x15,A0,1,2049.5
ga,tai30_15_05,30x15,A0,2,2030.0
ga,tai30_15_05,30x15,A0,3,2053.0
ga,tai30_15_05,30x15,A0,4,2046.0
ga,tai30_15_05,30x15,A0,5,2053.0
ga,tai30_15_05,30x15,A0,6,2078.0
ga,tai30_15_05,30x15,A0,7,2061.0
ga,tai30_15_05,30x15,A0,8,2035.5
ga,tai30_15_05,30x15,A0,9,2046.0
ga,tai30_15_05,30x15,A0,10,2066.5
ga,tai30_15_05,30x15,A0,11,2053.0
ga,tai30_15_05,30x15,A0,12,2058.0
ga,tai30_15_05,30x15,A0,13,2051.5
ga,tai30_15_05,30x15,A0,14,2059.0
ga,tai30_15_05,30x15,A0,15,2047.0
ga,tai30_15_05,30x15,A0,16,2034.0
ga,tai30_15_05,30x15,A0,17,2031.5
ga,tai30_15_05,30x15,A0,18,2056.0
ga,tai30_15_05,30x15,A0,19,2046.5
ga,tai30_15_05,30x15,A0,20,2048.0
ga,tai30_15_05,30x15,A0,21,2050.5
ga,tai30_15_05,30x15,A0,22,2055.0
ga,tai30_15_05,30x15,A0,23,2054.5
ga,tai30_15_05,30x15,A0,24,2049.0
ga,tai30_15_05,30x15,A0,25,2058.0
ga,tai30_15_05,30x15,A0,26,2058.0
ga,tai30_15_05,30x15,A0,27,2049.5
ga,tai30_15_05,30x15,A0,28,2051.0
ga,tai30_15_05,30x15,A0,29,2037.5
ga,tai30_15_05,30x15,A0,30,2060.0
ga,tai30_15_05,30x15,V2H,1,2033.0
ga,tai30_15_05,30x15,V2H,2,2099.0
ga,tai30_15_05,30x15,V2H,3,2065.5
ga,tai30_15_05,30x15,V2H,4,2076.0
ga,tai30_15_05,30x15,V2H,5,2073.0
ga,tai30_15_05,30x15,V2H,6,2047.0
ga,tai30_15_05,30x15,V2H,7,2068.0
ga,tai30_15_05,30x15,V2H,8,2033.0
ga,tai30_15_05,30x15,V2H,9,2068.5
ga,tai30_15_05,30x15,V2H,10,2039.0
ga,tai30_15_05,30x15,V2H,11,2055.0
ga,tai30_15_05,30x15,V2H,12,2043.0
ga,tai30_15_05,30x15,V2H,13,2056.5
ga,tai30_15_05,30x15,V2H,14,2027.0
ga,tai30_15_05,30x15,V2H,15,2068.0
ga,tai30_15_05,30x15,V2H,16,2042.0
ga,tai30_15_05,30x15,V2H,17,2068.0
ga,tai30_15_05,30x15,V2H,18,2059.0
ga,tai30_15_05,30x15,V2H,19,2104.5
ga,tai30_15_05,30x15,V2H,20,2048.0
ga,tai30_15_05,30x15,V2H,21,2040.5
ga,tai30_15_05,30x15,V2H,22,2064.0
ga,tai30_15_05,30x15,V2H,23,2061.5
ga,tai30_15_05,30x15,V2H,24,2038.0
ga,tai30_15_05,30x15,V2H,25,2050.5
ga,tai30_15_05,30x15,V2H,26,2033.0
ga,tai30_15_05,30x15,V2H,27,2069.0
ga,tai30_15_05,30x15,V2H,28,2029.0
ga,tai30_15_05,30x15,V2H,29,2057.5
ga,tai30_15_05,30x15,V2H,30,2040.0
ga,tai30_15_05,30x15,V2,1,2065.0
ga,tai30_15_05,30x15,V2,2,2108.5
ga,tai30_15_05,30x15,V2,3,2058.0
ga,tai30_15_05,30x15,V2,4,2064.0
ga,tai30_15_05,30x15,V2,5,2087.5
ga,tai30_15_05,30x15,V2,6,2045.5
ga,tai30_15_05,30x15,V2,7,2081.5
ga,tai30_15_05,30x15,V2,8,2043.0
ga,tai30_15_05,30x15,V2,9,2033.0
ga,tai30_15_05,30x15,V2,10,2036.0
ga,tai30_15_05,30x15,V2,11,2102.5
ga,tai30_15_05,30x15,V2,12,2096.5
ga,tai30_15_05,30x15,V2,13,2033.0
ga,tai30_15_05,30x15,V2,14,2064.5
ga,tai30_15_05,30x15,V2,15,2102.5
ga,tai30_15_05,30x15,V2,16,2067.0
ga,tai30_15_05,30x15,V2,17,2043.5
ga,tai30_15_05,30x15,V2,18,2080.0
ga,tai30_15_05,30x15,V2,19,2079.5
ga,tai30_15_05,30x15,V2,20,2058.0
ga,tai30_15_05,30x15,V2,21,2067.5
ga,tai30_15_05,30x15,V2,22,2076.0
ga,tai30_15_05,30x15,V2,23,2081.0
ga,tai30_15_05,30x15,V2,24,2073.0
ga,tai30_15_05,30x15,V2,25,2060.0
ga,tai30_15_05,30x15,V2,26,2098.0
ga,tai30_15_05,30x15,V2,27,2105.0
ga,tai30_15_05,30x15,V2,28,2094.5
ga,tai30_15_05,30x15,V2,29,2055.0
ga,tai30_15_05,30x15,V2,30,2098.0
ga,tai30_15_05,30x15,MOR,1,2057.0
ga,tai30_15_05,30x15,MOR,2,2059.0
ga,tai30_15_05,30x15,MOR,3,2054.5
ga,tai30_15_05,30x15,MOR,4,2071.0
ga,tai30_15_05,30x15,MOR,5,2069.5
ga,tai30_15_05,30x15,MOR,6,2049.5
ga,tai30_15_05,30x15,MOR,7,2107.0
ga,tai30_15_05,30x15,MOR,8,2071.0
ga,tai30_15_05,30x15,MOR,9,2056.0
ga,tai30_15_05,30x15,MOR,10,2047.0
ga,tai30_15_05,30x15,MOR,11,2061.0
ga,tai30_15_05,30x15,MOR,12,2065.0
ga,tai30_15_05,30x15,MOR,13,2066.5
ga,tai30_15_05,30x15,MOR,14,2088.0
ga,tai30_15_05,30x15,MOR,15,2097.5
ga,tai30_15_05,30x15,MOR,16,2052.0
ga,tai30_15_05,30x15,MOR,17,2059.5
ga,tai30_15_05,30x15,MOR,18,2084.5
ga,tai30_15_05,30x15,MOR,19,2086.5
ga,tai30_15_05,30x15,MOR,20,2084.5
ga,tai30_15_05,30x15,MOR,21,2058.0
ga,tai30_15_05,30x15,MOR,22,2053.0
ga,tai30_15_05,30x15,MOR,23,2064.5
ga,tai30_15_05,30x15,MOR,24,2069.0
ga,tai30_15_05,30x15,MOR,25,2054.0
ga,tai30_15_05,30x15,MOR,26,2070.5
ga,tai30_15_05,30x15,MOR,27,2102.5
ga,tai30_15_05,30x15,MOR,28,2083.0
ga,tai30_15_05,30x15,MOR,29,2052.0
ga,tai30_15_05,30x15,MOR,30,2073.0
ga,tai30_15_05,30x15,GT,1,2029.0
ga,tai30_15_05,30x15,GT,2,2039.5
ga,tai30_15_05,30x15,GT,3,2056.0
ga,tai30_15_05,30x15,GT,4,2046.0
ga,tai30_15_05,30x15,GT,5,2039.5
ga,tai30_15_05,30x15,GT,6,2078.0
ga,tai30_15_05,30x15,GT,7,2064.5
ga,tai30_15_05,30x15,GT,8,2029.0
ga,tai30_15_05,30x15,GT,9,2038.0
ga,tai30_15_05,30x15,GT,10,2044.5
ga,tai30_15_05,30x15,GT,11,2034.0
ga,tai30_15_05,30x15,GT,12,2025.5
ga,tai30_15_05,30x15,GT,13,2078.0
ga,tai30_15_05,30x15,GT,14,2039.5
ga,tai30_15_05,30x15,GT,15,2038.0
ga,tai30_15_05,30x15,GT,16,2078.0
ga,tai30_15_05,30x15,GT,17,2044.5
ga,tai30_15_05,30x15,GT,18,2038.5
ga,tai30_15_05,30x15,GT,19,2041.0
ga,tai30_15_05,30x15,GT,20,2040.5
ga,tai30_15_05,30x15,GT,21,2043.5
ga,tai30_15_05,30x15,GT,22,2040.5
ga,tai30_15_05,30x15,GT,23,2078.0
ga,tai30_15_05,30x15,GT,24,2038.0
ga,tai30_15_05,30x15,GT,25,2078.0
ga,tai30_15_05,30x15,GT,26,2046.5
ga,tai30_15_05,30x15,GT,27,2078.0
ga,tai30_15_05,30x15,GT,28,2038.0
ga,tai30_15_05,30x15,GT,29,2038.0
ga,tai30_15_05,30x15,GT,30,2047.0
ga,tai30_15_05,30x15,GP,1,2067.5
ga,tai30_15_05,30x15,GP,2,2047.5
ga,tai30_15_05,30x15,GP,3,2061.0
ga,tai30_15_05,30x15,GP,4,2076.5
ga,tai30_15_05,30x15,GP,5,2048.5
ga,tai30_15_05,30x15,GP,6,2032.5
ga,tai30_15_05,30x15,GP,7,2055.0
ga,tai30_15_05,30x15,GP,8,2044.5
ga,tai30_15_05,30x15,GP,9,2068.5
ga,tai30_15_05,30x15,GP,10,2036.0
ga,tai30_15_05,30x15,GP,11,2039.0
ga,tai30_15_05,30x15,GP,12,2030.0
ga,tai30_15_05,30x15,GP,13,2046.5
ga,tai30_15_05,30x15,GP,14,2050.5
ga,tai30_15_05,30x15,GP,15,2021.0
ga,tai30_15_05,30x15,GP,16,2032.0
ga,tai30_15_05,30x15,GP,17,2050.5
ga,tai30_15_05,30x15,GP,18,2065.5
ga,tai30_15_05,30x15,GP,19,2037.5
ga,tai30_15_05,30x15,GP,20,2059.5
ga,tai30_15_05,30x15,GP,21,2068.0
ga,tai30_15_05,30x15,GP,22,2029.0
ga,tai30_15_05,30x15,GP,23,2070.0
ga,tai30_15_05,30x15,GP,24,2061.0
ga,tai30_15_05,30x15,GP,25,2032.5
ga,tai30_15_05,30x15,GP,26,2037.5
ga,tai30_15_05,30x15,GP,27,2056.5
ga,tai30_15_05,30x15,GP,28,2068.0
ga,tai30_15_05,30x15,GP,29,2055.0
ga,tai30_15_05,30x15,GP,30,2057.0
ga,tai30_15_05,30x15,MIX,1,2049.5
ga,tai30_15_05,30x15,MIX,2,2026.0
ga,tai30_15_05,30x15,MIX,3,2045.0
ga,tai30_15_05,30x15,MIX,4,2082.0
ga,tai30_15_05,30x15,MIX,5,2058.0
ga,tai30_15_05,30x15,MIX,6,2034.0
ga,tai30_15_05,30x15,MIX,7,2056.0
ga,tai30_15_05,30x15,MIX,8,2098.0
ga,tai30_15_05,30x15,MIX,9,2081.0
ga,tai30_15_05,30x15,MIX,10,2087.5
ga,tai30_15_05,30x15,MIX,11,2087.5
ga,tai30_15_05,30x15,MIX,12,2049.5
ga,tai30_15_05,30x15,MIX,13,2077.5
ga,tai30_15_05,30x15,MIX,14,2053.5
ga,tai30_15_05,30x15,MIX,15,2040.0
ga,tai30_15_05,30x15,MIX,16,2067.0
ga,tai30_15_05,30x15,MIX,17,2093.5
ga,tai30_15_05,30x15,MIX,18,2073.5
ga,tai30_15_05,30x15,MIX,19,2070.5
ga,tai30_15_05,30x15,MIX,20,2083.5
ga,tai30_15_05,30x15,MIX,21,2060.0
ga,tai30_15_05,30x15,MIX,22,2090.5
ga,tai30_15_05,30x15,MIX,23,2098.5
ga,tai30_15_05,30x15,MIX,24,2043.0
ga,tai30_15_05,30x15,MIX,25,2085.5
ga,tai30_15_05,30x15,MIX,26,2090.5
ga,tai30_15_05,30x15,MIX,27,2050.5
ga,tai30_15_05,30x15,MIX,28,2082.5
ga,tai30_15_05,30x15,MIX,29,2061.5
ga,tai30_15_05,30x15,MIX,30,2043.0
ga,tai30_15_06,30x15,A0,1,1971.0
ga,tai30_15_06,30x15,A0,2,1957.5
ga,tai30_15_06,30x15,A0,3,2014.5
ga,tai30_15_06,30x15,A0,4,1959.5
ga,tai30_15_06,30x15,A0,5,1965.5
ga,tai30_15_06,30x15,A0,6,1945.0
ga,tai30_15_06,30x15,A0,7,1960.0
ga,tai30_15_06,30x15,A0,8,1960.5
ga,tai30_15_06,30x15,A0,9,1969.5
ga,tai30_15_06,30x15,A0,10,1982.5
ga,tai30_15_06,30x15,A0,11,1971.0
ga,tai30_15_06,30x15,A0,12,1961.5
ga,tai30_15_06,30x15,A0,13,1965.0
ga,tai30_15_06,30x15,A0,14,1964.5
ga,tai30_15_06,30x15,A0,15,1958.5
ga,tai30_15_06,30x15,A0,16,1943.0
ga,tai30_15_06,30x15,A0,17,1960.0
ga,tai30_15_06,30x15,A0,18,1965.0
ga,tai30_15_06,30x15,A0,19,1968.0
ga,tai30_15_06,30x15,A0,20,1973.5
ga,tai30_15_06,30x15,A0,21,1972.0
ga,tai30_15_06,30x15,A0,22,1945.5
ga,tai30_15_06,30x15,A0,23,1962.0
ga,tai30_15_06,30x15,A0,24,1970.5
ga,tai30_15_06,30x15,A0,25,1957.0
ga,tai30_15_06,30x15,A0,26,1951.0
ga,tai30_15_06,30x15,A0,27,1941.0
ga,tai30_15_06,30x15,A0,28,1952.0
ga,tai30_15_06,30x15,A0,29,1955.0
ga,tai30_15_06,30x15,A0,30,1926.0
ga,tai30_15_06,30x15,V2H,1,1945.0
ga,tai30_15_06,30x15,V2H,2,1944.0
ga,tai30_15_06,30x15,V2H,3,1968.0
ga,tai30_15_06,30x15,V2H,4,1944.0
ga,tai30_15_06,30x15,V2H,5,1947.0
ga,tai30_15_06,30x15,V2H,6,1968.0
ga,tai30_15_06,30x15,V2H,7,1926.5
ga,tai30_15_06,30x15,V2H,8,1968.0
ga,tai30_15_06,30x15,V2H,9,1963.5
ga,tai30_15_06,30x15,V2H,10,1938.0
ga,tai30_15_06,30x15,V2H,11,1971.0
ga,tai30_15_06,30x15,V2H,12,1954.0
ga,tai30_15_06,30x15,V2H,13,1962.0
ga,tai30_15_06,30x15,V2H,14,1968.0
ga,tai30_15_06,30x15,V2H,15,1968.0
ga,tai30_15_06,30x15,V2H,16,1962.0
ga,tai30_15_06,30x15,V2H,17,1954.0
ga,tai30_15_06,30x15,V2H,18,1942.0
ga,tai30_15_06,30x15,V2H,19,1936.0
ga,tai30_15_06,30x15,V2H,20,1938.0
ga,tai30_15_06,30x15,V2H,21,1952.0
ga,tai30_15_06,30x15,V2H,22,1944.0
ga,tai30_15_06,30x15,V2H,23,1960.0
ga,tai30_15_06,30x15,V2H,24,1954.0
ga,tai30_15_06,30x15,V2H,25,1960.0
ga,tai30_15_06,30x15,V2H,26,1932.5
ga,tai30_15_06,30x15,V2H,27,1936.5
ga,tai30_15_06,30x15,V2H,28,1949.0
ga,tai30_15_06,30x15,V2H,29,1928.5
ga,tai30_15_06,30x15,V2H,30,1944.0
ga,tai30_15_06,30x15,V2,1,1937.0
ga,tai30_15_06,30x15,V2,2,1952.5
ga,tai30_15_06,30x15,V2,3,1969.0
ga,tai30_15_06,30x15,V2,4,1920.5
ga,tai30_15_06,30x15,V2,5,1955.0
ga,tai30_15_06,30x15,V2,6,1944.0
ga,tai30_15_06,30x15,V2,7,1933.0
ga,tai30_15_06,30x15,V2,8,1954.0
ga,tai30_15_06,30x15,V2,9,1947.0
ga,tai30_15_06,30x15,V2,10,1944.0
ga,tai30_15_06,30x15,V2,11,1944.0
ga,tai30_15_06,30x15,V2,12,1977.0
ga,tai30_15_06,30x15,V2,13,1969.0
ga,tai30_15_06,30x15,V2,14,1945.0
ga,tai30_15_06,30x15,V2,15,1970.5
ga,tai30_15_06,30x15,V2,16,1961.0
ga,tai30_15_06,30x15,V2,17,1956.5
ga,tai30_15_06,30x15,V2,18,1949.0
ga,tai30_15_06,30x15,V2,19,1938.5
ga,tai30_15_06,30x15,V2,20,1962.0
ga,tai30_15_06,30x15,V2,21,1962.0
ga,tai30_15_06,30x15,V2,22,1950.5
ga,tai30_15_06,30x15,V2,23,1945.0
ga,tai30_15_06,30x15,V2,24,1962.0
ga,tai30_15_06,30x15,V2,25,1968.0
ga,tai30_15_06,30x15,V2,26,1967.0
ga,tai30_15_06,30x15,V2,27,1985.0
ga,tai30_15_06,30x15,V2,28,1968.0
ga,tai30_15_06,30x15,V2,29,1909.0
ga,tai30_15_06,30x15,V2,30,1943.0
ga,tai30_15_06,30x15,MOR,1,2013.5
ga,tai30_15_06,30x15,MOR,2,1995.0
ga,tai30_15_06,30x15,MOR,3,2023.5
ga,tai30_15_06,30x15,MOR,4,1985.5
ga,tai30_15_06,30x15,MOR,5,1978.5
ga,tai30_15_06,30x15,MOR,6,2014.0
ga,tai30_15_06,30x15,MOR,7,1992.5
ga,tai30_15_06,30x15,MOR,8,2018.0
ga,tai30_15_06,30x15,MOR,9,1986.0
ga,tai30_15_06,30x15,MOR,10,1988.5
ga,tai30_15_06,30x15,MOR,11,1978.0
ga,tai30_15_06,30x15,MOR,12,2025.0
ga,tai30_15_06,30x15,MOR,13,2003.5
ga,tai30_15_06,30x15,MOR,14,2001.0
ga,tai30_15_06,30x15,MOR,15,1984.0
ga,tai30_15_06,30x15,MOR,16,2036.5
ga,tai30_15_06,30x15,MOR,17,1985.5
ga,tai30_15_06,30x15,MOR,18,2001.0
ga,tai30_15_06,30x15,MOR,19,1980.5
ga,tai30_15_06,30x15,MOR,20,2025.0
ga,tai30_15_06,30x15,MOR,21,1994.5
ga,tai30_15_06,30x15,MOR,22,1988.5
ga,tai30_15_06,30x15,MOR,23,1979.0
ga,tai30_15_06,30x15,MOR,24,1999.0
ga,tai30_15_06,30x15,MOR,25,1992.5
ga,tai30_15_06,30x15,MOR,26,2010.0
ga,tai30_15_06,30x15,MOR,27,2015.0
ga,tai30_15_06,30x15,MOR,28,1995.0
ga,tai30_15_06,30x15,MOR,29,2008.5
ga,tai30_15_06,30x15,MOR,30,1988.5
ga,tai30_15_06,30x15,GT,1,1935.5
ga,tai30_15_06,30x15,GT,2,1973.0
ga,tai30_15_06,30x15,GT,3,1947.0
ga,tai30_15_06,30x15,GT,4,1963.5
ga,tai30_15_06,30x15,GT,5,1950.0
ga,tai30_15_06,30x15,GT,6,1947.5
ga,tai30_15_06,30x15,GT,7,1952.5
ga,tai30_15_06,30x15,GT,8,1957.0
ga,tai30_15_06,30x15,GT,9,1956.5
ga,tai30_15_06,30x15,GT,10,1948.5
ga,tai30_15_06,30x15,GT,11,1957.5
ga,tai30_15_06,30x15,GT,12,1955.5
ga,tai30_15_06,30x15,GT,13,1945.5
ga,tai30_15_06,30x15,GT,14,1950.0
ga,tai30_15_06,30x15,GT,15,1966.0
ga,tai30_15_06,30x15,GT,16,1950.5
ga,tai30_15_06,30x15,GT,17,1947.0
ga,tai30_15_06,30x15,GT,18,1954.5
ga,tai30_15_06,30x15,GT,19,1967.0
ga,tai30_15_06,30x15,GT,20,1948.5
ga,tai30_15_06,30x15,GT,21,1958.0
ga,tai30_15_06,30x15,GT,22,1948.0
ga,tai30_15_06,30x15,GT,23,1957.5
ga,tai30_15_06,30x15,GT,24,1947.0
ga,tai30_15_06,30x15,GT,25,1961.5
ga,tai30_15_06,30x15,GT,26,1942.5
ga,tai30_15_06,30x15,GT,27,1963.0
ga,tai30_15_06,30x15,GT,28,1937.0
ga,tai30_15_06,30x15,GT,29,1927.0
ga,tai30_15_06,30x15,GT,30,1948.0
ga,tai30_15_06,30x15,GP,1,1948.5
ga,tai30_15_06,30x15,GP,2,1924.0
ga,tai30_15_06,30x15,GP,3,1970.0
ga,tai30_15_06,30x15,GP,4,1963.5
ga,tai30_15_06,30x15,GP,5,1956.5
ga,tai30_15_06,30x15,GP,6,1933.5
ga,tai30_15_06,30x15,GP,7,1955.0
ga,tai30_15_06,30x15,GP,8,1958.5
ga,tai30_15_06,30x15,GP,9,1931.0
ga,tai30_15_06,30x15,GP,10,1934.0
ga,tai30_15_06,30x15,GP,11,1943.5
ga,tai30_15_06,30x15,GP,12,1966.5
ga,tai30_15_06,30x15,GP,13,1954.5
ga,tai30_15_06,30x15,GP,14,1967.0
ga,tai30_15_06,30x15,GP,15,1980.5
ga,tai30_15_06,30x15,GP,16,1975.0
ga,tai30_15_06,30x15,GP,17,1968.0
ga,tai30_15_06,30x15,GP,18,1940.5
ga,tai30_15_06,30x15,GP,19,1962.0
ga,tai30_15_06,30x15,GP,20,1960.5
ga,tai30_15_06,30x15,GP,21,1957.5
ga,tai30_15_06,30x15,GP,22,1941.5
ga,tai30_15_06,30x15,GP,23,1950.5
ga,tai30_15_06,30x15,GP,24,1972.5
ga,tai30_15_06,30x15,GP,25,1959.5
ga,tai30_15_06,30x15,GP,26,1941.5
ga,tai30_15_06,30x15,GP,27,1978.5
ga,tai30_15_06,30x15,GP,28,1925.0
ga,tai30_15_06,30x15,GP,29,1948.0
ga,tai30_15_06,30x15,GP,30,1929.5
ga,tai30_15_06,30x15,MIX,1,1929.5
ga,tai30_15_06,30x15,MIX,2,1950.5
ga,tai30_15_06,30x15,MIX,3,1921.0
ga,tai30_15_06,30x15,MIX,4,1938.0
ga,tai30_15_06,30x15,MIX,5,1928.5
ga,tai30_15_06,30x15,MIX,6,1926.0
ga,tai30_15_06,30x15,MIX,7,1953.5
ga,tai30_15_06,30x15,MIX,8,1930.0
ga,tai30_15_06,30x15,MIX,9,1926.0
ga,tai30_15_06,30x15,MIX,10,1930.5
ga,tai30_15_06,30x15,MIX,11,1925.5
ga,tai30_15_06,30x15,MIX,12,1929.0
ga,tai30_15_06,30x15,MIX,13,1939.0
ga,tai30_15_06,30x15,MIX,14,1959.0
ga,tai30_15_06,30x15,MIX,15,1929.0
ga,tai30_15_06,30x15,MIX,16,1928.0
ga,tai30_15_06,30x15,MIX,17,1942.0
ga,tai30_15_06,30x15,MIX,18,1950.0
ga,tai30_15_06,30x15,MIX,19,1954.5
ga,tai30_15_06,30x15,MIX,20,1965.5
ga,tai30_15_06,30x15,MIX,21,1928.0
ga,tai30_15_06,30x15,MIX,22,1929.0
ga,tai30_15_06,30x15,MIX,23,1929.0
ga,tai30_15_06,30x15,MIX,24,1923.5
ga,tai30_15_06,30x15,MIX,25,1929.5
ga,tai30_15_06,30x15,MIX,26,1945.5
ga,tai30_15_06,30x15,MIX,27,1929.0
ga,tai30_15_06,30x15,MIX,28,1940.5
ga,tai30_15_06,30x15,MIX,29,1957.0
ga,tai30_15_06,30x15,MIX,30,1929.0
ga,tai30_15_07,30x15,A0,1,1941.0
ga,tai30_15_07,30x15,A0,2,1908.0
ga,tai30_15_07,30x15,A0,3,1907.5
ga,tai30_15_07,30x15,A0,4,1910.0
ga,tai30_15_07,30x15,A0,5,1898.5
ga,tai30_15_07,30x15,A0,6,1907.5
ga,tai30_15_07,30x15,A0,7,1924.0
ga,tai30_15_07,30x15,A0,8,1926.0
ga,tai30_15_07,30x15,A0,9,1908.5
ga,tai30_15_07,30x15,A0,10,1937.0
ga,tai30_15_07,30x15,A0,11,1907.0
ga,tai30_15_07,30x15,A0,12,1943.0
ga,tai30_15_07,30x15,A0,13,1909.0
ga,tai30_15_07,30x15,A0,14,1910.5
ga,tai30_15_07,30x15,A0,15,1942.0
ga,tai30_15_07,30x15,A0,16,1903.5
ga,tai30_15_07,30x15,A0,17,1905.0
ga,tai30_15_07,30x15,A0,18,1919.0
ga,tai30_15_07,30x15,A0,19,1908.0
ga,tai30_15_07,30x15,A0,20,1940.0
ga,tai30_15_07,30x15,A0,21,1913.0
ga,tai30_15_07,30x15,A0,22,1902.0
ga,tai30_15_07,30x15,A0,23,1915.0
ga,tai30_15_07,30x15,A0,24,1937.0
ga,tai30_15_07,30x15,A0,25,1898.0
ga,tai30_15_07,30x15,A0,26,1939.5
ga,tai30_15_07,30x15,A0,27,1900.0
ga,tai30_15_07,30x15,A0,28,1913.5
ga,tai30_15_07,30x15,A0,29,1912.5
ga,tai30_15_07,30x15,A0,30,1915.0
ga,tai30_15_07,30x15,V2H,1,1942.0
ga,tai30_15_07,30x15,V2H,2,1944.5
ga,tai30_15_07,30x15,V2H,3,1926.5
ga,tai30_15_07,30x15,V2H,4,1914.5
ga,tai30_15_07,30x15,V2H,5,1945.0
ga,tai30_15_07,30x15,V2H,6,1913.0
ga,tai30_15_07,30x15,V2H,7,1928.0
ga,tai30_15_07,30x15,V2H,8,1902.0
ga,tai30_15_07,30x15,V2H,9,1936.0
ga,tai30_15_07,30x15,V2H,10,1912.5
ga,tai30_15_07,30x15,V2H,11,1945.0
ga,tai30_15_07,30x15,V2H,12,1905.0
ga,tai30_15_07,30x15,V2H,13,1892.5
ga,tai30_15_07,30x15,V2H,14,1926.5
ga,tai30_15_07,30x15,V2H,15,1891.0
ga,tai30_15_07,30x15,V2H,16,1897.5
ga,tai30_15_07,30x15,V2H,17,1927.0
ga,tai30_15_07,30x15,V2H,18,1903.5
ga,tai30_15_07,30x15,V2H,19,1904.0
ga,tai30_15_07,30x15,V2H,20,1929.5
ga,tai30_15_07,30x15,V2H,21,1921.0
ga,tai30_15_07,30x15,V2H,22,1897.5
ga,tai30_15_07,30x15,V2H,23,1904.5
ga,tai30_15_07,30x15,V2H,24,1888.5
ga,tai30_15_07,30x15,V2H,25,1904.0
ga,tai30_15_07,30x15,V2H,26,1922.5
ga,tai30_15_07,30x15,V2H,27,1939.5
ga,tai30_15_07,30x15,V2H,28,1933.0
ga,tai30_15_07,30x15,V2H,29,1909.0
ga,tai30_15_07,30x15,V2H,30,1902.0
ga,tai30_15_07,30x15,V2,1,1918.0
ga,tai30_15_07,30x15,V2,2,1945.0
ga,tai30_15_07,30x15,V2,3,1932.0
ga,tai30_15_07,30x15,V2,4,1898.0
ga,tai30_15_07,30x15,V2,5,1910.0
ga,tai30_15_07,30x15,V2,6,1935.0
ga,tai30_15_07,30x15,V2,7,1903.5
ga,tai30_15_07,30x15,V2,8,1897.5
ga,tai30_15_07,30x15,V2,9,1922.0
ga,tai30_15_07,30x15,V2,10,1919.0
ga,tai30_15_07,30x15,V2,11,1949.5
ga,tai30_15_07,30x15,V2,12,1907.5
ga,tai30_15_07,30x15,V2,13,1902.0
ga,tai30_15_07,30x15,V2,14,1907.0
ga,tai30_15_07,30x15,V2,15,1896.5
ga,tai30_15_07,30x15,V2,16,1901.0
ga,tai30_15_07,30x15,V2,17,1906.0
ga,tai30_15_07,30x15,V2,18,1934.5
ga,tai30_15_07,30x15,V2,19,1917.0
ga,tai30_15_07,30x15,V2,20,1901.5
ga,tai30_15_07,30x15,V2,21,1906.0
ga,tai30_15_07,30x15,V2,22,1930.5
ga,tai30_15_07,30x15,V2,23,1937.0
ga,tai30_15_07,30x15,V2,24,1907.5
ga,tai30_15_07,30x15,V2,25,1926.5
ga,tai30_15_07,30x15,V2,26,1899.5
ga,tai30_15_07,30x15,V2,27,1928.0
ga,tai30_15_07,30x15,V2,28,1894.5
ga,tai30_15_07,30x15,V2,29,1911.0
ga,tai30_15_07,30x15,V2,30,1916.0
ga,tai30_15_07,30x15,MOR,1,1940.0
ga,tai30_15_07,30x15,MOR,2,1963.5
ga,tai30_15_07,30x15,MOR,3,1950.0
ga,tai30_15_07,30x15,MOR,4,1950.0
ga,tai30_15_07,30x15,MOR,5,1939.0
ga,tai30_15_07,30x15,MOR,6,1950.0
ga,tai30_15_07,30x15,MOR,7,1947.5
ga,tai30_15_07,30x15,MOR,8,1957.0
ga,tai30_15_07,30x15,MOR,9,1950.0
ga,tai30_15_07,30x15,MOR,10,1942.0
ga,tai30_15_07,30x15,MOR,11,1948.5
ga,tai30_15_07,30x15,MOR,12,1948.0
ga,tai30_15_07,30x15,MOR,13,1950.0
ga,tai30_15_07,30x15,MOR,14,1950.0
ga,tai30_15_07,30x15,MOR,15,1950.0
ga,tai30_15_07,30x15,MOR,16,1933.5
ga,tai30_15_07,30x15,MOR,17,1925.0
ga,tai30_15_07,30x15,MOR,18,1945.0
ga,tai30_15_07,30x15,MOR,19,1981.0
ga,tai30_15_07,30x15,MOR,20,1951.5
ga,tai30_15_07,30x15,MOR,21,1950.0
ga,tai30_15_07,30x15,MOR,22,1932.0
ga,tai30_15_07,30x15,MOR,23,1925.5
ga,tai30_15_07,30x15,MOR,24,1923.5
ga,tai30_15_07,30x15,MOR,25,1946.0
ga,tai30_15_07,30x15,MOR,26,1954.0
ga,tai30_15_07,30x15,MOR,27,1942.0
ga,tai30_15_07,30x15,MOR,28,1955.0
ga,tai30_15_07,30x15,MOR,29,1941.0
ga,tai30_15_07,30x15,MOR,30,1950.0
ga,tai30_15_07,30x15,GT,1,1905.0
ga,tai30_15_07,30x15,GT,2,1911.5
ga,tai30_15_07,30x15,GT,3,1937.0
ga,tai30_15_07,30x15,GT,4,1914.0
ga,tai30_15_07,30x15,GT,5,1913.0
ga,tai30_15_07,30x15,GT,6,1917.0
ga,tai30_15_07,30x15,GT,7,1899.5
ga,tai30_15_07,30x15,GT,8,1921.5
ga,tai30_15_07,30x15,GT,9,1910.5
ga,tai30_15_07,30x15,GT,10,1925.5
ga,tai30_15_07,30x15,GT,11,1922.5
ga,tai30_15_07,30x15,GT,12,1924.0
ga,tai30_15_07,30x15,GT,13,1899.5
ga,tai30_15_07,30x15,GT,14,1922.5
ga,tai30_15_07,30x15,GT,15,1914.0
ga,tai30_15_07,30x15,GT,16,1925.5
ga,tai30_15_07,30x15,GT,17,1918.5
ga,tai30_15_07,30x15,GT,18,1916.5
ga,tai30_15_07,30x15,GT,19,1911.0
ga,tai30_15_07,30x15,GT,20,1909.5
ga,tai30_15_07,30x15,GT,21,1926.0
ga,tai30_15_07,30x15,GT,22,1929.5
ga,tai30_15_07,30x15,GT,23,1905.0
ga,tai30_15_07,30x15,GT,24,1917.0
ga,tai30_15_07,30x15,GT,25,1914.5
ga,tai30_15_07,30x15,GT,26,1903.5
ga,tai30_15_07,30x15,GT,27,1917.0
ga,tai30_15_07,30x15,GT,28,1899.0
ga,tai30_15_07,30x15,GT,29,1920.0
ga,tai30_15_07,30x15,GT,30,1930.0
ga,tai30_15_07,30x15,GP,1,1901.0
ga,tai30_15_07,30x15,GP,2,1908.0
ga,tai30_15_07,30x15,GP,3,1888.5
ga,tai30_15_07,30x15,GP,4,1892.5
ga,tai30_15_07,30x15,GP,5,1909.0
ga,tai30_15_07,30x15,GP,6,1891.5
ga,tai30_15_07,30x15,GP,7,1878.0
ga,tai30_15_07,30x15,GP,8,1893.0
ga,tai30_15_07,30x15,GP,9,1883.5
ga,tai30_15_07,30x15,GP,10,1922.0
ga,tai30_15_07,30x15,GP,11,1896.5
ga,tai30_15_07,30x15,GP,12,1915.0
ga,tai30_15_07,30x15,GP,13,1934.5
ga,tai30_15_07,30x15,GP,14,1909.0
ga,tai30_15_07,30x15,GP,15,1913.0
ga,tai30_15_07,30x15,GP,16,1899.5
ga,tai30_15_07,30x15,GP,17,1885.5
ga,tai30_15_07,30x15,GP,18,1901.5
ga,tai30_15_07,30x15,GP,19,1906.0
ga,tai30_15_07,30x15,GP,20,1910.0
ga,tai30_15_07,30x15,GP,21,1892.5
ga,tai30_15_07,30x15,GP,22,1898.5
ga,tai30_15_07,30x15,GP,23,1905.0
ga,tai30_15_07,30x15,GP,24,1889.0
ga,tai30_15_07,30x15,GP,25,1904.0
ga,tai30_15_07,30x15,GP,26,1905.0
ga,tai30_15_07,30x15,GP,27,1907.5
ga,tai30_15_07,30x15,GP,28,1891.5
ga,tai30_15_07,30x15,GP,29,1896.5
ga,tai30_15_07,30x15,GP,30,1930.0
ga,tai30_15_07,30x15,MIX,1,1921.0
ga,tai30_15_07,30x15,MIX,2,1912.0
ga,tai30_15_07,30x15,MIX,3,1890.0
ga,tai30_15_07,30x15,MIX,4,1911.5
ga,tai30_15_07,30x15,MIX,5,1885.0
ga,tai30_15_07,30x15,MIX,6,1938.0
ga,tai30_15_07,30x15,MIX,7,1907.0
ga,tai30_15_07,30x15,MIX,8,1906.0
ga,tai30_15_07,30x15,MIX,9,1917.0
ga,tai30_15_07,30x15,MIX,10,1928.0
ga,tai30_15_07,30x15,MIX,11,1899.5
ga,tai30_15_07,30x15,MIX,12,1883.0
ga,tai30_15_07,30x15,MIX,13,1882.0
ga,tai30_15_07,30x15,MIX,14,1903.0
ga,tai30_15_07,30x15,MIX,15,1881.5
ga,tai30_15_07,30x15,MIX,16,1905.5
ga,tai30_15_07,30x15,MIX,17,1900.0
ga,tai30_15_07,30x15,MIX,18,1887.5
ga,tai30_15_07,30x15,MIX,19,1899.0
ga,tai30_15_07,30x15,MIX,20,1912.5
ga,tai30_15_07,30x15,MIX,21,1926.5
ga,tai30_15_07,30x15,MIX,22,1880.0
ga,tai30_15_07,30x15,MIX,23,1911.5
ga,tai30_15_07,30x15,MIX,24,1894.5
ga,tai30_15_07,30x15,MIX,25,1957.0
ga,tai30_15_07,30x15,MIX,26,1912.0
ga,tai30_15_07,30x15,MIX,27,1901.0
ga,tai30_15_07,30x15,MIX,28,1892.5
ga,tai30_15_07,30x15,MIX,29,1896.0
ga,tai30_15_07,30x15,MIX,30,1890.0
ga,tai30_15_08,30x15,A0,1,1822.0
ga,tai30_15_08,30x15,A0,2,1813.5
ga,tai30_15_08,30x15,A0,3,1790.5
ga,tai30_15_08,30x15,A0,4,1791.5
ga,tai30_15_08,30x15,A0,5,1792.5
ga,tai30_15_08,30x15,A0,6,1830.0
ga,tai30_15_08,30x15,A0,7,1808.5
ga,tai30_15_08,30x15,A0,8,1807.0
ga,tai30_15_08,30x15,A0,9,1786.0
ga,tai30_15_08,30x15,A0,10,1817.0
ga,tai30_15_08,30x15,A0,11,1823.0
ga,tai30_15_08,30x15,A0,12,1805.0
ga,tai30_15_08,30x15,A0,13,1805.0
ga,tai30_15_08,30x15,A0,14,1813.0
ga,tai30_15_08,30x15,A0,15,1793.0
ga,tai30_15_08,30x15,A0,16,1814.5
ga,tai30_15_08,30x15,A0,17,1782.0
ga,tai30_15_08,30x15,A0,18,1797.0
ga,tai30_15_08,30x15,A0,19,1806.0
ga,tai30_15_08,30x15,A0,20,1827.0
ga,tai30_15_08,30x15,A0,21,1806.0
ga,tai30_15_08,30x15,A0,22,1801.0
ga,tai30_15_08,30x15,A0,23,1810.5
ga,tai30_15_08,30x15,A0,24,1818.5
ga,tai30_15_08,30x15,A0,25,1813.0
ga,tai30_15_08,30x15,A0,26,1797.0
ga,tai30_15_08,30x15,A0,27,1806.0
ga,tai30_15_08,30x15,A0,28,1810.5
ga,tai30_15_08,30x15,A0,29,1806.0
ga,tai30_15_08,30x15,A0,30,1796.0
ga,tai30_15_08,30x15,V2H,1,1822.0
ga,tai30_15_08,30x15,V2H,2,1850.0
ga,tai30_15_08,30x15,V2H,3,1839.5
ga,tai30_15_08,30x15,V2H,4,1819.5
ga,tai30_15_08,30x15,V2H,5,1829.0
ga,tai30_15_08,30x15,V2H,6,1860.0
ga,tai30_15_08,30x15,V2H,7,1827.5
ga,tai30_15_08,30x15,V2H,8,1823.0
ga,tai30_15_08,30x15,V2H,9,1827.0
ga,tai30_15_08,30x15,V2H,10,1815.5
ga,tai30_15_08,30x15,V2H,11,1799.5
ga,tai30_15_08,30x15,V2H,12,1821.0
ga,tai30_15_08,30x15,V2H,13,1876.0
ga,tai30_15_08,30x15,V2H,14,1833.0
ga,tai30_15_08,30x15,V2H,15,1821.5
ga,tai30_15_08,30x15,V2H,16,1834.0
ga,tai30_15_08,30x15,V2H,17,1825.0
ga,tai30_15_08,30x15,V2H,18,1835.5
ga,tai30_15_08,30x15,V2H,19,1811.5
ga,tai30_15_08,30x15,V2H,20,1837.0
ga,tai30_15_08,30x15,V2H,21,1875.5
ga,tai30_15_08,30x15,V2H,22,1845.5
ga,tai30_15_08,30x15,V2H,23,1831.5
ga,tai30_15_08,30x15,V2H,24,1834.0
ga,tai30_15_08,30x15,V2H,25,1844.0
ga,tai30_15_08,30x15,V2H,26,1867.0
ga,tai30_15_08,30x15,V2H,27,1812.5
ga,tai30_15_08,30x15,V2H,28,1835.5
ga,tai30_15_08,30x15,V2H,29,1814.0
ga,tai30_15_08,30x15,V2H,30,1878.5
ga,tai30_15_08,30x15,V2,1,1829.5
ga,tai30_15_08,30x15,V2,2,1840.0
ga,tai30_15_08,30x15,V2,3,1835.0
ga,tai30_15_08,30x15,V2,4,1827.5
ga,tai30_15_08,30x15,V2,5,1911.0
ga,tai30_15_08,30x15,V2,6,1831.0
ga,tai30_15_08,30x15,V2,7,1860.0
ga,tai30_15_08,30x15,V2,8,1814.5
ga,tai30_15_08,30x15,V2,9,1827.5
ga,tai30_15_08,30x15,V2,10,1813.0
ga,tai30_15_08,30x15,V2,11,1844.0
ga,tai30_15_08,30x15,V2,12,1874.5
ga,tai30_15_08,30x15,V2,13,1813.0
ga,tai30_15_08,30x15,V2,14,1812.5
ga,tai30_15_08,30x15,V2,15,1807.5
ga,tai30_15_08,30x15,V2,16,1845.5
ga,tai30_15_08,30x15,V2,17,1851.0
ga,tai30_15_08,30x15,V2,18,1825.0
ga,tai30_15_08,30x15,V2,19,1893.5
ga,tai30_15_08,30x15,V2,20,1832.0
ga,tai30_15_08,30x15,V2,21,1806.5
ga,tai30_15_08,30x15,V2,22,1821.0
ga,tai30_15_08,30x15,V2,23,1881.5
ga,tai30_15_08,30x15,V2,24,1822.0
ga,tai30_15_08,30x15,V2,25,1812.5
ga,tai30_15_08,30x15,V2,26,1863.0
ga,tai30_15_08,30x15,V2,27,1803.5
ga,tai30_15_08,30x15,V2,28,1848.0
ga,tai30_15_08,30x15,V2,29,1811.5
ga,tai30_15_08,30x15,V2,30,1843.5
ga,tai30_15_08,30x15,MOR,1,1810.5
ga,tai30_15_08,30x15,MOR,2,1838.0
ga,tai30_15_08,30x15,MOR,3,1816.0
ga,tai30_15_08,30x15,MOR,4,1812.5
ga,tai30_15_08,30x15,MOR,5,1837.5
ga,tai30_15_08,30x15,MOR,6,1849.0
ga,tai30_15_08,30x15,MOR,7,1819.5
ga,tai30_15_08,30x15,MOR,8,1817.5
ga,tai30_15_08,30x15,MOR,9,1802.5
ga,tai30_15_08,30x15,MOR,10,1861.0
ga,tai30_15_08,30x15,MOR,11,1849.5
ga,tai30_15_08,30x15,MOR,12,1817.5
ga,tai30_15_08,30x15,MOR,13,1820.5
ga,tai30_15_08,30x15,MOR,14,1843.5
ga,tai30_15_08,30x15,MOR,15,1818.5
ga,tai30_15_08,30x15,MOR,16,1812.0
ga,tai30_15_08,30x15,MOR,17,1825.0
ga,tai30_15_08,30x15,MOR,18,1842.0
ga,tai30_15_08,30x15,MOR,19,1810.0
ga,tai30_15_08,30x15,MOR,20,1818.5
ga,tai30_15_08,30x15,MOR,21,1851.5
ga,tai30_15_08,30x15,MOR,22,1846.0
ga,tai30_15_08,30x15,MOR,23,1822.5
ga,tai30_15_08,30x15,MOR,24,1853.0
ga,tai30_15_08,30x15,MOR,25,1829.0
ga,tai30_15_08,30x15,MOR,26,1811.5
ga,tai30_15_08,30x15,MOR,27,1815.5
ga,tai30_15_08,30x15,MOR,28,1854.0
ga,tai30_15_08,30x15,MOR,29,1856.0
ga,tai30_15_08,30x15,MOR,30,1809.0
ga,tai30_15_08,30x15,GT,1,1793.5
ga,tai30_15_08,30x15,GT,2,1797.5
ga,tai30_15_08,30x15,GT,3,1820.5
ga,tai30_15_08,30x15,GT,4,1825.0
ga,tai30_15_08,30x15,GT,5,1826.0
ga,tai30_15_08,30x15,GT,6,1813.5
ga,tai30_15_08,30x15,GT,7,1812.5
ga,tai30_15_08,30x15,GT,8,1803.0
ga,tai30_15_08,30x15,GT,9,1817.5
ga,tai30_15_08,30x15,GT,10,1807.0
ga,tai30_15_08,30x15,GT,11,1809.0
ga,tai30_15_08,30x15,GT,12,1824.5
ga,tai30_15_08,30x15,GT,13,1807.5
ga,tai30_15_08,30x15,GT,14,1808.0
ga,tai30_15_08,30x15,GT,15,1816.0
ga,tai30_15_08,30x15,GT,16,1820.0
ga,tai30_15_08,30x15,GT,17,1820.0
ga,tai30_15_08,30x15,GT,18,1839.0
ga,tai30_15_08,30x15,GT,19,1811.5
ga,tai30_15_08,30x15,GT,20,1810.5
ga,tai30_15_08,30x15,GT,21,1822.5
ga,tai30_15_08,30x15,GT,22,1806.5
ga,tai30_15_08,30x15,GT,23,1811.5
ga,tai30_15_08,30x15,GT,24,1810.5
ga,tai30_15_08,30x15,GT,25,1824.5
ga,tai30_15_08,30x15,GT,26,1813.0
ga,tai30_15_08,30x15,GT,27,1807.0
ga,tai30_15_08,30x15,GT,28,1812.5
ga,tai30_15_08,30x15,GT,29,1810.0
ga,tai30_15_08,30x15,GT,30,1817.5
ga,tai30_15_08,30x15,GP,1,1816.5
ga,tai30_15_08,30x15,GP,2,1828.5
ga,tai30_15_08,30x15,GP,3,1813.0
ga,tai30_15_08,30x15,GP,4,1794.0
ga,tai30_15_08,30x15,GP,5,1800.0
ga,tai30_15_08,30x15,GP,6,1827.0
ga,tai30_15_08,30x15,GP,7,1833.0
ga,tai30_15_08,30x15,GP,8,1793.0
ga,tai30_15_08,30x15,GP,9,1816.0
ga,tai30_15_08,30x15,GP,10,1838.5
ga,tai30_15_08,30x15,GP,11,1851.0
ga,tai30_15_08,30x15,GP,12,1833.5
ga,tai30_15_08,30x15,GP,13,1810.0
ga,tai30_15_08,30x15,GP,14,1864.5
ga,tai30_15_08,30x15,GP,15,1840.0
ga,tai30_15_08,30x15,GP,16,1799.0
ga,tai30_15_08,30x15,GP,17,1810.5
ga,tai30_15_08,30x15,GP,18,1806.0
ga,tai30_15_08,30x15,GP,19,1818.5
ga,tai30_15_08,30x15,GP,20,1809.0
ga,tai30_15_08,30x15,GP,21,1813.0
ga,tai30_15_08,30x15,GP,22,1843.0
ga,tai30_15_08,30x15,GP,23,1829.5
ga,tai30_15_08,30x15,GP,24,1846.5
ga,tai30_15_08,30x15,GP,25,1816.0
ga,tai30_15_08,30x15,GP,26,1805.5
ga,tai30_15_08,30x15,GP,27,1803.0
ga,tai30_15_08,30x15,GP,28,1805.0
ga,tai30_15_08,30x15,GP,29,1813.0
ga,tai30_15_08,30x15,GP,30,1829.5
ga,tai30_15_08,30x15,MIX,1,1854.5
ga,tai30_15_08,30x15,MIX,2,1811.0
ga,tai30_15_08,30x15,MIX,3,1806.5
ga,tai30_15_08,30x15,MIX,4,1825.5
ga,tai30_15_08,30x15,MIX,5,1831.0
ga,tai30_15_08,30x15,MIX,6,1817.0
ga,tai30_15_08,30x15,MIX,7,1825.5
ga,tai30_15_08,30x15,MIX,8,1819.5
ga,tai30_15_08,30x15,MIX,9,1836.0
ga,tai30_15_08,30x15,MIX,10,1860.5
ga,tai30_15_08,30x15,MIX,11,1830.0
ga,tai30_15_08,30x15,MIX,12,1817.5
ga,tai30_15_08,30x15,MIX,13,1866.5
ga,tai30_15_08,30x15,MIX,14,1785.0
ga,tai30_15_08,30x15,MIX,15,1821.5
ga,tai30_15_08,30x15,MIX,16,1795.5
ga,tai30_15_08,30x15,MIX,17,1816.5
ga,tai30_15_08,30x15,MIX,18,1820.0
ga,tai30_15_08,30x15,MIX,19,1835.5
ga,tai30_15_08,30x15,MIX,20,1814.5
ga,tai30_15_08,30x15,MIX,21,1814.5
ga,tai30_15_08,30x15,MIX,22,1815.5
ga,tai30_15_08,30x15,MIX,23,1836.0
ga,tai30_15_08,30x15,MIX,24,1810.5
ga,tai30_15_08,30x15,MIX,25,1816.5
ga,tai30_15_08,30x15,MIX,26,1811.5
ga,tai30_15_08,30x15,MIX,27,1810.5
ga,tai30_15_08,30x15,MIX,28,1812.0
ga,tai30_15_08,30x15,MIX,29,1824.5
ga,tai30_15_08,30x15,MIX,30,1821.0
ga,tai30_15_09,30x15,A0,1,1848.0
ga,tai30_15_09,30x15,A0,2,1907.0
ga,tai30_15_09,30x15,A0,3,1878.0
ga,tai30_15_09,30x15,A0,4,1866.0
ga,tai30_15_09,30x15,A0,5,1885.0
ga,tai30_15_09,30x15,A0,6,1858.0
ga,tai30_15_09,30x15,A0,7,1880.5
ga,tai30_15_09,30x15,A0,8,1897.0
ga,tai30_15_09,30x15,A0,9,1889.5
ga,tai30_15_09,30x15,A0,10,1909.5
ga,tai30_15_09,30x15,A0,11,1871.0
ga,tai30_15_09,30x15,A0,12,1871.0
ga,tai30_15_09,30x15,A0,13,1868.5
ga,tai30_15_09,30x15,A0,14,1871.5
ga,tai30_15_09,30x15,A0,15,1900.0
ga,tai30_15_09,30x15,A0,16,1873.0
ga,tai30_15_09,30x15,A0,17,1895.5
ga,tai30_15_09,30x15,A0,18,1861.5
ga,tai30_15_09,30x15,A0,19,1876.5
ga,tai30_15_09,30x15,A0,20,1883.5
ga,tai30_15_09,30x15,A0,21,1855.5
ga,tai30_15_09,30x15,A0,22,1866.5
ga,tai30_15_09,30x15,A0,23,1867.0
ga,tai30_15_09,30x15,A0,24,1882.0
ga,tai30_15_09,30x15,A0,25,1887.0
ga,tai30_15_09,30x15,A0,26,1866.0
ga,tai30_15_09,30x15,A0,27,1895.5
ga,tai30_15_09,30x15,A0,28,1867.0
ga,tai30_15_09,30x15,A0,29,1893.5
ga,tai30_15_09,30x15,A0,30,1893.0
ga,tai30_15_09,30x15,V2H,1,1895.5
ga,tai30_15_09,30x15,V2H,2,1912.0
ga,tai30_15_09,30x15,V2H,3,1866.5
ga,tai30_15_09,30x15,V2H,4,1880.5
ga,tai30_15_09,30x15,V2H,5,1898.0
ga,tai30_15_09,30x15,V2H,6,1921.5
ga,tai30_15_09,30x15,V2H,7,1895.0
ga,tai30_15_09,30x15,V2H,8,1905.0
ga,tai30_15_09,30x15,V2H,9,1879.5
ga,tai30_15_09,30x15,V2H,10,1903.0
ga,tai30_15_09,30x15,V2H,11,1899.0
ga,tai30_15_09,30x15,V2H,12,1888.0
ga,tai30_15_09,30x15,V2H,13,1880.5
ga,tai30_15_09,30x15,V2H,14,1892.0
ga,tai30_15_09,30x15,V2H,15,1903.5
ga,tai30_15_09,30x15,V2H,16,1913.5
ga,tai30_15_09,30x15,V2H,17,1891.5
ga,tai30_15_09,30x15,V2H,18,1906.5
ga,tai30_15_09,30x15,V2H,19,1883.5
ga,tai30_15_09,30x15,V2H,20,1925.5
ga,tai30_15_09,30x15,V2H,21,1856.0
ga,tai30_15_09,30x15,V2H,22,1904.0
ga,tai30_15_09,30x15,V2H,23,1905.5
ga,tai30_15_09,30x15,V2H,24,1920.5
ga,tai30_15_09,30x15,V2H,25,1892.0
ga,tai30_15_09,30x15,V2H,26,1883.0
ga,tai30_15_09,30x15,V2H,27,1933.5
ga,tai30_15_09,30x15,V2H,28,1906.0
ga,tai30_15_09,30x15,V2H,29,1889.0
ga,tai30_15_09,30x15,V2H,30,1900.0
ga,tai30_15_09,30x15,V2,1,1939.0
ga,tai30_15_09,30x15,V2,2,1895.0
ga,tai30_15_09,30x15,V2,3,1877.0
ga,tai30_15_09,30x15,V2,4,1930.0
ga,tai30_15_09,30x15,V2,5,1910.0
ga,tai30_15_09,30x15,V2,6,1878.0
ga,tai30_15_09,30x15,V2,7,1891.0
ga,tai30_15_09,30x15,V2,8,1917.5
ga,tai30_15_09,30x15,V2,9,1924.5
ga,tai30_15_09,30x15,V2,10,1906.5
ga,tai30_15_09,30x15,V2,11,1893.0
ga,tai30_15_09,30x15,V2,12,1955.0
ga,tai30_15_09,30x15,V2,13,1941.0
ga,tai30_15_09,30x15,V2,14,1902.5
ga,tai30_15_09,30x15,V2,15,1917.0
ga,tai30_15_09,30x15,V2,16,1902.0
ga,tai30_15_09,30x15,V2,17,1926.5
ga,tai30_15_09,30x15,V2,18,1914.0
ga,tai30_15_09,30x15,V2,19,1939.5
ga,tai30_15_09,30x15,V2,20,1945.0
ga,tai30_15_09,30x15,V2,21,1950.0
ga,tai30_15_09,30x15,V2,22,1936.0
ga,tai30_15_09,30x15,V2,23,1933.0
ga,tai30_15_09,30x15,V2,24,1895.0
ga,tai30_15_09,30x15,V2,25,1917.0
ga,tai30_15_09,30x15,V2,26,1908.5
ga,tai30_15_09,30x15,V2,27,1941.5
ga,tai30_15_09,30x15,V2,28,1934.5
ga,tai30_15_09,30x15,V2,29,1908.5
ga,tai30_15_09,30x15,V2,30,1882.5
ga,tai30_15_09,30x15,MOR,1,1972.0
ga,tai30_15_09,30x15,MOR,2,1999.0
ga,tai30_15_09,30x15,MOR,3,1974.5
ga,tai30_15_09,30x15,MOR,4,1948.0
ga,tai30_15_09,30x15,MOR,5,1970.5
ga,tai30_15_09,30x15,MOR,6,1960.0
ga,tai30_15_09,30x15,MOR,7,1976.0
ga,tai30_15_09,30x15,MOR,8,1969.5
ga,tai30_15_09,30x15,MOR,9,1979.0
ga,tai30_15_09,30x15,MOR,10,1964.5
ga,tai30_15_09,30x15,MOR,11,1996.0
ga,tai30_15_09,30x15,MOR,12,1974.0
ga,tai30_15_09,30x15,MOR,13,1979.0
ga,tai30_15_09,30x15,MOR,14,1955.5
ga,tai30_15_09,30x15,MOR,15,1973.5
ga,tai30_15_09,30x15,MOR,16,1959.0
ga,tai30_15_09,30x15,MOR,17,1972.0
ga,tai30_15_09,30x15,MOR,18,1966.0
ga,tai30_15_09,30x15,MOR,19,1964.5
ga,tai30_15_09,30x15,MOR,20,1946.0
ga,tai30_15_09,30x15,MOR,21,1962.0
ga,tai30_15_09,30x15,MOR,22,1990.0
ga,tai30_15_09,30x15,MOR,23,1967.5
ga,tai30_15_09,30x15,MOR,24,1956.5
ga,tai30_15_09,30x15,MOR,25,1964.5
ga,tai30_15_09,30x15,MOR,26,1953.0
ga,tai30_15_09,30x15,MOR,27,1957.0
ga,tai30_15_09,30x15,MOR,28,1975.5
ga,tai30_15_09,30x15,MOR,29,1961.5
ga,tai30_15_09,30x15,MOR,30,1960.5
ga,tai30_15_09,30x15,GT,1,1903.5
ga,tai30_15_09,30x15,GT,2,1884.0
ga,tai30_15_09,30x15,GT,3,1892.0
ga,tai30_15_09,30x15,GT,4,1915.5
ga,tai30_15_09,30x15,GT,5,1945.5
ga,tai30_15_09,30x15,GT,6,1907.5
ga,tai30_15_09,30x15,GT,7,1918.5
ga,tai30_15_09,30x15,GT,8,1926.0
ga,tai30_15_09,30x15,GT,9,1915.5
ga,tai30_15_09,30x15,GT,10,1923.5
ga,tai30_15_09,30x15,GT,11,1897.0
ga,tai30_15_09,30x15,GT,12,1896.5
ga,tai30_15_09,30x15,GT,13,1945.5
ga,tai30_15_09,30x15,GT,14,1918.5
ga,tai30_15_09,30x15,GT,15,1904.0
ga,tai30_15_09,30x15,GT,16,1919.0
ga,tai30_15_09,30x15,GT,17,1906.0
ga,tai30_15_09,30x15,GT,18,1903.5
ga,tai30_15_09,30x15,GT,19,1907.0
ga,tai30_15_09,30x15,GT,20,1920.5
ga,tai30_15_09,30x15,GT,21,1908.5
ga,tai30_15_09,30x15,GT,22,1884.0
ga,tai30_15_09,30x15,GT,23,1908.0
ga,tai30_15_09,30x15,GT,24,1901.0
ga,tai30_15_09,30x15,GT,25,1890.0
ga,tai30_15_09,30x15,GT,26,1909.5
ga,tai30_15_09,30x15,GT,27,1936.0
ga,tai30_15_09,30x15,GT,28,1927.0
ga,tai30_15_09,30x15,GT,29,1912.5
ga,tai30_15_09,30x15,GT,30,1882.5
ga,tai30_15_09,30x15,GP,1,1929.0
ga,tai30_15_09,30x15,GP,2,1888.0
ga,tai30_15_09,30x15,GP,3,1869.0
ga,tai30_15_09,30x15,GP,4,1916.0
ga,tai30_15_09,30x15,GP,5,1911.5
ga,tai30_15_09,30x15,GP,6,1893.5
ga,tai30_15_09,30x15,GP,7,1861.5
ga,tai30_15_09,30x15,GP,8,1899.5
ga,tai30_15_09,30x15,GP,9,1918.0
ga,tai30_15_09,30x15,GP,10,1888.0
ga,tai30_15_09,30x15,GP,11,1914.5
ga,tai30_15_09,30x15,GP,12,1872.0
ga,tai30_15_09,30x15,GP,13,1903.0
ga,tai30_15_09,30x15,GP,14,1890.5
ga,tai30_15_09,30x15,GP,15,1923.0
ga,tai30_15_09,30x15,GP,16,1888.5
ga,tai30_15_09,30x15,GP,17,1879.0
ga,tai30_15_09,30x15,GP,18,1907.0
ga,tai30_15_09,30x15,GP,19,1866.0
ga,tai30_15_09,30x15,GP,20,1884.0
ga,tai30_15_09,30x15,GP,21,1910.0
ga,tai30_15_09,30x15,GP,22,1920.5
ga,tai30_15_09,30x15,GP,23,1900.0
ga,tai30_15_09,30x15,GP,24,1900.5
ga,tai30_15_09,30x15,GP,25,1878.5
ga,tai30_15_09,30x15,GP,26,1903.0
ga,tai30_15_09,30x15,GP,27,1877.0
ga,tai30_15_09,30x15,GP,28,1875.5
ga,tai30_15_09,30x15,GP,29,1900.0
ga,tai30_15_09,30x15,GP,30,1914.0
ga,tai30_15_09,30x15,MIX,1,1919.0
ga,tai30_15_09,30x15,MIX,2,1900.0
ga,tai30_15_09,30x15,MIX,3,1946.0
ga,tai30_15_09,30x15,MIX,4,1876.5
ga,tai30_15_09,30x15,MIX,5,1925.0
ga,tai30_15_09,30x15,MIX,6,1895.0
ga,tai30_15_09,30x15,MIX,7,1943.5
ga,tai30_15_09,30x15,MIX,8,1874.0
ga,tai30_15_09,30x15,MIX,9,1922.5
ga,tai30_15_09,30x15,MIX,10,1923.5
ga,tai30_15_09,30x15,MIX,11,1894.5
ga,tai30_15_09,30x15,MIX,12,1901.0
ga,tai30_15_09,30x15,MIX,13,1876.0
ga,tai30_15_09,30x15,MIX,14,1899.0
ga,tai30_15_09,30x15,MIX,15,1910.0
ga,tai30_15_09,30x15,MIX,16,1920.0
ga,tai30_15_09,30x15,MIX,17,1898.0
ga,tai30_15_09,30x15,MIX,18,1908.5
ga,tai30_15_09,30x15,MIX,19,1898.5
ga,tai30_15_09,30x15,MIX,20,1908.5
ga,tai30_15_09,30x15,MIX,21,1915.5
ga,tai30_15_09,30x15,MIX,22,1905.0
ga,tai30_15_09,30x15,MIX,23,1903.5
ga,tai30_15_09,30x15,MIX,24,1910.5
ga,tai30_15_09,30x15,MIX,25,1931.0
ga,tai30_15_09,30x15,MIX,26,1914.5
ga,tai30_15_09,30x15,MIX,27,1907.0
ga,tai30_15_09,30x15,MIX,28,1900.5
ga,tai30_15_09,30x15,MIX,29,1895.5
ga,tai30_15_09,30x15,MIX,30,1925.0
ga,tai30_15_10,30x15,A0,1,1827.5
ga,tai30_15_10,30x15,A0,2,1811.0
ga,tai30_15_10,30x15,A0,3,1828.0
ga,tai30_15_10,30x15,A0,4,1849.5
ga,tai30_15_10,30x15,A0,5,1840.0
ga,tai30_15_10,30x15,A0,6,1825.0
ga,tai30_15_10,30x15,A0,7,1834.0
ga,tai30_15_10,30x15,A0,8,1817.5
ga,tai30_15_10,30x15,A0,9,1839.0
ga,tai30_15_10,30x15,A0,10,1834.0
ga,tai30_15_10,30x15,A0,11,1820.0
ga,tai30_15_10,30x15,A0,12,1816.5
ga,tai30_15_10,30x15,A0,13,1833.0
ga,tai30_15_10,30x15,A0,14,1840.0
ga,tai30_15_10,30x15,A0,15,1833.0
ga,tai30_15_10,30x15,A0,16,1839.0
ga,tai30_15_10,30x15,A0,17,1833.0
ga,tai30_15_10,30x15,A0,18,1833.0
ga,tai30_15_10,30x15,A0,19,1841.5
ga,tai30_15_10,30x15,A0,20,1839.0
ga,tai30_15_10,30x15,A0,21,1828.5
ga,tai30_15_10,30x15,A0,22,1825.0
ga,tai30_15_10,30x15,A0,23,1819.0
ga,tai30_15_10,30x15,A0,24,1833.0
ga,tai30_15_10,30x15,A0,25,1840.0
ga,tai30_15_10,30x15,A0,26,1821.0
ga,tai30_15_10,30x15,A0,27,1835.5
ga,tai30_15_10,30x15,A0,28,1840.0
ga,tai30_15_10,30x15,A0,29,1813.5
ga,tai30_15_10,30x15,A0,30,1819.0
ga,tai30_15_10,30x15,V2H,1,1841.0
ga,tai30_15_10,30x15,V2H,2,1814.0
ga,tai30_15_10,30x15,V2H,3,1849.5
ga,tai30_15_10,30x15,V2H,4,1825.5
ga,tai30_15_10,30x15,V2H,5,1829.5
ga,tai30_15_10,30x15,V2H,6,1814.5
ga,tai30_15_10,30x15,V2H,7,1819.0
ga,tai30_15_10,30x15,V2H,8,1841.0
ga,tai30_15_10,30x15,V2H,9,1815.5
ga,tai30_15_10,30x15,V2H,10,1821.0
ga,tai30_15_10,30x15,V2H,11,1839.0
ga,tai30_15_10,30x15,V2H,12,1822.0
ga,tai30_15_10,30x15,V2H,13,1823.5
ga,tai30_15_10,30x15,V2H,14,1822.0
ga,tai30_15_10,30x15,V2H,15,1843.0
ga,tai30_15_10,30x15,V2H,16,1821.5
ga,tai30_15_10,30x15,V2H,17,1845.0
ga,tai30_15_10,30x15,V2H,18,1824.5
ga,tai30_15_10,30x15,V2H,19,1832.0
ga,tai30_15_10,30x15,V2H,20,1831.0
ga,tai30_15_10,30x15,V2H,21,1798.5
ga,tai30_15_10,30x15,V2H,22,1829.0
ga,tai30_15_10,30x15,V2H,23,1854.5
ga,tai30_15_10,30x15,V2H,24,1859.5
ga,tai30_15_10,30x15,V2H,25,1824.5
ga,tai30_15_10,30x15,V2H,26,1836.5
ga,tai30_15_10,30x15,V2H,27,1841.0
ga,tai30_15_10,30x15,V2H,28,1846.0
ga,tai30_15_10,30x15,V2H,29,1834.0
ga,tai30_15_10,30x15,V2H,30,1825.0
ga,tai30_15_10,30x15,V2,1,1815.5
ga,tai30_15_10,30x15,V2,2,1838.5
ga,tai30_15_10,30x15,V2,3,1853.0
ga,tai30_15_10,30x15,V2,4,1805.0
ga,tai30_15_10,30x15,V2,5,1814.5
ga,tai30_15_10,30x15,V2,6,1811.5
ga,tai30_15_10,30x15,V2,7,1817.5
ga,tai30_15_10,30x15,V2,8,1824.0
ga,tai30_15_10,30x15,V2,9,1785.5
ga,tai30_15_10,30x15,V2,10,1790.0
ga,tai30_15_10,30x15,V2,11,1843.0
ga,tai30_15_10,30x15,V2,12,1812.0
ga,tai30_15_10,30x15,V2,13,1809.0
ga,tai30_15_10,30x15,V2,14,1823.0
ga,tai30_15_10,30x15,V2,15,1835.0
ga,tai30_15_10,30x15,V2,16,1835.5
ga,tai30_15_10,30x15,V2,17,1814.0
ga,tai30_15_10,30x15,V2,18,1823.5
ga,tai30_15_10,30x15,V2,19,1830.0
ga,tai30_15_10,30x15,V2,20,1823.0
ga,tai30_15_10,30x15,V2,21,1830.0
ga,tai30_15_10,30x15,V2,22,1815.5
ga,tai30_15_10,30x15,V2,23,1815.0
ga,tai30_15_10,30x15,V2,24,1831.0
ga,tai30_15_10,30x15,V2,25,1812.0
ga,tai30_15_10,30x15,V2,26,1821.5
ga,tai30_15_10,30x15,V2,27,1830.0
ga,tai30_15_10,30x15,V2,28,1829.0
ga,tai30_15_10,30x15,V2,29,1834.0
ga,tai30_15_10,30x15,V2,30,1808.5
ga,tai30_15_10,30x15,MOR,1,1873.5
ga,tai30_15_10,30x15,MOR,2,1855.5
ga,tai30_15_10,30x15,MOR,3,1872.0
ga,tai30_15_10,30x15,MOR,4,1855.0
ga,tai30_15_10,30x15,MOR,5,1854.0
ga,tai30_15_10,30x15,MOR,6,1847.0
ga,tai30_15_10,30x15,MOR,7,1881.5
ga,tai30_15_10,30x15,MOR,8,1868.0
ga,tai30_15_10,30x15,MOR,9,1853.5
ga,tai30_15_10,30x15,MOR,10,1870.5
ga,tai30_15_10,30x15,MOR,11,1858.0
ga,tai30_15_10,30x15,MOR,12,1878.5
ga,tai30_15_10,30x15,MOR,13,1875.0
ga,tai30_15_10,30x15,MOR,14,1849.5
ga,tai30_15_10,30x15,MOR,15,1877.0
ga,tai30_15_10,30x15,MOR,16,1890.5
ga,tai30_15_10,30x15,MOR,17,1861.0
ga,tai30_15_10,30x15,MOR,18,1870.0
ga,tai30_15_10,30x15,MOR,19,1864.5
ga,tai30_15_10,30x15,MOR,20,1879.5
ga,tai30_15_10,30x15,MOR,21,1876.5
ga,tai30_15_10,30x15,MOR,22,1872.0
ga,tai30_15_10,30x15,MOR,23,1885.0
ga,tai30_15_10,30x15,MOR,24,1877.0
ga,tai30_15_10,30x15,MOR,25,1893.5
ga,tai30_15_10,30x15,MOR,26,1858.0
ga,tai30_15_10,30x15,MOR,27,1877.5
ga,tai30_15_10,30x15,MOR,28,1882.0
ga,tai30_15_10,30x15,MOR,29,1849.0
ga,tai30_15_10,30x15,MOR,30,1886.5
ga,tai30_15_10,30x15,GT,1,1862.5
ga,tai30_15_10,30x15,GT,2,1850.0
ga,tai30_15_10,30x15,GT,3,1826.5
ga,tai30_15_10,30x15,GT,4,1848.0
ga,tai30_15_10,30x15,GT,5,1851.0
ga,tai30_15_10,30x15,GT,6,1827.5
ga,tai30_15_10,30x15,GT,7,1832.5
ga,tai30_15_10,30x15,GT,8,1843.0
ga,tai30_15_10,30x15,GT,9,1842.0
ga,tai30_15_10,30x15,GT,10,1858.0
ga,tai30_15_10,30x15,GT,11,1854.0
ga,tai30_15_10,30x15,GT,12,1863.5
ga,tai30_15_10,30x15,GT,13,1850.5
ga,tai30_15_10,30x15,GT,14,1858.0
ga,tai30_15_10,30x15,GT,15,1849.0
ga,tai30_15_10,30x15,GT,16,1850.5
ga,tai30_15_10,30x15,GT,17,1855.5
ga,tai30_15_10,30x15,GT,18,1843.0
ga,tai30_15_10,30x15,GT,19,1851.5
ga,tai30_15_10,30x15,GT,20,1866.0
ga,tai30_15_10,30x15,GT,21,1858.0
ga,tai30_15_10,30x15,GT,22,1851.5
ga,tai30_15_10,30x15,GT,23,1841.0
ga,tai30_15_10,30x15,GT,24,1850.5
ga,tai30_15_10,30x15,GT,25,1852.5
ga,tai30_15_10,30x15,GT,26,1870.0
ga,tai30_15_10,30x15,GT,27,1856.5
ga,tai30_15_10,30x15,GT,28,1842.0
ga,tai30_15_10,30x15,GT,29,1855.0
ga,tai30_15_10,30x15,GT,30,1859.0
ga,tai30_15_10,30x15,GP,1,1828.5
ga,tai30_15_10,30x15,GP,2,1854.5
ga,tai30_15_10,30x15,GP,3,1859.0
ga,tai30_15_10,30x15,GP,4,1831.5
ga,tai30_15_10,30x15,GP,5,1872.5
ga,tai30_15_10,30x15,GP,6,1840.0
ga,tai30_15_10,30x15,GP,7,1825.0
ga,tai30_15_10,30x15,GP,8,1844.0
ga,tai30_15_10,30x15,GP,9,1851.0
ga,tai30_15_10,30x15,GP,10,1848.5
ga,tai30_15_10,30x15,GP,11,1856.0
ga,tai30_15_10,30x15,GP,12,1862.5
ga,tai30_15_10,30x15,GP,13,1819.0
ga,tai30_15_10,30x15,GP,14,1824.5
ga,tai30_15_10,30x15,GP,15,1862.5
ga,tai30_15_10,30x15,GP,16,1826.0
ga,tai30_15_10,30x15,GP,17,1832.0
ga,tai30_15_10,30x15,GP,18,1855.0
ga,tai30_15_10,30x15,GP,19,1854.5
ga,tai30_15_10,30x15,GP,20,1843.0
ga,tai30_15_10,30x15,GP,21,1848.0
ga,tai30_15_10,30x15,GP,22,1853.0
ga,tai30_15_10,30x15,GP,23,1853.0
ga,tai30_15_10,30x15,GP,24,1835.5
ga,tai30_15_10,30x15,GP,25,1841.5
ga,tai30_15_10,30x15,GP,26,1841.0
ga,tai30_15_10,30x15,GP,27,1858.5
ga,tai30_15_10,30x15,GP,28,1833.0
ga,tai30_15_10,30x15,GP,29,1818.5
ga,tai30_15_10,30x15,GP,30,1851.0
ga,tai30_15_10,30x15,MIX,1,1851.0
ga,tai30_15_10,30x15,MIX,2,1838.0
ga,tai30_15_10,30x15,MIX,3,1825.5
ga,tai30_15_10,30x15,MIX,4,1844.5
ga,tai30_15_10,30x15,MIX,5,1829.5
ga,tai30_15_10,30x15,MIX,6,1837.5
ga,tai30_15_10,30x15,MIX,7,1843.0
ga,tai30_15_10,30x15,MIX,8,1829.5
ga,tai30_15_10,30x15,MIX,9,1827.5
ga,tai30_15_10,30x15,MIX,10,1819.0
ga,tai30_15_10,30x15,MIX,11,1838.0
ga,tai30_15_10,30x15,MIX,12,1809.5
ga,tai30_15_10,30x15,MIX,13,1816.0
ga,tai30_15_10,30x15,MIX,14,1844.5
ga,tai30_15_10,30x15,MIX,15,1849.5
ga,tai30_15_10,30x15,MIX,16,1819.0
ga,tai30_15_10,30x15,MIX,17,1825.0
ga,tai30_15_10,30x15,MIX,18,1843.0
ga,tai30_15_10,30x15,MIX,19,1851.5
ga,tai30_15_10,30x15,MIX,20,1833.0
ga,tai30_15_10,30x15,MIX,21,1860.0
ga,tai30_15_10,30x15,MIX,22,1823.0
ga,tai30_15_10,30x15,MIX,23,1838.5
ga,tai30_15_10,30x15,MIX,24,1846.0
ga,tai30_15_10,30x15,MIX,25,1826.0
ga,tai30_15_10,30x15,MIX,26,1827.0
ga,tai30_15_10,30x15,MIX,27,1819.5
ga,tai30_15_10,30x15,MIX,28,1834.0
ga,tai30_15_10,30x15,MIX,29,1804.0
ga,tai30_15_10,30x15,MIX,30,1807.5
ga,tai30_20_01,30x20,A0,1,2216.0
ga,tai30_20_01,30x20,A0,2,2226.0
ga,tai30_20_01,30x20,A0,3,2237.5
ga,tai30_20_01,30x20,A0,4,2248.5
ga,tai30_20_01,30x20,A0,5,2246.0
ga,tai30_20_01,30x20,A0,6,2240.5
ga,tai30_20_01,30x20,A0,7,2245.5
ga,tai30_20_01,30x20,A0,8,2195.0
ga,tai30_20_01,30x20,A0,9,2253.0
ga,tai30_20_01,30x20,A0,10,2218.0
ga,tai30_20_01,30x20,A0,11,2235.0
ga,tai30_20_01,30x20,A0,12,2254.5
ga,tai30_20_01,30x20,A0,13,2269.5
ga,tai30_20_01,30x20,A0,14,2232.5
ga,tai30_20_01,30x20,A0,15,2222.0
ga,tai30_20_01,30x20,A0,16,2246.0
ga,tai30_20_01,30x20,A0,17,2245.5
ga,tai30_20_01,30x20,A0,18,2225.5
ga,tai30_20_01,30x20,A0,19,2221.5
ga,tai30_20_01,30x20,A0,20,2243.0
ga,tai30_20_01,30x20,A0,21,2276.5
ga,tai30_20_01,30x20,A0,22,2253.0
ga,tai30_20_01,30x20,A0,23,2256.0
ga,tai30_20_01,30x20,A0,24,2235.0
ga,tai30_20_01,30x20,A0,25,2222.5
ga,tai30_20_01,30x20,A0,26,2274.0
ga,tai30_20_01,30x20,A0,27,2232.0
ga,tai30_20_01,30x20,A0,28,2235.5
ga,tai30_20_01,30x20,A0,29,2207.5
ga,tai30_20_01,30x20,A0,30,2259.5
ga,tai30_20_01,30x20,V2H,1,2246.0
ga,tai30_20_01,30x20,V2H,2,2281.5
ga,tai30_20_01,30x20,V2H,3,2245.0
ga,tai30_20_01,30x20,V2H,4,2235.5
ga,tai30_20_01,30x20,V2H,5,2225.0
ga,tai30_20_01,30x20,V2H,6,2222.5
ga,tai30_20_01,30x20,V2H,7,2261.5
ga,tai30_20_01,30x20,V2H,8,2204.0
ga,tai30_20_01,30x20,V2H,9,2232.0
ga,tai30_20_01,30x20,V2H,10,2214.5
ga,tai30_20_01,30x20,V2H,11,2232.5
ga,tai30_20_01,30x20,V2H,12,2238.0
ga,tai30_20_01,30x20,V2H,13,2203.5
ga,tai30_20_01,30x20,V2H,14,2212.0
ga,tai30_20_01,30x20,V2H,15,2245.0
ga,tai30_20_01,30x20,V2H,16,2247.5
ga,tai30_20_01,30x20,V2H,17,2231.0
ga,tai30_20_01,30x20,V2H,18,2240.0
ga,tai30_20_01,30x20,V2H,19,2286.0
ga,tai30_20_01,30x20,V2H,20,2232.0
ga,tai30_20_01,30x20,V2H,21,2207.5
ga,tai30_20_01,30x20,V2H,22,2263.0
ga,tai30_20_01,30x20,V2H,23,2205.0
ga,tai30_20_01,30x20,V2H,24,2237.5
ga,tai30_20_01,30x20,V2H,25,2228.5
ga,tai30_20_01,30x20,V2H,26,2225.5
ga,tai30_20_01,30x20,V2H,27,2259.5
ga,tai30_20_01,30x20,V2H,28,2220.0
ga,tai30_20_01,30x20,V2H,29,2228.0
ga,tai30_20_01,30x20,V2H,30,2245.0
ga,tai30_20_01,30x20,V2,1,2253.5
ga,tai30_20_01,30x20,V2,2,2276.5
ga,tai30_20_01,30x20,V2,3,2252.5
ga,tai30_20_01,30x20,V2,4,2215.0
ga,tai30_20_01,30x20,V2,5,2217.0
ga,tai30_20_01,30x20,V2,6,2266.5
ga,tai30_20_01,30x20,V2,7,2224.5
ga,tai30_20_01,30x20,V2,8,2222.5
ga,tai30_20_01,30x20,V2,9,2233.0
ga,tai30_20_01,30x20,V2,10,2218.5
ga,tai30_20_01,30x20,V2,11,2273.5
ga,tai30_20_01,30x20,V2,12,2212.0
ga,tai30_20_01,30x20,V2,13,2253.5
ga,tai30_20_01,30x20,V2,14,2201.5
ga,tai30_20_01,30x20,V2,15,2193.0
ga,tai30_20_01,30x20,V2,16,2241.0
ga,tai30_20_01,30x20,V2,17,2241.0
ga,tai30_20_01,30x20,V2,18,2212.5
ga,tai30_20_01,30x20,V2,19,2260.5
ga,tai30_20_01,30x20,V2,20,2261.5
ga,tai30_20_01,30x20,V2,21,2261.5
ga,tai30_20_01,30x20,V2,22,2252.5
ga,tai30_20_01,30x20,V2,23,2246.0
ga,tai30_20_01,30x20,V2,24,2252.5
ga,tai30_20_01,30x20,V2,25,2213.5
ga,tai30_20_01,30x20,V2,26,2234.0
ga,tai30_20_01,30x20,V2,27,2269.5
ga,tai30_20_01,30x20,V2,28,2284.5
ga,tai30_20_01,30x20,V2,29,2249.0
ga,tai30_20_01,30x20,V2,30,2261.0
ga,tai30_20_01,30x20,MOR,1,2313.0
ga,tai30_20_01,30x20,MOR,2,2266.5
ga,tai30_20_01,30x20,MOR,3,2287.0
ga,tai30_20_01,30x20,MOR,4,2334.0
ga,tai30_20_01,30x20,MOR,5,2285.5
ga,tai30_20_01,30x20,MOR,6,2312.5
ga,tai30_20_01,30x20,MOR,7,2307.5
ga,tai30_20_01,30x20,MOR,8,2288.0
ga,tai30_20_01,30x20,MOR,9,2305.0
ga,tai30_20_01,30x20,MOR,10,2293.0
ga,tai30_20_01,30x20,MOR,11,2305.5
ga,tai30_20_01,30x20,MOR,12,2292.5
ga,tai30_20_01,30x20,MOR,13,2274.5
ga,tai30_20_01,30x20,MOR,14,2289.0
ga,tai30_20_01,30x20,MOR,15,2292.5
ga,tai30_20_01,30x20,MOR,16,2296.0
ga,tai30_20_01,30x20,MOR,17,2309.5
ga,tai30_20_01,30x20,MOR,18,2277.0
ga,tai30_20_01,30x20,MOR,19,2321.0
ga,tai30_20_01,30x20,MOR,20,2283.5
ga,tai30_20_01,30x20,MOR,21,2291.0
ga,tai30_20_01,30x20,MOR,22,2301.0
ga,tai30_20_01,30x20,MOR,23,2307.0
ga,tai30_20_01,30x20,MOR,24,2287.0
ga,tai30_20_01,30x20,MOR,25,2317.0
ga,tai30_20_01,30x20,MOR,26,2342.5
ga,tai30_20_01,30x20,MOR,27,2281.0
ga,tai30_20_01,30x20,MOR,28,2285.5
ga,tai30_20_01,30x20,MOR,29,2274.5
ga,tai30_20_01,30x20,MOR,30,2281.5
ga,tai30_20_01,30x20,GT,1,2298.0
ga,tai30_20_01,30x20,GT,2,2300.5
ga,tai30_20_01,30x20,GT,3,2279.0
ga,tai30_20_01,30x20,GT,4,2300.0
ga,tai30_20_01,30x20,GT,5,2267.5
ga,tai30_20_01,30x20,GT,6,2313.0
ga,tai30_20_01,30x20,GT,7,2274.5
ga,tai30_20_01,30x20,GT,8,2267.5
ga,tai30_20_01,30x20,GT,9,2282.5
ga,tai30_20_01,30x20,GT,10,2310.0
ga,tai30_20_01,30x20,GT,11,2326.5
ga,tai30_20_01,30x20,GT,12,2324.0
ga,tai30_20_01,30x20,GT,13,2290.0
ga,tai30_20_01,30x20,GT,14,2303.5
ga,tai30_20_01,30x20,GT,15,2291.5
ga,tai30_20_01,30x20,GT,16,2327.0
ga,tai30_20_01,30x20,GT,17,2276.0
ga,tai30_20_01,30x20,GT,18,2281.0
ga,tai30_20_01,30x20,GT,19,2322.0
ga,tai30_20_01,30x20,GT,20,2323.0
ga,tai30_20_01,30x20,GT,21,2310.0
ga,tai30_20_01,30x20,GT,22,2324.0
ga,tai30_20_01,30x20,GT,23,2286.0
ga,tai30_20_01,30x20,GT,24,2312.0
ga,tai30_20_01,30x20,GT,25,2322.0
ga,tai30_20_01,30x20,GT,26,2340.0
ga,tai30_20_01,30x20,GT,27,2321.0
ga,tai30_20_01,30x20,GT,28,2263.0
ga,tai30_20_01,30x20,GT,29,2288.0
ga,tai30_20_01,30x20,GT,30,2270.0
ga,tai30_20_01,30x20,GP,1,2275.0
ga,tai30_20_01,30x20,GP,2,2305.0
ga,tai30_20_01,30x20,GP,3,2291.0
ga,tai30_20_01,30x20,GP,4,2270.0
ga,tai30_20_01,30x20,GP,5,2285.5
ga,tai30_20_01,30x20,GP,6,2244.0
ga,tai30_20_01,30x20,GP,7,2276.0
ga,tai30_20_01,30x20,GP,8,2285.0
ga,tai30_20_01,30x20,GP,9,2257.0
ga,tai30_20_01,30x20,GP,10,2307.0
ga,tai30_20_01,30x20,GP,11,2264.5
ga,tai30_20_01,30x20,GP,12,2278.0
ga,tai30_20_01,30x20,GP,13,2258.0
ga,tai30_20_01,30x20,GP,14,2310.0
ga,tai30_20_01,30x20,GP,15,2262.0
ga,tai30_20_01,30x20,GP,16,2262.0
ga,tai30_20_01,30x20,GP,17,2279.5
ga,tai30_20_01,30x20,GP,18,2265.5
ga,tai30_20_01,30x20,GP,19,2245.0
ga,tai30_20_01,30x20,GP,20,2277.5
ga,tai30_20_01,30x20,GP,21,2261.5
ga,tai30_20_01,30x20,GP,22,2292.5
ga,tai30_20_01,30x20,GP,23,2310.0
ga,tai30_20_01,30x20,GP,24,2259.5
ga,tai30_20_01,30x20,GP,25,2261.5
ga,tai30_20_01,30x20,GP,26,2294.5
ga,tai30_20_01,30x20,GP,27,2255.5
ga,tai30_20_01,30x20,GP,28,2274.0
ga,tai30_20_01,30x20,GP,29,2266.0
ga,tai30_20_01,30x20,GP,30,2264.0
ga,tai30_20_01,30x20,MIX,1,2208.0
ga,tai30_20_01,30x20,MIX,2,2232.0
ga,tai30_20_01,30x20,MIX,3,2209.0
ga,tai30_20_01,30x20,MIX,4,2260.5
ga,tai30_20_01,30x20,MIX,5,2237.0
ga,tai30_20_01,30x20,MIX,6,2227.5
ga,tai30_20_01,30x20,MIX,7,2244.5
ga,tai30_20_01,30x20,MIX,8,2222.5
ga,tai30_20_01,30x20,MIX,9,2230.0
ga,tai30_20_01,30x20,MIX,10,2264.0
ga,tai30_20_01,30x20,MIX,11,2206.0
ga,tai30_20_01,30x20,MIX,12,2211.0
ga,tai30_20_01,30x20,MIX,13,2228.0
ga,tai30_20_01,30x20,MIX,14,2270.0
ga,tai30_20_01,30x20,MIX,15,2195.0
ga,tai30_20_01,30x20,MIX,16,2210.0
ga,tai30_20_01,30x20,MIX,17,2203.5
ga,tai30_20_01,30x20,MIX,18,2193.5
ga,tai30_20_01,30x20,MIX,19,2205.0
ga,tai30_20_01,30x20,MIX,20,2235.5
ga,tai30_20_01,30x20,MIX,21,2239.5
ga,tai30_20_01,30x20,MIX,22,2253.5
ga,tai30_20_01,30x20,MIX,23,2279.5
ga,tai30_20_01,30x20,MIX,24,2224.0
ga,tai30_20_01,30x20,MIX,25,2222.5
ga,tai30_20_01,30x20,MIX,26,2224.5
ga,tai30_20_01,30x20,MIX,27,2251.5
ga,tai30_20_01,30x20,MIX,28,2235.0
ga,tai30_20_01,30x20,MIX,29,2261.5
ga,tai30_20_01,30x20,MIX,30,2237.0
ga,tai30_20_02,30x20,A0,1,2128.0
ga,tai30_20_02,30x20,A0,2,2135.5
ga,tai30_20_02,30x20,A0,3,2124.5
ga,tai30_20_02,30x20,A0,4,2167.0
ga,tai30_20_02,30x20,A0,5,2159.5
ga,tai30_20_02,30x20,A0,6,2123.0
ga,tai30_20_02,30x20,A0,7,2146.0
ga,tai30_20_02,30x20,A0,8,2151.0
ga,tai30_20_02,30x20,A0,9,2134.0
ga,tai30_20_02,30x20,A0,10,2167.0
ga,tai30_20_02,30x20,A0,11,2149.5
ga,tai30_20_02,30x20,A0,12,2136.0
ga,tai30_20_02,30x20,A0,13,2144.0
ga,tai30_20_02,30x20,A0,14,2132.0
ga,tai30_20_02,30x20,A0,15,2140.5
ga,tai30_20_02,30x20,A0,16,2117.0
ga,tai30_20_02,30x20,A0,17,2116.0
ga,tai30_20_02,30x20,A0,18,2165.0
ga,tai30_20_02,30x20,A0,19,2157.5
ga,tai30_20_02,30x20,A0,20,2129.5
ga,tai30_20_02,30x20,A0,21,2143.0
ga,tai30_20_02,30x20,A0,22,2134.0
ga,tai30_20_02,30x20,A0,23,2149.5
ga,tai30_20_02,30x20,A0,24,2134.5
ga,tai30_20_02,30x20,A0,25,2133.0
ga,tai30_20_02,30x20,A0,26,2159.0
ga,tai30_20_02,30x20,A0,27,2145.0
ga,tai30_20_02,30x20,A0,28,2119.0
ga,tai30_20_02,30x20,A0,29,2134.0
ga,tai30_20_02,30x20,A0,30,2174.0
ga,tai30_20_02,30x20,V2H,1,2156.5
ga,tai30_20_02,30x20,V2H,2,2105.5
ga,tai30_20_02,30x20,V2H,3,2118.0
ga,tai30_20_02,30x20,V2H,4,2130.0
ga,tai30_20_02,30x20,V2H,5,2105.5
ga,tai30_20_02,30x20,V2H,6,2111.5
ga,tai30_20_02,30x20,V2H,7,2110.5
ga,tai30_20_02,30x20,V2H,8,2140.0
ga,tai30_20_02,30x20,V2H,9,2137.5
ga,tai30_20_02,30x20,V2H,10,2129.0
ga,tai30_20_02,30x20,V2H,11,2105.5
ga,tai30_20_02,30x20,V2H,12,2118.0
ga,tai30_20_02,30x20,V2H,13,2132.5
ga,tai30_20_02,30x20,V2H,14,2102.5
ga,tai30_20_02,30x20,V2H,15,2119.0
ga,tai30_20_02,30x20,V2H,16,2116.5
ga,tai30_20_02,30x20,V2H,17,2111.5
ga,tai30_20_02,30x20,V2H,18,2124.5
ga,tai30_20_02,30x20,V2H,19,2136.5
ga,tai30_20_02,30x20,V2H,20,2138.5
ga,tai30_20_02,30x20,V2H,21,2119.0
ga,tai30_20_02,30x20,V2H,22,2093.5
ga,tai30_20_02,30x20,V2H,23,2089.0
ga,tai30_20_02,30x20,V2H,24,2111.0
ga,tai30_20_02,30x20,V2H,25,2117.5
ga,tai30_20_02,30x20,V2H,26,2116.5
ga,tai30_20_02,30x20,V2H,27,2137.0
ga,tai30_20_02,30x20,V2H,28,2141.0
ga,tai30_20_02,30x20,V2H,29,2103.0
ga,tai30_20_02,30x20,V2H,30,2172.0
ga,tai30_20_02,30x20,V2,1,2129.5
ga,tai30_20_02,30x20,V2,2,2137.5
ga,tai30_20_02,30x20,V2,3,2111.5
ga,tai30_20_02,30x20,V2,4,2130.0
ga,tai30_20_02,30x20,V2,5,2147.0
ga,tai30_20_02,30x20,V2,6,2132.5
ga,tai30_20_02,30x20,V2,7,2109.0
ga,tai30_20_02,30x20,V2,8,2121.0
ga,tai30_20_02,30x20,V2,9,2126.0
ga,tai30_20_02,30x20,V2,10,2142.5
ga,tai30_20_02,30x20,V2,11,2172.5
ga,tai30_20_02,30x20,V2,12,2126.0
ga,tai30_20_02,30x20,V2,13,2139.0
ga,tai30_20_02,30x20,V2,14,2157.5
ga,tai30_20_02,30x20,V2,15,2095.0
ga,tai30_20_02,30x20,V2,16,2105.0
ga,tai30_20_02,30x20,V2,17,2129.0
ga,tai30_20_02,30x20,V2,18,2132.0
ga,tai30_20_02,30x20,V2,19,2126.5
ga,tai30_20_02,30x20,V2,20,2155.0
ga,tai30_20_02,30x20,V2,21,2112.5
ga,tai30_20_02,30x20,V2,22,2139.5
ga,tai30_20_02,30x20,V2,23,2150.5
ga,tai30_20_02,30x20,V2,24,2138.0
ga,tai30_20_02,30x20,V2,25,2122.5
ga,tai30_20_02,30x20,V2,26,2127.0
ga,tai30_20_02,30x20,V2,27,2090.5
ga,tai30_20_02,30x20,V2,28,2160.0
ga,tai30_20_02,30x20,V2,29,2107.5
ga,tai30_20_02,30x20,V2,30,2171.0
ga,tai30_20_02,30x20,MOR,1,2224.5
ga,tai30_20_02,30x20,MOR,2,2224.5
ga,tai30_20_02,30x20,MOR,3,2220.0
ga,tai30_20_02,30x20,MOR,4,2209.0
ga,tai30_20_02,30x20,MOR,5,2214.5
ga,tai30_20_02,30x20,MOR,6,2212.0
ga,tai30_20_02,30x20,MOR,7,2234.0
ga,tai30_20_02,30x20,MOR,8,2216.0
ga,tai30_20_02,30x20,MOR,9,2188.0
ga,tai30_20_02,30x20,MOR,10,2214.0
ga,tai30_20_02,30x20,MOR,11,2221.0
ga,tai30_20_02,30x20,MOR,12,2215.0
ga,tai30_20_02,30x20,MOR,13,2189.0
ga,tai30_20_02,30x20,MOR,14,2225.0
ga,tai30_20_02,30x20,MOR,15,2226.0
ga,tai30_20_02,30x20,MOR,16,2222.0
ga,tai30_20_02,30x20,MOR,17,2228.0
ga,tai30_20_02,30x20,MOR,18,2196.5
ga,tai30_20_02,30x20,MOR,19,2206.5
ga,tai30_20_02,30x20,MOR,20,2229.0
ga,tai30_20_02,30x20,MOR,21,2205.5
ga,tai30_20_02,30x20,MOR,22,2210.5
ga,tai30_20_02,30x20,MOR,23,2213.5
ga,tai30_20_02,30x20,MOR,24,2205.5
ga,tai30_20_02,30x20,MOR,25,2240.0
ga,tai30_20_02,30x20,MOR,26,2237.0
ga,tai30_20_02,30x20,MOR,27,2212.0
ga,tai30_20_02,30x20,MOR,28,2217.5
ga,tai30_20_02,30x20,MOR,29,2212.5
ga,tai30_20_02,30x20,MOR,30,2216.0
ga,tai30_20_02,30x20,GT,1,2196.0
ga,tai30_20_02,30x20,GT,2,2173.0
ga,tai30_20_02,30x20,GT,3,2173.0
ga,tai30_20_02,30x20,GT,4,2180.0
ga,tai30_20_02,30x20,GT,5,2173.0
ga,tai30_20_02,30x20,GT,6,2168.0
ga,tai30_20_02,30x20,GT,7,2129.0
ga,tai30_20_02,30x20,GT,8,2175.0
ga,tai30_20_02,30x20,GT,9,2152.5
ga,tai30_20_02,30x20,GT,10,2122.5
ga,tai30_20_02,30x20,GT,11,2148.0
ga,tai30_20_02,30x20,GT,12,2173.0
ga,tai30_20_02,30x20,GT,13,2146.0
ga,tai30_20_02,30x20,GT,14,2175.5
ga,tai30_20_02,30x20,GT,15,2152.0
ga,tai30_20_02,30x20,GT,16,2173.0
ga,tai30_20_02,30x20,GT,17,2173.0
ga,tai30_20_02,30x20,GT,18,2192.0
ga,tai30_20_02,30x20,GT,19,2173.0
ga,tai30_20_02,30x20,GT,20,2173.0
ga,tai30_20_02,30x20,GT,21,2196.0
ga,tai30_20_02,30x20,GT,22,2173.0
ga,tai30_20_02,30x20,GT,23,2146.0
ga,tai30_20_02,30x20,GT,24,2175.5
ga,tai30_20_02,30x20,GT,25,2150.5
ga,tai30_20_02,30x20,GT,26,2184.5
ga,tai30_20_02,30x20,GT,27,2195.0
ga,tai30_20_02,30x20,GT,28,2173.0
ga,tai30_20_02,30x20,GT,29,2210.0
ga,tai30_20_02,30x20,GT,30,2182.5
ga,tai30_20_02,30x20,GP,1,2128.5
ga,tai30_20_02,30x20,GP,2,2130.5
ga,tai30_20_02,30x20,GP,3,2175.0
ga,tai30_20_02,30x20,GP,4,2138.0
ga,tai30_20_02,30x20,GP,5,2144.0
ga,tai30_20_02,30x20,GP,6,2158.0
ga,tai30_20_02,30x20,GP,7,2138.5
ga,tai30_20_02,30x20,GP,8,2146.5
ga,tai30_20_02,30x20,GP,9,2135.5
ga,tai30_20_02,30x20,GP,10,2132.5
ga,tai30_20_02,30x20,GP,11,2132.5
ga,tai30_20_02,30x20,GP,12,2171.5
ga,tai30_20_02,30x20,GP,13,2174.0
ga,tai30_20_02,30x20,GP,14,2152.5
ga,tai30_20_02,30x20,GP,15,2126.5
ga,tai30_20_02,30x20,GP,16,2183.0
ga,tai30_20_02,30x20,GP,17,2156.0
ga,tai30_20_02,30x20,GP,18,2138.0
ga,tai30_20_02,30x20,GP,19,2142.0
ga,tai30_20_02,30x20,GP,20,2132.0
ga,tai30_20_02,30x20,GP,21,2148.5
ga,tai30_20_02,30x20,GP,22,2136.0
ga,tai30_20_02,30x20,GP,23,2150.5
ga,tai30_20_02,30x20,GP,24,2142.5
ga,tai30_20_02,30x20,GP,25,2151.5
ga,tai30_20_02,30x20,GP,26,2140.0
ga,tai30_20_02,30x20,GP,27,2168.5
ga,tai30_20_02,30x20,GP,28,2133.0
ga,tai30_20_02,30x20,GP,29,2183.0
ga,tai30_20_02,30x20,GP,30,2126.0
ga,tai30_20_02,30x20,MIX,1,2122.0
ga,tai30_20_02,30x20,MIX,2,2157.5
ga,tai30_20_02,30x20,MIX,3,2119.0
ga,tai30_20_02,30x20,MIX,4,2130.5
ga,tai30_20_02,30x20,MIX,5,2157.0
ga,tai30_20_02,30x20,MIX,6,2108.5
ga,tai30_20_02,30x20,MIX,7,2151.5
ga,tai30_20_02,30x20,MIX,8,2125.0
ga,tai30_20_02,30x20,MIX,9,2129.0
ga,tai30_20_02,30x20,MIX,10,2141.0
ga,tai30_20_02,30x20,MIX,11,2136.0
ga,tai30_20_02,30x20,MIX,12,2149.0
ga,tai30_20_02,30x20,MIX,13,2139.5
ga,tai30_20_02,30x20,MIX,14,2156.0
ga,tai30_20_02,30x20,MIX,15,2116.5
ga,tai30_20_02,30x20,MIX,16,2135.0
ga,tai30_20_02,30x20,MIX,17,2132.5
ga,tai30_20_02,30x20,MIX,18,2149.0
ga,tai30_20_02,30x20,MIX,19,2115.5
ga,tai30_20_02,30x20,MIX,20,2133.0
ga,tai30_20_02,30x20,MIX,21,2108.0
ga,tai30_20_02,30x20,MIX,22,2129.5
ga,tai30_20_02,30x20,MIX,23,2136.0
ga,tai30_20_02,30x20,MIX,24,2132.0
ga,tai30_20_02,30x20,MIX,25,2133.5
ga,tai30_20_02,30x20,MIX,26,2099.5
ga,tai30_20_02,30x20,MIX,27,2136.0
ga,tai30_20_02,30x20,MIX,28,2129.0
ga,tai30_20_02,30x20,MIX,29,2125.5
ga,tai30_20_02,30x20,MIX,30,2156.0
ga,tai30_20_03,30x20,A0,1,2114.5
ga,tai30_20_03,30x20,A0,2,2114.5
ga,tai30_20_03,30x20,A0,3,2074.0
ga,tai30_20_03,30x20,A0,4,2088.5
ga,tai30_20_03,30x20,A0,5,2112.5
ga,tai30_20_03,30x20,A0,6,2074.5
ga,tai30_20_03,30x20,A0,7,2107.0
ga,tai30_20_03,30x20,A0,8,2082.5
ga,tai30_20_03,30x20,A0,9,2073.5
ga,tai30_20_03,30x20,A0,10,2081.0
ga,tai30_20_03,30x20,A0,11,2052.5
ga,tai30_20_03,30x20,A0,12,2122.5
ga,tai30_20_03,30x20,A0,13,2067.0
ga,tai30_20_03,30x20,A0,14,2051.0
ga,tai30_20_03,30x20,A0,15,2109.0
ga,tai30_20_03,30x20,A0,16,2096.0
ga,tai30_20_03,30x20,A0,17,2075.0
ga,tai30_20_03,30x20,A0,18,2085.5
ga,tai30_20_03,30x20,A0,19,2063.0
ga,tai30_20_03,30x20,A0,20,2137.5
ga,tai30_20_03,30x20,A0,21,2102.5
ga,tai30_20_03,30x20,A0,22,2098.5
ga,tai30_20_03,30x20,A0,23,2114.0
ga,tai30_20_03,30x20,A0,24,2125.0
ga,tai30_20_03,30x20,A0,25,2128.5
ga,tai30_20_03,30x20,A0,26,2091.0
ga,tai30_20_03,30x20,A0,27,2082.0
ga,tai30_20_03,30x20,A0,28,2147.0
ga,tai30_20_03,30x20,A0,29,2046.5
ga,tai30_20_03,30x20,A0,30,2086.5
ga,tai30_20_03,30x20,V2H,1,2087.0
ga,tai30_20_03,30x20,V2H,2,2075.0
ga,tai30_20_03,30x20,V2H,3,2042.0
ga,tai30_20_03,30x20,V2H,4,2088.0
ga,tai30_20_03,30x20,V2H,5,2087.5
ga,tai30_20_03,30x20,V2H,6,2072.5
ga,tai30_20_03,30x20,V2H,7,2145.0
ga,tai30_20_03,30x20,V2H,8,2055.5
ga,tai30_20_03,30x20,V2H,9,2106.0
ga,tai30_20_03,30x20,V2H,10,2109.5
ga,tai30_20_03,30x20,V2H,11,2082.0
ga,tai30_20_03,30x20,V2H,12,2117.0
ga,tai30_20_03,30x20,V2H,13,2095.0
ga,tai30_20_03,30x20,V2H,14,2063.5
ga,tai30_20_03,30x20,V2H,15,2134.5
ga,tai30_20_03,30x20,V2H,16,2071.0
ga,tai30_20_03,30x20,V2H,17,2051.5
ga,tai30_20_03,30x20,V2H,18,2086.5
ga,tai30_20_03,30x20,V2H,19,2103.0
ga,tai30_20_03,30x20,V2H,20,2071.5
ga,tai30_20_03,30x20,V2H,21,2088.0
ga,tai30_20_03,30x20,V2H,22,2110.0
ga,tai30_20_03,30x20,V2H,23,2074.5
ga,tai30_20_03,30x20,V2H,24,2098.5
ga,tai30_20_03,30x20,V2H,25,2091.5
ga,tai30_20_03,30x20,V2H,26,2115.5
ga,tai30_20_03,30x20,V2H,27,2083.0
ga,tai30_20_03,30x20,V2H,28,2084.0
ga,tai30_20_03,30x20,V2H,29,2094.0
ga,tai30_20_03,30x20,V2H,30,2105.5
ga,tai30_20_03,30x20,V2,1,2182.5
ga,tai30_20_03,30x20,V2,2,2088.0
ga,tai30_20_03,30x20,V2,3,2153.0
ga,tai30_20_03,30x20,V2,4,2128.5
ga,tai30_20_03,30x20,V2,5,2121.0
ga,tai30_20_03,30x20,V2,6,2114.0
ga,tai30_20_03,30x20,V2,7,2125.0
ga,tai30_20_03,30x20,V2,8,2119.0
ga,tai30_20_03,30x20,V2,9,2091.5
ga,tai30_20_03,30x20,V2,10,2134.5
ga,tai30_20_03,30x20,V2,11,2102.0
ga,tai30_20_03,30x20,V2,12,2116.0
ga,tai30_20_03,30x20,V2,13,2152.5
ga,tai30_20_03,30x20,V2,14,2139.0
ga,tai30_20_03,30x20,V2,15,2168.5
ga,tai30_20_03,30x20,V2,16,2107.0
ga,tai30_20_03,30x20,V2,17,2116.5
ga,tai30_20_03,30x20,V2,18,2125.0
ga,tai30_20_03,30x20,V2,19,2112.5
ga,tai30_20_03,30x20,V2,20,2172.5
ga,tai30_20_03,30x20,V2,21,2126.5
ga,tai30_20_03,30x20,V2,22,2144.5
ga,tai30_20_03,30x20,V2,23,2140.0
ga,tai30_20_03,30x20,V2,24,2091.5
ga,tai30_20_03,30x20,V2,25,2145.5
ga,tai30_20_03,30x20,V2,26,2123.0
ga,tai30_20_03,30x20,V2,27,2088.0
ga,tai30_20_03,30x20,V2,28,2083.5
ga,tai30_20_03,30x20,V2,29,2113.0
ga,tai30_20_03,30x20,V2,30,2089.5
ga,tai30_20_03,30x20,MOR,1,2181.0
ga,tai30_20_03,30x20,MOR,2,2126.5
ga,tai30_20_03,30x20,MOR,3,2133.0
ga,tai30_20_03,30x20,MOR,4,2121.0
ga,tai30_20_03,30x20,MOR,5,2091.5
ga,tai30_20_03,30x20,MOR,6,2142.5
ga,tai30_20_03,30x20,MOR,7,2127.0
ga,tai30_20_03,30x20,MOR,8,2119.0
ga,tai30_20_03,30x20,MOR,9,2130.0
ga,tai30_20_03,30x20,MOR,10,2168.5
ga,tai30_20_03,30x20,MOR,11,2095.5
ga,tai30_20_03,30x20,MOR,12,2197.0
ga,tai30_20_03,30x20,MOR,13,2121.5
ga,tai30_20_03,30x20,MOR,14,2141.5
ga,tai30_20_03,30x20,MOR,15,2134.0
ga,tai30_20_03,30x20,MOR,16,2125.5
ga,tai30_20_03,30x20,MOR,17,2121.0
ga,tai30_20_03,30x20,MOR,18,2166.5
ga,tai30_20_03,30x20,MOR,19,2140.5
ga,tai30_20_03,30x20,MOR,20,2169.5
ga,tai30_20_03,30x20,MOR,21,2107.5
ga,tai30_20_03,30x20,MOR,22,2164.0
ga,tai30_20_03,30x20,MOR,23,2118.5
ga,tai30_20_03,30x20,MOR,24,2127.5
ga,tai30_20_03,30x20,MOR,25,2124.0
ga,tai30_20_03,30x20,MOR,26,2131.0
ga,tai30_20_03,30x20,MOR,27,2158.0
ga,tai30_20_03,30x20,MOR,28,2145.0
ga,tai30_20_03,30x20,MOR,29,2127.5
ga,tai30_20_03,30x20,MOR,30,2149.0
ga,tai30_20_03,30x20,GT,1,2091.5
ga,tai30_20_03,30x20,GT,2,2110.5
ga,tai30_20_03,30x20,GT,3,2098.5
ga,tai30_20_03,30x20,GT,4,2058.5
ga,tai30_20_03,30x20,GT,5,2084.0
ga,tai30_20_03,30x20,GT,6,2077.5
ga,tai30_20_03,30x20,GT,7,2125.0
ga,tai30_20_03,30x20,GT,8,2085.0
ga,tai30_20_03,30x20,GT,9,2092.0
ga,tai30_20_03,30x20,GT,10,2074.0
ga,tai30_20_03,30x20,GT,11,2118.0
ga,tai30_20_03,30x20,GT,12,2088.0
ga,tai30_20_03,30x20,GT,13,2054.5
ga,tai30_20_03,30x20,GT,14,2117.5
ga,tai30_20_03,30x20,GT,15,2088.5
ga,tai30_20_03,30x20,GT,16,2103.0
ga,tai30_20_03,30x20,GT,17,2090.5
ga,tai30_20_03,30x20,GT,18,2082.5
ga,tai30_20_03,30x20,GT,19,2064.0
ga,tai30_20_03,30x20,GT,20,2088.0
ga,tai30_20_03,30x20,GT,21,2107.5
ga,tai30_20_03,30x20,GT,22,2104.0
ga,tai30_20_03,30x20,GT,23,2130.0
ga,tai30_20_03,30x20,GT,24,2089.5
ga,tai30_20_03,30x20,GT,25,2128.5
ga,tai30_20_03,30x20,GT,26,2091.0
ga,tai30_20_03,30x20,GT,27,2063.5
ga,tai30_20_03,30x20,GT,28,2084.0
ga,tai30_20_03,30x20,GT,29,2093.0
ga,tai30_20_03,30x20,GT,30,2090.5
ga,tai30_20_03,30x20,GP,1,2036.0
ga,tai30_20_03,30x20,GP,2,2040.5
ga,tai30_20_03,30x20,GP,3,2042.0
ga,tai30_20_03,30x20,GP,4,2055.0
ga,tai30_20_03,30x20,GP,5,2046.0
ga,tai30_20_03,30x20,GP,6,2029.5
ga,tai30_20_03,30x20,GP,7,2071.5
ga,tai30_20_03,30x20,GP,8,2026.0
ga,tai30_20_03,30x20,GP,9,2062.0
ga,tai30_20_03,30x20,GP,10,2043.0
ga,tai30_20_03,30x20,GP,11,2032.5
ga,tai30_20_03,30x20,GP,12,2058.0
ga,tai30_20_03,30x20,GP,13,2050.0
ga,tai30_20_03,30x20,GP,14,2042.0
ga,tai30_20_03,30x20,GP,15,2052.5
ga,tai30_20_03,30x20,GP,16,2047.5
ga,tai30_20_03,30x20,GP,17,2057.0
ga,tai30_20_03,30x20,GP,18,2044.0
ga,tai30_20_03,30x20,GP,19,2043.5
ga,tai30_20_03,30x20,GP,20,2049.0
ga,tai30_20_03,30x20,GP,21,2089.0
ga,tai30_20_03,30x20,GP,22,2051.0
ga,tai30_20_03,30x20,GP,23,2052.5
ga,tai30_20_03,30x20,GP,24,2071.5
ga,tai30_20_03,30x20,GP,25,2039.5
ga,tai30_20_03,30x20,GP,26,2048.5
ga,tai30_20_03,30x20,GP,27,2033.0
ga,tai30_20_03,30x20,GP,28,2035.5
ga,tai30_20_03,30x20,GP,29,2051.0
ga,tai30_20_03,30x20,GP,30,2035.0
ga,tai30_20_03,30x20,MIX,1,2118.5
ga,tai30_20_03,30x20,MIX,2,2045.5
ga,tai30_20_03,30x20,MIX,3,2060.5
ga,tai30_20_03,30x20,MIX,4,2077.5
ga,tai30_20_03,30x20,MIX,5,2127.0
ga,tai30_20_03,30x20,MIX,6,2104.5
ga,tai30_20_03,30x20,MIX,7,2048.0
ga,tai30_20_03,30x20,MIX,8,2058.0
ga,tai30_20_03,30x20,MIX,9,2011.5
ga,tai30_20_03,30x20,MIX,10,2136.0
ga,tai30_20_03,30x20,MIX,11,2041.5
ga,tai30_20_03,30x20,MIX,12,2040.0
ga,tai30_20_03,30x20,MIX,13,2029.0
ga,tai30_20_03,30x20,MIX,14,2116.0
ga,tai30_20_03,30x20,MIX,15,2067.0
ga,tai30_20_03,30x20,MIX,16,2035.0
ga,tai30_20_03,30x20,MIX,17,2091.5
ga,tai30_20_03,30x20,MIX,18,2105.0
ga,tai30_20_03,30x20,MIX,19,2024.0
ga,tai30_20_03,30x20,MIX,20,2077.5
ga,tai30_20_03,30x20,MIX,21,2070.0
ga,tai30_20_03,30x20,MIX,22,2077.5
ga,tai30_20_03,30x20,MIX,23,2016.0
ga,tai30_20_03,30x20,MIX,24,2064.5
ga,tai30_20_03,30x20,MIX,25,2033.0
ga,tai30_20_03,30x20,MIX,26,2110.5
ga,tai30_20_03,30x20,MIX,27,2064.5
ga,tai30_20_03,30x20,MIX,28,2048.0
ga,tai30_20_03,30x20,MIX,29,2028.0
ga,tai30_20_03,30x20,MIX,30,2084.5
ga,tai30_20_04,30x20,A0,1,2153.0
ga,tai30_20_04,30x20,A0,2,2149.5
ga,tai30_20_04,30x20,A0,3,2131.5
ga,tai30_20_04,30x20,A0,4,2136.5
ga,tai30_20_04,30x20,A0,5,2120.5
ga,tai30_20_04,30x20,A0,6,2133.0
ga,tai30_20_04,30x20,A0,7,2139.5
ga,tai30_20_04,30x20,A0,8,2144.5
ga,tai30_20_04,30x20,A0,9,2142.0
ga,tai30_20_04,30x20,A0,10,2148.0
ga,tai30_20_04,30x20,A0,11,2161.5
ga,tai30_20_04,30x20,A0,12,2136.5
ga,tai30_20_04,30x20,A0,13,2138.0
ga,tai30_20_04,30x20,A0,14,2138.5
ga,tai30_20_04,30x20,A0,15,2123.5
ga,tai30_20_04,30x20,A0,16,2150.5
ga,tai30_20_04,30x20,A0,17,2114.5
ga,tai30_20_04,30x20,A0,18,2180.0
ga,tai30_20_04,30x20,A0,19,2137.0
ga,tai30_20_04,30x20,A0,20,2138.0
ga,tai30_20_04,30x20,A0,21,2120.5
ga,tai30_20_04,30x20,A0,22,2183.0
ga,tai30_20_04,30x20,A0,23,2166.0
ga,tai30_20_04,30x20,A0,24,2149.0
ga,tai30_20_04,30x20,A0,25,2151.5
ga,tai30_20_04,30x20,A0,26,2138.0
ga,tai30_20_04,30x20,A0,27,2131.0
ga,tai30_20_04,30x20,A0,28,2119.5
ga,tai30_20_04,30x20,A0,29,2159.5
ga,tai30_20_04,30x20,A0,30,2151.0
ga,tai30_20_04,30x20,V2H,1,2148.0
ga,tai30_20_04,30x20,V2H,2,2155.5
ga,tai30_20_04,30x20,V2H,3,2182.5
ga,tai30_20_04,30x20,V2H,4,2182.0
ga,tai30_20_04,30x20,V2H,5,2146.0
ga,tai30_20_04,30x20,V2H,6,2133.5
ga,tai30_20_04,30x20,V2H,7,2151.5
ga,tai30_20_04,30x20,V2H,8,2176.5
ga,tai30_20_04,30x20,V2H,9,2179.0
ga,tai30_20_04,30x20,V2H,10,2137.5
ga,tai30_20_04,30x20,V2H,11,2145.0
ga,tai30_20_04,30x20,V2H,12,2191.5
ga,tai30_20_04,30x20,V2H,13,2146.0
ga,tai30_20_04,30x20,V2H,14,2169.5
ga,tai30_20_04,30x20,V2H,15,2197.0
ga,tai30_20_04,30x20,V2H,16,2144.0
ga,tai30_20_04,30x20,V2H,17,2162.5
ga,tai30_20_04,30x20,V2H,18,2151.0
ga,tai30_20_04,30x20,V2H,19,2183.0
ga,tai30_20_04,30x20,V2H,20,2202.0
ga,tai30_20_04,30x20,V2H,21,2162.0
ga,tai30_20_04,30x20,V2H,22,2170.5
ga,tai30_20_04,30x20,V2H,23,2146.5
ga,tai30_20_04,30x20,V2H,24,2148.5
ga,tai30_20_04,30x20,V2H,25,2136.0
ga,tai30_20_04,30x20,V2H,26,2164.0
ga,tai30_20_04,30x20,V2H,27,2156.0
ga,tai30_20_04,30x20,V2H,28,2127.5
ga,tai30_20_04,30x20,V2H,29,2131.0
ga,tai30_20_04,30x20,V2H,30,2181.5
ga,tai30_20_04,30x20,V2,1,2190.5
ga,tai30_20_04,30x20,V2,2,2248.5
ga,tai30_20_04,30x20,V2,3,2211.0
ga,tai30_20_04,30x20,V2,4,2137.0
ga,tai30_20_04,30x20,V2,5,2206.5
ga,tai30_20_04,30x20,V2,6,2209.0
ga,tai30_20_04,30x20,V2,7,2205.5
ga,tai30_20_04,30x20,V2,8,2194.0
ga,tai30_20_04,30x20,V2,9,2173.0
ga,tai30_20_04,30x20,V2,10,2193.5
ga,tai30_20_04,30x20,V2,11,2170.5
ga,tai30_20_04,30x20,V2,12,2177.0
ga,tai30_20_04,30x20,V2,13,2165.5
ga,tai30_20_04,30x20,V2,14,2195.5
ga,tai30_20_04,30x20,V2,15,2250.0
ga,tai30_20_04,30x20,V2,16,2174.5
ga,tai30_20_04,30x20,V2,17,2138.5
ga,tai30_20_04,30x20,V2,18,2202.0
ga,tai30_20_04,30x20,V2,19,2150.5
ga,tai30_20_04,30x20,V2,20,2166.0
ga,tai30_20_04,30x20,V2,21,2166.5
ga,tai30_20_04,30x20,V2,22,2149.0
ga,tai30_20_04,30x20,V2,23,2202.5
ga,tai30_20_04,30x20,V2,24,2202.0
ga,tai30_20_04,30x20,V2,25,2153.0
ga,tai30_20_04,30x20,V2,26,2169.0
ga,tai30_20_04,30x20,V2,27,2201.5
ga,tai30_20_04,30x20,V2,28,2192.0
ga,tai30_20_04,30x20,V2,29,2150.0
ga,tai30_20_04,30x20,V2,30,2174.5
ga,tai30_20_04,30x20,MOR,1,2209.0
ga,tai30_20_04,30x20,MOR,2,2218.5
ga,tai30_20_04,30x20,MOR,3,2254.5
ga,tai30_20_04,30x20,MOR,4,2249.5
ga,tai30_20_04,30x20,MOR,5,2245.5
ga,tai30_20_04,30x20,MOR,6,2243.5
ga,tai30_20_04,30x20,MOR,7,2199.0
ga,tai30_20_04,30x20,MOR,8,2214.5
ga,tai30_20_04,30x20,MOR,9,2267.0
ga,tai30_20_04,30x20,MOR,10,2227.5
ga,tai30_20_04,30x20,MOR,11,2253.5
ga,tai30_20_04,30x20,MOR,12,2257.0
ga,tai30_20_04,30x20,MOR,13,2217.0
ga,tai30_20_04,30x20,MOR,14,2249.0
ga,tai30_20_04,30x20,MOR,15,2246.0
ga,tai30_20_04,30x20,MOR,16,2252.5
ga,tai30_20_04,30x20,MOR,17,2256.0
ga,tai30_20_04,30x20,MOR,18,2248.5
ga,tai30_20_04,30x20,MOR,19,2207.0
ga,tai30_20_04,30x20,MOR,20,2217.5
ga,tai30_20_04,30x20,MOR,21,2252.5
ga,tai30_20_04,30x20,MOR,22,2218.0
ga,tai30_20_04,30x20,MOR,23,2237.5
ga,tai30_20_04,30x20,MOR,24,2240.5
ga,tai30_20_04,30x20,MOR,25,2262.0
ga,tai30_20_04,30x20,MOR,26,2260.0
ga,tai30_20_04,30x20,MOR,27,2247.5
ga,tai30_20_04,30x20,MOR,28,2176.5
ga,tai30_20_04,30x20,MOR,29,2242.5
ga,tai30_20_04,30x20,MOR,30,2201.0
ga,tai30_20_04,30x20,GT,1,2144.5
ga,tai30_20_04,30x20,GT,2,2139.5
ga,tai30_20_04,30x20,GT,3,2148.5
ga,tai30_20_04,30x20,GT,4,2152.0
ga,tai30_20_04,30x20,GT,5,2164.0
ga,tai30_20_04,30x20,GT,6,2160.5
ga,tai30_20_04,30x20,GT,7,2196.0
ga,tai30_20_04,30x20,GT,8,2168.0
ga,tai30_20_04,30x20,GT,9,2170.5
ga,tai30_20_04,30x20,GT,10,2161.5
ga,tai30_20_04,30x20,GT,11,2162.0
ga,tai30_20_04,30x20,GT,12,2171.0
ga,tai30_20_04,30x20,GT,13,2165.0
ga,tai30_20_04,30x20,GT,14,2176.0
ga,tai30_20_04,30x20,GT,15,2151.5
ga,tai30_20_04,30x20,GT,16,2184.5
ga,tai30_20_04,30x20,GT,17,2141.5
ga,tai30_20_04,30x20,GT,18,2149.0
ga,tai30_20_04,30x20,GT,19,2159.5
ga,tai30_20_04,30x20,GT,20,2205.5
ga,tai30_20_04,30x20,GT,21,2163.0
ga,tai30_20_04,30x20,GT,22,2148.5
ga,tai30_20_04,30x20,GT,23,2173.0
ga,tai30_20_04,30x20,GT,24,2140.0
ga,tai30_20_04,30x20,GT,25,2162.0
ga,tai30_20_04,30x20,GT,26,2165.0
ga,tai30_20_04,30x20,GT,27,2137.5
ga,tai30_20_04,30x20,GT,28,2167.5
ga,tai30_20_04,30x20,GT,29,2161.5
ga,tai30_20_04,30x20,GT,30,2170.5
ga,tai30_20_04,30x20,GP,1,2151.0
ga,tai30_20_04,30x20,GP,2,2163.0
ga,tai30_20_04,30x20,GP,3,2162.5
ga,tai30_20_04,30x20,GP,4,2204.5
ga,tai30_20_04,30x20,GP,5,2188.5
ga,tai30_20_04,30x20,GP,6,2160.5
ga,tai30_20_04,30x20,GP,7,2164.0
ga,tai30_20_04,30x20,GP,8,2160.5
ga,tai30_20_04,30x20,GP,9,2166.5
ga,tai30_20_04,30x20,GP,10,2163.5
ga,tai30_20_04,30x20,GP,11,2156.0
ga,tai30_20_04,30x20,GP,12,2186.5
ga,tai30_20_04,30x20,GP,13,2162.0
ga,tai30_20_04,30x20,GP,14,2147.5
ga,tai30_20_04,30x20,GP,15,2168.0
ga,tai30_20_04,30x20,GP,16,2195.5
ga,tai30_20_04,30x20,GP,17,2164.5
ga,tai30_20_04,30x20,GP,18,2170.5
ga,tai30_20_04,30x20,GP,19,2184.5
ga,tai30_20_04,30x20,GP,20,2158.5
ga,tai30_20_04,30x20,GP,21,2147.5
ga,tai30_20_04,30x20,GP,22,2162.0
ga,tai30_20_04,30x20,GP,23,2186.0
ga,tai30_20_04,30x20,GP,24,2198.5
ga,tai30_20_04,30x20,GP,25,2198.5
ga,tai30_20_04,30x20,GP,26,2159.5
ga,tai30_20_04,30x20,GP,27,2196.0
ga,tai30_20_04,30x20,GP,28,2152.0
ga,tai30_20_04,30x20,GP,29,2153.0
ga,tai30_20_04,30x20,GP,30,2192.0
ga,tai30_20_04,30x20,MIX,1,2169.0
ga,tai30_20_04,30x20,MIX,2,2209.0
ga,tai30_20_04,30x20,MIX,3,2144.5
ga,tai30_20_04,30x20,MIX,4,2156.0
ga,tai30_20_04,30x20,MIX,5,2131.5
ga,tai30_20_04,30x20,MIX,6,2145.5
ga,tai30_20_04,30x20,MIX,7,2128.5
ga,tai30_20_04,30x20,MIX,8,2169.0
ga,tai30_20_04,30x20,MIX,9,2131.5
ga,tai30_20_04,30x20,MIX,10,2142.5
ga,tai30_20_04,30x20,MIX,11,2132.0
ga,tai30_20_04,30x20,MIX,12,2225.5
ga,tai30_20_04,30x20,MIX,13,2148.0
ga,tai30_20_04,30x20,MIX,14,2139.5
ga,tai30_20_04,30x20,MIX,15,2140.0
ga,tai30_20_04,30x20,MIX,16,2148.5
ga,tai30_20_04,30x20,MIX,17,2177.0
ga,tai30_20_04,30x20,MIX,18,2133.5
ga,tai30_20_04,30x20,MIX,19,2155.0
ga,tai30_20_04,30x20,MIX,20,2171.5
ga,tai30_20_04,30x20,MIX,21,2137.5
ga,tai30_20_04,30x20,MIX,22,2160.5
ga,tai30_20_04,30x20,MIX,23,2192.0
ga,tai30_20_04,30x20,MIX,24,2128.0
ga,tai30_20_04,30x20,MIX,25,2191.5
ga,tai30_20_04,30x20,MIX,26,2189.5
ga,tai30_20_04,30x20,MIX,27,2175.0
ga,tai30_20_04,30x20,MIX,28,2147.5
ga,tai30_20_04,30x20,MIX,29,2127.0
ga,tai30_20_04,30x20,MIX,30,2158.0
ga,tai30_20_05,30x20,A0,1,2160.0
ga,tai30_20_05,30x20,A0,2,2140.5
ga,tai30_20_05,30x20,A0,3,2119.0
ga,tai30_20_05,30x20,A0,4,2194.5
ga,tai30_20_05,30x20,A0,5,2144.0
ga,tai30_20_05,30x20,A0,6,2126.0
ga,tai30_20_05,30x20,A0,7,2146.5
ga,tai30_20_05,30x20,A0,8,2138.5
ga,tai30_20_05,30x20,A0,9,2130.5
ga,tai30_20_05,30x20,A0,10,2144.5
ga,tai30_20_05,30x20,A0,11,2137.5
ga,tai30_20_05,30x20,A0,12,2168.5
ga,tai30_20_05,30x20,A0,13,2136.0
ga,tai30_20_05,30x20,A0,14,2133.5
ga,tai30_20_05,30x20,A0,15,2112.5
ga,tai30_20_05,30x20,A0,16,2131.5
ga,tai30_20_05,30x20,A0,17,2144.0
ga,tai30_20_05,30x20,A0,18,2141.5
ga,tai30_20_05,30x20,A0,19,2110.0
ga,tai30_20_05,30x20,A0,20,2144.5
ga,tai30_20_05,30x20,A0,21,2166.5
ga,tai30_20_05,30x20,A0,22,2140.0
ga,tai30_20_05,30x20,A0,23,2167.0
ga,tai30_20_05,30x20,A0,24,2146.0
ga,tai30_20_05,30x20,A0,25,2133.5
ga,tai30_20_05,30x20,A0,26,2154.0
ga,tai30_20_05,30x20,A0,27,2157.5
ga,tai30_20_05,30x20,A0,28,2168.0
ga,tai30_20_05,30x20,A0,29,2134.5
ga,tai30_20_05,30x20,A0,30,2161.0
ga,tai30_20_05,30x20,V2H,1,2156.0
ga,tai30_20_05,30x20,V2H,2,2155.5
ga,tai30_20_05,30x20,V2H,3,2170.5
ga,tai30_20_05,30x20,V2H,4,2198.0
ga,tai30_20_05,30x20,V2H,5,2145.0
ga,tai30_20_05,30x20,V2H,6,2161.0
ga,tai30_20_05,30x20,V2H,7,2112.5
ga,tai30_20_05,30x20,V2H,8,2129.5
ga,tai30_20_05,30x20,V2H,9,2176.0
ga,tai30_20_05,30x20,V2H,10,2172.5
ga,tai30_20_05,30x20,V2H,11,2176.0
ga,tai30_20_05,30x20,V2H,12,2130.5
ga,tai30_20_05,30x20,V2H,13,2183.0
ga,tai30_20_05,30x20,V2H,14,2174.5
ga,tai30_20_05,30x20,V2H,15,2168.0
ga,tai30_20_05,30x20,V2H,16,2181.5
ga,tai30_20_05,30x20,V2H,17,2157.0
ga,tai30_20_05,30x20,V2H,18,2156.0
ga,tai30_20_05,30x20,V2H,19,2118.0
ga,tai30_20_05,30x20,V2H,20,2106.5
ga,tai30_20_05,30x20,V2H,21,2118.5
ga,tai30_20_05,30x20,V2H,22,2170.0
ga,tai30_20_05,30x20,V2H,23,2164.0
ga,tai30_20_05,30x20,V2H,24,2167.0
ga,tai30_20_05,30x20,V2H,25,2144.0
ga,tai30_20_05,30x20,V2H,26,2214.5
ga,tai30_20_05,30x20,V2H,27,2172.0
ga,tai30_20_05,30x20,V2H,28,2144.0
ga,tai30_20_05,30x20,V2H,29,2164.5
ga,tai30_20_05,30x20,V2H,30,2163.0
ga,tai30_20_05,30x20,V2,1,2193.0
ga,tai30_20_05,30x20,V2,2,2190.5
ga,tai30_20_05,30x20,V2,3,2169.5
ga,tai30_20_05,30x20,V2,4,2212.5
ga,tai30_20_05,30x20,V2,5,2173.5
ga,tai30_20_05,30x20,V2,6,2211.0
ga,tai30_20_05,30x20,V2,7,2174.0
ga,tai30_20_05,30x20,V2,8,2220.0
ga,tai30_20_05,30x20,V2,9,2223.5
ga,tai30_20_05,30x20,V2,10,2143.5
ga,tai30_20_05,30x20,V2,11,2163.5
ga,tai30_20_05,30x20,V2,12,2208.0
ga,tai30_20_05,30x20,V2,13,2199.0
ga,tai30_20_05,30x20,V2,14,2175.5
ga,tai30_20_05,30x20,V2,15,2170.5
ga,tai30_20_05,30x20,V2,16,2192.0
ga,tai30_20_05,30x20,V2,17,2214.0
ga,tai30_20_05,30x20,V2,18,2206.0
ga,tai30_20_05,30x20,V2,19,2172.0
ga,tai30_20_05,30x20,V2,20,2207.0
ga,tai30_20_05,30x20,V2,21,2194.0
ga,tai30_20_05,30x20,V2,22,2158.5
ga,tai30_20_05,30x20,V2,23,2204.0
ga,tai30_20_05,30x20,V2,24,2154.0
ga,tai30_20_05,30x20,V2,25,2200.5
ga,tai30_20_05,30x20,V2,26,2140.5
ga,tai30_20_05,30x20,V2,27,2192.0
ga,tai30_20_05,30x20,V2,28,2163.5
ga,tai30_20_05,30x20,V2,29,2150.5
ga,tai30_20_05,30x20,V2,30,2220.0
ga,tai30_20_05,30x20,MOR,1,2171.5
ga,tai30_20_05,30x20,MOR,2,2166.0
ga,tai30_20_05,30x20,MOR,3,2195.5
ga,tai30_20_05,30x20,MOR,4,2181.0
ga,tai30_20_05,30x20,MOR,5,2173.0
ga,tai30_20_05,30x20,MOR,6,2164.5
ga,tai30_20_05,30x20,MOR,7,2187.0
ga,tai30_20_05,30x20,MOR,8,2163.5
ga,tai30_20_05,30x20,MOR,9,2145.0
ga,tai30_20_05,30x20,MOR,10,2176.0
ga,tai30_20_05,30x20,MOR,11,2159.5
ga,tai30_20_05,30x20,MOR,12,2161.0
ga,tai30_20_05,30x20,MOR,13,2187.0
ga,tai30_20_05,30x20,MOR,14,2189.0
ga,tai30_20_05,30x20,MOR,15,2158.5
ga,tai30_20_05,30x20,MOR,16,2135.5
ga,tai30_20_05,30x20,MOR,17,2134.5
ga,tai30_20_05,30x20,MOR,18,2220.0
ga,tai30_20_05,30x20,MOR,19,2166.0
ga,tai30_20_05,30x20,MOR,20,2168.5
ga,tai30_20_05,30x20,MOR,21,2158.0
ga,tai30_20_05,30x20,MOR,22,2195.5
ga,tai30_20_05,30x20,MOR,23,2178.0
ga,tai30_20_05,30x20,MOR,24,2152.5
ga,tai30_20_05,30x20,MOR,25,2173.5
ga,tai30_20_05,30x20,MOR,26,2167.5
ga,tai30_20_05,30x20,MOR,27,2148.0
ga,tai30_20_05,30x20,MOR,28,2162.5
ga,tai30_20_05,30x20,MOR,29,2146.5
ga,tai30_20_05,30x20,MOR,30,2183.5
ga,tai30_20_05,30x20,GT,1,2220.0
ga,tai30_20_05,30x20,GT,2,2209.5
ga,tai30_20_05,30x20,GT,3,2156.5
ga,tai30_20_05,30x20,GT,4,2177.5
ga,tai30_20_05,30x20,GT,5,2179.0
ga,tai30_20_05,30x20,GT,6,2166.5
ga,tai30_20_05,30x20,GT,7,2200.5
ga,tai30_20_05,30x20,GT,8,2178.5
ga,tai30_20_05,30x20,GT,9,2155.5
ga,tai30_20_05,30x20,GT,10,2168.5
ga,tai30_20_05,30x20,GT,11,2155.5
ga,tai30_20_05,30x20,GT,12,2153.0
ga,tai30_20_05,30x20,GT,13,2194.0
ga,tai30_20_05,30x20,GT,14,2220.0
ga,tai30_20_05,30x20,GT,15,2161.0
ga,tai30_20_05,30x20,GT,16,2173.0
ga,tai30_20_05,30x20,GT,17,2223.0
ga,tai30_20_05,30x20,GT,18,2200.0
ga,tai30_20_05,30x20,GT,19,2153.0
ga,tai30_20_05,30x20,GT,20,2200.0
ga,tai30_20_05,30x20,GT,21,2171.5
ga,tai30_20_05,30x20,GT,22,2200.0
ga,tai30_20_05,30x20,GT,23,2178.0
ga,tai30_20_05,30x20,GT,24,2225.0
ga,tai30_20_05,30x20,GT,25,2140.0
ga,tai30_20_05,30x20,GT,26,2173.0
ga,tai30_20_05,30x20,GT,27,2173.5
ga,tai30_20_05,30x20,GT,28,2156.5
ga,tai30_20_05,30x20,GT,29,2186.5
ga,tai30_20_05,30x20,GT,30,2156.5
ga,tai30_20_05,30x20,GP,1,2177.0
ga,tai30_20_05,30x20,GP,2,2143.5
ga,tai30_20_05,30x20,GP,3,2172.5
ga,tai30_20_05,30x20,GP,4,2160.0
ga,tai30_20_05,30x20,GP,5,2179.5
ga,tai30_20_05,30x20,GP,6,2133.5
ga,tai30_20_05,30x20,GP,7,2199.0
ga,tai30_20_05,30x20,GP,8,2151.5
ga,tai30_20_05,30x20,GP,9,2149.0
ga,tai30_20_05,30x20,GP,10,2153.5
ga,tai30_20_05,30x20,GP,11,2159.5
ga,tai30_20_05,30x20,GP,12,2188.5
ga,tai30_20_05,30x20,GP,13,2158.5
ga,tai30_20_05,30x20,GP,14,2157.5
ga,tai30_20_05,30x20,GP,15,2141.0
ga,tai30_20_05,30x20,GP,16,2190.0
ga,tai30_20_05,30x20,GP,17,2151.5
ga,tai30_20_05,30x20,GP,18,2156.0
ga,tai30_20_05,30x20,GP,19,2158.5
ga,tai30_20_05,30x20,GP,20,2244.0
ga,tai30_20_05,30x20,GP,21,2145.0
ga,tai30_20_05,30x20,GP,22,2177.5
ga,tai30_20_05,30x20,GP,23,2136.5
ga,tai30_20_05,30x20,GP,24,2159.0
ga,tai30_20_05,30x20,GP,25,2155.0
ga,tai30_20_05,30x20,GP,26,2150.0
ga,tai30_20_05,30x20,GP,27,2140.5
ga,tai30_20_05,30x20,GP,28,2172.0
ga,tai30_20_05,30x20,GP,29,2166.0
ga,tai30_20_05,30x20,GP,30,2174.0
ga,tai30_20_05,30x20,MIX,1,2145.0
ga,tai30_20_05,30x20,MIX,2,2170.5
ga,tai30_20_05,30x20,MIX,3,2177.0
ga,tai30_20_05,30x20,MIX,4,2162.0
ga,tai30_20_05,30x20,MIX,5,2176.5
ga,tai30_20_05,30x20,MIX,6,2179.0
ga,tai30_20_05,30x20,MIX,7,2159.5
ga,tai30_20_05,30x20,MIX,8,2145.5
ga,tai30_20_05,30x20,MIX,9,2178.0
ga,tai30_20_05,30x20,MIX,10,2205.5
ga,tai30_20_05,30x20,MIX,11,2163.0
ga,tai30_20_05,30x20,MIX,12,2161.0
ga,tai30_20_05,30x20,MIX,13,2151.0
ga,tai30_20_05,30x20,MIX,14,2206.5
ga,tai30_20_05,30x20,MIX,15,2176.0
ga,tai30_20_05,30x20,MIX,16,2119.0
ga,tai30_20_05,30x20,MIX,17,2154.0
ga,tai30_20_05,30x20,MIX,18,2211.0
ga,tai30_20_05,30x20,MIX,19,2174.5
ga,tai30_20_05,30x20,MIX,20,2137.0
ga,tai30_20_05,30x20,MIX,21,2207.0
ga,tai30_20_05,30x20,MIX,22,2138.5
ga,tai30_20_05,30x20,MIX,23,2189.0
ga,tai30_20_05,30x20,MIX,24,2201.0
ga,tai30_20_05,30x20,MIX,25,2121.0
ga,tai30_20_05,30x20,MIX,26,2180.0
ga,tai30_20_05,30x20,MIX,27,2150.5
ga,tai30_20_05,30x20,MIX,28,2137.5
ga,tai30_20_05,30x20,MIX,29,2130.5
ga,tai30_20_05,30x20,MIX,30,2168.0
ga,tai30_20_06,30x20,A0,1,2223.5
ga,tai30_20_06,30x20,A0,2,2314.0
ga,tai30_20_06,30x20,A0,3,2255.5
ga,tai30_20_06,30x20,A0,4,2251.0
ga,tai30_20_06,30x20,A0,5,2279.5
ga,tai30_20_06,30x20,A0,6,2245.0
ga,tai30_20_06,30x20,A0,7,2304.5
ga,tai30_20_06,30x20,A0,8,2242.0
ga,tai30_20_06,30x20,A0,9,2297.5
ga,tai30_20_06,30x20,A0,10,2236.0
ga,tai30_20_06,30x20,A0,11,2237.5
ga,tai30_20_06,30x20,A0,12,2262.5
ga,tai30_20_06,30x20,A0,13,2274.5
ga,tai30_20_06,30x20,A0,14,2267.0
ga,tai30_20_06,30x20,A0,15,2270.5
ga,tai30_20_06,30x20,A0,16,2248.0
ga,tai30_20_06,30x20,A0,17,2219.0
ga,tai30_20_06,30x20,A0,18,2250.0
ga,tai30_20_06,30x20,A0,19,2262.5
ga,tai30_20_06,30x20,A0,20,2282.5
ga,tai30_20_06,30x20,A0,21,2262.5
ga,tai30_20_06,30x20,A0,22,2248.5
ga,tai30_20_06,30x20,A0,23,2261.0
ga,tai30_20_06,30x20,A0,24,2234.0
ga,tai30_20_06,30x20,A0,25,2260.0
ga,tai30_20_06,30x20,A0,26,2220.5
ga,tai30_20_06,30x20,A0,27,2291.0
ga,tai30_20_06,30x20,A0,28,2253.5
ga,tai30_20_06,30x20,A0,29,2264.5
ga,tai30_20_06,30x20,A0,30,2235.5
ga,tai30_20_06,30x20,V2H,1,2305.5
ga,tai30_20_06,30x20,V2H,2,2314.0
ga,tai30_20_06,30x20,V2H,3,2331.5
ga,tai30_20_06,30x20,V2H,4,2279.0
ga,tai30_20_06,30x20,V2H,5,2200.0
ga,tai30_20_06,30x20,V2H,6,2278.0
ga,tai30_20_06,30x20,V2H,7,2323.5
ga,tai30_20_06,30x20,V2H,8,2354.0
ga,tai30_20_06,30x20,V2H,9,2327.5
ga,tai30_20_06,30x20,V2H,10,2294.0
ga,tai30_20_06,30x20,V2H,11,2331.5
ga,tai30_20_06,30x20,V2H,12,2368.0
ga,tai30_20_06,30x20,V2H,13,2341.5
ga,tai30_20_06,30x20,V2H,14,2328.5
ga,tai30_20_06,30x20,V2H,15,2287.0
ga,tai30_20_06,30x20,V2H,16,2354.0
ga,tai30_20_06,30x20,V2H,17,2327.5
ga,tai30_20_06,30x20,V2H,18,2305.5
ga,tai30_20_06,30x20,V2H,19,2308.5
ga,tai30_20_06,30x20,V2H,20,2234.5
ga,tai30_20_06,30x20,V2H,21,2370.5
ga,tai30_20_06,30x20,V2H,22,2307.0
ga,tai30_20_06,30x20,V2H,23,2336.5
ga,tai30_20_06,30x20,V2H,24,2338.0
ga,tai30_20_06,30x20,V2H,25,2310.5
ga,tai30_20_06,30x20,V2H,26,2230.0
ga,tai30_20_06,30x20,V2H,27,2277.0
ga,tai30_20_06,30x20,V2H,28,2272.5
ga,tai30_20_06,30x20,V2H,29,2347.0
ga,tai30_20_06,30x20,V2H,30,2335.0
ga,tai30_20_06,30x20,V2,1,2305.5
ga,tai30_20_06,30x20,V2,2,2331.5
ga,tai30_20_06,30x20,V2,3,2352.0
ga,tai30_20_06,30x20,V2,4,2354.0
ga,tai30_20_06,30x20,V2,5,2300.5
ga,tai30_20_06,30x20,V2,6,2331.5
ga,tai30_20_06,30x20,V2,7,2362.0
ga,tai30_20_06,30x20,V2,8,2291.5
ga,tai30_20_06,30x20,V2,9,2305.5
ga,tai30_20_06,30x20,V2,10,2314.0
ga,tai30_20_06,30x20,V2,11,2362.0
ga,tai30_20_06,30x20,V2,12,2352.0
ga,tai30_20_06,30x20,V2,13,2305.5
ga,tai30_20_06,30x20,V2,14,2314.0
ga,tai30_20_06,30x20,V2,15,2362.0
ga,tai30_20_06,30x20,V2,16,2352.0
ga,tai30_20_06,30x20,V2,17,2305.5
ga,tai30_20_06,30x20,V2,18,2314.0
ga,tai30_20_06,30x20,V2,19,2362.0
ga,tai30_20_06,30x20,V2,20,2352.0
ga,tai30_20_06,30x20,V2,21,2305.5
ga,tai30_20_06,30x20,V2,22,2314.0
ga,tai30_20_06,30x20,V2,23,2362.0
ga,tai30_20_06,30x20,V2,24,2314.0
ga,tai30_20_06,30x20,V2,25,2327.5
ga,tai30_20_06,30x20,V2,26,2305.5
ga,tai30_20_06,30x20,V2,27,2362.0
ga,tai30_20_06,30x20,V2,28,2347.0
ga,tai30_20_06,30x20,V2,29,2327.5
ga,tai30_20_06,30x20,V2,30,2305.5
ga,tai30_20_06,30x20,MOR,1,2249.0
ga,tai30_20_06,30x20,MOR,2,2255.0
ga,tai30_20_06,30x20,MOR,3,2272.5
ga,tai30_20_06,30x20,MOR,4,2294.0
ga,tai30_20_06,30x20,MOR,5,2272.0
ga,tai30_20_06,30x20,MOR,6,2249.5
ga,tai30_20_06,30x20,MOR,7,2280.0
ga,tai30_20_06,30x20,MOR,8,2277.5
ga,tai30_20_06,30x20,MOR,9,2265.0
ga,tai30_20_06,30x20,MOR,10,2256.5
ga,tai30_20_06,30x20,MOR,11,2273.5
ga,tai30_20_06,30x20,MOR,12,2262.0
ga,tai30_20_06,30x20,MOR,13,2266.0
ga,tai30_20_06,30x20,MOR,14,2283.0
ga,tai30_20_06,30x20,MOR,15,2255.0
ga,tai30_20_06,30x20,MOR,16,2250.0
ga,tai30_20_06,30x20,MOR,17,2291.5
ga,tai30_20_06,30x20,MOR,18,2254.5
ga,tai30_20_06,30x20,MOR,19,2309.0
ga,tai30_20_06,30x20,MOR,20,2264.0
ga,tai30_20_06,30x20,MOR,21,2272.5
ga,tai30_20_06,30x20,MOR,22,2286.5
ga,tai30_20_06,30x20,MOR,23,2262.0
ga,tai30_20_06,30x20,MOR,24,2276.5
ga,tai30_20_06,30x20,MOR,25,2240.5
ga,tai30_20_06,30x20,MOR,26,2264.5
ga,tai30_20_06,30x20,MOR,27,2265.0
ga,tai30_20_06,30x20,MOR,28,2259.0
ga,tai30_20_06,30x20,MOR,29,2258.0
ga,tai30_20_06,30x20,MOR,30,2258.5
ga,tai30_20_06,30x20,GT,1,2257.0
ga,tai30_20_06,30x20,GT,2,2264.5
ga,tai30_20_06,30x20,GT,3,2279.5
ga,tai30_20_06,30x20,GT,4,2267.0
ga,tai30_20_06,30x20,GT,5,2250.0
ga,tai30_20_06,30x20,GT,6,2237.0
ga,tai30_20_06,30x20,GT,7,2232.0
ga,tai30_20_06,30x20,GT,8,2335.5
ga,tai30_20_06,30x20,GT,9,2233.5
ga,tai30_20_06,30x20,GT,10,2241.0
ga,tai30_20_06,30x20,GT,11,2280.0
ga,tai30_20_06,30x20,GT,12,2264.5
ga,tai30_20_06,30x20,GT,13,2274.0
ga,tai30_20_06,30x20,GT,14,2222.0
ga,tai30_20_06,30x20,GT,15,2290.0
ga,tai30_20_06,30x20,GT,16,2257.0
ga,tai30_20_06,30x20,GT,17,2260.5
ga,tai30_20_06,30x20,GT,18,2232.5
ga,tai30_20_06,30x20,GT,19,2259.0
ga,tai30_20_06,30x20,GT,20,2289.5
ga,tai30_20_06,30x20,GT,21,2259.0
ga,tai30_20_06,30x20,GT,22,2260.0
ga,tai30_20_06,30x20,GT,23,2273.5
ga,tai30_20_06,30x20,GT,24,2222.5
ga,tai30_20_06,30x20,GT,25,2261.0
ga,tai30_20_06,30x20,GT,26,2257.5
ga,tai30_20_06,30x20,GT,27,2265.0
ga,tai30_20_06,30x20,GT,28,2253.5
ga,tai30_20_06,30x20,GT,29,2252.5
ga,tai30_20_06,30x20,GT,30,2260.5
ga,tai30_20_06,30x20,GP,1,2289.0
ga,tai30_20_06,30x20,GP,2,2315.5
ga,tai30_20_06,30x20,GP,3,2304.0
ga,tai30_20_06,30x20,GP,4,2350.0
ga,tai30_20_06,30x20,GP,5,2245.5
ga,tai30_20_06,30x20,GP,6,2315.5
ga,tai30_20_06,30x20,GP,7,2300.0
ga,tai30_20_06,30x20,GP,8,2320.5
ga,tai30_20_06,30x20,GP,9,2312.5
ga,tai30_20_06,30x20,GP,10,2332.0
ga,tai30_20_06,30x20,GP,11,2283.5
ga,tai30_20_06,30x20,GP,12,2333.5
ga,tai30_20_06,30x20,GP,13,2277.0
ga,tai30_20_06,30x20,GP,14,2327.5
ga,tai30_20_06,30x20,GP,15,2294.0
ga,tai30_20_06,30x20,GP,16,2287.0
ga,tai30_20_06,30x20,GP,17,2291.0
ga,tai30_20_06,30x20,GP,18,2237.5
ga,tai30_20_06,30x20,GP,19,2318.5
ga,tai30_20_06,30x20,GP,20,2282.0
ga,tai30_20_06,30x20,GP,21,2248.0
ga,tai30_20_06,30x20,GP,22,2293.5
ga,tai30_20_06,30x20,GP,23,2335.0
ga,tai30_20_06,30x20,GP,24,2322.0
ga,tai30_20_06,30x20,GP,25,2264.0
ga,tai30_20_06,30x20,GP,26,2275.5
ga,tai30_20_06,30x20,GP,27,2346.5
ga,tai30_20_06,30x20,GP,28,2309.0
ga,tai30_20_06,30x20,GP,29,2334.5
ga,tai30_20_06,30x20,GP,30,2303.0
ga,tai30_20_06,30x20,MIX,1,2260.0
ga,tai30_20_06,30x20,MIX,2,2256.5
ga,tai30_20_06,30x20,MIX,3,2293.5
ga,tai30_20_06,30x20,MIX,4,2331.5
ga,tai30_20_06,30x20,MIX,5,2285.0
ga,tai30_20_06,30x20,MIX,6,2305.5
ga,tai30_20_06,30x20,MIX,7,2314.0
ga,tai30_20_06,30x20,MIX,8,2331.5
ga,tai30_20_06,30x20,MIX,9,2327.5
ga,tai30_20_06,30x20,MIX,10,2305.5
ga,tai30_20_06,30x20,MIX,11,2314.0
ga,tai30_20_06,30x20,MIX,12,2260.5
ga,tai30_20_06,30x20,MIX,13,2327.5
ga,tai30_20_06,30x20,MIX,14,2305.5
ga,tai30_20_06,30x20,MIX,15,2314.0
ga,tai30_20_06,30x20,MIX,16,2331.5
ga,tai30_20_06,30x20,MIX,17,2306.0
ga,tai30_20_06,30x20,MIX,18,2305.5
ga,tai30_20_06,30x20,MIX,19,2336.0
ga,tai30_20_06,30x20,MIX,20,2314.0
ga,tai30_20_06,30x20,MIX,21,2327.5
ga,tai30_20_06,30x20,MIX,22,2305.5
ga,tai30_20_06,30x20,MIX,23,2336.0
ga,tai30_20_06,30x20,MIX,24,2234.5
ga,tai30_20_06,30x20,MIX,25,2325.0
ga,tai30_20_06,30x20,MIX,26,2305.5
ga,tai30_20_06,30x20,MIX,27,2341.5
ga,tai30_20_06,30x20,MIX,28,2314.0
ga,tai30_20_06,30x20,MIX,29,2244.5
ga,tai30_20_06,30x20,MIX,30,2305.5
ga,tai30_20_07,30x20,A0,1,2122.5
ga,tai30_20_07,30x20,A0,2,2108.0
ga,tai30_20_07,30x20,A0,3,2119.0
ga,tai30_20_07,30x20,A0,4,2062.0
ga,tai30_20_07,30x20,A0,5,2122.0
ga,tai30_20_07,30x20,A0,6,2099.0
ga,tai30_20_07,30x20,A0,7,2134.5
ga,tai30_20_07,30x20,A0,8,2116.0
ga,tai30_20_07,30x20,A0,9,2089.5
ga,tai30_20_07,30x20,A0,10,2089.0
ga,tai30_20_07,30x20,A0,11,2126.5
ga,tai30_20_07,30x20,A0,12,2119.0
ga,tai30_20_07,30x20,A0,13,2102.0
ga,tai30_20_07,30x20,A0,14,2092.0
ga,tai30_20_07,30x20,A0,15,2104.5
ga,tai30_20_07,30x20,A0,16,2083.0
ga,tai30_20_07,30x20,A0,17,2139.5
ga,tai30_20_07,30x20,A0,18,2084.0
ga,tai30_20_07,30x20,A0,19,2134.0
ga,tai30_20_07,30x20,A0,20,2111.5
ga,tai30_20_07,30x20,A0,21,2106.0
ga,tai30_20_07,30x20,A0,22,2124.0
ga,tai30_20_07,30x20,A0,23,2118.5
ga,tai30_20_07,30x20,A0,24,2114.0
ga,tai30_20_07,30x20,A0,25,2102.0
ga,tai30_20_07,30x20,A0,26,2127.5
ga,tai30_20_07,30x20,A0,27,2100.0
ga,tai30_20_07,30x20,A0,28,2115.5
ga,tai30_20_07,30x20,A0,29,2132.0
ga,tai30_20_07,30x20,A0,30,2130.0
ga,tai30_20_07,30x20,V2H,1,2141.0
ga,tai30_20_07,30x20,V2H,2,2169.0
ga,tai30_20_07,30x20,V2H,3,2196.0
ga,tai30_20_07,30x20,V2H,4,2180.0
ga,tai30_20_07,30x20,V2H,5,2097.0
ga,tai30_20_07,30x20,V2H,6,2157.5
ga,tai30_20_07,30x20,V2H,7,2128.5
ga,tai30_20_07,30x20,V2H,8,2170.0
ga,tai30_20_07,30x20,V2H,9,2148.0
ga,tai30_20_07,30x20,V2H,10,2138.0
ga,tai30_20_07,30x20,V2H,11,2196.0
ga,tai30_20_07,30x20,V2H,12,2136.5
ga,tai30_20_07,30x20,V2H,13,2211.5
ga,tai30_20_07,30x20,V2H,14,2143.5
ga,tai30_20_07,30x20,V2H,15,2184.5
ga,tai30_20_07,30x20,V2H,16,2141.0
ga,tai30_20_07,30x20,V2H,17,2118.0
ga,tai30_20_07,30x20,V2H,18,2162.5
ga,tai30_20_07,30x20,V2H,19,2196.0
ga,tai30_20_07,30x20,V2H,20,2144.5
ga,tai30_20_07,30x20,V2H,21,2085.0
ga,tai30_20_07,30x20,V2H,22,2125.5
ga,tai30_20_07,30x20,V2H,23,2140.0
ga,tai30_20_07,30x20,V2H,24,2144.0
ga,tai30_20_07,30x20,V2H,25,2069.0
ga,tai30_20_07,30x20,V2H,26,2108.5
ga,tai30_20_07,30x20,V2H,27,2185.0
ga,tai30_20_07,30x20,V2H,28,2166.5
ga,tai30_20_07,30x20,V2H,29,2135.5
ga,tai30_20_07,30x20,V2H,30,2147.5
ga,tai30_20_07,30x20,V2,1,2165.5
ga,tai30_20_07,30x20,V2,2,2196.0
ga,tai30_20_07,30x20,V2,3,2196.5
ga,tai30_20_07,30x20,V2,4,2189.0
ga,tai30_20_07,30x20,V2,5,2141.5
ga,tai30_20_07,30x20,V2,6,2196.0
ga,tai30_20_07,30x20,V2,7,2185.0
ga,tai30_20_07,30x20,V2,8,2189.5
ga,tai30_20_07,30x20,V2,9,2148.0
ga,tai30_20_07,30x20,V2,10,2196.0
ga,tai30_20_07,30x20,V2,11,2140.0
ga,tai30_20_07,30x20,V2,12,2209.0
ga,tai30_20_07,30x20,V2,13,2148.0
ga,tai30_20_07,30x20,V2,14,2169.0
ga,tai30_20_07,30x20,V2,15,2090.0
ga,tai30_20_07,30x20,V2,16,2196.5
ga,tai30_20_07,30x20,V2,17,2143.5
ga,tai30_20_07,30x20,V2,18,2185.0
ga,tai30_20_07,30x20,V2,19,2146.0
ga,tai30_20_07,30x20,V2,20,2196.5
ga,tai30_20_07,30x20,V2,21,2132.0
ga,tai30_20_07,30x20,V2,22,2164.5
ga,tai30_20_07,30x20,V2,23,2206.0
ga,tai30_20_07,30x20,V2,24,2196.5
ga,tai30_20_07,30x20,V2,25,2148.0
ga,tai30_20_07,30x20,V2,26,2169.0
ga,tai30_20_07,30x20,V2,27,2133.0
ga,tai30_20_07,30x20,V2,28,2196.5
ga,tai30_20_07,30x20,V2,29,2148.0
ga,tai30_20_07,30x20,V2,30,2169.0
ga,tai30_20_07,30x20,MOR,1,2130.0
ga,tai30_20_07,30x20,MOR,2,2125.0
ga,tai30_20_07,30x20,MOR,3,2132.5
ga,tai30_20_07,30x20,MOR,4,2115.5
ga,tai30_20_07,30x20,MOR,5,2121.0
ga,tai30_20_07,30x20,MOR,6,2122.5
ga,tai30_20_07,30x20,MOR,7,2126.5
ga,tai30_20_07,30x20,MOR,8,2115.5
ga,tai30_20_07,30x20,MOR,9,2140.5
ga,tai30_20_07,30x20,MOR,10,2132.0
ga,tai30_20_07,30x20,MOR,11,2127.0
ga,tai30_20_07,30x20,MOR,12,2132.5
ga,tai30_20_07,30x20,MOR,13,2122.0
ga,tai30_20_07,30x20,MOR,14,2139.5
ga,tai30_20_07,30x20,MOR,15,2162.0
ga,tai30_20_07,30x20,MOR,16,2111.5
ga,tai30_20_07,30x20,MOR,17,2130.0
ga,tai30_20_07,30x20,MOR,18,2122.5
ga,tai30_20_07,30x20,MOR,19,2121.0
ga,tai30_20_07,30x20,MOR,20,2133.0
ga,tai30_20_07,30x20,MOR,21,2124.5
ga,tai30_20_07,30x20,MOR,22,2141.5
ga,tai30_20_07,30x20,MOR,23,2127.5
ga,tai30_20_07,30x20,MOR,24,2133.5
ga,tai30_20_07,30x20,MOR,25,2141.0
ga,tai30_20_07,30x20,MOR,26,2108.0
ga,tai30_20_07,30x20,MOR,27,2122.5
ga,tai30_20_07,30x20,MOR,28,2124.5
ga,tai30_20_07,30x20,MOR,29,2108.5
ga,tai30_20_07,30x20,MOR,30,2143.0
ga,tai30_20_07,30x20,GT,1,2087.0
ga,tai30_20_07,30x20,GT,2,2104.5
ga,tai30_20_07,30x20,GT,3,2092.0
ga,tai30_20_07,30x20,GT,4,2116.5
ga,tai30_20_07,30x20,GT,5,2086.5
ga,tai30_20_07,30x20,GT,6,2082.0
ga,tai30_20_07,30x20,GT,7,2078.5
ga,tai30_20_07,30x20,GT,8,2112.0
ga,tai30_20_07,30x20,GT,9,2090.5
ga,tai30_20_07,30x20,GT,10,2104.5
ga,tai30_20_07,30x20,GT,11,2088.5
ga,tai30_20_07,30x20,GT,12,2101.5
ga,tai30_20_07,30x20,GT,13,2102.0
ga,tai30_20_07,30x20,GT,14,2090.0
ga,tai30_20_07,30x20,GT,15,2116.0
ga,tai30_20_07,30x20,GT,16,2090.0
ga,tai30_20_07,30x20,GT,17,2100.0
ga,tai30_20_07,30x20,GT,18,2095.5
ga,tai30_20_07,30x20,GT,19,2120.0
ga,tai30_20_07,30x20,GT,20,2087.5
ga,tai30_20_07,30x20,GT,21,2113.5
ga,tai30_20_07,30x20,GT,22,2120.5
ga,tai30_20_07,30x20,GT,23,2084.5
ga,tai30_20_07,30x20,GT,24,2107.5
ga,tai30_20_07,30x20,GT,25,2094.0
ga,tai30_20_07,30x20,GT,26,2118.0
ga,tai30_20_07,30x20,GT,27,2085.5
ga,tai30_20_07,30x20,GT,28,2089.5
ga,tai30_20_07,30x20,GT,29,2072.5
ga,tai30_20_07,30x20,GT,30,2115.0
ga,tai30_20_07,30x20,GP,1,2096.0
ga,tai30_20_07,30x20,GP,2,2122.0
ga,tai30_20_07,30x20,GP,3,2130.0
ga,tai30_20_07,30x20,GP,4,2103.5
ga,tai30_20_07,30x20,GP,5,2122.5
ga,tai30_20_07,30x20,GP,6,2104.0
ga,tai30_20_07,30x20,GP,7,2122.0
ga,tai30_20_07,30x20,GP,8,2106.5
ga,tai30_20_07,30x20,GP,9,2117.0
ga,tai30_20_07,30x20,GP,10,2082.0
ga,tai30_20_07,30x20,GP,11,2084.0
ga,tai30_20_07,30x20,GP,12,2088.0
ga,tai30_20_07,30x20,GP,13,2086.0
ga,tai30_20_07,30x20,GP,14,2096.0
ga,tai30_20_07,30x20,GP,15,2103.5
ga,tai30_20_07,30x20,GP,16,2062.0
ga,tai30_20_07,30x20,GP,17,2097.5
ga,tai30_20_07,30x20,GP,18,2164.0
ga,tai30_20_07,30x20,GP,19,2089.0
ga,tai30_20_07,30x20,GP,20,2088.0
ga,tai30_20_07,30x20,GP,21,2087.0
ga,tai30_20_07,30x20,GP,22,2095.5
ga,tai30_20_07,30x20,GP,23,2093.5
ga,tai30_20_07,30x20,GP,24,2098.5
ga,tai30_20_07,30x20,GP,25,2085.0
ga,tai30_20_07,30x20,GP,26,2109.5
ga,tai30_20_07,30x20,GP,27,2105.0
ga,tai30_20_07,30x20,GP,28,2140.5
ga,tai30_20_07,30x20,GP,29,2114.5
ga,tai30_20_07,30x20,GP,30,2101.0
ga,tai30_20_07,30x20,MIX,1,2104.5
ga,tai30_20_07,30x20,MIX,2,2082.5
ga,tai30_20_07,30x20,MIX,3,2102.5
ga,tai30_20_07,30x20,MIX,4,2116.0
ga,tai30_20_07,30x20,MIX,5,2164.0
ga,tai30_20_07,30x20,MIX,6,2125.5
ga,tai30_20_07,30x20,MIX,7,2086.0
ga,tai30_20_07,30x20,MIX,8,2095.0
ga,tai30_20_07,30x20,MIX,9,2105.0
ga,tai30_20_07,30x20,MIX,10,2073.5
ga,tai30_20_07,30x20,MIX,11,2110.5
ga,tai30_20_07,30x20,MIX,12,2130.0
ga,tai30_20_07,30x20,MIX,13,2105.5
ga,tai30_20_07,30x20,MIX,14,2131.5
ga,tai30_20_07,30x20,MIX,15,2060.5
ga,tai30_20_07,30x20,MIX,16,2092.5
ga,tai30_20_07,30x20,MIX,17,2094.0
ga,tai30_20_07,30x20,MIX,18,2090.0
ga,tai30_20_07,30x20,MIX,19,2124.5
ga,tai30_20_07,30x20,MIX,20,2081.0
ga,tai30_20_07,30x20,MIX,21,2087.0
ga,tai30_20_07,30x20,MIX,22,2104.0
ga,tai30_20_07,30x20,MIX,23,2110.0
ga,tai30_20_07,30x20,MIX,24,2088.0
ga,tai30_20_07,30x20,MIX,25,2111.5
ga,tai30_20_07,30x20,MIX,26,2100.5
ga,tai30_20_07,30x20,MIX,27,2099.0
ga,tai30_20_07,30x20,MIX,28,2086.5
ga,tai30_20_07,30x20,MIX,29,2116.0
ga,tai30_20_07,30x20,MIX,30,2114.5
ga,tai30_20_08,30x20,A0,1,2128.0
ga,tai30_20_08,30x20,A0,2,2131.0
ga,tai30_20_08,30x20,A0,3,2145.0
ga,tai30_20_08,30x20,A0,4,2128.0
ga,tai30_20_08,30x20,A0,5,2144.0
ga,tai30_20_08,30x20,A0,6,2131.0
ga,tai30_20_08,30x20,A0,7,2129.5
ga,tai30_20_08,30x20,A0,8,2200.0
ga,tai30_20_08,30x20,A0,9,2123.0
ga,tai30_20_08,30x20,A0,10,2133.5
ga,tai30_20_08,30x20,A0,11,2089.5
ga,tai30_20_08,30x20,A0,12,2152.5
ga,tai30_20_08,30x20,A0,13,2111.5
ga,tai30_20_08,30x20,A0,14,2083.5
ga,tai30_20_08,30x20,A0,15,2168.5
ga,tai30_20_08,30x20,A0,16,2133.0
ga,tai30_20_08,30x20,A0,17,2122.5
ga,tai30_20_08,30x20,A0,18,2175.0
ga,tai30_20_08,30x20,A0,19,2154.5
ga,tai30_20_08,30x20,A0,20,2132.0
ga,tai30_20_08,30x20,A0,21,2144.5
ga,tai30_20_08,30x20,A0,22,2107.5
ga,tai30_20_08,30x20,A0,23,2131.0
ga,tai30_20_08,30x20,A0,24,2106.5
ga,tai30_20_08,30x20,A0,25,2138.0
ga,tai30_20_08,30x20,A0,26,2151.5
ga,tai30_20_08,30x20,A0,27,2130.0
ga,tai30_20_08,30x20,A0,28,2149.5
ga,tai30_20_08,30x20,A0,29,2140.5
ga,tai30_20_08,30x20,A0,30,2132.0
ga,tai30_20_08,30x20,V2H,1,2178.0
ga,tai30_20_08,30x20,V2H,2,2166.0
ga,tai30_20_08,30x20,V2H,3,2140.5
ga,tai30_20_08,30x20,V2H,4,2164.5
ga,tai30_20_08,30x20,V2H,5,2149.5
ga,tai30_20_08,30x20,V2H,6,2139.0
ga,tai30_20_08,30x20,V2H,7,2153.0
ga,tai30_20_08,30x20,V2H,8,2152.0
ga,tai30_20_08,30x20,V2H,9,2175.0
ga,tai30_20_08,30x20,V2H,10,2178.0
ga,tai30_20_08,30x20,V2H,11,2197.0
ga,tai30_20_08,30x20,V2H,12,2185.5
ga,tai30_20_08,30x20,V2H,13,2141.0
ga,tai30_20_08,30x20,V2H,14,2153.5
ga,tai30_20_08,30x20,V2H,15,2133.5
ga,tai30_20_08,30x20,V2H,16,2173.5
ga,tai30_20_08,30x20,V2H,17,2154.0
ga,tai30_20_08,30x20,V2H,18,2137.0
ga,tai30_20_08,30x20,V2H,19,2175.5
ga,tai30_20_08,30x20,V2H,20,2167.5
ga,tai30_20_08,30x20,V2H,21,2151.5
ga,tai30_20_08,30x20,V2H,22,2135.5
ga,tai30_20_08,30x20,V2H,23,2160.5
ga,tai30_20_08,30x20,V2H,24,2156.0
ga,tai30_20_08,30x20,V2H,25,2162.0
ga,tai30_20_08,30x20,V2H,26,2187.0
ga,tai30_20_08,30x20,V2H,27,2160.0
ga,tai30_20_08,30x20,V2H,28,2142.5
ga,tai30_20_08,30x20,V2H,29,2171.0
ga,tai30_20_08,30x20,V2H,30,2137.0
ga,tai30_20_08,30x20,V2,1,2246.5
ga,tai30_20_08,30x20,V2,2,2228.5
ga,tai30_20_08,30x20,V2,3,2180.5
ga,tai30_20_08,30x20,V2,4,2218.5
ga,tai30_20_08,30x20,V2,5,2164.0
ga,tai30_20_08,30x20,V2,6,2188.0
ga,tai30_20_08,30x20,V2,7,2167.5
ga,tai30_20_08,30x20,V2,8,2183.0
ga,tai30_20_08,30x20,V2,9,2227.5
ga,tai30_20_08,30x20,V2,10,2228.0
ga,tai30_20_08,30x20,V2,11,2183.5
ga,tai30_20_08,30x20,V2,12,2250.0
ga,tai30_20_08,30x20,V2,13,2219.0
ga,tai30_20_08,30x20,V2,14,2234.0
ga,tai30_20_08,30x20,V2,15,2246.0
ga,tai30_20_08,30x20,V2,16,2195.5
ga,tai30_20_08,30x20,V2,17,2221.5
ga,tai30_20_08,30x20,V2,18,2221.5
ga,tai30_20_08,30x20,V2,19,2175.0
ga,tai30_20_08,30x20,V2,20,2259.5
ga,tai30_20_08,30x20,V2,21,2228.5
ga,tai30_20_08,30x20,V2,22,2222.5
ga,tai30_20_08,30x20,V2,23,2149.0
ga,tai30_20_08,30x20,V2,24,2201.0
ga,tai30_20_08,30x20,V2,25,2258.5
ga,tai30_20_08,30x20,V2,26,2190.5
ga,tai30_20_08,30x20,V2,27,2143.5
ga,tai30_20_08,30x20,V2,28,2268.0
ga,tai30_20_08,30x20,V2,29,2260.5
ga,tai30_20_08,30x20,V2,30,2291.5
ga,tai30_20_08,30x20,MOR,1,2171.0
ga,tai30_20_08,30x20,MOR,2,2174.0
ga,tai30_20_08,30x20,MOR,3,2181.0
ga,tai30_20_08,30x20,MOR,4,2181.0
ga,tai30_20_08,30x20,MOR,5,2180.5
ga,tai30_20_08,30x20,MOR,6,2146.5
ga,tai30_20_08,30x20,MOR,7,2151.0
ga,tai30_20_08,30x20,MOR,8,2130.5
ga,tai30_20_08,30x20,MOR,9,2190.5
ga,tai30_20_08,30x20,MOR,10,2188.0
ga,tai30_20_08,30x20,MOR,11,2175.5
ga,tai30_20_08,30x20,MOR,12,2174.0
ga,tai30_20_08,30x20,MOR,13,2152.5
ga,tai30_20_08,30x20,MOR,14,2128.0
ga,tai30_20_08,30x20,MOR,15,2177.0
ga,tai30_20_08,30x20,MOR,16,2156.0
ga,tai30_20_08,30x20,MOR,17,2203.0
ga,tai30_20_08,30x20,MOR,18,2156.5
ga,tai30_20_08,30x20,MOR,19,2186.5
ga,tai30_20_08,30x20,MOR,20,2171.0
ga,tai30_20_08,30x20,MOR,21,2186.0
ga,tai30_20_08,30x20,MOR,22,2160.0
ga,tai30_20_08,30x20,MOR,23,2181.0
ga,tai30_20_08,30x20,MOR,24,2168.5
ga,tai30_20_08,30x20,MOR,25,2201.5
ga,tai30_20_08,30x20,MOR,26,2197.0
ga,tai30_20_08,30x20,MOR,27,2175.0
ga,tai30_20_08,30x20,MOR,28,2180.5
ga,tai30_20_08,30x20,MOR,29,2206.5
ga,tai30_20_08,30x20,MOR,30,2165.0
ga,tai30_20_08,30x20,GT,1,2170.5
ga,tai30_20_08,30x20,GT,2,2168.5
ga,tai30_20_08,30x20,GT,3,2183.5
ga,tai30_20_08,30x20,GT,4,2155.0
ga,tai30_20_08,30x20,GT,5,2181.5
ga,tai30_20_08,30x20,GT,6,2160.0
ga,tai30_20_08,30x20,GT,7,2176.0
ga,tai30_20_08,30x20,GT,8,2162.5
ga,tai30_20_08,30x20,GT,9,2139.5
ga,tai30_20_08,30x20,GT,10,2202.5
ga,tai30_20_08,30x20,GT,11,2190.5
ga,tai30_20_08,30x20,GT,12,2180.0
ga,tai30_20_08,30x20,GT,13,2212.5
ga,tai30_20_08,30x20,GT,14,2199.5
ga,tai30_20_08,30x20,GT,15,2194.0
ga,tai30_20_08,30x20,GT,16,2189.0
ga,tai30_20_08,30x20,GT,17,2172.5
ga,tai30_20_08,30x20,GT,18,2181.5
ga,tai30_20_08,30x20,GT,19,2176.0
ga,tai30_20_08,30x20,GT,20,2206.0
ga,tai30_20_08,30x20,GT,21,2144.5
ga,tai30_20_08,30x20,GT,22,2210.0
ga,tai30_20_08,30x20,GT,23,2188.0
ga,tai30_20_08,30x20,GT,24,2190.5
ga,tai30_20_08,30x20,GT,25,2163.0
ga,tai30_20_08,30x20,GT,26,2166.0
ga,tai30_20_08,30x20,GT,27,2163.5
ga,tai30_20_08,30x20,GT,28,2145.5
ga,tai30_20_08,30x20,GT,29,2169.0
ga,tai30_20_08,30x20,GT,30,2154.0
ga,tai30_20_08,30x20,GP,1,2180.0
ga,tai30_20_08,30x20,GP,2,2179.0
ga,tai30_20_08,30x20,GP,3,2178.0
ga,tai30_20_08,30x20,GP,4,2165.5
ga,tai30_20_08,30x20,GP,5,2179.5
ga,tai30_20_08,30x20,GP,6,2154.5
ga,tai30_20_08,30x20,GP,7,2205.0
ga,tai30_20_08,30x20,GP,8,2142.5
ga,tai30_20_08,30x20,GP,9,2132.0
ga,tai30_20_08,30x20,GP,10,2167.5
ga,tai30_20_08,30x20,GP,11,2162.0
ga,tai30_20_08,30x20,GP,12,2140.0
ga,tai30_20_08,30x20,GP,13,2157.5
ga,tai30_20_08,30x20,GP,14,2142.0
ga,tai30_20_08,30x20,GP,15,2152.5
ga,tai30_20_08,30x20,GP,16,2127.5
ga,tai30_20_08,30x20,GP,17,2174.0
ga,tai30_20_08,30x20,GP,18,2215.0
ga,tai30_20_08,30x20,GP,19,2147.5
ga,tai30_20_08,30x20,GP,20,2129.0
ga,tai30_20_08,30x20,GP,21,2179.5
ga,tai30_20_08,30x20,GP,22,2207.5
ga,tai30_20_08,30x20,GP,23,2179.0
ga,tai30_20_08,30x20,GP,24,2136.5
ga,tai30_20_08,30x20,GP,25,2201.0
ga,tai30_20_08,30x20,GP,26,2179.5
ga,tai30_20_08,30x20,GP,27,2123.5
ga,tai30_20_08,30x20,GP,28,2150.0
ga,tai30_20_08,30x20,GP,29,2146.5
ga,tai30_20_08,30x20,GP,30,2165.0
ga,tai30_20_08,30x20,MIX,1,2139.0
ga,tai30_20_08,30x20,MIX,2,2141.0
ga,tai30_20_08,30x20,MIX,3,2156.0
ga,tai30_20_08,30x20,MIX,4,2224.5
ga,tai30_20_08,30x20,MIX,5,2185.0
ga,tai30_20_08,30x20,MIX,6,2209.5
ga,tai30_20_08,30x20,MIX,7,2133.0
ga,tai30_20_08,30x20,MIX,8,2162.5
ga,tai30_20_08,30x20,MIX,9,2170.5
ga,tai30_20_08,30x20,MIX,10,2132.0
ga,tai30_20_08,30x20,MIX,11,2151.0
ga,tai30_20_08,30x20,MIX,12,2213.0
ga,tai30_20_08,30x20,MIX,13,2242.0
ga,tai30_20_08,30x20,MIX,14,2151.0
ga,tai30_20_08,30x20,MIX,15,2161.5
ga,tai30_20_08,30x20,MIX,16,2190.5
ga,tai30_20_08,30x20,MIX,17,2156.5
ga,tai30_20_08,30x20,MIX,18,2187.0
ga,tai30_20_08,30x20,MIX,19,2145.5
ga,tai30_20_08,30x20,MIX,20,2184.0
ga,tai30_20_08,30x20,MIX,21,2164.0
ga,tai30_20_08,30x20,MIX,22,2203.5
ga,tai30_20_08,30x20,MIX,23,2133.0
ga,tai30_20_08,30x20,MIX,24,2151.0
ga,tai30_20_08,30x20,MIX,25,2166.5
ga,tai30_20_08,30x20,MIX,26,2173.0
ga,tai30_20_08,30x20,MIX,27,2160.5
ga,tai30_20_08,30x20,MIX,28,2165.0
ga,tai30_20_08,30x20,MIX,29,2201.5
ga,tai30_20_08,30x20,MIX,30,2166.5
ga,tai30_20_09,30x20,A0,1,2121.0
ga,tai30_20_09,30x20,A0,2,2130.5
ga,tai30_20_09,30x20,A0,3,2170.0
ga,tai30_20_09,30x20,A0,4,2131.0
ga,tai30_20_09,30x20,A0,5,2133.5
ga,tai30_20_09,30x20,A0,6,2151.5
ga,tai30_20_09,30x20,A0,7,2124.5
ga,tai30_20_09,30x20,A0,8,2124.5
ga,tai30_20_09,30x20,A0,9,2138.0
ga,tai30_20_09,30x20,A0,10,2135.0
ga,tai30_20_09,30x20,A0,11,2149.0
ga,tai30_20_09,30x20,A0,12,2119.5
ga,tai30_20_09,30x20,A0,13,2145.0
ga,tai30_20_09,30x20,A0,14,2135.5
ga,tai30_20_09,30x20,A0,15,2150.0
ga,tai30_20_09,30x20,A0,16,2135.5
ga,tai30_20_09,30x20,A0,17,2141.0
ga,tai30_20_09,30x20,A0,18,2137.0
ga,tai30_20_09,30x20,A0,19,2144.0
ga,tai30_20_09,30x20,A0,20,2130.5
ga,tai30_20_09,30x20,A0,21,2136.5
ga,tai30_20_09,30x20,A0,22,2154.0
ga,tai30_20_09,30x20,A0,23,2135.0
ga,tai30_20_09,30x20,A0,24,2141.5
ga,tai30_20_09,30x20,A0,25,2165.0
ga,tai30_20_09,30x20,A0,26,2124.0
ga,tai30_20_09,30x20,A0,27,2119.5
ga,tai30_20_09,30x20,A0,28,2113.0
ga,tai30_20_09,30x20,A0,29,2140.0
ga,tai30_20_09,30x20,A0,30,2162.5
ga,tai30_20_09,30x20,V2H,1,2125.0
ga,tai30_20_09,30x20,V2H,2,2163.5
ga,tai30_20_09,30x20,V2H,3,2146.0
ga,tai30_20_09,30x20,V2H,4,2140.0
ga,tai30_20_09,30x20,V2H,5,2167.5
ga,tai30_20_09,30x20,V2H,6,2188.5
ga,tai30_20_09,30x20,V2H,7,2148.0
ga,tai30_20_09,30x20,V2H,8,2210.0
ga,tai30_20_09,30x20,V2H,9,2166.0
ga,tai30_20_09,30x20,V2H,10,2134.0
ga,tai30_20_09,30x20,V2H,11,2134.0
ga,tai30_20_09,30x20,V2H,12,2146.0
ga,tai30_20_09,30x20,V2H,13,2137.0
ga,tai30_20_09,30x20,V2H,14,2164.0
ga,tai30_20_09,30x20,V2H,15,2155.0
ga,tai30_20_09,30x20,V2H,16,2136.0
ga,tai30_20_09,30x20,V2H,17,2143.0
ga,tai30_20_09,30x20,V2H,18,2148.0
ga,tai30_20_09,30x20,V2H,19,2183.5
ga,tai30_20_09,30x20,V2H,20,2131.5
ga,tai30_20_09,30x20,V2H,21,2162.5
ga,tai30_20_09,30x20,V2H,22,2143.0
ga,tai30_20_09,30x20,V2H,23,2176.0
ga,tai30_20_09,30x20,V2H,24,2210.5
ga,tai30_20_09,30x20,V2H,25,2129.5
ga,tai30_20_09,30x20,V2H,26,2157.0
ga,tai30_20_09,30x20,V2H,27,2148.0
ga,tai30_20_09,30x20,V2H,28,2189.0
ga,tai30_20_09,30x20,V2H,29,2120.5
ga,tai30_20_09,30x20,V2H,30,2159.5
ga,tai30_20_09,30x20,V2,1,2159.5
ga,tai30_20_09,30x20,V2,2,2162.0
ga,tai30_20_09,30x20,V2,3,2149.5
ga,tai30_20_09,30x20,V2,4,2189.0
ga,tai30_20_09,30x20,V2,5,2152.5
ga,tai30_20_09,30x20,V2,6,2193.0
ga,tai30_20_09,30x20,V2,7,2203.5
ga,tai30_20_09,30x20,V2,8,2233.5
ga,tai30_20_09,30x20,V2,9,2156.0
ga,tai30_20_09,30x20,V2,10,2261.5
ga,tai30_20_09,30x20,V2,11,2185.0
ga,tai30_20_09,30x20,V2,12,2186.0
ga,tai30_20_09,30x20,V2,13,2218.5
ga,tai30_20_09,30x20,V2,14,2178.0
ga,tai30_20_09,30x20,V2,15,2184.0
ga,tai30_20_09,30x20,V2,16,2196.0
ga,tai30_20_09,30x20,V2,17,2132.0
ga,tai30_20_09,30x20,V2,18,2201.0
ga,tai30_20_09,30x20,V2,19,2139.0
ga,tai30_20_09,30x20,V2,20,2219.5
ga,tai30_20_09,30x20,V2,21,2125.0
ga,tai30_20_09,30x20,V2,22,2213.5
ga,tai30_20_09,30x20,V2,23,2133.5
ga,tai30_20_09,30x20,V2,24,2171.5
ga,tai30_20_09,30x20,V2,25,2146.5
ga,tai30_20_09,30x20,V2,26,2108.5
ga,tai30_20_09,30x20,V2,27,2191.5
ga,tai30_20_09,30x20,V2,28,2179.0
ga,tai30_20_09,30x20,V2,29,2147.5
ga,tai30_20_09,30x20,V2,30,2163.0
ga,tai30_20_09,30x20,MOR,1,2140.5
ga,tai30_20_09,30x20,MOR,2,2142.5
ga,tai30_20_09,30x20,MOR,3,2132.5
ga,tai30_20_09,30x20,MOR,4,2209.0
ga,tai30_20_09,30x20,MOR,5,2146.5
ga,tai30_20_09,30x20,MOR,6,2161.0
ga,tai30_20_09,30x20,MOR,7,2145.5
ga,tai30_20_09,30x20,MOR,8,2136.5
ga,tai30_20_09,30x20,MOR,9,2153.0
ga,tai30_20_09,30x20,MOR,10,2138.0
ga,tai30_20_09,30x20,MOR,11,2142.0
ga,tai30_20_09,30x20,MOR,12,2153.0
ga,tai30_20_09,30x20,MOR,13,2140.0
ga,tai30_20_09,30x20,MOR,14,2160.0
ga,tai30_20_09,30x20,MOR,15,2167.0
ga,tai30_20_09,30x20,MOR,16,2164.5
ga,tai30_20_09,30x20,MOR,17,2150.5
ga,tai30_20_09,30x20,MOR,18,2169.5
ga,tai30_20_09,30x20,MOR,19,2148.0
ga,tai30_20_09,30x20,MOR,20,2123.0
ga,tai30_20_09,30x20,MOR,21,2149.5
ga,tai30_20_09,30x20,MOR,22,2139.0
ga,tai30_20_09,30x20,MOR,23,2146.0
ga,tai30_20_09,30x20,MOR,24,2144.5
ga,tai30_20_09,30x20,MOR,25,2142.5
ga,tai30_20_09,30x20,MOR,26,2148.0
ga,tai30_20_09,30x20,MOR,27,2138.0
ga,tai30_20_09,30x20,MOR,28,2153.0
ga,tai30_20_09,30x20,MOR,29,2155.0
ga,tai30_20_09,30x20,MOR,30,2133.5
ga,tai30_20_09,30x20,GT,1,2180.0
ga,tai30_20_09,30x20,GT,2,2141.5
ga,tai30_20_09,30x20,GT,3,2146.5
ga,tai30_20_09,30x20,GT,4,2147.5
ga,tai30_20_09,30x20,GT,5,2166.0
ga,tai30_20_09,30x20,GT,6,2139.0
ga,tai30_20_09,30x20,GT,7,2150.5
ga,tai30_20_09,30x20,GT,8,2201.5
ga,tai30_20_09,30x20,GT,9,2191.0
ga,tai30_20_09,30x20,GT,10,2152.0
ga,tai30_20_09,30x20,GT,11,2146.0
ga,tai30_20_09,30x20,GT,12,2156.0
ga,tai30_20_09,30x20,GT,13,2129.0
ga,tai30_20_09,30x20,GT,14,2150.0
ga,tai30_20_09,30x20,GT,15,2197.5
ga,tai30_20_09,30x20,GT,16,2201.0
ga,tai30_20_09,30x20,GT,17,2162.0
ga,tai30_20_09,30x20,GT,18,2194.0
ga,tai30_20_09,30x20,GT,19,2151.5
ga,tai30_20_09,30x20,GT,20,2178.5
ga,tai30_20_09,30x20,GT,21,2135.0
ga,tai30_20_09,30x20,GT,22,2155.0
ga,tai30_20_09,30x20,GT,23,2157.5
ga,tai30_20_09,30x20,GT,24,2154.0
ga,tai30_20_09,30x20,GT,25,2160.0
ga,tai30_20_09,30x20,GT,26,2182.0
ga,tai30_20_09,30x20,GT,27,2156.5
ga,tai30_20_09,30x20,GT,28,2204.5
ga,tai30_20_09,30x20,GT,29,2154.0
ga,tai30_20_09,30x20,GT,30,2150.0
ga,tai30_20_09,30x20,GP,1,2213.5
ga,tai30_20_09,30x20,GP,2,2179.0
ga,tai30_20_09,30x20,GP,3,2144.5
ga,tai30_20_09,30x20,GP,4,2157.5
ga,tai30_20_09,30x20,GP,5,2172.5
ga,tai30_20_09,30x20,GP,6,2164.5
ga,tai30_20_09,30x20,GP,7,2161.0
ga,tai30_20_09,30x20,GP,8,2173.0
ga,tai30_20_09,30x20,GP,9,2166.0
ga,tai30_20_09,30x20,GP,10,2166.0
ga,tai30_20_09,30x20,GP,11,2204.5
ga,tai30_20_09,30x20,GP,12,2173.0
ga,tai30_20_09,30x20,GP,13,2152.0
ga,tai30_20_09,30x20,GP,14,2177.0
ga,tai30_20_09,30x20,GP,15,2196.5
ga,tai30_20_09,30x20,GP,16,2198.0
ga,tai30_20_09,30x20,GP,17,2177.0
ga,tai30_20_09,30x20,GP,18,2173.0
ga,tai30_20_09,30x20,GP,19,2185.0
ga,tai30_20_09,30x20,GP,20,2194.0
ga,tai30_20_09,30x20,GP,21,2135.5
ga,tai30_20_09,30x20,GP,22,2153.5
ga,tai30_20_09,30x20,GP,23,2148.0
ga,tai30_20_09,30x20,GP,24,2253.5
ga,tai30_20_09,30x20,GP,25,2151.5
ga,tai30_20_09,30x20,GP,26,2190.0
ga,tai30_20_09,30x20,GP,27,2219.0
ga,tai30_20_09,30x20,GP,28,2187.5
ga,tai30_20_09,30x20,GP,29,2189.0
ga,tai30_20_09,30x20,GP,30,2185.5
ga,tai30_20_09,30x20,MIX,1,2142.5
ga,tai30_20_09,30x20,MIX,2,2182.0
ga,tai30_20_09,30x20,MIX,3,2172.0
ga,tai30_20_09,30x20,MIX,4,2178.0
ga,tai30_20_09,30x20,MIX,5,2178.0
ga,tai30_20_09,30x20,MIX,6,2171.5
ga,tai30_20_09,30x20,MIX,7,2185.5
ga,tai30_20_09,30x20,MIX,8,2192.0
ga,tai30_20_09,30x20,MIX,9,2186.5
ga,tai30_20_09,30x20,MIX,10,2178.5
ga,tai30_20_09,30x20,MIX,11,2165.0
ga,tai30_20_09,30x20,MIX,12,2161.5
ga,tai30_20_09,30x20,MIX,13,2141.0
ga,tai30_20_09,30x20,MIX,14,2199.0
ga,tai30_20_09,30x20,MIX,15,2195.5
ga,tai30_20_09,30x20,MIX,16,2146.0
ga,tai30_20_09,30x20,MIX,17,2137.0
ga,tai30_20_09,30x20,MIX,18,2168.0
ga,tai30_20_09,30x20,MIX,19,2159.0
ga,tai30_20_09,30x20,MIX,20,2151.5
ga,tai30_20_09,30x20,MIX,21,2197.5
ga,tai30_20_09,30x20,MIX,22,2196.0
ga,tai30_20_09,30x20,MIX,23,2189.5
ga,tai30_20_09,30x20,MIX,24,2176.0
ga,tai30_20_09,30x20,MIX,25,2169.5
ga,tai30_20_09,30x20,MIX,26,2189.0
ga,tai30_20_09,30x20,MIX,27,2180.5
ga,tai30_20_09,30x20,MIX,28,2175.0
ga,tai30_20_09,30x20,MIX,29,2160.5
ga,tai30_20_09,30x20,MIX,30,2156.0
ga,tai30_20_10,30x20,A0,1,2197.0
ga,tai30_20_10,30x20,A0,2,2120.0
ga,tai30_20_10,30x20,A0,3,2162.0
ga,tai30_20_10,30x20,A0,4,2177.5
ga,tai30_20_10,30x20,A0,5,2135.0
ga,tai30_20_10,30x20,A0,6,2141.5
ga,tai30_20_10,30x20,A0,7,2125.0
ga,tai30_20_10,30x20,A0,8,2178.5
ga,tai30_20_10,30x20,A0,9,2165.0
ga,tai30_20_10,30x20,A0,10,2199.0
ga,tai30_20_10,30x20,A0,11,2132.5
ga,tai30_20_10,30x20,A0,12,2195.0
ga,tai30_20_10,30x20,A0,13,2169.0
ga,tai30_20_10,30x20,A0,14,2181.5
ga,tai30_20_10,30x20,A0,15,2163.0
ga,tai30_20_10,30x20,A0,16,2160.0
ga,tai30_20_10,30x20,A0,17,2146.0
ga,tai30_20_10,30x20,A0,18,2163.5
ga,tai30_20_10,30x20,A0,19,2167.5
ga,tai30_20_10,30x20,A0,20,2163.5
ga,tai30_20_10,30x20,A0,21,2154.5
ga,tai30_20_10,30x20,A0,22,2154.0
ga,tai30_20_10,30x20,A0,23,2215.5
ga,tai30_20_10,30x20,A0,24,2162.5
ga,tai30_20_10,30x20,A0,25,2153.0
ga,tai30_20_10,30x20,A0,26,2197.0
ga,tai30_20_10,30x20,A0,27,2165.0
ga,tai30_20_10,30x20,A0,28,2137.0
ga,tai30_20_10,30x20,A0,29,2176.0
ga,tai30_20_10,30x20,A0,30,2227.0
ga,tai30_20_10,30x20,V2H,1,2168.0
ga,tai30_20_10,30x20,V2H,2,2147.5
ga,tai30_20_10,30x20,V2H,3,2154.0
ga,tai30_20_10,30x20,V2H,4,2139.0
ga,tai30_20_10,30x20,V2H,5,2195.0
ga,tai30_20_10,30x20,V2H,6,2120.0
ga,tai30_20_10,30x20,V2H,7,2154.0
ga,tai30_20_10,30x20,V2H,8,2188.0
ga,tai30_20_10,30x20,V2H,9,2165.5
ga,tai30_20_10,30x20,V2H,10,2171.5
ga,tai30_20_10,30x20,V2H,11,2161.0
ga,tai30_20_10,30x20,V2H,12,2135.0
ga,tai30_20_10,30x20,V2H,13,2190.5
ga,tai30_20_10,30x20,V2H,14,2169.0
ga,tai30_20_10,30x20,V2H,15,2156.0
ga,tai30_20_10,30x20,V2H,16,2170.5
ga,tai30_20_10,30x20,V2H,17,2133.5
ga,tai30_20_10,30x20,V2H,18,2154.5
ga,tai30_20_10,30x20,V2H,19,2172.5
ga,tai30_20_10,30x20,V2H,20,2154.0
ga,tai30_20_10,30x20,V2H,21,2167.5
ga,tai30_20_10,30x20,V2H,22,2153.0
ga,tai30_20_10,30x20,V2H,23,2154.5
ga,tai30_20_10,30x20,V2H,24,2173.0
ga,tai30_20_10,30x20,V2H,25,2184.0
ga,tai30_20_10,30x20,V2H,26,2144.5
ga,tai30_20_10,30x20,V2H,27,2221.5
ga,tai30_20_10,30x20,V2H,28,2162.0
ga,tai30_20_10,30x20,V2H,29,2153.0
ga,tai30_20_10,30x20,V2H,30,2211.5
ga,tai30_20_10,30x20,V2,1,2161.0
ga,tai30_20_10,30x20,V2,2,2132.5
ga,tai30_20_10,30x20,V2,3,2155.0
ga,tai30_20_10,30x20,V2,4,2178.5
ga,tai30_20_10,30x20,V2,5,2168.0
ga,tai30_20_10,30x20,V2,6,2169.0
ga,tai30_20_10,30x20,V2,7,2182.0
ga,tai30_20_10,30x20,V2,8,2181.5
ga,tai30_20_10,30x20,V2,9,2134.5
ga,tai30_20_10,30x20,V2,10,2177.5
ga,tai30_20_10,30x20,V2,11,2181.0
ga,tai30_20_10,30x20,V2,12,2134.5
ga,tai30_20_10,30x20,V2,13,2139.5
ga,tai30_20_10,30x20,V2,14,2147.0
ga,tai30_20_10,30x20,V2,15,2171.0
ga,tai30_20_10,30x20,V2,16,2178.5
ga,tai30_20_10,30x20,V2,17,2177.0
ga,tai30_20_10,30x20,V2,18,2180.5
ga,tai30_20_10,30x20,V2,19,2198.5
ga,tai30_20_10,30x20,V2,20,2160.0
ga,tai30_20_10,30x20,V2,21,2240.5
ga,tai30_20_10,30x20,V2,22,2148.5
ga,tai30_20_10,30x20,V2,23,2142.5
ga,tai30_20_10,30x20,V2,24,2146.5
ga,tai30_20_10,30x20,V2,25,2128.0
ga,tai30_20_10,30x20,V2,26,2136.0
ga,tai30_20_10,30x20,V2,27,2158.5
ga,tai30_20_10,30x20,V2,28,2123.0
ga,tai30_20_10,30x20,V2,29,2185.0
ga,tai30_20_10,30x20,V2,30,2186.0
ga,tai30_20_10,30x20,MOR,1,2198.5
ga,tai30_20_10,30x20,MOR,2,2194.0
ga,tai30_20_10,30x20,MOR,3,2234.5
ga,tai30_20_10,30x20,MOR,4,2200.0
ga,tai30_20_10,30x20,MOR,5,2198.5
ga,tai30_20_10,30x20,MOR,6,2198.0
ga,tai30_20_10,30x20,MOR,7,2205.0
ga,tai30_20_10,30x20,MOR,8,2206.0
ga,tai30_20_10,30x20,MOR,9,2219.5
ga,tai30_20_10,30x20,MOR,10,2217.0
ga,tai30_20_10,30x20,MOR,11,2214.0
ga,tai30_20_10,30x20,MOR,12,2191.5
ga,tai30_20_10,30x20,MOR,13,2219.5
ga,tai30_20_10,30x20,MOR,14,2228.5
ga,tai30_20_10,30x20,MOR,15,2202.0
ga,tai30_20_10,30x20,MOR,16,2215.0
ga,tai30_20_10,30x20,MOR,17,2232.0
ga,tai30_20_10,30x20,MOR,18,2197.5
ga,tai30_20_10,30x20,MOR,19,2197.0
ga,tai30_20_10,30x20,MOR,20,2170.0
ga,tai30_20_10,30x20,MOR,21,2183.0
ga,tai30_20_10,30x20,MOR,22,2190.5
ga,tai30_20_10,30x20,MOR,23,2169.5
ga,tai30_20_10,30x20,MOR,24,2195.0
ga,tai30_20_10,30x20,MOR,25,2204.0
ga,tai30_20_10,30x20,MOR,26,2192.5
ga,tai30_20_10,30x20,MOR,27,2191.5
ga,tai30_20_10,30x20,MOR,28,2208.0
ga,tai30_20_10,30x20,MOR,29,2189.5
ga,tai30_20_10,30x20,MOR,30,2198.0
ga,tai30_20_10,30x20,GT,1,2181.0
ga,tai30_20_10,30x20,GT,2,2183.0
ga,tai30_20_10,30x20,GT,3,2165.5
ga,tai30_20_10,30x20,GT,4,2183.5
ga,tai30_20_10,30x20,GT,5,2176.0
ga,tai30_20_10,30x20,GT,6,2192.5
ga,tai30_20_10,30x20,GT,7,2192.0
ga,tai30_20_10,30x20,GT,8,2170.0
ga,tai30_20_10,30x20,GT,9,2191.0
ga,tai30_20_10,30x20,GT,10,2229.0
ga,tai30_20_10,30x20,GT,11,2225.0
ga,tai30_20_10,30x20,GT,12,2182.5
ga,tai30_20_10,30x20,GT,13,2182.0
ga,tai30_20_10,30x20,GT,14,2177.5
ga,tai30_20_10,30x20,GT,15,2199.5
ga,tai30_20_10,30x20,GT,16,2184.0
ga,tai30_20_10,30x20,GT,17,2169.0
ga,tai30_20_10,30x20,GT,18,2176.0
ga,tai30_20_10,30x20,GT,19,2186.0
ga,tai30_20_10,30x20,GT,20,2167.0
ga,tai30_20_10,30x20,GT,21,2202.0
ga,tai30_20_10,30x20,GT,22,2183.0
ga,tai30_20_10,30x20,GT,23,2146.0
ga,tai30_20_10,30x20,GT,24,2162.5
ga,tai30_20_10,30x20,GT,25,2188.0
ga,tai30_20_10,30x20,GT,26,2181.0
ga,tai30_20_10,30x20,GT,27,2166.0
ga,tai30_20_10,30x20,GT,28,2162.0
ga,tai30_20_10,30x20,GT,29,2194.5
ga,tai30_20_10,30x20,GT,30,2176.0
ga,tai30_20_10,30x20,GP,1,2192.5
ga,tai30_20_10,30x20,GP,2,2190.0
ga,tai30_20_10,30x20,GP,3,2195.0
ga,tai30_20_10,30x20,GP,4,2189.0
ga,tai30_20_10,30x20,GP,5,2189.0
ga,tai30_20_10,30x20,GP,6,2189.5
ga,tai30_20_10,30x20,GP,7,2205.5
ga,tai30_20_10,30x20,GP,8,2229.0
ga,tai30_20_10,30x20,GP,9,2174.5
ga,tai30_20_10,30x20,GP,10,2176.0
ga,tai30_20_10,30x20,GP,11,2177.0
ga,tai30_20_10,30x20,GP,12,2189.0
ga,tai30_20_10,30x20,GP,13,2193.0
ga,tai30_20_10,30x20,GP,14,2219.0
ga,tai30_20_10,30x20,GP,15,2207.0
ga,tai30_20_10,30x20,GP,16,2200.0
ga,tai30_20_10,30x20,GP,17,2194.0
ga,tai30_20_10,30x20,GP,18,2193.5
ga,tai30_20_10,30x20,GP,19,2194.5
ga,tai30_20_10,30x20,GP,20,2228.0
ga,tai30_20_10,30x20,GP,21,2178.5
ga,tai30_20_10,30x20,GP,22,2193.5
ga,tai30_20_10,30x20,GP,23,2193.5
ga,tai30_20_10,30x20,GP,24,2221.5
ga,tai30_20_10,30x20,GP,25,2193.5
ga,tai30_20_10,30x20,GP,26,2199.0
ga,tai30_20_10,30x20,GP,27,2193.5
ga,tai30_20_10,30x20,GP,28,2192.5
ga,tai30_20_10,30x20,GP,29,2214.0
ga,tai30_20_10,30x20,GP,30,2188.5
ga,tai30_20_10,30x20,MIX,1,2158.0
ga,tai30_20_10,30x20,MIX,2,2151.0
ga,tai30_20_10,30x20,MIX,3,2198.5
ga,tai30_20_10,30x20,MIX,4,2175.5
ga,tai30_20_10,30x20,MIX,5,2163.5
ga,tai30_20_10,30x20,MIX,6,2150.0
ga,tai30_20_10,30x20,MIX,7,2176.0
ga,tai30_20_10,30x20,MIX,8,2142.0
ga,tai30_20_10,30x20,MIX,9,2175.5
ga,tai30_20_10,30x20,MIX,10,2155.5
ga,tai30_20_10,30x20,MIX,11,2165.0
ga,tai30_20_10,30x20,MIX,12,2176.0
ga,tai30_20_10,30x20,MIX,13,2213.0
ga,tai30_20_10,30x20,MIX,14,2121.5
ga,tai30_20_10,30x20,MIX,15,2190.5
ga,tai30_20_10,30x20,MIX,16,2197.0
ga,tai30_20_10,30x20,MIX,17,2199.5
ga,tai30_20_10,30x20,MIX,18,2177.0
ga,tai30_20_10,30x20,MIX,19,2177.5
ga,tai30_20_10,30x20,MIX,20,2214.0
ga,tai30_20_10,30x20,MIX,21,2148.0
ga,tai30_20_10,30x20,MIX,22,2151.0
ga,tai30_20_10,30x20,MIX,23,2142.5
ga,tai30_20_10,30x20,MIX,24,2173.5
ga,tai30_20_10,30x20,MIX,25,2171.0
ga,tai30_20_10,30x20,MIX,26,2159.0
ga,tai30_20_10,30x20,MIX,27,2159.5
ga,tai30_20_10,30x20,MIX,28,2178.0
ga,tai30_20_10,30x20,MIX,29,2150.0
ga,tai30_20_10,30x20,MIX,30,2189.5
ga,tai50_15_01,50x15,A0,1,2916.5
ga,tai50_15_01,50x15,A0,2,2909.0
ga,tai50_15_01,50x15,A0,3,2887.0
ga,tai50_15_01,50x15,A0,4,2927.5
ga,tai50_15_01,50x15,A0,5,2899.5
ga,tai50_15_01,50x15,A0,6,2917.5
ga,tai50_15_01,50x15,A0,7,2900.5
ga,tai50_15_01,50x15,A0,8,2915.5
ga,tai50_15_01,50x15,A0,9,2904.0
ga,tai50_15_01,50x15,A0,10,2911.5
ga,tai50_15_01,50x15,A0,11,2928.0
ga,tai50_15_01,50x15,A0,12,2883.5
ga,tai50_15_01,50x15,A0,13,2929.0
ga,tai50_15_01,50x15,A0,14,2900.0
ga,tai50_15_01,50x15,A0,15,2932.0
ga,tai50_15_01,50x15,A0,16,2926.0
ga,tai50_15_01,50x15,A0,17,2923.5
ga,tai50_15_01,50x15,A0,18,2899.5
ga,tai50_15_01,50x15,A0,19,2911.0
ga,tai50_15_01,50x15,A0,20,2903.0
ga,tai50_15_01,50x15,A0,21,2928.5
ga,tai50_15_01,50x15,A0,22,2935.5
ga,tai50_15_01,50x15,A0,23,2906.0
ga,tai50_15_01,50x15,A0,24,2912.5
ga,tai50_15_01,50x15,A0,25,2918.5
ga,tai50_15_01,50x15,A0,26,2913.5
ga,tai50_15_01,50x15,A0,27,2890.5
ga,tai50_15_01,50x15,A0,28,2908.5
ga,tai50_15_01,50x15,A0,29,2905.0
ga,tai50_15_01,50x15,A0,30,2915.0
ga,tai50_15_01,50x15,V2H,1,2892.5
ga,tai50_15_01,50x15,V2H,2,2906.0
ga,tai50_15_01,50x15,V2H,3,2901.5
ga,tai50_15_01,50x15,V2H,4,2889.0
ga,tai50_15_01,50x15,V2H,5,2900.0
ga,tai50_15_01,50x15,V2H,6,2894.5
ga,tai50_15_01,50x15,V2H,7,2906.0
ga,tai50_15_01,50x15,V2H,8,2905.0
ga,tai50_15_01,50x15,V2H,9,2907.5
ga,tai50_15_01,50x15,V2H,10,2921.0
ga,tai50_15_01,50x15,V2H,11,2903.5
ga,tai50_15_01,50x15,V2H,12,2920.0
ga,tai50_15_01,50x15,V2H,13,2927.0
ga,tai50_15_01,50x15,V2H,14,2936.5
ga,tai50_15_01,50x15,V2H,15,2921.5
ga,tai50_15_01,50x15,V2H,16,2908.5
ga,tai50_15_01,50x15,V2H,17,2907.5
ga,tai50_15_01,50x15,V2H,18,2906.0
ga,tai50_15_01,50x15,V2H,19,2901.5
ga,tai50_15_01,50x15,V2H,20,2919.0
ga,tai50_15_01,50x15,V2H,21,2908.5
ga,tai50_15_01,50x15,V2H,22,2898.0
ga,tai50_15_01,50x15,V2H,23,2893.5
ga,tai50_15_01,50x15,V2H,24,2891.0
ga,tai50_15_01,50x15,V2H,25,2892.0
ga,tai50_15_01,50x15,V2H,26,2896.5
ga,tai50_15_01,50x15,V2H,27,2891.5
ga,tai50_15_01,50x15,V2H,28,2925.5
ga,tai50_15_01,50x15,V2H,29,2891.0
ga,tai50_15_01,50x15,V2H,30,2937.0
ga,tai50_15_01,50x15,V2,1,2910.0
ga,tai50_15_01,50x15,V2,2,2923.0
ga,tai50_15_01,50x15,V2,3,2916.5
ga,tai50_15_01,50x15,V2,4,2922.0
ga,tai50_15_01,50x15,V2,5,2896.0
ga,tai50_15_01,50x15,V2,6,2898.5
ga,tai50_15_01,50x15,V2,7,2916.5
ga,tai50_15_01,50x15,V2,8,2905.5
ga,tai50_15_01,50x15,V2,9,2901.5
ga,tai50_15_01,50x15,V2,10,2915.5
ga,tai50_15_01,50x15,V2,11,2933.0
ga,tai50_15_01,50x15,V2,12,2902.0
ga,tai50_15_01,50x15,V2,13,2895.0
ga,tai50_15_01,50x15,V2,14,2933.0
ga,tai50_15_01,50x15,V2,15,2902.5
ga,tai50_15_01,50x15,V2,16,2903.5
ga,tai50_15_01,50x15,V2,17,2915.0
ga,tai50_15_01,50x15,V2,18,2892.0
ga,tai50_15_01,50x15,V2,19,2914.5
ga,tai50_15_01,50x15,V2,20,2895.5
ga,tai50_15_01,50x15,V2,21,2878.5
ga,tai50_15_01,50x15,V2,22,2908.5
ga,tai50_15_01,50x15,V2,23,2920.5
ga,tai50_15_01,50x15,V2,24,2900.0
ga,tai50_15_01,50x15,V2,25,2914.0
ga,tai50_15_01,50x15,V2,26,2901.0
ga,tai50_15_01,50x15,V2,27,2895.5
ga,tai50_15_01,50x15,V2,28,2917.5
ga,tai50_15_01,50x15,V2,29,2883.5
ga,tai50_15_01,50x15,V2,30,2892.5
ga,tai50_15_01,50x15,MOR,1,3022.0
ga,tai50_15_01,50x15,MOR,2,3076.5
ga,tai50_15_01,50x15,MOR,3,3028.5
ga,tai50_15_01,50x15,MOR,4,3047.0
ga,tai50_15_01,50x15,MOR,5,3094.0
ga,tai50_15_01,50x15,MOR,6,3070.0
ga,tai50_15_01,50x15,MOR,7,3058.5
ga,tai50_15_01,50x15,MOR,8,3080.5
ga,tai50_15_01,50x15,MOR,9,3070.0
ga,tai50_15_01,50x15,MOR,10,3075.0
ga,tai50_15_01,50x15,MOR,11,3073.0
ga,tai50_15_01,50x15,MOR,12,3020.0
ga,tai50_15_01,50x15,MOR,13,3026.0
ga,tai50_15_01,50x15,MOR,14,3066.0
ga,tai50_15_01,50x15,MOR,15,3073.5
ga,tai50_15_01,50x15,MOR,16,2977.0
ga,tai50_15_01,50x15,MOR,17,3075.0
ga,tai50_15_01,50x15,MOR,18,3057.5
ga,tai50_15_01,50x15,MOR,19,3102.5
ga,tai50_15_01,50x15,MOR,20,3026.0
ga,tai50_15_01,50x15,MOR,21,3059.0
ga,tai50_15_01,50x15,MOR,22,3033.0
ga,tai50_15_01,50x15,MOR,23,3080.5
ga,tai50_15_01,50x15,MOR,24,3076.0
ga,tai50_15_01,50x15,MOR,25,3047.5
ga,tai50_15_01,50x15,MOR,26,3022.5
ga,tai50_15_01,50x15,MOR,27,3073.5
ga,tai50_15_01,50x15,MOR,28,3026.5
ga,tai50_15_01,50x15,MOR,29,3053.0
ga,tai50_15_01,50x15,MOR,30,3033.0
ga,tai50_15_01,50x15,GT,1,2972.5
ga,tai50_15_01,50x15,GT,2,2992.0
ga,tai50_15_01,50x15,GT,3,2973.0
ga,tai50_15_01,50x15,GT,4,2974.0
ga,tai50_15_01,50x15,GT,5,2961.5
ga,tai50_15_01,50x15,GT,6,2928.5
ga,tai50_15_01,50x15,GT,7,2974.0
ga,tai50_15_01,50x15,GT,8,2956.0
ga,tai50_15_01,50x15,GT,9,2991.0
ga,tai50_15_01,50x15,GT,10,2959.0
ga,tai50_15_01,50x15,GT,11,2996.5
ga,tai50_15_01,50x15,GT,12,2979.5
ga,tai50_15_01,50x15,GT,13,2987.5
ga,tai50_15_01,50x15,GT,14,2969.5
ga,tai50_15_01,50x15,GT,15,2975.5
ga,tai50_15_01,50x15,GT,16,2959.5
ga,tai50_15_01,50x15,GT,17,2968.5
ga,tai50_15_01,50x15,GT,18,2963.0
ga,tai50_15_01,50x15,GT,19,2978.5
ga,tai50_15_01,50x15,GT,20,2924.0
ga,tai50_15_01,50x15,GT,21,2960.5
ga,tai50_15_01,50x15,GT,22,2968.5
ga,tai50_15_01,50x15,GT,23,2947.0
ga,tai50_15_01,50x15,GT,24,2959.0
ga,tai50_15_01,50x15,GT,25,2970.0
ga,tai50_15_01,50x15,GT,26,2963.0
ga,tai50_15_01,50x15,GT,27,2967.5
ga,tai50_15_01,50x15,GT,28,2941.0
ga,tai50_15_01,50x15,GT,29,2978.0
ga,tai50_15_01,50x15,GT,30,2958.0
ga,tai50_15_01,50x15,GP,1,2960.5
ga,tai50_15_01,50x15,GP,2,2954.0
ga,tai50_15_01,50x15,GP,3,2960.0
ga,tai50_15_01,50x15,GP,4,2941.5
ga,tai50_15_01,50x15,GP,5,2942.5
ga,tai50_15_01,50x15,GP,6,2929.5
ga,tai50_15_01,50x15,GP,7,2958.5
ga,tai50_15_01,50x15,GP,8,2919.5
ga,tai50_15_01,50x15,GP,9,2930.5
ga,tai50_15_01,50x15,GP,10,2942.5
ga,tai50_15_01,50x15,GP,11,2970.0
ga,tai50_15_01,50x15,GP,12,2959.0
ga,tai50_15_01,50x15,GP,13,2911.0
ga,tai50_15_01,50x15,GP,14,2944.0
ga,tai50_15_01,50x15,GP,15,2953.5
ga,tai50_15_01,50x15,GP,16,2955.5
ga,tai50_15_01,50x15,GP,17,2922.0
ga,tai50_15_01,50x15,GP,18,2943.5
ga,tai50_15_01,50x15,GP,19,2920.5
ga,tai50_15_01,50x15,GP,20,2926.0
ga,tai50_15_01,50x15,GP,21,2929.0
ga,tai50_15_01,50x15,GP,22,2947.5
ga,tai50_15_01,50x15,GP,23,2945.5
ga,tai50_15_01,50x15,GP,24,2943.0
ga,tai50_15_01,50x15,GP,25,2958.5
ga,tai50_15_01,50x15,GP,26,2946.5
ga,tai50_15_01,50x15,GP,27,2959.0
ga,tai50_15_01,50x15,GP,28,2944.5
ga,tai50_15_01,50x15,GP,29,2908.5
ga,tai50_15_01,50x15,GP,30,2940.5
ga,tai50_15_01,50x15,MIX,1,2925.0
ga,tai50_15_01,50x15,MIX,2,2900.0
ga,tai50_15_01,50x15,MIX,3,2902.5
ga,tai50_15_01,50x15,MIX,4,2901.0
ga,tai50_15_01,50x15,MIX,5,2919.0
ga,tai50_15_01,50x15,MIX,6,2911.0
ga,tai50_15_01,50x15,MIX,7,2888.0
ga,tai50_15_01,50x15,MIX,8,2897.5
ga,tai50_15_01,50x15,MIX,9,2898.5
ga,tai50_15_01,50x15,MIX,10,2907.0
ga,tai50_15_01,50x15,MIX,11,2876.5
ga,tai50_15_01,50x15,MIX,12,2896.0
ga,tai50_15_01,50x15,MIX,13,2907.0
ga,tai50_15_01,50x15,MIX,14,2901.5
ga,tai50_15_01,50x15,MIX,15,2875.0
ga,tai50_15_01,50x15,MIX,16,2908.0
ga,tai50_15_01,50x15,MIX,17,2926.0
ga,tai50_15_01,50x15,MIX,18,2907.0
ga,tai50_15_01,50x15,MIX,19,2904.0
ga,tai50_15_01,50x15,MIX,20,2912.5
ga,tai50_15_01,50x15,MIX,21,2889.5
ga,tai50_15_01,50x15,MIX,22,2915.0
ga,tai50_15_01,50x15,MIX,23,2898.0
ga,tai50_15_01,50x15,MIX,24,2918.0
ga,tai50_15_01,50x15,MIX,25,2912.5
ga,tai50_15_01,50x15,MIX,26,2920.5
ga,tai50_15_01,50x15,MIX,27,2900.0
ga,tai50_15_01,50x15,MIX,28,2873.5
ga,tai50_15_01,50x15,MIX,29,2908.5
ga,tai50_15_01,50x15,MIX,30,2913.0
ga,tai50_15_02,50x15,A0,1,2916.5
ga,tai50_15_02,50x15,A0,2,2873.5
ga,tai50_15_02,50x15,A0,3,2875.5
ga,tai50_15_02,50x15,A0,4,2899.5
ga,tai50_15_02,50x15,A0,5,2864.0
ga,tai50_15_02,50x15,A0,6,2877.0
ga,tai50_15_02,50x15,A0,7,2880.0
ga,tai50_15_02,50x15,A0,8,2875.5
ga,tai50_15_02,50x15,A0,9,2865.5
ga,tai50_15_02,50x15,A0,10,2893.5
ga,tai50_15_02,50x15,A0,11,2875.0
ga,tai50_15_02,50x15,A0,12,2873.0
ga,tai50_15_02,50x15,A0,13,2914.5
ga,tai50_15_02,50x15,A0,14,2896.5
ga,tai50_15_02,50x15,A0,15,2874.0
ga,tai50_15_02,50x15,A0,16,2881.0
ga,tai50_15_02,50x15,A0,17,2885.0
ga,tai50_15_02,50x15,A0,18,2880.0
ga,tai50_15_02,50x15,A0,19,2864.5
ga,tai50_15_02,50x15,A0,20,2887.0
ga,tai50_15_02,50x15,A0,21,2866.5
ga,tai50_15_02,50x15,A0,22,2891.0
ga,tai50_15_02,50x15,A0,23,2891.5
ga,tai50_15_02,50x15,A0,24,2872.5
ga,tai50_15_02,50x15,A0,25,2871.0
ga,tai50_15_02,50x15,A0,26,2907.0
ga,tai50_15_02,50x15,A0,27,2875.5
ga,tai50_15_02,50x15,A0,28,2871.5
ga,tai50_15_02,50x15,A0,29,2876.5
ga,tai50_15_02,50x15,A0,30,2902.0
ga,tai50_15_02,50x15,V2H,1,2881.5
ga,tai50_15_02,50x15,V2H,2,2859.5
ga,tai50_15_02,50x15,V2H,3,2887.0
ga,tai50_15_02,50x15,V2H,4,2855.0
ga,tai50_15_02,50x15,V2H,5,2924.5
ga,tai50_15_02,50x15,V2H,6,2888.5
ga,tai50_15_02,50x15,V2H,7,2905.0
ga,tai50_15_02,50x15,V2H,8,2895.0
ga,tai50_15_02,50x15,V2H,9,2868.5
ga,tai50_15_02,50x15,V2H,10,2896.0
ga,tai50_15_02,50x15,V2H,11,2914.5
ga,tai50_15_02,50x15,V2H,12,2897.0
ga,tai50_15_02,50x15,V2H,13,2900.5
ga,tai50_15_02,50x15,V2H,14,2896.0
ga,tai50_15_02,50x15,V2H,15,2892.5
ga,tai50_15_02,50x15,V2H,16,2892.0
ga,tai50_15_02,50x15,V2H,17,2889.5
ga,tai50_15_02,50x15,V2H,18,2858.0
ga,tai50_15_02,50x15,V2H,19,2889.5
ga,tai50_15_02,50x15,V2H,20,2893.0
ga,tai50_15_02,50x15,V2H,21,2894.0
ga,tai50_15_02,50x15,V2H,22,2887.0
ga,tai50_15_02,50x15,V2H,23,2904.5
ga,tai50_15_02,50x15,V2H,24,2887.0
ga,tai50_15_02,50x15,V2H,25,2881.5
ga,tai50_15_02,50x15,V2H,26,2904.0
ga,tai50_15_02,50x15,V2H,27,2854.0
ga,tai50_15_02,50x15,V2H,28,2887.0
ga,tai50_15_02,50x15,V2H,29,2880.5
ga,tai50_15_02,50x15,V2H,30,2898.0
ga,tai50_15_02,50x15,V2,1,2877.0
ga,tai50_15_02,50x15,V2,2,2868.0
ga,tai50_15_02,50x15,V2,3,2894.0
ga,tai50_15_02,50x15,V2,4,2896.5
ga,tai50_15_02,50x15,V2,5,2884.5
ga,tai50_15_02,50x15,V2,6,2887.0
ga,tai50_15_02,50x15,V2,7,2893.5
ga,tai50_15_02,50x15,V2,8,2891.5
ga,tai50_15_02,50x15,V2,9,2876.0
ga,tai50_15_02,50x15,V2,10,2871.0
ga,tai50_15_02,50x15,V2,11,2859.5
ga,tai50_15_02,50x15,V2,12,2877.0
ga,tai50_15_02,50x15,V2,13,2883.5
ga,tai50_15_02,50x15,V2,14,2880.5
ga,tai50_15_02,50x15,V2,15,2875.5
ga,tai50_15_02,50x15,V2,16,2901.0
ga,tai50_15_02,50x15,V2,17,2880.0
ga,tai50_15_02,50x15,V2,18,2880.0
ga,tai50_15_02,50x15,V2,19,2889.5
ga,tai50_15_02,50x15,V2,20,2884.0
ga,tai50_15_02,50x15,V2,21,2873.0
ga,tai50_15_02,50x15,V2,22,2874.5
ga,tai50_15_02,50x15,V2,23,2908.0
ga,tai50_15_02,50x15,V2,24,2916.0
ga,tai50_15_02,50x15,V2,25,2884.0
ga,tai50_15_02,50x15,V2,26,2884.5
ga,tai50_15_02,50x15,V2,27,2884.5
ga,tai50_15_02,50x15,V2,28,2870.0
ga,tai50_15_02,50x15,V2,29,2874.5
ga,tai50_15_02,50x15,V2,30,2906.0
ga,tai50_15_02,50x15,MOR,1,2977.0
ga,tai50_15_02,50x15,MOR,2,2934.0
ga,tai50_15_02,50x15,MOR,3,2979.0
ga,tai50_15_02,50x15,MOR,4,2999.0
ga,tai50_15_02,50x15,MOR,5,2998.0
ga,tai50_15_02,50x15,MOR,6,2979.0
ga,tai50_15_02,50x15,MOR,7,2986.0
ga,tai50_15_02,50x15,MOR,8,2939.5
ga,tai50_15_02,50x15,MOR,9,2963.0
ga,tai50_15_02,50x15,MOR,10,2953.5
ga,tai50_15_02,50x15,MOR,11,2983.0
ga,tai50_15_02,50x15,MOR,12,2944.5
ga,tai50_15_02,50x15,MOR,13,2985.5
ga,tai50_15_02,50x15,MOR,14,2990.0
ga,tai50_15_02,50x15,MOR,15,2976.5
ga,tai50_15_02,50x15,MOR,16,3020.0
ga,tai50_15_02,50x15,MOR,17,2999.0
ga,tai50_15_02,50x15,MOR,18,3002.0
ga,tai50_15_02,50x15,MOR,19,2981.5
ga,tai50_15_02,50x15,MOR,20,2990.0
ga,tai50_15_02,50x15,MOR,21,3009.5
ga,tai50_15_02,50x15,MOR,22,2963.0
ga,tai50_15_02,50x15,MOR,23,2971.0
ga,tai50_15_02,50x15,MOR,24,2985.5
ga,tai50_15_02,50x15,MOR,25,2945.0
ga,tai50_15_02,50x15,MOR,26,2963.5
ga,tai50_15_02,50x15,MOR,27,2956.5
ga,tai50_15_02,50x15,MOR,28,2975.5
ga,tai50_15_02,50x15,MOR,29,2982.5
ga,tai50_15_02,50x15,MOR,30,2967.5
ga,tai50_15_02,50x15,GT,1,2932.5
ga,tai50_15_02,50x15,GT,2,2939.0
ga,tai50_15_02,50x15,GT,3,2939.0
ga,tai50_15_02,50x15,GT,4,2943.0
ga,tai50_15_02,50x15,GT,5,2974.0
ga,tai50_15_02,50x15,GT,6,2971.0
ga,tai50_15_02,50x15,GT,7,2946.5
ga,tai50_15_02,50x15,GT,8,2980.0
ga,tai50_15_02,50x15,GT,9,2940.0
ga,tai50_15_02,50x15,GT,10,2950.0
ga,tai50_15_02,50x15,GT,11,2961.5
ga,tai50_15_02,50x15,GT,12,2941.0
ga,tai50_15_02,50x15,GT,13,2949.0
ga,tai50_15_02,50x15,GT,14,2952.5
ga,tai50_15_02,50x15,GT,15,2920.0
ga,tai50_15_02,50x15,GT,16,2965.5
ga,tai50_15_02,50x15,GT,17,2943.0
ga,tai50_15_02,50x15,GT,18,2975.5
ga,tai50_15_02,50x15,GT,19,2948.5
ga,tai50_15_02,50x15,GT,20,2964.0
ga,tai50_15_02,50x15,GT,21,2959.5
ga,tai50_15_02,50x15,GT,22,2944.0
ga,tai50_15_02,50x15,GT,23,2943.5
ga,tai50_15_02,50x15,GT,24,2959.5
ga,tai50_15_02,50x15,GT,25,2965.0
ga,tai50_15_02,50x15,GT,26,2947.0
ga,tai50_15_02,50x15,GT,27,2942.5
ga,tai50_15_02,50x15,GT,28,2948.5
ga,tai50_15_02,50x15,GT,29,2942.5
ga,tai50_15_02,50x15,GT,30,2944.5
ga,tai50_15_02,50x15,GP,1,2905.0
ga,tai50_15_02,50x15,GP,2,2914.0
ga,tai50_15_02,50x15,GP,3,2894.0
ga,tai50_15_02,50x15,GP,4,2896.5
ga,tai50_15_02,50x15,GP,5,2933.0
ga,tai50_15_02,50x15,GP,6,2878.0
ga,tai50_15_02,50x15,GP,7,2926.0
ga,tai50_15_02,50x15,GP,8,2931.5
ga,tai50_15_02,50x15,GP,9,2926.0
ga,tai50_15_02,50x15,GP,10,2923.0
ga,tai50_15_02,50x15,GP,11,2903.0
ga,tai50_15_02,50x15,GP,12,2916.0
ga,tai50_15_02,50x15,GP,13,2907.5
ga,tai50_15_02,50x15,GP,14,2948.5
ga,tai50_15_02,50x15,GP,15,2914.5
ga,tai50_15_02,50x15,GP,16,2914.0
ga,tai50_15_02,50x15,GP,17,2911.0
ga,tai50_15_02,50x15,GP,18,2912.0
ga,tai50_15_02,50x15,GP,19,2912.5
ga,tai50_15_02,50x15,GP,20,2946.5
ga,tai50_15_02,50x15,GP,21,2933.0
ga,tai50_15_02,50x15,GP,22,2915.0
ga,tai50_15_02,50x15,GP,23,2942.0
ga,tai50_15_02,50x15,GP,24,2917.5
ga,tai50_15_02,50x15,GP,25,2911.5
ga,tai50_15_02,50x15,GP,26,2914.0
ga,tai50_15_02,50x15,GP,27,2907.0
ga,tai50_15_02,50x15,GP,28,2897.0
ga,tai50_15_02,50x15,GP,29,2909.5
ga,tai50_15_02,50x15,GP,30,2927.0
ga,tai50_15_02,50x15,MIX,1,2886.0
ga,tai50_15_02,50x15,MIX,2,2877.0
ga,tai50_15_02,50x15,MIX,3,2896.5
ga,tai50_15_02,50x15,MIX,4,2885.5
ga,tai50_15_02,50x15,MIX,5,2884.0
ga,tai50_15_02,50x15,MIX,6,2864.5
ga,tai50_15_02,50x15,MIX,7,2898.5
ga,tai50_15_02,50x15,MIX,8,2904.0
ga,tai50_15_02,50x15,MIX,9,2899.0
ga,tai50_15_02,50x15,MIX,10,2886.5
ga,tai50_15_02,50x15,MIX,11,2902.0
ga,tai50_15_02,50x15,MIX,12,2876.5
ga,tai50_15_02,50x15,MIX,13,2862.0
ga,tai50_15_02,50x15,MIX,14,2895.5
ga,tai50_15_02,50x15,MIX,15,2862.0
ga,tai50_15_02,50x15,MIX,16,2870.5
ga,tai50_15_02,50x15,MIX,17,2876.0
ga,tai50_15_02,50x15,MIX,18,2869.0
ga,tai50_15_02,50x15,MIX,19,2882.0
ga,tai50_15_02,50x15,MIX,20,2907.0
ga,tai50_15_02,50x15,MIX,21,2893.0
ga,tai50_15_02,50x15,MIX,22,2869.0
ga,tai50_15_02,50x15,MIX,23,2885.0
ga,tai50_15_02,50x15,MIX,24,2867.0
ga,tai50_15_02,50x15,MIX,25,2889.0
ga,tai50_15_02,50x15,MIX,26,2893.0
ga,tai50_15_02,50x15,MIX,27,2885.5
ga,tai50_15_02,50x15,MIX,28,2850.0
ga,tai50_15_02,50x15,MIX,29,2866.0
ga,tai50_15_02,50x15,MIX,30,2897.5
ga,tai50_15_03,50x15,A0,1,2817.0
ga,tai50_15_03,50x15,A0,2,2816.5
ga,tai50_15_03,50x15,A0,3,2789.5
ga,tai50_15_03,50x15,A0,4,2790.5
ga,tai50_15_03,50x15,A0,5,2794.0
ga,tai50_15_03,50x15,A0,6,2804.0
ga,tai50_15_03,50x15,A0,7,2800.5
ga,tai50_15_03,50x15,A0,8,2788.5
ga,tai50_15_03,50x15,A0,9,2788.5
ga,tai50_15_03,50x15,A0,10,2778.5
ga,tai50_15_03,50x15,A0,11,2794.5
ga,tai50_15_03,50x15,A0,12,2806.5
ga,tai50_15_03,50x15,A0,13,2789.0
ga,tai50_15_03,50x15,A0,14,2787.5
ga,tai50_15_03,50x15,A0,15,2794.5
ga,tai50_15_03,50x15,A0,16,2814.5
ga,tai50_15_03,50x15,A0,17,2797.5
ga,tai50_15_03,50x15,A0,18,2803.5
ga,tai50_15_03,50x15,A0,19,2810.5
ga,tai50_15_03,50x15,A0,20,2801.5
ga,tai50_15_03,50x15,A0,21,2815.5
ga,tai50_15_03,50x15,A0,22,2805.5
ga,tai50_15_03,50x15,A0,23,2792.0
ga,tai50_15_03,50x15,A0,24,2805.5
ga,tai50_15_03,50x15,A0,25,2802.5
ga,tai50_15_03,50x15,A0,26,2801.5
ga,tai50_15_03,50x15,A0,27,2803.0
ga,tai50_15_03,50x15,A0,28,2812.0
ga,tai50_15_03,50x15,A0,29,2815.5
ga,tai50_15_03,50x15,A0,30,2793.5
ga,tai50_15_03,50x15,V2H,1,2811.5
ga,tai50_15_03,50x15,V2H,2,2817.5
ga,tai50_15_03,50x15,V2H,3,2788.5
ga,tai50_15_03,50x15,V2H,4,2794.0
ga,tai50_15_03,50x15,V2H,5,2820.5
ga,tai50_15_03,50x15,V2H,6,2793.5
ga,tai50_15_03,50x15,V2H,7,2831.5
ga,tai50_15_03,50x15,V2H,8,2788.0
ga,tai50_15_03,50x15,V2H,9,2824.5
ga,tai50_15_03,50x15,V2H,10,2809.0
ga,tai50_15_03,50x15,V2H,11,2806.0
ga,tai50_15_03,50x15,V2H,12,2831.5
ga,tai50_15_03,50x15,V2H,13,2805.5
ga,tai50_15_03,50x15,V2H,14,2805.5
ga,tai50_15_03,50x15,V2H,15,2797.5
ga,tai50_15_03,50x15,V2H,16,2794.5
ga,tai50_15_03,50x15,V2H,17,2810.0
ga,tai50_15_03,50x15,V2H,18,2824.5
ga,tai50_15_03,50x15,V2H,19,2786.5
ga,tai50_15_03,50x15,V2H,20,2793.0
ga,tai50_15_03,50x15,V2H,21,2824.0
ga,tai50_15_03,50x15,V2H,22,2798.0
ga,tai50_15_03,50x15,V2H,23,2818.5
ga,tai50_15_03,50x15,V2H,24,2823.0
ga,tai50_15_03,50x15,V2H,25,2837.5
ga,tai50_15_03,50x15,V2H,26,2820.5
ga,tai50_15_03,50x15,V2H,27,2811.0
ga,tai50_15_03,50x15,V2H,28,2798.5
ga,tai50_15_03,50x15,V2H,29,2788.5
ga,tai50_15_03,50x15,V2H,30,2796.5
ga,tai50_15_03,50x15,V2,1,2800.0
ga,tai50_15_03,50x15,V2,2,2810.0
ga,tai50_15_03,50x15,V2,3,2808.0
ga,tai50_15_03,50x15,V2,4,2825.0
ga,tai50_15_03,50x15,V2,5,2823.0
ga,tai50_15_03,50x15,V2,6,2806.5
ga,tai50_15_03,50x15,V2,7,2815.0
ga,tai50_15_03,50x15,V2,8,2809.0
ga,tai50_15_03,50x15,V2,9,2795.0
ga,tai50_15_03,50x15,V2,10,2803.5
ga,tai50_15_03,50x15,V2,11,2817.0
ga,tai50_15_03,50x15,V2,12,2787.5
ga,tai50_15_03,50x15,V2,13,2799.0
ga,tai50_15_03,50x15,V2,14,2824.0
ga,tai50_15_03,50x15,V2,15,2799.5
ga,tai50_15_03,50x15,V2,16,2811.0
ga,tai50_15_03,50x15,V2,17,2822.0
ga,tai50_15_03,50x15,V2,18,2787.5
ga,tai50_15_03,50x15,V2,19,2820.5
ga,tai50_15_03,50x15,V2,20,2800.0
ga,tai50_15_03,50x15,V2,21,2784.0
ga,tai50_15_03,50x15,V2,22,2791.0
ga,tai50_15_03,50x15,V2,23,2784.5
ga,tai50_15_03,50x15,V2,24,2794.0
ga,tai50_15_03,50x15,V2,25,2829.5
ga,tai50_15_03,50x15,V2,26,2806.0
ga,tai50_15_03,50x15,V2,27,2816.5
ga,tai50_15_03,50x15,V2,28,2797.0
ga,tai50_15_03,50x15,V2,29,2816.5
ga,tai50_15_03,50x15,V2,30,2810.0
ga,tai50_15_03,50x15,MOR,1,2864.0
ga,tai50_15_03,50x15,MOR,2,2853.0
ga,tai50_15_03,50x15,MOR,3,2877.5
ga,tai50_15_03,50x15,MOR,4,2865.0
ga,tai50_15_03,50x15,MOR,5,2899.0
ga,tai50_15_03,50x15,MOR,6,2870.5
ga,tai50_15_03,50x15,MOR,7,2868.5
ga,tai50_15_03,50x15,MOR,8,2866.5
ga,tai50_15_03,50x15,MOR,9,2851.0
ga,tai50_15_03,50x15,MOR,10,2872.0
ga,tai50_15_03,50x15,MOR,11,2869.5
ga,tai50_15_03,50x15,MOR,12,2895.5
ga,tai50_15_03,50x15,MOR,13,2854.5
ga,tai50_15_03,50x15,MOR,14,2883.0
ga,tai50_15_03,50x15,MOR,15,2855.0
ga,tai50_15_03,50x15,MOR,16,2895.5
ga,tai50_15_03,50x15,MOR,17,2869.0
ga,tai50_15_03,50x15,MOR,18,2877.0
ga,tai50_15_03,50x15,MOR,19,2871.0
ga,tai50_15_03,50x15,MOR,20,2869.5
ga,tai50_15_03,50x15,MOR,21,2864.5
ga,tai50_15_03,50x15,MOR,22,2882.0
ga,tai50_15_03,50x15,MOR,23,2873.5
ga,tai50_15_03,50x15,MOR,24,2891.0
ga,tai50_15_03,50x15,MOR,25,2882.0
ga,tai50_15_03,50x15,MOR,26,2854.5
ga,tai50_15_03,50x15,MOR,27,2873.5
ga,tai50_15_03,50x15,MOR,28,2879.0
ga,tai50_15_03,50x15,MOR,29,2854.0
ga,tai50_15_03,50x15,MOR,30,2870.5
ga,tai50_15_03,50x15,GT,1,2830.0
ga,tai50_15_03,50x15,GT,2,2835.0
ga,tai50_15_03,50x15,GT,3,2813.5
ga,tai50_15_03,50x15,GT,4,2832.5
ga,tai50_15_03,50x15,GT,5,2804.0
ga,tai50_15_03,50x15,GT,6,2812.0
ga,tai50_15_03,50x15,GT,7,2817.5
ga,tai50_15_03,50x15,GT,8,2817.0
ga,tai50_15_03,50x15,GT,9,2815.0
ga,tai50_15_03,50x15,GT,10,2816.0
ga,tai50_15_03,50x15,GT,11,2820.5
ga,tai50_15_03,50x15,GT,12,2836.0
ga,tai50_15_03,50x15,GT,13,2822.0
ga,tai50_15_03,50x15,GT,14,2812.5
ga,tai50_15_03,50x15,GT,15,2811.0
ga,tai50_15_03,50x15,GT,16,2807.5
ga,tai50_15_03,50x15,GT,17,2807.0
ga,tai50_15_03,50x15,GT,18,2833.0
ga,tai50_15_03,50x15,GT,19,2825.0
ga,tai50_15_03,50x15,GT,20,2812.5
ga,tai50_15_03,50x15,GT,21,2821.0
ga,tai50_15_03,50x15,GT,22,2805.5
ga,tai50_15_03,50x15,GT,23,2813.0
ga,tai50_15_03,50x15,GT,24,2830.5
ga,tai50_15_03,50x15,GT,25,2820.0
ga,tai50_15_03,50x15,GT,26,2815.5
ga,tai50_15_03,50x15,GT,27,2817.0
ga,tai50_15_03,50x15,GT,28,2816.5
ga,tai50_15_03,50x15,GT,29,2805.5
ga,tai50_15_03,50x15,GT,30,2816.5
ga,tai50_15_03,50x15,GP,1,2795.5
ga,tai50_15_03,50x15,GP,2,2800.0
ga,tai50_15_03,50x15,GP,3,2818.5
ga,tai50_15_03,50x15,GP,4,2776.0
ga,tai50_15_03,50x15,GP,5,2798.5
ga,tai50_15_03,50x15,GP,6,2803.0
ga,tai50_15_03,50x15,GP,7,2807.5
ga,tai50_15_03,50x15,GP,8,2814.5
ga,tai50_15_03,50x15,GP,9,2786.5
ga,tai50_15_03,50x15,GP,10,2805.0
ga,tai50_15_03,50x15,GP,11,2769.5
ga,tai50_15_03,50x15,GP,12,2798.5
ga,tai50_15_03,50x15,GP,13,2768.5
ga,tai50_15_03,50x15,GP,14,2802.5
ga,tai50_15_03,50x15,GP,15,2811.0
ga,tai50_15_03,50x15,GP,16,2801.0
ga,tai50_15_03,50x15,GP,17,2809.0
ga,tai50_15_03,50x15,GP,18,2808.5
ga,tai50_15_03,50x15,GP,19,2800.5
ga,tai50_15_03,50x15,GP,20,2812.0
ga,tai50_15_03,50x15,GP,21,2795.0
ga,tai50_15_03,50x15,GP,22,2794.5
ga,tai50_15_03,50x15,GP,23,2817.5
ga,tai50_15_03,50x15,GP,24,2811.5
ga,tai50_15_03,50x15,GP,25,2811.5
ga,tai50_15_03,50x15,GP,26,2789.5
ga,tai50_15_03,50x15,GP,27,2795.5
ga,tai50_15_03,50x15,GP,28,2792.5
ga,tai50_15_03,50x15,GP,29,2789.0
ga,tai50_15_03,50x15,GP,30,2799.5
ga,tai50_15_03,50x15,MIX,1,2799.5
ga,tai50_15_03,50x15,MIX,2,2798.0
ga,tai50_15_03,50x15,MIX,3,2788.0
ga,tai50_15_03,50x15,MIX,4,2799.5
ga,tai50_15_03,50x15,MIX,5,2803.5
ga,tai50_15_03,50x15,MIX,6,2795.5
ga,tai50_15_03,50x15,MIX,7,2810.0
ga,tai50_15_03,50x15,MIX,8,2823.0
ga,tai50_15_03,50x15,MIX,9,2803.5
ga,tai50_15_03,50x15,MIX,10,2797.5
ga,tai50_15_03,50x15,MIX,11,2791.5
ga,tai50_15_03,50x15,MIX,12,2819.5
ga,tai50_15_03,50x15,MIX,13,2813.0
ga,tai50_15_03,50x15,MIX,14,2800.5
ga,tai50_15_03,50x15,MIX,15,2799.5
ga,tai50_15_03,50x15,MIX,16,2797.5
ga,tai50_15_03,50x15,MIX,17,2798.0
ga,tai50_15_03,50x15,MIX,18,2792.0
ga,tai50_15_03,50x15,MIX,19,2778.0
ga,tai50_15_03,50x15,MIX,20,2787.5
ga,tai50_15_03,50x15,MIX,21,2779.5
ga,tai50_15_03,50x15,MIX,22,2799.0
ga,tai50_15_03,50x15,MIX,23,2813.0
ga,tai50_15_03,50x15,MIX,24,2802.0
ga,tai50_15_03,50x15,MIX,25,2798.5
ga,tai50_15_03,50x15,MIX,26,2797.5
ga,tai50_15_03,50x15,MIX,27,2788.5
ga,tai50_15_03,50x15,MIX,28,2793.0
ga,tai50_15_03,50x15,MIX,29,2818.5
ga,tai50_15_03,50x15,MIX,30,2801.5
ga,tai50_15_04,50x15,A0,1,2901.5
ga,tai50_15_04,50x15,A0,2,2867.0
ga,tai50_15_04,50x15,A0,3,2882.0
ga,tai50_15_04,50x15,A0,4,2918.0
ga,tai50_15_04,50x15,A0,5,2914.0
ga,tai50_15_04,50x15,A0,6,2882.0
ga,tai50_15_04,50x15,A0,7,2902.5
ga,tai50_15_04,50x15,A0,8,2894.0
ga,tai50_15_04,50x15,A0,9,2879.5
ga,tai50_15_04,50x15,A0,10,2917.0
ga,tai50_15_04,50x15,A0,11,2872.5
ga,tai50_15_04,50x15,A0,12,2895.5
ga,tai50_15_04,50x15,A0,13,2869.0
ga,tai50_15_04,50x15,A0,14,2914.0
ga,tai50_15_04,50x15,A0,15,2862.0
ga,tai50_15_04,50x15,A0,16,2881.0
ga,tai50_15_04,50x15,A0,17,2882.0
ga,tai50_15_04,50x15,A0,18,2862.0
ga,tai50_15_04,50x15,A0,19,2876.0
ga,tai50_15_04,50x15,A0,20,2915.0
ga,tai50_15_04,50x15,A0,21,2879.0
ga,tai50_15_04,50x15,A0,22,2869.0
ga,tai50_15_04,50x15,A0,23,2914.0
ga,tai50_15_04,50x15,A0,24,2882.5
ga,tai50_15_04,50x15,A0,25,2869.0
ga,tai50_15_04,50x15,A0,26,2857.0
ga,tai50_15_04,50x15,A0,27,2874.0
ga,tai50_15_04,50x15,A0,28,2918.0
ga,tai50_15_04,50x15,A0,29,2914.0
ga,tai50_15_04,50x15,A0,30,2878.0
ga,tai50_15_04,50x15,V2H,1,2918.0
ga,tai50_15_04,50x15,V2H,2,2856.0
ga,tai50_15_04,50x15,V2H,3,2872.0
ga,tai50_15_04,50x15,V2H,4,2884.5
ga,tai50_15_04,50x15,V2H,5,2883.0
ga,tai50_15_04,50x15,V2H,6,2862.5
ga,tai50_15_04,50x15,V2H,7,2871.0
ga,tai50_15_04,50x15,V2H,8,2887.5
ga,tai50_15_04,50x15,V2H,9,2884.5
ga,tai50_15_04,50x15,V2H,10,2887.0
ga,tai50_15_04,50x15,V2H,11,2853.5
ga,tai50_15_04,50x15,V2H,12,2898.0
ga,tai50_15_04,50x15,V2H,13,2878.5
ga,tai50_15_04,50x15,V2H,14,2884.0
ga,tai50_15_04,50x15,V2H,15,2934.0
ga,tai50_15_04,50x15,V2H,16,2920.0
ga,tai50_15_04,50x15,V2H,17,2901.5
ga,tai50_15_04,50x15,V2H,18,2840.5
ga,tai50_15_04,50x15,V2H,19,2869.0
ga,tai50_15_04,50x15,V2H,20,2853.0
ga,tai50_15_04,50x15,V2H,21,2878.5
ga,tai50_15_04,50x15,V2H,22,2881.0
ga,tai50_15_04,50x15,V2H,23,2873.0
ga,tai50_15_04,50x15,V2H,24,2914.5
ga,tai50_15_04,50x15,V2H,25,2866.5
ga,tai50_15_04,50x15,V2H,26,2869.0
ga,tai50_15_04,50x15,V2H,27,2877.0
ga,tai50_15_04,50x15,V2H,28,2899.0
ga,tai50_15_04,50x15,V2H,29,2916.5
ga,tai50_15_04,50x15,V2H,30,2871.0
ga,tai50_15_04,50x15,V2,1,2883.0
ga,tai50_15_04,50x15,V2,2,2904.5
ga,tai50_15_04,50x15,V2,3,2883.0
ga,tai50_15_04,50x15,V2,4,2873.0
ga,tai50_15_04,50x15,V2,5,2897.0
ga,tai50_15_04,50x15,V2,6,2858.0
ga,tai50_15_04,50x15,V2,7,2856.0
ga,tai50_15_04,50x15,V2,8,2934.5
ga,tai50_15_04,50x15,V2,9,2880.5
ga,tai50_15_04,50x15,V2,10,2896.5
ga,tai50_15_04,50x15,V2,11,2877.5
ga,tai50_15_04,50x15,V2,12,2879.5
ga,tai50_15_04,50x15,V2,13,2885.0
ga,tai50_15_04,50x15,V2,14,2861.5
ga,tai50_15_04,50x15,V2,15,2875.0
ga,tai50_15_04,50x15,V2,16,2899.0
ga,tai50_15_04,50x15,V2,17,2860.5
ga,tai50_15_04,50x15,V2,18,2861.5
ga,tai50_15_04,50x15,V2,19,2869.5
ga,tai50_15_04,50x15,V2,20,2908.0
ga,tai50_15_04,50x15,V2,21,2881.0
ga,tai50_15_04,50x15,V2,22,2875.5
ga,tai50_15_04,50x15,V2,23,2874.0
ga,tai50_15_04,50x15,V2,24,2881.0
ga,tai50_15_04,50x15,V2,25,2877.0
ga,tai50_15_04,50x15,V2,26,2872.0
ga,tai50_15_04,50x15,V2,27,2876.0
ga,tai50_15_04,50x15,V2,28,2874.0
ga,tai50_15_04,50x15,V2,29,2881.0
ga,tai50_15_04,50x15,V2,30,2875.0
ga,tai50_15_04,50x15,MOR,1,2967.0
ga,tai50_15_04,50x15,MOR,2,2966.5
ga,tai50_15_04,50x15,MOR,3,2966.5
ga,tai50_15_04,50x15,MOR,4,2945.0
ga,tai50_15_04,50x15,MOR,5,2933.0
ga,tai50_15_04,50x15,MOR,6,2967.0
ga,tai50_15_04,50x15,MOR,7,2967.0
ga,tai50_15_04,50x15,MOR,8,2965.0
ga,tai50_15_04,50x15,MOR,9,2967.0
ga,tai50_15_04,50x15,MOR,10,2957.0
ga,tai50_15_04,50x15,MOR,11,2976.5
ga,tai50_15_04,50x15,MOR,12,2913.5
ga,tai50_15_04,50x15,MOR,13,2968.0
ga,tai50_15_04,50x15,MOR,14,2956.0
ga,tai50_15_04,50x15,MOR,15,2956.0
ga,tai50_15_04,50x15,MOR,16,2952.5
ga,tai50_15_04,50x15,MOR,17,2948.5
ga,tai50_15_04,50x15,MOR,18,2958.5
ga,tai50_15_04,50x15,MOR,19,2968.0
ga,tai50_15_04,50x15,MOR,20,2967.0
ga,tai50_15_04,50x15,MOR,21,2950.5
ga,tai50_15_04,50x15,MOR,22,2947.0
ga,tai50_15_04,50x15,MOR,23,2961.0
ga,tai50_15_04,50x15,MOR,24,2952.5
ga,tai50_15_04,50x15,MOR,25,2952.0
ga,tai50_15_04,50x15,MOR,26,2961.0
ga,tai50_15_04,50x15,MOR,27,2950.5
ga,tai50_15_04,50x15,MOR,28,2950.5
ga,tai50_15_04,50x15,MOR,29,2953.0
ga,tai50_15_04,50x15,MOR,30,2927.5
ga,tai50_15_04,50x15,GT,1,2875.0
ga,tai50_15_04,50x15,GT,2,2892.0
ga,tai50_15_04,50x15,GT,3,2913.0
ga,tai50_15_04,50x15,GT,4,2894.0
ga,tai50_15_04,50x15,GT,5,2876.0
ga,tai50_15_04,50x15,GT,6,2877.0
ga,tai50_15_04,50x15,GT,7,2898.5
ga,tai50_15_04,50x15,GT,8,2901.0
ga,tai50_15_04,50x15,GT,9,2894.0
ga,tai50_15_04,50x15,GT,10,2894.0
ga,tai50_15_04,50x15,GT,11,2913.0
ga,tai50_15_04,50x15,GT,12,2892.0
ga,tai50_15_04,50x15,GT,13,2894.0
ga,tai50_15_04,50x15,GT,14,2893.5
ga,tai50_15_04,50x15,GT,15,2886.5
ga,tai50_15_04,50x15,GT,16,2896.0
ga,tai50_15_04,50x15,GT,17,2913.0
ga,tai50_15_04,50x15,GT,18,2892.0
ga,tai50_15_04,50x15,GT,19,2877.5
ga,tai50_15_04,50x15,GT,20,2892.5
ga,tai50_15_04,50x15,GT,21,2899.5
ga,tai50_15_04,50x15,GT,22,2875.0
ga,tai50_15_04,50x15,GT,23,2875.0
ga,tai50_15_04,50x15,GT,24,2877.0
ga,tai50_15_04,50x15,GT,25,2894.0
ga,tai50_15_04,50x15,GT,26,2900.5
ga,tai50_15_04,50x15,GT,27,2875.0
ga,tai50_15_04,50x15,GT,28,2875.0
ga,tai50_15_04,50x15,GT,29,2885.0
ga,tai50_15_04,50x15,GT,30,2890.0
ga,tai50_15_04,50x15,GP,1,2870.0
ga,tai50_15_04,50x15,GP,2,2933.0
ga,tai50_15_04,50x15,GP,3,2877.5
ga,tai50_15_04,50x15,GP,4,2920.5
ga,tai50_15_04,50x15,GP,5,2867.0
ga,tai50_15_04,50x15,GP,6,2925.0
ga,tai50_15_04,50x15,GP,7,2918.0
ga,tai50_15_04,50x15,GP,8,2925.0
ga,tai50_15_04,50x15,GP,9,2875.5
ga,tai50_15_04,50x15,GP,10,2887.5
ga,tai50_15_04,50x15,GP,11,2875.0
ga,tai50_15_04,50x15,GP,12,2887.5
ga,tai50_15_04,50x15,GP,13,2875.0
ga,tai50_15_04,50x15,GP,14,2910.0
ga,tai50_15_04,50x15,GP,15,2891.0
ga,tai50_15_04,50x15,GP,16,2875.0
ga,tai50_15_04,50x15,GP,17,2910.0
ga,tai50_15_04,50x15,GP,18,2910.0
ga,tai50_15_04,50x15,GP,19,2876.0
ga,tai50_15_04,50x15,GP,20,2875.5
ga,tai50_15_04,50x15,GP,21,2913.5
ga,tai50_15_04,50x15,GP,22,2879.0
ga,tai50_15_04,50x15,GP,23,2890.5
ga,tai50_15_04,50x15,GP,24,2891.0
ga,tai50_15_04,50x15,GP,25,2894.0
ga,tai50_15_04,50x15,GP,26,2910.0
ga,tai50_15_04,50x15,GP,27,2875.5
ga,tai50_15_04,50x15,GP,28,2933.0
ga,tai50_15_04,50x15,GP,29,2875.5
ga,tai50_15_04,50x15,GP,30,2883.0
ga,tai50_15_04,50x15,MIX,1,2867.0
ga,tai50_15_04,50x15,MIX,2,2877.0
ga,tai50_15_04,50x15,MIX,3,2851.0
ga,tai50_15_04,50x15,MIX,4,2875.0
ga,tai50_15_04,50x15,MIX,5,2871.5
ga,tai50_15_04,50x15,MIX,6,2874.0
ga,tai50_15_04,50x15,MIX,7,2853.0
ga,tai50_15_04,50x15,MIX,8,2879.5
ga,tai50_15_04,50x15,MIX,9,2877.5
ga,tai50_15_04,50x15,MIX,10,2853.0
ga,tai50_15_04,50x15,MIX,11,2885.0
ga,tai50_15_04,50x15,MIX,12,2861.5
ga,tai50_15_04,50x15,MIX,13,2887.0
ga,tai50_15_04,50x15,MIX,14,2881.5
ga,tai50_15_04,50x15,MIX,15,2875.0
ga,tai50_15_04,50x15,MIX,16,2883.0
ga,tai50_15_04,50x15,MIX,17,2855.0
ga,tai50_15_04,50x15,MIX,18,2860.0
ga,tai50_15_04,50x15,MIX,19,2879.0
ga,tai50_15_04,50x15,MIX,20,2856.0
ga,tai50_15_04,50x15,MIX,21,2874.0
ga,tai50_15_04,50x15,MIX,22,2874.0
ga,tai50_15_04,50x15,MIX,23,2877.5
ga,tai50_15_04,50x15,MIX,24,2861.5
ga,tai50_15_04,50x15,MIX,25,2877.5
ga,tai50_15_04,50x15,MIX,26,2881.0
ga,tai50_15_04,50x15,MIX,27,2874.0
ga,tai50_15_04,50x15,MIX,28,2874.0
ga,tai50_15_04,50x15,MIX,29,2876.0
ga,tai50_15_04,50x15,MIX,30,2874.0
ga,tai50_15_05,50x15,A0,1,2847.0
ga,tai50_15_05,50x15,A0,2,2868.5
ga,tai50_15_05,50x15,A0,3,2851.0
ga,tai50_15_05,50x15,A0,4,2867.5
ga,tai50_15_05,50x15,A0,5,2846.0
ga,tai50_15_05,50x15,A0,6,2845.0
ga,tai50_15_05,50x15,A0,7,2853.5
ga,tai50_15_05,50x15,A0,8,2823.5
ga,tai50_15_05,50x15,A0,9,2848.0
ga,tai50_15_05,50x15,A0,10,2847.5
ga,tai50_15_05,50x15,A0,11,2849.0
ga,tai50_15_05,50x15,A0,12,2836.0
ga,tai50_15_05,50x15,A0,13,2872.0
ga,tai50_15_05,50x15,A0,14,2842.5
ga,tai50_15_05,50x15,A0,15,2864.0
ga,tai50_15_05,50x15,A0,16,2862.0
ga,tai50_15_05,50x15,A0,17,2848.5
ga,tai50_15_05,50x15,A0,18,2873.0
ga,tai50_15_05,50x15,A0,19,2845.5
ga,tai50_15_05,50x15,A0,20,2840.5
ga,tai50_15_05,50x15,A0,21,2877.5
ga,tai50_15_05,50x15,A0,22,2852.0
ga,tai50_15_05,50x15,A0,23,2852.5
ga,tai50_15_05,50x15,A0,24,2867.5
ga,tai50_15_05,50x15,A0,25,2865.5
ga,tai50_15_05,50x15,A0,26,2848.5
ga,tai50_15_05,50x15,A0,27,2849.0
ga,tai50_15_05,50x15,A0,28,2841.0
ga,tai50_15_05,50x15,A0,29,2852.5
ga,tai50_15_05,50x15,A0,30,2881.0
ga,tai50_15_05,50x15,V2H,1,2859.0
ga,tai50_15_05,50x15,V2H,2,2864.5
ga,tai50_15_05,50x15,V2H,3,2851.0
ga,tai50_15_05,50x15,V2H,4,2819.5
ga,tai50_15_05,50x15,V2H,5,2847.0
ga,tai50_15_05,50x15,V2H,6,2887.0
ga,tai50_15_05,50x15,V2H,7,2870.5
ga,tai50_15_05,50x15,V2H,8,2865.5
ga,tai50_15_05,50x15,V2H,9,2838.0
ga,tai50_15_05,50x15,V2H,10,2868.0
ga,tai50_15_05,50x15,V2H,11,2852.5
ga,tai50_15_05,50x15,V2H,12,2841.5
ga,tai50_15_05,50x15,V2H,13,2855.5
ga,tai50_15_05,50x15,V2H,14,2826.5
ga,tai50_15_05,50x15,V2H,15,2888.5
ga,tai50_15_05,50x15,V2H,16,2840.5
ga,tai50_15_05,50x15,V2H,17,2845.0
ga,tai50_15_05,50x15,V2H,18,2861.0
ga,tai50_15_05,50x15,V2H,19,2861.0
ga,tai50_15_05,50x15,V2H,20,2863.0
ga,tai50_15_05,50x15,V2H,21,2859.0
ga,tai50_15_05,50x15,V2H,22,2834.5
ga,tai50_15_05,50x15,V2H,23,2862.5
ga,tai50_15_05,50x15,V2H,24,2880.0
ga,tai50_15_05,50x15,V2H,25,2862.5
ga,tai50_15_05,50x15,V2H,26,2879.5
ga,tai50_15_05,50x15,V2H,27,2858.0
ga,tai50_15_05,50x15,V2H,28,2841.0
ga,tai50_15_05,50x15,V2H,29,2831.0
ga,tai50_15_05,50x15,V2H,30,2846.0
ga,tai50_15_05,50x15,V2,1,2849.0
ga,tai50_15_05,50x15,V2,2,2868.0
ga,tai50_15_05,50x15,V2,3,2832.5
ga,tai50_15_05,50x15,V2,4,2866.5
ga,tai50_15_05,50x15,V2,5,2858.0
ga,tai50_15_05,50x15,V2,6,2854.5
ga,tai50_15_05,50x15,V2,7,2848.5
ga,tai50_15_05,50x15,V2,8,2891.5
ga,tai50_15_05,50x15,V2,9,2910.5
ga,tai50_15_05,50x15,V2,10,2867.0
ga,tai50_15_05,50x15,V2,11,2840.5
ga,tai50_15_05,50x15,V2,12,2867.0
ga,tai50_15_05,50x15,V2,13,2862.0
ga,tai50_15_05,50x15,V2,14,2854.5
ga,tai50_15_05,50x15,V2,15,2862.5
ga,tai50_15_05,50x15,V2,16,2885.0
ga,tai50_15_05,50x15,V2,17,2865.0
ga,tai50_15_05,50x15,V2,18,2893.0
ga,tai50_15_05,50x15,V2,19,2858.0
ga,tai50_15_05,50x15,V2,20,2879.0
ga,tai50_15_05,50x15,V2,21,2875.5
ga,tai50_15_05,50x15,V2,22,2869.0
ga,tai50_15_05,50x15,V2,23,2837.5
ga,tai50_15_05,50x15,V2,24,2876.0
ga,tai50_15_05,50x15,V2,25,2853.5
ga,tai50_15_05,50x15,V2,26,2850.0
ga,tai50_15_05,50x15,V2,27,2879.5
ga,tai50_15_05,50x15,V2,28,2858.0
ga,tai50_15_05,50x15,V2,29,2881.5
ga,tai50_15_05,50x15,V2,30,2872.0
ga,tai50_15_05,50x15,MOR,1,2947.0
ga,tai50_15_05,50x15,MOR,2,2948.5
ga,tai50_15_05,50x15,MOR,3,2925.0
ga,tai50_15_05,50x15,MOR,4,2942.0
ga,tai50_15_05,50x15,MOR,5,2943.0
ga,tai50_15_05,50x15,MOR,6,2930.0
ga,tai50_15_05,50x15,MOR,7,2944.5
ga,tai50_15_05,50x15,MOR,8,2934.5
ga,tai50_15_05,50x15,MOR,9,2903.5
ga,tai50_15_05,50x15,MOR,10,2936.0
ga,tai50_15_05,50x15,MOR,11,2944.0
ga,tai50_15_05,50x15,MOR,12,2934.0
ga,tai50_15_05,50x15,MOR,13,2927.0
ga,tai50_15_05,50x15,MOR,14,2926.5
ga,tai50_15_05,50x15,MOR,15,2945.5
ga,tai50_15_05,50x15,MOR,16,2909.5
ga,tai50_15_05,50x15,MOR,17,2945.0
ga,tai50_15_05,50x15,MOR,18,2959.5
ga,tai50_15_05,50x15,MOR,19,2933.0
ga,tai50_15_05,50x15,MOR,20,2973.0
ga,tai50_15_05,50x15,MOR,21,2948.0
ga,tai50_15_05,50x15,MOR,22,2953.0
ga,tai50_15_05,50x15,MOR,23,2927.5
ga,tai50_15_05,50x15,MOR,24,2943.0
ga,tai50_15_05,50x15,MOR,25,2933.0
ga,tai50_15_05,50x15,MOR,26,2937.5
ga,tai50_15_05,50x15,MOR,27,2934.5
ga,tai50_15_05,50x15,MOR,28,2944.5
ga,tai50_15_05,50x15,MOR,29,2950.5
ga,tai50_15_05,50x15,MOR,30,2901.0
ga,tai50_15_05,50x15,GT,1,2885.5
ga,tai50_15_05,50x15,GT,2,2893.0
ga,tai50_15_05,50x15,GT,3,2872.5
ga,tai50_15_05,50x15,GT,4,2897.0
ga,tai50_15_05,50x15,GT,5,2884.0
ga,tai50_15_05,50x15,GT,6,2893.5
ga,tai50_15_05,50x15,GT,7,2874.5
ga,tai50_15_05,50x15,GT,8,2874.5
ga,tai50_15_05,50x15,GT,9,2905.5
ga,tai50_15_05,50x15,GT,10,2880.5
ga,tai50_15_05,50x15,GT,11,2901.0
ga,tai50_15_05,50x15,GT,12,2885.0
ga,tai50_15_05,50x15,GT,13,2881.5
ga,tai50_15_05,50x15,GT,14,2866.5
ga,tai50_15_05,50x15,GT,15,2879.0
ga,tai50_15_05,50x15,GT,16,2876.0
ga,tai50_15_05,50x15,GT,17,2876.5
ga,tai50_15_05,50x15,GT,18,2911.5
ga,tai50_15_05,50x15,GT,19,2903.5
ga,tai50_15_05,50x15,GT,20,2875.0
ga,tai50_15_05,50x15,GT,21,2898.5
ga,tai50_15_05,50x15,GT,22,2908.5
ga,tai50_15_05,50x15,GT,23,2893.5
ga,tai50_15_05,50x15,GT,24,2899.0
ga,tai50_15_05,50x15,GT,25,2860.5
ga,tai50_15_05,50x15,GT,26,2872.0
ga,tai50_15_05,50x15,GT,27,2877.5
ga,tai50_15_05,50x15,GT,28,2872.5
ga,tai50_15_05,50x15,GT,29,2889.5
ga,tai50_15_05,50x15,GT,30,2892.0
ga,tai50_15_05,50x15,GP,1,2915.0
ga,tai50_15_05,50x15,GP,2,2917.0
ga,tai50_15_05,50x15,GP,3,2906.5
ga,tai50_15_05,50x15,GP,4,2919.5
ga,tai50_15_05,50x15,GP,5,2892.5
ga,tai50_15_05,50x15,GP,6,2895.0
ga,tai50_15_05,50x15,GP,7,2888.0
ga,tai50_15_05,50x15,GP,8,2909.0
ga,tai50_15_05,50x15,GP,9,2917.0
ga,tai50_15_05,50x15,GP,10,2944.0
ga,tai50_15_05,50x15,GP,11,2917.0
ga,tai50_15_05,50x15,GP,12,2928.5
ga,tai50_15_05,50x15,GP,13,2897.0
ga,tai50_15_05,50x15,GP,14,2908.5
ga,tai50_15_05,50x15,GP,15,2945.5
ga,tai50_15_05,50x15,GP,16,2899.0
ga,tai50_15_05,50x15,GP,17,2907.0
ga,tai50_15_05,50x15,GP,18,2925.5
ga,tai50_15_05,50x15,GP,19,2924.0
ga,tai50_15_05,50x15,GP,20,2932.5
ga,tai50_15_05,50x15,GP,21,2873.5
ga,tai50_15_05,50x15,GP,22,2924.0
ga,tai50_15_05,50x15,GP,23,2914.5
ga,tai50_15_05,50x15,GP,24,2880.5
ga,tai50_15_05,50x15,GP,25,2911.0
ga,tai50_15_05,50x15,GP,26,2911.0
ga,tai50_15_05,50x15,GP,27,2896.5
ga,tai50_15_05,50x15,GP,28,2900.0
ga,tai50_15_05,50x15,GP,29,2899.0
ga,tai50_15_05,50x15,GP,30,2916.5
ga,tai50_15_05,50x15,MIX,1,2861.0
ga,tai50_15_05,50x15,MIX,2,2889.5
ga,tai50_15_05,50x15,MIX,3,2909.0
ga,tai50_15_05,50x15,MIX,4,2855.5
ga,tai50_15_05,50x15,MIX,5,2878.5
ga,tai50_15_05,50x15,MIX,6,2886.0
ga,tai50_15_05,50x15,MIX,7,2862.5
ga,tai50_15_05,50x15,MIX,8,2899.5
ga,tai50_15_05,50x15,MIX,9,2865.5
ga,tai50_15_05,50x15,MIX,10,2864.0
ga,tai50_15_05,50x15,MIX,11,2878.5
ga,tai50_15_05,50x15,MIX,12,2879.0
ga,tai50_15_05,50x15,MIX,13,2846.5
ga,tai50_15_05,50x15,MIX,14,2874.5
ga,tai50_15_05,50x15,MIX,15,2861.0
ga,tai50_15_05,50x15,MIX,16,2849.0
ga,tai50_15_05,50x15,MIX,17,2868.0
ga,tai50_15_05,50x15,MIX,18,2871.0
ga,tai50_15_05,50x15,MIX,19,2891.0
ga,tai50_15_05,50x15,MIX,20,2883.0
ga,tai50_15_05,50x15,MIX,21,2920.5
ga,tai50_15_05,50x15,MIX,22,2868.0
ga,tai50_15_05,50x15,MIX,23,2874.5
ga,tai50_15_05,50x15,MIX,24,2862.0
ga,tai50_15_05,50x15,MIX,25,2870.0
ga,tai50_15_05,50x15,MIX,26,2832.0
ga,tai50_15_05,50x15,MIX,27,2877.5
ga,tai50_15_05,50x15,MIX,28,2896.5
ga,tai50_15_05,50x15,MIX,29,2853.0
ga,tai50_15_05,50x15,MIX,30,2879.0
ga,tai50_15_06,50x15,A0,1,2870.5
ga,tai50_15_06,50x15,A0,2,2865.0
ga,tai50_15_06,50x15,A0,3,2865.5
ga,tai50_15_06,50x15,A0,4,2877.5
ga,tai50_15_06,50x15,A0,5,2864.0
ga,tai50_15_06,50x15,A0,6,2865.0
ga,tai50_15_06,50x15,A0,7,2868.5
ga,tai50_15_06,50x15,A0,8,2873.5
ga,tai50_15_06,50x15,A0,9,2871.0
ga,tai50_15_06,50x15,A0,10,2864.5
ga,tai50_15_06,50x15,A0,11,2876.5
ga,tai50_15_06,50x15,A0,12,2870.5
ga,tai50_15_06,50x15,A0,13,2846.0
ga,tai50_15_06,50x15,A0,14,2857.5
ga,tai50_15_06,50x15,A0,15,2867.0
ga,tai50_15_06,50x15,A0,16,2878.5
ga,tai50_15_06,50x15,A0,17,2860.0
ga,tai50_15_06,50x15,A0,18,2879.0
ga,tai50_15_06,50x15,A0,19,2864.5
ga,tai50_15_06,50x15,A0,20,2874.0
ga,tai50_15_06,50x15,A0,21,2856.5
ga,tai50_15_06,50x15,A0,22,2885.5
ga,tai50_15_06,50x15,A0,23,2860.0
ga,tai50_15_06,50x15,A0,24,2880.5
ga,tai50_15_06,50x15,A0,25,2885.5
ga,tai50_15_06,50x15,A0,26,2876.5
ga,tai50_15_06,50x15,A0,27,2861.0
ga,tai50_15_06,50x15,A0,28,2882.0
ga,tai50_15_06,50x15,A0,29,2887.0
ga,tai50_15_06,50x15,A0,30,2883.0
ga,tai50_15_06,50x15,V2H,1,2876.0
ga,tai50_15_06,50x15,V2H,2,2893.0
ga,tai50_15_06,50x15,V2H,3,2886.5
ga,tai50_15_06,50x15,V2H,4,2894.5
ga,tai50_15_06,50x15,V2H,5,2889.5
ga,tai50_15_06,50x15,V2H,6,2871.5
ga,tai50_15_06,50x15,V2H,7,2912.5
ga,tai50_15_06,50x15,V2H,8,2879.5
ga,tai50_15_06,50x15,V2H,9,2864.0
ga,tai50_15_06,50x15,V2H,10,2875.0
ga,tai50_15_06,50x15,V2H,11,2885.5
ga,tai50_15_06,50x15,V2H,12,2904.0
ga,tai50_15_06,50x15,V2H,13,2882.5
ga,tai50_15_06,50x15,V2H,14,2871.5
ga,tai50_15_06,50x15,V2H,15,2891.0
ga,tai50_15_06,50x15,V2H,16,2939.0
ga,tai50_15_06,50x15,V2H,17,2893.0
ga,tai50_15_06,50x15,V2H,18,2877.0
ga,tai50_15_06,50x15,V2H,19,2864.5
ga,tai50_15_06,50x15,V2H,20,2870.5
ga,tai50_15_06,50x15,V2H,21,2864.5
ga,tai50_15_06,50x15,V2H,22,2875.0
ga,tai50_15_06,50x15,V2H,23,2930.0
ga,tai50_15_06,50x15,V2H,24,2899.0
ga,tai50_15_06,50x15,V2H,25,2865.0
ga,tai50_15_06,50x15,V2H,26,2871.5
ga,tai50_15_06,50x15,V2H,27,2859.5
ga,tai50_15_06,50x15,V2H,28,2873.5
ga,tai50_15_06,50x15,V2H,29,2924.0
ga,tai50_15_06,50x15,V2H,30,2898.0
ga,tai50_15_06,50x15,V2,1,2883.0
ga,tai50_15_06,50x15,V2,2,2874.5
ga,tai50_15_06,50x15,V2,3,2925.0
ga,tai50_15_06,50x15,V2,4,2883.5
ga,tai50_15_06,50x15,V2,5,2877.5
ga,tai50_15_06,50x15,V2,6,2915.0
ga,tai50_15_06,50x15,V2,7,2884.5
ga,tai50_15_06,50x15,V2,8,2910.0
ga,tai50_15_06,50x15,V2,9,2875.5
ga,tai50_15_06,50x15,V2,10,2887.0
ga,tai50_15_06,50x15,V2,11,2903.5
ga,tai50_15_06,50x15,V2,12,2915.5
ga,tai50_15_06,50x15,V2,13,2920.0
ga,tai50_15_06,50x15,V2,14,2877.5
ga,tai50_15_06,50x15,V2,15,2909.0
ga,tai50_15_06,50x15,V2,16,2927.0
ga,tai50_15_06,50x15,V2,17,2897.0
ga,tai50_15_06,50x15,V2,18,2889.0
ga,tai50_15_06,50x15,V2,19,2876.0
ga,tai50_15_06,50x15,V2,20,2912.5
ga,tai50_15_06,50x15,V2,21,2883.0
ga,tai50_15_06,50x15,V2,22,2909.5
ga,tai50_15_06,50x15,V2,23,2882.0
ga,tai50_15_06,50x15,V2,24,2908.0
ga,tai50_15_06,50x15,V2,25,2874.5
ga,tai50_15_06,50x15,V2,26,2909.5
ga,tai50_15_06,50x15,V2,27,2893.5
ga,tai50_15_06,50x15,V2,28,2927.5
ga,tai50_15_06,50x15,V2,29,2892.0
ga,tai50_15_06,50x15,V2,30,2922.0
ga,tai50_15_06,50x15,MOR,1,2911.0
ga,tai50_15_06,50x15,MOR,2,2930.0
ga,tai50_15_06,50x15,MOR,3,2903.5
ga,tai50_15_06,50x15,MOR,4,2938.0
ga,tai50_15_06,50x15,MOR,5,2939.0
ga,tai50_15_06,50x15,MOR,6,2926.5
ga,tai50_15_06,50x15,MOR,7,2916.0
ga,tai50_15_06,50x15,MOR,8,2921.0
ga,tai50_15_06,50x15,MOR,9,2917.5
ga,tai50_15_06,50x15,MOR,10,2911.0
ga,tai50_15_06,50x15,MOR,11,2917.0
ga,tai50_15_06,50x15,MOR,12,2935.0
ga,tai50_15_06,50x15,MOR,13,2936.5
ga,tai50_15_06,50x15,MOR,14,2925.0
ga,tai50_15_06,50x15,MOR,15,2923.5
ga,tai50_15_06,50x15,MOR,16,2904.5
ga,tai50_15_06,50x15,MOR,17,2910.5
ga,tai50_15_06,50x15,MOR,18,2902.5
ga,tai50_15_06,50x15,MOR,19,2891.5
ga,tai50_15_06,50x15,MOR,20,2924.5
ga,tai50_15_06,50x15,MOR,21,2895.5
ga,tai50_15_06,50x15,MOR,22,2931.0
ga,tai50_15_06,50x15,MOR,23,2926.0
ga,tai50_15_06,50x15,MOR,24,2918.0
ga,tai50_15_06,50x15,MOR,25,2915.5
ga,tai50_15_06,50x15,MOR,26,2927.0
ga,tai50_15_06,50x15,MOR,27,2921.0
ga,tai50_15_06,50x15,MOR,28,2920.5
ga,tai50_15_06,50x15,MOR,29,2921.0
ga,tai50_15_06,50x15,MOR,30,2894.5
ga,tai50_15_06,50x15,GT,1,2926.5
ga,tai50_15_06,50x15,GT,2,2908.5
ga,tai50_15_06,50x15,GT,3,2920.5
ga,tai50_15_06,50x15,GT,4,2929.5
ga,tai50_15_06,50x15,GT,5,2917.0
ga,tai50_15_06,50x15,GT,6,2921.0
ga,tai50_15_06,50x15,GT,7,2921.5
ga,tai50_15_06,50x15,GT,8,2903.0
ga,tai50_15_06,50x15,GT,9,2899.5
ga,tai50_15_06,50x15,GT,10,2924.5
ga,tai50_15_06,50x15,GT,11,2935.0
ga,tai50_15_06,50x15,GT,12,2905.5
ga,tai50_15_06,50x15,GT,13,2936.0
ga,tai50_15_06,50x15,GT,14,2927.5
ga,tai50_15_06,50x15,GT,15,2908.5
ga,tai50_15_06,50x15,GT,16,2912.0
ga,tai50_15_06,50x15,GT,17,2918.0
ga,tai50_15_06,50x15,GT,18,2930.0
ga,tai50_15_06,50x15,GT,19,2916.5
ga,tai50_15_06,50x15,GT,20,2901.0
ga,tai50_15_06,50x15,GT,21,2908.0
ga,tai50_15_06,50x15,GT,22,2904.5
ga,tai50_15_06,50x15,GT,23,2922.0
ga,tai50_15_06,50x15,GT,24,2907.0
ga,tai50_15_06,50x15,GT,25,2928.0
ga,tai50_15_06,50x15,GT,26,2912.0
ga,tai50_15_06,50x15,GT,27,2906.5
ga,tai50_15_06,50x15,GT,28,2933.5
ga,tai50_15_06,50x15,GT,29,2919.5
ga,tai50_15_06,50x15,GT,30,2932.0
ga,tai50_15_06,50x15,GP,1,2892.5
ga,tai50_15_06,50x15,GP,2,2884.0
ga,tai50_15_06,50x15,GP,3,2888.5
ga,tai50_15_06,50x15,GP,4,2912.5
ga,tai50_15_06,50x15,GP,5,2890.0
ga,tai50_15_06,50x15,GP,6,2906.5
ga,tai50_15_06,50x15,GP,7,2887.5
ga,tai50_15_06,50x15,GP,8,2892.0
ga,tai50_15_06,50x15,GP,9,2888.5
ga,tai50_15_06,50x15,GP,10,2932.5
ga,tai50_15_06,50x15,GP,11,2896.0
ga,tai50_15_06,50x15,GP,12,2914.0
ga,tai50_15_06,50x15,GP,13,2881.5
ga,tai50_15_06,50x15,GP,14,2935.5
ga,tai50_15_06,50x15,GP,15,2873.0
ga,tai50_15_06,50x15,GP,16,2900.0
ga,tai50_15_06,50x15,GP,17,2897.0
ga,tai50_15_06,50x15,GP,18,2891.0
ga,tai50_15_06,50x15,GP,19,2908.0
ga,tai50_15_06,50x15,GP,20,2930.0
ga,tai50_15_06,50x15,GP,21,2899.5
ga,tai50_15_06,50x15,GP,22,2904.0
ga,tai50_15_06,50x15,GP,23,2889.0
ga,tai50_15_06,50x15,GP,24,2931.0
ga,tai50_15_06,50x15,GP,25,2903.0
ga,tai50_15_06,50x15,GP,26,2916.5
ga,tai50_15_06,50x15,GP,27,2890.5
ga,tai50_15_06,50x15,GP,28,2885.5
ga,tai50_15_06,50x15,GP,29,2890.5
ga,tai50_15_06,50x15,GP,30,2915.0
ga,tai50_15_06,50x15,MIX,1,2873.0
ga,tai50_15_06,50x15,MIX,2,2889.5
ga,tai50_15_06,50x15,MIX,3,2881.0
ga,tai50_15_06,50x15,MIX,4,2884.0
ga,tai50_15_06,50x15,MIX,5,2877.0
ga,tai50_15_06,50x15,MIX,6,2889.0
ga,tai50_15_06,50x15,MIX,7,2866.5
ga,tai50_15_06,50x15,MIX,8,2908.5
ga,tai50_15_06,50x15,MIX,9,2881.0
ga,tai50_15_06,50x15,MIX,10,2880.0
ga,tai50_15_06,50x15,MIX,11,2882.5
ga,tai50_15_06,50x15,MIX,12,2864.0
ga,tai50_15_06,50x15,MIX,13,2872.0
ga,tai50_15_06,50x15,MIX,14,2895.5
ga,tai50_15_06,50x15,MIX,15,2890.5
ga,tai50_15_06,50x15,MIX,16,2879.5
ga,tai50_15_06,50x15,MIX,17,2867.5
ga,tai50_15_06,50x15,MIX,18,2894.0
ga,tai50_15_06,50x15,MIX,19,2879.5
ga,tai50_15_06,50x15,MIX,20,2897.0
ga,tai50_15_06,50x15,MIX,21,2897.5
ga,tai50_15_06,50x15,MIX,22,2889.0
ga,tai50_15_06,50x15,MIX,23,2878.5
ga,tai50_15_06,50x15,MIX,24,2872.5
ga,tai50_15_06,50x15,MIX,25,2881.0
ga,tai50_15_06,50x15,MIX,26,2877.0
ga,tai50_15_06,50x15,MIX,27,2884.5
ga,tai50_15_06,50x15,MIX,28,2884.0
ga,tai50_15_06,50x15,MIX,29,2885.0
ga,tai50_15_06,50x15,MIX,30,2882.0
ga,tai50_15_07,50x15,A0,1,2994.5
ga,tai50_15_07,50x15,A0,2,3047.0
ga,tai50_15_07,50x15,A0,3,3012.5
ga,tai50_15_07,50x15,A0,4,3010.0
ga,tai50_15_07,50x15,A0,5,3011.5
ga,tai50_15_07,50x15,A0,6,3024.0
ga,tai50_15_07,50x15,A0,7,2982.0
ga,tai50_15_07,50x15,A0,8,3007.0
ga,tai50_15_07,50x15,A0,9,2992.0
ga,tai50_15_07,50x15,A0,10,2997.5
ga,tai50_15_07,50x15,A0,11,3031.5
ga,tai50_15_07,50x15,A0,12,3025.5
ga,tai50_15_07,50x15,A0,13,3014.0
ga,tai50_15_07,50x15,A0,14,3009.5
ga,tai50_15_07,50x15,A0,15,3003.0
ga,tai50_15_07,50x15,A0,16,3024.0
ga,tai50_15_07,50x15,A0,17,3018.5
ga,tai50_15_07,50x15,A0,18,3020.5
ga,tai50_15_07,50x15,A0,19,2995.0
ga,tai50_15_07,50x15,A0,20,3002.0
ga,tai50_15_07,50x15,A0,21,3022.0
ga,tai50_15_07,50x15,A0,22,3001.5
ga,tai50_15_07,50x15,A0,23,3032.0
ga,tai50_15_07,50x15,A0,24,3015.0
ga,tai50_15_07,50x15,A0,25,3041.5
ga,tai50_15_07,50x15,A0,26,3017.0
ga,tai50_15_07,50x15,A0,27,3024.5
ga,tai50_15_07,50x15,A0,28,3018.0
ga,tai50_15_07,50x15,A0,29,3028.0
ga,tai50_15_07,50x15,A0,30,3007.5
ga,tai50_15_07,50x15,V2H,1,3017.0
ga,tai50_15_07,50x15,V2H,2,3005.5
ga,tai50_15_07,50x15,V2H,3,3001.5
ga,tai50_15_07,50x15,V2H,4,3012.0
ga,tai50_15_07,50x15,V2H,5,3031.0
ga,tai50_15_07,50x15,V2H,6,3031.5
ga,tai50_15_07,50x15,V2H,7,3049.0
ga,tai50_15_07,50x15,V2H,8,2994.0
ga,tai50_15_07,50x15,V2H,9,3045.5
ga,tai50_15_07,50x15,V2H,10,3003.0
ga,tai50_15_07,50x15,V2H,11,3025.5
ga,tai50_15_07,50x15,V2H,12,3045.5
ga,tai50_15_07,50x15,V2H,13,3005.0
ga,tai50_15_07,50x15,V2H,14,2995.0
ga,tai50_15_07,50x15,V2H,15,3056.0
ga,tai50_15_07,50x15,V2H,16,3039.5
ga,tai50_15_07,50x15,V2H,17,3002.0
ga,tai50_15_07,50x15,V2H,18,3049.5
ga,tai50_15_07,50x15,V2H,19,3029.0
ga,tai50_15_07,50x15,V2H,20,2989.0
ga,tai50_15_07,50x15,V2H,21,3015.5
ga,tai50_15_07,50x15,V2H,22,3041.5
ga,tai50_15_07,50x15,V2H,23,3019.0
ga,tai50_15_07,50x15,V2H,24,3026.5
ga,tai50_15_07,50x15,V2H,25,3006.0
ga,tai50_15_07,50x15,V2H,26,3029.5
ga,tai50_15_07,50x15,V2H,27,3003.0
ga,tai50_15_07,50x15,V2H,28,3019.5
ga,tai50_15_07,50x15,V2H,29,3036.0
ga,tai50_15_07,50x15,V2H,30,3020.0
ga,tai50_15_07,50x15,V2,1,3061.5
ga,tai50_15_07,50x15,V2,2,3053.0
ga,tai50_15_07,50x15,V2,3,3027.5
ga,tai50_15_07,50x15,V2,4,3013.5
ga,tai50_15_07,50x15,V2,5,3043.0
ga,tai50_15_07,50x15,V2,6,3024.0
ga,tai50_15_07,50x15,V2,7,3056.0
ga,tai50_15_07,50x15,V2,8,3046.0
ga,tai50_15_07,50x15,V2,9,3019.5
ga,tai50_15_07,50x15,V2,10,3051.0
ga,tai50_15_07,50x15,V2,11,3056.0
ga,tai50_15_07,50x15,V2,12,3058.5
ga,tai50_15_07,50x15,V2,13,3008.5
ga,tai50_15_07,50x15,V2,14,3050.5
ga,tai50_15_07,50x15,V2,15,3042.5
ga,tai50_15_07,50x15,V2,16,3035.0
ga,tai50_15_07,50x15,V2,17,3060.5
ga,tai50_15_07,50x15,V2,18,3038.0
ga,tai50_15_07,50x15,V2,19,3071.0
ga,tai50_15_07,50x15,V2,20,3030.5
ga,tai50_15_07,50x15,V2,21,3046.0
ga,tai50_15_07,50x15,V2,22,3048.0
ga,tai50_15_07,50x15,V2,23,3026.0
ga,tai50_15_07,50x15,V2,24,3043.0
ga,tai50_15_07,50x15,V2,25,3012.5
ga,tai50_15_07,50x15,V2,26,3026.0
ga,tai50_15_07,50x15,V2,27,3040.0
ga,tai50_15_07,50x15,V2,28,3035.5
ga,tai50_15_07,50x15,V2,29,3046.0
ga,tai50_15_07,50x15,V2,30,3007.5
ga,tai50_15_07,50x15,MOR,1,3068.5
ga,tai50_15_07,50x15,MOR,2,3059.0
ga,tai50_15_07,50x15,MOR,3,3035.0
ga,tai50_15_07,50x15,MOR,4,3072.5
ga,tai50_15_07,50x15,MOR,5,3047.5
ga,tai50_15_07,50x15,MOR,6,3021.0
ga,tai50_15_07,50x15,MOR,7,3040.0
ga,tai50_15_07,50x15,MOR,8,3052.0
ga,tai50_15_07,50x15,MOR,9,3083.0
ga,tai50_15_07,50x15,MOR,10,3078.5
ga,tai50_15_07,50x15,MOR,11,3065.5
ga,tai50_15_07,50x15,MOR,12,3071.0
ga,tai50_15_07,50x15,MOR,13,3052.0
ga,tai50_15_07,50x15,MOR,14,3087.5
ga,tai50_15_07,50x15,MOR,15,3069.0
ga,tai50_15_07,50x15,MOR,16,3044.5
ga,tai50_15_07,50x15,MOR,17,3045.0
ga,tai50_15_07,50x15,MOR,18,3067.5
ga,tai50_15_07,50x15,MOR,19,3086.5
ga,tai50_15_07,50x15,MOR,20,3069.5
ga,tai50_15_07,50x15,MOR,21,3043.0
ga,tai50_15_07,50x15,MOR,22,3066.5
ga,tai50_15_07,50x15,MOR,23,3042.5
ga,tai50_15_07,50x15,MOR,24,3039.0
ga,tai50_15_07,50x15,MOR,25,3061.0
ga,tai50_15_07,50x15,MOR,26,3063.5
ga,tai50_15_07,50x15,MOR,27,3051.5
ga,tai50_15_07,50x15,MOR,28,3063.0
ga,tai50_15_07,50x15,MOR,29,3054.0
ga,tai50_15_07,50x15,MOR,30,3068.5
ga,tai50_15_07,50x15,GT,1,3079.0
ga,tai50_15_07,50x15,GT,2,3042.0
ga,tai50_15_07,50x15,GT,3,3039.0
ga,tai50_15_07,50x15,GT,4,3061.0
ga,tai50_15_07,50x15,GT,5,3018.0
ga,tai50_15_07,50x15,GT,6,3059.5
ga,tai50_15_07,50x15,GT,7,3024.0
ga,tai50_15_07,50x15,GT,8,3034.0
ga,tai50_15_07,50x15,GT,9,3024.5
ga,tai50_15_07,50x15,GT,10,3024.0
ga,tai50_15_07,50x15,GT,11,3038.0
ga,tai50_15_07,50x15,GT,12,3020.5
ga,tai50_15_07,50x15,GT,13,3022.0
ga,tai50_15_07,50x15,GT,14,3046.5
ga,tai50_15_07,50x15,GT,15,3032.0
ga,tai50_15_07,50x15,GT,16,3002.0
ga,tai50_15_07,50x15,GT,17,3047.0
ga,tai50_15_07,50x15,GT,18,3052.0
ga,tai50_15_07,50x15,GT,19,3027.0
ga,tai50_15_07,50x15,GT,20,3006.5
ga,tai50_15_07,50x15,GT,21,3047.0
ga,tai50_15_07,50x15,GT,22,3042.0
ga,tai50_15_07,50x15,GT,23,3027.0
ga,tai50_15_07,50x15,GT,24,3035.0
ga,tai50_15_07,50x15,GT,25,3026.5
ga,tai50_15_07,50x15,GT,26,3017.5
ga,tai50_15_07,50x15,GT,27,3021.5
ga,tai50_15_07,50x15,GT,28,3026.0
ga,tai50_15_07,50x15,GT,29,3059.0
ga,tai50_15_07,50x15,GT,30,3022.0
ga,tai50_15_07,50x15,GP,1,3025.0
ga,tai50_15_07,50x15,GP,2,3032.5
ga,tai50_15_07,50x15,GP,3,3019.5
ga,tai50_15_07,50x15,GP,4,3004.0
ga,tai50_15_07,50x15,GP,5,3026.5
ga,tai50_15_07,50x15,GP,6,3038.0
ga,tai50_15_07,50x15,GP,7,3019.0
ga,tai50_15_07,50x15,GP,8,3000.0
ga,tai50_15_07,50x15,GP,9,3016.5
ga,tai50_15_07,50x15,GP,10,3001.0
ga,tai50_15_07,50x15,GP,11,3009.5
ga,tai50_15_07,50x15,GP,12,3000.5
ga,tai50_15_07,50x15,GP,13,3035.0
ga,tai50_15_07,50x15,GP,14,3018.5
ga,tai50_15_07,50x15,GP,15,3024.0
ga,tai50_15_07,50x15,GP,16,3036.0
ga,tai50_15_07,50x15,GP,17,3012.0
ga,tai50_15_07,50x15,GP,18,3026.0
ga,tai50_15_07,50x15,GP,19,3029.0
ga,tai50_15_07,50x15,GP,20,3026.5
ga,tai50_15_07,50x15,GP,21,3012.0
ga,tai50_15_07,50x15,GP,22,3023.5
ga,tai50_15_07,50x15,GP,23,3036.5
ga,tai50_15_07,50x15,GP,24,3013.5
ga,tai50_15_07,50x15,GP,25,3019.0
ga,tai50_15_07,50x15,GP,26,3054.5
ga,tai50_15_07,50x15,GP,27,3020.0
ga,tai50_15_07,50x15,GP,28,3019.5
ga,tai50_15_07,50x15,GP,29,3036.0
ga,tai50_15_07,50x15,GP,30,2982.0
ga,tai50_15_07,50x15,MIX,1,3029.0
ga,tai50_15_07,50x15,MIX,2,3020.5
ga,tai50_15_07,50x15,MIX,3,3035.5
ga,tai50_15_07,50x15,MIX,4,3018.5
ga,tai50_15_07,50x15,MIX,5,3000.5
ga,tai50_15_07,50x15,MIX,6,3031.0
ga,tai50_15_07,50x15,MIX,7,3031.5
ga,tai50_15_07,50x15,MIX,8,3011.0
ga,tai50_15_07,50x15,MIX,9,3004.0
ga,tai50_15_07,50x15,MIX,10,3044.5
ga,tai50_15_07,50x15,MIX,11,3022.5
ga,tai50_15_07,50x15,MIX,12,3002.5
ga,tai50_15_07,50x15,MIX,13,3015.0
ga,tai50_15_07,50x15,MIX,14,3022.5
ga,tai50_15_07,50x15,MIX,15,3026.0
ga,tai50_15_07,50x15,MIX,16,3043.5
ga,tai50_15_07,50x15,MIX,17,3032.0
ga,tai50_15_07,50x15,MIX,18,3016.5
ga,tai50_15_07,50x15,MIX,19,3002.5
ga,tai50_15_07,50x15,MIX,20,3011.0
ga,tai50_15_07,50x15,MIX,21,2994.5
ga,tai50_15_07,50x15,MIX,22,3050.5
ga,tai50_15_07,50x15,MIX,23,2995.0
ga,tai50_15_07,50x15,MIX,24,3006.0
ga,tai50_15_07,50x15,MIX,25,3027.0
ga,tai50_15_07,50x15,MIX,26,2998.5
ga,tai50_15_07,50x15,MIX,27,3001.5
ga,tai50_15_07,50x15,MIX,28,2991.0
ga,tai50_15_07,50x15,MIX,29,3022.0
ga,tai50_15_07,50x15,MIX,30,3025.0
ga,tai50_15_08,50x15,A0,1,2952.0
ga,tai50_15_08,50x15,A0,2,2977.5
ga,tai50_15_08,50x15,A0,3,2982.5
ga,tai50_15_08,50x15,A0,4,2974.5
ga,tai50_15_08,50x15,A0,5,2956.5
ga,tai50_15_08,50x15,A0,6,2955.5
ga,tai50_15_08,50x15,A0,7,2998.5
ga,tai50_15_08,50x15,A0,8,2952.5
ga,tai50_15_08,50x15,A0,9,2967.5
ga,tai50_15_08,50x15,A0,10,2972.0
ga,tai50_15_08,50x15,A0,11,2988.5
ga,tai50_15_08,50x15,A0,12,2952.5
ga,tai50_15_08,50x15,A0,13,2968.5
ga,tai50_15_08,50x15,A0,14,2982.0
ga,tai50_15_08,50x15,A0,15,2971.5
ga,tai50_15_08,50x15,A0,16,3000.5
ga,tai50_15_08,50x15,A0,17,2981.5
ga,tai50_15_08,50x15,A0,18,2958.5
ga,tai50_15_08,50x15,A0,19,2974.0
ga,tai50_15_08,50x15,A0,20,2966.0
ga,tai50_15_08,50x15,A0,21,2984.0
ga,tai50_15_08,50x15,A0,22,2983.0
ga,tai50_15_08,50x15,A0,23,2981.0
ga,tai50_15_08,50x15,A0,24,2970.5
ga,tai50_15_08,50x15,A0,25,2979.0
ga,tai50_15_08,50x15,A0,26,2958.0
ga,tai50_15_08,50x15,A0,27,2980.5
ga,tai50_15_08,50x15,A0,28,2979.0
ga,tai50_15_08,50x15,A0,29,2973.5
ga,tai50_15_08,50x15,A0,30,2986.0
ga,tai50_15_08,50x15,V2H,1,2967.0
ga,tai50_15_08,50x15,V2H,2,2951.0
ga,tai50_15_08,50x15,V2H,3,2967.0
ga,tai50_15_08,50x15,V2H,4,2962.0
ga,tai50_15_08,50x15,V2H,5,2989.0
ga,tai50_15_08,50x15,V2H,6,2975.0
ga,tai50_15_08,50x15,V2H,7,2958.5
ga,tai50_15_08,50x15,V2H,8,2979.0
ga,tai50_15_08,50x15,V2H,9,2989.5
ga,tai50_15_08,50x15,V2H,10,2991.0
ga,tai50_15_08,50x15,V2H,11,2982.0
ga,tai50_15_08,50x15,V2H,12,2954.5
ga,tai50_15_08,50x15,V2H,13,2977.0
ga,tai50_15_08,50x15,V2H,14,2955.5
ga,tai50_15_08,50x15,V2H,15,2968.0
ga,tai50_15_08,50x15,V2H,16,2973.0
ga,tai50_15_08,50x15,V2H,17,2967.0
ga,tai50_15_08,50x15,V2H,18,2985.5
ga,tai50_15_08,50x15,V2H,19,2958.5
ga,tai50_15_08,50x15,V2H,20,2984.5
ga,tai50_15_08,50x15,V2H,21,3002.0
ga,tai50_15_08,50x15,V2H,22,2961.0
ga,tai50_15_08,50x15,V2H,23,3000.5
ga,tai50_15_08,50x15,V2H,24,2947.5
ga,tai50_15_08,50x15,V2H,25,2948.0
ga,tai50_15_08,50x15,V2H,26,2984.5
ga,tai50_15_08,50x15,V2H,27,2985.5
ga,tai50_15_08,50x15,V2H,28,2977.0
ga,tai50_15_08,50x15,V2H,29,3008.0
ga,tai50_15_08,50x15,V2H,30,2985.5
ga,tai50_15_08,50x15,V2,1,2978.0
ga,tai50_15_08,50x15,V2,2,3002.0
ga,tai50_15_08,50x15,V2,3,3012.5
ga,tai50_15_08,50x15,V2,4,3010.5
ga,tai50_15_08,50x15,V2,5,2991.0
ga,tai50_15_08,50x15,V2,6,2962.5
ga,tai50_15_08,50x15,V2,7,3007.0
ga,tai50_15_08,50x15,V2,8,2963.0
ga,tai50_15_08,50x15,V2,9,2977.5
ga,tai50_15_08,50x15,V2,10,2972.5
ga,tai50_15_08,50x15,V2,11,2988.0
ga,tai50_15_08,50x15,V2,12,2954.5
ga,tai50_15_08,50x15,V2,13,2996.5
ga,tai50_15_08,50x15,V2,14,2982.5
ga,tai50_15_08,50x15,V2,15,2972.5
ga,tai50_15_08,50x15,V2,16,2985.0
ga,tai50_15_08,50x15,V2,17,2983.0
ga,tai50_15_08,50x15,V2,18,2966.5
ga,tai50_15_08,50x15,V2,19,3001.5
ga,tai50_15_08,50x15,V2,20,2984.0
ga,tai50_15_08,50x15,V2,21,2978.5
ga,tai50_15_08,50x15,V2,22,2973.5
ga,tai50_15_08,50x15,V2,23,2959.5
ga,tai50_15_08,50x15,V2,24,2983.0
ga,tai50_15_08,50x15,V2,25,2993.0
ga,tai50_15_08,50x15,V2,26,2981.0
ga,tai50_15_08,50x15,V2,27,2993.5
ga,tai50_15_08,50x15,V2,28,2976.5
ga,tai50_15_08,50x15,V2,29,2966.5
ga,tai50_15_08,50x15,V2,30,2972.0
ga,tai50_15_08,50x15,MOR,1,3063.5
ga,tai50_15_08,50x15,MOR,2,3085.5
ga,tai50_15_08,50x15,MOR,3,3077.0
ga,tai50_15_08,50x15,MOR,4,3076.5
ga,tai50_15_08,50x15,MOR,5,3071.0
ga,tai50_15_08,50x15,MOR,6,3082.0
ga,tai50_15_08,50x15,MOR,7,3044.0
ga,tai50_15_08,50x15,MOR,8,3061.0
ga,tai50_15_08,50x15,MOR,9,3056.5
ga,tai50_15_08,50x15,MOR,10,3038.0
ga,tai50_15_08,50x15,MOR,11,3059.0
ga,tai50_15_08,50x15,MOR,12,3085.0
ga,tai50_15_08,50x15,MOR,13,3079.0
ga,tai50_15_08,50x15,MOR,14,3062.5
ga,tai50_15_08,50x15,MOR,15,3064.5
ga,tai50_15_08,50x15,MOR,16,3048.5
ga,tai50_15_08,50x15,MOR,17,3043.5
ga,tai50_15_08,50x15,MOR,18,3039.5
ga,tai50_15_08,50x15,MOR,19,3072.0
ga,tai50_15_08,50x15,MOR,20,3108.5
ga,tai50_15_08,50x15,MOR,21,3050.5
ga,tai50_15_08,50x15,MOR,22,3049.0
ga,tai50_15_08,50x15,MOR,23,3114.5
ga,tai50_15_08,50x15,MOR,24,3060.0
ga,tai50_15_08,50x15,MOR,25,3018.0
ga,tai50_15_08,50x15,MOR,26,3063.0
ga,tai50_15_08,50x15,MOR,27,3054.0
ga,tai50_15_08,50x15,MOR,28,3080.0
ga,tai50_15_08,50x15,MOR,29,3040.0
ga,tai50_15_08,50x15,MOR,30,3069.5
ga,tai50_15_08,50x15,GT,1,2981.0
ga,tai50_15_08,50x15,GT,2,3018.5
ga,tai50_15_08,50x15,GT,3,3029.5
ga,tai50_15_08,50x15,GT,4,3018.5
ga,tai50_15_08,50x15,GT,5,3028.5
ga,tai50_15_08,50x15,GT,6,3018.0
ga,tai50_15_08,50x15,GT,7,3011.0
ga,tai50_15_08,50x15,GT,8,3028.0
ga,tai50_15_08,50x15,GT,9,3008.0
ga,tai50_15_08,50x15,GT,10,3031.0
ga,tai50_15_08,50x15,GT,11,3061.0
ga,tai50_15_08,50x15,GT,12,2993.5
ga,tai50_15_08,50x15,GT,13,3012.5
ga,tai50_15_08,50x15,GT,14,3012.5
ga,tai50_15_08,50x15,GT,15,3004.0
ga,tai50_15_08,50x15,GT,16,3009.5
ga,tai50_15_08,50x15,GT,17,3019.5
ga,tai50_15_08,50x15,GT,18,3034.0
ga,tai50_15_08,50x15,GT,19,3033.5
ga,tai50_15_08,50x15,GT,20,3007.0
ga,tai50_15_08,50x15,GT,21,2998.5
ga,tai50_15_08,50x15,GT,22,3017.0
ga,tai50_15_08,50x15,GT,23,3038.0
ga,tai50_15_08,50x15,GT,24,3051.0
ga,tai50_15_08,50x15,GT,25,3015.0
ga,tai50_15_08,50x15,GT,26,3007.0
ga,tai50_15_08,50x15,GT,27,3026.5
ga,tai50_15_08,50x15,GT,28,3033.0
ga,tai50_15_08,50x15,GT,29,3024.0
ga,tai50_15_08,50x15,GT,30,3001.5
ga,tai50_15_08,50x15,GP,1,2984.5
ga,tai50_15_08,50x15,GP,2,2992.5
ga,tai50_15_08,50x15,GP,3,3007.5
ga,tai50_15_08,50x15,GP,4,3014.5
ga,tai50_15_08,50x15,GP,5,3001.5
ga,tai50_15_08,50x15,GP,6,3002.0
ga,tai50_15_08,50x15,GP,7,2979.0
ga,tai50_15_08,50x15,GP,8,3013.0
ga,tai50_15_08,50x15,GP,9,3015.0
ga,tai50_15_08,50x15,GP,10,2996.0
ga,tai50_15_08,50x15,GP,11,2993.5
ga,tai50_15_08,50x15,GP,12,3004.0
ga,tai50_15_08,50x15,GP,13,2991.0
ga,tai50_15_08,50x15,GP,14,3005.0
ga,tai50_15_08,50x15,GP,15,2993.0
ga,tai50_15_08,50x15,GP,16,3025.0
ga,tai50_15_08,50x15,GP,17,2987.0
ga,tai50_15_08,50x15,GP,18,3010.0
ga,tai50_15_08,50x15,GP,19,2999.0
ga,tai50_15_08,50x15,GP,20,2985.5
ga,tai50_15_08,50x15,GP,21,3001.0
ga,tai50_15_08,50x15,GP,22,2973.5
ga,tai50_15_08,50x15,GP,23,3001.0
ga,tai50_15_08,50x15,GP,24,2984.5
ga,tai50_15_08,50x15,GP,25,3016.5
ga,tai50_15_08,50x15,GP,26,2986.5
ga,tai50_15_08,50x15,GP,27,2988.0
ga,tai50_15_08,50x15,GP,28,2976.0
ga,tai50_15_08,50x15,GP,29,3025.5
ga,tai50_15_08,50x15,GP,30,2990.0
ga,tai50_15_08,50x15,MIX,1,3003.0
ga,tai50_15_08,50x15,MIX,2,2968.5
ga,tai50_15_08,50x15,MIX,3,2955.5
ga,tai50_15_08,50x15,MIX,4,2975.0
ga,tai50_15_08,50x15,MIX,5,2978.5
ga,tai50_15_08,50x15,MIX,6,2972.0
ga,tai50_15_08,50x15,MIX,7,2965.0
ga,tai50_15_08,50x15,MIX,8,2977.5
ga,tai50_15_08,50x15,MIX,9,2989.5
ga,tai50_15_08,50x15,MIX,10,2970.0
ga,tai50_15_08,50x15,MIX,11,2990.5
ga,tai50_15_08,50x15,MIX,12,2970.0
ga,tai50_15_08,50x15,MIX,13,2947.5
ga,tai50_15_08,50x15,MIX,14,2983.5
ga,tai50_15_08,50x15,MIX,15,2978.0
ga,tai50_15_08,50x15,MIX,16,2978.5
ga,tai50_15_08,50x15,MIX,17,2987.5
ga,tai50_15_08,50x15,MIX,18,2976.0
ga,tai50_15_08,50x15,MIX,19,2964.5
ga,tai50_15_08,50x15,MIX,20,2995.0
ga,tai50_15_08,50x15,MIX,21,2938.5
ga,tai50_15_08,50x15,MIX,22,2972.0
ga,tai50_15_08,50x15,MIX,23,2987.5
ga,tai50_15_08,50x15,MIX,24,2960.0
ga,tai50_15_08,50x15,MIX,25,2957.5
ga,tai50_15_08,50x15,MIX,26,2979.5
ga,tai50_15_08,50x15,MIX,27,2969.5
ga,tai50_15_08,50x15,MIX,28,2950.0
ga,tai50_15_08,50x15,MIX,29,2988.5
ga,tai50_15_08,50x15,MIX,30,2989.5
ga,tai50_15_09,50x15,A0,1,2796.0
ga,tai50_15_09,50x15,A0,2,2832.5
ga,tai50_15_09,50x15,A0,3,2819.5
ga,tai50_15_09,50x15,A0,4,2811.5
ga,tai50_15_09,50x15,A0,5,2817.5
ga,tai50_15_09,50x15,A0,6,2834.5
ga,tai50_15_09,50x15,A0,7,2843.5
ga,tai50_15_09,50x15,A0,8,2799.0
ga,tai50_15_09,50x15,A0,9,2808.5
ga,tai50_15_09,50x15,A0,10,2822.5
ga,tai50_15_09,50x15,A0,11,2830.5
ga,tai50_15_09,50x15,A0,12,2821.0
ga,tai50_15_09,50x15,A0,13,2836.0
ga,tai50_15_09,50x15,A0,14,2817.5
ga,tai50_15_09,50x15,A0,15,2809.5
ga,tai50_15_09,50x15,A0,16,2819.5
ga,tai50_15_09,50x15,A0,17,2811.0
ga,tai50_15_09,50x15,A0,18,2816.0
ga,tai50_15_09,50x15,A0,19,2833.5
ga,tai50_15_09,50x15,A0,20,2840.0
ga,tai50_15_09,50x15,A0,21,2835.0
ga,tai50_15_09,50x15,A0,22,2827.0
ga,tai50_15_09,50x15,A0,23,2839.0
ga,tai50_15_09,50x15,A0,24,2795.5
ga,tai50_15_09,50x15,A0,25,2839.0
ga,tai50_15_09,50x15,A0,26,2842.0
ga,tai50_15_09,50x15,A0,27,2820.5
ga,tai50_15_09,50x15,A0,28,2831.0
ga,tai50_15_09,50x15,A0,29,2831.5
ga,tai50_15_09,50x15,A0,30,2813.0
ga,tai50_15_09,50x15,V2H,1,2818.5
ga,tai50_15_09,50x15,V2H,2,2798.5
ga,tai50_15_09,50x15,V2H,3,2803.5
ga,tai50_15_09,50x15,V2H,4,2798.5
ga,tai50_15_09,50x15,V2H,5,2805.5
ga,tai50_15_09,50x15,V2H,6,2798.0
ga,tai50_15_09,50x15,V2H,7,2775.5
ga,tai50_15_09,50x15,V2H,8,2795.0
ga,tai50_15_09,50x15,V2H,9,2813.5
ga,tai50_15_09,50x15,V2H,10,2832.5
ga,tai50_15_09,50x15,V2H,11,2817.0
ga,tai50_15_09,50x15,V2H,12,2772.5
ga,tai50_15_09,50x15,V2H,13,2788.5
ga,tai50_15_09,50x15,V2H,14,2788.5
ga,tai50_15_09,50x15,V2H,15,2801.5
ga,tai50_15_09,50x15,V2H,16,2794.5
ga,tai50_15_09,50x15,V2H,17,2797.0
ga,tai50_15_09,50x15,V2H,18,2808.0
ga,tai50_15_09,50x15,V2H,19,2822.0
ga,tai50_15_09,50x15,V2H,20,2811.5
ga,tai50_15_09,50x15,V2H,21,2794.5
ga,tai50_15_09,50x15,V2H,22,2793.5
ga,tai50_15_09,50x15,V2H,23,2830.0
ga,tai50_15_09,50x15,V2H,24,2793.5
ga,tai50_15_09,50x15,V2H,25,2798.0
ga,tai50_15_09,50x15,V2H,26,2810.0
ga,tai50_15_09,50x15,V2H,27,2816.5
ga,tai50_15_09,50x15,V2H,28,2813.0
ga,tai50_15_09,50x15,V2H,29,2809.0
ga,tai50_15_09,50x15,V2H,30,2804.0
ga,tai50_15_09,50x15,V2,1,2797.5
ga,tai50_15_09,50x15,V2,2,2806.5
ga,tai50_15_09,50x15,V2,3,2808.5
ga,tai50_15_09,50x15,V2,4,2787.0
ga,tai50_15_09,50x15,V2,5,2810.5
ga,tai50_15_09,50x15,V2,6,2795.0
ga,tai50_15_09,50x15,V2,7,2782.0
ga,tai50_15_09,50x15,V2,8,2810.5
ga,tai50_15_09,50x15,V2,9,2794.5
ga,tai50_15_09,50x15,V2,10,2772.5
ga,tai50_15_09,50x15,V2,11,2789.5
ga,tai50_15_09,50x15,V2,12,2802.5
ga,tai50_15_09,50x15,V2,13,2807.0
ga,tai50_15_09,50x15,V2,14,2830.0
ga,tai50_15_09,50x15,V2,15,2779.5
ga,tai50_15_09,50x15,V2,16,2825.0
ga,tai50_15_09,50x15,V2,17,2783.0
ga,tai50_15_09,50x15,V2,18,2804.0
ga,tai50_15_09,50x15,V2,19,2819.5
ga,tai50_15_09,50x15,V2,20,2826.5
ga,tai50_15_09,50x15,V2,21,2798.0
ga,tai50_15_09,50x15,V2,22,2813.5
ga,tai50_15_09,50x15,V2,23,2802.0
ga,tai50_15_09,50x15,V2,24,2802.0
ga,tai50_15_09,50x15,V2,25,2833.5
ga,tai50_15_09,50x15,V2,26,2795.0
ga,tai50_15_09,50x15,V2,27,2774.5
ga,tai50_15_09,50x15,V2,28,2826.0
ga,tai50_15_09,50x15,V2,29,2805.5
ga,tai50_15_09,50x15,V2,30,2826.0
ga,tai50_15_09,50x15,MOR,1,2873.0
ga,tai50_15_09,50x15,MOR,2,2883.5
ga,tai50_15_09,50x15,MOR,3,2906.0
ga,tai50_15_09,50x15,MOR,4,2894.5
ga,tai50_15_09,50x15,MOR,5,2891.0
ga,tai50_15_09,50x15,MOR,6,2882.0
ga,tai50_15_09,50x15,MOR,7,2908.0
ga,tai50_15_09,50x15,MOR,8,2891.5
ga,tai50_15_09,50x15,MOR,9,2878.5
ga,tai50_15_09,50x15,MOR,10,2905.0
ga,tai50_15_09,50x15,MOR,11,2899.0
ga,tai50_15_09,50x15,MOR,12,2884.5
ga,tai50_15_09,50x15,MOR,13,2881.5
ga,tai50_15_09,50x15,MOR,14,2894.0
ga,tai50_15_09,50x15,MOR,15,2878.5
ga,tai50_15_09,50x15,MOR,16,2887.5
ga,tai50_15_09,50x15,MOR,17,2891.0
ga,tai50_15_09,50x15,MOR,18,2885.0
ga,tai50_15_09,50x15,MOR,19,2876.5
ga,tai50_15_09,50x15,MOR,20,2905.0
ga,tai50_15_09,50x15,MOR,21,2894.5
ga,tai50_15_09,50x15,MOR,22,2895.0
ga,tai50_15_09,50x15,MOR,23,2883.0
ga,tai50_15_09,50x15,MOR,24,2885.0
ga,tai50_15_09,50x15,MOR,25,2899.5
ga,tai50_15_09,50x15,MOR,26,2909.0
ga,tai50_15_09,50x15,MOR,27,2914.5
ga,tai50_15_09,50x15,MOR,28,2882.0
ga,tai50_15_09,50x15,MOR,29,2883.0
ga,tai50_15_09,50x15,MOR,30,2875.0
ga,tai50_15_09,50x15,GT,1,2851.0
ga,tai50_15_09,50x15,GT,2,2890.5
ga,tai50_15_09,50x15,GT,3,2847.5
ga,tai50_15_09,50x15,GT,4,2877.0
ga,tai50_15_09,50x15,GT,5,2880.0
ga,tai50_15_09,50x15,GT,6,2897.0
ga,tai50_15_09,50x15,GT,7,2894.0
ga,tai50_15_09,50x15,GT,8,2864.5
ga,tai50_15_09,50x15,GT,9,2904.5
ga,tai50_15_09,50x15,GT,10,2862.5
ga,tai50_15_09,50x15,GT,11,2877.0
ga,tai50_15_09,50x15,GT,12,2892.5
ga,tai50_15_09,50x15,GT,13,2867.5
ga,tai50_15_09,50x15,GT,14,2891.5
ga,tai50_15_09,50x15,GT,15,2905.5
ga,tai50_15_09,50x15,GT,16,2898.0
ga,tai50_15_09,50x15,GT,17,2866.0
ga,tai50_15_09,50x15,GT,18,2895.0
ga,tai50_15_09,50x15,GT,19,2869.0
ga,tai50_15_09,50x15,GT,20,2904.0
ga,tai50_15_09,50x15,GT,21,2879.5
ga,tai50_15_09,50x15,GT,22,2910.5
ga,tai50_15_09,50x15,GT,23,2870.5
ga,tai50_15_09,50x15,GT,24,2878.0
ga,tai50_15_09,50x15,GT,25,2888.0
ga,tai50_15_09,50x15,GT,26,2869.0
ga,tai50_15_09,50x15,GT,27,2867.0
ga,tai50_15_09,50x15,GT,28,2879.5
ga,tai50_15_09,50x15,GT,29,2860.5
ga,tai50_15_09,50x15,GT,30,2881.0
ga,tai50_15_09,50x15,GP,1,2818.0
ga,tai50_15_09,50x15,GP,2,2848.5
ga,tai50_15_09,50x15,GP,3,2819.5
ga,tai50_15_09,50x15,GP,4,2823.5
ga,tai50_15_09,50x15,GP,5,2848.5
ga,tai50_15_09,50x15,GP,6,2831.0
ga,tai50_15_09,50x15,GP,7,2840.5
ga,tai50_15_09,50x15,GP,8,2814.0
ga,tai50_15_09,50x15,GP,9,2834.0
ga,tai50_15_09,50x15,GP,10,2842.0
ga,tai50_15_09,50x15,GP,11,2850.5
ga,tai50_15_09,50x15,GP,12,2824.5
ga,tai50_15_09,50x15,GP,13,2834.0
ga,tai50_15_09,50x15,GP,14,2819.5
ga,tai50_15_09,50x15,GP,15,2825.0
ga,tai50_15_09,50x15,GP,16,2816.0
ga,tai50_15_09,50x15,GP,17,2851.5
ga,tai50_15_09,50x15,GP,18,2827.0
ga,tai50_15_09,50x15,GP,19,2857.5
ga,tai50_15_09,50x15,GP,20,2830.5
ga,tai50_15_09,50x15,GP,21,2808.5
ga,tai50_15_09,50x15,GP,22,2841.0
ga,tai50_15_09,50x15,GP,23,2832.5
ga,tai50_15_09,50x15,GP,24,2836.5
ga,tai50_15_09,50x15,GP,25,2826.5
ga,tai50_15_09,50x15,GP,26,2848.0
ga,tai50_15_09,50x15,GP,27,2818.0
ga,tai50_15_09,50x15,GP,28,2835.5
ga,tai50_15_09,50x15,GP,29,2837.0
ga,tai50_15_09,50x15,GP,30,2814.0
ga,tai50_15_09,50x15,MIX,1,2799.5
ga,tai50_15_09,50x15,MIX,2,2821.0
ga,tai50_15_09,50x15,MIX,3,2830.0
ga,tai50_15_09,50x15,MIX,4,2834.5
ga,tai50_15_09,50x15,MIX,5,2806.5
ga,tai50_15_09,50x15,MIX,6,2829.0
ga,tai50_15_09,50x15,MIX,7,2826.0
ga,tai50_15_09,50x15,MIX,8,2828.0
ga,tai50_15_09,50x15,MIX,9,2803.5
ga,tai50_15_09,50x15,MIX,10,2817.5
ga,tai50_15_09,50x15,MIX,11,2822.5
ga,tai50_15_09,50x15,MIX,12,2834.5
ga,tai50_15_09,50x15,MIX,13,2825.5
ga,tai50_15_09,50x15,MIX,14,2835.5
ga,tai50_15_09,50x15,MIX,15,2828.5
ga,tai50_15_09,50x15,MIX,16,2812.5
ga,tai50_15_09,50x15,MIX,17,2830.0
ga,tai50_15_09,50x15,MIX,18,2812.0
ga,tai50_15_09,50x15,MIX,19,2841.5
ga,tai50_15_09,50x15,MIX,20,2833.0
ga,tai50_15_09,50x15,MIX,21,2825.0
ga,tai50_15_09,50x15,MIX,22,2850.5
ga,tai50_15_09,50x15,MIX,23,2810.0
ga,tai50_15_09,50x15,MIX,24,2796.0
ga,tai50_15_09,50x15,MIX,25,2850.5
ga,tai50_15_09,50x15,MIX,26,2824.0
ga,tai50_15_09,50x15,MIX,27,2791.0
ga,tai50_15_09,50x15,MIX,28,2839.5
ga,tai50_15_09,50x15,MIX,29,2839.0
ga,tai50_15_09,50x15,MIX,30,2812.5
ga,tai50_15_10,50x15,A0,1,2821.0
ga,tai50_15_10,50x15,A0,2,2838.5
ga,tai50_15_10,50x15,A0,3,2840.0
ga,tai50_15_10,50x15,A0,4,2821.5
ga,tai50_15_10,50x15,A0,5,2847.0
ga,tai50_15_10,50x15,A0,6,2832.5
ga,tai50_15_10,50x15,A0,7,2838.0
ga,tai50_15_10,50x15,A0,8,2818.0
ga,tai50_15_10,50x15,A0,9,2837.5
ga,tai50_15_10,50x15,A0,10,2831.5
ga,tai50_15_10,50x15,A0,11,2821.5
ga,tai50_15_10,50x15,A0,12,2828.0
ga,tai50_15_10,50x15,A0,13,2842.5
ga,tai50_15_10,50x15,A0,14,2822.5
ga,tai50_15_10,50x15,A0,15,2831.0
ga,tai50_15_10,50x15,A0,16,2815.0
ga,tai50_15_10,50x15,A0,17,2821.0
ga,tai50_15_10,50x15,A0,18,2822.5
ga,tai50_15_10,50x15,A0,19,2831.0
ga,tai50_15_10,50x15,A0,20,2836.5
ga,tai50_15_10,50x15,A0,21,2814.0
ga,tai50_15_10,50x15,A0,22,2828.5
ga,tai50_15_10,50x15,A0,23,2830.0
ga,tai50_15_10,50x15,A0,24,2818.0
ga,tai50_15_10,50x15,A0,25,2844.5
ga,tai50_15_10,50x15,A0,26,2828.5
ga,tai50_15_10,50x15,A0,27,2820.5
ga,tai50_15_10,50x15,A0,28,2802.0
ga,tai50_15_10,50x15,A0,29,2819.5
ga,tai50_15_10,50x15,A0,30,2813.5
ga,tai50_15_10,50x15,V2H,1,2857.5
ga,tai50_15_10,50x15,V2H,2,2839.5
ga,tai50_15_10,50x15,V2H,3,2844.0
ga,tai50_15_10,50x15,V2H,4,2835.5
ga,tai50_15_10,50x15,V2H,5,2843.5
ga,tai50_15_10,50x15,V2H,6,2829.5
ga,tai50_15_10,50x15,V2H,7,2837.5
ga,tai50_15_10,50x15,V2H,8,2832.5
ga,tai50_15_10,50x15,V2H,9,2841.5
ga,tai50_15_10,50x15,V2H,10,2833.0
ga,tai50_15_10,50x15,V2H,11,2842.5
ga,tai50_15_10,50x15,V2H,12,2845.5
ga,tai50_15_10,50x15,V2H,13,2824.0
ga,tai50_15_10,50x15,V2H,14,2848.0
ga,tai50_15_10,50x15,V2H,15,2836.5
ga,tai50_15_10,50x15,V2H,16,2847.5
ga,tai50_15_10,50x15,V2H,17,2839.0
ga,tai50_15_10,50x15,V2H,18,2820.5
ga,tai50_15_10,50x15,V2H,19,2844.5
ga,tai50_15_10,50x15,V2H,20,2829.5
ga,tai50_15_10,50x15,V2H,21,2826.0
ga,tai50_15_10,50x15,V2H,22,2837.5
ga,tai50_15_10,50x15,V2H,23,2842.0
ga,tai50_15_10,50x15,V2H,24,2844.5
ga,tai50_15_10,50x15,V2H,25,2851.0
ga,tai50_15_10,50x15,V2H,26,2834.5
ga,tai50_15_10,50x15,V2H,27,2873.5
ga,tai50_15_10,50x15,V2H,28,2850.5
ga,tai50_15_10,50x15,V2H,29,2841.5
ga,tai50_15_10,50x15,V2H,30,2819.5
ga,tai50_15_10,50x15,V2,1,2845.0
ga,tai50_15_10,50x15,V2,2,2846.5
ga,tai50_15_10,50x15,V2,3,2836.0
ga,tai50_15_10,50x15,V2,4,2854.5
ga,tai50_15_10,50x15,V2,5,2845.5
ga,tai50_15_10,50x15,V2,6,2831.5
ga,tai50_15_10,50x15,V2,7,2827.5
ga,tai50_15_10,50x15,V2,8,2838.5
ga,tai50_15_10,50x15,V2,9,2845.5
ga,tai50_15_10,50x15,V2,10,2847.0
ga,tai50_15_10,50x15,V2,11,2847.5
ga,tai50_15_10,50x15,V2,12,2826.0
ga,tai50_15_10,50x15,V2,13,2819.0
ga,tai50_15_10,50x15,V2,14,2841.0
ga,tai50_15_10,50x15,V2,15,2846.5
ga,tai50_15_10,50x15,V2,16,2837.5
ga,tai50_15_10,50x15,V2,17,2839.0
ga,tai50_15_10,50x15,V2,18,2842.5
ga,tai50_15_10,50x15,V2,19,2832.0
ga,tai50_15_10,50x15,V2,20,2854.0
ga,tai50_15_10,50x15,V2,21,2838.0
ga,tai50_15_10,50x15,V2,22,2851.0
ga,tai50_15_10,50x15,V2,23,2848.0
ga,tai50_15_10,50x15,V2,24,2838.0
ga,tai50_15_10,50x15,V2,25,2850.5
ga,tai50_15_10,50x15,V2,26,2837.0
ga,tai50_15_10,50x15,V2,27,2829.0
ga,tai50_15_10,50x15,V2,28,2848.0
ga,tai50_15_10,50x15,V2,29,2846.0
ga,tai50_15_10,50x15,V2,30,2827.0
ga,tai50_15_10,50x15,MOR,1,2913.5
ga,tai50_15_10,50x15,MOR,2,2889.0
ga,tai50_15_10,50x15,MOR,3,2890.0
ga,tai50_15_10,50x15,MOR,4,2883.5
ga,tai50_15_10,50x15,MOR,5,2874.5
ga,tai50_15_10,50x15,MOR,6,2901.5
ga,tai50_15_10,50x15,MOR,7,2891.0
ga,tai50_15_10,50x15,MOR,8,2900.0
ga,tai50_15_10,50x15,MOR,9,2891.5
ga,tai50_15_10,50x15,MOR,10,2880.0
ga,tai50_15_10,50x15,MOR,11,2901.5
ga,tai50_15_10,50x15,MOR,12,2897.0
ga,tai50_15_10,50x15,MOR,13,2881.0
ga,tai50_15_10,50x15,MOR,14,2899.0
ga,tai50_15_10,50x15,MOR,15,2879.5
ga,tai50_15_10,50x15,MOR,16,2882.0
ga,tai50_15_10,50x15,MOR,17,2889.0
ga,tai50_15_10,50x15,MOR,18,2896.5
ga,tai50_15_10,50x15,MOR,19,2912.0
ga,tai50_15_10,50x15,MOR,20,2891.5
ga,tai50_15_10,50x15,MOR,21,2877.5
ga,tai50_15_10,50x15,MOR,22,2891.0
ga,tai50_15_10,50x15,MOR,23,2900.5
ga,tai50_15_10,50x15,MOR,24,2905.0
ga,tai50_15_10,50x15,MOR,25,2890.0
ga,tai50_15_10,50x15,MOR,26,2907.0
ga,tai50_15_10,50x15,MOR,27,2897.0
ga,tai50_15_10,50x15,MOR,28,2890.0
ga,tai50_15_10,50x15,MOR,29,2900.0
ga,tai50_15_10,50x15,MOR,30,2896.5
ga,tai50_15_10,50x15,GT,1,2859.5
ga,tai50_15_10,50x15,GT,2,2877.0
ga,tai50_15_10,50x15,GT,3,2895.0
ga,tai50_15_10,50x15,GT,4,2846.0
ga,tai50_15_10,50x15,GT,5,2868.5
ga,tai50_15_10,50x15,GT,6,2863.5
ga,tai50_15_10,50x15,GT,7,2867.5
ga,tai50_15_10,50x15,GT,8,2866.0
ga,tai50_15_10,50x15,GT,9,2857.0
ga,tai50_15_10,50x15,GT,10,2858.5
ga,tai50_15_10,50x15,GT,11,2863.0
ga,tai50_15_10,50x15,GT,12,2858.5
ga,tai50_15_10,50x15,GT,13,2855.5
ga,tai50_15_10,50x15,GT,14,2858.0
ga,tai50_15_10,50x15,GT,15,2877.5
ga,tai50_15_10,50x15,GT,16,2843.0
ga,tai50_15_10,50x15,GT,17,2852.5
ga,tai50_15_10,50x15,GT,18,2869.5
ga,tai50_15_10,50x15,GT,19,2865.0
ga,tai50_15_10,50x15,GT,20,2875.0
ga,tai50_15_10,50x15,GT,21,2847.0
ga,tai50_15_10,50x15,GT,22,2849.5
ga,tai50_15_10,50x15,GT,23,2873.0
ga,tai50_15_10,50x15,GT,24,2870.5
ga,tai50_15_10,50x15,GT,25,2867.5
ga,tai50_15_10,50x15,GT,26,2869.0
ga,tai50_15_10,50x15,GT,27,2864.5
ga,tai50_15_10,50x15,GT,28,2861.5
ga,tai50_15_10,50x15,GT,29,2868.5
ga,tai50_15_10,50x15,GT,30,2868.0
ga,tai50_15_10,50x15,GP,1,2849.5
ga,tai50_15_10,50x15,GP,2,2847.5
ga,tai50_15_10,50x15,GP,3,2854.5
ga,tai50_15_10,50x15,GP,4,2854.5
ga,tai50_15_10,50x15,GP,5,2867.5
ga,tai50_15_10,50x15,GP,6,2841.5
ga,tai50_15_10,50x15,GP,7,2834.0
ga,tai50_15_10,50x15,GP,8,2843.0
ga,tai50_15_10,50x15,GP,9,2867.5
ga,tai50_15_10,50x15,GP,10,2841.0
ga,tai50_15_10,50x15,GP,11,2849.5
ga,tai50_15_10,50x15,GP,12,2859.0
ga,tai50_15_10,50x15,GP,13,2838.5
ga,tai50_15_10,50x15,GP,14,2860.0
ga,tai50_15_10,50x15,GP,15,2849.5
ga,tai50_15_10,50x15,GP,16,2845.0
ga,tai50_15_10,50x15,GP,17,2852.0
ga,tai50_15_10,50x15,GP,18,2834.5
ga,tai50_15_10,50x15,GP,19,2835.0
ga,tai50_15_10,50x15,GP,20,2855.5
ga,tai50_15_10,50x15,GP,21,2854.0
ga,tai50_15_10,50x15,GP,22,2839.5
ga,tai50_15_10,50x15,GP,23,2826.5
ga,tai50_15_10,50x15,GP,24,2839.0
ga,tai50_15_10,50x15,GP,25,2863.0
ga,tai50_15_10,50x15,GP,26,2834.0
ga,tai50_15_10,50x15,GP,27,2856.5
ga,tai50_15_10,50x15,GP,28,2840.0
ga,tai50_15_10,50x15,GP,29,2860.0
ga,tai50_15_10,50x15,GP,30,2843.0
ga,tai50_15_10,50x15,MIX,1,2817.5
ga,tai50_15_10,50x15,MIX,2,2837.5
ga,tai50_15_10,50x15,MIX,3,2816.0
ga,tai50_15_10,50x15,MIX,4,2837.0
ga,tai50_15_10,50x15,MIX,5,2839.5
ga,tai50_15_10,50x15,MIX,6,2830.5
ga,tai50_15_10,50x15,MIX,7,2844.5
ga,tai50_15_10,50x15,MIX,8,2840.0
ga,tai50_15_10,50x15,MIX,9,2821.5
ga,tai50_15_10,50x15,MIX,10,2828.5
ga,tai50_15_10,50x15,MIX,11,2822.0
ga,tai50_15_10,50x15,MIX,12,2845.5
ga,tai50_15_10,50x15,MIX,13,2841.0
ga,tai50_15_10,50x15,MIX,14,2828.5
ga,tai50_15_10,50x15,MIX,15,2829.5
ga,tai50_15_10,50x15,MIX,16,2824.5
ga,tai50_15_10,50x15,MIX,17,2822.0
ga,tai50_15_10,50x15,MIX,18,2834.5
ga,tai50_15_10,50x15,MIX,19,2825.0
ga,tai50_15_10,50x15,MIX,20,2848.5
ga,tai50_15_10,50x15,MIX,21,2844.0
ga,tai50_15_10,50x15,MIX,22,2843.0
ga,tai50_15_10,50x15,MIX,23,2848.5
ga,tai50_15_10,50x15,MIX,24,2829.0
ga,tai50_15_10,50x15,MIX,25,2821.5
ga,tai50_15_10,50x15,MIX,26,2825.5
ga,tai50_15_10,50x15,MIX,27,2840.0
ga,tai50_15_10,50x15,MIX,28,2804.0
ga,tai50_15_10,50x15,MIX,29,2823.5
ga,tai50_15_10,50x15,MIX,30,2844.5
ga,tai50_20_01,50x20,A0,1,3137.5
ga,tai50_20_01,50x20,A0,2,3152.5
ga,tai50_20_01,50x20,A0,3,3111.0
ga,tai50_20_01,50x20,A0,4,3111.5
ga,tai50_20_01,50x20,A0,5,3108.5
ga,tai50_20_01,50x20,A0,6,3141.0
ga,tai50_20_01,50x20,A0,7,3145.0
ga,tai50_20_01,50x20,A0,8,3134.0
ga,tai50_20_01,50x20,A0,9,3123.0
ga,tai50_20_01,50x20,A0,10,3142.0
ga,tai50_20_01,50x20,A0,11,3125.5
ga,tai50_20_01,50x20,A0,12,3130.5
ga,tai50_20_01,50x20,A0,13,3158.0
ga,tai50_20_01,50x20,A0,14,3136.0
ga,tai50_20_01,50x20,A0,15,3124.5
ga,tai50_20_01,50x20,A0,16,3157.5
ga,tai50_20_01,50x20,A0,17,3116.0
ga,tai50_20_01,50x20,A0,18,3140.0
ga,tai50_20_01,50x20,A0,19,3122.0
ga,tai50_20_01,50x20,A0,20,3123.0
ga,tai50_20_01,50x20,A0,21,3153.5
ga,tai50_20_01,50x20,A0,22,3145.0
ga,tai50_20_01,50x20,A0,23,3139.0
ga,tai50_20_01,50x20,A0,24,3141.5
ga,tai50_20_01,50x20,A0,25,3122.5
ga,tai50_20_01,50x20,A0,26,3135.5
ga,tai50_20_01,50x20,A0,27,3111.5
ga,tai50_20_01,50x20,A0,28,3124.0
ga,tai50_20_01,50x20,A0,29,3110.0
ga,tai50_20_01,50x20,A0,30,3133.0
ga,tai50_20_01,50x20,V2H,1,3141.5
ga,tai50_20_01,50x20,V2H,2,3141.5
ga,tai50_20_01,50x20,V2H,3,3156.0
ga,tai50_20_01,50x20,V2H,4,3173.0
ga,tai50_20_01,50x20,V2H,5,3181.0
ga,tai50_20_01,50x20,V2H,6,3134.0
ga,tai50_20_01,50x20,V2H,7,3170.5
ga,tai50_20_01,50x20,V2H,8,3104.5
ga,tai50_20_01,50x20,V2H,9,3154.5
ga,tai50_20_01,50x20,V2H,10,3148.0
ga,tai50_20_01,50x20,V2H,11,3166.5
ga,tai50_20_01,50x20,V2H,12,3152.5
ga,tai50_20_01,50x20,V2H,13,3192.0
ga,tai50_20_01,50x20,V2H,14,3147.0
ga,tai50_20_01,50x20,V2H,15,3145.0
ga,tai50_20_01,50x20,V2H,16,3184.0
ga,tai50_20_01,50x20,V2H,17,3147.5
ga,tai50_20_01,50x20,V2H,18,3190.5
ga,tai50_20_01,50x20,V2H,19,3123.0
ga,tai50_20_01,50x20,V2H,20,3144.0
ga,tai50_20_01,50x20,V2H,21,3180.0
ga,tai50_20_01,50x20,V2H,22,3164.5
ga,tai50_20_01,50x20,V2H,23,3166.5
ga,tai50_20_01,50x20,V2H,24,3147.0
ga,tai50_20_01,50x20,V2H,25,3138.5
ga,tai50_20_01,50x20,V2H,26,3166.0
ga,tai50_20_01,50x20,V2H,27,3157.0
ga,tai50_20_01,50x20,V2H,28,3184.0
ga,tai50_20_01,50x20,V2H,29,3158.0
ga,tai50_20_01,50x20,V2H,30,3168.0
ga,tai50_20_01,50x20,V2,1,3179.5
ga,tai50_20_01,50x20,V2,2,3176.5
ga,tai50_20_01,50x20,V2,3,3172.5
ga,tai50_20_01,50x20,V2,4,3237.5
ga,tai50_20_01,50x20,V2,5,3158.5
ga,tai50_20_01,50x20,V2,6,3142.0
ga,tai50_20_01,50x20,V2,7,3165.5
ga,tai50_20_01,50x20,V2,8,3210.5
ga,tai50_20_01,50x20,V2,9,3154.5
ga,tai50_20_01,50x20,V2,10,3175.0
ga,tai50_20_01,50x20,V2,11,3183.5
ga,tai50_20_01,50x20,V2,12,3200.5
ga,tai50_20_01,50x20,V2,13,3178.0
ga,tai50_20_01,50x20,V2,14,3142.5
ga,tai50_20_01,50x20,V2,15,3137.5
ga,tai50_20_01,50x20,V2,16,3210.5
ga,tai50_20_01,50x20,V2,17,3163.0
ga,tai50_20_01,50x20,V2,18,3203.5
ga,tai50_20_01,50x20,V2,19,3218.0
ga,tai50_20_01,50x20,V2,20,3160.0
ga,tai50_20_01,50x20,V2,21,3166.0
ga,tai50_20_01,50x20,V2,22,3156.5
ga,tai50_20_01,50x20,V2,23,3180.5
ga,tai50_20_01,50x20,V2,24,3183.5
ga,tai50_20_01,50x20,V2,25,3143.0
ga,tai50_20_01,50x20,V2,26,3160.0
ga,tai50_20_01,50x20,V2,27,3155.5
ga,tai50_20_01,50x20,V2,28,3178.0
ga,tai50_20_01,50x20,V2,29,3151.5
ga,tai50_20_01,50x20,V2,30,3174.5
ga,tai50_20_01,50x20,MOR,1,3171.5
ga,tai50_20_01,50x20,MOR,2,3171.5
ga,tai50_20_01,50x20,MOR,3,3173.5
ga,tai50_20_01,50x20,MOR,4,3149.5
ga,tai50_20_01,50x20,MOR,5,3165.5
ga,tai50_20_01,50x20,MOR,6,3124.5
ga,tai50_20_01,50x20,MOR,7,3156.0
ga,tai50_20_01,50x20,MOR,8,3165.0
ga,tai50_20_01,50x20,MOR,9,3147.5
ga,tai50_20_01,50x20,MOR,10,3157.5
ga,tai50_20_01,50x20,MOR,11,3159.5
ga,tai50_20_01,50x20,MOR,12,3163.0
ga,tai50_20_01,50x20,MOR,13,3150.5
ga,tai50_20_01,50x20,MOR,14,3158.0
ga,tai50_20_01,50x20,MOR,15,3162.0
ga,tai50_20_01,50x20,MOR,16,3159.5
ga,tai50_20_01,50x20,MOR,17,3157.0
ga,tai50_20_01,50x20,MOR,18,3177.0
ga,tai50_20_01,50x20,MOR,19,3188.5
ga,tai50_20_01,50x20,MOR,20,3178.0
ga,tai50_20_01,50x20,MOR,21,3169.0
ga,tai50_20_01,50x20,MOR,22,3153.0
ga,tai50_20_01,50x20,MOR,23,3178.5
ga,tai50_20_01,50x20,MOR,24,3162.5
ga,tai50_20_01,50x20,MOR,25,3176.5
ga,tai50_20_01,50x20,MOR,26,3170.0
ga,tai50_20_01,50x20,MOR,27,3175.5
ga,tai50_20_01,50x20,MOR,28,3170.5
ga,tai50_20_01,50x20,MOR,29,3172.5
ga,tai50_20_01,50x20,MOR,30,3171.0
ga,tai50_20_01,50x20,GT,1,3171.0
ga,tai50_20_01,50x20,GT,2,3173.0
ga,tai50_20_01,50x20,GT,3,3178.0
ga,tai50_20_01,50x20,GT,4,3193.5
ga,tai50_20_01,50x20,GT,5,3173.0
ga,tai50_20_01,50x20,GT,6,3183.0
ga,tai50_20_01,50x20,GT,7,3182.5
ga,tai50_20_01,50x20,GT,8,3148.0
ga,tai50_20_01,50x20,GT,9,3214.0
ga,tai50_20_01,50x20,GT,10,3165.0
ga,tai50_20_01,50x20,GT,11,3219.0
ga,tai50_20_01,50x20,GT,12,3186.5
ga,tai50_20_01,50x20,GT,13,3173.5
ga,tai50_20_01,50x20,GT,14,3153.0
ga,tai50_20_01,50x20,GT,15,3147.5
ga,tai50_20_01,50x20,GT,16,3177.0
ga,tai50_20_01,50x20,GT,17,3168.5
ga,tai50_20_01,50x20,GT,18,3182.5
ga,tai50_20_01,50x20,GT,19,3166.5
ga,tai50_20_01,50x20,GT,20,3190.0
ga,tai50_20_01,50x20,GT,21,3181.5
ga,tai50_20_01,50x20,GT,22,3178.5
ga,tai50_20_01,50x20,GT,23,3184.0
ga,tai50_20_01,50x20,GT,24,3168.5
ga,tai50_20_01,50x20,GT,25,3193.5
ga,tai50_20_01,50x20,GT,26,3195.0
ga,tai50_20_01,50x20,GT,27,3160.5
ga,tai50_20_01,50x20,GT,28,3169.0
ga,tai50_20_01,50x20,GT,29,3168.5
ga,tai50_20_01,50x20,GT,30,3191.0
ga,tai50_20_01,50x20,GP,1,3153.5
ga,tai50_20_01,50x20,GP,2,3163.5
ga,tai50_20_01,50x20,GP,3,3175.5
ga,tai50_20_01,50x20,GP,4,3150.0
ga,tai50_20_01,50x20,GP,5,3149.5
ga,tai50_20_01,50x20,GP,6,3173.0
ga,tai50_20_01,50x20,GP,7,3141.5
ga,tai50_20_01,50x20,GP,8,3131.5
ga,tai50_20_01,50x20,GP,9,3183.5
ga,tai50_20_01,50x20,GP,10,3176.0
ga,tai50_20_01,50x20,GP,11,3182.5
ga,tai50_20_01,50x20,GP,12,3176.0
ga,tai50_20_01,50x20,GP,13,3165.0
ga,tai50_20_01,50x20,GP,14,3138.0
ga,tai50_20_01,50x20,GP,15,3168.0
ga,tai50_20_01,50x20,GP,16,3151.5
ga,tai50_20_01,50x20,GP,17,3170.5
ga,tai50_20_01,50x20,GP,18,3156.5
ga,tai50_20_01,50x20,GP,19,3145.0
ga,tai50_20_01,50x20,GP,20,3149.5
ga,tai50_20_01,50x20,GP,21,3127.5
ga,tai50_20_01,50x20,GP,22,3165.0
ga,tai50_20_01,50x20,GP,23,3166.0
ga,tai50_20_01,50x20,GP,24,3169.0
ga,tai50_20_01,50x20,GP,25,3116.0
ga,tai50_20_01,50x20,GP,26,3147.0
ga,tai50_20_01,50x20,GP,27,3173.5
ga,tai50_20_01,50x20,GP,28,3158.0
ga,tai50_20_01,50x20,GP,29,3146.5
ga,tai50_20_01,50x20,GP,30,3138.0
ga,tai50_20_01,50x20,MIX,1,3167.0
ga,tai50_20_01,50x20,MIX,2,3148.0
ga,tai50_20_01,50x20,MIX,3,3184.0
ga,tai50_20_01,50x20,MIX,4,3132.5
ga,tai50_20_01,50x20,MIX,5,3183.0
ga,tai50_20_01,50x20,MIX,6,3135.0
ga,tai50_20_01,50x20,MIX,7,3173.5
ga,tai50_20_01,50x20,MIX,8,3156.0
ga,tai50_20_01,50x20,MIX,9,3159.0
ga,tai50_20_01,50x20,MIX,10,3145.5
ga,tai50_20_01,50x20,MIX,11,3159.5
ga,tai50_20_01,50x20,MIX,12,3124.0
ga,tai50_20_01,50x20,MIX,13,3188.5
ga,tai50_20_01,50x20,MIX,14,3135.0
ga,tai50_20_01,50x20,MIX,15,3169.5
ga,tai50_20_01,50x20,MIX,16,3140.5
ga,tai50_20_01,50x20,MIX,17,3177.5
ga,tai50_20_01,50x20,MIX,18,3158.5
ga,tai50_20_01,50x20,MIX,19,3156.5
ga,tai50_20_01,50x20,MIX,20,3187.0
ga,tai50_20_01,50x20,MIX,21,3168.5
ga,tai50_20_01,50x20,MIX,22,3126.0
ga,tai50_20_01,50x20,MIX,23,3131.5
ga,tai50_20_01,50x20,MIX,24,3149.0
ga,tai50_20_01,50x20,MIX,25,3178.0
ga,tai50_20_01,50x20,MIX,26,3168.0
ga,tai50_20_01,50x20,MIX,27,3165.0
ga,tai50_20_01,50x20,MIX,28,3179.0
ga,tai50_20_01,50x20,MIX,29,3157.0
ga,tai50_20_01,50x20,MIX,30,3158.0
ga,tai50_20_02,50x20,A0,1,3199.5
ga,tai50_20_02,50x20,A0,2,3177.0
ga,tai50_20_02,50x20,A0,3,3225.5
ga,tai50_20_02,50x20,A0,4,3170.5
ga,tai50_20_02,50x20,A0,5,3202.0
ga,tai50_20_02,50x20,A0,6,3197.5
ga,tai50_20_02,50x20,A0,7,3242.0
ga,tai50_20_02,50x20,A0,8,3221.5
ga,tai50_20_02,50x20,A0,9,3192.5
ga,tai50_20_02,50x20,A0,10,3222.0
ga,tai50_20_02,50x20,A0,11,3176.5
ga,tai50_20_02,50x20,A0,12,3173.5
ga,tai50_20_02,50x20,A0,13,3191.0
ga,tai50_20_02,50x20,A0,14,3182.5
ga,tai50_20_02,50x20,A0,15,3210.0
ga,tai50_20_02,50x20,A0,16,3182.0
ga,tai50_20_02,50x20,A0,17,3174.5
ga,tai50_20_02,50x20,A0,18,3216.0
ga,tai50_20_02,50x20,A0,19,3182.0
ga,tai50_20_02,50x20,A0,20,3176.5
ga,tai50_20_02,50x20,A0,21,3183.0
ga,tai50_20_02,50x20,A0,22,3193.0
ga,tai50_20_02,50x20,A0,23,3186.5
ga,tai50_20_02,50x20,A0,24,3217.5
ga,tai50_20_02,50x20,A0,25,3215.5
ga,tai50_20_02,50x20,A0,26,3232.0
ga,tai50_20_02,50x20,A0,27,3213.0
ga,tai50_20_02,50x20,A0,28,3175.0
ga,tai50_20_02,50x20,A0,29,3223.0
ga,tai50_20_02,50x20,A0,30,3199.0
ga,tai50_20_02,50x20,V2H,1,3199.5
ga,tai50_20_02,50x20,V2H,2,3208.5
ga,tai50_20_02,50x20,V2H,3,3205.5
ga,tai50_20_02,50x20,V2H,4,3181.0
ga,tai50_20_02,50x20,V2H,5,3212.5
ga,tai50_20_02,50x20,V2H,6,3187.5
ga,tai50_20_02,50x20,V2H,7,3240.5
ga,tai50_20_02,50x20,V2H,8,3224.0
ga,tai50_20_02,50x20,V2H,9,3224.0
ga,tai50_20_02,50x20,V2H,10,3199.0
ga,tai50_20_02,50x20,V2H,11,3194.5
ga,tai50_20_02,50x20,V2H,12,3193.5
ga,tai50_20_02,50x20,V2H,13,3196.0
ga,tai50_20_02,50x20,V2H,14,3192.5
ga,tai50_20_02,50x20,V2H,15,3232.5
ga,tai50_20_02,50x20,V2H,16,3213.5
ga,tai50_20_02,50x20,V2H,17,3205.0
ga,tai50_20_02,50x20,V2H,18,3193.0
ga,tai50_20_02,50x20,V2H,19,3206.0
ga,tai50_20_02,50x20,V2H,20,3253.5
ga,tai50_20_02,50x20,V2H,21,3185.5
ga,tai50_20_02,50x20,V2H,22,3208.0
ga,tai50_20_02,50x20,V2H,23,3250.5
ga,tai50_20_02,50x20,V2H,24,3233.0
ga,tai50_20_02,50x20,V2H,25,3206.5
ga,tai50_20_02,50x20,V2H,26,3167.0
ga,tai50_20_02,50x20,V2H,27,3201.0
ga,tai50_20_02,50x20,V2H,28,3205.5
ga,tai50_20_02,50x20,V2H,29,3201.0
ga,tai50_20_02,50x20,V2H,30,3203.5
ga,tai50_20_02,50x20,V2,1,3206.0
ga,tai50_20_02,50x20,V2,2,3225.5
ga,tai50_20_02,50x20,V2,3,3221.0
ga,tai50_20_02,50x20,V2,4,3282.5
ga,tai50_20_02,50x20,V2,5,3222.5
ga,tai50_20_02,50x20,V2,6,3236.5
ga,tai50_20_02,50x20,V2,7,3218.5
ga,tai50_20_02,50x20,V2,8,3253.0
ga,tai50_20_02,50x20,V2,9,3232.5
ga,tai50_20_02,50x20,V2,10,3228.0
ga,tai50_20_02,50x20,V2,11,3205.5
ga,tai50_20_02,50x20,V2,12,3199.5
ga,tai50_20_02,50x20,V2,13,3214.0
ga,tai50_20_02,50x20,V2,14,3232.5
ga,tai50_20_02,50x20,V2,15,3231.0
ga,tai50_20_02,50x20,V2,16,3222.0
ga,tai50_20_02,50x20,V2,17,3220.0
ga,tai50_20_02,50x20,V2,18,3256.5
ga,tai50_20_02,50x20,V2,19,3209.0
ga,tai50_20_02,50x20,V2,20,3239.0
ga,tai50_20_02,50x20,V2,21,3245.5
ga,tai50_20_02,50x20,V2,22,3189.0
ga,tai50_20_02,50x20,V2,23,3252.5
ga,tai50_20_02,50x20,V2,24,3230.5
ga,tai50_20_02,50x20,V2,25,3212.0
ga,tai50_20_02,50x20,V2,26,3213.5
ga,tai50_20_02,50x20,V2,27,3218.5
ga,tai50_20_02,50x20,V2,28,3246.5
ga,tai50_20_02,50x20,V2,29,3224.5
ga,tai50_20_02,50x20,V2,30,3261.0
ga,tai50_20_02,50x20,MOR,1,3310.0
ga,tai50_20_02,50x20,MOR,2,3281.0
ga,tai50_20_02,50x20,MOR,3,3306.5
ga,tai50_20_02,50x20,MOR,4,3268.5
ga,tai50_20_02,50x20,MOR,5,3300.5
ga,tai50_20_02,50x20,MOR,6,3298.0
ga,tai50_20_02,50x20,MOR,7,3280.0
ga,tai50_20_02,50x20,MOR,8,3262.0
ga,tai50_20_02,50x20,MOR,9,3304.0
ga,tai50_20_02,50x20,MOR,10,3287.5
ga,tai50_20_02,50x20,MOR,11,3298.0
ga,tai50_20_02,50x20,MOR,12,3293.0
ga,tai50_20_02,50x20,MOR,13,3292.0
ga,tai50_20_02,50x20,MOR,14,3279.5
ga,tai50_20_02,50x20,MOR,15,3305.0
ga,tai50_20_02,50x20,MOR,16,3267.5
ga,tai50_20_02,50x20,MOR,17,3317.0
ga,tai50_20_02,50x20,MOR,18,3280.0
ga,tai50_20_02,50x20,MOR,19,3307.5
ga,tai50_20_02,50x20,MOR,20,3286.5
ga,tai50_20_02,50x20,MOR,21,3287.5
ga,tai50_20_02,50x20,MOR,22,3306.0
ga,tai50_20_02,50x20,MOR,23,3298.5
ga,tai50_20_02,50x20,MOR,24,3291.0
ga,tai50_20_02,50x20,MOR,25,3295.0
ga,tai50_20_02,50x20,MOR,26,3286.5
ga,tai50_20_02,50x20,MOR,27,3270.5
ga,tai50_20_02,50x20,MOR,28,3305.0
ga,tai50_20_02,50x20,MOR,29,3290.5
ga,tai50_20_02,50x20,MOR,30,3319.5
ga,tai50_20_02,50x20,GT,1,3141.0
ga,tai50_20_02,50x20,GT,2,3177.5
ga,tai50_20_02,50x20,GT,3,3157.0
ga,tai50_20_02,50x20,GT,4,3145.0
ga,tai50_20_02,50x20,GT,5,3145.5
ga,tai50_20_02,50x20,GT,6,3157.5
ga,tai50_20_02,50x20,GT,7,3159.5
ga,tai50_20_02,50x20,GT,8,3169.0
ga,tai50_20_02,50x20,GT,9,3166.0
ga,tai50_20_02,50x20,GT,10,3165.5
ga,tai50_20_02,50x20,GT,11,3154.0
ga,tai50_20_02,50x20,GT,12,3165.0
ga,tai50_20_02,50x20,GT,13,3171.5
ga,tai50_20_02,50x20,GT,14,3173.0
ga,tai50_20_02,50x20,GT,15,3181.5
ga,tai50_20_02,50x20,GT,16,3140.0
ga,tai50_20_02,50x20,GT,17,3166.0
ga,tai50_20_02,50x20,GT,18,3157.5
ga,tai50_20_02,50x20,GT,19,3178.5
ga,tai50_20_02,50x20,GT,20,3160.0
ga,tai50_20_02,50x20,GT,21,3164.0
ga,tai50_20_02,50x20,GT,22,3182.5
ga,tai50_20_02,50x20,GT,23,3167.0
ga,tai50_20_02,50x20,GT,24,3179.5
ga,tai50_20_02,50x20,GT,25,3182.5
ga,tai50_20_02,50x20,GT,26,3149.0
ga,tai50_20_02,50x20,GT,27,3201.0
ga,tai50_20_02,50x20,GT,28,3194.5
ga,tai50_20_02,50x20,GT,29,3162.5
ga,tai50_20_02,50x20,GT,30,3175.5
ga,tai50_20_02,50x20,GP,1,3188.5
ga,tai50_20_02,50x20,GP,2,3201.5
ga,tai50_20_02,50x20,GP,3,3146.0
ga,tai50_20_02,50x20,GP,4,3157.0
ga,tai50_20_02,50x20,GP,5,3166.0
ga,tai50_20_02,50x20,GP,6,3158.0
ga,tai50_20_02,50x20,GP,7,3178.0
ga,tai50_20_02,50x20,GP,8,3183.0
ga,tai50_20_02,50x20,GP,9,3181.5
ga,tai50_20_02,50x20,GP,10,3186.0
ga,tai50_20_02,50x20,GP,11,3169.0
ga,tai50_20_02,50x20,GP,12,3160.5
ga,tai50_20_02,50x20,GP,13,3194.0
ga,tai50_20_02,50x20,GP,14,3165.5
ga,tai50_20_02,50x20,GP,15,3182.5
ga,tai50_20_02,50x20,GP,16,3178.0
ga,tai50_20_02,50x20,GP,17,3181.0
ga,tai50_20_02,50x20,GP,18,3176.5
ga,tai50_20_02,50x20,GP,19,3152.5
ga,tai50_20_02,50x20,GP,20,3154.0
ga,tai50_20_02,50x20,GP,21,3181.0
ga,tai50_20_02,50x20,GP,22,3207.5
ga,tai50_20_02,50x20,GP,23,3143.0
ga,tai50_20_02,50x20,GP,24,3165.5
ga,tai50_20_02,50x20,GP,25,3166.0
ga,tai50_20_02,50x20,GP,26,3172.0
ga,tai50_20_02,50x20,GP,27,3170.5
ga,tai50_20_02,50x20,GP,28,3174.5
ga,tai50_20_02,50x20,GP,29,3165.0
ga,tai50_20_02,50x20,GP,30,3189.0
ga,tai50_20_02,50x20,MIX,1,3173.0
ga,tai50_20_02,50x20,MIX,2,3184.0
ga,tai50_20_02,50x20,MIX,3,3172.0
ga,tai50_20_02,50x20,MIX,4,3154.0
ga,tai50_20_02,50x20,MIX,5,3162.5
ga,tai50_20_02,50x20,MIX,6,3162.5
ga,tai50_20_02,50x20,MIX,7,3189.5
ga,tai50_20_02,50x20,MIX,8,3182.0
ga,tai50_20_02,50x20,MIX,9,3156.0
ga,tai50_20_02,50x20,MIX,10,3133.0
ga,tai50_20_02,50x20,MIX,11,3154.5
ga,tai50_20_02,50x20,MIX,12,3192.5
ga,tai50_20_02,50x20,MIX,13,3156.5
ga,tai50_20_02,50x20,MIX,14,3175.0
ga,tai50_20_02,50x20,MIX,15,3159.0
ga,tai50_20_02,50x20,MIX,16,3169.5
ga,tai50_20_02,50x20,MIX,17,3181.5
ga,tai50_20_02,50x20,MIX,18,3181.0
ga,tai50_20_02,50x20,MIX,19,3192.0
ga,tai50_20_02,50x20,MIX,20,3175.5
ga,tai50_20_02,50x20,MIX,21,3185.5
ga,tai50_20_02,50x20,MIX,22,3184.5
ga,tai50_20_02,50x20,MIX,23,3160.0
ga,tai50_20_02,50x20,MIX,24,3150.0
ga,tai50_20_02,50x20,MIX,25,3170.5
ga,tai50_20_02,50x20,MIX,26,3168.0
ga,tai50_20_02,50x20,MIX,27,3192.0
ga,tai50_20_02,50x20,MIX,28,3174.5
ga,tai50_20_02,50x20,MIX,29,3135.5
ga,tai50_20_02,50x20,MIX,30,3138.0
ga,tai50_20_03,50x20,A0,1,3000.5
ga,tai50_20_03,50x20,A0,2,3014.0
ga,tai50_20_03,50x20,A0,3,2998.0
ga,tai50_20_03,50x20,A0,4,2992.0
ga,tai50_20_03,50x20,A0,5,2970.0
ga,tai50_20_03,50x20,A0,6,2980.5
ga,tai50_20_03,50x20,A0,7,2995.5
ga,tai50_20_03,50x20,A0,8,2959.5
ga,tai50_20_03,50x20,A0,9,3002.0
ga,tai50_20_03,50x20,A0,10,2989.0
ga,tai50_20_03,50x20,A0,11,2988.0
ga,tai50_20_03,50x20,A0,12,2964.5
ga,tai50_20_03,50x20,A0,13,2998.5
ga,tai50_20_03,50x20,A0,14,2989.5
ga,tai50_20_03,50x20,A0,15,2985.0
ga,tai50_20_03,50x20,A0,16,2998.0
ga,tai50_20_03,50x20,A0,17,2995.5
ga,tai50_20_03,50x20,A0,18,2987.5
ga,tai50_20_03,50x20,A0,19,2974.0
ga,tai50_20_03,50x20,A0,20,2991.0
ga,tai50_20_03,50x20,A0,21,2995.0
ga,tai50_20_03,50x20,A0,22,2954.0
ga,tai50_20_03,50x20,A0,23,2975.0
ga,tai50_20_03,50x20,A0,24,2995.5
ga,tai50_20_03,50x20,A0,25,3021.0
ga,tai50_20_03,50x20,A0,26,3008.0
ga,tai50_20_03,50x20,A0,27,3025.0
ga,tai50_20_03,50x20,A0,28,2972.5
ga,tai50_20_03,50x20,A0,29,2997.5
ga,tai50_20_03,50x20,A0,30,3017.5
ga,tai50_20_03,50x20,V2H,1,2978.5
ga,tai50_20_03,50x20,V2H,2,3006.0
ga,tai50_20_03,50x20,V2H,3,2987.5
ga,tai50_20_03,50x20,V2H,4,2996.0
ga,tai50_20_03,50x20,V2H,5,2980.5
ga,tai50_20_03,50x20,V2H,6,2976.5
ga,tai50_20_03,50x20,V2H,7,3023.0
ga,tai50_20_03,50x20,V2H,8,3005.0
ga,tai50_20_03,50x20,V2H,9,2983.5
ga,tai50_20_03,50x20,V2H,10,2996.0
ga,tai50_20_03,50x20,V2H,11,3038.5
ga,tai50_20_03,50x20,V2H,12,3002.5
ga,tai50_20_03,50x20,V2H,13,3005.5
ga,tai50_20_03,50x20,V2H,14,3017.0
ga,tai50_20_03,50x20,V2H,15,3039.0
ga,tai50_20_03,50x20,V2H,16,3035.5
ga,tai50_20_03,50x20,V2H,17,3001.5
ga,tai50_20_03,50x20,V2H,18,2974.5
ga,tai50_20_03,50x20,V2H,19,3027.5
ga,tai50_20_03,50x20,V2H,20,3009.0
ga,tai50_20_03,50x20,V2H,21,3010.5
ga,tai50_20_03,50x20,V2H,22,3019.5
ga,tai50_20_03,50x20,V2H,23,3046.0
ga,tai50_20_03,50x20,V2H,24,3030.5
ga,tai50_20_03,50x20,V2H,25,2966.5
ga,tai50_20_03,50x20,V2H,26,3005.0
ga,tai50_20_03,50x20,V2H,27,2978.5
ga,tai50_20_03,50x20,V2H,28,3030.0
ga,tai50_20_03,50x20,V2H,29,3008.0
ga,tai50_20_03,50x20,V2H,30,2999.0
ga,tai50_20_03,50x20,V2,1,2981.5
ga,tai50_20_03,50x20,V2,2,3008.5
ga,tai50_20_03,50x20,V2,3,3040.0
ga,tai50_20_03,50x20,V2,4,3062.5
ga,tai50_20_03,50x20,V2,5,3020.0
ga,tai50_20_03,50x20,V2,6,3015.5
ga,tai50_20_03,50x20,V2,7,3060.0
ga,tai50_20_03,50x20,V2,8,3059.0
ga,tai50_20_03,50x20,V2,9,3023.5
ga,tai50_20_03,50x20,V2,10,3021.5
ga,tai50_20_03,50x20,V2,11,3052.0
ga,tai50_20_03,50x20,V2,12,3092.5
ga,tai50_20_03,50x20,V2,13,3009.0
ga,tai50_20_03,50x20,V2,14,2994.0
ga,tai50_20_03,50x20,V2,15,3028.5
ga,tai50_20_03,50x20,V2,16,3017.5
ga,tai50_20_03,50x20,V2,17,2999.0
ga,tai50_20_03,50x20,V2,18,3030.5
ga,tai50_20_03,50x20,V2,19,3036.5
ga,tai50_20_03,50x20,V2,20,3004.0
ga,tai50_20_03,50x20,V2,21,3022.5
ga,tai50_20_03,50x20,V2,22,3010.5
ga,tai50_20_03,50x20,V2,23,3028.5
ga,tai50_20_03,50x20,V2,24,3061.5
ga,tai50_20_03,50x20,V2,25,3030.0
ga,tai50_20_03,50x20,V2,26,3039.5
ga,tai50_20_03,50x20,V2,27,3047.5
ga,tai50_20_03,50x20,V2,28,3020.5
ga,tai50_20_03,50x20,V2,29,3055.0
ga,tai50_20_03,50x20,V2,30,3020.5
ga,tai50_20_03,50x20,MOR,1,3031.0
ga,tai50_20_03,50x20,MOR,2,3018.0
ga,tai50_20_03,50x20,MOR,3,3016.5
ga,tai50_20_03,50x20,MOR,4,3010.0
ga,tai50_20_03,50x20,MOR,5,3026.5
ga,tai50_20_03,50x20,MOR,6,3016.5
ga,tai50_20_03,50x20,MOR,7,3037.5
ga,tai50_20_03,50x20,MOR,8,3043.5
ga,tai50_20_03,50x20,MOR,9,3042.0
ga,tai50_20_03,50x20,MOR,10,3025.5
ga,tai50_20_03,50x20,MOR,11,3031.0
ga,tai50_20_03,50x20,MOR,12,3010.5
ga,tai50_20_03,50x20,MOR,13,3013.5
ga,tai50_20_03,50x20,MOR,14,3015.5
ga,tai50_20_03,50x20,MOR,15,3032.0
ga,tai50_20_03,50x20,MOR,16,3017.0
ga,tai50_20_03,50x20,MOR,17,3014.5
ga,tai50_20_03,50x20,MOR,18,3050.5
ga,tai50_20_03,50x20,MOR,19,3023.0
ga,tai50_20_03,50x20,MOR,20,3023.5
ga,tai50_20_03,50x20,MOR,21,3044.5
ga,tai50_20_03,50x20,MOR,22,3009.0
ga,tai50_20_03,50x20,MOR,23,3013.0
ga,tai50_20_03,50x20,MOR,24,3036.5
ga,tai50_20_03,50x20,MOR,25,3038.5
ga,tai50_20_03,50x20,MOR,26,3006.0
ga,tai50_20_03,50x20,MOR,27,3026.0
ga,tai50_20_03,50x20,MOR,28,3033.0
ga,tai50_20_03,50x20,MOR,29,3027.0
ga,tai50_20_03,50x20,MOR,30,3007.5
ga,tai50_20_03,50x20,GT,1,3008.5
ga,tai50_20_03,50x20,GT,2,2980.5
ga,tai50_20_03,50x20,GT,3,2945.0
ga,tai50_20_03,50x20,GT,4,2958.5
ga,tai50_20_03,50x20,GT,5,3009.5
ga,tai50_20_03,50x20,GT,6,3002.0
ga,tai50_20_03,50x20,GT,7,2991.5
ga,tai50_20_03,50x20,GT,8,3009.0
ga,tai50_20_03,50x20,GT,9,2978.0
ga,tai50_20_03,50x20,GT,10,2984.5
ga,tai50_20_03,50x20,GT,11,2994.0
ga,tai50_20_03,50x20,GT,12,2981.5
ga,tai50_20_03,50x20,GT,13,3007.0
ga,tai50_20_03,50x20,GT,14,2988.0
ga,tai50_20_03,50x20,GT,15,2998.0
ga,tai50_20_03,50x20,GT,16,2965.0
ga,tai50_20_03,50x20,GT,17,2981.5
ga,tai50_20_03,50x20,GT,18,3001.5
ga,tai50_20_03,50x20,GT,19,2972.0
ga,tai50_20_03,50x20,GT,20,3022.5
ga,tai50_20_03,50x20,GT,21,2993.5
ga,tai50_20_03,50x20,GT,22,2981.5
ga,tai50_20_03,50x20,GT,23,2989.0
ga,tai50_20_03,50x20,GT,24,2999.5
ga,tai50_20_03,50x20,GT,25,2980.5
ga,tai50_20_03,50x20,GT,26,2985.5
ga,tai50_20_03,50x20,GT,27,3031.0
ga,tai50_20_03,50x20,GT,28,2980.0
ga,tai50_20_03,50x20,GT,29,2991.0
ga,tai50_20_03,50x20,GT,30,2986.0
ga,tai50_20_03,50x20,GP,1,2994.0
ga,tai50_20_03,50x20,GP,2,2995.5
ga,tai50_20_03,50x20,GP,3,2994.0
ga,tai50_20_03,50x20,GP,4,2979.0
ga,tai50_20_03,50x20,GP,5,2999.0
ga,tai50_20_03,50x20,GP,6,2972.5
ga,tai50_20_03,50x20,GP,7,2960.0
ga,tai50_20_03,50x20,GP,8,3003.5
ga,tai50_20_03,50x20,GP,9,2993.0
ga,tai50_20_03,50x20,GP,10,3008.0
ga,tai50_20_03,50x20,GP,11,3013.5
ga,tai50_20_03,50x20,GP,12,2997.5
ga,tai50_20_03,50x20,GP,13,3009.0
ga,tai50_20_03,50x20,GP,14,2976.0
ga,tai50_20_03,50x20,GP,15,3023.0
ga,tai50_20_03,50x20,GP,16,2980.0
ga,tai50_20_03,50x20,GP,17,3002.0
ga,tai50_20_03,50x20,GP,18,3003.5
ga,tai50_20_03,50x20,GP,19,2986.5
ga,tai50_20_03,50x20,GP,20,3004.5
ga,tai50_20_03,50x20,GP,21,2987.5
ga,tai50_20_03,50x20,GP,22,2988.0
ga,tai50_20_03,50x20,GP,23,2976.0
ga,tai50_20_03,50x20,GP,24,2986.0
ga,tai50_20_03,50x20,GP,25,2987.5
ga,tai50_20_03,50x20,GP,26,2988.5
ga,tai50_20_03,50x20,GP,27,3007.5
ga,tai50_20_03,50x20,GP,28,3003.0
ga,tai50_20_03,50x20,GP,29,3020.0
ga,tai50_20_03,50x20,GP,30,3004.0
ga,tai50_20_03,50x20,MIX,1,3011.0
ga,tai50_20_03,50x20,MIX,2,3002.0
ga,tai50_20_03,50x20,MIX,3,2995.0
ga,tai50_20_03,50x20,MIX,4,2987.0
ga,tai50_20_03,50x20,MIX,5,2972.5
ga,tai50_20_03,50x20,MIX,6,2980.0
ga,tai50_20_03,50x20,MIX,7,2988.0
ga,tai50_20_03,50x20,MIX,8,2981.0
ga,tai50_20_03,50x20,MIX,9,2971.5
ga,tai50_20_03,50x20,MIX,10,2987.0
ga,tai50_20_03,50x20,MIX,11,2976.5
ga,tai50_20_03,50x20,MIX,12,2963.5
ga,tai50_20_03,50x20,MIX,13,2985.0
ga,tai50_20_03,50x20,MIX,14,2965.5
ga,tai50_20_03,50x20,MIX,15,2970.0
ga,tai50_20_03,50x20,MIX,16,2989.5
ga,tai50_20_03,50x20,MIX,17,2958.5
ga,tai50_20_03,50x20,MIX,18,2984.0
ga,tai50_20_03,50x20,MIX,19,2990.5
ga,tai50_20_03,50x20,MIX,20,2981.5
ga,tai50_20_03,50x20,MIX,21,2957.0
ga,tai50_20_03,50x20,MIX,22,2967.5
ga,tai50_20_03,50x20,MIX,23,2985.5
ga,tai50_20_03,50x20,MIX,24,3000.0
ga,tai50_20_03,50x20,MIX,25,2988.5
ga,tai50_20_03,50x20,MIX,26,2986.5
ga,tai50_20_03,50x20,MIX,27,2977.5
ga,tai50_20_03,50x20,MIX,28,3008.0
ga,tai50_20_03,50x20,MIX,29,2998.5
ga,tai50_20_03,50x20,MIX,30,3004.5
ga,tai50_20_04,50x20,A0,1,2945.0
ga,tai50_20_04,50x20,A0,2,2924.0
ga,tai50_20_04,50x20,A0,3,2933.5
ga,tai50_20_04,50x20,A0,4,2951.5
ga,tai50_20_04,50x20,A0,5,2919.5
ga,tai50_20_04,50x20,A0,6,2936.0
ga,tai50_20_04,50x20,A0,7,2938.5
ga,tai50_20_04,50x20,A0,8,2923.0
ga,tai50_20_04,50x20,A0,9,2934.0
ga,tai50_20_04,50x20,A0,10,2934.5
ga,tai50_20_04,50x20,A0,11,2955.5
ga,tai50_20_04,50x20,A0,12,2946.5
ga,tai50_20_04,50x20,A0,13,2930.0
ga,tai50_20_04,50x20,A0,14,2919.5
ga,tai50_20_04,50x20,A0,15,2956.5
ga,tai50_20_04,50x20,A0,16,2934.5
ga,tai50_20_04,50x20,A0,17,2924.0
ga,tai50_20_04,50x20,A0,18,2938.5
ga,tai50_20_04,50x20,A0,19,2930.5
ga,tai50_20_04,50x20,A0,20,2937.0
ga,tai50_20_04,50x20,A0,21,2937.5
ga,tai50_20_04,50x20,A0,22,2934.0
ga,tai50_20_04,50x20,A0,23,2937.0
ga,tai50_20_04,50x20,A0,24,2925.5
ga,tai50_20_04,50x20,A0,25,2925.5
ga,tai50_20_04,50x20,A0,26,2962.5
ga,tai50_20_04,50x20,A0,27,2932.5
ga,tai50_20_04,50x20,A0,28,2957.5
ga,tai50_20_04,50x20,A0,29,2917.5
ga,tai50_20_04,50x20,A0,30,2941.5
ga,tai50_20_04,50x20,V2H,1,3012.0
ga,tai50_20_04,50x20,V2H,2,2998.5
ga,tai50_20_04,50x20,V2H,3,2974.5
ga,tai50_20_04,50x20,V2H,4,3000.0
ga,tai50_20_04,50x20,V2H,5,2952.5
ga,tai50_20_04,50x20,V2H,6,3031.0
ga,tai50_20_04,50x20,V2H,7,2994.5
ga,tai50_20_04,50x20,V2H,8,2987.5
ga,tai50_20_04,50x20,V2H,9,2951.0
ga,tai50_20_04,50x20,V2H,10,2964.0
ga,tai50_20_04,50x20,V2H,11,2954.0
ga,tai50_20_04,50x20,V2H,12,2995.5
ga,tai50_20_04,50x20,V2H,13,2970.5
ga,tai50_20_04,50x20,V2H,14,3009.0
ga,tai50_20_04,50x20,V2H,15,3005.0
ga,tai50_20_04,50x20,V2H,16,3021.5
ga,tai50_20_04,50x20,V2H,17,3012.0
ga,tai50_20_04,50x20,V2H,18,3004.0
ga,tai50_20_04,50x20,V2H,19,2970.0
ga,tai50_20_04,50x20,V2H,20,2969.5
ga,tai50_20_04,50x20,V2H,21,2986.5
ga,tai50_20_04,50x20,V2H,22,2979.5
ga,tai50_20_04,50x20,V2H,23,3004.5
ga,tai50_20_04,50x20,V2H,24,2990.0
ga,tai50_20_04,50x20,V2H,25,2991.0
ga,tai50_20_04,50x20,V2H,26,3000.5
ga,tai50_20_04,50x20,V2H,27,2963.5
ga,tai50_20_04,50x20,V2H,28,2953.5
ga,tai50_20_04,50x20,V2H,29,2973.0
ga,tai50_20_04,50x20,V2H,30,2987.5
ga,tai50_20_04,50x20,V2,1,3012.0
ga,tai50_20_04,50x20,V2,2,2981.5
ga,tai50_20_04,50x20,V2,3,3028.5
ga,tai50_20_04,50x20,V2,4,3045.5
ga,tai50_20_04,50x20,V2,5,3012.0
ga,tai50_20_04,50x20,V2,6,2984.5
ga,tai50_20_04,50x20,V2,7,3043.0
ga,tai50_20_04,50x20,V2,8,3036.5
ga,tai50_20_04,50x20,V2,9,3012.0
ga,tai50_20_04,50x20,V2,10,3017.0
ga,tai50_20_04,50x20,V2,11,3039.0
ga,tai50_20_04,50x20,V2,12,3049.0
ga,tai50_20_04,50x20,V2,13,3012.0
ga,tai50_20_04,50x20,V2,14,2989.5
ga,tai50_20_04,50x20,V2,15,3016.0
ga,tai50_20_04,50x20,V2,16,3009.0
ga,tai50_20_04,50x20,V2,17,3012.0
ga,tai50_20_04,50x20,V2,18,3004.5
ga,tai50_20_04,50x20,V2,19,2989.0
ga,tai50_20_04,50x20,V2,20,3030.0
ga,tai50_20_04,50x20,V2,21,2999.0
ga,tai50_20_04,50x20,V2,22,3017.0
ga,tai50_20_04,50x20,V2,23,3025.0
ga,tai50_20_04,50x20,V2,24,3056.5
ga,tai50_20_04,50x20,V2,25,3012.0
ga,tai50_20_04,50x20,V2,26,3017.0
ga,tai50_20_04,50x20,V2,27,2999.5
ga,tai50_20_04,50x20,V2,28,3039.0
ga,tai50_20_04,50x20,V2,29,3012.0
ga,tai50_20_04,50x20,V2,30,3017.0
ga,tai50_20_04,50x20,MOR,1,2957.0
ga,tai50_20_04,50x20,MOR,2,2981.0
ga,tai50_20_04,50x20,MOR,3,2991.0
ga,tai50_20_04,50x20,MOR,4,2959.0
ga,tai50_20_04,50x20,MOR,5,2955.5
ga,tai50_20_04,50x20,MOR,6,2955.5
ga,tai50_20_04,50x20,MOR,7,2985.0
ga,tai50_20_04,50x20,MOR,8,2957.0
ga,tai50_20_04,50x20,MOR,9,2985.5
ga,tai50_20_04,50x20,MOR,10,2977.5
ga,tai50_20_04,50x20,MOR,11,2986.0
ga,tai50_20_04,50x20,MOR,12,2954.0
ga,tai50_20_04,50x20,MOR,13,2982.5
ga,tai50_20_04,50x20,MOR,14,2974.5
ga,tai50_20_04,50x20,MOR,15,2972.0
ga,tai50_20_04,50x20,MOR,16,2984.0
ga,tai50_20_04,50x20,MOR,17,2949.0
ga,tai50_20_04,50x20,MOR,18,2972.5
ga,tai50_20_04,50x20,MOR,19,2978.5
ga,tai50_20_04,50x20,MOR,20,2962.5
ga,tai50_20_04,50x20,MOR,21,2997.5
ga,tai50_20_04,50x20,MOR,22,2970.0
ga,tai50_20_04,50x20,MOR,23,2955.5
ga,tai50_20_04,50x20,MOR,24,2962.0
ga,tai50_20_04,50x20,MOR,25,2943.0
ga,tai50_20_04,50x20,MOR,26,2992.0
ga,tai50_20_04,50x20,MOR,27,2972.0
ga,tai50_20_04,50x20,MOR,28,2977.0
ga,tai50_20_04,50x20,MOR,29,2944.5
ga,tai50_20_04,50x20,MOR,30,2979.5
ga,tai50_20_04,50x20,GT,1,2915.0
ga,tai50_20_04,50x20,GT,2,2975.0
ga,tai50_20_04,50x20,GT,3,2949.5
ga,tai50_20_04,50x20,GT,4,2967.5
ga,tai50_20_04,50x20,GT,5,2984.5
ga,tai50_20_04,50x20,GT,6,2981.0
ga,tai50_20_04,50x20,GT,7,2969.5
ga,tai50_20_04,50x20,GT,8,2990.0
ga,tai50_20_04,50x20,GT,9,2983.0
ga,tai50_20_04,50x20,GT,10,2974.5
ga,tai50_20_04,50x20,GT,11,2974.0
ga,tai50_20_04,50x20,GT,12,2973.0
ga,tai50_20_04,50x20,GT,13,2943.5
ga,tai50_20_04,50x20,GT,14,2981.0
ga,tai50_20_04,50x20,GT,15,2977.0
ga,tai50_20_04,50x20,GT,16,2951.0
ga,tai50_20_04,50x20,GT,17,2968.0
ga,tai50_20_04,50x20,GT,18,2979.0
ga,tai50_20_04,50x20,GT,19,3012.5
ga,tai50_20_04,50x20,GT,20,2984.0
ga,tai50_20_04,50x20,GT,21,2961.0
ga,tai50_20_04,50x20,GT,22,2968.0
ga,tai50_20_04,50x20,GT,23,2971.5
ga,tai50_20_04,50x20,GT,24,2955.5
ga,tai50_20_04,50x20,GT,25,2963.5
ga,tai50_20_04,50x20,GT,26,2976.5
ga,tai50_20_04,50x20,GT,27,2967.0
ga,tai50_20_04,50x20,GT,28,2965.5
ga,tai50_20_04,50x20,GT,29,2950.5
ga,tai50_20_04,50x20,GT,30,2973.5
ga,tai50_20_04,50x20,GP,1,2981.0
ga,tai50_20_04,50x20,GP,2,2958.0
ga,tai50_20_04,50x20,GP,3,2958.5
ga,tai50_20_04,50x20,GP,4,2953.5
ga,tai50_20_04,50x20,GP,5,2986.0
ga,tai50_20_04,50x20,GP,6,2997.0
ga,tai50_20_04,50x20,GP,7,2977.0
ga,tai50_20_04,50x20,GP,8,2967.0
ga,tai50_20_04,50x20,GP,9,2954.0
ga,tai50_20_04,50x20,GP,10,2981.0
ga,tai50_20_04,50x20,GP,11,2981.0
ga,tai50_20_04,50x20,GP,12,2969.5
ga,tai50_20_04,50x20,GP,13,2951.0
ga,tai50_20_04,50x20,GP,14,2959.0
ga,tai50_20_04,50x20,GP,15,2969.0
ga,tai50_20_04,50x20,GP,16,2984.0
ga,tai50_20_04,50x20,GP,17,2984.0
ga,tai50_20_04,50x20,GP,18,2997.5
ga,tai50_20_04,50x20,GP,19,2988.0
ga,tai50_20_04,50x20,GP,20,2976.0
ga,tai50_20_04,50x20,GP,21,2994.5
ga,tai50_20_04,50x20,GP,22,2968.5
ga,tai50_20_04,50x20,GP,23,2975.5
ga,tai50_20_04,50x20,GP,24,2953.0
ga,tai50_20_04,50x20,GP,25,2987.0
ga,tai50_20_04,50x20,GP,26,2967.5
ga,tai50_20_04,50x20,GP,27,2985.5
ga,tai50_20_04,50x20,GP,28,2977.5
ga,tai50_20_04,50x20,GP,29,2956.0
ga,tai50_20_04,50x20,GP,30,3001.5
ga,tai50_20_04,50x20,MIX,1,2983.5
ga,tai50_20_04,50x20,MIX,2,2996.5
ga,tai50_20_04,50x20,MIX,3,2934.5
ga,tai50_20_04,50x20,MIX,4,3012.5
ga,tai50_20_04,50x20,MIX,5,2996.0
ga,tai50_20_04,50x20,MIX,6,2981.5
ga,tai50_20_04,50x20,MIX,7,2986.0
ga,tai50_20_04,50x20,MIX,8,3017.0
ga,tai50_20_04,50x20,MIX,9,3006.0
ga,tai50_20_04,50x20,MIX,10,2949.5
ga,tai50_20_04,50x20,MIX,11,3003.0
ga,tai50_20_04,50x20,MIX,12,2965.5
ga,tai50_20_04,50x20,MIX,13,2966.0
ga,tai50_20_04,50x20,MIX,14,2995.0
ga,tai50_20_04,50x20,MIX,15,2949.0
ga,tai50_20_04,50x20,MIX,16,2996.0
ga,tai50_20_04,50x20,MIX,17,2975.0
ga,tai50_20_04,50x20,MIX,18,2996.0
ga,tai50_20_04,50x20,MIX,19,2949.5
ga,tai50_20_04,50x20,MIX,20,2987.0
ga,tai50_20_04,50x20,MIX,21,2980.0
ga,tai50_20_04,50x20,MIX,22,2996.0
ga,tai50_20_04,50x20,MIX,23,2950.5
ga,tai50_20_04,50x20,MIX,24,2981.0
ga,tai50_20_04,50x20,MIX,25,2989.5
ga,tai50_20_04,50x20,MIX,26,2996.0
ga,tai50_20_04,50x20,MIX,27,2981.5
ga,tai50_20_04,50x20,MIX,28,3007.0
ga,tai50_20_04,50x20,MIX,29,2975.5
ga,tai50_20_04,50x20,MIX,30,2982.0
ga,tai50_20_05,50x20,A0,1,3006.0
ga,tai50_20_05,50x20,A0,2,3043.0
ga,tai50_20_05,50x20,A0,3,3066.0
ga,tai50_20_05,50x20,A0,4,3016.0
ga,tai50_20_05,50x20,A0,5,3023.5
ga,tai50_20_05,50x20,A0,6,3054.5
ga,tai50_20_05,50x20,A0,7,3029.5
ga,tai50_20_05,50x20,A0,8,3004.0
ga,tai50_20_05,50x20,A0,9,3052.5
ga,tai50_20_05,50x20,A0,10,3007.0
ga,tai50_20_05,50x20,A0,11,3054.0
ga,tai50_20_05,50x20,A0,12,3013.0
ga,tai50_20_05,50x20,A0,13,3036.5
ga,tai50_20_05,50x20,A0,14,3022.5
ga,tai50_20_05,50x20,A0,15,3032.0
ga,tai50_20_05,50x20,A0,16,3063.5
ga,tai50_20_05,50x20,A0,17,3050.0
ga,tai50_20_05,50x20,A0,18,3036.5
ga,tai50_20_05,50x20,A0,19,3032.0
ga,tai50_20_05,50x20,A0,20,3020.0
ga,tai50_20_05,50x20,A0,21,3041.0
ga,tai50_20_05,50x20,A0,22,3036.0
ga,tai50_20_05,50x20,A0,23,3028.0
ga,tai50_20_05,50x20,A0,24,3065.5
ga,tai50_20_05,50x20,A0,25,3038.5
ga,tai50_20_05,50x20,A0,26,3035.5
ga,tai50_20_05,50x20,A0,27,3069.0
ga,tai50_20_05,50x20,A0,28,3054.0
ga,tai50_20_05,50x20,A0,29,3063.5
ga,tai50_20_05,50x20,A0,30,3044.0
ga,tai50_20_05,50x20,V2H,1,3003.5
ga,tai50_20_05,50x20,V2H,2,3041.5
ga,tai50_20_05,50x20,V2H,3,3013.0
ga,tai50_20_05,50x20,V2H,4,3030.0
ga,tai50_20_05,50x20,V2H,5,3037.5
ga,tai50_20_05,50x20,V2H,6,3025.5
ga,tai50_20_05,50x20,V2H,7,3071.5
ga,tai50_20_05,50x20,V2H,8,3021.5
ga,tai50_20_05,50x20,V2H,9,3037.0
ga,tai50_20_05,50x20,V2H,10,3010.0
ga,tai50_20_05,50x20,V2H,11,3007.0
ga,tai50_20_05,50x20,V2H,12,3021.0
ga,tai50_20_05,50x20,V2H,13,3006.0
ga,tai50_20_05,50x20,V2H,14,3022.5
ga,tai50_20_05,50x20,V2H,15,3023.5
ga,tai50_20_05,50x20,V2H,16,3022.0
ga,tai50_20_05,50x20,V2H,17,3028.0
ga,tai50_20_05,50x20,V2H,18,3008.5
ga,tai50_20_05,50x20,V2H,19,2982.0
ga,tai50_20_05,50x20,V2H,20,3039.0
ga,tai50_20_05,50x20,V2H,21,3038.5
ga,tai50_20_05,50x20,V2H,22,3029.5
ga,tai50_20_05,50x20,V2H,23,3074.5
ga,tai50_20_05,50x20,V2H,24,3036.5
ga,tai50_20_05,50x20,V2H,25,3019.5
ga,tai50_20_05,50x20,V2H,26,3047.0
ga,tai50_20_05,50x20,V2H,27,3008.0
ga,tai50_20_05,50x20,V2H,28,3003.0
ga,tai50_20_05,50x20,V2H,29,3057.0
ga,tai50_20_05,50x20,V2H,30,3023.0
ga,tai50_20_05,50x20,V2,1,2987.0
ga,tai50_20_05,50x20,V2,2,3031.0
ga,tai50_20_05,50x20,V2,3,3018.0
ga,tai50_20_05,50x20,V2,4,3012.5
ga,tai50_20_05,50x20,V2,5,3017.0
ga,tai50_20_05,50x20,V2,6,3037.0
ga,tai50_20_05,50x20,V2,7,3016.0
ga,tai50_20_05,50x20,V2,8,3022.0
ga,tai50_20_05,50x20,V2,9,3047.5
ga,tai50_20_05,50x20,V2,10,3014.0
ga,tai50_20_05,50x20,V2,11,3055.5
ga,tai50_20_05,50x20,V2,12,3008.5
ga,tai50_20_05,50x20,V2,13,3005.0
ga,tai50_20_05,50x20,V2,14,3040.5
ga,tai50_20_05,50x20,V2,15,3033.0
ga,tai50_20_05,50x20,V2,16,3044.0
ga,tai50_20_05,50x20,V2,17,3025.0
ga,tai50_20_05,50x20,V2,18,3020.0
ga,tai50_20_05,50x20,V2,19,3001.5
ga,tai50_20_05,50x20,V2,20,3008.0
ga,tai50_20_05,50x20,V2,21,3075.5
ga,tai50_20_05,50x20,V2,22,2994.5
ga,tai50_20_05,50x20,V2,23,3065.5
ga,tai50_20_05,50x20,V2,24,3065.0
ga,tai50_20_05,50x20,V2,25,3036.5
ga,tai50_20_05,50x20,V2,26,3041.0
ga,tai50_20_05,50x20,V2,27,3005.0
ga,tai50_20_05,50x20,V2,28,3050.0
ga,tai50_20_05,50x20,V2,29,3047.5
ga,tai50_20_05,50x20,V2,30,3052.0
ga,tai50_20_05,50x20,MOR,1,3063.0
ga,tai50_20_05,50x20,MOR,2,3102.5
ga,tai50_20_05,50x20,MOR,3,3071.5
ga,tai50_20_05,50x20,MOR,4,3080.0
ga,tai50_20_05,50x20,MOR,5,3106.0
ga,tai50_20_05,50x20,MOR,6,3080.5
ga,tai50_20_05,50x20,MOR,7,3072.5
ga,tai50_20_05,50x20,MOR,8,3103.5
ga,tai50_20_05,50x20,MOR,9,3090.0
ga,tai50_20_05,50x20,MOR,10,3097.0
ga,tai50_20_05,50x20,MOR,11,3097.0
ga,tai50_20_05,50x20,MOR,12,3088.5
ga,tai50_20_05,50x20,MOR,13,3080.5
ga,tai50_20_05,50x20,MOR,14,3105.0
ga,tai50_20_05,50x20,MOR,15,3111.5
ga,tai50_20_05,50x20,MOR,16,3085.5
ga,tai50_20_05,50x20,MOR,17,3077.0
ga,tai50_20_05,50x20,MOR,18,3059.5
ga,tai50_20_05,50x20,MOR,19,3077.5
ga,tai50_20_05,50x20,MOR,20,3062.5
ga,tai50_20_05,50x20,MOR,21,3080.0
ga,tai50_20_05,50x20,MOR,22,3075.0
ga,tai50_20_05,50x20,MOR,23,3100.5
ga,tai50_20_05,50x20,MOR,24,3094.0
ga,tai50_20_05,50x20,MOR,25,3125.0
ga,tai50_20_05,50x20,MOR,26,3119.5
ga,tai50_20_05,50x20,MOR,27,3083.5
ga,tai50_20_05,50x20,MOR,28,3047.5
ga,tai50_20_05,50x20,MOR,29,3096.5
ga,tai50_20_05,50x20,MOR,30,3087.0
ga,tai50_20_05,50x20,GT,1,3057.5
ga,tai50_20_05,50x20,GT,2,3067.0
ga,tai50_20_05,50x20,GT,3,3073.0
ga,tai50_20_05,50x20,GT,4,3042.5
ga,tai50_20_05,50x20,GT,5,3072.0
ga,tai50_20_05,50x20,GT,6,3070.0
ga,tai50_20_05,50x20,GT,7,3080.5
ga,tai50_20_05,50x20,GT,8,3062.5
ga,tai50_20_05,50x20,GT,9,3026.5
ga,tai50_20_05,50x20,GT,10,3056.0
ga,tai50_20_05,50x20,GT,11,3056.0
ga,tai50_20_05,50x20,GT,12,3066.0
ga,tai50_20_05,50x20,GT,13,3094.5
ga,tai50_20_05,50x20,GT,14,3066.0
ga,tai50_20_05,50x20,GT,15,3032.5
ga,tai50_20_05,50x20,GT,16,3081.5
ga,tai50_20_05,50x20,GT,17,3041.5
ga,tai50_20_05,50x20,GT,18,3087.5
ga,tai50_20_05,50x20,GT,19,3079.5
ga,tai50_20_05,50x20,GT,20,3085.0
ga,tai50_20_05,50x20,GT,21,3049.0
ga,tai50_20_05,50x20,GT,22,3090.0
ga,tai50_20_05,50x20,GT,23,3071.5
ga,tai50_20_05,50x20,GT,24,3097.5
ga,tai50_20_05,50x20,GT,25,3078.5
ga,tai50_20_05,50x20,GT,26,3061.5
ga,tai50_20_05,50x20,GT,27,3084.0
ga,tai50_20_05,50x20,GT,28,3091.5
ga,tai50_20_05,50x20,GT,29,3063.5
ga,tai50_20_05,50x20,GT,30,3066.5
ga,tai50_20_05,50x20,GP,1,3087.5
ga,tai50_20_05,50x20,GP,2,3053.5
ga,tai50_20_05,50x20,GP,3,3059.5
ga,tai50_20_05,50x20,GP,4,3094.5
ga,tai50_20_05,50x20,GP,5,3065.5
ga,tai50_20_05,50x20,GP,6,3072.0
ga,tai50_20_05,50x20,GP,7,3057.5
ga,tai50_20_05,50x20,GP,8,3066.0
ga,tai50_20_05,50x20,GP,9,3061.5
ga,tai50_20_05,50x20,GP,10,3040.5
ga,tai50_20_05,50x20,GP,11,3092.0
ga,tai50_20_05,50x20,GP,12,3026.0
ga,tai50_20_05,50x20,GP,13,3041.5
ga,tai50_20_05,50x20,GP,14,3074.5
ga,tai50_20_05,50x20,GP,15,3084.0
ga,tai50_20_05,50x20,GP,16,3062.0
ga,tai50_20_05,50x20,GP,17,3083.0
ga,tai50_20_05,50x20,GP,18,3058.5
ga,tai50_20_05,50x20,GP,19,3073.0
ga,tai50_20_05,50x20,GP,20,3046.5
ga,tai50_20_05,50x20,GP,21,3057.5
ga,tai50_20_05,50x20,GP,22,3098.0
ga,tai50_20_05,50x20,GP,23,3060.5
ga,tai50_20_05,50x20,GP,24,3034.5
ga,tai50_20_05,50x20,GP,25,3058.0
ga,tai50_20_05,50x20,GP,26,3059.0
ga,tai50_20_05,50x20,GP,27,3056.5
ga,tai50_20_05,50x20,GP,28,3061.5
ga,tai50_20_05,50x20,GP,29,3070.0
ga,tai50_20_05,50x20,GP,30,3052.0
ga,tai50_20_05,50x20,MIX,1,3018.0
ga,tai50_20_05,50x20,MIX,2,3014.5
ga,tai50_20_05,50x20,MIX,3,3021.5
ga,tai50_20_05,50x20,MIX,4,3021.0
ga,tai50_20_05,50x20,MIX,5,3022.5
ga,tai50_20_05,50x20,MIX,6,3051.5
ga,tai50_20_05,50x20,MIX,7,3041.0
ga,tai50_20_05,50x20,MIX,8,2989.5
ga,tai50_20_05,50x20,MIX,9,3024.5
ga,tai50_20_05,50x20,MIX,10,3036.0
ga,tai50_20_05,50x20,MIX,11,3062.0
ga,tai50_20_05,50x20,MIX,12,3012.5
ga,tai50_20_05,50x20,MIX,13,3016.5
ga,tai50_20_05,50x20,MIX,14,3020.0
ga,tai50_20_05,50x20,MIX,15,3026.0
ga,tai50_20_05,50x20,MIX,16,2987.5
ga,tai50_20_05,50x20,MIX,17,3042.0
ga,tai50_20_05,50x20,MIX,18,3014.5
ga,tai50_20_05,50x20,MIX,19,3029.5
ga,tai50_20_05,50x20,MIX,20,3009.0
ga,tai50_20_05,50x20,MIX,21,2997.0
ga,tai50_20_05,50x20,MIX,22,3025.0
ga,tai50_20_05,50x20,MIX,23,3030.0
ga,tai50_20_05,50x20,MIX,24,2999.5
ga,tai50_20_05,50x20,MIX,25,3016.0
ga,tai50_20_05,50x20,MIX,26,3005.5
ga,tai50_20_05,50x20,MIX,27,3010.0
ga,tai50_20_05,50x20,MIX,28,3028.0
ga,tai50_20_05,50x20,MIX,29,3032.5
ga,tai50_20_05,50x20,MIX,30,3041.0
ga,tai50_20_06,50x20,A0,1,3092.5
ga,tai50_20_06,50x20,A0,2,3110.5
ga,tai50_20_06,50x20,A0,3,3096.0
ga,tai50_20_06,50x20,A0,4,3102.5
ga,tai50_20_06,50x20,A0,5,3085.5
ga,tai50_20_06,50x20,A0,6,3117.5
ga,tai50_20_06,50x20,A0,7,3077.0
ga,tai50_20_06,50x20,A0,8,3120.0
ga,tai50_20_06,50x20,A0,9,3106.0
ga,tai50_20_06,50x20,A0,10,3095.5
ga,tai50_20_06,50x20,A0,11,3085.5
ga,tai50_20_06,50x20,A0,12,3093.0
ga,tai50_20_06,50x20,A0,13,3091.0
ga,tai50_20_06,50x20,A0,14,3110.0
ga,tai50_20_06,50x20,A0,15,3087.5
ga,tai50_20_06,50x20,A0,16,3106.0
ga,tai50_20_06,50x20,A0,17,3108.5
ga,tai50_20_06,50x20,A0,18,3108.0
ga,tai50_20_06,50x20,A0,19,3114.5
ga,tai50_20_06,50x20,A0,20,3110.0
ga,tai50_20_06,50x20,A0,21,3105.5
ga,tai50_20_06,50x20,A0,22,3102.5
ga,tai50_20_06,50x20,A0,23,3104.5
ga,tai50_20_06,50x20,A0,24,3113.5
ga,tai50_20_06,50x20,A0,25,3098.0
ga,tai50_20_06,50x20,A0,26,3103.0
ga,tai50_20_06,50x20,A0,27,3091.5
ga,tai50_20_06,50x20,A0,28,3108.5
ga,tai50_20_06,50x20,A0,29,3097.0
ga,tai50_20_06,50x20,A0,30,3081.5
ga,tai50_20_06,50x20,V2H,1,3094.0
ga,tai50_20_06,50x20,V2H,2,3112.0
ga,tai50_20_06,50x20,V2H,3,3127.0
ga,tai50_20_06,50x20,V2H,4,3112.0
ga,tai50_20_06,50x20,V2H,5,3109.5
ga,tai50_20_06,50x20,V2H,6,3117.0
ga,tai50_20_06,50x20,V2H,7,3133.5
ga,tai50_20_06,50x20,V2H,8,3117.5
ga,tai50_20_06,50x20,V2H,9,3113.0
ga,tai50_20_06,50x20,V2H,10,3118.0
ga,tai50_20_06,50x20,V2H,11,3150.5
ga,tai50_20_06,50x20,V2H,12,3105.5
ga,tai50_20_06,50x20,V2H,13,3111.0
ga,tai50_20_06,50x20,V2H,14,3114.0
ga,tai50_20_06,50x20,V2H,15,3134.5
ga,tai50_20_06,50x20,V2H,16,3107.0
ga,tai50_20_06,50x20,V2H,17,3115.5
ga,tai50_20_06,50x20,V2H,18,3110.0
ga,tai50_20_06,50x20,V2H,19,3143.5
ga,tai50_20_06,50x20,V2H,20,3133.0
ga,tai50_20_06,50x20,V2H,21,3107.0
ga,tai50_20_06,50x20,V2H,22,3121.5
ga,tai50_20_06,50x20,V2H,23,3125.0
ga,tai50_20_06,50x20,V2H,24,3111.0
ga,tai50_20_06,50x20,V2H,25,3118.5
ga,tai50_20_06,50x20,V2H,26,3107.5
ga,tai50_20_06,50x20,V2H,27,3122.5
ga,tai50_20_06,50x20,V2H,28,3107.5
ga,tai50_20_06,50x20,V2H,29,3136.0
ga,tai50_20_06,50x20,V2H,30,3152.0
ga,tai50_20_06,50x20,V2,1,3119.0
ga,tai50_20_06,50x20,V2,2,3139.5
ga,tai50_20_06,50x20,V2,3,3129.0
ga,tai50_20_06,50x20,V2,4,3117.5
ga,tai50_20_06,50x20,V2,5,3118.5
ga,tai50_20_06,50x20,V2,6,3112.5
ga,tai50_20_06,50x20,V2,7,3105.5
ga,tai50_20_06,50x20,V2,8,3125.5
ga,tai50_20_06,50x20,V2,9,3090.5
ga,tai50_20_06,50x20,V2,10,3136.0
ga,tai50_20_06,50x20,V2,11,3147.0
ga,tai50_20_06,50x20,V2,12,3133.0
ga,tai50_20_06,50x20,V2,13,3104.0
ga,tai50_20_06,50x20,V2,14,3127.5
ga,tai50_20_06,50x20,V2,15,3140.5
ga,tai50_20_06,50x20,V2,16,3110.5
ga,tai50_20_06,50x20,V2,17,3110.0
ga,tai50_20_06,50x20,V2,18,3152.0
ga,tai50_20_06,50x20,V2,19,3148.5
ga,tai50_20_06,50x20,V2,20,3111.0
ga,tai50_20_06,50x20,V2,21,3117.0
ga,tai50_20_06,50x20,V2,22,3138.5
ga,tai50_20_06,50x20,V2,23,3128.0
ga,tai50_20_06,50x20,V2,24,3122.5
ga,tai50_20_06,50x20,V2,25,3124.0
ga,tai50_20_06,50x20,V2,26,3142.0
ga,tai50_20_06,50x20,V2,27,3162.5
ga,tai50_20_06,50x20,V2,28,3099.0
ga,tai50_20_06,50x20,V2,29,3140.5
ga,tai50_20_06,50x20,V2,30,3147.5
ga,tai50_20_06,50x20,MOR,1,3116.5
ga,tai50_20_06,50x20,MOR,2,3123.5
ga,tai50_20_06,50x20,MOR,3,3132.5
ga,tai50_20_06,50x20,MOR,4,3118.5
ga,tai50_20_06,50x20,MOR,5,3119.5
ga,tai50_20_06,50x20,MOR,6,3118.0
ga,tai50_20_06,50x20,MOR,7,3098.5
ga,tai50_20_06,50x20,MOR,8,3113.0
ga,tai50_20_06,50x20,MOR,9,3132.0
ga,tai50_20_06,50x20,MOR,10,3136.5
ga,tai50_20_06,50x20,MOR,11,3127.5
ga,tai50_20_06,50x20,MOR,12,3122.5
ga,tai50_20_06,50x20,MOR,13,3130.5
ga,tai50_20_06,50x20,MOR,14,3120.5
ga,tai50_20_06,50x20,MOR,15,3119.0
ga,tai50_20_06,50x20,MOR,16,3129.0
ga,tai50_20_06,50x20,MOR,17,3122.5
ga,tai50_20_06,50x20,MOR,18,3122.5
ga,tai50_20_06,50x20,MOR,19,3140.5
ga,tai50_20_06,50x20,MOR,20,3111.5
ga,tai50_20_06,50x20,MOR,21,3130.0
ga,tai50_20_06,50x20,MOR,22,3123.0
ga,tai50_20_06,50x20,MOR,23,3117.5
ga,tai50_20_06,50x20,MOR,24,3138.0
ga,tai50_20_06,50x20,MOR,25,3092.5
ga,tai50_20_06,50x20,MOR,26,3125.0
ga,tai50_20_06,50x20,MOR,27,3125.5
ga,tai50_20_06,50x20,MOR,28,3120.5
ga,tai50_20_06,50x20,MOR,29,3127.0
ga,tai50_20_06,50x20,MOR,30,3118.5
ga,tai50_20_06,50x20,GT,1,3114.0
ga,tai50_20_06,50x20,GT,2,3158.5
ga,tai50_20_06,50x20,GT,3,3141.5
ga,tai50_20_06,50x20,GT,4,3118.5
ga,tai50_20_06,50x20,GT,5,3125.5
ga,tai50_20_06,50x20,GT,6,3162.5
ga,tai50_20_06,50x20,GT,7,3136.0
ga,tai50_20_06,50x20,GT,8,3105.5
ga,tai50_20_06,50x20,GT,9,3120.5
ga,tai50_20_06,50x20,GT,10,3136.0
ga,tai50_20_06,50x20,GT,11,3145.0
ga,tai50_20_06,50x20,GT,12,3117.0
ga,tai50_20_06,50x20,GT,13,3127.5
ga,tai50_20_06,50x20,GT,14,3104.5
ga,tai50_20_06,50x20,GT,15,3160.5
ga,tai50_20_06,50x20,GT,16,3109.0
ga,tai50_20_06,50x20,GT,17,3134.0
ga,tai50_20_06,50x20,GT,18,3147.5
ga,tai50_20_06,50x20,GT,19,3145.0
ga,tai50_20_06,50x20,GT,20,3109.0
ga,tai50_20_06,50x20,GT,21,3127.5
ga,tai50_20_06,50x20,GT,22,3136.0
ga,tai50_20_06,50x20,GT,23,3130.0
ga,tai50_20_06,50x20,GT,24,3112.5
ga,tai50_20_06,50x20,GT,25,3130.0
ga,tai50_20_06,50x20,GT,26,3159.5
ga,tai50_20_06,50x20,GT,27,3120.5
ga,tai50_20_06,50x20,GT,28,3115.5
ga,tai50_20_06,50x20,GT,29,3144.5
ga,tai50_20_06,50x20,GT,30,3151.0
ga,tai50_20_06,50x20,GP,1,3121.5
ga,tai50_20_06,50x20,GP,2,3161.0
ga,tai50_20_06,50x20,GP,3,3156.0
ga,tai50_20_06,50x20,GP,4,3148.0
ga,tai50_20_06,50x20,GP,5,3121.5
ga,tai50_20_06,50x20,GP,6,3161.0
ga,tai50_20_06,50x20,GP,7,3157.0
ga,tai50_20_06,50x20,GP,8,3148.0
ga,tai50_20_06,50x20,GP,9,3121.5
ga,tai50_20_06,50x20,GP,10,3161.0
ga,tai50_20_06,50x20,GP,11,3137.0
ga,tai50_20_06,50x20,GP,12,3148.0
ga,tai50_20_06,50x20,GP,13,3121.5
ga,tai50_20_06,50x20,GP,14,3161.0
ga,tai50_20_06,50x20,GP,15,3157.0
ga,tai50_20_06,50x20,GP,16,3148.0
ga,tai50_20_06,50x20,GP,17,3121.5
ga,tai50_20_06,50x20,GP,18,3161.0
ga,tai50_20_06,50x20,GP,19,3157.0
ga,tai50_20_06,50x20,GP,20,3148.0
ga,tai50_20_06,50x20,GP,21,3121.5
ga,tai50_20_06,50x20,GP,22,3161.0
ga,tai50_20_06,50x20,GP,23,3157.0
ga,tai50_20_06,50x20,GP,24,3148.0
ga,tai50_20_06,50x20,GP,25,3121.5
ga,tai50_20_06,50x20,GP,26,3140.0
ga,tai50_20_06,50x20,GP,27,3157.0
ga,tai50_20_06,50x20,GP,28,3148.0
ga,tai50_20_06,50x20,GP,29,3121.5
ga,tai50_20_06,50x20,GP,30,3140.0
ga,tai50_20_06,50x20,MIX,1,3121.5
ga,tai50_20_06,50x20,MIX,2,3140.0
ga,tai50_20_06,50x20,MIX,3,3155.5
ga,tai50_20_06,50x20,MIX,4,3166.0
ga,tai50_20_06,50x20,MIX,5,3121.5
ga,tai50_20_06,50x20,MIX,6,3133.5
ga,tai50_20_06,50x20,MIX,7,3158.5
ga,tai50_20_06,50x20,MIX,8,3163.5
ga,tai50_20_06,50x20,MIX,9,3121.5
ga,tai50_20_06,50x20,MIX,10,3140.0
ga,tai50_20_06,50x20,MIX,11,3159.5
ga,tai50_20_06,50x20,MIX,12,3153.5
ga,tai50_20_06,50x20,MIX,13,3121.5
ga,tai50_20_06,50x20,MIX,14,3140.0
ga,tai50_20_06,50x20,MIX,15,3181.0
ga,tai50_20_06,50x20,MIX,16,3172.0
ga,tai50_20_06,50x20,MIX,17,3121.5
ga,tai50_20_06,50x20,MIX,18,3126.5
ga,tai50_20_06,50x20,MIX,19,3155.5
ga,tai50_20_06,50x20,MIX,20,3152.5
ga,tai50_20_06,50x20,MIX,21,3154.0
ga,tai50_20_06,50x20,MIX,22,3121.5
ga,tai50_20_06,50x20,MIX,23,3174.5
ga,tai50_20_06,50x20,MIX,24,3153.5
ga,tai50_20_06,50x20,MIX,25,3157.5
ga,tai50_20_06,50x20,MIX,26,3121.5
ga,tai50_20_06,50x20,MIX,27,3144.0
ga,tai50_20_06,50x20,MIX,28,3111.0
ga,tai50_20_06,50x20,MIX,29,3151.0
ga,tai50_20_06,50x20,MIX,30,3121.5
ga,tai50_20_07,50x20,A0,1,3067.5
ga,tai50_20_07,50x20,A0,2,3113.0
ga,tai50_20_07,50x20,A0,3,3078.0
ga,tai50_20_07,50x20,A0,4,3076.0
ga,tai50_20_07,50x20,A0,5,3079.0
ga,tai50_20_07,50x20,A0,6,3050.5
ga,tai50_20_07,50x20,A0,7,3101.0
ga,tai50_20_07,50x20,A0,8,3087.5
ga,tai50_20_07,50x20,A0,9,3051.5
ga,tai50_20_07,50x20,A0,10,3072.5
ga,tai50_20_07,50x20,A0,11,3074.5
ga,tai50_20_07,50x20,A0,12,3058.0
ga,tai50_20_07,50x20,A0,13,3114.0
ga,tai50_20_07,50x20,A0,14,3087.5
ga,tai50_20_07,50x20,A0,15,3088.0
ga,tai50_20_07,50x20,A0,16,3119.0
ga,tai50_20_07,50x20,A0,17,3078.5
ga,tai50_20_07,50x20,A0,18,3093.5
ga,tai50_20_07,50x20,A0,19,3088.0
ga,tai50_20_07,50x20,A0,20,3078.0
ga,tai50_20_07,50x20,A0,21,3057.5
ga,tai50_20_07,50x20,A0,22,3045.0
ga,tai50_20_07,50x20,A0,23,3079.0
ga,tai50_20_07,50x20,A0,24,3093.0
ga,tai50_20_07,50x20,A0,25,3118.0
ga,tai50_20_07,50x20,A0,26,3099.0
ga,tai50_20_07,50x20,A0,27,3112.0
ga,tai50_20_07,50x20,A0,28,3087.5
ga,tai50_20_07,50x20,A0,29,3093.0
ga,tai50_20_07,50x20,A0,30,3097.5
ga,tai50_20_07,50x20,V2H,1,3081.0
ga,tai50_20_07,50x20,V2H,2,3072.5
ga,tai50_20_07,50x20,V2H,3,3102.0
ga,tai50_20_07,50x20,V2H,4,3130.5
ga,tai50_20_07,50x20,V2H,5,3055.5
ga,tai50_20_07,50x20,V2H,6,3090.5
ga,tai50_20_07,50x20,V2H,7,3093.0
ga,tai50_20_07,50x20,V2H,8,3136.5
ga,tai50_20_07,50x20,V2H,9,3074.5
ga,tai50_20_07,50x20,V2H,10,3107.5
ga,tai50_20_07,50x20,V2H,11,3092.0
ga,tai50_20_07,50x20,V2H,12,3087.5
ga,tai50_20_07,50x20,V2H,13,3131.5
ga,tai50_20_07,50x20,V2H,14,3081.5
ga,tai50_20_07,50x20,V2H,15,3140.0
ga,tai50_20_07,50x20,V2H,16,3073.5
ga,tai50_20_07,50x20,V2H,17,3086.5
ga,tai50_20_07,50x20,V2H,18,3092.0
ga,tai50_20_07,50x20,V2H,19,3057.5
ga,tai50_20_07,50x20,V2H,20,3104.0
ga,tai50_20_07,50x20,V2H,21,3099.5
ga,tai50_20_07,50x20,V2H,22,3126.0
ga,tai50_20_07,50x20,V2H,23,3127.0
ga,tai50_20_07,50x20,V2H,24,3047.0
ga,tai50_20_07,50x20,V2H,25,3139.0
ga,tai50_20_07,50x20,V2H,26,3100.0
ga,tai50_20_07,50x20,V2H,27,3102.5
ga,tai50_20_07,50x20,V2H,28,3114.0
ga,tai50_20_07,50x20,V2H,29,3103.5
ga,tai50_20_07,50x20,V2H,30,3097.0
ga,tai50_20_07,50x20,V2,1,3096.0
ga,tai50_20_07,50x20,V2,2,3061.0
ga,tai50_20_07,50x20,V2,3,3138.0
ga,tai50_20_07,50x20,V2,4,3143.0
ga,tai50_20_07,50x20,V2,5,3089.5
ga,tai50_20_07,50x20,V2,6,3128.5
ga,tai50_20_07,50x20,V2,7,3149.5
ga,tai50_20_07,50x20,V2,8,3096.5
ga,tai50_20_07,50x20,V2,9,3104.0
ga,tai50_20_07,50x20,V2,10,3111.5
ga,tai50_20_07,50x20,V2,11,3111.5
ga,tai50_20_07,50x20,V2,12,3111.0
ga,tai50_20_07,50x20,V2,13,3101.5
ga,tai50_20_07,50x20,V2,14,3105.5
ga,tai50_20_07,50x20,V2,15,3131.0
ga,tai50_20_07,50x20,V2,16,3101.0
ga,tai50_20_07,50x20,V2,17,3088.0
ga,tai50_20_07,50x20,V2,18,3134.0
ga,tai50_20_07,50x20,V2,19,3120.5
ga,tai50_20_07,50x20,V2,20,3099.5
ga,tai50_20_07,50x20,V2,21,3160.0
ga,tai50_20_07,50x20,V2,22,3120.0
ga,tai50_20_07,50x20,V2,23,3142.0
ga,tai50_20_07,50x20,V2,24,3092.5
ga,tai50_20_07,50x20,V2,25,3117.5
ga,tai50_20_07,50x20,V2,26,3117.0
ga,tai50_20_07,50x20,V2,27,3187.5
ga,tai50_20_07,50x20,V2,28,3156.5
ga,tai50_20_07,50x20,V2,29,3136.0
ga,tai50_20_07,50x20,V2,30,3106.5
ga,tai50_20_07,50x20,MOR,1,3156.0
ga,tai50_20_07,50x20,MOR,2,3179.5
ga,tai50_20_07,50x20,MOR,3,3171.5
ga,tai50_20_07,50x20,MOR,4,3143.0
ga,tai50_20_07,50x20,MOR,5,3189.5
ga,tai50_20_07,50x20,MOR,6,3115.0
ga,tai50_20_07,50x20,MOR,7,3170.0
ga,tai50_20_07,50x20,MOR,8,3155.5
ga,tai50_20_07,50x20,MOR,9,3164.5
ga,tai50_20_07,50x20,MOR,10,3173.5
ga,tai50_20_07,50x20,MOR,11,3153.0
ga,tai50_20_07,50x20,MOR,12,3159.5
ga,tai50_20_07,50x20,MOR,13,3152.5
ga,tai50_20_07,50x20,MOR,14,3164.0
ga,tai50_20_07,50x20,MOR,15,3154.5
ga,tai50_20_07,50x20,MOR,16,3138.0
ga,tai50_20_07,50x20,MOR,17,3139.5
ga,tai50_20_07,50x20,MOR,18,3146.5
ga,tai50_20_07,50x20,MOR,19,3144.0
ga,tai50_20_07,50x20,MOR,20,3151.5
ga,tai50_20_07,50x20,MOR,21,3145.5
ga,tai50_20_07,50x20,MOR,22,3176.0
ga,tai50_20_07,50x20,MOR,23,3156.5
ga,tai50_20_07,50x20,MOR,24,3169.5
ga,tai50_20_07,50x20,MOR,25,3152.0
ga,tai50_20_07,50x20,MOR,26,3159.5
ga,tai50_20_07,50x20,MOR,27,3107.0
ga,tai50_20_07,50x20,MOR,28,3163.0
ga,tai50_20_07,50x20,MOR,29,3136.0
ga,tai50_20_07,50x20,MOR,30,3136.0
ga,tai50_20_07,50x20,GT,1,3124.5
ga,tai50_20_07,50x20,GT,2,3157.5
ga,tai50_20_07,50x20,GT,3,3109.5
ga,tai50_20_07,50x20,GT,4,3123.0
ga,tai50_20_07,50x20,GT,5,3102.0
ga,tai50_20_07,50x20,GT,6,3078.5
ga,tai50_20_07,50x20,GT,7,3142.5
ga,tai50_20_07,50x20,GT,8,3123.5
ga,tai50_20_07,50x20,GT,9,3109.5
ga,tai50_20_07,50x20,GT,10,3132.0
ga,tai50_20_07,50x20,GT,11,3126.5
ga,tai50_20_07,50x20,GT,12,3094.0
ga,tai50_20_07,50x20,GT,13,3129.5
ga,tai50_20_07,50x20,GT,14,3066.0
ga,tai50_20_07,50x20,GT,15,3129.5
ga,tai50_20_07,50x20,GT,16,3135.5
ga,tai50_20_07,50x20,GT,17,3101.0
ga,tai50_20_07,50x20,GT,18,3072.5
ga,tai50_20_07,50x20,GT,19,3147.5
ga,tai50_20_07,50x20,GT,20,3098.5
ga,tai50_20_07,50x20,GT,21,3127.0
ga,tai50_20_07,50x20,GT,22,3074.5
ga,tai50_20_07,50x20,GT,23,3113.5
ga,tai50_20_07,50x20,GT,24,3129.5
ga,tai50_20_07,50x20,GT,25,3156.5
ga,tai50_20_07,50x20,GT,26,3152.0
ga,tai50_20_07,50x20,GT,27,3111.0
ga,tai50_20_07,50x20,GT,28,3111.0
ga,tai50_20_07,50x20,GT,29,3124.0
ga,tai50_20_07,50x20,GT,30,3113.0
ga,tai50_20_07,50x20,GP,1,3114.0
ga,tai50_20_07,50x20,GP,2,3118.0
ga,tai50_20_07,50x20,GP,3,3091.0
ga,tai50_20_07,50x20,GP,4,3104.5
ga,tai50_20_07,50x20,GP,5,3139.5
ga,tai50_20_07,50x20,GP,6,3128.0
ga,tai50_20_07,50x20,GP,7,3066.0
ga,tai50_20_07,50x20,GP,8,3116.0
ga,tai50_20_07,50x20,GP,9,3108.5
ga,tai50_20_07,50x20,GP,10,3149.0
ga,tai50_20_07,50x20,GP,11,3107.0
ga,tai50_20_07,50x20,GP,12,3131.5
ga,tai50_20_07,50x20,GP,13,3133.0
ga,tai50_20_07,50x20,GP,14,3120.0
ga,tai50_20_07,50x20,GP,15,3082.0
ga,tai50_20_07,50x20,GP,16,3104.0
ga,tai50_20_07,50x20,GP,17,3119.0
ga,tai50_20_07,50x20,GP,18,3092.0
ga,tai50_20_07,50x20,GP,19,3157.5
ga,tai50_20_07,50x20,GP,20,3103.0
ga,tai50_20_07,50x20,GP,21,3096.0
ga,tai50_20_07,50x20,GP,22,3140.0
ga,tai50_20_07,50x20,GP,23,3118.0
ga,tai50_20_07,50x20,GP,24,3103.5
ga,tai50_20_07,50x20,GP,25,3098.0
ga,tai50_20_07,50x20,GP,26,3097.0
ga,tai50_20_07,50x20,GP,27,3091.5
ga,tai50_20_07,50x20,GP,28,3118.5
ga,tai50_20_07,50x20,GP,29,3102.5
ga,tai50_20_07,50x20,GP,30,3138.5
ga,tai50_20_07,50x20,MIX,1,3122.5
ga,tai50_20_07,50x20,MIX,2,3071.0
ga,tai50_20_07,50x20,MIX,3,3087.5
ga,tai50_20_07,50x20,MIX,4,3078.0
ga,tai50_20_07,50x20,MIX,5,3106.5
ga,tai50_20_07,50x20,MIX,6,3089.0
ga,tai50_20_07,50x20,MIX,7,3075.0
ga,tai50_20_07,50x20,MIX,8,3074.5
ga,tai50_20_07,50x20,MIX,9,3106.0
ga,tai50_20_07,50x20,MIX,10,3076.0
ga,tai50_20_07,50x20,MIX,11,3082.5
ga,tai50_20_07,50x20,MIX,12,3100.5
ga,tai50_20_07,50x20,MIX,13,3103.5
ga,tai50_20_07,50x20,MIX,14,3130.0
ga,tai50_20_07,50x20,MIX,15,3081.5
ga,tai50_20_07,50x20,MIX,16,3093.0
ga,tai50_20_07,50x20,MIX,17,3079.0
ga,tai50_20_07,50x20,MIX,18,3119.0
ga,tai50_20_07,50x20,MIX,19,3102.5
ga,tai50_20_07,50x20,MIX,20,3107.5
ga,tai50_20_07,50x20,MIX,21,3085.0
ga,tai50_20_07,50x20,MIX,22,3120.0
ga,tai50_20_07,50x20,MIX,23,3063.5
ga,tai50_20_07,50x20,MIX,24,3049.5
ga,tai50_20_07,50x20,MIX,25,3099.0
ga,tai50_20_07,50x20,MIX,26,3052.5
ga,tai50_20_07,50x20,MIX,27,3104.5
ga,tai50_20_07,50x20,MIX,28,3093.5
ga,tai50_20_07,50x20,MIX,29,3075.0
ga,tai50_20_07,50x20,MIX,30,3091.0
ga,tai50_20_08,50x20,A0,1,3011.0
ga,tai50_20_08,50x20,A0,2,3016.0
ga,tai50_20_08,50x20,A0,3,2994.5
ga,tai50_20_08,50x20,A0,4,3018.5
ga,tai50_20_08,50x20,A0,5,2992.0
ga,tai50_20_08,50x20,A0,6,3017.5
ga,tai50_20_08,50x20,A0,7,3013.5
ga,tai50_20_08,50x20,A0,8,2996.0
ga,tai50_20_08,50x20,A0,9,3021.5
ga,tai50_20_08,50x20,A0,10,2982.0
ga,tai50_20_08,50x20,A0,11,2990.0
ga,tai50_20_08,50x20,A0,12,2995.0
ga,tai50_20_08,50x20,A0,13,3005.0
ga,tai50_20_08,50x20,A0,14,3006.0
ga,tai50_20_08,50x20,A0,15,3006.0
ga,tai50_20_08,50x20,A0,16,3016.0
ga,tai50_20_08,50x20,A0,17,2980.5
ga,tai50_20_08,50x20,A0,18,2970.5
ga,tai50_20_08,50x20,A0,19,2986.5
ga,tai50_20_08,50x20,A0,20,3022.0
ga,tai50_20_08,50x20,A0,21,3001.0
ga,tai50_20_08,50x20,A0,22,3010.0
ga,tai50_20_08,50x20,A0,23,3010.0
ga,tai50_20_08,50x20,A0,24,3026.0
ga,tai50_20_08,50x20,A0,25,3027.5
ga,tai50_20_08,50x20,A0,26,3020.0
ga,tai50_20_08,50x20,A0,27,3018.5
ga,tai50_20_08,50x20,A0,28,3012.0
ga,tai50_20_08,50x20,A0,29,3009.0
ga,tai50_20_08,50x20,A0,30,2999.0
ga,tai50_20_08,50x20,V2H,1,3026.0
ga,tai50_20_08,50x20,V2H,2,3026.5
ga,tai50_20_08,50x20,V2H,3,3030.5
ga,tai50_20_08,50x20,V2H,4,2983.0
ga,tai50_20_08,50x20,V2H,5,3007.0
ga,tai50_20_08,50x20,V2H,6,3036.0
ga,tai50_20_08,50x20,V2H,7,3056.5
ga,tai50_20_08,50x20,V2H,8,3028.0
ga,tai50_20_08,50x20,V2H,9,2997.5
ga,tai50_20_08,50x20,V2H,10,3023.0
ga,tai50_20_08,50x20,V2H,11,3021.0
ga,tai50_20_08,50x20,V2H,12,3017.0
ga,tai50_20_08,50x20,V2H,13,3021.5
ga,tai50_20_08,50x20,V2H,14,3034.0
ga,tai50_20_08,50x20,V2H,15,3044.0
ga,tai50_20_08,50x20,V2H,16,2990.5
ga,tai50_20_08,50x20,V2H,17,3010.5
ga,tai50_20_08,50x20,V2H,18,3013.5
ga,tai50_20_08,50x20,V2H,19,3018.0
ga,tai50_20_08,50x20,V2H,20,3015.5
ga,tai50_20_08,50x20,V2H,21,2999.5
ga,tai50_20_08,50x20,V2H,22,3020.0
ga,tai50_20_08,50x20,V2H,23,3024.5
ga,tai50_20_08,50x20,V2H,24,3033.5
ga,tai50_20_08,50x20,V2H,25,3009.5
ga,tai50_20_08,50x20,V2H,26,3015.0
ga,tai50_20_08,50x20,V2H,27,3021.0
ga,tai50_20_08,50x20,V2H,28,3024.5
ga,tai50_20_08,50x20,V2H,29,3021.0
ga,tai50_20_08,50x20,V2H,30,3009.5
ga,tai50_20_08,50x20,V2,1,3019.0
ga,tai50_20_08,50x20,V2,2,2998.5
ga,tai50_20_08,50x20,V2,3,3048.5
ga,tai50_20_08,50x20,V2,4,3081.0
ga,tai50_20_08,50x20,V2,5,3021.0
ga,tai50_20_08,50x20,V2,6,3037.5
ga,tai50_20_08,50x20,V2,7,3040.5
ga,tai50_20_08,50x20,V2,8,3042.5
ga,tai50_20_08,50x20,V2,9,3032.0
ga,tai50_20_08,50x20,V2,10,3010.0
ga,tai50_20_08,50x20,V2,11,3035.5
ga,tai50_20_08,50x20,V2,12,3044.0
ga,tai50_20_08,50x20,V2,13,3036.0
ga,tai50_20_08,50x20,V2,14,3059.0
ga,tai50_20_08,50x20,V2,15,3023.5
ga,tai50_20_08,50x20,V2,16,3043.0
ga,tai50_20_08,50x20,V2,17,3037.0
ga,tai50_20_08,50x20,V2,18,3022.0
ga,tai50_20_08,50x20,V2,19,3017.0
ga,tai50_20_08,50x20,V2,20,3037.0
ga,tai50_20_08,50x20,V2,21,3016.5
ga,tai50_20_08,50x20,V2,22,3022.5
ga,tai50_20_08,50x20,V2,23,3004.0
ga,tai50_20_08,50x20,V2,24,3038.5
ga,tai50_20_08,50x20,V2,25,3034.0
ga,tai50_20_08,50x20,V2,26,3048.0
ga,tai50_20_08,50x20,V2,27,3032.0
ga,tai50_20_08,50x20,V2,28,3079.5
ga,tai50_20_08,50x20,V2,29,3030.5
ga,tai50_20_08,50x20,V2,30,3026.5
ga,tai50_20_08,50x20,MOR,1,3062.5
ga,tai50_20_08,50x20,MOR,2,3047.0
ga,tai50_20_08,50x20,MOR,3,3082.5
ga,tai50_20_08,50x20,MOR,4,3079.0
ga,tai50_20_08,50x20,MOR,5,3053.0
ga,tai50_20_08,50x20,MOR,6,3061.0
ga,tai50_20_08,50x20,MOR,7,3024.5
ga,tai50_20_08,50x20,MOR,8,3050.0
ga,tai50_20_08,50x20,MOR,9,3057.5
ga,tai50_20_08,50x20,MOR,10,3076.0
ga,tai50_20_08,50x20,MOR,11,3060.5
ga,tai50_20_08,50x20,MOR,12,3063.0
ga,tai50_20_08,50x20,MOR,13,3057.5
ga,tai50_20_08,50x20,MOR,14,3035.5
ga,tai50_20_08,50x20,MOR,15,3087.5
ga,tai50_20_08,50x20,MOR,16,3072.5
ga,tai50_20_08,50x20,MOR,17,3074.5
ga,tai50_20_08,50x20,MOR,18,3064.5
ga,tai50_20_08,50x20,MOR,19,3073.0
ga,tai50_20_08,50x20,MOR,20,3056.5
ga,tai50_20_08,50x20,MOR,21,3061.0
ga,tai50_20_08,50x20,MOR,22,3071.5
ga,tai50_20_08,50x20,MOR,23,3062.0
ga,tai50_20_08,50x20,MOR,24,3048.5
ga,tai50_20_08,50x20,MOR,25,3084.5
ga,tai50_20_08,50x20,MOR,26,3076.0
ga,tai50_20_08,50x20,MOR,27,3067.0
ga,tai50_20_08,50x20,MOR,28,3073.5
ga,tai50_20_08,50x20,MOR,29,3068.0
ga,tai50_20_08,50x20,MOR,30,3059.5
ga,tai50_20_08,50x20,GT,1,3020.5
ga,tai50_20_08,50x20,GT,2,3033.5
ga,tai50_20_08,50x20,GT,3,3011.0
ga,tai50_20_08,50x20,GT,4,3020.0
ga,tai50_20_08,50x20,GT,5,3022.0
ga,tai50_20_08,50x20,GT,6,3011.0
ga,tai50_20_08,50x20,GT,7,2998.5
ga,tai50_20_08,50x20,GT,8,3001.0
ga,tai50_20_08,50x20,GT,9,3035.0
ga,tai50_20_08,50x20,GT,10,3025.5
ga,tai50_20_08,50x20,GT,11,3040.5
ga,tai50_20_08,50x20,GT,12,3009.5
ga,tai50_20_08,50x20,GT,13,3005.0
ga,tai50_20_08,50x20,GT,14,2997.5
ga,tai50_20_08,50x20,GT,15,3015.0
ga,tai50_20_08,50x20,GT,16,3022.5
ga,tai50_20_08,50x20,GT,17,3007.5
ga,tai50_20_08,50x20,GT,18,3009.0
ga,tai50_20_08,50x20,GT,19,3018.0
ga,tai50_20_08,50x20,GT,20,3008.5
ga,tai50_20_08,50x20,GT,21,3023.5
ga,tai50_20_08,50x20,GT,22,3023.5
ga,tai50_20_08,50x20,GT,23,3026.0
ga,tai50_20_08,50x20,GT,24,2990.0
ga,tai50_20_08,50x20,GT,25,3021.5
ga,tai50_20_08,50x20,GT,26,3031.0
ga,tai50_20_08,50x20,GT,27,3017.5
ga,tai50_20_08,50x20,GT,28,3037.5
ga,tai50_20_08,50x20,GT,29,3020.5
ga,tai50_20_08,50x20,GT,30,3017.5
ga,tai50_20_08,50x20,GP,1,3026.5
ga,tai50_20_08,50x20,GP,2,3032.0
ga,tai50_20_08,50x20,GP,3,3025.0
ga,tai50_20_08,50x20,GP,4,3026.0
ga,tai50_20_08,50x20,GP,5,3026.5
ga,tai50_20_08,50x20,GP,6,3044.5
ga,tai50_20_08,50x20,GP,7,3025.0
ga,tai50_20_08,50x20,GP,8,3026.0
ga,tai50_20_08,50x20,GP,9,3026.5
ga,tai50_20_08,50x20,GP,10,3021.5
ga,tai50_20_08,50x20,GP,11,3005.5
ga,tai50_20_08,50x20,GP,12,3031.0
ga,tai50_20_08,50x20,GP,13,3026.0
ga,tai50_20_08,50x20,GP,14,3034.5
ga,tai50_20_08,50x20,GP,15,3025.0
ga,tai50_20_08,50x20,GP,16,3031.0
ga,tai50_20_08,50x20,GP,17,3026.0
ga,tai50_20_08,50x20,GP,18,3034.5
ga,tai50_20_08,50x20,GP,19,3025.0
ga,tai50_20_08,50x20,GP,20,3024.0
ga,tai50_20_08,50x20,GP,21,3026.0
ga,tai50_20_08,50x20,GP,22,3026.5
ga,tai50_20_08,50x20,GP,23,3025.0
ga,tai50_20_08,50x20,GP,24,3035.5
ga,tai50_20_08,50x20,GP,25,3026.0
ga,tai50_20_08,50x20,GP,26,3026.5
ga,tai50_20_08,50x20,GP,27,3025.0
ga,tai50_20_08,50x20,GP,28,3035.5
ga,tai50_20_08,50x20,GP,29,3004.5
ga,tai50_20_08,50x20,GP,30,3026.5
ga,tai50_20_08,50x20,MIX,1,3018.0
ga,tai50_20_08,50x20,MIX,2,3018.0
ga,tai50_20_08,50x20,MIX,3,3004.5
ga,tai50_20_08,50x20,MIX,4,3032.5
ga,tai50_20_08,50x20,MIX,5,3006.5
ga,tai50_20_08,50x20,MIX,6,3010.5
ga,tai50_20_08,50x20,MIX,7,3024.0
ga,tai50_20_08,50x20,MIX,8,3022.5
ga,tai50_20_08,50x20,MIX,9,3015.5
ga,tai50_20_08,50x20,MIX,10,3026.5
ga,tai50_20_08,50x20,MIX,11,3028.5
ga,tai50_20_08,50x20,MIX,12,3024.0
ga,tai50_20_08,50x20,MIX,13,3005.5
ga,tai50_20_08,50x20,MIX,14,3027.5
ga,tai50_20_08,50x20,MIX,15,3007.0
ga,tai50_20_08,50x20,MIX,16,3038.0
ga,tai50_20_08,50x20,MIX,17,3012.5
ga,tai50_20_08,50x20,MIX,18,3022.0
ga,tai50_20_08,50x20,MIX,19,3026.5
ga,tai50_20_08,50x20,MIX,20,3031.5
ga,tai50_20_08,50x20,MIX,21,3016.0
ga,tai50_20_08,50x20,MIX,22,3025.0
ga,tai50_20_08,50x20,MIX,23,3021.0
ga,tai50_20_08,50x20,MIX,24,3034.5
ga,tai50_20_08,50x20,MIX,25,3024.5
ga,tai50_20_08,50x20,MIX,26,3009.0
ga,tai50_20_08,50x20,MIX,27,3026.5
ga,tai50_20_08,50x20,MIX,28,3030.5
ga,tai50_20_08,50x20,MIX,29,3012.0
ga,tai50_20_08,50x20,MIX,30,3012.0
ga,tai50_20_09,50x20,A0,1,3264.0
ga,tai50_20_09,50x20,A0,2,3260.0
ga,tai50_20_09,50x20,A0,3,3274.5
ga,tai50_20_09,50x20,A0,4,3234.5
ga,tai50_20_09,50x20,A0,5,3222.0
ga,tai50_20_09,50x20,A0,6,3223.5
ga,tai50_20_09,50x20,A0,7,3247.5
ga,tai50_20_09,50x20,A0,8,3268.0
ga,tai50_20_09,50x20,A0,9,3250.0
ga,tai50_20_09,50x20,A0,10,3265.0
ga,tai50_20_09,50x20,A0,11,3226.5
ga,tai50_20_09,50x20,A0,12,3271.0
ga,tai50_20_09,50x20,A0,13,3246.0
ga,tai50_20_09,50x20,A0,14,3259.0
ga,tai50_20_09,50x20,A0,15,3240.5
ga,tai50_20_09,50x20,A0,16,3259.0
ga,tai50_20_09,50x20,A0,17,3266.0
ga,tai50_20_09,50x20,A0,18,3264.0
ga,tai50_20_09,50x20,A0,19,3251.0
ga,tai50_20_09,50x20,A0,20,3256.5
ga,tai50_20_09,50x20,A0,21,3246.5
ga,tai50_20_09,50x20,A0,22,3271.5
ga,tai50_20_09,50x20,A0,23,3293.0
ga,tai50_20_09,50x20,A0,24,3239.5
ga,tai50_20_09,50x20,A0,25,3241.0
ga,tai50_20_09,50x20,A0,26,3252.5
ga,tai50_20_09,50x20,A0,27,3283.0
ga,tai50_20_09,50x20,A0,28,3235.5
ga,tai50_20_09,50x20,A0,29,3263.0
ga,tai50_20_09,50x20,A0,30,3261.0
ga,tai50_20_09,50x20,V2H,1,3270.0
ga,tai50_20_09,50x20,V2H,2,3261.0
ga,tai50_20_09,50x20,V2H,3,3279.0
ga,tai50_20_09,50x20,V2H,4,3274.5
ga,tai50_20_09,50x20,V2H,5,3291.5
ga,tai50_20_09,50x20,V2H,6,3300.5
ga,tai50_20_09,50x20,V2H,7,3273.5
ga,tai50_20_09,50x20,V2H,8,3260.0
ga,tai50_20_09,50x20,V2H,9,3250.0
ga,tai50_20_09,50x20,V2H,10,3266.5
ga,tai50_20_09,50x20,V2H,11,3268.0
ga,tai50_20_09,50x20,V2H,12,3232.0
ga,tai50_20_09,50x20,V2H,13,3279.5
ga,tai50_20_09,50x20,V2H,14,3285.0
ga,tai50_20_09,50x20,V2H,15,3288.0
ga,tai50_20_09,50x20,V2H,16,3287.0
ga,tai50_20_09,50x20,V2H,17,3246.0
ga,tai50_20_09,50x20,V2H,18,3246.5
ga,tai50_20_09,50x20,V2H,19,3248.5
ga,tai50_20_09,50x20,V2H,20,3261.0
ga,tai50_20_09,50x20,V2H,21,3295.0
ga,tai50_20_09,50x20,V2H,22,3289.0
ga,tai50_20_09,50x20,V2H,23,3263.5
ga,tai50_20_09,50x20,V2H,24,3278.5
ga,tai50_20_09,50x20,V2H,25,3260.5
ga,tai50_20_09,50x20,V2H,26,3277.5
ga,tai50_20_09,50x20,V2H,27,3288.5
ga,tai50_20_09,50x20,V2H,28,3262.5
ga,tai50_20_09,50x20,V2H,29,3274.5
ga,tai50_20_09,50x20,V2H,30,3277.5
ga,tai50_20_09,50x20,V2,1,3252.0
ga,tai50_20_09,50x20,V2,2,3270.0
ga,tai50_20_09,50x20,V2,3,3298.0
ga,tai50_20_09,50x20,V2,4,3221.5
ga,tai50_20_09,50x20,V2,5,3303.5
ga,tai50_20_09,50x20,V2,6,3280.0
ga,tai50_20_09,50x20,V2,7,3263.0
ga,tai50_20_09,50x20,V2,8,3261.5
ga,tai50_20_09,50x20,V2,9,3261.0
ga,tai50_20_09,50x20,V2,10,3270.5
ga,tai50_20_09,50x20,V2,11,3299.5
ga,tai50_20_09,50x20,V2,12,3252.0
ga,tai50_20_09,50x20,V2,13,3279.0
ga,tai50_20_09,50x20,V2,14,3283.5
ga,tai50_20_09,50x20,V2,15,3278.0
ga,tai50_20_09,50x20,V2,16,3291.5
ga,tai50_20_09,50x20,V2,17,3302.5
ga,tai50_20_09,50x20,V2,18,3288.0
ga,tai50_20_09,50x20,V2,19,3275.5
ga,tai50_20_09,50x20,V2,20,3252.5
ga,tai50_20_09,50x20,V2,21,3259.0
ga,tai50_20_09,50x20,V2,22,3332.5
ga,tai50_20_09,50x20,V2,23,3274.0
ga,tai50_20_09,50x20,V2,24,3280.5
ga,tai50_20_09,50x20,V2,25,3310.0
ga,tai50_20_09,50x20,V2,26,3259.5
ga,tai50_20_09,50x20,V2,27,3277.5
ga,tai50_20_09,50x20,V2,28,3305.5
ga,tai50_20_09,50x20,V2,29,3255.0
ga,tai50_20_09,50x20,V2,30,3294.5
ga,tai50_20_09,50x20,MOR,1,3316.0
ga,tai50_20_09,50x20,MOR,2,3301.5
ga,tai50_20_09,50x20,MOR,3,3309.5
ga,tai50_20_09,50x20,MOR,4,3307.5
ga,tai50_20_09,50x20,MOR,5,3323.0
ga,tai50_20_09,50x20,MOR,6,3293.0
ga,tai50_20_09,50x20,MOR,7,3327.5
ga,tai50_20_09,50x20,MOR,8,3299.5
ga,tai50_20_09,50x20,MOR,9,3323.0
ga,tai50_20_09,50x20,MOR,10,3309.0
ga,tai50_20_09,50x20,MOR,11,3323.5
ga,tai50_20_09,50x20,MOR,12,3307.5
ga,tai50_20_09,50x20,MOR,13,3308.5
ga,tai50_20_09,50x20,MOR,14,3292.0
ga,tai50_20_09,50x20,MOR,15,3316.5
ga,tai50_20_09,50x20,MOR,16,3326.0
ga,tai50_20_09,50x20,MOR,17,3307.0
ga,tai50_20_09,50x20,MOR,18,3320.0
ga,tai50_20_09,50x20,MOR,19,3339.0
ga,tai50_20_09,50x20,MOR,20,3293.0
ga,tai50_20_09,50x20,MOR,21,3309.5
ga,tai50_20_09,50x20,MOR,22,3320.5
ga,tai50_20_09,50x20,MOR,23,3298.5
ga,tai50_20_09,50x20,MOR,24,3319.5
ga,tai50_20_09,50x20,MOR,25,3300.0
ga,tai50_20_09,50x20,MOR,26,3308.5
ga,tai50_20_09,50x20,MOR,27,3320.0
ga,tai50_20_09,50x20,MOR,28,3282.5
ga,tai50_20_09,50x20,MOR,29,3323.5
ga,tai50_20_09,50x20,MOR,30,3297.5
ga,tai50_20_09,50x20,GT,1,3294.0
ga,tai50_20_09,50x20,GT,2,3320.0
ga,tai50_20_09,50x20,GT,3,3313.5
ga,tai50_20_09,50x20,GT,4,3305.0
ga,tai50_20_09,50x20,GT,5,3332.5
ga,tai50_20_09,50x20,GT,6,3314.0
ga,tai50_20_09,50x20,GT,7,3325.5
ga,tai50_20_09,50x20,GT,8,3293.0
ga,tai50_20_09,50x20,GT,9,3328.0
ga,tai50_20_09,50x20,GT,10,3332.5
ga,tai50_20_09,50x20,GT,11,3289.0
ga,tai50_20_09,50x20,GT,12,3302.5
ga,tai50_20_09,50x20,GT,13,3314.0
ga,tai50_20_09,50x20,GT,14,3308.0
ga,tai50_20_09,50x20,GT,15,3324.0
ga,tai50_20_09,50x20,GT,16,3327.0
ga,tai50_20_09,50x20,GT,17,3290.0
ga,tai50_20_09,50x20,GT,18,3302.5
ga,tai50_20_09,50x20,GT,19,3282.5
ga,tai50_20_09,50x20,GT,20,3331.0
ga,tai50_20_09,50x20,GT,21,3295.0
ga,tai50_20_09,50x20,GT,22,3311.5
ga,tai50_20_09,50x20,GT,23,3292.0
ga,tai50_20_09,50x20,GT,24,3314.0
ga,tai50_20_09,50x20,GT,25,3286.0
ga,tai50_20_09,50x20,GT,26,3301.5
ga,tai50_20_09,50x20,GT,27,3330.5
ga,tai50_20_09,50x20,GT,28,3310.0
ga,tai50_20_09,50x20,GT,29,3314.5
ga,tai50_20_09,50x20,GT,30,3315.0
ga,tai50_20_09,50x20,GP,1,3298.0
ga,tai50_20_09,50x20,GP,2,3307.5
ga,tai50_20_09,50x20,GP,3,3275.0
ga,tai50_20_09,50x20,GP,4,3269.0
ga,tai50_20_09,50x20,GP,5,3298.0
ga,tai50_20_09,50x20,GP,6,3291.5
ga,tai50_20_09,50x20,GP,7,3294.5
ga,tai50_20_09,50x20,GP,8,3268.5
ga,tai50_20_09,50x20,GP,9,3303.0
ga,tai50_20_09,50x20,GP,10,3288.5
ga,tai50_20_09,50x20,GP,11,3270.0
ga,tai50_20_09,50x20,GP,12,3299.0
ga,tai50_20_09,50x20,GP,13,3267.0
ga,tai50_20_09,50x20,GP,14,3289.0
ga,tai50_20_09,50x20,GP,15,3278.0
ga,tai50_20_09,50x20,GP,16,3274.0
ga,tai50_20_09,50x20,GP,17,3267.5
ga,tai50_20_09,50x20,GP,18,3254.0
ga,tai50_20_09,50x20,GP,19,3292.0
ga,tai50_20_09,50x20,GP,20,3295.5
ga,tai50_20_09,50x20,GP,21,3295.0
ga,tai50_20_09,50x20,GP,22,3286.0
ga,tai50_20_09,50x20,GP,23,3283.5
ga,tai50_20_09,50x20,GP,24,3307.0
ga,tai50_20_09,50x20,GP,25,3269.5
ga,tai50_20_09,50x20,GP,26,3300.0
ga,tai50_20_09,50x20,GP,27,3241.0
ga,tai50_20_09,50x20,GP,28,3269.5
ga,tai50_20_09,50x20,GP,29,3282.5
ga,tai50_20_09,50x20,GP,30,3302.5
ga,tai50_20_09,50x20,MIX,1,3277.0
ga,tai50_20_09,50x20,MIX,2,3252.5
ga,tai50_20_09,50x20,MIX,3,3229.5
ga,tai50_20_09,50x20,MIX,4,3246.5
ga,tai50_20_09,50x20,MIX,5,3292.5
ga,tai50_20_09,50x20,MIX,6,3248.5
ga,tai50_20_09,50x20,MIX,7,3268.5
ga,tai50_20_09,50x20,MIX,8,3274.5
ga,tai50_20_09,50x20,MIX,9,3268.0
ga,tai50_20_09,50x20,MIX,10,3294.5
ga,tai50_20_09,50x20,MIX,11,3256.5
ga,tai50_20_09,50x20,MIX,12,3248.5
ga,tai50_20_09,50x20,MIX,13,3262.0
ga,tai50_20_09,50x20,MIX,14,3292.0
ga,tai50_20_09,50x20,MIX,15,3230.5
ga,tai50_20_09,50x20,MIX,16,3269.0
ga,tai50_20_09,50x20,MIX,17,3266.5
ga,tai50_20_09,50x20,MIX,18,3291.0
ga,tai50_20_09,50x20,MIX,19,3274.0
ga,tai50_20_09,50x20,MIX,20,3261.0
ga,tai50_20_09,50x20,MIX,21,3284.5
ga,tai50_20_09,50x20,MIX,22,3279.0
ga,tai50_20_09,50x20,MIX,23,3273.5
ga,tai50_20_09,50x20,MIX,24,3297.0
ga,tai50_20_09,50x20,MIX,25,3254.0
ga,tai50_20_09,50x20,MIX,26,3242.0
ga,tai50_20_09,50x20,MIX,27,3273.5
ga,tai50_20_09,50x20,MIX,28,3272.0
ga,tai50_20_09,50x20,MIX,29,3244.5
ga,tai50_20_09,50x20,MIX,30,3259.0
ga,tai50_20_10,50x20,A0,1,3270.5
ga,tai50_20_10,50x20,A0,2,3282.5
ga,tai50_20_10,50x20,A0,3,3271.5
ga,tai50_20_10,50x20,A0,4,3305.0
ga,tai50_20_10,50x20,A0,5,3250.0
ga,tai50_20_10,50x20,A0,6,3244.0
ga,tai50_20_10,50x20,A0,7,3256.5
ga,tai50_20_10,50x20,A0,8,3219.5
ga,tai50_20_10,50x20,A0,9,3261.5
ga,tai50_20_10,50x20,A0,10,3274.5
ga,tai50_20_10,50x20,A0,11,3271.0
ga,tai50_20_10,50x20,A0,12,3273.5
ga,tai50_20_10,50x20,A0,13,3255.0
ga,tai50_20_10,50x20,A0,14,3245.0
ga,tai50_20_10,50x20,A0,15,3259.0
ga,tai50_20_10,50x20,A0,16,3271.0
ga,tai50_20_10,50x20,A0,17,3283.0
ga,tai50_20_10,50x20,A0,18,3263.5
ga,tai50_20_10,50x20,A0,19,3269.0
ga,tai50_20_10,50x20,A0,20,3263.5
ga,tai50_20_10,50x20,A0,21,3289.0
ga,tai50_20_10,50x20,A0,22,3267.5
ga,tai50_20_10,50x20,A0,23,3254.0
ga,tai50_20_10,50x20,A0,24,3269.0
ga,tai50_20_10,50x20,A0,25,3271.5
ga,tai50_20_10,50x20,A0,26,3254.5
ga,tai50_20_10,50x20,A0,27,3252.0
ga,tai50_20_10,50x20,A0,28,3253.0
ga,tai50_20_10,50x20,A0,29,3287.0
ga,tai50_20_10,50x20,A0,30,3265.5
ga,tai50_20_10,50x20,V2H,1,3281.0
ga,tai50_20_10,50x20,V2H,2,3267.0
ga,tai50_20_10,50x20,V2H,3,3277.5
ga,tai50_20_10,50x20,V2H,4,3241.5
ga,tai50_20_10,50x20,V2H,5,3278.5
ga,tai50_20_10,50x20,V2H,6,3273.0
ga,tai50_20_10,50x20,V2H,7,3274.0
ga,tai50_20_10,50x20,V2H,8,3247.0
ga,tai50_20_10,50x20,V2H,9,3274.5
ga,tai50_20_10,50x20,V2H,10,3249.5
ga,tai50_20_10,50x20,V2H,11,3266.5
ga,tai50_20_10,50x20,V2H,12,3247.5
ga,tai50_20_10,50x20,V2H,13,3264.0
ga,tai50_20_10,50x20,V2H,14,3275.5
ga,tai50_20_10,50x20,V2H,15,3269.5
ga,tai50_20_10,50x20,V2H,16,3286.0
ga,tai50_20_10,50x20,V2H,17,3261.5
ga,tai50_20_10,50x20,V2H,18,3238.0
ga,tai50_20_10,50x20,V2H,19,3266.0
ga,tai50_20_10,50x20,V2H,20,3262.0
ga,tai50_20_10,50x20,V2H,21,3261.0
ga,tai50_20_10,50x20,V2H,22,3256.0
ga,tai50_20_10,50x20,V2H,23,3265.0
ga,tai50_20_10,50x20,V2H,24,3268.5
ga,tai50_20_10,50x20,V2H,25,3266.5
ga,tai50_20_10,50x20,V2H,26,3295.5
ga,tai50_20_10,50x20,V2H,27,3282.0
ga,tai50_20_10,50x20,V2H,28,3256.5
ga,tai50_20_10,50x20,V2H,29,3252.0
ga,tai50_20_10,50x20,V2H,30,3281.0
ga,tai50_20_10,50x20,V2,1,3296.5
ga,tai50_20_10,50x20,V2,2,3262.5
ga,tai50_20_10,50x20,V2,3,3303.0
ga,tai50_20_10,50x20,V2,4,3280.5
ga,tai50_20_10,50x20,V2,5,3292.5
ga,tai50_20_10,50x20,V2,6,3297.0
ga,tai50_20_10,50x20,V2,7,3263.5
ga,tai50_20_10,50x20,V2,8,3254.0
ga,tai50_20_10,50x20,V2,9,3270.5
ga,tai50_20_10,50x20,V2,10,3275.5
ga,tai50_20_10,50x20,V2,11,3256.0
ga,tai50_20_10,50x20,V2,12,3239.0
ga,tai50_20_10,50x20,V2,13,3268.0
ga,tai50_20_10,50x20,V2,14,3254.0
ga,tai50_20_10,50x20,V2,15,3277.0
ga,tai50_20_10,50x20,V2,16,3259.0
ga,tai50_20_10,50x20,V2,17,3244.5
ga,tai50_20_10,50x20,V2,18,3267.5
ga,tai50_20_10,50x20,V2,19,3261.0
ga,tai50_20_10,50x20,V2,20,3292.5
ga,tai50_20_10,50x20,V2,21,3286.5
ga,tai50_20_10,50x20,V2,22,3284.0
ga,tai50_20_10,50x20,V2,23,3251.5
ga,tai50_20_10,50x20,V2,24,3278.0
ga,tai50_20_10,50x20,V2,25,3253.0
ga,tai50_20_10,50x20,V2,26,3260.5
ga,tai50_20_10,50x20,V2,27,3285.5
ga,tai50_20_10,50x20,V2,28,3278.5
ga,tai50_20_10,50x20,V2,29,3285.0
ga,tai50_20_10,50x20,V2,30,3283.0
ga,tai50_20_10,50x20,MOR,1,3324.0
ga,tai50_20_10,50x20,MOR,2,3321.0
ga,tai50_20_10,50x20,MOR,3,3297.0
ga,tai50_20_10,50x20,MOR,4,3306.0
ga,tai50_20_10,50x20,MOR,5,3304.5
ga,tai50_20_10,50x20,MOR,6,3308.0
ga,tai50_20_10,50x20,MOR,7,3283.0
ga,tai50_20_10,50x20,MOR,8,3298.0
ga,tai50_20_10,50x20,MOR,9,3294.5
ga,tai50_20_10,50x20,MOR,10,3305.0
ga,tai50_20_10,50x20,MOR,11,3297.0
ga,tai50_20_10,50x20,MOR,12,3286.0
ga,tai50_20_10,50x20,MOR,13,3345.5
ga,tai50_20_10,50x20,MOR,14,3323.5
ga,tai50_20_10,50x20,MOR,15,3306.0
ga,tai50_20_10,50x20,MOR,16,3319.0
ga,tai50_20_10,50x20,MOR,17,3286.0
ga,tai50_20_10,50x20,MOR,18,3312.5
ga,tai50_20_10,50x20,MOR,19,3325.5
ga,tai50_20_10,50x20,MOR,20,3301.5
ga,tai50_20_10,50x20,MOR,21,3328.5
ga,tai50_20_10,50x20,MOR,22,3282.5
ga,tai50_20_10,50x20,MOR,23,3313.5
ga,tai50_20_10,50x20,MOR,24,3274.0
ga,tai50_20_10,50x20,MOR,25,3324.5
ga,tai50_20_10,50x20,MOR,26,3342.5
ga,tai50_20_10,50x20,MOR,27,3304.5
ga,tai50_20_10,50x20,MOR,28,3292.5
ga,tai50_20_10,50x20,MOR,29,3305.5
ga,tai50_20_10,50x20,MOR,30,3332.5
ga,tai50_20_10,50x20,GT,1,3290.0
ga,tai50_20_10,50x20,GT,2,3320.5
ga,tai50_20_10,50x20,GT,3,3325.0
ga,tai50_20_10,50x20,GT,4,3331.5
ga,tai50_20_10,50x20,GT,5,3306.0
ga,tai50_20_10,50x20,GT,6,3293.0
ga,tai50_20_10,50x20,GT,7,3301.0
ga,tai50_20_10,50x20,GT,8,3313.5
ga,tai50_20_10,50x20,GT,9,3290.5
ga,tai50_20_10,50x20,GT,10,3317.0
ga,tai50_20_10,50x20,GT,11,3292.5
ga,tai50_20_10,50x20,GT,12,3314.0
ga,tai50_20_10,50x20,GT,13,3303.0
ga,tai50_20_10,50x20,GT,14,3309.5
ga,tai50_20_10,50x20,GT,15,3298.0
ga,tai50_20_10,50x20,GT,16,3313.0
ga,tai50_20_10,50x20,GT,17,3305.5
ga,tai50_20_10,50x20,GT,18,3294.5
ga,tai50_20_10,50x20,GT,19,3302.5
ga,tai50_20_10,50x20,GT,20,3292.0
ga,tai50_20_10,50x20,GT,21,3307.5
ga,tai50_20_10,50x20,GT,22,3305.0
ga,tai50_20_10,50x20,GT,23,3309.0
ga,tai50_20_10,50x20,GT,24,3287.5
ga,tai50_20_10,50x20,GT,25,3327.5
ga,tai50_20_10,50x20,GT,26,3300.5
ga,tai50_20_10,50x20,GT,27,3330.0
ga,tai50_20_10,50x20,GT,28,3328.5
ga,tai50_20_10,50x20,GT,29,3312.0
ga,tai50_20_10,50x20,GT,30,3315.0
ga,tai50_20_10,50x20,GP,1,3340.5
ga,tai50_20_10,50x20,GP,2,3335.5
ga,tai50_20_10,50x20,GP,3,3319.0
ga,tai50_20_10,50x20,GP,4,3304.0
ga,tai50_20_10,50x20,GP,5,3314.0
ga,tai50_20_10,50x20,GP,6,3303.5
ga,tai50_20_10,50x20,GP,7,3316.0
ga,tai50_20_10,50x20,GP,8,3335.0
ga,tai50_20_10,50x20,GP,9,3325.0
ga,tai50_20_10,50x20,GP,10,3327.5
ga,tai50_20_10,50x20,GP,11,3311.5
ga,tai50_20_10,50x20,GP,12,3338.5
ga,tai50_20_10,50x20,GP,13,3315.5
ga,tai50_20_10,50x20,GP,14,3349.5
ga,tai50_20_10,50x20,GP,15,3308.0
ga,tai50_20_10,50x20,GP,16,3331.0
ga,tai50_20_10,50x20,GP,17,3335.0
ga,tai50_20_10,50x20,GP,18,3311.0
ga,tai50_20_10,50x20,GP,19,3313.0
ga,tai50_20_10,50x20,GP,20,3327.5
ga,tai50_20_10,50x20,GP,21,3319.5
ga,tai50_20_10,50x20,GP,22,3316.5
ga,tai50_20_10,50x20,GP,23,3324.5
ga,tai50_20_10,50x20,GP,24,3338.5
ga,tai50_20_10,50x20,GP,25,3303.0
ga,tai50_20_10,50x20,GP,26,3338.5
ga,tai50_20_10,50x20,GP,27,3307.0
ga,tai50_20_10,50x20,GP,28,3324.5
ga,tai50_20_10,50x20,GP,29,3306.0
ga,tai50_20_10,50x20,GP,30,3312.5
ga,tai50_20_10,50x20,MIX,1,3285.0
ga,tai50_20_10,50x20,MIX,2,3278.5
ga,tai50_20_10,50x20,MIX,3,3285.5
ga,tai50_20_10,50x20,MIX,4,3267.0
ga,tai50_20_10,50x20,MIX,5,3280.0
ga,tai50_20_10,50x20,MIX,6,3264.5
ga,tai50_20_10,50x20,MIX,7,3308.0
ga,tai50_20_10,50x20,MIX,8,3256.0
ga,tai50_20_10,50x20,MIX,9,3279.5
ga,tai50_20_10,50x20,MIX,10,3241.0
ga,tai50_20_10,50x20,MIX,11,3301.5
ga,tai50_20_10,50x20,MIX,12,3288.5
ga,tai50_20_10,50x20,MIX,13,3287.0
ga,tai50_20_10,50x20,MIX,14,3265.0
ga,tai50_20_10,50x20,MIX,15,3309.5
ga,tai50_20_10,50x20,MIX,16,3271.5
ga,tai50_20_10,50x20,MIX,17,3269.0
ga,tai50_20_10,50x20,MIX,18,3262.5
ga,tai50_20_10,50x20,MIX,19,3264.5
ga,tai50_20_10,50x20,MIX,20,3288.0
ga,tai50_20_10,50x20,MIX,21,3295.0
ga,tai50_20_10,50x20,MIX,22,3285.5
ga,tai50_20_10,50x20,MIX,23,3264.0
ga,tai50_20_10,50x20,MIX,24,3285.0
ga,tai50_20_10,50x20,MIX,25,3282.0
ga,tai50_20_10,50x20,MIX,26,3281.0
ga,tai50_20_10,50x20,MIX,27,3285.0
ga,tai50_20_10,50x20,MIX,28,3274.5
ga,tai50_20_10,50x20,MIX,29,3256.5
ga,tai50_20_10,50x20,MIX,30,3277.5
