algo,inst,clase,arm,run,ecmax
tsn2,ft10,10x10,A0,1,935.5
tsn2,ft10,10x10,A0,2,940.0
tsn2,ft10,10x10,A0,3,935.5
tsn2,ft10,10x10,A0,4,935.5
tsn2,ft10,10x10,A0,5,940.0
tsn2,ft10,10x10,A0,6,935.5
tsn2,ft10,10x10,A0,7,949.0
tsn2,ft10,10x10,A0,8,949.0
tsn2,ft10,10x10,A0,9,935.5
tsn2,ft10,10x10,A0,10,935.5
tsn2,ft10,10x10,A0,11,935.5
tsn2,ft10,10x10,A0,12,935.5
tsn2,ft10,10x10,A0,13,935.5
tsn2,ft10,10x10,A0,14,935.5
tsn2,ft10,10x10,A0,15,940.0
tsn2,ft10,10x10,A0,16,940.0
tsn2,ft10,10x10,A0,17,935.5
tsn2,ft10,10x10,A0,18,935.5
tsn2,ft10,10x10,A0,19,935.5
tsn2,ft10,10x10,A0,20,935.5
tsn2,ft10,10x10,A0,21,935.5
tsn2,ft10,10x10,A0,22,935.5
tsn2,ft10,10x10,A0,23,935.5
tsn2,ft10,10x10,A0,24,935.5
tsn2,ft10,10x10,A0,25,935.5
tsn2,ft10,10x10,A0,26,940.0
tsn2,ft10,10x10,A0,27,935.5
tsn2,ft10,10x10,A0,28,935.5
tsn2,ft10,10x10,A0,29,935.5
tsn2,ft10,10x10,A0,30,935.5
tsn2,ft10,10x10,V2H,1,940.0
tsn2,ft10,10x10,V2H,2,940.0
tsn2,ft10,10x10,V2H,3,940.0
tsn2,ft10,10x10,V2H,4,940.0
tsn2,ft10,10x10,V2H,5,940.0
tsn2,ft10,10x10,V2H,6,940.0
tsn2,ft10,10x10,V2H,7,940.0
tsn2,ft10,10x10,V2H,8,940.0
tsn2,ft10,10x10,V2H,9,940.0
tsn2,ft10,10x10,V2H,10,940.0
tsn2,ft10,10x10,V2H,11,940.0
tsn2,ft10,10x10,V2H,12,940.0
tsn2,ft10,10x10,V2H,13,940.0
tsn2,ft10,10x10,V2H,14,940.0
tsn2,ft10,10x10,V2H,15,940.0
tsn2,ft10,10x10,V2H,16,940.0
tsn2,ft10,10x10,V2H,17,940.0
tsn2,ft10,10x10,V2H,18,940.0
tsn2,ft10,10x10,V2H,19,940.0
tsn2,ft10,10x10,V2H,20,935.5
tsn2,ft10,10x10,V2H,21,940.0
tsn2,ft10,10x10,V2H,22,940.0
tsn2,ft10,10x10,V2H,23,940.0
tsn2,ft10,10x10,V2H,24,940.0
tsn2,ft10,10x10,V2H,25,940.0
tsn2,ft10,10x10,V2H,26,940.0
tsn2,ft10,10x10,V2H,27,940.0
tsn2,ft10,10x10,V2H,28,940.0
tsn2,ft10,10x10,V2H,29,940.0
tsn2,ft10,10x10,V2H,30,940.0
tsn2,ft10,10x10,V2,1,940.0
tsn2,ft10,10x10,V2,2,940.0
tsn2,ft10,10x10,V2,3,940.0
tsn2,ft10,10x10,V2,4,940.0
tsn2,ft10,10x10,V2,5,940.0
tsn2,ft10,10x10,V2,6,940.0
tsn2,ft10,10x10,V2,7,940.0
tsn2,ft10,10x10,V2,8,940.0
tsn2,ft10,10x10,V2,9,940.0
tsn2,ft10,10x10,V2,10,940.0
tsn2,ft10,10x10,V2,11,940.0
tsn2,ft10,10x10,V2,12,940.0
tsn2,ft10,10x10,V2,13,940.0
tsn2,ft10,10x10,V2,14,940.0
tsn2,ft10,10x10,V2,15,940.0
tsn2,ft10,10x10,V2,16,940.0
tsn2,ft10,10x10,V2,17,940.0
tsn2,ft10,10x10,V2,18,940.0
tsn2,ft10,10x10,V2,19,940.0
tsn2,ft10,10x10,V2,20,940.0
tsn2,ft10,10x10,V2,21,940.0
tsn2,ft10,10x10,V2,22,940.0
tsn2,ft10,10x10,V2,23,940.0
tsn2,ft10,10x10,V2,24,940.0
tsn2,ft10,10x10,V2,25,940.0
tsn2,ft10,10x10,V2,26,940.0
tsn2,ft10,10x10,V2,27,940.0
tsn2,ft10,10x10,V2,28,940.0
tsn2,ft10,10x10,V2,29,940.0
tsn2,ft10,10x10,V2,30,940.0
tsn2,ft10,10x10,MOR,1,940.0
tsn2,ft10,10x10,MOR,2,935.5
tsn2,ft10,10x10,MOR,3,940.0
tsn2,ft10,10x10,MOR,4,940.0
tsn2,ft10,10x10,MOR,5,940.0
tsn2,ft10,10x10,MOR,6,972.0
tsn2,ft10,10x10,MOR,7,935.5
tsn2,ft10,10x10,MOR,8,969.0
tsn2,ft10,10x10,MOR,9,969.0
tsn2,ft10,10x10,MOR,10,935.5
tsn2,ft10,10x10,MOR,11,940.0
tsn2,ft10,10x10,MOR,12,935.5
tsn2,ft10,10x10,MOR,13,940.0
tsn2,ft10,10x10,MOR,14,935.5
tsn2,ft10,10x10,MOR,15,956.0
tsn2,ft10,10x10,MOR,16,940.0
tsn2,ft10,10x10,MOR,17,946.0
tsn2,ft10,10x10,MOR,18,940.0
tsn2,ft10,10x10,MOR,19,940.0
tsn2,ft10,10x10,MOR,20,969.0
tsn2,ft10,10x10,MOR,21,940.0
tsn2,ft10,10x10,MOR,22,935.5
tsn2,ft10,10x10,MOR,23,955.0
tsn2,ft10,10x10,MOR,24,940.0
tsn2,ft10,10x10,MOR,25,940.0
tsn2,ft10,10x10,MOR,26,955.0
tsn2,ft10,10x10,MOR,27,949.0
tsn2,ft10,10x10,MOR,28,935.5
tsn2,ft10,10x10,MOR,29,972.0
tsn2,ft10,10x10,MOR,30,946.0
tsn2,ft10,10x10,GT,1,946.0
tsn2,ft10,10x10,GT,2,946.0
tsn2,ft10,10x10,GT,3,946.0
tsn2,ft10,10x10,GT,4,946.0
tsn2,ft10,10x10,GT,5,946.0
tsn2,ft10,10x10,GT,6,946.0
tsn2,ft10,10x10,GT,7,946.0
tsn2,ft10,10x10,GT,8,946.0
tsn2,ft10,10x10,GT,9,935.5
tsn2,ft10,10x10,GT,10,942.5
tsn2,ft10,10x10,GT,11,946.0
tsn2,ft10,10x10,GT,12,946.0
tsn2,ft10,10x10,GT,13,946.0
tsn2,ft10,10x10,GT,14,953.0
tsn2,ft10,10x10,GT,15,954.0
tsn2,ft10,10x10,GT,16,954.0
tsn2,ft10,10x10,GT,17,946.0
tsn2,ft10,10x10,GT,18,946.0
tsn2,ft10,10x10,GT,19,946.0
tsn2,ft10,10x10,GT,20,946.0
tsn2,ft10,10x10,GT,21,942.5
tsn2,ft10,10x10,GT,22,946.0
tsn2,ft10,10x10,GT,23,946.0
tsn2,ft10,10x10,GT,24,946.0
tsn2,ft10,10x10,GT,25,946.0
tsn2,ft10,10x10,GT,26,946.0
tsn2,ft10,10x10,GT,27,946.0
tsn2,ft10,10x10,GT,28,942.5
tsn2,ft10,10x10,GT,29,946.0
tsn2,ft10,10x10,GT,30,946.0
tsn2,ft10,10x10,GP,1,946.0
tsn2,ft10,10x10,GP,2,954.0
tsn2,ft10,10x10,GP,3,946.0
tsn2,ft10,10x10,GP,4,946.0
tsn2,ft10,10x10,GP,5,942.5
tsn2,ft10,10x10,GP,6,946.0
tsn2,ft10,10x10,GP,7,942.5
tsn2,ft10,10x10,GP,8,946.0
tsn2,ft10,10x10,GP,9,935.5
tsn2,ft10,10x10,GP,10,946.0
tsn2,ft10,10x10,GP,11,954.0
tsn2,ft10,10x10,GP,12,946.0
tsn2,ft10,10x10,GP,13,946.0
tsn2,ft10,10x10,GP,14,946.0
tsn2,ft10,10x10,GP,15,946.0
tsn2,ft10,10x10,GP,16,946.0
tsn2,ft10,10x10,GP,17,946.0
tsn2,ft10,10x10,GP,18,946.0
tsn2,ft10,10x10,GP,19,946.0
tsn2,ft10,10x10,GP,20,946.0
tsn2,ft10,10x10,GP,21,946.0
tsn2,ft10,10x10,GP,22,946.0
tsn2,ft10,10x10,GP,23,946.0
tsn2,ft10,10x10,GP,24,946.0
tsn2,ft10,10x10,GP,25,946.0
tsn2,ft10,10x10,GP,26,949.5
tsn2,ft10,10x10,GP,27,946.0
tsn2,ft10,10x10,GP,28,946.0
tsn2,ft10,10x10,GP,29,949.5
tsn2,ft10,10x10,GP,30,946.0
tsn2,ft10,10x10,MIX,1,940.0
tsn2,ft10,10x10,MIX,2,949.0
tsn2,ft10,10x10,MIX,3,946.0
tsn2,ft10,10x10,MIX,4,946.0
tsn2,ft10,10x10,MIX,5,946.0
tsn2,ft10,10x10,MIX,6,954.0
tsn2,ft10,10x10,MIX,7,946.0
tsn2,ft10,10x10,MIX,8,940.0
tsn2,ft10,10x10,MIX,9,940.0
tsn2,ft10,10x10,MIX,10,935.5
tsn2,ft10,10x10,MIX,11,940.0
tsn2,ft10,10x10,MIX,12,949.0
tsn2,ft10,10x10,MIX,13,940.0
tsn2,ft10,10x10,MIX,14,946.0
tsn2,ft10,10x10,MIX,15,946.0
tsn2,ft10,10x10,MIX,16,940.0
tsn2,ft10,10x10,MIX,17,946.0
tsn2,ft10,10x10,MIX,18,946.0
tsn2,ft10,10x10,MIX,19,949.5
tsn2,ft10,10x10,MIX,20,949.0
tsn2,ft10,10x10,MIX,21,940.0
tsn2,ft10,10x10,MIX,22,942.5
tsn2,ft10,10x10,MIX,23,940.0
tsn2,ft10,10x10,MIX,24,949.0
tsn2,ft10,10x10,MIX,25,949.0
tsn2,ft10,10x10,MIX,26,935.5
tsn2,ft10,10x10,MIX,27,949.5
tsn2,ft10,10x10,MIX,28,940.0
tsn2,ft10,10x10,MIX,29,949.0
tsn2,ft10,10x10,MIX,30,946.0
tsn2,ft10,10x10,MIXH,1,940.0
tsn2,ft10,10x10,MIXH,2,935.5
tsn2,ft10,10x10,MIXH,3,946.0
tsn2,ft10,10x10,MIXH,4,935.5
tsn2,ft10,10x10,MIXH,5,935.5
tsn2,ft10,10x10,MIXH,6,935.5
tsn2,ft10,10x10,MIXH,7,949.0
tsn2,ft10,10x10,MIXH,8,946.0
tsn2,ft10,10x10,MIXH,9,940.0
tsn2,ft10,10x10,MIXH,10,935.5
tsn2,ft10,10x10,MIXH,11,935.5
tsn2,ft10,10x10,MIXH,12,946.0
tsn2,ft10,10x10,MIXH,13,946.0
tsn2,ft10,10x10,MIXH,14,935.5
tsn2,ft10,10x10,MIXH,15,946.0
tsn2,ft10,10x10,MIXH,16,946.0
tsn2,ft10,10x10,MIXH,17,940.0
tsn2,ft10,10x10,MIXH,18,949.0
tsn2,ft10,10x10,MIXH,19,935.5
tsn2,ft10,10x10,MIXH,20,946.0
tsn2,ft10,10x10,MIXH,21,935.5
tsn2,ft10,10x10,MIXH,22,935.5
tsn2,ft10,10x10,MIXH,23,946.0
tsn2,ft10,10x10,MIXH,24,949.0
tsn2,ft10,10x10,MIXH,25,946.0
tsn2,ft10,10x10,MIXH,26,949.0
tsn2,ft10,10x10,MIXH,27,946.0
tsn2,ft10,10x10,MIXH,28,940.0
tsn2,ft10,10x10,MIXH,29,946.0
tsn2,ft10,10x10,MIXH,30,940.0
tsn2,tai15_15_01,15x15,A0,1,1253.5
tsn2,tai15_15_01,15x15,A0,2,1253.5
tsn2,tai15_15_01,15x15,A0,3,1247.0
tsn2,tai15_15_01,15x15,A0,4,1253.5
tsn2,tai15_15_01,15x15,A0,5,1253.5
tsn2,tai15_15_01,15x15,A0,6,1253.5
tsn2,tai15_15_01,15x15,A0,7,1248.0
tsn2,tai15_15_01,15x15,A0,8,1253.5
tsn2,tai15_15_01,15x15,A0,9,1253.5
tsn2,tai15_15_01,15x15,A0,10,1263.5
tsn2,tai15_15_01,15x15,A0,11,1250.5
tsn2,tai15_15_01,15x15,A0,12,1253.5
tsn2,tai15_15_01,15x15,A0,13,1248.0
tsn2,tai15_15_01,15x15,A0,14,1262.5
tsn2,tai15_15_01,15x15,A0,15,1253.5
tsn2,tai15_15_01,15x15,A0,16,1246.5
tsn2,tai15_15_01,15x15,A0,17,1247.0
tsn2,tai15_15_01,15x15,A0,18,1258.5
tsn2,tai15_15_01,15x15,A0,19,1253.5
tsn2,tai15_15_01,15x15,A0,20,1246.5
tsn2,tai15_15_01,15x15,A0,21,1253.5
tsn2,tai15_15_01,15x15,A0,22,1248.0
tsn2,tai15_15_01,15x15,A0,23,1262.5
tsn2,tai15_15_01,15x15,A0,24,1253.5
tsn2,tai15_15_01,15x15,A0,25,1248.0
tsn2,tai15_15_01,15x15,A0,26,1253.5
tsn2,tai15_15_01,15x15,A0,27,1250.5
tsn2,tai15_15_01,15x15,A0,28,1263.0
tsn2,tai15_15_01,15x15,A0,29,1262.5
tsn2,tai15_15_01,15x15,A0,30,1251.5
tsn2,tai15_15_01,15x15,V2H,1,1253.5
tsn2,tai15_15_01,15x15,V2H,2,1256.0
tsn2,tai15_15_01,15x15,V2H,3,1248.0
tsn2,tai15_15_01,15x15,V2H,4,1250.5
tsn2,tai15_15_01,15x15,V2H,5,1250.0
tsn2,tai15_15_01,15x15,V2H,6,1247.0
tsn2,tai15_15_01,15x15,V2H,7,1253.5
tsn2,tai15_15_01,15x15,V2H,8,1253.5
tsn2,tai15_15_01,15x15,V2H,9,1248.0
tsn2,tai15_15_01,15x15,V2H,10,1253.5
tsn2,tai15_15_01,15x15,V2H,11,1253.5
tsn2,tai15_15_01,15x15,V2H,12,1265.5
tsn2,tai15_15_01,15x15,V2H,13,1253.5
tsn2,tai15_15_01,15x15,V2H,14,1250.5
tsn2,tai15_15_01,15x15,V2H,15,1262.5
tsn2,tai15_15_01,15x15,V2H,16,1253.5
tsn2,tai15_15_01,15x15,V2H,17,1253.5
tsn2,tai15_15_01,15x15,V2H,18,1253.5
tsn2,tai15_15_01,15x15,V2H,19,1258.5
tsn2,tai15_15_01,15x15,V2H,20,1253.5
tsn2,tai15_15_01,15x15,V2H,21,1262.5
tsn2,tai15_15_01,15x15,V2H,22,1250.5
tsn2,tai15_15_01,15x15,V2H,23,1253.5
tsn2,tai15_15_01,15x15,V2H,24,1266.0
tsn2,tai15_15_01,15x15,V2H,25,1253.5
tsn2,tai15_15_01,15x15,V2H,26,1248.0
tsn2,tai15_15_01,15x15,V2H,27,1253.5
tsn2,tai15_15_01,15x15,V2H,28,1258.5
tsn2,tai15_15_01,15x15,V2H,29,1253.5
tsn2,tai15_15_01,15x15,V2H,30,1253.5
tsn2,tai15_15_01,15x15,V2,1,1250.5
tsn2,tai15_15_01,15x15,V2,2,1253.5
tsn2,tai15_15_01,15x15,V2,3,1248.0
tsn2,tai15_15_01,15x15,V2,4,1262.5
tsn2,tai15_15_01,15x15,V2,5,1262.5
tsn2,tai15_15_01,15x15,V2,6,1253.5
tsn2,tai15_15_01,15x15,V2,7,1253.5
tsn2,tai15_15_01,15x15,V2,8,1262.5
tsn2,tai15_15_01,15x15,V2,9,1260.0
tsn2,tai15_15_01,15x15,V2,10,1248.0
tsn2,tai15_15_01,15x15,V2,11,1248.0
tsn2,tai15_15_01,15x15,V2,12,1253.5
tsn2,tai15_15_01,15x15,V2,13,1251.5
tsn2,tai15_15_01,15x15,V2,14,1257.5
tsn2,tai15_15_01,15x15,V2,15,1262.5
tsn2,tai15_15_01,15x15,V2,16,1266.0
tsn2,tai15_15_01,15x15,V2,17,1262.5
tsn2,tai15_15_01,15x15,V2,18,1267.0
tsn2,tai15_15_01,15x15,V2,19,1262.5
tsn2,tai15_15_01,15x15,V2,20,1265.0
tsn2,tai15_15_01,15x15,V2,21,1251.5
tsn2,tai15_15_01,15x15,V2,22,1253.5
tsn2,tai15_15_01,15x15,V2,23,1251.5
tsn2,tai15_15_01,15x15,V2,24,1246.5
tsn2,tai15_15_01,15x15,V2,25,1248.0
tsn2,tai15_15_01,15x15,V2,26,1253.5
tsn2,tai15_15_01,15x15,V2,27,1253.5
tsn2,tai15_15_01,15x15,V2,28,1248.0
tsn2,tai15_15_01,15x15,V2,29,1253.5
tsn2,tai15_15_01,15x15,V2,30,1253.5
tsn2,tai15_15_01,15x15,MOR,1,1271.0
tsn2,tai15_15_01,15x15,MOR,2,1268.5
tsn2,tai15_15_01,15x15,MOR,3,1262.5
tsn2,tai15_15_01,15x15,MOR,4,1262.5
tsn2,tai15_15_01,15x15,MOR,5,1262.5
tsn2,tai15_15_01,15x15,MOR,6,1268.5
tsn2,tai15_15_01,15x15,MOR,7,1268.5
tsn2,tai15_15_01,15x15,MOR,8,1265.0
tsn2,tai15_15_01,15x15,MOR,9,1259.0
tsn2,tai15_15_01,15x15,MOR,10,1268.5
tsn2,tai15_15_01,15x15,MOR,11,1266.0
tsn2,tai15_15_01,15x15,MOR,12,1268.5
tsn2,tai15_15_01,15x15,MOR,13,1268.5
tsn2,tai15_15_01,15x15,MOR,14,1268.5
tsn2,tai15_15_01,15x15,MOR,15,1253.5
tsn2,tai15_15_01,15x15,MOR,16,1271.0
tsn2,tai15_15_01,15x15,MOR,17,1262.5
tsn2,tai15_15_01,15x15,MOR,18,1268.5
tsn2,tai15_15_01,15x15,MOR,19,1271.0
tsn2,tai15_15_01,15x15,MOR,20,1257.0
tsn2,tai15_15_01,15x15,MOR,21,1268.5
tsn2,tai15_15_01,15x15,MOR,22,1270.5
tsn2,tai15_15_01,15x15,MOR,23,1262.5
tsn2,tai15_15_01,15x15,MOR,24,1268.5
tsn2,tai15_15_01,15x15,MOR,25,1257.0
tsn2,tai15_15_01,15x15,MOR,26,1257.0
tsn2,tai15_15_01,15x15,MOR,27,1268.5
tsn2,tai15_15_01,15x15,MOR,28,1262.5
tsn2,tai15_15_01,15x15,MOR,29,1257.0
tsn2,tai15_15_01,15x15,MOR,30,1268.5
tsn2,tai15_15_01,15x15,GT,1,1268.5
tsn2,tai15_15_01,15x15,GT,2,1251.5
tsn2,tai15_15_01,15x15,GT,3,1250.5
tsn2,tai15_15_01,15x15,GT,4,1253.0
tsn2,tai15_15_01,15x15,GT,5,1253.5
tsn2,tai15_15_01,15x15,GT,6,1268.5
tsn2,tai15_15_01,15x15,GT,7,1253.5
tsn2,tai15_15_01,15x15,GT,8,1275.0
tsn2,tai15_15_01,15x15,GT,9,1250.5
tsn2,tai15_15_01,15x15,GT,10,1253.5
tsn2,tai15_15_01,15x15,GT,11,1268.5
tsn2,tai15_15_01,15x15,GT,12,1268.5
tsn2,tai15_15_01,15x15,GT,13,1275.0
tsn2,tai15_15_01,15x15,GT,14,1256.0
tsn2,tai15_15_01,15x15,GT,15,1275.0
tsn2,tai15_15_01,15x15,GT,16,1275.0
tsn2,tai15_15_01,15x15,GT,17,1253.5
tsn2,tai15_15_01,15x15,GT,18,1250.5
tsn2,tai15_15_01,15x15,GT,19,1255.0
tsn2,tai15_15_01,15x15,GT,20,1255.0
tsn2,tai15_15_01,15x15,GT,21,1250.5
tsn2,tai15_15_01,15x15,GT,22,1275.0
tsn2,tai15_15_01,15x15,GT,23,1275.0
tsn2,tai15_15_01,15x15,GT,24,1275.0
tsn2,tai15_15_01,15x15,GT,25,1275.0
tsn2,tai15_15_01,15x15,GT,26,1251.5
tsn2,tai15_15_01,15x15,GT,27,1253.5
tsn2,tai15_15_01,15x15,GT,28,1275.0
tsn2,tai15_15_01,15x15,GT,29,1248.0
tsn2,tai15_15_01,15x15,GT,30,1253.5
tsn2,tai15_15_01,15x15,GP,1,1265.5
tsn2,tai15_15_01,15x15,GP,2,1250.5
tsn2,tai15_15_01,15x15,GP,3,1265.5
tsn2,tai15_15_01,15x15,GP,4,1248.0
tsn2,tai15_15_01,15x15,GP,5,1250.5
tsn2,tai15_15_01,15x15,GP,6,1253.5
tsn2,tai15_15_01,15x15,GP,7,1262.5
tsn2,tai15_15_01,15x15,GP,8,1256.5
tsn2,tai15_15_01,15x15,GP,9,1270.0
tsn2,tai15_15_01,15x15,GP,10,1253.5
tsn2,tai15_15_01,15x15,GP,11,1250.5
tsn2,tai15_15_01,15x15,GP,12,1262.5
tsn2,tai15_15_01,15x15,GP,13,1265.5
tsn2,tai15_15_01,15x15,GP,14,1262.5
tsn2,tai15_15_01,15x15,GP,15,1265.5
tsn2,tai15_15_01,15x15,GP,16,1265.0
tsn2,tai15_15_01,15x15,GP,17,1268.5
tsn2,tai15_15_01,15x15,GP,18,1248.0
tsn2,tai15_15_01,15x15,GP,19,1253.5
tsn2,tai15_15_01,15x15,GP,20,1265.0
tsn2,tai15_15_01,15x15,GP,21,1248.0
tsn2,tai15_15_01,15x15,GP,22,1253.5
tsn2,tai15_15_01,15x15,GP,23,1250.5
tsn2,tai15_15_01,15x15,GP,24,1250.5
tsn2,tai15_15_01,15x15,GP,25,1261.5
tsn2,tai15_15_01,15x15,GP,26,1265.5
tsn2,tai15_15_01,15x15,GP,27,1262.0
tsn2,tai15_15_01,15x15,GP,28,1262.5
tsn2,tai15_15_01,15x15,GP,29,1250.5
tsn2,tai15_15_01,15x15,GP,30,1264.5
tsn2,tai15_15_01,15x15,MIX,1,1251.5
tsn2,tai15_15_01,15x15,MIX,2,1253.5
tsn2,tai15_15_01,15x15,MIX,3,1253.5
tsn2,tai15_15_01,15x15,MIX,4,1253.5
tsn2,tai15_15_01,15x15,MIX,5,1253.5
tsn2,tai15_15_01,15x15,MIX,6,1250.5
tsn2,tai15_15_01,15x15,MIX,7,1253.5
tsn2,tai15_15_01,15x15,MIX,8,1251.5
tsn2,tai15_15_01,15x15,MIX,9,1253.5
tsn2,tai15_15_01,15x15,MIX,10,1253.5
tsn2,tai15_15_01,15x15,MIX,11,1253.5
tsn2,tai15_15_01,15x15,MIX,12,1253.5
tsn2,tai15_15_01,15x15,MIX,13,1253.5
tsn2,tai15_15_01,15x15,MIX,14,1253.5
tsn2,tai15_15_01,15x15,MIX,15,1250.5
tsn2,tai15_15_01,15x15,MIX,16,1250.5
tsn2,tai15_15_01,15x15,MIX,17,1248.0
tsn2,tai15_15_01,15x15,MIX,18,1253.5
tsn2,tai15_15_01,15x15,MIX,19,1253.5
tsn2,tai15_15_01,15x15,MIX,20,1251.5
tsn2,tai15_15_01,15x15,MIX,21,1253.5
tsn2,tai15_15_01,15x15,MIX,22,1253.5
tsn2,tai15_15_01,15x15,MIX,23,1253.5
tsn2,tai15_15_01,15x15,MIX,24,1253.5
tsn2,tai15_15_01,15x15,MIX,25,1253.5
tsn2,tai15_15_01,15x15,MIX,26,1253.5
tsn2,tai15_15_01,15x15,MIX,27,1253.5
tsn2,tai15_15_01,15x15,MIX,28,1253.5
tsn2,tai15_15_01,15x15,MIX,29,1253.5
tsn2,tai15_15_01,15x15,MIX,30,1253.5
tsn2,tai15_15_01,15x15,MIXH,1,1253.5
tsn2,tai15_15_01,15x15,MIXH,2,1253.5
tsn2,tai15_15_01,15x15,MIXH,3,1253.5
tsn2,tai15_15_01,15x15,MIXH,4,1262.5
tsn2,tai15_15_01,15x15,MIXH,5,1253.5
tsn2,tai15_15_01,15x15,MIXH,6,1253.5
tsn2,tai15_15_01,15x15,MIXH,7,1253.5
tsn2,tai15_15_01,15x15,MIXH,8,1252.0
tsn2,tai15_15_01,15x15,MIXH,9,1253.5
tsn2,tai15_15_01,15x15,MIXH,10,1253.5
tsn2,tai15_15_01,15x15,MIXH,11,1251.5
tsn2,tai15_15_01,15x15,MIXH,12,1253.5
tsn2,tai15_15_01,15x15,MIXH,13,1250.5
tsn2,tai15_15_01,15x15,MIXH,14,1248.0
tsn2,tai15_15_01,15x15,MIXH,15,1253.5
tsn2,tai15_15_01,15x15,MIXH,16,1253.5
tsn2,tai15_15_01,15x15,MIXH,17,1253.5
tsn2,tai15_15_01,15x15,MIXH,18,1248.0
tsn2,tai15_15_01,15x15,MIXH,19,1253.5
tsn2,tai15_15_01,15x15,MIXH,20,1253.5
tsn2,tai15_15_01,15x15,MIXH,21,1248.0
tsn2,tai15_15_01,15x15,MIXH,22,1253.5
tsn2,tai15_15_01,15x15,MIXH,23,1258.5
tsn2,tai15_15_01,15x15,MIXH,24,1250.5
tsn2,tai15_15_01,15x15,MIXH,25,1253.5
tsn2,tai15_15_01,15x15,MIXH,26,1253.5
tsn2,tai15_15_01,15x15,MIXH,27,1253.5
tsn2,tai15_15_01,15x15,MIXH,28,1250.5
tsn2,tai15_15_01,15x15,MIXH,29,1253.5
tsn2,tai15_15_01,15x15,MIXH,30,1253.5
tsn2,tai15_15_02,15x15,A0,1,1261.5
tsn2,tai15_15_02,15x15,A0,2,1255.5
tsn2,tai15_15_02,15x15,A0,3,1260.5
tsn2,tai15_15_02,15x15,A0,4,1260.5
tsn2,tai15_15_02,15x15,A0,5,1260.0
tsn2,tai15_15_02,15x15,A0,6,1261.5
tsn2,tai15_15_02,15x15,A0,7,1254.0
tsn2,tai15_15_02,15x15,A0,8,1261.5
tsn2,tai15_15_02,15x15,A0,9,1261.5
tsn2,tai15_15_02,15x15,A0,10,1273.0
tsn2,tai15_15_02,15x15,A0,11,1259.0
tsn2,tai15_15_02,15x15,A0,12,1270.0
tsn2,tai15_15_02,15x15,A0,13,1268.0
tsn2,tai15_15_02,15x15,A0,14,1269.5
tsn2,tai15_15_02,15x15,A0,15,1247.0
tsn2,tai15_15_02,15x15,A0,16,1274.0
tsn2,tai15_15_02,15x15,A0,17,1260.5
tsn2,tai15_15_02,15x15,A0,18,1271.5
tsn2,tai15_15_02,15x15,A0,19,1269.5
tsn2,tai15_15_02,15x15,A0,20,1280.0
tsn2,tai15_15_02,15x15,A0,21,1260.5
tsn2,tai15_15_02,15x15,A0,22,1270.0
tsn2,tai15_15_02,15x15,A0,23,1260.5
tsn2,tai15_15_02,15x15,A0,24,1269.5
tsn2,tai15_15_02,15x15,A0,25,1269.5
tsn2,tai15_15_02,15x15,A0,26,1258.0
tsn2,tai15_15_02,15x15,A0,27,1260.5
tsn2,tai15_15_02,15x15,A0,28,1263.5
tsn2,tai15_15_02,15x15,A0,29,1260.5
tsn2,tai15_15_02,15x15,A0,30,1273.0
tsn2,tai15_15_02,15x15,V2H,1,1288.5
tsn2,tai15_15_02,15x15,V2H,2,1272.0
tsn2,tai15_15_02,15x15,V2H,3,1282.5
tsn2,tai15_15_02,15x15,V2H,4,1267.0
tsn2,tai15_15_02,15x15,V2H,5,1270.0
tsn2,tai15_15_02,15x15,V2H,6,1287.0
tsn2,tai15_15_02,15x15,V2H,7,1272.0
tsn2,tai15_15_02,15x15,V2H,8,1273.0
tsn2,tai15_15_02,15x15,V2H,9,1274.0
tsn2,tai15_15_02,15x15,V2H,10,1288.5
tsn2,tai15_15_02,15x15,V2H,11,1274.0
tsn2,tai15_15_02,15x15,V2H,12,1273.0
tsn2,tai15_15_02,15x15,V2H,13,1271.5
tsn2,tai15_15_02,15x15,V2H,14,1263.0
tsn2,tai15_15_02,15x15,V2H,15,1273.0
tsn2,tai15_15_02,15x15,V2H,16,1288.5
tsn2,tai15_15_02,15x15,V2H,17,1282.5
tsn2,tai15_15_02,15x15,V2H,18,1273.0
tsn2,tai15_15_02,15x15,V2H,19,1275.0
tsn2,tai15_15_02,15x15,V2H,20,1288.5
tsn2,tai15_15_02,15x15,V2H,21,1272.0
tsn2,tai15_15_02,15x15,V2H,22,1273.5
tsn2,tai15_15_02,15x15,V2H,23,1271.5
tsn2,tai15_15_02,15x15,V2H,24,1282.5
tsn2,tai15_15_02,15x15,V2H,25,1282.5
tsn2,tai15_15_02,15x15,V2H,26,1265.0
tsn2,tai15_15_02,15x15,V2H,27,1277.5
tsn2,tai15_15_02,15x15,V2H,28,1271.5
tsn2,tai15_15_02,15x15,V2H,29,1275.0
tsn2,tai15_15_02,15x15,V2H,30,1271.5
tsn2,tai15_15_02,15x15,V2,1,1288.5
tsn2,tai15_15_02,15x15,V2,2,1282.5
tsn2,tai15_15_02,15x15,V2,3,1281.5
tsn2,tai15_15_02,15x15,V2,4,1270.5
tsn2,tai15_15_02,15x15,V2,5,1271.0
tsn2,tai15_15_02,15x15,V2,6,1283.0
tsn2,tai15_15_02,15x15,V2,7,1273.0
tsn2,tai15_15_02,15x15,V2,8,1273.0
tsn2,tai15_15_02,15x15,V2,9,1267.0
tsn2,tai15_15_02,15x15,V2,10,1271.5
tsn2,tai15_15_02,15x15,V2,11,1287.5
tsn2,tai15_15_02,15x15,V2,12,1273.0
tsn2,tai15_15_02,15x15,V2,13,1282.5
tsn2,tai15_15_02,15x15,V2,14,1271.5
tsn2,tai15_15_02,15x15,V2,15,1275.5
tsn2,tai15_15_02,15x15,V2,16,1282.5
tsn2,tai15_15_02,15x15,V2,17,1267.5
tsn2,tai15_15_02,15x15,V2,18,1271.5
tsn2,tai15_15_02,15x15,V2,19,1288.5
tsn2,tai15_15_02,15x15,V2,20,1275.5
tsn2,tai15_15_02,15x15,V2,21,1288.5
tsn2,tai15_15_02,15x15,V2,22,1271.5
tsn2,tai15_15_02,15x15,V2,23,1272.0
tsn2,tai15_15_02,15x15,V2,24,1288.5
tsn2,tai15_15_02,15x15,V2,25,1276.5
tsn2,tai15_15_02,15x15,V2,26,1268.5
tsn2,tai15_15_02,15x15,V2,27,1273.0
tsn2,tai15_15_02,15x15,V2,28,1273.0
tsn2,tai15_15_02,15x15,V2,29,1282.5
tsn2,tai15_15_02,15x15,V2,30,1271.0
tsn2,tai15_15_02,15x15,MOR,1,1278.0
tsn2,tai15_15_02,15x15,MOR,2,1274.0
tsn2,tai15_15_02,15x15,MOR,3,1282.5
tsn2,tai15_15_02,15x15,MOR,4,1282.5
tsn2,tai15_15_02,15x15,MOR,5,1278.0
tsn2,tai15_15_02,15x15,MOR,6,1256.5
tsn2,tai15_15_02,15x15,MOR,7,1269.5
tsn2,tai15_15_02,15x15,MOR,8,1264.0
tsn2,tai15_15_02,15x15,MOR,9,1274.0
tsn2,tai15_15_02,15x15,MOR,10,1272.0
tsn2,tai15_15_02,15x15,MOR,11,1282.5
tsn2,tai15_15_02,15x15,MOR,12,1282.5
tsn2,tai15_15_02,15x15,MOR,13,1298.0
tsn2,tai15_15_02,15x15,MOR,14,1258.0
tsn2,tai15_15_02,15x15,MOR,15,1278.0
tsn2,tai15_15_02,15x15,MOR,16,1279.5
tsn2,tai15_15_02,15x15,MOR,17,1264.5
tsn2,tai15_15_02,15x15,MOR,18,1278.0
tsn2,tai15_15_02,15x15,MOR,19,1280.0
tsn2,tai15_15_02,15x15,MOR,20,1281.5
tsn2,tai15_15_02,15x15,MOR,21,1274.0
tsn2,tai15_15_02,15x15,MOR,22,1269.5
tsn2,tai15_15_02,15x15,MOR,23,1278.0
tsn2,tai15_15_02,15x15,MOR,24,1277.0
tsn2,tai15_15_02,15x15,MOR,25,1280.0
tsn2,tai15_15_02,15x15,MOR,26,1278.0
tsn2,tai15_15_02,15x15,MOR,27,1280.0
tsn2,tai15_15_02,15x15,MOR,28,1282.5
tsn2,tai15_15_02,15x15,MOR,29,1276.5
tsn2,tai15_15_02,15x15,MOR,30,1277.0
tsn2,tai15_15_02,15x15,GT,1,1285.5
tsn2,tai15_15_02,15x15,GT,2,1275.0
tsn2,tai15_15_02,15x15,GT,3,1277.5
tsn2,tai15_15_02,15x15,GT,4,1283.0
tsn2,tai15_15_02,15x15,GT,5,1277.5
tsn2,tai15_15_02,15x15,GT,6,1272.0
tsn2,tai15_15_02,15x15,GT,7,1268.0
tsn2,tai15_15_02,15x15,GT,8,1272.0
tsn2,tai15_15_02,15x15,GT,9,1285.5
tsn2,tai15_15_02,15x15,GT,10,1269.5
tsn2,tai15_15_02,15x15,GT,11,1287.0
tsn2,tai15_15_02,15x15,GT,12,1285.5
tsn2,tai15_15_02,15x15,GT,13,1282.5
tsn2,tai15_15_02,15x15,GT,14,1277.5
tsn2,tai15_15_02,15x15,GT,15,1284.5
tsn2,tai15_15_02,15x15,GT,16,1282.0
tsn2,tai15_15_02,15x15,GT,17,1283.0
tsn2,tai15_15_02,15x15,GT,18,1273.5
tsn2,tai15_15_02,15x15,GT,19,1269.5
tsn2,tai15_15_02,15x15,GT,20,1283.5
tsn2,tai15_15_02,15x15,GT,21,1286.0
tsn2,tai15_15_02,15x15,GT,22,1277.5
tsn2,tai15_15_02,15x15,GT,23,1275.0
tsn2,tai15_15_02,15x15,GT,24,1277.5
tsn2,tai15_15_02,15x15,GT,25,1269.5
tsn2,tai15_15_02,15x15,GT,26,1277.5
tsn2,tai15_15_02,15x15,GT,27,1269.5
tsn2,tai15_15_02,15x15,GT,28,1273.5
tsn2,tai15_15_02,15x15,GT,29,1282.5
tsn2,tai15_15_02,15x15,GT,30,1277.5
tsn2,tai15_15_02,15x15,GP,1,1283.0
tsn2,tai15_15_02,15x15,GP,2,1283.0
tsn2,tai15_15_02,15x15,GP,3,1268.0
tsn2,tai15_15_02,15x15,GP,4,1275.5
tsn2,tai15_15_02,15x15,GP,5,1277.5
tsn2,tai15_15_02,15x15,GP,6,1275.5
tsn2,tai15_15_02,15x15,GP,7,1274.5
tsn2,tai15_15_02,15x15,GP,8,1281.5
tsn2,tai15_15_02,15x15,GP,9,1271.0
tsn2,tai15_15_02,15x15,GP,10,1281.5
tsn2,tai15_15_02,15x15,GP,11,1275.5
tsn2,tai15_15_02,15x15,GP,12,1275.5
tsn2,tai15_15_02,15x15,GP,13,1281.5
tsn2,tai15_15_02,15x15,GP,14,1281.5
tsn2,tai15_15_02,15x15,GP,15,1275.5
tsn2,tai15_15_02,15x15,GP,16,1277.5
tsn2,tai15_15_02,15x15,GP,17,1275.5
tsn2,tai15_15_02,15x15,GP,18,1273.5
tsn2,tai15_15_02,15x15,GP,19,1269.5
tsn2,tai15_15_02,15x15,GP,20,1269.5
tsn2,tai15_15_02,15x15,GP,21,1283.0
tsn2,tai15_15_02,15x15,GP,22,1276.0
tsn2,tai15_15_02,15x15,GP,23,1278.5
tsn2,tai15_15_02,15x15,GP,24,1277.5
tsn2,tai15_15_02,15x15,GP,25,1269.5
tsn2,tai15_15_02,15x15,GP,26,1274.0
tsn2,tai15_15_02,15x15,GP,27,1275.5
tsn2,tai15_15_02,15x15,GP,28,1277.5
tsn2,tai15_15_02,15x15,GP,29,1277.5
tsn2,tai15_15_02,15x15,GP,30,1281.5
tsn2,tai15_15_02,15x15,MIX,1,1261.5
tsn2,tai15_15_02,15x15,MIX,2,1268.0
tsn2,tai15_15_02,15x15,MIX,3,1281.5
tsn2,tai15_15_02,15x15,MIX,4,1269.5
tsn2,tai15_15_02,15x15,MIX,5,1274.0
tsn2,tai15_15_02,15x15,MIX,6,1273.0
tsn2,tai15_15_02,15x15,MIX,7,1271.0
tsn2,tai15_15_02,15x15,MIX,8,1268.0
tsn2,tai15_15_02,15x15,MIX,9,1268.0
tsn2,tai15_15_02,15x15,MIX,10,1278.5
tsn2,tai15_15_02,15x15,MIX,11,1269.5
tsn2,tai15_15_02,15x15,MIX,12,1271.0
tsn2,tai15_15_02,15x15,MIX,13,1268.0
tsn2,tai15_15_02,15x15,MIX,14,1274.5
tsn2,tai15_15_02,15x15,MIX,15,1281.5
tsn2,tai15_15_02,15x15,MIX,16,1279.0
tsn2,tai15_15_02,15x15,MIX,17,1269.5
tsn2,tai15_15_02,15x15,MIX,18,1268.5
tsn2,tai15_15_02,15x15,MIX,19,1268.0
tsn2,tai15_15_02,15x15,MIX,20,1272.0
tsn2,tai15_15_02,15x15,MIX,21,1269.5
tsn2,tai15_15_02,15x15,MIX,22,1266.0
tsn2,tai15_15_02,15x15,MIX,23,1268.0
tsn2,tai15_15_02,15x15,MIX,24,1261.5
tsn2,tai15_15_02,15x15,MIX,25,1274.0
tsn2,tai15_15_02,15x15,MIX,26,1269.5
tsn2,tai15_15_02,15x15,MIX,27,1275.0
tsn2,tai15_15_02,15x15,MIX,28,1267.5
tsn2,tai15_15_02,15x15,MIX,29,1269.5
tsn2,tai15_15_02,15x15,MIX,30,1261.5
tsn2,tai15_15_02,15x15,MIXH,1,1261.5
tsn2,tai15_15_02,15x15,MIXH,2,1259.0
tsn2,tai15_15_02,15x15,MIXH,3,1275.5
tsn2,tai15_15_02,15x15,MIXH,4,1275.5
tsn2,tai15_15_02,15x15,MIXH,5,1269.5
tsn2,tai15_15_02,15x15,MIXH,6,1261.5
tsn2,tai15_15_02,15x15,MIXH,7,1276.5
tsn2,tai15_15_02,15x15,MIXH,8,1274.5
tsn2,tai15_15_02,15x15,MIXH,9,1288.5
tsn2,tai15_15_02,15x15,MIXH,10,1268.0
tsn2,tai15_15_02,15x15,MIXH,11,1269.5
tsn2,tai15_15_02,15x15,MIXH,12,1269.5
tsn2,tai15_15_02,15x15,MIXH,13,1259.0
tsn2,tai15_15_02,15x15,MIXH,14,1275.5
tsn2,tai15_15_02,15x15,MIXH,15,1288.5
tsn2,tai15_15_02,15x15,MIXH,16,1268.0
tsn2,tai15_15_02,15x15,MIXH,17,1261.5
tsn2,tai15_15_02,15x15,MIXH,18,1275.5
tsn2,tai15_15_02,15x15,MIXH,19,1269.5
tsn2,tai15_15_02,15x15,MIXH,20,1276.5
tsn2,tai15_15_02,15x15,MIXH,21,1283.0
tsn2,tai15_15_02,15x15,MIXH,22,1276.5
tsn2,tai15_15_02,15x15,MIXH,23,1259.5
tsn2,tai15_15_02,15x15,MIXH,24,1268.5
tsn2,tai15_15_02,15x15,MIXH,25,1270.5
tsn2,tai15_15_02,15x15,MIXH,26,1269.5
tsn2,tai15_15_02,15x15,MIXH,27,1261.5
tsn2,tai15_15_02,15x15,MIXH,28,1265.0
tsn2,tai15_15_02,15x15,MIXH,29,1269.5
tsn2,tai15_15_02,15x15,MIXH,30,1268.5
tsn2,tai15_15_03,15x15,A0,1,1241.0
tsn2,tai15_15_03,15x15,A0,2,1241.0
tsn2,tai15_15_03,15x15,A0,3,1242.5
tsn2,tai15_15_03,15x15,A0,4,1239.0
tsn2,tai15_15_03,15x15,A0,5,1242.5
tsn2,tai15_15_03,15x15,A0,6,1244.5
tsn2,tai15_15_03,15x15,A0,7,1254.5
tsn2,tai15_15_03,15x15,A0,8,1254.5
tsn2,tai15_15_03,15x15,A0,9,1250.5
tsn2,tai15_15_03,15x15,A0,10,1247.5
tsn2,tai15_15_03,15x15,A0,11,1254.5
tsn2,tai15_15_03,15x15,A0,12,1256.0
tsn2,tai15_15_03,15x15,A0,13,1238.0
tsn2,tai15_15_03,15x15,A0,14,1242.5
tsn2,tai15_15_03,15x15,A0,15,1246.0
tsn2,tai15_15_03,15x15,A0,16,1247.5
tsn2,tai15_15_03,15x15,A0,17,1243.0
tsn2,tai15_15_03,15x15,A0,18,1254.5
tsn2,tai15_15_03,15x15,A0,19,1244.5
tsn2,tai15_15_03,15x15,A0,20,1231.5
tsn2,tai15_15_03,15x15,A0,21,1242.0
tsn2,tai15_15_03,15x15,A0,22,1254.5
tsn2,tai15_15_03,15x15,A0,23,1248.0
tsn2,tai15_15_03,15x15,A0,24,1241.5
tsn2,tai15_15_03,15x15,A0,25,1244.5
tsn2,tai15_15_03,15x15,A0,26,1248.0
tsn2,tai15_15_03,15x15,A0,27,1244.5
tsn2,tai15_15_03,15x15,A0,28,1254.5
tsn2,tai15_15_03,15x15,A0,29,1247.0
tsn2,tai15_15_03,15x15,A0,30,1242.5
tsn2,tai15_15_03,15x15,V2H,1,1245.5
tsn2,tai15_15_03,15x15,V2H,2,1248.0
tsn2,tai15_15_03,15x15,V2H,3,1248.0
tsn2,tai15_15_03,15x15,V2H,4,1261.5
tsn2,tai15_15_03,15x15,V2H,5,1239.5
tsn2,tai15_15_03,15x15,V2H,6,1253.5
tsn2,tai15_15_03,15x15,V2H,7,1254.5
tsn2,tai15_15_03,15x15,V2H,8,1245.5
tsn2,tai15_15_03,15x15,V2H,9,1246.0
tsn2,tai15_15_03,15x15,V2H,10,1247.5
tsn2,tai15_15_03,15x15,V2H,11,1244.0
tsn2,tai15_15_03,15x15,V2H,12,1249.5
tsn2,tai15_15_03,15x15,V2H,13,1254.5
tsn2,tai15_15_03,15x15,V2H,14,1241.0
tsn2,tai15_15_03,15x15,V2H,15,1248.0
tsn2,tai15_15_03,15x15,V2H,16,1256.5
tsn2,tai15_15_03,15x15,V2H,17,1254.5
tsn2,tai15_15_03,15x15,V2H,18,1254.5
tsn2,tai15_15_03,15x15,V2H,19,1249.5
tsn2,tai15_15_03,15x15,V2H,20,1254.5
tsn2,tai15_15_03,15x15,V2H,21,1254.5
tsn2,tai15_15_03,15x15,V2H,22,1247.5
tsn2,tai15_15_03,15x15,V2H,23,1248.0
tsn2,tai15_15_03,15x15,V2H,24,1246.0
tsn2,tai15_15_03,15x15,V2H,25,1244.5
tsn2,tai15_15_03,15x15,V2H,26,1245.5
tsn2,tai15_15_03,15x15,V2H,27,1243.0
tsn2,tai15_15_03,15x15,V2H,28,1242.5
tsn2,tai15_15_03,15x15,V2H,29,1254.5
tsn2,tai15_15_03,15x15,V2H,30,1254.5
tsn2,tai15_15_03,15x15,V2,1,1256.5
tsn2,tai15_15_03,15x15,V2,2,1244.5
tsn2,tai15_15_03,15x15,V2,3,1251.5
tsn2,tai15_15_03,15x15,V2,4,1257.5
tsn2,tai15_15_03,15x15,V2,5,1254.0
tsn2,tai15_15_03,15x15,V2,6,1240.5
tsn2,tai15_15_03,15x15,V2,7,1249.5
tsn2,tai15_15_03,15x15,V2,8,1271.0
tsn2,tai15_15_03,15x15,V2,9,1250.0
tsn2,tai15_15_03,15x15,V2,10,1242.5
tsn2,tai15_15_03,15x15,V2,11,1242.5
tsn2,tai15_15_03,15x15,V2,12,1248.0
tsn2,tai15_15_03,15x15,V2,13,1238.5
tsn2,tai15_15_03,15x15,V2,14,1258.5
tsn2,tai15_15_03,15x15,V2,15,1258.5
tsn2,tai15_15_03,15x15,V2,16,1253.0
tsn2,tai15_15_03,15x15,V2,17,1248.0
tsn2,tai15_15_03,15x15,V2,18,1252.5
tsn2,tai15_15_03,15x15,V2,19,1254.5
tsn2,tai15_15_03,15x15,V2,20,1256.5
tsn2,tai15_15_03,15x15,V2,21,1253.0
tsn2,tai15_15_03,15x15,V2,22,1250.5
tsn2,tai15_15_03,15x15,V2,23,1248.0
tsn2,tai15_15_03,15x15,V2,24,1251.5
tsn2,tai15_15_03,15x15,V2,25,1254.5
tsn2,tai15_15_03,15x15,V2,26,1257.5
tsn2,tai15_15_03,15x15,V2,27,1238.0
tsn2,tai15_15_03,15x15,V2,28,1245.5
tsn2,tai15_15_03,15x15,V2,29,1254.5
tsn2,tai15_15_03,15x15,V2,30,1243.0
tsn2,tai15_15_03,15x15,MOR,1,1248.0
tsn2,tai15_15_03,15x15,MOR,2,1272.5
tsn2,tai15_15_03,15x15,MOR,3,1246.0
tsn2,tai15_15_03,15x15,MOR,4,1272.5
tsn2,tai15_15_03,15x15,MOR,5,1264.5
tsn2,tai15_15_03,15x15,MOR,6,1254.5
tsn2,tai15_15_03,15x15,MOR,7,1252.5
tsn2,tai15_15_03,15x15,MOR,8,1239.0
tsn2,tai15_15_03,15x15,MOR,9,1272.5
tsn2,tai15_15_03,15x15,MOR,10,1271.5
tsn2,tai15_15_03,15x15,MOR,11,1253.5
tsn2,tai15_15_03,15x15,MOR,12,1272.5
tsn2,tai15_15_03,15x15,MOR,13,1272.5
tsn2,tai15_15_03,15x15,MOR,14,1272.5
tsn2,tai15_15_03,15x15,MOR,15,1255.0
tsn2,tai15_15_03,15x15,MOR,16,1256.0
tsn2,tai15_15_03,15x15,MOR,17,1272.5
tsn2,tai15_15_03,15x15,MOR,18,1245.5
tsn2,tai15_15_03,15x15,MOR,19,1264.5
tsn2,tai15_15_03,15x15,MOR,20,1272.5
tsn2,tai15_15_03,15x15,MOR,21,1272.5
tsn2,tai15_15_03,15x15,MOR,22,1255.0
tsn2,tai15_15_03,15x15,MOR,23,1245.5
tsn2,tai15_15_03,15x15,MOR,24,1275.5
tsn2,tai15_15_03,15x15,MOR,25,1285.5
tsn2,tai15_15_03,15x15,MOR,26,1272.5
tsn2,tai15_15_03,15x15,MOR,27,1275.5
tsn2,tai15_15_03,15x15,MOR,28,1238.5
tsn2,tai15_15_03,15x15,MOR,29,1261.5
tsn2,tai15_15_03,15x15,MOR,30,1247.0
tsn2,tai15_15_03,15x15,GT,1,1254.5
tsn2,tai15_15_03,15x15,GT,2,1252.5
tsn2,tai15_15_03,15x15,GT,3,1266.5
tsn2,tai15_15_03,15x15,GT,4,1251.5
tsn2,tai15_15_03,15x15,GT,5,1264.0
tsn2,tai15_15_03,15x15,GT,6,1266.5
tsn2,tai15_15_03,15x15,GT,7,1266.5
tsn2,tai15_15_03,15x15,GT,8,1266.5
tsn2,tai15_15_03,15x15,GT,9,1256.0
tsn2,tai15_15_03,15x15,GT,10,1254.5
tsn2,tai15_15_03,15x15,GT,11,1256.0
tsn2,tai15_15_03,15x15,GT,12,1266.5
tsn2,tai15_15_03,15x15,GT,13,1254.5
tsn2,tai15_15_03,15x15,GT,14,1256.0
tsn2,tai15_15_03,15x15,GT,15,1254.5
tsn2,tai15_15_03,15x15,GT,16,1254.5
tsn2,tai15_15_03,15x15,GT,17,1254.5
tsn2,tai15_15_03,15x15,GT,18,1251.5
tsn2,tai15_15_03,15x15,GT,19,1260.5
tsn2,tai15_15_03,15x15,GT,20,1266.5
tsn2,tai15_15_03,15x15,GT,21,1266.5
tsn2,tai15_15_03,15x15,GT,22,1266.5
tsn2,tai15_15_03,15x15,GT,23,1266.5
tsn2,tai15_15_03,15x15,GT,24,1256.0
tsn2,tai15_15_03,15x15,GT,25,1258.0
tsn2,tai15_15_03,15x15,GT,26,1254.5
tsn2,tai15_15_03,15x15,GT,27,1261.5
tsn2,tai15_15_03,15x15,GT,28,1256.0
tsn2,tai15_15_03,15x15,GT,29,1261.0
tsn2,tai15_15_03,15x15,GT,30,1256.0
tsn2,tai15_15_03,15x15,GP,1,1250.5
tsn2,tai15_15_03,15x15,GP,2,1244.5
tsn2,tai15_15_03,15x15,GP,3,1244.5
tsn2,tai15_15_03,15x15,GP,4,1256.0
tsn2,tai15_15_03,15x15,GP,5,1244.5
tsn2,tai15_15_03,15x15,GP,6,1246.0
tsn2,tai15_15_03,15x15,GP,7,1244.5
tsn2,tai15_15_03,15x15,GP,8,1248.0
tsn2,tai15_15_03,15x15,GP,9,1244.5
tsn2,tai15_15_03,15x15,GP,10,1244.5
tsn2,tai15_15_03,15x15,GP,11,1249.5
tsn2,tai15_15_03,15x15,GP,12,1256.0
tsn2,tai15_15_03,15x15,GP,13,1244.5
tsn2,tai15_15_03,15x15,GP,14,1244.5
tsn2,tai15_15_03,15x15,GP,15,1250.5
tsn2,tai15_15_03,15x15,GP,16,1250.5
tsn2,tai15_15_03,15x15,GP,17,1250.5
tsn2,tai15_15_03,15x15,GP,18,1242.0
tsn2,tai15_15_03,15x15,GP,19,1237.5
tsn2,tai15_15_03,15x15,GP,20,1250.5
tsn2,tai15_15_03,15x15,GP,21,1244.5
tsn2,tai15_15_03,15x15,GP,22,1244.5
tsn2,tai15_15_03,15x15,GP,23,1244.5
tsn2,tai15_15_03,15x15,GP,24,1250.5
tsn2,tai15_15_03,15x15,GP,25,1244.5
tsn2,tai15_15_03,15x15,GP,26,1244.5
tsn2,tai15_15_03,15x15,GP,27,1252.0
tsn2,tai15_15_03,15x15,GP,28,1250.5
tsn2,tai15_15_03,15x15,GP,29,1255.0
tsn2,tai15_15_03,15x15,GP,30,1250.5
tsn2,tai15_15_03,15x15,MIX,1,1242.5
tsn2,tai15_15_03,15x15,MIX,2,1242.5
tsn2,tai15_15_03,15x15,MIX,3,1248.0
tsn2,tai15_15_03,15x15,MIX,4,1254.5
tsn2,tai15_15_03,15x15,MIX,5,1245.5
tsn2,tai15_15_03,15x15,MIX,6,1240.5
tsn2,tai15_15_03,15x15,MIX,7,1242.0
tsn2,tai15_15_03,15x15,MIX,8,1248.0
tsn2,tai15_15_03,15x15,MIX,9,1245.5
tsn2,tai15_15_03,15x15,MIX,10,1234.5
tsn2,tai15_15_03,15x15,MIX,11,1254.5
tsn2,tai15_15_03,15x15,MIX,12,1244.5
tsn2,tai15_15_03,15x15,MIX,13,1256.0
tsn2,tai15_15_03,15x15,MIX,14,1249.5
tsn2,tai15_15_03,15x15,MIX,15,1248.0
tsn2,tai15_15_03,15x15,MIX,16,1253.0
tsn2,tai15_15_03,15x15,MIX,17,1239.5
tsn2,tai15_15_03,15x15,MIX,18,1259.0
tsn2,tai15_15_03,15x15,MIX,19,1256.0
tsn2,tai15_15_03,15x15,MIX,20,1249.5
tsn2,tai15_15_03,15x15,MIX,21,1244.5
tsn2,tai15_15_03,15x15,MIX,22,1237.5
tsn2,tai15_15_03,15x15,MIX,23,1246.5
tsn2,tai15_15_03,15x15,MIX,24,1248.0
tsn2,tai15_15_03,15x15,MIX,25,1244.5
tsn2,tai15_15_03,15x15,MIX,26,1239.0
tsn2,tai15_15_03,15x15,MIX,27,1254.5
tsn2,tai15_15_03,15x15,MIX,28,1244.5
tsn2,tai15_15_03,15x15,MIX,29,1250.5
tsn2,tai15_15_03,15x15,MIX,30,1253.0
tsn2,tai15_15_03,15x15,MIXH,1,1244.5
tsn2,tai15_15_03,15x15,MIXH,2,1237.5
tsn2,tai15_15_03,15x15,MIXH,3,1244.5
tsn2,tai15_15_03,15x15,MIXH,4,1246.0
tsn2,tai15_15_03,15x15,MIXH,5,1244.5
tsn2,tai15_15_03,15x15,MIXH,6,1242.0
tsn2,tai15_15_03,15x15,MIXH,7,1237.5
tsn2,tai15_15_03,15x15,MIXH,8,1262.0
tsn2,tai15_15_03,15x15,MIXH,9,1238.5
tsn2,tai15_15_03,15x15,MIXH,10,1238.5
tsn2,tai15_15_03,15x15,MIXH,11,1252.5
tsn2,tai15_15_03,15x15,MIXH,12,1244.5
tsn2,tai15_15_03,15x15,MIXH,13,1237.5
tsn2,tai15_15_03,15x15,MIXH,14,1252.5
tsn2,tai15_15_03,15x15,MIXH,15,1243.0
tsn2,tai15_15_03,15x15,MIXH,16,1244.5
tsn2,tai15_15_03,15x15,MIXH,17,1248.5
tsn2,tai15_15_03,15x15,MIXH,18,1244.5
tsn2,tai15_15_03,15x15,MIXH,19,1239.5
tsn2,tai15_15_03,15x15,MIXH,20,1244.5
tsn2,tai15_15_03,15x15,MIXH,21,1243.0
tsn2,tai15_15_03,15x15,MIXH,22,1242.0
tsn2,tai15_15_03,15x15,MIXH,23,1244.5
tsn2,tai15_15_03,15x15,MIXH,24,1244.5
tsn2,tai15_15_03,15x15,MIXH,25,1249.0
tsn2,tai15_15_03,15x15,MIXH,26,1241.5
tsn2,tai15_15_03,15x15,MIXH,27,1244.5
tsn2,tai15_15_03,15x15,MIXH,28,1244.5
tsn2,tai15_15_03,15x15,MIXH,29,1238.5
tsn2,tai15_15_03,15x15,MIXH,30,1239.0
tsn2,tai15_15_04,15x15,A0,1,1186.0
tsn2,tai15_15_04,15x15,A0,2,1198.5
tsn2,tai15_15_04,15x15,A0,3,1197.5
tsn2,tai15_15_04,15x15,A0,4,1179.5
tsn2,tai15_15_04,15x15,A0,5,1179.5
tsn2,tai15_15_04,15x15,A0,6,1186.0
tsn2,tai15_15_04,15x15,A0,7,1186.0
tsn2,tai15_15_04,15x15,A0,8,1179.5
tsn2,tai15_15_04,15x15,A0,9,1202.5
tsn2,tai15_15_04,15x15,A0,10,1196.5
tsn2,tai15_15_04,15x15,A0,11,1186.0
tsn2,tai15_15_04,15x15,A0,12,1179.0
tsn2,tai15_15_04,15x15,A0,13,1179.5
tsn2,tai15_15_04,15x15,A0,14,1186.0
tsn2,tai15_15_04,15x15,A0,15,1186.0
tsn2,tai15_15_04,15x15,A0,16,1189.5
tsn2,tai15_15_04,15x15,A0,17,1196.5
tsn2,tai15_15_04,15x15,A0,18,1196.0
tsn2,tai15_15_04,15x15,A0,19,1186.0
tsn2,tai15_15_04,15x15,A0,20,1186.0
tsn2,tai15_15_04,15x15,A0,21,1179.0
tsn2,tai15_15_04,15x15,A0,22,1186.0
tsn2,tai15_15_04,15x15,A0,23,1179.5
tsn2,tai15_15_04,15x15,A0,24,1179.5
tsn2,tai15_15_04,15x15,A0,25,1179.5
tsn2,tai15_15_04,15x15,A0,26,1202.0
tsn2,tai15_15_04,15x15,A0,27,1198.5
tsn2,tai15_15_04,15x15,A0,28,1179.5
tsn2,tai15_15_04,15x15,A0,29,1186.0
tsn2,tai15_15_04,15x15,A0,30,1197.0
tsn2,tai15_15_04,15x15,V2H,1,1197.5
tsn2,tai15_15_04,15x15,V2H,2,1198.0
tsn2,tai15_15_04,15x15,V2H,3,1186.5
tsn2,tai15_15_04,15x15,V2H,4,1179.5
tsn2,tai15_15_04,15x15,V2H,5,1186.0
tsn2,tai15_15_04,15x15,V2H,6,1179.5
tsn2,tai15_15_04,15x15,V2H,7,1179.0
tsn2,tai15_15_04,15x15,V2H,8,1196.5
tsn2,tai15_15_04,15x15,V2H,9,1193.0
tsn2,tai15_15_04,15x15,V2H,10,1186.0
tsn2,tai15_15_04,15x15,V2H,11,1214.0
tsn2,tai15_15_04,15x15,V2H,12,1186.0
tsn2,tai15_15_04,15x15,V2H,13,1186.0
tsn2,tai15_15_04,15x15,V2H,14,1186.0
tsn2,tai15_15_04,15x15,V2H,15,1198.5
tsn2,tai15_15_04,15x15,V2H,16,1196.0
tsn2,tai15_15_04,15x15,V2H,17,1197.5
tsn2,tai15_15_04,15x15,V2H,18,1198.0
tsn2,tai15_15_04,15x15,V2H,19,1186.0
tsn2,tai15_15_04,15x15,V2H,20,1192.0
tsn2,tai15_15_04,15x15,V2H,21,1192.0
tsn2,tai15_15_04,15x15,V2H,22,1196.5
tsn2,tai15_15_04,15x15,V2H,23,1179.0
tsn2,tai15_15_04,15x15,V2H,24,1179.5
tsn2,tai15_15_04,15x15,V2H,25,1179.5
tsn2,tai15_15_04,15x15,V2H,26,1196.5
tsn2,tai15_15_04,15x15,V2H,27,1198.0
tsn2,tai15_15_04,15x15,V2H,28,1186.0
tsn2,tai15_15_04,15x15,V2H,29,1179.5
tsn2,tai15_15_04,15x15,V2H,30,1196.5
tsn2,tai15_15_04,15x15,V2,1,1196.5
tsn2,tai15_15_04,15x15,V2,2,1186.0
tsn2,tai15_15_04,15x15,V2,3,1192.0
tsn2,tai15_15_04,15x15,V2,4,1196.5
tsn2,tai15_15_04,15x15,V2,5,1188.0
tsn2,tai15_15_04,15x15,V2,6,1186.5
tsn2,tai15_15_04,15x15,V2,7,1192.0
tsn2,tai15_15_04,15x15,V2,8,1189.5
tsn2,tai15_15_04,15x15,V2,9,1186.0
tsn2,tai15_15_04,15x15,V2,10,1179.5
tsn2,tai15_15_04,15x15,V2,11,1186.0
tsn2,tai15_15_04,15x15,V2,12,1196.5
tsn2,tai15_15_04,15x15,V2,13,1198.5
tsn2,tai15_15_04,15x15,V2,14,1186.0
tsn2,tai15_15_04,15x15,V2,15,1186.0
tsn2,tai15_15_04,15x15,V2,16,1179.5
tsn2,tai15_15_04,15x15,V2,17,1186.0
tsn2,tai15_15_04,15x15,V2,18,1186.0
tsn2,tai15_15_04,15x15,V2,19,1186.0
tsn2,tai15_15_04,15x15,V2,20,1179.5
tsn2,tai15_15_04,15x15,V2,21,1196.5
tsn2,tai15_15_04,15x15,V2,22,1193.0
tsn2,tai15_15_04,15x15,V2,23,1191.5
tsn2,tai15_15_04,15x15,V2,24,1179.5
tsn2,tai15_15_04,15x15,V2,25,1179.5
tsn2,tai15_15_04,15x15,V2,26,1186.0
tsn2,tai15_15_04,15x15,V2,27,1179.0
tsn2,tai15_15_04,15x15,V2,28,1186.0
tsn2,tai15_15_04,15x15,V2,29,1196.5
tsn2,tai15_15_04,15x15,V2,30,1191.5
tsn2,tai15_15_04,15x15,MOR,1,1186.0
tsn2,tai15_15_04,15x15,MOR,2,1186.0
tsn2,tai15_15_04,15x15,MOR,3,1191.5
tsn2,tai15_15_04,15x15,MOR,4,1212.5
tsn2,tai15_15_04,15x15,MOR,5,1211.0
tsn2,tai15_15_04,15x15,MOR,6,1186.0
tsn2,tai15_15_04,15x15,MOR,7,1196.5
tsn2,tai15_15_04,15x15,MOR,8,1220.5
tsn2,tai15_15_04,15x15,MOR,9,1203.5
tsn2,tai15_15_04,15x15,MOR,10,1186.0
tsn2,tai15_15_04,15x15,MOR,11,1188.0
tsn2,tai15_15_04,15x15,MOR,12,1193.0
tsn2,tai15_15_04,15x15,MOR,13,1188.0
tsn2,tai15_15_04,15x15,MOR,14,1186.0
tsn2,tai15_15_04,15x15,MOR,15,1186.0
tsn2,tai15_15_04,15x15,MOR,16,1186.0
tsn2,tai15_15_04,15x15,MOR,17,1227.0
tsn2,tai15_15_04,15x15,MOR,18,1186.0
tsn2,tai15_15_04,15x15,MOR,19,1186.0
tsn2,tai15_15_04,15x15,MOR,20,1186.0
tsn2,tai15_15_04,15x15,MOR,21,1192.0
tsn2,tai15_15_04,15x15,MOR,22,1188.5
tsn2,tai15_15_04,15x15,MOR,23,1192.0
tsn2,tai15_15_04,15x15,MOR,24,1186.0
tsn2,tai15_15_04,15x15,MOR,25,1197.5
tsn2,tai15_15_04,15x15,MOR,26,1192.0
tsn2,tai15_15_04,15x15,MOR,27,1188.0
tsn2,tai15_15_04,15x15,MOR,28,1186.0
tsn2,tai15_15_04,15x15,MOR,29,1218.5
tsn2,tai15_15_04,15x15,MOR,30,1186.0
tsn2,tai15_15_04,15x15,GT,1,1186.0
tsn2,tai15_15_04,15x15,GT,2,1188.5
tsn2,tai15_15_04,15x15,GT,3,1188.0
tsn2,tai15_15_04,15x15,GT,4,1188.0
tsn2,tai15_15_04,15x15,GT,5,1186.0
tsn2,tai15_15_04,15x15,GT,6,1198.0
tsn2,tai15_15_04,15x15,GT,7,1186.0
tsn2,tai15_15_04,15x15,GT,8,1188.0
tsn2,tai15_15_04,15x15,GT,9,1209.0
tsn2,tai15_15_04,15x15,GT,10,1186.0
tsn2,tai15_15_04,15x15,GT,11,1188.0
tsn2,tai15_15_04,15x15,GT,12,1188.0
tsn2,tai15_15_04,15x15,GT,13,1188.0
tsn2,tai15_15_04,15x15,GT,14,1188.0
tsn2,tai15_15_04,15x15,GT,15,1198.0
tsn2,tai15_15_04,15x15,GT,16,1195.0
tsn2,tai15_15_04,15x15,GT,17,1209.0
tsn2,tai15_15_04,15x15,GT,18,1188.0
tsn2,tai15_15_04,15x15,GT,19,1188.0
tsn2,tai15_15_04,15x15,GT,20,1188.5
tsn2,tai15_15_04,15x15,GT,21,1188.0
tsn2,tai15_15_04,15x15,GT,22,1186.0
tsn2,tai15_15_04,15x15,GT,23,1203.5
tsn2,tai15_15_04,15x15,GT,24,1186.0
tsn2,tai15_15_04,15x15,GT,25,1186.0
tsn2,tai15_15_04,15x15,GT,26,1198.0
tsn2,tai15_15_04,15x15,GT,27,1188.0
tsn2,tai15_15_04,15x15,GT,28,1188.0
tsn2,tai15_15_04,15x15,GT,29,1188.0
tsn2,tai15_15_04,15x15,GT,30,1188.0
tsn2,tai15_15_04,15x15,GP,1,1210.0
tsn2,tai15_15_04,15x15,GP,2,1197.5
tsn2,tai15_15_04,15x15,GP,3,1210.0
tsn2,tai15_15_04,15x15,GP,4,1186.0
tsn2,tai15_15_04,15x15,GP,5,1210.0
tsn2,tai15_15_04,15x15,GP,6,1210.0
tsn2,tai15_15_04,15x15,GP,7,1210.0
tsn2,tai15_15_04,15x15,GP,8,1188.0
tsn2,tai15_15_04,15x15,GP,9,1210.0
tsn2,tai15_15_04,15x15,GP,10,1210.0
tsn2,tai15_15_04,15x15,GP,11,1210.0
tsn2,tai15_15_04,15x15,GP,12,1186.0
tsn2,tai15_15_04,15x15,GP,13,1201.5
tsn2,tai15_15_04,15x15,GP,14,1205.0
tsn2,tai15_15_04,15x15,GP,15,1188.0
tsn2,tai15_15_04,15x15,GP,16,1186.0
tsn2,tai15_15_04,15x15,GP,17,1188.0
tsn2,tai15_15_04,15x15,GP,18,1210.0
tsn2,tai15_15_04,15x15,GP,19,1188.0
tsn2,tai15_15_04,15x15,GP,20,1186.0
tsn2,tai15_15_04,15x15,GP,21,1186.0
tsn2,tai15_15_04,15x15,GP,22,1210.0
tsn2,tai15_15_04,15x15,GP,23,1186.0
tsn2,tai15_15_04,15x15,GP,24,1210.0
tsn2,tai15_15_04,15x15,GP,25,1210.0
tsn2,tai15_15_04,15x15,GP,26,1199.0
tsn2,tai15_15_04,15x15,GP,27,1210.0
tsn2,tai15_15_04,15x15,GP,28,1186.0
tsn2,tai15_15_04,15x15,GP,29,1186.0
tsn2,tai15_15_04,15x15,GP,30,1210.0
tsn2,tai15_15_04,15x15,MIX,1,1186.0
tsn2,tai15_15_04,15x15,MIX,2,1188.0
tsn2,tai15_15_04,15x15,MIX,3,1188.0
tsn2,tai15_15_04,15x15,MIX,4,1210.0
tsn2,tai15_15_04,15x15,MIX,5,1188.0
tsn2,tai15_15_04,15x15,MIX,6,1186.0
tsn2,tai15_15_04,15x15,MIX,7,1188.0
tsn2,tai15_15_04,15x15,MIX,8,1186.0
tsn2,tai15_15_04,15x15,MIX,9,1210.0
tsn2,tai15_15_04,15x15,MIX,10,1210.0
tsn2,tai15_15_04,15x15,MIX,11,1198.0
tsn2,tai15_15_04,15x15,MIX,12,1188.0
tsn2,tai15_15_04,15x15,MIX,13,1186.0
tsn2,tai15_15_04,15x15,MIX,14,1188.0
tsn2,tai15_15_04,15x15,MIX,15,1186.0
tsn2,tai15_15_04,15x15,MIX,16,1186.0
tsn2,tai15_15_04,15x15,MIX,17,1188.0
tsn2,tai15_15_04,15x15,MIX,18,1188.5
tsn2,tai15_15_04,15x15,MIX,19,1186.0
tsn2,tai15_15_04,15x15,MIX,20,1186.0
tsn2,tai15_15_04,15x15,MIX,21,1210.0
tsn2,tai15_15_04,15x15,MIX,22,1188.0
tsn2,tai15_15_04,15x15,MIX,23,1186.0
tsn2,tai15_15_04,15x15,MIX,24,1188.0
tsn2,tai15_15_04,15x15,MIX,25,1188.5
tsn2,tai15_15_04,15x15,MIX,26,1186.0
tsn2,tai15_15_04,15x15,MIX,27,1188.0
tsn2,tai15_15_04,15x15,MIX,28,1186.0
tsn2,tai15_15_04,15x15,MIX,29,1186.0
tsn2,tai15_15_04,15x15,MIX,30,1188.0
tsn2,tai15_15_04,15x15,MIXH,1,1186.0
tsn2,tai15_15_04,15x15,MIXH,2,1186.0
tsn2,tai15_15_04,15x15,MIXH,3,1188.0
tsn2,tai15_15_04,15x15,MIXH,4,1188.0
tsn2,tai15_15_04,15x15,MIXH,5,1186.0
tsn2,tai15_15_04,15x15,MIXH,6,1188.0
tsn2,tai15_15_04,15x15,MIXH,7,1186.0
tsn2,tai15_15_04,15x15,MIXH,8,1186.0
tsn2,tai15_15_04,15x15,MIXH,9,1210.0
tsn2,tai15_15_04,15x15,MIXH,10,1198.0
tsn2,tai15_15_04,15x15,MIXH,11,1186.0
tsn2,tai15_15_04,15x15,MIXH,12,1188.0
tsn2,tai15_15_04,15x15,MIXH,13,1186.0
tsn2,tai15_15_04,15x15,MIXH,14,1186.0
tsn2,tai15_15_04,15x15,MIXH,15,1201.5
tsn2,tai15_15_04,15x15,MIXH,16,1201.5
tsn2,tai15_15_04,15x15,MIXH,17,1210.0
tsn2,tai15_15_04,15x15,MIXH,18,1198.0
tsn2,tai15_15_04,15x15,MIXH,19,1188.5
tsn2,tai15_15_04,15x15,MIXH,20,1186.0
tsn2,tai15_15_04,15x15,MIXH,21,1186.0
tsn2,tai15_15_04,15x15,MIXH,22,1186.0
tsn2,tai15_15_04,15x15,MIXH,23,1186.0
tsn2,tai15_15_04,15x15,MIXH,24,1186.0
tsn2,tai15_15_04,15x15,MIXH,25,1186.0
tsn2,tai15_15_04,15x15,MIXH,26,1192.5
tsn2,tai15_15_04,15x15,MIXH,27,1193.0
tsn2,tai15_15_04,15x15,MIXH,28,1186.0
tsn2,tai15_15_04,15x15,MIXH,29,1188.0
tsn2,tai15_15_04,15x15,MIXH,30,1186.0
tsn2,tai15_15_05,15x15,A0,1,1253.0
tsn2,tai15_15_05,15x15,A0,2,1258.0
tsn2,tai15_15_05,15x15,A0,3,1251.0
tsn2,tai15_15_05,15x15,A0,4,1243.0
tsn2,tai15_15_05,15x15,A0,5,1251.0
tsn2,tai15_15_05,15x15,A0,6,1251.0
tsn2,tai15_15_05,15x15,A0,7,1252.0
tsn2,tai15_15_05,15x15,A0,8,1264.0
tsn2,tai15_15_05,15x15,A0,9,1251.0
tsn2,tai15_15_05,15x15,A0,10,1255.5
tsn2,tai15_15_05,15x15,A0,11,1255.0
tsn2,tai15_15_05,15x15,A0,12,1264.5
tsn2,tai15_15_05,15x15,A0,13,1241.5
tsn2,tai15_15_05,15x15,A0,14,1240.5
tsn2,tai15_15_05,15x15,A0,15,1251.0
tsn2,tai15_15_05,15x15,A0,16,1246.0
tsn2,tai15_15_05,15x15,A0,17,1251.0
tsn2,tai15_15_05,15x15,A0,18,1255.0
tsn2,tai15_15_05,15x15,A0,19,1250.0
tsn2,tai15_15_05,15x15,A0,20,1257.5
tsn2,tai15_15_05,15x15,A0,21,1250.0
tsn2,tai15_15_05,15x15,A0,22,1255.0
tsn2,tai15_15_05,15x15,A0,23,1252.0
tsn2,tai15_15_05,15x15,A0,24,1246.0
tsn2,tai15_15_05,15x15,A0,25,1255.0
tsn2,tai15_15_05,15x15,A0,26,1247.5
tsn2,tai15_15_05,15x15,A0,27,1251.0
tsn2,tai15_15_05,15x15,A0,28,1251.0
tsn2,tai15_15_05,15x15,A0,29,1251.0
tsn2,tai15_15_05,15x15,A0,30,1255.0
tsn2,tai15_15_05,15x15,V2H,1,1251.0
tsn2,tai15_15_05,15x15,V2H,2,1253.0
tsn2,tai15_15_05,15x15,V2H,3,1243.0
tsn2,tai15_15_05,15x15,V2H,4,1237.0
tsn2,tai15_15_05,15x15,V2H,5,1252.0
tsn2,tai15_15_05,15x15,V2H,6,1243.0
tsn2,tai15_15_05,15x15,V2H,7,1266.5
tsn2,tai15_15_05,15x15,V2H,8,1255.5
tsn2,tai15_15_05,15x15,V2H,9,1250.0
tsn2,tai15_15_05,15x15,V2H,10,1246.0
tsn2,tai15_15_05,15x15,V2H,11,1250.0
tsn2,tai15_15_05,15x15,V2H,12,1245.5
tsn2,tai15_15_05,15x15,V2H,13,1245.5
tsn2,tai15_15_05,15x15,V2H,14,1251.0
tsn2,tai15_15_05,15x15,V2H,15,1248.5
tsn2,tai15_15_05,15x15,V2H,16,1252.0
tsn2,tai15_15_05,15x15,V2H,17,1257.5
tsn2,tai15_15_05,15x15,V2H,18,1247.0
tsn2,tai15_15_05,15x15,V2H,19,1250.0
tsn2,tai15_15_05,15x15,V2H,20,1254.0
tsn2,tai15_15_05,15x15,V2H,21,1243.0
tsn2,tai15_15_05,15x15,V2H,22,1258.0
tsn2,tai15_15_05,15x15,V2H,23,1241.0
tsn2,tai15_15_05,15x15,V2H,24,1250.0
tsn2,tai15_15_05,15x15,V2H,25,1252.0
tsn2,tai15_15_05,15x15,V2H,26,1264.0
tsn2,tai15_15_05,15x15,V2H,27,1252.5
tsn2,tai15_15_05,15x15,V2H,28,1255.0
tsn2,tai15_15_05,15x15,V2H,29,1258.0
tsn2,tai15_15_05,15x15,V2H,30,1254.5
tsn2,tai15_15_05,15x15,V2,1,1247.0
tsn2,tai15_15_05,15x15,V2,2,1251.5
tsn2,tai15_15_05,15x15,V2,3,1253.5
tsn2,tai15_15_05,15x15,V2,4,1250.0
tsn2,tai15_15_05,15x15,V2,5,1243.0
tsn2,tai15_15_05,15x15,V2,6,1252.0
tsn2,tai15_15_05,15x15,V2,7,1237.0
tsn2,tai15_15_05,15x15,V2,8,1241.0
tsn2,tai15_15_05,15x15,V2,9,1260.0
tsn2,tai15_15_05,15x15,V2,10,1250.0
tsn2,tai15_15_05,15x15,V2,11,1253.0
tsn2,tai15_15_05,15x15,V2,12,1261.5
tsn2,tai15_15_05,15x15,V2,13,1267.5
tsn2,tai15_15_05,15x15,V2,14,1250.0
tsn2,tai15_15_05,15x15,V2,15,1261.5
tsn2,tai15_15_05,15x15,V2,16,1253.0
tsn2,tai15_15_05,15x15,V2,17,1252.0
tsn2,tai15_15_05,15x15,V2,18,1250.0
tsn2,tai15_15_05,15x15,V2,19,1251.5
tsn2,tai15_15_05,15x15,V2,20,1261.5
tsn2,tai15_15_05,15x15,V2,21,1251.5
tsn2,tai15_15_05,15x15,V2,22,1232.0
tsn2,tai15_15_05,15x15,V2,23,1243.0
tsn2,tai15_15_05,15x15,V2,24,1242.0
tsn2,tai15_15_05,15x15,V2,25,1250.0
tsn2,tai15_15_05,15x15,V2,26,1254.5
tsn2,tai15_15_05,15x15,V2,27,1252.0
tsn2,tai15_15_05,15x15,V2,28,1252.0
tsn2,tai15_15_05,15x15,V2,29,1252.0
tsn2,tai15_15_05,15x15,V2,30,1232.0
tsn2,tai15_15_05,15x15,MOR,1,1261.0
tsn2,tai15_15_05,15x15,MOR,2,1251.0
tsn2,tai15_15_05,15x15,MOR,3,1249.5
tsn2,tai15_15_05,15x15,MOR,4,1276.0
tsn2,tai15_15_05,15x15,MOR,5,1251.0
tsn2,tai15_15_05,15x15,MOR,6,1267.0
tsn2,tai15_15_05,15x15,MOR,7,1251.0
tsn2,tai15_15_05,15x15,MOR,8,1251.0
tsn2,tai15_15_05,15x15,MOR,9,1255.0
tsn2,tai15_15_05,15x15,MOR,10,1255.0
tsn2,tai15_15_05,15x15,MOR,11,1252.0
tsn2,tai15_15_05,15x15,MOR,12,1267.0
tsn2,tai15_15_05,15x15,MOR,13,1251.0
tsn2,tai15_15_05,15x15,MOR,14,1255.0
tsn2,tai15_15_05,15x15,MOR,15,1262.5
tsn2,tai15_15_05,15x15,MOR,16,1252.0
tsn2,tai15_15_05,15x15,MOR,17,1275.5
tsn2,tai15_15_05,15x15,MOR,18,1257.0
tsn2,tai15_15_05,15x15,MOR,19,1255.0
tsn2,tai15_15_05,15x15,MOR,20,1262.5
tsn2,tai15_15_05,15x15,MOR,21,1275.5
tsn2,tai15_15_05,15x15,MOR,22,1258.0
tsn2,tai15_15_05,15x15,MOR,23,1271.5
tsn2,tai15_15_05,15x15,MOR,24,1257.0
tsn2,tai15_15_05,15x15,MOR,25,1251.0
tsn2,tai15_15_05,15x15,MOR,26,1251.0
tsn2,tai15_15_05,15x15,MOR,27,1269.0
tsn2,tai15_15_05,15x15,MOR,28,1267.0
tsn2,tai15_15_05,15x15,MOR,29,1267.0
tsn2,tai15_15_05,15x15,MOR,30,1257.0
tsn2,tai15_15_05,15x15,GT,1,1270.0
tsn2,tai15_15_05,15x15,GT,2,1269.5
tsn2,tai15_15_05,15x15,GT,3,1251.0
tsn2,tai15_15_05,15x15,GT,4,1251.0
tsn2,tai15_15_05,15x15,GT,5,1251.0
tsn2,tai15_15_05,15x15,GT,6,1256.0
tsn2,tai15_15_05,15x15,GT,7,1251.0
tsn2,tai15_15_05,15x15,GT,8,1251.0
tsn2,tai15_15_05,15x15,GT,9,1270.0
tsn2,tai15_15_05,15x15,GT,10,1254.5
tsn2,tai15_15_05,15x15,GT,11,1251.0
tsn2,tai15_15_05,15x15,GT,12,1251.0
tsn2,tai15_15_05,15x15,GT,13,1251.0
tsn2,tai15_15_05,15x15,GT,14,1249.5
tsn2,tai15_15_05,15x15,GT,15,1247.5
tsn2,tai15_15_05,15x15,GT,16,1257.0
tsn2,tai15_15_05,15x15,GT,17,1263.5
tsn2,tai15_15_05,15x15,GT,18,1269.5
tsn2,tai15_15_05,15x15,GT,19,1251.0
tsn2,tai15_15_05,15x15,GT,20,1251.0
tsn2,tai15_15_05,15x15,GT,21,1251.0
tsn2,tai15_15_05,15x15,GT,22,1252.0
tsn2,tai15_15_05,15x15,GT,23,1251.0
tsn2,tai15_15_05,15x15,GT,24,1248.0
tsn2,tai15_15_05,15x15,GT,25,1251.0
tsn2,tai15_15_05,15x15,GT,26,1249.5
tsn2,tai15_15_05,15x15,GT,27,1247.0
tsn2,tai15_15_05,15x15,GT,28,1248.0
tsn2,tai15_15_05,15x15,GT,29,1262.0
tsn2,tai15_15_05,15x15,GT,30,1254.5
tsn2,tai15_15_05,15x15,GP,1,1254.5
tsn2,tai15_15_05,15x15,GP,2,1255.0
tsn2,tai15_15_05,15x15,GP,3,1249.0
tsn2,tai15_15_05,15x15,GP,4,1251.0
tsn2,tai15_15_05,15x15,GP,5,1251.0
tsn2,tai15_15_05,15x15,GP,6,1251.0
tsn2,tai15_15_05,15x15,GP,7,1251.0
tsn2,tai15_15_05,15x15,GP,8,1251.0
tsn2,tai15_15_05,15x15,GP,9,1249.0
tsn2,tai15_15_05,15x15,GP,10,1251.0
tsn2,tai15_15_05,15x15,GP,11,1252.0
tsn2,tai15_15_05,15x15,GP,12,1251.0
tsn2,tai15_15_05,15x15,GP,13,1251.0
tsn2,tai15_15_05,15x15,GP,14,1251.0
tsn2,tai15_15_05,15x15,GP,15,1251.0
tsn2,tai15_15_05,15x15,GP,16,1251.0
tsn2,tai15_15_05,15x15,GP,17,1254.5
tsn2,tai15_15_05,15x15,GP,18,1252.0
tsn2,tai15_15_05,15x15,GP,19,1251.0
tsn2,tai15_15_05,15x15,GP,20,1254.5
tsn2,tai15_15_05,15x15,GP,21,1251.0
tsn2,tai15_15_05,15x15,GP,22,1251.0
tsn2,tai15_15_05,15x15,GP,23,1251.0
tsn2,tai15_15_05,15x15,GP,24,1252.0
tsn2,tai15_15_05,15x15,GP,25,1254.5
tsn2,tai15_15_05,15x15,GP,26,1251.0
tsn2,tai15_15_05,15x15,GP,27,1251.0
tsn2,tai15_15_05,15x15,GP,28,1251.0
tsn2,tai15_15_05,15x15,GP,29,1254.5
tsn2,tai15_15_05,15x15,GP,30,1251.0
tsn2,tai15_15_05,15x15,MIX,1,1251.0
tsn2,tai15_15_05,15x15,MIX,2,1251.0
tsn2,tai15_15_05,15x15,MIX,3,1251.0
tsn2,tai15_15_05,15x15,MIX,4,1255.0
tsn2,tai15_15_05,15x15,MIX,5,1251.0
tsn2,tai15_15_05,15x15,MIX,6,1251.0
tsn2,tai15_15_05,15x15,MIX,7,1251.0
tsn2,tai15_15_05,15x15,MIX,8,1251.0
tsn2,tai15_15_05,15x15,MIX,9,1251.0
tsn2,tai15_15_05,15x15,MIX,10,1251.0
tsn2,tai15_15_05,15x15,MIX,11,1254.5
tsn2,tai15_15_05,15x15,MIX,12,1264.0
tsn2,tai15_15_05,15x15,MIX,13,1261.5
tsn2,tai15_15_05,15x15,MIX,14,1249.5
tsn2,tai15_15_05,15x15,MIX,15,1237.0
tsn2,tai15_15_05,15x15,MIX,16,1251.0
tsn2,tai15_15_05,15x15,MIX,17,1251.0
tsn2,tai15_15_05,15x15,MIX,18,1234.5
tsn2,tai15_15_05,15x15,MIX,19,1251.0
tsn2,tai15_15_05,15x15,MIX,20,1251.0
tsn2,tai15_15_05,15x15,MIX,21,1251.0
tsn2,tai15_15_05,15x15,MIX,22,1251.0
tsn2,tai15_15_05,15x15,MIX,23,1251.0
tsn2,tai15_15_05,15x15,MIX,24,1251.0
tsn2,tai15_15_05,15x15,MIX,25,1251.0
tsn2,tai15_15_05,15x15,MIX,26,1258.0
tsn2,tai15_15_05,15x15,MIX,27,1254.5
tsn2,tai15_15_05,15x15,MIX,28,1254.5
tsn2,tai15_15_05,15x15,MIX,29,1249.5
tsn2,tai15_15_05,15x15,MIX,30,1256.0
tsn2,tai15_15_05,15x15,MIXH,1,1255.0
tsn2,tai15_15_05,15x15,MIXH,2,1251.0
tsn2,tai15_15_05,15x15,MIXH,3,1251.0
tsn2,tai15_15_05,15x15,MIXH,4,1255.0
tsn2,tai15_15_05,15x15,MIXH,5,1251.0
tsn2,tai15_15_05,15x15,MIXH,6,1251.0
tsn2,tai15_15_05,15x15,MIXH,7,1254.5
tsn2,tai15_15_05,15x15,MIXH,8,1251.0
tsn2,tai15_15_05,15x15,MIXH,9,1254.5
tsn2,tai15_15_05,15x15,MIXH,10,1250.0
tsn2,tai15_15_05,15x15,MIXH,11,1249.0
tsn2,tai15_15_05,15x15,MIXH,12,1251.0
tsn2,tai15_15_05,15x15,MIXH,13,1251.0
tsn2,tai15_15_05,15x15,MIXH,14,1251.0
tsn2,tai15_15_05,15x15,MIXH,15,1251.0
tsn2,tai15_15_05,15x15,MIXH,16,1251.0
tsn2,tai15_15_05,15x15,MIXH,17,1259.5
tsn2,tai15_15_05,15x15,MIXH,18,1251.0
tsn2,tai15_15_05,15x15,MIXH,19,1251.0
tsn2,tai15_15_05,15x15,MIXH,20,1251.0
tsn2,tai15_15_05,15x15,MIXH,21,1247.0
tsn2,tai15_15_05,15x15,MIXH,22,1251.0
tsn2,tai15_15_05,15x15,MIXH,23,1252.0
tsn2,tai15_15_05,15x15,MIXH,24,1250.5
tsn2,tai15_15_05,15x15,MIXH,25,1251.0
tsn2,tai15_15_05,15x15,MIXH,26,1251.0
tsn2,tai15_15_05,15x15,MIXH,27,1243.0
tsn2,tai15_15_05,15x15,MIXH,28,1254.5
tsn2,tai15_15_05,15x15,MIXH,29,1255.0
tsn2,tai15_15_05,15x15,MIXH,30,1251.0
tsn2,tai15_15_06,15x15,A0,1,1263.0
tsn2,tai15_15_06,15x15,A0,2,1260.0
tsn2,tai15_15_06,15x15,A0,3,1260.0
tsn2,tai15_15_06,15x15,A0,4,1261.0
tsn2,tai15_15_06,15x15,A0,5,1258.0
tsn2,tai15_15_06,15x15,A0,6,1272.0
tsn2,tai15_15_06,15x15,A0,7,1249.5
tsn2,tai15_15_06,15x15,A0,8,1258.0
tsn2,tai15_15_06,15x15,A0,9,1264.0
tsn2,tai15_15_06,15x15,A0,10,1265.5
tsn2,tai15_15_06,15x15,A0,11,1268.0
tsn2,tai15_15_06,15x15,A0,12,1259.0
tsn2,tai15_15_06,15x15,A0,13,1273.5
tsn2,tai15_15_06,15x15,A0,14,1258.0
tsn2,tai15_15_06,15x15,A0,15,1267.0
tsn2,tai15_15_06,15x15,A0,16,1261.0
tsn2,tai15_15_06,15x15,A0,17,1266.0
tsn2,tai15_15_06,15x15,A0,18,1260.0
tsn2,tai15_15_06,15x15,A0,19,1264.0
tsn2,tai15_15_06,15x15,A0,20,1272.5
tsn2,tai15_15_06,15x15,A0,21,1257.5
tsn2,tai15_15_06,15x15,A0,22,1261.0
tsn2,tai15_15_06,15x15,A0,23,1261.0
tsn2,tai15_15_06,15x15,A0,24,1254.0
tsn2,tai15_15_06,15x15,A0,25,1258.0
tsn2,tai15_15_06,15x15,A0,26,1265.5
tsn2,tai15_15_06,15x15,A0,27,1260.0
tsn2,tai15_15_06,15x15,A0,28,1258.0
tsn2,tai15_15_06,15x15,A0,29,1270.0
tsn2,tai15_15_06,15x15,A0,30,1259.5
tsn2,tai15_15_06,15x15,V2H,1,1265.0
tsn2,tai15_15_06,15x15,V2H,2,1271.0
tsn2,tai15_15_06,15x15,V2H,3,1260.5
tsn2,tai15_15_06,15x15,V2H,4,1260.5
tsn2,tai15_15_06,15x15,V2H,5,1258.5
tsn2,tai15_15_06,15x15,V2H,6,1260.0
tsn2,tai15_15_06,15x15,V2H,7,1257.0
tsn2,tai15_15_06,15x15,V2H,8,1260.5
tsn2,tai15_15_06,15x15,V2H,9,1261.0
tsn2,tai15_15_06,15x15,V2H,10,1256.0
tsn2,tai15_15_06,15x15,V2H,11,1258.0
tsn2,tai15_15_06,15x15,V2H,12,1271.5
tsn2,tai15_15_06,15x15,V2H,13,1265.5
tsn2,tai15_15_06,15x15,V2H,14,1271.5
tsn2,tai15_15_06,15x15,V2H,15,1258.0
tsn2,tai15_15_06,15x15,V2H,16,1259.5
tsn2,tai15_15_06,15x15,V2H,17,1258.5
tsn2,tai15_15_06,15x15,V2H,18,1257.0
tsn2,tai15_15_06,15x15,V2H,19,1255.0
tsn2,tai15_15_06,15x15,V2H,20,1260.5
tsn2,tai15_15_06,15x15,V2H,21,1271.5
tsn2,tai15_15_06,15x15,V2H,22,1262.0
tsn2,tai15_15_06,15x15,V2H,23,1262.0
tsn2,tai15_15_06,15x15,V2H,24,1258.0
tsn2,tai15_15_06,15x15,V2H,25,1261.0
tsn2,tai15_15_06,15x15,V2H,26,1262.0
tsn2,tai15_15_06,15x15,V2H,27,1256.0
tsn2,tai15_15_06,15x15,V2H,28,1263.5
tsn2,tai15_15_06,15x15,V2H,29,1257.5
tsn2,tai15_15_06,15x15,V2H,30,1271.5
tsn2,tai15_15_06,15x15,V2,1,1260.5
tsn2,tai15_15_06,15x15,V2,2,1255.0
tsn2,tai15_15_06,15x15,V2,3,1260.0
tsn2,tai15_15_06,15x15,V2,4,1263.5
tsn2,tai15_15_06,15x15,V2,5,1258.0
tsn2,tai15_15_06,15x15,V2,6,1260.5
tsn2,tai15_15_06,15x15,V2,7,1260.0
tsn2,tai15_15_06,15x15,V2,8,1259.5
tsn2,tai15_15_06,15x15,V2,9,1260.5
tsn2,tai15_15_06,15x15,V2,10,1259.5
tsn2,tai15_15_06,15x15,V2,11,1260.0
tsn2,tai15_15_06,15x15,V2,12,1259.0
tsn2,tai15_15_06,15x15,V2,13,1261.0
tsn2,tai15_15_06,15x15,V2,14,1258.0
tsn2,tai15_15_06,15x15,V2,15,1271.5
tsn2,tai15_15_06,15x15,V2,16,1260.5
tsn2,tai15_15_06,15x15,V2,17,1255.0
tsn2,tai15_15_06,15x15,V2,18,1258.0
tsn2,tai15_15_06,15x15,V2,19,1255.0
tsn2,tai15_15_06,15x15,V2,20,1261.0
tsn2,tai15_15_06,15x15,V2,21,1259.5
tsn2,tai15_15_06,15x15,V2,22,1259.5
tsn2,tai15_15_06,15x15,V2,23,1262.0
tsn2,tai15_15_06,15x15,V2,24,1260.5
tsn2,tai15_15_06,15x15,V2,25,1259.5
tsn2,tai15_15_06,15x15,V2,26,1257.0
tsn2,tai15_15_06,15x15,V2,27,1257.5
tsn2,tai15_15_06,15x15,V2,28,1260.5
tsn2,tai15_15_06,15x15,V2,29,1259.5
tsn2,tai15_15_06,15x15,V2,30,1258.0
tsn2,tai15_15_06,15x15,MOR,1,1271.0
tsn2,tai15_15_06,15x15,MOR,2,1258.5
tsn2,tai15_15_06,15x15,MOR,3,1261.0
tsn2,tai15_15_06,15x15,MOR,4,1275.0
tsn2,tai15_15_06,15x15,MOR,5,1261.0
tsn2,tai15_15_06,15x15,MOR,6,1271.0
tsn2,tai15_15_06,15x15,MOR,7,1271.0
tsn2,tai15_15_06,15x15,MOR,8,1261.0
tsn2,tai15_15_06,15x15,MOR,9,1261.0
tsn2,tai15_15_06,15x15,MOR,10,1271.0
tsn2,tai15_15_06,15x15,MOR,11,1261.0
tsn2,tai15_15_06,15x15,MOR,12,1268.5
tsn2,tai15_15_06,15x15,MOR,13,1268.5
tsn2,tai15_15_06,15x15,MOR,14,1261.0
tsn2,tai15_15_06,15x15,MOR,15,1273.0
tsn2,tai15_15_06,15x15,MOR,16,1261.0
tsn2,tai15_15_06,15x15,MOR,17,1266.0
tsn2,tai15_15_06,15x15,MOR,18,1271.0
tsn2,tai15_15_06,15x15,MOR,19,1271.0
tsn2,tai15_15_06,15x15,MOR,20,1271.0
tsn2,tai15_15_06,15x15,MOR,21,1271.0
tsn2,tai15_15_06,15x15,MOR,22,1261.0
tsn2,tai15_15_06,15x15,MOR,23,1261.0
tsn2,tai15_15_06,15x15,MOR,24,1272.0
tsn2,tai15_15_06,15x15,MOR,25,1258.0
tsn2,tai15_15_06,15x15,MOR,26,1261.0
tsn2,tai15_15_06,15x15,MOR,27,1271.0
tsn2,tai15_15_06,15x15,MOR,28,1268.0
tsn2,tai15_15_06,15x15,MOR,29,1263.5
tsn2,tai15_15_06,15x15,MOR,30,1258.0
tsn2,tai15_15_06,15x15,GT,1,1258.0
tsn2,tai15_15_06,15x15,GT,2,1260.5
tsn2,tai15_15_06,15x15,GT,3,1274.5
tsn2,tai15_15_06,15x15,GT,4,1260.5
tsn2,tai15_15_06,15x15,GT,5,1273.0
tsn2,tai15_15_06,15x15,GT,6,1261.5
tsn2,tai15_15_06,15x15,GT,7,1262.0
tsn2,tai15_15_06,15x15,GT,8,1274.5
tsn2,tai15_15_06,15x15,GT,9,1262.0
tsn2,tai15_15_06,15x15,GT,10,1249.5
tsn2,tai15_15_06,15x15,GT,11,1277.0
tsn2,tai15_15_06,15x15,GT,12,1265.0
tsn2,tai15_15_06,15x15,GT,13,1263.5
tsn2,tai15_15_06,15x15,GT,14,1263.5
tsn2,tai15_15_06,15x15,GT,15,1265.0
tsn2,tai15_15_06,15x15,GT,16,1271.5
tsn2,tai15_15_06,15x15,GT,17,1259.5
tsn2,tai15_15_06,15x15,GT,18,1263.5
tsn2,tai15_15_06,15x15,GT,19,1265.0
tsn2,tai15_15_06,15x15,GT,20,1273.0
tsn2,tai15_15_06,15x15,GT,21,1261.0
tsn2,tai15_15_06,15x15,GT,22,1262.0
tsn2,tai15_15_06,15x15,GT,23,1267.5
tsn2,tai15_15_06,15x15,GT,24,1265.0
tsn2,tai15_15_06,15x15,GT,25,1271.5
tsn2,tai15_15_06,15x15,GT,26,1277.0
tsn2,tai15_15_06,15x15,GT,27,1265.0
tsn2,tai15_15_06,15x15,GT,28,1265.0
tsn2,tai15_15_06,15x15,GT,29,1274.0
tsn2,tai15_15_06,15x15,GT,30,1265.0
tsn2,tai15_15_06,15x15,GP,1,1264.0
tsn2,tai15_15_06,15x15,GP,2,1262.0
tsn2,tai15_15_06,15x15,GP,3,1259.5
tsn2,tai15_15_06,15x15,GP,4,1260.5
tsn2,tai15_15_06,15x15,GP,5,1265.0
tsn2,tai15_15_06,15x15,GP,6,1261.0
tsn2,tai15_15_06,15x15,GP,7,1273.0
tsn2,tai15_15_06,15x15,GP,8,1258.0
tsn2,tai15_15_06,15x15,GP,9,1260.5
tsn2,tai15_15_06,15x15,GP,10,1257.0
tsn2,tai15_15_06,15x15,GP,11,1267.5
tsn2,tai15_15_06,15x15,GP,12,1263.5
tsn2,tai15_15_06,15x15,GP,13,1261.0
tsn2,tai15_15_06,15x15,GP,14,1260.5
tsn2,tai15_15_06,15x15,GP,15,1258.0
tsn2,tai15_15_06,15x15,GP,16,1269.5
tsn2,tai15_15_06,15x15,GP,17,1260.5
tsn2,tai15_15_06,15x15,GP,18,1260.5
tsn2,tai15_15_06,15x15,GP,19,1257.0
tsn2,tai15_15_06,15x15,GP,20,1272.5
tsn2,tai15_15_06,15x15,GP,21,1259.5
tsn2,tai15_15_06,15x15,GP,22,1258.0
tsn2,tai15_15_06,15x15,GP,23,1260.5
tsn2,tai15_15_06,15x15,GP,24,1258.0
tsn2,tai15_15_06,15x15,GP,25,1271.5
tsn2,tai15_15_06,15x15,GP,26,1260.5
tsn2,tai15_15_06,15x15,GP,27,1259.5
tsn2,tai15_15_06,15x15,GP,28,1262.0
tsn2,tai15_15_06,15x15,GP,29,1258.0
tsn2,tai15_15_06,15x15,GP,30,1259.5
tsn2,tai15_15_06,15x15,MIX,1,1262.0
tsn2,tai15_15_06,15x15,MIX,2,1260.0
tsn2,tai15_15_06,15x15,MIX,3,1260.5
tsn2,tai15_15_06,15x15,MIX,4,1259.5
tsn2,tai15_15_06,15x15,MIX,5,1260.5
tsn2,tai15_15_06,15x15,MIX,6,1271.5
tsn2,tai15_15_06,15x15,MIX,7,1260.5
tsn2,tai15_15_06,15x15,MIX,8,1259.5
tsn2,tai15_15_06,15x15,MIX,9,1274.0
tsn2,tai15_15_06,15x15,MIX,10,1258.0
tsn2,tai15_15_06,15x15,MIX,11,1265.0
tsn2,tai15_15_06,15x15,MIX,12,1265.0
tsn2,tai15_15_06,15x15,MIX,13,1257.0
tsn2,tai15_15_06,15x15,MIX,14,1260.5
tsn2,tai15_15_06,15x15,MIX,15,1259.5
tsn2,tai15_15_06,15x15,MIX,16,1271.5
tsn2,tai15_15_06,15x15,MIX,17,1258.0
tsn2,tai15_15_06,15x15,MIX,18,1261.0
tsn2,tai15_15_06,15x15,MIX,19,1262.0
tsn2,tai15_15_06,15x15,MIX,20,1263.5
tsn2,tai15_15_06,15x15,MIX,21,1255.0
tsn2,tai15_15_06,15x15,MIX,22,1265.0
tsn2,tai15_15_06,15x15,MIX,23,1259.5
tsn2,tai15_15_06,15x15,MIX,24,1260.5
tsn2,tai15_15_06,15x15,MIX,25,1259.5
tsn2,tai15_15_06,15x15,MIX,26,1258.0
tsn2,tai15_15_06,15x15,MIX,27,1262.0
tsn2,tai15_15_06,15x15,MIX,28,1257.5
tsn2,tai15_15_06,15x15,MIX,29,1260.5
tsn2,tai15_15_06,15x15,MIX,30,1273.0
tsn2,tai15_15_06,15x15,MIXH,1,1271.5
tsn2,tai15_15_06,15x15,MIXH,2,1263.5
tsn2,tai15_15_06,15x15,MIXH,3,1259.5
tsn2,tai15_15_06,15x15,MIXH,4,1272.0
tsn2,tai15_15_06,15x15,MIXH,5,1261.0
tsn2,tai15_15_06,15x15,MIXH,6,1260.5
tsn2,tai15_15_06,15x15,MIXH,7,1257.0
tsn2,tai15_15_06,15x15,MIXH,8,1257.0
tsn2,tai15_15_06,15x15,MIXH,9,1260.0
tsn2,tai15_15_06,15x15,MIXH,10,1260.5
tsn2,tai15_15_06,15x15,MIXH,11,1259.5
tsn2,tai15_15_06,15x15,MIXH,12,1258.0
tsn2,tai15_15_06,15x15,MIXH,13,1271.5
tsn2,tai15_15_06,15x15,MIXH,14,1262.0
tsn2,tai15_15_06,15x15,MIXH,15,1260.5
tsn2,tai15_15_06,15x15,MIXH,16,1273.0
tsn2,tai15_15_06,15x15,MIXH,17,1259.5
tsn2,tai15_15_06,15x15,MIXH,18,1259.0
tsn2,tai15_15_06,15x15,MIXH,19,1264.5
tsn2,tai15_15_06,15x15,MIXH,20,1259.5
tsn2,tai15_15_06,15x15,MIXH,21,1271.5
tsn2,tai15_15_06,15x15,MIXH,22,1260.5
tsn2,tai15_15_06,15x15,MIXH,23,1260.5
tsn2,tai15_15_06,15x15,MIXH,24,1257.0
tsn2,tai15_15_06,15x15,MIXH,25,1261.0
tsn2,tai15_15_06,15x15,MIXH,26,1262.0
tsn2,tai15_15_06,15x15,MIXH,27,1271.5
tsn2,tai15_15_06,15x15,MIXH,28,1254.0
tsn2,tai15_15_06,15x15,MIXH,29,1260.5
tsn2,tai15_15_06,15x15,MIXH,30,1265.0
tsn2,tai15_15_07,15x15,A0,1,1234.5
tsn2,tai15_15_07,15x15,A0,2,1263.0
tsn2,tai15_15_07,15x15,A0,3,1234.5
tsn2,tai15_15_07,15x15,A0,4,1263.0
tsn2,tai15_15_07,15x15,A0,5,1263.0
tsn2,tai15_15_07,15x15,A0,6,1234.5
tsn2,tai15_15_07,15x15,A0,7,1234.5
tsn2,tai15_15_07,15x15,A0,8,1263.0
tsn2,tai15_15_07,15x15,A0,9,1234.5
tsn2,tai15_15_07,15x15,A0,10,1234.5
tsn2,tai15_15_07,15x15,A0,11,1263.0
tsn2,tai15_15_07,15x15,A0,12,1263.5
tsn2,tai15_15_07,15x15,A0,13,1248.0
tsn2,tai15_15_07,15x15,A0,14,1263.0
tsn2,tai15_15_07,15x15,A0,15,1253.0
tsn2,tai15_15_07,15x15,A0,16,1263.0
tsn2,tai15_15_07,15x15,A0,17,1260.0
tsn2,tai15_15_07,15x15,A0,18,1234.5
tsn2,tai15_15_07,15x15,A0,19,1234.5
tsn2,tai15_15_07,15x15,A0,20,1263.0
tsn2,tai15_15_07,15x15,A0,21,1234.5
tsn2,tai15_15_07,15x15,A0,22,1234.5
tsn2,tai15_15_07,15x15,A0,23,1248.0
tsn2,tai15_15_07,15x15,A0,24,1234.5
tsn2,tai15_15_07,15x15,A0,25,1251.0
tsn2,tai15_15_07,15x15,A0,26,1242.0
tsn2,tai15_15_07,15x15,A0,27,1234.5
tsn2,tai15_15_07,15x15,A0,28,1234.5
tsn2,tai15_15_07,15x15,A0,29,1234.5
tsn2,tai15_15_07,15x15,A0,30,1234.5
tsn2,tai15_15_07,15x15,V2H,1,1248.5
tsn2,tai15_15_07,15x15,V2H,2,1261.5
tsn2,tai15_15_07,15x15,V2H,3,1261.5
tsn2,tai15_15_07,15x15,V2H,4,1234.5
tsn2,tai15_15_07,15x15,V2H,5,1248.0
tsn2,tai15_15_07,15x15,V2H,6,1234.5
tsn2,tai15_15_07,15x15,V2H,7,1234.5
tsn2,tai15_15_07,15x15,V2H,8,1248.5
tsn2,tai15_15_07,15x15,V2H,9,1234.5
tsn2,tai15_15_07,15x15,V2H,10,1255.0
tsn2,tai15_15_07,15x15,V2H,11,1263.0
tsn2,tai15_15_07,15x15,V2H,12,1261.0
tsn2,tai15_15_07,15x15,V2H,13,1263.0
tsn2,tai15_15_07,15x15,V2H,14,1255.0
tsn2,tai15_15_07,15x15,V2H,15,1259.0
tsn2,tai15_15_07,15x15,V2H,16,1244.0
tsn2,tai15_15_07,15x15,V2H,17,1266.5
tsn2,tai15_15_07,15x15,V2H,18,1261.5
tsn2,tai15_15_07,15x15,V2H,19,1234.5
tsn2,tai15_15_07,15x15,V2H,20,1234.5
tsn2,tai15_15_07,15x15,V2H,21,1234.5
tsn2,tai15_15_07,15x15,V2H,22,1234.5
tsn2,tai15_15_07,15x15,V2H,23,1262.5
tsn2,tai15_15_07,15x15,V2H,24,1234.5
tsn2,tai15_15_07,15x15,V2H,25,1261.5
tsn2,tai15_15_07,15x15,V2H,26,1234.5
tsn2,tai15_15_07,15x15,V2H,27,1261.5
tsn2,tai15_15_07,15x15,V2H,28,1261.5
tsn2,tai15_15_07,15x15,V2H,29,1242.0
tsn2,tai15_15_07,15x15,V2H,30,1248.5
tsn2,tai15_15_07,15x15,V2,1,1261.5
tsn2,tai15_15_07,15x15,V2,2,1255.0
tsn2,tai15_15_07,15x15,V2,3,1261.5
tsn2,tai15_15_07,15x15,V2,4,1261.5
tsn2,tai15_15_07,15x15,V2,5,1255.0
tsn2,tai15_15_07,15x15,V2,6,1263.0
tsn2,tai15_15_07,15x15,V2,7,1261.5
tsn2,tai15_15_07,15x15,V2,8,1263.5
tsn2,tai15_15_07,15x15,V2,9,1234.5
tsn2,tai15_15_07,15x15,V2,10,1261.5
tsn2,tai15_15_07,15x15,V2,11,1234.5
tsn2,tai15_15_07,15x15,V2,12,1263.0
tsn2,tai15_15_07,15x15,V2,13,1234.5
tsn2,tai15_15_07,15x15,V2,14,1262.5
tsn2,tai15_15_07,15x15,V2,15,1234.5
tsn2,tai15_15_07,15x15,V2,16,1261.5
tsn2,tai15_15_07,15x15,V2,17,1261.5
tsn2,tai15_15_07,15x15,V2,18,1245.0
tsn2,tai15_15_07,15x15,V2,19,1263.0
tsn2,tai15_15_07,15x15,V2,20,1263.0
tsn2,tai15_15_07,15x15,V2,21,1261.5
tsn2,tai15_15_07,15x15,V2,22,1261.5
tsn2,tai15_15_07,15x15,V2,23,1234.5
tsn2,tai15_15_07,15x15,V2,24,1234.5
tsn2,tai15_15_07,15x15,V2,25,1255.0
tsn2,tai15_15_07,15x15,V2,26,1255.0
tsn2,tai15_15_07,15x15,V2,27,1248.5
tsn2,tai15_15_07,15x15,V2,28,1261.5
tsn2,tai15_15_07,15x15,V2,29,1258.5
tsn2,tai15_15_07,15x15,V2,30,1261.5
tsn2,tai15_15_07,15x15,MOR,1,1261.0
tsn2,tai15_15_07,15x15,MOR,2,1266.0
tsn2,tai15_15_07,15x15,MOR,3,1270.5
tsn2,tai15_15_07,15x15,MOR,4,1269.5
tsn2,tai15_15_07,15x15,MOR,5,1260.0
tsn2,tai15_15_07,15x15,MOR,6,1266.5
tsn2,tai15_15_07,15x15,MOR,7,1271.0
tsn2,tai15_15_07,15x15,MOR,8,1267.0
tsn2,tai15_15_07,15x15,MOR,9,1268.5
tsn2,tai15_15_07,15x15,MOR,10,1261.0
tsn2,tai15_15_07,15x15,MOR,11,1271.0
tsn2,tai15_15_07,15x15,MOR,12,1288.0
tsn2,tai15_15_07,15x15,MOR,13,1266.5
tsn2,tai15_15_07,15x15,MOR,14,1261.0
tsn2,tai15_15_07,15x15,MOR,15,1267.0
tsn2,tai15_15_07,15x15,MOR,16,1261.0
tsn2,tai15_15_07,15x15,MOR,17,1271.0
tsn2,tai15_15_07,15x15,MOR,18,1261.0
tsn2,tai15_15_07,15x15,MOR,19,1261.0
tsn2,tai15_15_07,15x15,MOR,20,1260.0
tsn2,tai15_15_07,15x15,MOR,21,1271.0
tsn2,tai15_15_07,15x15,MOR,22,1265.5
tsn2,tai15_15_07,15x15,MOR,23,1261.0
tsn2,tai15_15_07,15x15,MOR,24,1269.5
tsn2,tai15_15_07,15x15,MOR,25,1271.0
tsn2,tai15_15_07,15x15,MOR,26,1271.0
tsn2,tai15_15_07,15x15,MOR,27,1264.0
tsn2,tai15_15_07,15x15,MOR,28,1264.5
tsn2,tai15_15_07,15x15,MOR,29,1278.0
tsn2,tai15_15_07,15x15,MOR,30,1261.0
tsn2,tai15_15_07,15x15,GT,1,1234.5
tsn2,tai15_15_07,15x15,GT,2,1280.0
tsn2,tai15_15_07,15x15,GT,3,1262.0
tsn2,tai15_15_07,15x15,GT,4,1234.5
tsn2,tai15_15_07,15x15,GT,5,1234.5
tsn2,tai15_15_07,15x15,GT,6,1266.0
tsn2,tai15_15_07,15x15,GT,7,1269.0
tsn2,tai15_15_07,15x15,GT,8,1262.0
tsn2,tai15_15_07,15x15,GT,9,1264.5
tsn2,tai15_15_07,15x15,GT,10,1234.5
tsn2,tai15_15_07,15x15,GT,11,1262.0
tsn2,tai15_15_07,15x15,GT,12,1234.5
tsn2,tai15_15_07,15x15,GT,13,1234.5
tsn2,tai15_15_07,15x15,GT,14,1265.5
tsn2,tai15_15_07,15x15,GT,15,1255.0
tsn2,tai15_15_07,15x15,GT,16,1256.0
tsn2,tai15_15_07,15x15,GT,17,1262.0
tsn2,tai15_15_07,15x15,GT,18,1234.5
tsn2,tai15_15_07,15x15,GT,19,1269.0
tsn2,tai15_15_07,15x15,GT,20,1259.0
tsn2,tai15_15_07,15x15,GT,21,1259.5
tsn2,tai15_15_07,15x15,GT,22,1234.5
tsn2,tai15_15_07,15x15,GT,23,1263.0
tsn2,tai15_15_07,15x15,GT,24,1246.5
tsn2,tai15_15_07,15x15,GT,25,1262.0
tsn2,tai15_15_07,15x15,GT,26,1234.5
tsn2,tai15_15_07,15x15,GT,27,1260.0
tsn2,tai15_15_07,15x15,GT,28,1234.5
tsn2,tai15_15_07,15x15,GT,29,1234.5
tsn2,tai15_15_07,15x15,GT,30,1253.0
tsn2,tai15_15_07,15x15,GP,1,1276.5
tsn2,tai15_15_07,15x15,GP,2,1255.5
tsn2,tai15_15_07,15x15,GP,3,1234.5
tsn2,tai15_15_07,15x15,GP,4,1259.0
tsn2,tai15_15_07,15x15,GP,5,1256.5
tsn2,tai15_15_07,15x15,GP,6,1244.0
tsn2,tai15_15_07,15x15,GP,7,1234.5
tsn2,tai15_15_07,15x15,GP,8,1263.0
tsn2,tai15_15_07,15x15,GP,9,1260.5
tsn2,tai15_15_07,15x15,GP,10,1234.5
tsn2,tai15_15_07,15x15,GP,11,1255.0
tsn2,tai15_15_07,15x15,GP,12,1250.0
tsn2,tai15_15_07,15x15,GP,13,1257.0
tsn2,tai15_15_07,15x15,GP,14,1247.0
tsn2,tai15_15_07,15x15,GP,15,1264.0
tsn2,tai15_15_07,15x15,GP,16,1250.0
tsn2,tai15_15_07,15x15,GP,17,1261.5
tsn2,tai15_15_07,15x15,GP,18,1259.0
tsn2,tai15_15_07,15x15,GP,19,1255.5
tsn2,tai15_15_07,15x15,GP,20,1255.0
tsn2,tai15_15_07,15x15,GP,21,1248.5
tsn2,tai15_15_07,15x15,GP,22,1261.0
tsn2,tai15_15_07,15x15,GP,23,1234.5
tsn2,tai15_15_07,15x15,GP,24,1259.0
tsn2,tai15_15_07,15x15,GP,25,1259.0
tsn2,tai15_15_07,15x15,GP,26,1256.5
tsn2,tai15_15_07,15x15,GP,27,1252.5
tsn2,tai15_15_07,15x15,GP,28,1244.0
tsn2,tai15_15_07,15x15,GP,29,1258.0
tsn2,tai15_15_07,15x15,GP,30,1234.5
tsn2,tai15_15_07,15x15,MIX,1,1234.5
tsn2,tai15_15_07,15x15,MIX,2,1255.5
tsn2,tai15_15_07,15x15,MIX,3,1251.0
tsn2,tai15_15_07,15x15,MIX,4,1260.5
tsn2,tai15_15_07,15x15,MIX,5,1263.0
tsn2,tai15_15_07,15x15,MIX,6,1255.0
tsn2,tai15_15_07,15x15,MIX,7,1234.5
tsn2,tai15_15_07,15x15,MIX,8,1234.5
tsn2,tai15_15_07,15x15,MIX,9,1261.5
tsn2,tai15_15_07,15x15,MIX,10,1254.0
tsn2,tai15_15_07,15x15,MIX,11,1261.5
tsn2,tai15_15_07,15x15,MIX,12,1234.5
tsn2,tai15_15_07,15x15,MIX,13,1234.5
tsn2,tai15_15_07,15x15,MIX,14,1234.5
tsn2,tai15_15_07,15x15,MIX,15,1234.5
tsn2,tai15_15_07,15x15,MIX,16,1234.5
tsn2,tai15_15_07,15x15,MIX,17,1234.5
tsn2,tai15_15_07,15x15,MIX,18,1259.0
tsn2,tai15_15_07,15x15,MIX,19,1234.5
tsn2,tai15_15_07,15x15,MIX,20,1263.0
tsn2,tai15_15_07,15x15,MIX,21,1248.5
tsn2,tai15_15_07,15x15,MIX,22,1261.5
tsn2,tai15_15_07,15x15,MIX,23,1255.0
tsn2,tai15_15_07,15x15,MIX,24,1263.0
tsn2,tai15_15_07,15x15,MIX,25,1255.0
tsn2,tai15_15_07,15x15,MIX,26,1234.5
tsn2,tai15_15_07,15x15,MIX,27,1234.5
tsn2,tai15_15_07,15x15,MIX,28,1263.0
tsn2,tai15_15_07,15x15,MIX,29,1263.0
tsn2,tai15_15_07,15x15,MIX,30,1234.5
tsn2,tai15_15_07,15x15,MIXH,1,1242.0
tsn2,tai15_15_07,15x15,MIXH,2,1259.0
tsn2,tai15_15_07,15x15,MIXH,3,1234.5
tsn2,tai15_15_07,15x15,MIXH,4,1244.0
tsn2,tai15_15_07,15x15,MIXH,5,1248.5
tsn2,tai15_15_07,15x15,MIXH,6,1255.0
tsn2,tai15_15_07,15x15,MIXH,7,1234.5
tsn2,tai15_15_07,15x15,MIXH,8,1234.5
tsn2,tai15_15_07,15x15,MIXH,9,1242.0
tsn2,tai15_15_07,15x15,MIXH,10,1260.5
tsn2,tai15_15_07,15x15,MIXH,11,1234.5
tsn2,tai15_15_07,15x15,MIXH,12,1234.5
tsn2,tai15_15_07,15x15,MIXH,13,1261.5
tsn2,tai15_15_07,15x15,MIXH,14,1234.5
tsn2,tai15_15_07,15x15,MIXH,15,1234.5
tsn2,tai15_15_07,15x15,MIXH,16,1254.0
tsn2,tai15_15_07,15x15,MIXH,17,1234.5
tsn2,tai15_15_07,15x15,MIXH,18,1260.0
tsn2,tai15_15_07,15x15,MIXH,19,1263.0
tsn2,tai15_15_07,15x15,MIXH,20,1234.5
tsn2,tai15_15_07,15x15,MIXH,21,1263.0
tsn2,tai15_15_07,15x15,MIXH,22,1263.0
tsn2,tai15_15_07,15x15,MIXH,23,1267.0
tsn2,tai15_15_07,15x15,MIXH,24,1263.0
tsn2,tai15_15_07,15x15,MIXH,25,1234.5
tsn2,tai15_15_07,15x15,MIXH,26,1234.5
tsn2,tai15_15_07,15x15,MIXH,27,1261.5
tsn2,tai15_15_07,15x15,MIXH,28,1255.0
tsn2,tai15_15_07,15x15,MIXH,29,1234.5
tsn2,tai15_15_07,15x15,MIXH,30,1234.5
tsn2,tai15_15_08,15x15,A0,1,1240.5
tsn2,tai15_15_08,15x15,A0,2,1234.0
tsn2,tai15_15_08,15x15,A0,3,1240.5
tsn2,tai15_15_08,15x15,A0,4,1247.0
tsn2,tai15_15_08,15x15,A0,5,1237.5
tsn2,tai15_15_08,15x15,A0,6,1247.0
tsn2,tai15_15_08,15x15,A0,7,1244.0
tsn2,tai15_15_08,15x15,A0,8,1247.0
tsn2,tai15_15_08,15x15,A0,9,1240.5
tsn2,tai15_15_08,15x15,A0,10,1247.0
tsn2,tai15_15_08,15x15,A0,11,1265.5
tsn2,tai15_15_08,15x15,A0,12,1240.5
tsn2,tai15_15_08,15x15,A0,13,1247.0
tsn2,tai15_15_08,15x15,A0,14,1247.0
tsn2,tai15_15_08,15x15,A0,15,1240.5
tsn2,tai15_15_08,15x15,A0,16,1247.0
tsn2,tai15_15_08,15x15,A0,17,1238.5
tsn2,tai15_15_08,15x15,A0,18,1234.0
tsn2,tai15_15_08,15x15,A0,19,1247.0
tsn2,tai15_15_08,15x15,A0,20,1253.0
tsn2,tai15_15_08,15x15,A0,21,1231.0
tsn2,tai15_15_08,15x15,A0,22,1240.5
tsn2,tai15_15_08,15x15,A0,23,1247.0
tsn2,tai15_15_08,15x15,A0,24,1243.5
tsn2,tai15_15_08,15x15,A0,25,1247.0
tsn2,tai15_15_08,15x15,A0,26,1247.0
tsn2,tai15_15_08,15x15,A0,27,1247.0
tsn2,tai15_15_08,15x15,A0,28,1247.0
tsn2,tai15_15_08,15x15,A0,29,1247.0
tsn2,tai15_15_08,15x15,A0,30,1240.5
tsn2,tai15_15_08,15x15,V2H,1,1247.0
tsn2,tai15_15_08,15x15,V2H,2,1266.5
tsn2,tai15_15_08,15x15,V2H,3,1241.0
tsn2,tai15_15_08,15x15,V2H,4,1257.5
tsn2,tai15_15_08,15x15,V2H,5,1231.0
tsn2,tai15_15_08,15x15,V2H,6,1254.5
tsn2,tai15_15_08,15x15,V2H,7,1259.0
tsn2,tai15_15_08,15x15,V2H,8,1260.0
tsn2,tai15_15_08,15x15,V2H,9,1262.5
tsn2,tai15_15_08,15x15,V2H,10,1260.0
tsn2,tai15_15_08,15x15,V2H,11,1247.0
tsn2,tai15_15_08,15x15,V2H,12,1243.5
tsn2,tai15_15_08,15x15,V2H,13,1238.5
tsn2,tai15_15_08,15x15,V2H,14,1265.5
tsn2,tai15_15_08,15x15,V2H,15,1243.5
tsn2,tai15_15_08,15x15,V2H,16,1231.0
tsn2,tai15_15_08,15x15,V2H,17,1237.5
tsn2,tai15_15_08,15x15,V2H,18,1266.5
tsn2,tai15_15_08,15x15,V2H,19,1255.5
tsn2,tai15_15_08,15x15,V2H,20,1240.5
tsn2,tai15_15_08,15x15,V2H,21,1234.0
tsn2,tai15_15_08,15x15,V2H,22,1273.0
tsn2,tai15_15_08,15x15,V2H,23,1261.0
tsn2,tai15_15_08,15x15,V2H,24,1253.5
tsn2,tai15_15_08,15x15,V2H,25,1259.0
tsn2,tai15_15_08,15x15,V2H,26,1265.5
tsn2,tai15_15_08,15x15,V2H,27,1278.0
tsn2,tai15_15_08,15x15,V2H,28,1240.5
tsn2,tai15_15_08,15x15,V2H,29,1282.0
tsn2,tai15_15_08,15x15,V2H,30,1265.5
tsn2,tai15_15_08,15x15,V2,1,1258.0
tsn2,tai15_15_08,15x15,V2,2,1268.5
tsn2,tai15_15_08,15x15,V2,3,1238.5
tsn2,tai15_15_08,15x15,V2,4,1265.5
tsn2,tai15_15_08,15x15,V2,5,1240.5
tsn2,tai15_15_08,15x15,V2,6,1237.5
tsn2,tai15_15_08,15x15,V2,7,1240.5
tsn2,tai15_15_08,15x15,V2,8,1240.5
tsn2,tai15_15_08,15x15,V2,9,1235.5
tsn2,tai15_15_08,15x15,V2,10,1240.5
tsn2,tai15_15_08,15x15,V2,11,1255.0
tsn2,tai15_15_08,15x15,V2,12,1261.0
tsn2,tai15_15_08,15x15,V2,13,1240.5
tsn2,tai15_15_08,15x15,V2,14,1238.0
tsn2,tai15_15_08,15x15,V2,15,1241.0
tsn2,tai15_15_08,15x15,V2,16,1265.5
tsn2,tai15_15_08,15x15,V2,17,1265.5
tsn2,tai15_15_08,15x15,V2,18,1255.0
tsn2,tai15_15_08,15x15,V2,19,1240.0
tsn2,tai15_15_08,15x15,V2,20,1237.0
tsn2,tai15_15_08,15x15,V2,21,1257.5
tsn2,tai15_15_08,15x15,V2,22,1253.5
tsn2,tai15_15_08,15x15,V2,23,1234.0
tsn2,tai15_15_08,15x15,V2,24,1257.0
tsn2,tai15_15_08,15x15,V2,25,1261.0
tsn2,tai15_15_08,15x15,V2,26,1265.5
tsn2,tai15_15_08,15x15,V2,27,1261.0
tsn2,tai15_15_08,15x15,V2,28,1265.5
tsn2,tai15_15_08,15x15,V2,29,1261.0
tsn2,tai15_15_08,15x15,V2,30,1264.0
tsn2,tai15_15_08,15x15,MOR,1,1247.0
tsn2,tai15_15_08,15x15,MOR,2,1247.0
tsn2,tai15_15_08,15x15,MOR,3,1247.0
tsn2,tai15_15_08,15x15,MOR,4,1247.0
tsn2,tai15_15_08,15x15,MOR,5,1247.0
tsn2,tai15_15_08,15x15,MOR,6,1253.0
tsn2,tai15_15_08,15x15,MOR,7,1247.0
tsn2,tai15_15_08,15x15,MOR,8,1247.0
tsn2,tai15_15_08,15x15,MOR,9,1247.0
tsn2,tai15_15_08,15x15,MOR,10,1247.0
tsn2,tai15_15_08,15x15,MOR,11,1247.0
tsn2,tai15_15_08,15x15,MOR,12,1247.0
tsn2,tai15_15_08,15x15,MOR,13,1247.0
tsn2,tai15_15_08,15x15,MOR,14,1247.0
tsn2,tai15_15_08,15x15,MOR,15,1247.0
tsn2,tai15_15_08,15x15,MOR,16,1247.0
tsn2,tai15_15_08,15x15,MOR,17,1247.0
tsn2,tai15_15_08,15x15,MOR,18,1240.5
tsn2,tai15_15_08,15x15,MOR,19,1247.0
tsn2,tai15_15_08,15x15,MOR,20,1247.0
tsn2,tai15_15_08,15x15,MOR,21,1247.0
tsn2,tai15_15_08,15x15,MOR,22,1247.0
tsn2,tai15_15_08,15x15,MOR,23,1247.0
tsn2,tai15_15_08,15x15,MOR,24,1247.0
tsn2,tai15_15_08,15x15,MOR,25,1247.0
tsn2,tai15_15_08,15x15,MOR,26,1247.0
tsn2,tai15_15_08,15x15,MOR,27,1247.0
tsn2,tai15_15_08,15x15,MOR,28,1247.0
tsn2,tai15_15_08,15x15,MOR,29,1247.0
tsn2,tai15_15_08,15x15,MOR,30,1247.0
tsn2,tai15_15_08,15x15,GT,1,1247.0
tsn2,tai15_15_08,15x15,GT,2,1247.0
tsn2,tai15_15_08,15x15,GT,3,1247.0
tsn2,tai15_15_08,15x15,GT,4,1247.0
tsn2,tai15_15_08,15x15,GT,5,1247.0
tsn2,tai15_15_08,15x15,GT,6,1241.0
tsn2,tai15_15_08,15x15,GT,7,1241.0
tsn2,tai15_15_08,15x15,GT,8,1247.0
tsn2,tai15_15_08,15x15,GT,9,1253.0
tsn2,tai15_15_08,15x15,GT,10,1251.5
tsn2,tai15_15_08,15x15,GT,11,1249.0
tsn2,tai15_15_08,15x15,GT,12,1247.0
tsn2,tai15_15_08,15x15,GT,13,1247.0
tsn2,tai15_15_08,15x15,GT,14,1247.0
tsn2,tai15_15_08,15x15,GT,15,1251.5
tsn2,tai15_15_08,15x15,GT,16,1247.0
tsn2,tai15_15_08,15x15,GT,17,1247.0
tsn2,tai15_15_08,15x15,GT,18,1251.5
tsn2,tai15_15_08,15x15,GT,19,1249.0
tsn2,tai15_15_08,15x15,GT,20,1251.5
tsn2,tai15_15_08,15x15,GT,21,1247.0
tsn2,tai15_15_08,15x15,GT,22,1247.0
tsn2,tai15_15_08,15x15,GT,23,1249.0
tsn2,tai15_15_08,15x15,GT,24,1247.0
tsn2,tai15_15_08,15x15,GT,25,1247.0
tsn2,tai15_15_08,15x15,GT,26,1247.0
tsn2,tai15_15_08,15x15,GT,27,1247.0
tsn2,tai15_15_08,15x15,GT,28,1247.0
tsn2,tai15_15_08,15x15,GT,29,1247.0
tsn2,tai15_15_08,15x15,GT,30,1247.0
tsn2,tai15_15_08,15x15,GP,1,1247.0
tsn2,tai15_15_08,15x15,GP,2,1253.0
tsn2,tai15_15_08,15x15,GP,3,1247.0
tsn2,tai15_15_08,15x15,GP,4,1244.5
tsn2,tai15_15_08,15x15,GP,5,1247.0
tsn2,tai15_15_08,15x15,GP,6,1247.0
tsn2,tai15_15_08,15x15,GP,7,1247.0
tsn2,tai15_15_08,15x15,GP,8,1249.0
tsn2,tai15_15_08,15x15,GP,9,1247.0
tsn2,tai15_15_08,15x15,GP,10,1241.0
tsn2,tai15_15_08,15x15,GP,11,1251.5
tsn2,tai15_15_08,15x15,GP,12,1249.0
tsn2,tai15_15_08,15x15,GP,13,1241.0
tsn2,tai15_15_08,15x15,GP,14,1249.5
tsn2,tai15_15_08,15x15,GP,15,1249.0
tsn2,tai15_15_08,15x15,GP,16,1246.0
tsn2,tai15_15_08,15x15,GP,17,1247.0
tsn2,tai15_15_08,15x15,GP,18,1237.0
tsn2,tai15_15_08,15x15,GP,19,1246.0
tsn2,tai15_15_08,15x15,GP,20,1240.5
tsn2,tai15_15_08,15x15,GP,21,1244.0
tsn2,tai15_15_08,15x15,GP,22,1247.0
tsn2,tai15_15_08,15x15,GP,23,1253.5
tsn2,tai15_15_08,15x15,GP,24,1252.5
tsn2,tai15_15_08,15x15,GP,25,1245.5
tsn2,tai15_15_08,15x15,GP,26,1253.0
tsn2,tai15_15_08,15x15,GP,27,1247.0
tsn2,tai15_15_08,15x15,GP,28,1244.0
tsn2,tai15_15_08,15x15,GP,29,1249.0
tsn2,tai15_15_08,15x15,GP,30,1247.0
tsn2,tai15_15_08,15x15,MIX,1,1234.0
tsn2,tai15_15_08,15x15,MIX,2,1231.0
tsn2,tai15_15_08,15x15,MIX,3,1247.0
tsn2,tai15_15_08,15x15,MIX,4,1237.0
tsn2,tai15_15_08,15x15,MIX,5,1247.0
tsn2,tai15_15_08,15x15,MIX,6,1247.0
tsn2,tai15_15_08,15x15,MIX,7,1241.0
tsn2,tai15_15_08,15x15,MIX,8,1231.0
tsn2,tai15_15_08,15x15,MIX,9,1247.0
tsn2,tai15_15_08,15x15,MIX,10,1237.5
tsn2,tai15_15_08,15x15,MIX,11,1240.5
tsn2,tai15_15_08,15x15,MIX,12,1247.0
tsn2,tai15_15_08,15x15,MIX,13,1238.5
tsn2,tai15_15_08,15x15,MIX,14,1247.0
tsn2,tai15_15_08,15x15,MIX,15,1231.0
tsn2,tai15_15_08,15x15,MIX,16,1231.5
tsn2,tai15_15_08,15x15,MIX,17,1241.0
tsn2,tai15_15_08,15x15,MIX,18,1231.5
tsn2,tai15_15_08,15x15,MIX,19,1234.0
tsn2,tai15_15_08,15x15,MIX,20,1247.0
tsn2,tai15_15_08,15x15,MIX,21,1247.0
tsn2,tai15_15_08,15x15,MIX,22,1238.5
tsn2,tai15_15_08,15x15,MIX,23,1237.5
tsn2,tai15_15_08,15x15,MIX,24,1247.0
tsn2,tai15_15_08,15x15,MIX,25,1238.5
tsn2,tai15_15_08,15x15,MIX,26,1247.0
tsn2,tai15_15_08,15x15,MIX,27,1247.0
tsn2,tai15_15_08,15x15,MIX,28,1247.0
tsn2,tai15_15_08,15x15,MIX,29,1247.0
tsn2,tai15_15_08,15x15,MIX,30,1237.0
tsn2,tai15_15_08,15x15,MIXH,1,1247.0
tsn2,tai15_15_08,15x15,MIXH,2,1241.0
tsn2,tai15_15_08,15x15,MIXH,3,1240.5
tsn2,tai15_15_08,15x15,MIXH,4,1247.0
tsn2,tai15_15_08,15x15,MIXH,5,1243.5
tsn2,tai15_15_08,15x15,MIXH,6,1247.0
tsn2,tai15_15_08,15x15,MIXH,7,1247.0
tsn2,tai15_15_08,15x15,MIXH,8,1231.0
tsn2,tai15_15_08,15x15,MIXH,9,1231.0
tsn2,tai15_15_08,15x15,MIXH,10,1239.5
tsn2,tai15_15_08,15x15,MIXH,11,1253.5
tsn2,tai15_15_08,15x15,MIXH,12,1237.5
tsn2,tai15_15_08,15x15,MIXH,13,1247.0
tsn2,tai15_15_08,15x15,MIXH,14,1238.5
tsn2,tai15_15_08,15x15,MIXH,15,1240.5
tsn2,tai15_15_08,15x15,MIXH,16,1247.0
tsn2,tai15_15_08,15x15,MIXH,17,1247.0
tsn2,tai15_15_08,15x15,MIXH,18,1245.0
tsn2,tai15_15_08,15x15,MIXH,19,1241.0
tsn2,tai15_15_08,15x15,MIXH,20,1265.5
tsn2,tai15_15_08,15x15,MIXH,21,1247.0
tsn2,tai15_15_08,15x15,MIXH,22,1234.0
tsn2,tai15_15_08,15x15,MIXH,23,1247.0
tsn2,tai15_15_08,15x15,MIXH,24,1247.0
tsn2,tai15_15_08,15x15,MIXH,25,1247.0
tsn2,tai15_15_08,15x15,MIXH,26,1237.5
tsn2,tai15_15_08,15x15,MIXH,27,1231.5
tsn2,tai15_15_08,15x15,MIXH,28,1240.5
tsn2,tai15_15_08,15x15,MIXH,29,1247.0
tsn2,tai15_15_08,15x15,MIXH,30,1247.0
tsn2,tai15_15_09,15x15,A0,1,1305.0
tsn2,tai15_15_09,15x15,A0,2,1306.0
tsn2,tai15_15_09,15x15,A0,3,1307.5
tsn2,tai15_15_09,15x15,A0,4,1305.0
tsn2,tai15_15_09,15x15,A0,5,1307.5
tsn2,tai15_15_09,15x15,A0,6,1307.5
tsn2,tai15_15_09,15x15,A0,7,1307.5
tsn2,tai15_15_09,15x15,A0,8,1307.5
tsn2,tai15_15_09,15x15,A0,9,1304.0
tsn2,tai15_15_09,15x15,A0,10,1314.5
tsn2,tai15_15_09,15x15,A0,11,1307.5
tsn2,tai15_15_09,15x15,A0,12,1307.5
tsn2,tai15_15_09,15x15,A0,13,1307.5
tsn2,tai15_15_09,15x15,A0,14,1307.5
tsn2,tai15_15_09,15x15,A0,15,1307.5
tsn2,tai15_15_09,15x15,A0,16,1307.5
tsn2,tai15_15_09,15x15,A0,17,1307.5
tsn2,tai15_15_09,15x15,A0,18,1307.5
tsn2,tai15_15_09,15x15,A0,19,1304.0
tsn2,tai15_15_09,15x15,A0,20,1329.5
tsn2,tai15_15_09,15x15,A0,21,1307.5
tsn2,tai15_15_09,15x15,A0,22,1307.5
tsn2,tai15_15_09,15x15,A0,23,1307.5
tsn2,tai15_15_09,15x15,A0,24,1307.5
tsn2,tai15_15_09,15x15,A0,25,1307.5
tsn2,tai15_15_09,15x15,A0,26,1307.5
tsn2,tai15_15_09,15x15,A0,27,1314.5
tsn2,tai15_15_09,15x15,A0,28,1307.5
tsn2,tai15_15_09,15x15,A0,29,1307.5
tsn2,tai15_15_09,15x15,A0,30,1307.5
tsn2,tai15_15_09,15x15,V2H,1,1306.5
tsn2,tai15_15_09,15x15,V2H,2,1289.0
tsn2,tai15_15_09,15x15,V2H,3,1306.5
tsn2,tai15_15_09,15x15,V2H,4,1331.0
tsn2,tai15_15_09,15x15,V2H,5,1298.5
tsn2,tai15_15_09,15x15,V2H,6,1306.5
tsn2,tai15_15_09,15x15,V2H,7,1307.5
tsn2,tai15_15_09,15x15,V2H,8,1305.5
tsn2,tai15_15_09,15x15,V2H,9,1306.5
tsn2,tai15_15_09,15x15,V2H,10,1314.5
tsn2,tai15_15_09,15x15,V2H,11,1306.5
tsn2,tai15_15_09,15x15,V2H,12,1301.0
tsn2,tai15_15_09,15x15,V2H,13,1300.0
tsn2,tai15_15_09,15x15,V2H,14,1313.5
tsn2,tai15_15_09,15x15,V2H,15,1287.5
tsn2,tai15_15_09,15x15,V2H,16,1321.5
tsn2,tai15_15_09,15x15,V2H,17,1306.5
tsn2,tai15_15_09,15x15,V2H,18,1307.5
tsn2,tai15_15_09,15x15,V2H,19,1306.5
tsn2,tai15_15_09,15x15,V2H,20,1313.5
tsn2,tai15_15_09,15x15,V2H,21,1296.5
tsn2,tai15_15_09,15x15,V2H,22,1316.0
tsn2,tai15_15_09,15x15,V2H,23,1306.5
tsn2,tai15_15_09,15x15,V2H,24,1311.5
tsn2,tai15_15_09,15x15,V2H,25,1300.0
tsn2,tai15_15_09,15x15,V2H,26,1293.5
tsn2,tai15_15_09,15x15,V2H,27,1306.5
tsn2,tai15_15_09,15x15,V2H,28,1306.5
tsn2,tai15_15_09,15x15,V2H,29,1299.0
tsn2,tai15_15_09,15x15,V2H,30,1316.0
tsn2,tai15_15_09,15x15,V2,1,1306.5
tsn2,tai15_15_09,15x15,V2,2,1313.0
tsn2,tai15_15_09,15x15,V2,3,1293.5
tsn2,tai15_15_09,15x15,V2,4,1306.5
tsn2,tai15_15_09,15x15,V2,5,1305.5
tsn2,tai15_15_09,15x15,V2,6,1306.5
tsn2,tai15_15_09,15x15,V2,7,1302.0
tsn2,tai15_15_09,15x15,V2,8,1306.5
tsn2,tai15_15_09,15x15,V2,9,1307.5
tsn2,tai15_15_09,15x15,V2,10,1321.5
tsn2,tai15_15_09,15x15,V2,11,1300.0
tsn2,tai15_15_09,15x15,V2,12,1311.5
tsn2,tai15_15_09,15x15,V2,13,1290.0
tsn2,tai15_15_09,15x15,V2,14,1306.5
tsn2,tai15_15_09,15x15,V2,15,1300.0
tsn2,tai15_15_09,15x15,V2,16,1306.5
tsn2,tai15_15_09,15x15,V2,17,1299.0
tsn2,tai15_15_09,15x15,V2,18,1304.5
tsn2,tai15_15_09,15x15,V2,19,1307.5
tsn2,tai15_15_09,15x15,V2,20,1306.5
tsn2,tai15_15_09,15x15,V2,21,1306.5
tsn2,tai15_15_09,15x15,V2,22,1306.5
tsn2,tai15_15_09,15x15,V2,23,1307.5
tsn2,tai15_15_09,15x15,V2,24,1310.5
tsn2,tai15_15_09,15x15,V2,25,1310.0
tsn2,tai15_15_09,15x15,V2,26,1307.5
tsn2,tai15_15_09,15x15,V2,27,1299.0
tsn2,tai15_15_09,15x15,V2,28,1314.5
tsn2,tai15_15_09,15x15,V2,29,1306.5
tsn2,tai15_15_09,15x15,V2,30,1310.0
tsn2,tai15_15_09,15x15,MOR,1,1307.5
tsn2,tai15_15_09,15x15,MOR,2,1307.5
tsn2,tai15_15_09,15x15,MOR,3,1307.5
tsn2,tai15_15_09,15x15,MOR,4,1307.5
tsn2,tai15_15_09,15x15,MOR,5,1307.5
tsn2,tai15_15_09,15x15,MOR,6,1324.0
tsn2,tai15_15_09,15x15,MOR,7,1307.5
tsn2,tai15_15_09,15x15,MOR,8,1307.5
tsn2,tai15_15_09,15x15,MOR,9,1307.5
tsn2,tai15_15_09,15x15,MOR,10,1307.5
tsn2,tai15_15_09,15x15,MOR,11,1307.5
tsn2,tai15_15_09,15x15,MOR,12,1307.5
tsn2,tai15_15_09,15x15,MOR,13,1307.5
tsn2,tai15_15_09,15x15,MOR,14,1307.5
tsn2,tai15_15_09,15x15,MOR,15,1307.5
tsn2,tai15_15_09,15x15,MOR,16,1307.5
tsn2,tai15_15_09,15x15,MOR,17,1307.5
tsn2,tai15_15_09,15x15,MOR,18,1329.5
tsn2,tai15_15_09,15x15,MOR,19,1307.5
tsn2,tai15_15_09,15x15,MOR,20,1307.5
tsn2,tai15_15_09,15x15,MOR,21,1307.5
tsn2,tai15_15_09,15x15,MOR,22,1307.5
tsn2,tai15_15_09,15x15,MOR,23,1307.5
tsn2,tai15_15_09,15x15,MOR,24,1304.0
tsn2,tai15_15_09,15x15,MOR,25,1316.5
tsn2,tai15_15_09,15x15,MOR,26,1307.5
tsn2,tai15_15_09,15x15,MOR,27,1307.5
tsn2,tai15_15_09,15x15,MOR,28,1307.5
tsn2,tai15_15_09,15x15,MOR,29,1307.5
tsn2,tai15_15_09,15x15,MOR,30,1327.0
tsn2,tai15_15_09,15x15,GT,1,1326.0
tsn2,tai15_15_09,15x15,GT,2,1326.0
tsn2,tai15_15_09,15x15,GT,3,1317.0
tsn2,tai15_15_09,15x15,GT,4,1307.5
tsn2,tai15_15_09,15x15,GT,5,1310.5
tsn2,tai15_15_09,15x15,GT,6,1315.0
tsn2,tai15_15_09,15x15,GT,7,1306.5
tsn2,tai15_15_09,15x15,GT,8,1315.0
tsn2,tai15_15_09,15x15,GT,9,1315.0
tsn2,tai15_15_09,15x15,GT,10,1326.0
tsn2,tai15_15_09,15x15,GT,11,1301.0
tsn2,tai15_15_09,15x15,GT,12,1311.5
tsn2,tai15_15_09,15x15,GT,13,1326.0
tsn2,tai15_15_09,15x15,GT,14,1312.0
tsn2,tai15_15_09,15x15,GT,15,1306.5
tsn2,tai15_15_09,15x15,GT,16,1307.5
tsn2,tai15_15_09,15x15,GT,17,1326.0
tsn2,tai15_15_09,15x15,GT,18,1307.5
tsn2,tai15_15_09,15x15,GT,19,1304.0
tsn2,tai15_15_09,15x15,GT,20,1314.0
tsn2,tai15_15_09,15x15,GT,21,1326.0
tsn2,tai15_15_09,15x15,GT,22,1306.5
tsn2,tai15_15_09,15x15,GT,23,1308.5
tsn2,tai15_15_09,15x15,GT,24,1307.5
tsn2,tai15_15_09,15x15,GT,25,1307.5
tsn2,tai15_15_09,15x15,GT,26,1326.0
tsn2,tai15_15_09,15x15,GT,27,1326.0
tsn2,tai15_15_09,15x15,GT,28,1304.0
tsn2,tai15_15_09,15x15,GT,29,1326.0
tsn2,tai15_15_09,15x15,GT,30,1315.0
tsn2,tai15_15_09,15x15,GP,1,1319.0
tsn2,tai15_15_09,15x15,GP,2,1313.0
tsn2,tai15_15_09,15x15,GP,3,1326.0
tsn2,tai15_15_09,15x15,GP,4,1315.0
tsn2,tai15_15_09,15x15,GP,5,1307.5
tsn2,tai15_15_09,15x15,GP,6,1326.0
tsn2,tai15_15_09,15x15,GP,7,1326.0
tsn2,tai15_15_09,15x15,GP,8,1326.0
tsn2,tai15_15_09,15x15,GP,9,1317.0
tsn2,tai15_15_09,15x15,GP,10,1326.0
tsn2,tai15_15_09,15x15,GP,11,1326.0
tsn2,tai15_15_09,15x15,GP,12,1316.0
tsn2,tai15_15_09,15x15,GP,13,1326.0
tsn2,tai15_15_09,15x15,GP,14,1320.0
tsn2,tai15_15_09,15x15,GP,15,1326.0
tsn2,tai15_15_09,15x15,GP,16,1311.0
tsn2,tai15_15_09,15x15,GP,17,1318.0
tsn2,tai15_15_09,15x15,GP,18,1307.0
tsn2,tai15_15_09,15x15,GP,19,1307.0
tsn2,tai15_15_09,15x15,GP,20,1313.5
tsn2,tai15_15_09,15x15,GP,21,1308.5
tsn2,tai15_15_09,15x15,GP,22,1312.0
tsn2,tai15_15_09,15x15,GP,23,1307.0
tsn2,tai15_15_09,15x15,GP,24,1307.0
tsn2,tai15_15_09,15x15,GP,25,1298.0
tsn2,tai15_15_09,15x15,GP,26,1305.0
tsn2,tai15_15_09,15x15,GP,27,1326.0
tsn2,tai15_15_09,15x15,GP,28,1320.0
tsn2,tai15_15_09,15x15,GP,29,1321.5
tsn2,tai15_15_09,15x15,GP,30,1316.5
tsn2,tai15_15_09,15x15,MIX,1,1302.5
tsn2,tai15_15_09,15x15,MIX,2,1321.0
tsn2,tai15_15_09,15x15,MIX,3,1303.0
tsn2,tai15_15_09,15x15,MIX,4,1302.5
tsn2,tai15_15_09,15x15,MIX,5,1307.5
tsn2,tai15_15_09,15x15,MIX,6,1302.5
tsn2,tai15_15_09,15x15,MIX,7,1312.0
tsn2,tai15_15_09,15x15,MIX,8,1320.5
tsn2,tai15_15_09,15x15,MIX,9,1304.0
tsn2,tai15_15_09,15x15,MIX,10,1306.5
tsn2,tai15_15_09,15x15,MIX,11,1309.5
tsn2,tai15_15_09,15x15,MIX,12,1325.5
tsn2,tai15_15_09,15x15,MIX,13,1312.0
tsn2,tai15_15_09,15x15,MIX,14,1332.0
tsn2,tai15_15_09,15x15,MIX,15,1313.0
tsn2,tai15_15_09,15x15,MIX,16,1300.0
tsn2,tai15_15_09,15x15,MIX,17,1303.0
tsn2,tai15_15_09,15x15,MIX,18,1302.5
tsn2,tai15_15_09,15x15,MIX,19,1302.5
tsn2,tai15_15_09,15x15,MIX,20,1299.0
tsn2,tai15_15_09,15x15,MIX,21,1295.0
tsn2,tai15_15_09,15x15,MIX,22,1307.0
tsn2,tai15_15_09,15x15,MIX,23,1302.5
tsn2,tai15_15_09,15x15,MIX,24,1306.5
tsn2,tai15_15_09,15x15,MIX,25,1313.5
tsn2,tai15_15_09,15x15,MIX,26,1301.5
tsn2,tai15_15_09,15x15,MIX,27,1305.0
tsn2,tai15_15_09,15x15,MIX,28,1313.5
tsn2,tai15_15_09,15x15,MIX,29,1326.0
tsn2,tai15_15_09,15x15,MIX,30,1298.5
tsn2,tai15_15_09,15x15,MIXH,1,1307.0
tsn2,tai15_15_09,15x15,MIXH,2,1289.0
tsn2,tai15_15_09,15x15,MIXH,3,1312.5
tsn2,tai15_15_09,15x15,MIXH,4,1311.0
tsn2,tai15_15_09,15x15,MIXH,5,1307.0
tsn2,tai15_15_09,15x15,MIXH,6,1302.5
tsn2,tai15_15_09,15x15,MIXH,7,1307.0
tsn2,tai15_15_09,15x15,MIXH,8,1307.5
tsn2,tai15_15_09,15x15,MIXH,9,1311.5
tsn2,tai15_15_09,15x15,MIXH,10,1306.5
tsn2,tai15_15_09,15x15,MIXH,11,1326.0
tsn2,tai15_15_09,15x15,MIXH,12,1307.5
tsn2,tai15_15_09,15x15,MIXH,13,1312.0
tsn2,tai15_15_09,15x15,MIXH,14,1313.0
tsn2,tai15_15_09,15x15,MIXH,15,1313.0
tsn2,tai15_15_09,15x15,MIXH,16,1306.5
tsn2,tai15_15_09,15x15,MIXH,17,1298.0
tsn2,tai15_15_09,15x15,MIXH,18,1316.5
tsn2,tai15_15_09,15x15,MIXH,19,1293.5
tsn2,tai15_15_09,15x15,MIXH,20,1312.0
tsn2,tai15_15_09,15x15,MIXH,21,1306.0
tsn2,tai15_15_09,15x15,MIXH,22,1298.0
tsn2,tai15_15_09,15x15,MIXH,23,1302.5
tsn2,tai15_15_09,15x15,MIXH,24,1298.0
tsn2,tai15_15_09,15x15,MIXH,25,1326.0
tsn2,tai15_15_09,15x15,MIXH,26,1304.5
tsn2,tai15_15_09,15x15,MIXH,27,1307.5
tsn2,tai15_15_09,15x15,MIXH,28,1299.0
tsn2,tai15_15_09,15x15,MIXH,29,1299.0
tsn2,tai15_15_09,15x15,MIXH,30,1310.0
tsn2,tai15_15_10,15x15,A0,1,1257.0
tsn2,tai15_15_10,15x15,A0,2,1244.0
tsn2,tai15_15_10,15x15,A0,3,1274.5
tsn2,tai15_15_10,15x15,A0,4,1279.0
tsn2,tai15_15_10,15x15,A0,5,1293.0
tsn2,tai15_15_10,15x15,A0,6,1287.0
tsn2,tai15_15_10,15x15,A0,7,1279.0
tsn2,tai15_15_10,15x15,A0,8,1244.0
tsn2,tai15_15_10,15x15,A0,9,1279.0
tsn2,tai15_15_10,15x15,A0,10,1285.5
tsn2,tai15_15_10,15x15,A0,11,1244.0
tsn2,tai15_15_10,15x15,A0,12,1285.5
tsn2,tai15_15_10,15x15,A0,13,1264.5
tsn2,tai15_15_10,15x15,A0,14,1279.5
tsn2,tai15_15_10,15x15,A0,15,1295.0
tsn2,tai15_15_10,15x15,A0,16,1264.5
tsn2,tai15_15_10,15x15,A0,17,1289.0
tsn2,tai15_15_10,15x15,A0,18,1279.0
tsn2,tai15_15_10,15x15,A0,19,1264.5
tsn2,tai15_15_10,15x15,A0,20,1278.0
tsn2,tai15_15_10,15x15,A0,21,1244.0
tsn2,tai15_15_10,15x15,A0,22,1279.0
tsn2,tai15_15_10,15x15,A0,23,1296.0
tsn2,tai15_15_10,15x15,A0,24,1279.0
tsn2,tai15_15_10,15x15,A0,25,1282.0
tsn2,tai15_15_10,15x15,A0,26,1244.0
tsn2,tai15_15_10,15x15,A0,27,1279.0
tsn2,tai15_15_10,15x15,A0,28,1278.0
tsn2,tai15_15_10,15x15,A0,29,1244.0
tsn2,tai15_15_10,15x15,A0,30,1279.0
tsn2,tai15_15_10,15x15,V2H,1,1263.0
tsn2,tai15_15_10,15x15,V2H,2,1244.0
tsn2,tai15_15_10,15x15,V2H,3,1284.5
tsn2,tai15_15_10,15x15,V2H,4,1285.0
tsn2,tai15_15_10,15x15,V2H,5,1284.0
tsn2,tai15_15_10,15x15,V2H,6,1244.0
tsn2,tai15_15_10,15x15,V2H,7,1264.0
tsn2,tai15_15_10,15x15,V2H,8,1263.0
tsn2,tai15_15_10,15x15,V2H,9,1280.0
tsn2,tai15_15_10,15x15,V2H,10,1244.0
tsn2,tai15_15_10,15x15,V2H,11,1244.0
tsn2,tai15_15_10,15x15,V2H,12,1279.0
tsn2,tai15_15_10,15x15,V2H,13,1284.5
tsn2,tai15_15_10,15x15,V2H,14,1279.0
tsn2,tai15_15_10,15x15,V2H,15,1263.0
tsn2,tai15_15_10,15x15,V2H,16,1263.0
tsn2,tai15_15_10,15x15,V2H,17,1244.0
tsn2,tai15_15_10,15x15,V2H,18,1244.0
tsn2,tai15_15_10,15x15,V2H,19,1244.0
tsn2,tai15_15_10,15x15,V2H,20,1279.0
tsn2,tai15_15_10,15x15,V2H,21,1279.0
tsn2,tai15_15_10,15x15,V2H,22,1278.0
tsn2,tai15_15_10,15x15,V2H,23,1244.0
tsn2,tai15_15_10,15x15,V2H,24,1263.0
tsn2,tai15_15_10,15x15,V2H,25,1244.0
tsn2,tai15_15_10,15x15,V2H,26,1263.0
tsn2,tai15_15_10,15x15,V2H,27,1285.5
tsn2,tai15_15_10,15x15,V2H,28,1244.0
tsn2,tai15_15_10,15x15,V2H,29,1279.0
tsn2,tai15_15_10,15x15,V2H,30,1279.0
tsn2,tai15_15_10,15x15,V2,1,1244.0
tsn2,tai15_15_10,15x15,V2,2,1244.5
tsn2,tai15_15_10,15x15,V2,3,1271.0
tsn2,tai15_15_10,15x15,V2,4,1283.0
tsn2,tai15_15_10,15x15,V2,5,1263.0
tsn2,tai15_15_10,15x15,V2,6,1244.0
tsn2,tai15_15_10,15x15,V2,7,1279.0
tsn2,tai15_15_10,15x15,V2,8,1278.5
tsn2,tai15_15_10,15x15,V2,9,1244.0
tsn2,tai15_15_10,15x15,V2,10,1263.0
tsn2,tai15_15_10,15x15,V2,11,1279.0
tsn2,tai15_15_10,15x15,V2,12,1263.0
tsn2,tai15_15_10,15x15,V2,13,1244.0
tsn2,tai15_15_10,15x15,V2,14,1263.0
tsn2,tai15_15_10,15x15,V2,15,1244.0
tsn2,tai15_15_10,15x15,V2,16,1263.0
tsn2,tai15_15_10,15x15,V2,17,1244.0
tsn2,tai15_15_10,15x15,V2,18,1263.0
tsn2,tai15_15_10,15x15,V2,19,1287.0
tsn2,tai15_15_10,15x15,V2,20,1263.0
tsn2,tai15_15_10,15x15,V2,21,1244.0
tsn2,tai15_15_10,15x15,V2,22,1251.0
tsn2,tai15_15_10,15x15,V2,23,1245.0
tsn2,tai15_15_10,15x15,V2,24,1246.0
tsn2,tai15_15_10,15x15,V2,25,1270.5
tsn2,tai15_15_10,15x15,V2,26,1263.0
tsn2,tai15_15_10,15x15,V2,27,1251.0
tsn2,tai15_15_10,15x15,V2,28,1263.0
tsn2,tai15_15_10,15x15,V2,29,1250.0
tsn2,tai15_15_10,15x15,V2,30,1263.0
tsn2,tai15_15_10,15x15,MOR,1,1287.0
tsn2,tai15_15_10,15x15,MOR,2,1287.0
tsn2,tai15_15_10,15x15,MOR,3,1289.0
tsn2,tai15_15_10,15x15,MOR,4,1287.0
tsn2,tai15_15_10,15x15,MOR,5,1295.0
tsn2,tai15_15_10,15x15,MOR,6,1287.0
tsn2,tai15_15_10,15x15,MOR,7,1289.0
tsn2,tai15_15_10,15x15,MOR,8,1287.0
tsn2,tai15_15_10,15x15,MOR,9,1287.0
tsn2,tai15_15_10,15x15,MOR,10,1296.0
tsn2,tai15_15_10,15x15,MOR,11,1287.0
tsn2,tai15_15_10,15x15,MOR,12,1287.0
tsn2,tai15_15_10,15x15,MOR,13,1287.0
tsn2,tai15_15_10,15x15,MOR,14,1296.0
tsn2,tai15_15_10,15x15,MOR,15,1287.0
tsn2,tai15_15_10,15x15,MOR,16,1287.0
tsn2,tai15_15_10,15x15,MOR,17,1289.0
tsn2,tai15_15_10,15x15,MOR,18,1295.5
tsn2,tai15_15_10,15x15,MOR,19,1287.0
tsn2,tai15_15_10,15x15,MOR,20,1287.0
tsn2,tai15_15_10,15x15,MOR,21,1287.0
tsn2,tai15_15_10,15x15,MOR,22,1296.0
tsn2,tai15_15_10,15x15,MOR,23,1287.0
tsn2,tai15_15_10,15x15,MOR,24,1287.5
tsn2,tai15_15_10,15x15,MOR,25,1287.0
tsn2,tai15_15_10,15x15,MOR,26,1287.0
tsn2,tai15_15_10,15x15,MOR,27,1287.5
tsn2,tai15_15_10,15x15,MOR,28,1287.0
tsn2,tai15_15_10,15x15,MOR,29,1289.0
tsn2,tai15_15_10,15x15,MOR,30,1287.5
tsn2,tai15_15_10,15x15,GT,1,1279.0
tsn2,tai15_15_10,15x15,GT,2,1295.5
tsn2,tai15_15_10,15x15,GT,3,1257.0
tsn2,tai15_15_10,15x15,GT,4,1293.5
tsn2,tai15_15_10,15x15,GT,5,1294.0
tsn2,tai15_15_10,15x15,GT,6,1294.5
tsn2,tai15_15_10,15x15,GT,7,1293.0
tsn2,tai15_15_10,15x15,GT,8,1274.5
tsn2,tai15_15_10,15x15,GT,9,1293.0
tsn2,tai15_15_10,15x15,GT,10,1283.0
tsn2,tai15_15_10,15x15,GT,11,1294.0
tsn2,tai15_15_10,15x15,GT,12,1282.5
tsn2,tai15_15_10,15x15,GT,13,1298.5
tsn2,tai15_15_10,15x15,GT,14,1277.5
tsn2,tai15_15_10,15x15,GT,15,1287.5
tsn2,tai15_15_10,15x15,GT,16,1293.0
tsn2,tai15_15_10,15x15,GT,17,1277.5
tsn2,tai15_15_10,15x15,GT,18,1274.5
tsn2,tai15_15_10,15x15,GT,19,1293.0
tsn2,tai15_15_10,15x15,GT,20,1292.0
tsn2,tai15_15_10,15x15,GT,21,1291.5
tsn2,tai15_15_10,15x15,GT,22,1281.5
tsn2,tai15_15_10,15x15,GT,23,1293.0
tsn2,tai15_15_10,15x15,GT,24,1296.5
tsn2,tai15_15_10,15x15,GT,25,1291.5
tsn2,tai15_15_10,15x15,GT,26,1276.5
tsn2,tai15_15_10,15x15,GT,27,1294.5
tsn2,tai15_15_10,15x15,GT,28,1294.5
tsn2,tai15_15_10,15x15,GT,29,1283.5
tsn2,tai15_15_10,15x15,GT,30,1249.5
tsn2,tai15_15_10,15x15,GP,1,1289.0
tsn2,tai15_15_10,15x15,GP,2,1289.0
tsn2,tai15_15_10,15x15,GP,3,1289.0
tsn2,tai15_15_10,15x15,GP,4,1279.0
tsn2,tai15_15_10,15x15,GP,5,1289.0
tsn2,tai15_15_10,15x15,GP,6,1289.0
tsn2,tai15_15_10,15x15,GP,7,1289.0
tsn2,tai15_15_10,15x15,GP,8,1289.0
tsn2,tai15_15_10,15x15,GP,9,1289.0
tsn2,tai15_15_10,15x15,GP,10,1289.0
tsn2,tai15_15_10,15x15,GP,11,1289.0
tsn2,tai15_15_10,15x15,GP,12,1278.0
tsn2,tai15_15_10,15x15,GP,13,1289.0
tsn2,tai15_15_10,15x15,GP,14,1289.0
tsn2,tai15_15_10,15x15,GP,15,1289.0
tsn2,tai15_15_10,15x15,GP,16,1289.0
tsn2,tai15_15_10,15x15,GP,17,1289.0
tsn2,tai15_15_10,15x15,GP,18,1289.0
tsn2,tai15_15_10,15x15,GP,19,1289.0
tsn2,tai15_15_10,15x15,GP,20,1289.0
tsn2,tai15_15_10,15x15,GP,21,1289.0
tsn2,tai15_15_10,15x15,GP,22,1289.0
tsn2,tai15_15_10,15x15,GP,23,1289.0
tsn2,tai15_15_10,15x15,GP,24,1289.0
tsn2,tai15_15_10,15x15,GP,25,1289.0
tsn2,tai15_15_10,15x15,GP,26,1289.0
tsn2,tai15_15_10,15x15,GP,27,1289.0
tsn2,tai15_15_10,15x15,GP,28,1289.0
tsn2,tai15_15_10,15x15,GP,29,1282.0
tsn2,tai15_15_10,15x15,GP,30,1289.0
tsn2,tai15_15_10,15x15,MIX,1,1257.0
tsn2,tai15_15_10,15x15,MIX,2,1279.0
tsn2,tai15_15_10,15x15,MIX,3,1285.5
tsn2,tai15_15_10,15x15,MIX,4,1282.0
tsn2,tai15_15_10,15x15,MIX,5,1272.5
tsn2,tai15_15_10,15x15,MIX,6,1244.0
tsn2,tai15_15_10,15x15,MIX,7,1289.0
tsn2,tai15_15_10,15x15,MIX,8,1263.0
tsn2,tai15_15_10,15x15,MIX,9,1244.0
tsn2,tai15_15_10,15x15,MIX,10,1289.0
tsn2,tai15_15_10,15x15,MIX,11,1244.0
tsn2,tai15_15_10,15x15,MIX,12,1244.0
tsn2,tai15_15_10,15x15,MIX,13,1282.0
tsn2,tai15_15_10,15x15,MIX,14,1244.0
tsn2,tai15_15_10,15x15,MIX,15,1278.0
tsn2,tai15_15_10,15x15,MIX,16,1278.0
tsn2,tai15_15_10,15x15,MIX,17,1278.0
tsn2,tai15_15_10,15x15,MIX,18,1279.0
tsn2,tai15_15_10,15x15,MIX,19,1278.0
tsn2,tai15_15_10,15x15,MIX,20,1244.0
tsn2,tai15_15_10,15x15,MIX,21,1278.0
tsn2,tai15_15_10,15x15,MIX,22,1289.0
tsn2,tai15_15_10,15x15,MIX,23,1282.0
tsn2,tai15_15_10,15x15,MIX,24,1282.0
tsn2,tai15_15_10,15x15,MIX,25,1244.0
tsn2,tai15_15_10,15x15,MIX,26,1279.0
tsn2,tai15_15_10,15x15,MIX,27,1289.0
tsn2,tai15_15_10,15x15,MIX,28,1275.5
tsn2,tai15_15_10,15x15,MIX,29,1282.0
tsn2,tai15_15_10,15x15,MIX,30,1293.5
tsn2,tai15_15_10,15x15,MIXH,1,1284.0
tsn2,tai15_15_10,15x15,MIXH,2,1289.0
tsn2,tai15_15_10,15x15,MIXH,3,1264.5
tsn2,tai15_15_10,15x15,MIXH,4,1282.0
tsn2,tai15_15_10,15x15,MIXH,5,1282.0
tsn2,tai15_15_10,15x15,MIXH,6,1289.0
tsn2,tai15_15_10,15x15,MIXH,7,1285.5
tsn2,tai15_15_10,15x15,MIXH,8,1289.0
tsn2,tai15_15_10,15x15,MIXH,9,1289.0
tsn2,tai15_15_10,15x15,MIXH,10,1283.5
tsn2,tai15_15_10,15x15,MIXH,11,1285.5
tsn2,tai15_15_10,15x15,MIXH,12,1268.5
tsn2,tai15_15_10,15x15,MIXH,13,1285.5
tsn2,tai15_15_10,15x15,MIXH,14,1282.0
tsn2,tai15_15_10,15x15,MIXH,15,1279.0
tsn2,tai15_15_10,15x15,MIXH,16,1287.0
tsn2,tai15_15_10,15x15,MIXH,17,1287.0
tsn2,tai15_15_10,15x15,MIXH,18,1289.0
tsn2,tai15_15_10,15x15,MIXH,19,1273.0
tsn2,tai15_15_10,15x15,MIXH,20,1271.0
tsn2,tai15_15_10,15x15,MIXH,21,1289.0
tsn2,tai15_15_10,15x15,MIXH,22,1262.0
tsn2,tai15_15_10,15x15,MIXH,23,1278.0
tsn2,tai15_15_10,15x15,MIXH,24,1245.0
tsn2,tai15_15_10,15x15,MIXH,25,1285.5
tsn2,tai15_15_10,15x15,MIXH,26,1244.0
tsn2,tai15_15_10,15x15,MIXH,27,1277.0
tsn2,tai15_15_10,15x15,MIXH,28,1244.0
tsn2,tai15_15_10,15x15,MIXH,29,1278.5
tsn2,tai15_15_10,15x15,MIXH,30,1285.5
tsn2,tai20_20_01,20x20,A0,1,1708.0
tsn2,tai20_20_01,20x20,A0,2,1684.0
tsn2,tai20_20_01,20x20,A0,3,1690.0
tsn2,tai20_20_01,20x20,A0,4,1706.0
tsn2,tai20_20_01,20x20,A0,5,1700.0
tsn2,tai20_20_01,20x20,A0,6,1704.5
tsn2,tai20_20_01,20x20,A0,7,1692.5
tsn2,tai20_20_01,20x20,A0,8,1718.5
tsn2,tai20_20_01,20x20,A0,9,1692.0
tsn2,tai20_20_01,20x20,A0,10,1723.0
tsn2,tai20_20_01,20x20,A0,11,1693.5
tsn2,tai20_20_01,20x20,A0,12,1702.0
tsn2,tai20_20_01,20x20,A0,13,1709.5
tsn2,tai20_20_01,20x20,A0,14,1711.0
tsn2,tai20_20_01,20x20,A0,15,1712.5
tsn2,tai20_20_01,20x20,A0,16,1724.0
tsn2,tai20_20_01,20x20,A0,17,1716.0
tsn2,tai20_20_01,20x20,A0,18,1704.5
tsn2,tai20_20_01,20x20,A0,19,1686.5
tsn2,tai20_20_01,20x20,A0,20,1706.5
tsn2,tai20_20_01,20x20,A0,21,1717.0
tsn2,tai20_20_01,20x20,A0,22,1701.5
tsn2,tai20_20_01,20x20,A0,23,1691.0
tsn2,tai20_20_01,20x20,A0,24,1700.5
tsn2,tai20_20_01,20x20,A0,25,1677.5
tsn2,tai20_20_01,20x20,A0,26,1724.5
tsn2,tai20_20_01,20x20,A0,27,1702.0
tsn2,tai20_20_01,20x20,A0,28,1706.0
tsn2,tai20_20_01,20x20,A0,29,1679.5
tsn2,tai20_20_01,20x20,A0,30,1694.5
tsn2,tai20_20_01,20x20,V2H,1,1697.5
tsn2,tai20_20_01,20x20,V2H,2,1691.5
tsn2,tai20_20_01,20x20,V2H,3,1708.0
tsn2,tai20_20_01,20x20,V2H,4,1713.0
tsn2,tai20_20_01,20x20,V2H,5,1681.0
tsn2,tai20_20_01,20x20,V2H,6,1682.5
tsn2,tai20_20_01,20x20,V2H,7,1708.5
tsn2,tai20_20_01,20x20,V2H,8,1689.0
tsn2,tai20_20_01,20x20,V2H,9,1690.5
tsn2,tai20_20_01,20x20,V2H,10,1680.5
tsn2,tai20_20_01,20x20,V2H,11,1693.5
tsn2,tai20_20_01,20x20,V2H,12,1702.0
tsn2,tai20_20_01,20x20,V2H,13,1687.0
tsn2,tai20_20_01,20x20,V2H,14,1694.0
tsn2,tai20_20_01,20x20,V2H,15,1696.0
tsn2,tai20_20_01,20x20,V2H,16,1701.5
tsn2,tai20_20_01,20x20,V2H,17,1695.5
tsn2,tai20_20_01,20x20,V2H,18,1707.0
tsn2,tai20_20_01,20x20,V2H,19,1695.0
tsn2,tai20_20_01,20x20,V2H,20,1683.5
tsn2,tai20_20_01,20x20,V2H,21,1729.5
tsn2,tai20_20_01,20x20,V2H,22,1688.5
tsn2,tai20_20_01,20x20,V2H,23,1677.5
tsn2,tai20_20_01,20x20,V2H,24,1690.0
tsn2,tai20_20_01,20x20,V2H,25,1702.5
tsn2,tai20_20_01,20x20,V2H,26,1698.0
tsn2,tai20_20_01,20x20,V2H,27,1687.0
tsn2,tai20_20_01,20x20,V2H,28,1687.5
tsn2,tai20_20_01,20x20,V2H,29,1687.0
tsn2,tai20_20_01,20x20,V2H,30,1689.0
tsn2,tai20_20_01,20x20,V2,1,1719.5
tsn2,tai20_20_01,20x20,V2,2,1688.0
tsn2,tai20_20_01,20x20,V2,3,1699.5
tsn2,tai20_20_01,20x20,V2,4,1694.5
tsn2,tai20_20_01,20x20,V2,5,1704.5
tsn2,tai20_20_01,20x20,V2,6,1693.5
tsn2,tai20_20_01,20x20,V2,7,1674.0
tsn2,tai20_20_01,20x20,V2,8,1710.0
tsn2,tai20_20_01,20x20,V2,9,1705.0
tsn2,tai20_20_01,20x20,V2,10,1706.0
tsn2,tai20_20_01,20x20,V2,11,1681.5
tsn2,tai20_20_01,20x20,V2,12,1699.5
tsn2,tai20_20_01,20x20,V2,13,1685.0
tsn2,tai20_20_01,20x20,V2,14,1697.5
tsn2,tai20_20_01,20x20,V2,15,1690.5
tsn2,tai20_20_01,20x20,V2,16,1690.0
tsn2,tai20_20_01,20x20,V2,17,1708.5
tsn2,tai20_20_01,20x20,V2,18,1695.0
tsn2,tai20_20_01,20x20,V2,19,1706.0
tsn2,tai20_20_01,20x20,V2,20,1692.5
tsn2,tai20_20_01,20x20,V2,21,1697.0
tsn2,tai20_20_01,20x20,V2,22,1705.5
tsn2,tai20_20_01,20x20,V2,23,1683.5
tsn2,tai20_20_01,20x20,V2,24,1705.0
tsn2,tai20_20_01,20x20,V2,25,1687.0
tsn2,tai20_20_01,20x20,V2,26,1700.5
tsn2,tai20_20_01,20x20,V2,27,1700.0
tsn2,tai20_20_01,20x20,V2,28,1689.5
tsn2,tai20_20_01,20x20,V2,29,1676.5
tsn2,tai20_20_01,20x20,V2,30,1714.5
tsn2,tai20_20_01,20x20,MOR,1,1728.0
tsn2,tai20_20_01,20x20,MOR,2,1749.5
tsn2,tai20_20_01,20x20,MOR,3,1707.5
tsn2,tai20_20_01,20x20,MOR,4,1733.0
tsn2,tai20_20_01,20x20,MOR,5,1699.0
tsn2,tai20_20_01,20x20,MOR,6,1700.5
tsn2,tai20_20_01,20x20,MOR,7,1738.5
tsn2,tai20_20_01,20x20,MOR,8,1701.0
tsn2,tai20_20_01,20x20,MOR,9,1723.5
tsn2,tai20_20_01,20x20,MOR,10,1721.0
tsn2,tai20_20_01,20x20,MOR,11,1732.5
tsn2,tai20_20_01,20x20,MOR,12,1752.0
tsn2,tai20_20_01,20x20,MOR,13,1715.0
tsn2,tai20_20_01,20x20,MOR,14,1730.5
tsn2,tai20_20_01,20x20,MOR,15,1750.0
tsn2,tai20_20_01,20x20,MOR,16,1745.5
tsn2,tai20_20_01,20x20,MOR,17,1700.5
tsn2,tai20_20_01,20x20,MOR,18,1702.0
tsn2,tai20_20_01,20x20,MOR,19,1699.0
tsn2,tai20_20_01,20x20,MOR,20,1711.0
tsn2,tai20_20_01,20x20,MOR,21,1732.0
tsn2,tai20_20_01,20x20,MOR,22,1700.5
tsn2,tai20_20_01,20x20,MOR,23,1755.5
tsn2,tai20_20_01,20x20,MOR,24,1752.5
tsn2,tai20_20_01,20x20,MOR,25,1706.0
tsn2,tai20_20_01,20x20,MOR,26,1735.5
tsn2,tai20_20_01,20x20,MOR,27,1719.5
tsn2,tai20_20_01,20x20,MOR,28,1745.0
tsn2,tai20_20_01,20x20,MOR,29,1711.5
tsn2,tai20_20_01,20x20,MOR,30,1712.0
tsn2,tai20_20_01,20x20,GT,1,1734.0
tsn2,tai20_20_01,20x20,GT,2,1727.0
tsn2,tai20_20_01,20x20,GT,3,1740.5
tsn2,tai20_20_01,20x20,GT,4,1724.5
tsn2,tai20_20_01,20x20,GT,5,1731.5
tsn2,tai20_20_01,20x20,GT,6,1748.5
tsn2,tai20_20_01,20x20,GT,7,1746.0
tsn2,tai20_20_01,20x20,GT,8,1726.0
tsn2,tai20_20_01,20x20,GT,9,1731.5
tsn2,tai20_20_01,20x20,GT,10,1726.0
tsn2,tai20_20_01,20x20,GT,11,1731.5
tsn2,tai20_20_01,20x20,GT,12,1732.0
tsn2,tai20_20_01,20x20,GT,13,1731.5
tsn2,tai20_20_01,20x20,GT,14,1729.0
tsn2,tai20_20_01,20x20,GT,15,1738.5
tsn2,tai20_20_01,20x20,GT,16,1716.5
tsn2,tai20_20_01,20x20,GT,17,1748.5
tsn2,tai20_20_01,20x20,GT,18,1727.0
tsn2,tai20_20_01,20x20,GT,19,1700.5
tsn2,tai20_20_01,20x20,GT,20,1726.0
tsn2,tai20_20_01,20x20,GT,21,1731.5
tsn2,tai20_20_01,20x20,GT,22,1731.5
tsn2,tai20_20_01,20x20,GT,23,1737.5
tsn2,tai20_20_01,20x20,GT,24,1744.0
tsn2,tai20_20_01,20x20,GT,25,1726.0
tsn2,tai20_20_01,20x20,GT,26,1731.5
tsn2,tai20_20_01,20x20,GT,27,1751.0
tsn2,tai20_20_01,20x20,GT,28,1727.5
tsn2,tai20_20_01,20x20,GT,29,1708.0
tsn2,tai20_20_01,20x20,GT,30,1731.5
tsn2,tai20_20_01,20x20,GP,1,1685.0
tsn2,tai20_20_01,20x20,GP,2,1692.5
tsn2,tai20_20_01,20x20,GP,3,1686.0
tsn2,tai20_20_01,20x20,GP,4,1699.5
tsn2,tai20_20_01,20x20,GP,5,1671.5
tsn2,tai20_20_01,20x20,GP,6,1687.0
tsn2,tai20_20_01,20x20,GP,7,1708.5
tsn2,tai20_20_01,20x20,GP,8,1681.0
tsn2,tai20_20_01,20x20,GP,9,1699.0
tsn2,tai20_20_01,20x20,GP,10,1718.5
tsn2,tai20_20_01,20x20,GP,11,1699.0
tsn2,tai20_20_01,20x20,GP,12,1708.0
tsn2,tai20_20_01,20x20,GP,13,1679.0
tsn2,tai20_20_01,20x20,GP,14,1687.5
tsn2,tai20_20_01,20x20,GP,15,1685.0
tsn2,tai20_20_01,20x20,GP,16,1710.5
tsn2,tai20_20_01,20x20,GP,17,1686.0
tsn2,tai20_20_01,20x20,GP,18,1689.5
tsn2,tai20_20_01,20x20,GP,19,1683.0
tsn2,tai20_20_01,20x20,GP,20,1691.0
tsn2,tai20_20_01,20x20,GP,21,1676.0
tsn2,tai20_20_01,20x20,GP,22,1682.5
tsn2,tai20_20_01,20x20,GP,23,1687.0
tsn2,tai20_20_01,20x20,GP,24,1690.0
tsn2,tai20_20_01,20x20,GP,25,1689.5
tsn2,tai20_20_01,20x20,GP,26,1692.5
tsn2,tai20_20_01,20x20,GP,27,1696.0
tsn2,tai20_20_01,20x20,GP,28,1704.5
tsn2,tai20_20_01,20x20,GP,29,1696.5
tsn2,tai20_20_01,20x20,GP,30,1686.0
tsn2,tai20_20_01,20x20,MIX,1,1690.0
tsn2,tai20_20_01,20x20,MIX,2,1691.5
tsn2,tai20_20_01,20x20,MIX,3,1700.5
tsn2,tai20_20_01,20x20,MIX,4,1684.0
tsn2,tai20_20_01,20x20,MIX,5,1685.0
tsn2,tai20_20_01,20x20,MIX,6,1686.5
tsn2,tai20_20_01,20x20,MIX,7,1689.5
tsn2,tai20_20_01,20x20,MIX,8,1684.5
tsn2,tai20_20_01,20x20,MIX,9,1683.5
tsn2,tai20_20_01,20x20,MIX,10,1716.5
tsn2,tai20_20_01,20x20,MIX,11,1673.5
tsn2,tai20_20_01,20x20,MIX,12,1689.0
tsn2,tai20_20_01,20x20,MIX,13,1687.5
tsn2,tai20_20_01,20x20,MIX,14,1685.0
tsn2,tai20_20_01,20x20,MIX,15,1686.0
tsn2,tai20_20_01,20x20,MIX,16,1691.0
tsn2,tai20_20_01,20x20,MIX,17,1692.5
tsn2,tai20_20_01,20x20,MIX,18,1690.5
tsn2,tai20_20_01,20x20,MIX,19,1681.0
tsn2,tai20_20_01,20x20,MIX,20,1688.0
tsn2,tai20_20_01,20x20,MIX,21,1676.5
tsn2,tai20_20_01,20x20,MIX,22,1694.5
tsn2,tai20_20_01,20x20,MIX,23,1702.5
tsn2,tai20_20_01,20x20,MIX,24,1688.0
tsn2,tai20_20_01,20x20,MIX,25,1704.5
tsn2,tai20_20_01,20x20,MIX,26,1696.5
tsn2,tai20_20_01,20x20,MIX,27,1704.5
tsn2,tai20_20_01,20x20,MIX,28,1731.5
tsn2,tai20_20_01,20x20,MIX,29,1700.5
tsn2,tai20_20_01,20x20,MIX,30,1687.5
tsn2,tai20_20_01,20x20,MIXH,1,1705.5
tsn2,tai20_20_01,20x20,MIXH,2,1691.0
tsn2,tai20_20_01,20x20,MIXH,3,1698.0
tsn2,tai20_20_01,20x20,MIXH,4,1729.0
tsn2,tai20_20_01,20x20,MIXH,5,1686.0
tsn2,tai20_20_01,20x20,MIXH,6,1678.0
tsn2,tai20_20_01,20x20,MIXH,7,1679.5
tsn2,tai20_20_01,20x20,MIXH,8,1698.0
tsn2,tai20_20_01,20x20,MIXH,9,1693.0
tsn2,tai20_20_01,20x20,MIXH,10,1683.0
tsn2,tai20_20_01,20x20,MIXH,11,1702.0
tsn2,tai20_20_01,20x20,MIXH,12,1687.0
tsn2,tai20_20_01,20x20,MIXH,13,1679.5
tsn2,tai20_20_01,20x20,MIXH,14,1699.5
tsn2,tai20_20_01,20x20,MIXH,15,1691.5
tsn2,tai20_20_01,20x20,MIXH,16,1677.5
tsn2,tai20_20_01,20x20,MIXH,17,1682.5
tsn2,tai20_20_01,20x20,MIXH,18,1676.5
tsn2,tai20_20_01,20x20,MIXH,19,1677.0
tsn2,tai20_20_01,20x20,MIXH,20,1697.5
tsn2,tai20_20_01,20x20,MIXH,21,1698.5
tsn2,tai20_20_01,20x20,MIXH,22,1693.5
tsn2,tai20_20_01,20x20,MIXH,23,1702.0
tsn2,tai20_20_01,20x20,MIXH,24,1677.5
tsn2,tai20_20_01,20x20,MIXH,25,1681.0
tsn2,tai20_20_01,20x20,MIXH,26,1688.5
tsn2,tai20_20_01,20x20,MIXH,27,1694.0
tsn2,tai20_20_01,20x20,MIXH,28,1705.0
tsn2,tai20_20_01,20x20,MIXH,29,1680.5
tsn2,tai20_20_01,20x20,MIXH,30,1699.5
tsn2,tai20_20_02,20x20,A0,1,1650.0
tsn2,tai20_20_02,20x20,A0,2,1657.5
tsn2,tai20_20_02,20x20,A0,3,1650.5
tsn2,tai20_20_02,20x20,A0,4,1646.5
tsn2,tai20_20_02,20x20,A0,5,1634.5
tsn2,tai20_20_02,20x20,A0,6,1658.5
tsn2,tai20_20_02,20x20,A0,7,1646.5
tsn2,tai20_20_02,20x20,A0,8,1650.0
tsn2,tai20_20_02,20x20,A0,9,1661.5
tsn2,tai20_20_02,20x20,A0,10,1675.5
tsn2,tai20_20_02,20x20,A0,11,1632.0
tsn2,tai20_20_02,20x20,A0,12,1642.5
tsn2,tai20_20_02,20x20,A0,13,1636.5
tsn2,tai20_20_02,20x20,A0,14,1663.5
tsn2,tai20_20_02,20x20,A0,15,1667.0
tsn2,tai20_20_02,20x20,A0,16,1640.0
tsn2,tai20_20_02,20x20,A0,17,1652.5
tsn2,tai20_20_02,20x20,A0,18,1644.0
tsn2,tai20_20_02,20x20,A0,19,1648.0
tsn2,tai20_20_02,20x20,A0,20,1644.0
tsn2,tai20_20_02,20x20,A0,21,1650.5
tsn2,tai20_20_02,20x20,A0,22,1654.5
tsn2,tai20_20_02,20x20,A0,23,1645.0
tsn2,tai20_20_02,20x20,A0,24,1666.0
tsn2,tai20_20_02,20x20,A0,25,1661.5
tsn2,tai20_20_02,20x20,A0,26,1646.0
tsn2,tai20_20_02,20x20,A0,27,1635.0
tsn2,tai20_20_02,20x20,A0,28,1639.5
tsn2,tai20_20_02,20x20,A0,29,1632.0
tsn2,tai20_20_02,20x20,A0,30,1639.0
tsn2,tai20_20_02,20x20,V2H,1,1643.5
tsn2,tai20_20_02,20x20,V2H,2,1663.0
tsn2,tai20_20_02,20x20,V2H,3,1663.0
tsn2,tai20_20_02,20x20,V2H,4,1665.0
tsn2,tai20_20_02,20x20,V2H,5,1633.0
tsn2,tai20_20_02,20x20,V2H,6,1636.5
tsn2,tai20_20_02,20x20,V2H,7,1661.0
tsn2,tai20_20_02,20x20,V2H,8,1660.5
tsn2,tai20_20_02,20x20,V2H,9,1662.0
tsn2,tai20_20_02,20x20,V2H,10,1649.5
tsn2,tai20_20_02,20x20,V2H,11,1661.0
tsn2,tai20_20_02,20x20,V2H,12,1653.0
tsn2,tai20_20_02,20x20,V2H,13,1653.5
tsn2,tai20_20_02,20x20,V2H,14,1660.5
tsn2,tai20_20_02,20x20,V2H,15,1663.0
tsn2,tai20_20_02,20x20,V2H,16,1652.0
tsn2,tai20_20_02,20x20,V2H,17,1643.5
tsn2,tai20_20_02,20x20,V2H,18,1668.0
tsn2,tai20_20_02,20x20,V2H,19,1643.5
tsn2,tai20_20_02,20x20,V2H,20,1652.0
tsn2,tai20_20_02,20x20,V2H,21,1650.5
tsn2,tai20_20_02,20x20,V2H,22,1648.0
tsn2,tai20_20_02,20x20,V2H,23,1652.0
tsn2,tai20_20_02,20x20,V2H,24,1648.5
tsn2,tai20_20_02,20x20,V2H,25,1645.0
tsn2,tai20_20_02,20x20,V2H,26,1664.0
tsn2,tai20_20_02,20x20,V2H,27,1638.0
tsn2,tai20_20_02,20x20,V2H,28,1643.5
tsn2,tai20_20_02,20x20,V2H,29,1654.0
tsn2,tai20_20_02,20x20,V2H,30,1658.5
tsn2,tai20_20_02,20x20,V2,1,1646.5
tsn2,tai20_20_02,20x20,V2,2,1658.5
tsn2,tai20_20_02,20x20,V2,3,1656.0
tsn2,tai20_20_02,20x20,V2,4,1658.5
tsn2,tai20_20_02,20x20,V2,5,1663.0
tsn2,tai20_20_02,20x20,V2,6,1668.0
tsn2,tai20_20_02,20x20,V2,7,1651.5
tsn2,tai20_20_02,20x20,V2,8,1645.0
tsn2,tai20_20_02,20x20,V2,9,1653.5
tsn2,tai20_20_02,20x20,V2,10,1638.0
tsn2,tai20_20_02,20x20,V2,11,1639.0
tsn2,tai20_20_02,20x20,V2,12,1660.0
tsn2,tai20_20_02,20x20,V2,13,1655.0
tsn2,tai20_20_02,20x20,V2,14,1664.0
tsn2,tai20_20_02,20x20,V2,15,1659.0
tsn2,tai20_20_02,20x20,V2,16,1679.5
tsn2,tai20_20_02,20x20,V2,17,1646.0
tsn2,tai20_20_02,20x20,V2,18,1645.5
tsn2,tai20_20_02,20x20,V2,19,1661.0
tsn2,tai20_20_02,20x20,V2,20,1650.0
tsn2,tai20_20_02,20x20,V2,21,1683.0
tsn2,tai20_20_02,20x20,V2,22,1643.5
tsn2,tai20_20_02,20x20,V2,23,1649.0
tsn2,tai20_20_02,20x20,V2,24,1647.5
tsn2,tai20_20_02,20x20,V2,25,1638.5
tsn2,tai20_20_02,20x20,V2,26,1664.5
tsn2,tai20_20_02,20x20,V2,27,1639.0
tsn2,tai20_20_02,20x20,V2,28,1644.5
tsn2,tai20_20_02,20x20,V2,29,1680.5
tsn2,tai20_20_02,20x20,V2,30,1658.0
tsn2,tai20_20_02,20x20,MOR,1,1664.5
tsn2,tai20_20_02,20x20,MOR,2,1666.5
tsn2,tai20_20_02,20x20,MOR,3,1698.0
tsn2,tai20_20_02,20x20,MOR,4,1692.5
tsn2,tai20_20_02,20x20,MOR,5,1649.5
tsn2,tai20_20_02,20x20,MOR,6,1668.5
tsn2,tai20_20_02,20x20,MOR,7,1696.0
tsn2,tai20_20_02,20x20,MOR,8,1671.0
tsn2,tai20_20_02,20x20,MOR,9,1667.5
tsn2,tai20_20_02,20x20,MOR,10,1681.0
tsn2,tai20_20_02,20x20,MOR,11,1678.0
tsn2,tai20_20_02,20x20,MOR,12,1678.0
tsn2,tai20_20_02,20x20,MOR,13,1699.0
tsn2,tai20_20_02,20x20,MOR,14,1688.0
tsn2,tai20_20_02,20x20,MOR,15,1665.0
tsn2,tai20_20_02,20x20,MOR,16,1692.5
tsn2,tai20_20_02,20x20,MOR,17,1681.0
tsn2,tai20_20_02,20x20,MOR,18,1680.5
tsn2,tai20_20_02,20x20,MOR,19,1698.0
tsn2,tai20_20_02,20x20,MOR,20,1678.0
tsn2,tai20_20_02,20x20,MOR,21,1668.5
tsn2,tai20_20_02,20x20,MOR,22,1675.0
tsn2,tai20_20_02,20x20,MOR,23,1688.0
tsn2,tai20_20_02,20x20,MOR,24,1689.5
tsn2,tai20_20_02,20x20,MOR,25,1699.0
tsn2,tai20_20_02,20x20,MOR,26,1674.5
tsn2,tai20_20_02,20x20,MOR,27,1657.5
tsn2,tai20_20_02,20x20,MOR,28,1675.5
tsn2,tai20_20_02,20x20,MOR,29,1688.0
tsn2,tai20_20_02,20x20,MOR,30,1667.5
tsn2,tai20_20_02,20x20,GT,1,1656.5
tsn2,tai20_20_02,20x20,GT,2,1678.0
tsn2,tai20_20_02,20x20,GT,3,1666.0
tsn2,tai20_20_02,20x20,GT,4,1657.0
tsn2,tai20_20_02,20x20,GT,5,1668.5
tsn2,tai20_20_02,20x20,GT,6,1660.0
tsn2,tai20_20_02,20x20,GT,7,1678.5
tsn2,tai20_20_02,20x20,GT,8,1669.0
tsn2,tai20_20_02,20x20,GT,9,1652.5
tsn2,tai20_20_02,20x20,GT,10,1675.0
tsn2,tai20_20_02,20x20,GT,11,1680.5
tsn2,tai20_20_02,20x20,GT,12,1644.0
tsn2,tai20_20_02,20x20,GT,13,1658.5
tsn2,tai20_20_02,20x20,GT,14,1657.5
tsn2,tai20_20_02,20x20,GT,15,1678.0
tsn2,tai20_20_02,20x20,GT,16,1660.5
tsn2,tai20_20_02,20x20,GT,17,1663.5
tsn2,tai20_20_02,20x20,GT,18,1672.5
tsn2,tai20_20_02,20x20,GT,19,1669.0
tsn2,tai20_20_02,20x20,GT,20,1676.0
tsn2,tai20_20_02,20x20,GT,21,1668.0
tsn2,tai20_20_02,20x20,GT,22,1678.5
tsn2,tai20_20_02,20x20,GT,23,1656.0
tsn2,tai20_20_02,20x20,GT,24,1670.0
tsn2,tai20_20_02,20x20,GT,25,1672.0
tsn2,tai20_20_02,20x20,GT,26,1665.5
tsn2,tai20_20_02,20x20,GT,27,1669.5
tsn2,tai20_20_02,20x20,GT,28,1676.5
tsn2,tai20_20_02,20x20,GT,29,1664.5
tsn2,tai20_20_02,20x20,GT,30,1669.5
tsn2,tai20_20_02,20x20,GP,1,1655.0
tsn2,tai20_20_02,20x20,GP,2,1669.0
tsn2,tai20_20_02,20x20,GP,3,1658.0
tsn2,tai20_20_02,20x20,GP,4,1663.5
tsn2,tai20_20_02,20x20,GP,5,1677.0
tsn2,tai20_20_02,20x20,GP,6,1681.5
tsn2,tai20_20_02,20x20,GP,7,1643.5
tsn2,tai20_20_02,20x20,GP,8,1651.5
tsn2,tai20_20_02,20x20,GP,9,1663.0
tsn2,tai20_20_02,20x20,GP,10,1663.0
tsn2,tai20_20_02,20x20,GP,11,1659.5
tsn2,tai20_20_02,20x20,GP,12,1663.0
tsn2,tai20_20_02,20x20,GP,13,1651.5
tsn2,tai20_20_02,20x20,GP,14,1660.0
tsn2,tai20_20_02,20x20,GP,15,1650.5
tsn2,tai20_20_02,20x20,GP,16,1653.0
tsn2,tai20_20_02,20x20,GP,17,1673.5
tsn2,tai20_20_02,20x20,GP,18,1657.0
tsn2,tai20_20_02,20x20,GP,19,1663.0
tsn2,tai20_20_02,20x20,GP,20,1669.0
tsn2,tai20_20_02,20x20,GP,21,1653.5
tsn2,tai20_20_02,20x20,GP,22,1643.5
tsn2,tai20_20_02,20x20,GP,23,1645.0
tsn2,tai20_20_02,20x20,GP,24,1657.0
tsn2,tai20_20_02,20x20,GP,25,1653.5
tsn2,tai20_20_02,20x20,GP,26,1667.0
tsn2,tai20_20_02,20x20,GP,27,1642.0
tsn2,tai20_20_02,20x20,GP,28,1667.0
tsn2,tai20_20_02,20x20,GP,29,1663.0
tsn2,tai20_20_02,20x20,GP,30,1658.5
tsn2,tai20_20_02,20x20,MIX,1,1642.0
tsn2,tai20_20_02,20x20,MIX,2,1642.5
tsn2,tai20_20_02,20x20,MIX,3,1649.0
tsn2,tai20_20_02,20x20,MIX,4,1637.0
tsn2,tai20_20_02,20x20,MIX,5,1662.0
tsn2,tai20_20_02,20x20,MIX,6,1664.5
tsn2,tai20_20_02,20x20,MIX,7,1648.5
tsn2,tai20_20_02,20x20,MIX,8,1658.0
tsn2,tai20_20_02,20x20,MIX,9,1664.0
tsn2,tai20_20_02,20x20,MIX,10,1654.5
tsn2,tai20_20_02,20x20,MIX,11,1664.5
tsn2,tai20_20_02,20x20,MIX,12,1665.5
tsn2,tai20_20_02,20x20,MIX,13,1668.0
tsn2,tai20_20_02,20x20,MIX,14,1660.5
tsn2,tai20_20_02,20x20,MIX,15,1650.0
tsn2,tai20_20_02,20x20,MIX,16,1651.0
tsn2,tai20_20_02,20x20,MIX,17,1666.5
tsn2,tai20_20_02,20x20,MIX,18,1656.5
tsn2,tai20_20_02,20x20,MIX,19,1647.0
tsn2,tai20_20_02,20x20,MIX,20,1647.0
tsn2,tai20_20_02,20x20,MIX,21,1656.5
tsn2,tai20_20_02,20x20,MIX,22,1654.5
tsn2,tai20_20_02,20x20,MIX,23,1652.5
tsn2,tai20_20_02,20x20,MIX,24,1672.0
tsn2,tai20_20_02,20x20,MIX,25,1655.5
tsn2,tai20_20_02,20x20,MIX,26,1647.0
tsn2,tai20_20_02,20x20,MIX,27,1645.0
tsn2,tai20_20_02,20x20,MIX,28,1659.0
tsn2,tai20_20_02,20x20,MIX,29,1659.0
tsn2,tai20_20_02,20x20,MIX,30,1647.0
tsn2,tai20_20_02,20x20,MIXH,1,1646.5
tsn2,tai20_20_02,20x20,MIXH,2,1651.5
tsn2,tai20_20_02,20x20,MIXH,3,1654.0
tsn2,tai20_20_02,20x20,MIXH,4,1643.5
tsn2,tai20_20_02,20x20,MIXH,5,1650.5
tsn2,tai20_20_02,20x20,MIXH,6,1646.5
tsn2,tai20_20_02,20x20,MIXH,7,1654.5
tsn2,tai20_20_02,20x20,MIXH,8,1637.0
tsn2,tai20_20_02,20x20,MIXH,9,1656.0
tsn2,tai20_20_02,20x20,MIXH,10,1645.0
tsn2,tai20_20_02,20x20,MIXH,11,1664.5
tsn2,tai20_20_02,20x20,MIXH,12,1654.5
tsn2,tai20_20_02,20x20,MIXH,13,1660.5
tsn2,tai20_20_02,20x20,MIXH,14,1664.5
tsn2,tai20_20_02,20x20,MIXH,15,1654.5
tsn2,tai20_20_02,20x20,MIXH,16,1660.0
tsn2,tai20_20_02,20x20,MIXH,17,1662.0
tsn2,tai20_20_02,20x20,MIXH,18,1651.0
tsn2,tai20_20_02,20x20,MIXH,19,1652.0
tsn2,tai20_20_02,20x20,MIXH,20,1649.0
tsn2,tai20_20_02,20x20,MIXH,21,1645.0
tsn2,tai20_20_02,20x20,MIXH,22,1643.5
tsn2,tai20_20_02,20x20,MIXH,23,1653.5
tsn2,tai20_20_02,20x20,MIXH,24,1669.0
tsn2,tai20_20_02,20x20,MIXH,25,1666.5
tsn2,tai20_20_02,20x20,MIXH,26,1650.0
tsn2,tai20_20_02,20x20,MIXH,27,1653.5
tsn2,tai20_20_02,20x20,MIXH,28,1657.0
tsn2,tai20_20_02,20x20,MIXH,29,1671.0
tsn2,tai20_20_02,20x20,MIXH,30,1654.5
tsn2,tai20_20_03,20x20,A0,1,1595.0
tsn2,tai20_20_03,20x20,A0,2,1642.5
tsn2,tai20_20_03,20x20,A0,3,1605.0
tsn2,tai20_20_03,20x20,A0,4,1605.5
tsn2,tai20_20_03,20x20,A0,5,1608.0
tsn2,tai20_20_03,20x20,A0,6,1607.5
tsn2,tai20_20_03,20x20,A0,7,1601.0
tsn2,tai20_20_03,20x20,A0,8,1634.0
tsn2,tai20_20_03,20x20,A0,9,1621.5
tsn2,tai20_20_03,20x20,A0,10,1606.5
tsn2,tai20_20_03,20x20,A0,11,1623.5
tsn2,tai20_20_03,20x20,A0,12,1594.5
tsn2,tai20_20_03,20x20,A0,13,1601.0
tsn2,tai20_20_03,20x20,A0,14,1594.0
tsn2,tai20_20_03,20x20,A0,15,1603.5
tsn2,tai20_20_03,20x20,A0,16,1610.5
tsn2,tai20_20_03,20x20,A0,17,1602.0
tsn2,tai20_20_03,20x20,A0,18,1584.5
tsn2,tai20_20_03,20x20,A0,19,1618.0
tsn2,tai20_20_03,20x20,A0,20,1598.5
tsn2,tai20_20_03,20x20,A0,21,1608.0
tsn2,tai20_20_03,20x20,A0,22,1591.5
tsn2,tai20_20_03,20x20,A0,23,1618.0
tsn2,tai20_20_03,20x20,A0,24,1594.5
tsn2,tai20_20_03,20x20,A0,25,1608.5
tsn2,tai20_20_03,20x20,A0,26,1601.5
tsn2,tai20_20_03,20x20,A0,27,1603.0
tsn2,tai20_20_03,20x20,A0,28,1584.5
tsn2,tai20_20_03,20x20,A0,29,1625.0
tsn2,tai20_20_03,20x20,A0,30,1618.0
tsn2,tai20_20_03,20x20,V2H,1,1585.5
tsn2,tai20_20_03,20x20,V2H,2,1613.0
tsn2,tai20_20_03,20x20,V2H,3,1595.5
tsn2,tai20_20_03,20x20,V2H,4,1589.5
tsn2,tai20_20_03,20x20,V2H,5,1601.0
tsn2,tai20_20_03,20x20,V2H,6,1594.0
tsn2,tai20_20_03,20x20,V2H,7,1589.0
tsn2,tai20_20_03,20x20,V2H,8,1601.0
tsn2,tai20_20_03,20x20,V2H,9,1595.5
tsn2,tai20_20_03,20x20,V2H,10,1595.0
tsn2,tai20_20_03,20x20,V2H,11,1615.0
tsn2,tai20_20_03,20x20,V2H,12,1605.0
tsn2,tai20_20_03,20x20,V2H,13,1599.5
tsn2,tai20_20_03,20x20,V2H,14,1607.0
tsn2,tai20_20_03,20x20,V2H,15,1598.0
tsn2,tai20_20_03,20x20,V2H,16,1590.5
tsn2,tai20_20_03,20x20,V2H,17,1600.0
tsn2,tai20_20_03,20x20,V2H,18,1594.0
tsn2,tai20_20_03,20x20,V2H,19,1573.5
tsn2,tai20_20_03,20x20,V2H,20,1611.0
tsn2,tai20_20_03,20x20,V2H,21,1586.0
tsn2,tai20_20_03,20x20,V2H,22,1585.5
tsn2,tai20_20_03,20x20,V2H,23,1599.5
tsn2,tai20_20_03,20x20,V2H,24,1594.0
tsn2,tai20_20_03,20x20,V2H,25,1609.0
tsn2,tai20_20_03,20x20,V2H,26,1606.5
tsn2,tai20_20_03,20x20,V2H,27,1608.0
tsn2,tai20_20_03,20x20,V2H,28,1601.0
tsn2,tai20_20_03,20x20,V2H,29,1598.0
tsn2,tai20_20_03,20x20,V2H,30,1585.5
tsn2,tai20_20_03,20x20,V2,1,1593.0
tsn2,tai20_20_03,20x20,V2,2,1595.5
tsn2,tai20_20_03,20x20,V2,3,1610.0
tsn2,tai20_20_03,20x20,V2,4,1588.0
tsn2,tai20_20_03,20x20,V2,5,1604.5
tsn2,tai20_20_03,20x20,V2,6,1611.0
tsn2,tai20_20_03,20x20,V2,7,1612.5
tsn2,tai20_20_03,20x20,V2,8,1599.5
tsn2,tai20_20_03,20x20,V2,9,1587.0
tsn2,tai20_20_03,20x20,V2,10,1600.0
tsn2,tai20_20_03,20x20,V2,11,1609.5
tsn2,tai20_20_03,20x20,V2,12,1597.5
tsn2,tai20_20_03,20x20,V2,13,1598.0
tsn2,tai20_20_03,20x20,V2,14,1599.0
tsn2,tai20_20_03,20x20,V2,15,1620.5
tsn2,tai20_20_03,20x20,V2,16,1609.5
tsn2,tai20_20_03,20x20,V2,17,1606.5
tsn2,tai20_20_03,20x20,V2,18,1614.0
tsn2,tai20_20_03,20x20,V2,19,1612.0
tsn2,tai20_20_03,20x20,V2,20,1603.0
tsn2,tai20_20_03,20x20,V2,21,1595.0
tsn2,tai20_20_03,20x20,V2,22,1601.5
tsn2,tai20_20_03,20x20,V2,23,1618.5
tsn2,tai20_20_03,20x20,V2,24,1585.5
tsn2,tai20_20_03,20x20,V2,25,1593.5
tsn2,tai20_20_03,20x20,V2,26,1602.5
tsn2,tai20_20_03,20x20,V2,27,1611.0
tsn2,tai20_20_03,20x20,V2,28,1601.0
tsn2,tai20_20_03,20x20,V2,29,1598.5
tsn2,tai20_20_03,20x20,V2,30,1607.0
tsn2,tai20_20_03,20x20,MOR,1,1604.5
tsn2,tai20_20_03,20x20,MOR,2,1607.0
tsn2,tai20_20_03,20x20,MOR,3,1613.0
tsn2,tai20_20_03,20x20,MOR,4,1615.0
tsn2,tai20_20_03,20x20,MOR,5,1605.5
tsn2,tai20_20_03,20x20,MOR,6,1619.0
tsn2,tai20_20_03,20x20,MOR,7,1630.0
tsn2,tai20_20_03,20x20,MOR,8,1627.5
tsn2,tai20_20_03,20x20,MOR,9,1605.0
tsn2,tai20_20_03,20x20,MOR,10,1596.0
tsn2,tai20_20_03,20x20,MOR,11,1639.5
tsn2,tai20_20_03,20x20,MOR,12,1609.5
tsn2,tai20_20_03,20x20,MOR,13,1596.0
tsn2,tai20_20_03,20x20,MOR,14,1634.0
tsn2,tai20_20_03,20x20,MOR,15,1624.5
tsn2,tai20_20_03,20x20,MOR,16,1639.0
tsn2,tai20_20_03,20x20,MOR,17,1638.0
tsn2,tai20_20_03,20x20,MOR,18,1613.0
tsn2,tai20_20_03,20x20,MOR,19,1609.5
tsn2,tai20_20_03,20x20,MOR,20,1629.5
tsn2,tai20_20_03,20x20,MOR,21,1612.0
tsn2,tai20_20_03,20x20,MOR,22,1626.0
tsn2,tai20_20_03,20x20,MOR,23,1619.5
tsn2,tai20_20_03,20x20,MOR,24,1645.0
tsn2,tai20_20_03,20x20,MOR,25,1610.0
tsn2,tai20_20_03,20x20,MOR,26,1628.0
tsn2,tai20_20_03,20x20,MOR,27,1618.0
tsn2,tai20_20_03,20x20,MOR,28,1632.5
tsn2,tai20_20_03,20x20,MOR,29,1653.5
tsn2,tai20_20_03,20x20,MOR,30,1596.0
tsn2,tai20_20_03,20x20,GT,1,1631.0
tsn2,tai20_20_03,20x20,GT,2,1609.0
tsn2,tai20_20_03,20x20,GT,3,1618.5
tsn2,tai20_20_03,20x20,GT,4,1633.5
tsn2,tai20_20_03,20x20,GT,5,1640.0
tsn2,tai20_20_03,20x20,GT,6,1630.5
tsn2,tai20_20_03,20x20,GT,7,1654.0
tsn2,tai20_20_03,20x20,GT,8,1616.5
tsn2,tai20_20_03,20x20,GT,9,1627.0
tsn2,tai20_20_03,20x20,GT,10,1637.5
tsn2,tai20_20_03,20x20,GT,11,1620.0
tsn2,tai20_20_03,20x20,GT,12,1624.5
tsn2,tai20_20_03,20x20,GT,13,1636.0
tsn2,tai20_20_03,20x20,GT,14,1643.0
tsn2,tai20_20_03,20x20,GT,15,1652.5
tsn2,tai20_20_03,20x20,GT,16,1630.5
tsn2,tai20_20_03,20x20,GT,17,1628.5
tsn2,tai20_20_03,20x20,GT,18,1624.5
tsn2,tai20_20_03,20x20,GT,19,1626.5
tsn2,tai20_20_03,20x20,GT,20,1627.0
tsn2,tai20_20_03,20x20,GT,21,1635.5
tsn2,tai20_20_03,20x20,GT,22,1639.5
tsn2,tai20_20_03,20x20,GT,23,1627.0
tsn2,tai20_20_03,20x20,GT,24,1629.0
tsn2,tai20_20_03,20x20,GT,25,1647.5
tsn2,tai20_20_03,20x20,GT,26,1630.0
tsn2,tai20_20_03,20x20,GT,27,1628.5
tsn2,tai20_20_03,20x20,GT,28,1631.5
tsn2,tai20_20_03,20x20,GT,29,1638.0
tsn2,tai20_20_03,20x20,GT,30,1616.5
tsn2,tai20_20_03,20x20,GP,1,1617.0
tsn2,tai20_20_03,20x20,GP,2,1619.5
tsn2,tai20_20_03,20x20,GP,3,1630.5
tsn2,tai20_20_03,20x20,GP,4,1611.5
tsn2,tai20_20_03,20x20,GP,5,1611.5
tsn2,tai20_20_03,20x20,GP,6,1619.5
tsn2,tai20_20_03,20x20,GP,7,1615.5
tsn2,tai20_20_03,20x20,GP,8,1611.5
tsn2,tai20_20_03,20x20,GP,9,1633.5
tsn2,tai20_20_03,20x20,GP,10,1627.5
tsn2,tai20_20_03,20x20,GP,11,1620.5
tsn2,tai20_20_03,20x20,GP,12,1612.5
tsn2,tai20_20_03,20x20,GP,13,1625.5
tsn2,tai20_20_03,20x20,GP,14,1620.5
tsn2,tai20_20_03,20x20,GP,15,1624.0
tsn2,tai20_20_03,20x20,GP,16,1616.5
tsn2,tai20_20_03,20x20,GP,17,1614.5
tsn2,tai20_20_03,20x20,GP,18,1612.5
tsn2,tai20_20_03,20x20,GP,19,1620.0
tsn2,tai20_20_03,20x20,GP,20,1612.5
tsn2,tai20_20_03,20x20,GP,21,1611.0
tsn2,tai20_20_03,20x20,GP,22,1615.0
tsn2,tai20_20_03,20x20,GP,23,1615.5
tsn2,tai20_20_03,20x20,GP,24,1622.0
tsn2,tai20_20_03,20x20,GP,25,1619.5
tsn2,tai20_20_03,20x20,GP,26,1594.0
tsn2,tai20_20_03,20x20,GP,27,1613.5
tsn2,tai20_20_03,20x20,GP,28,1617.0
tsn2,tai20_20_03,20x20,GP,29,1615.0
tsn2,tai20_20_03,20x20,GP,30,1615.5
tsn2,tai20_20_03,20x20,MIX,1,1605.0
tsn2,tai20_20_03,20x20,MIX,2,1593.0
tsn2,tai20_20_03,20x20,MIX,3,1583.5
tsn2,tai20_20_03,20x20,MIX,4,1609.5
tsn2,tai20_20_03,20x20,MIX,5,1593.5
tsn2,tai20_20_03,20x20,MIX,6,1604.5
tsn2,tai20_20_03,20x20,MIX,7,1596.0
tsn2,tai20_20_03,20x20,MIX,8,1598.0
tsn2,tai20_20_03,20x20,MIX,9,1593.0
tsn2,tai20_20_03,20x20,MIX,10,1600.0
tsn2,tai20_20_03,20x20,MIX,11,1603.0
tsn2,tai20_20_03,20x20,MIX,12,1601.0
tsn2,tai20_20_03,20x20,MIX,13,1595.0
tsn2,tai20_20_03,20x20,MIX,14,1594.0
tsn2,tai20_20_03,20x20,MIX,15,1610.5
tsn2,tai20_20_03,20x20,MIX,16,1596.0
tsn2,tai20_20_03,20x20,MIX,17,1605.5
tsn2,tai20_20_03,20x20,MIX,18,1588.5
tsn2,tai20_20_03,20x20,MIX,19,1611.0
tsn2,tai20_20_03,20x20,MIX,20,1600.0
tsn2,tai20_20_03,20x20,MIX,21,1611.0
tsn2,tai20_20_03,20x20,MIX,22,1601.5
tsn2,tai20_20_03,20x20,MIX,23,1611.0
tsn2,tai20_20_03,20x20,MIX,24,1593.5
tsn2,tai20_20_03,20x20,MIX,25,1601.0
tsn2,tai20_20_03,20x20,MIX,26,1601.5
tsn2,tai20_20_03,20x20,MIX,27,1597.0
tsn2,tai20_20_03,20x20,MIX,28,1611.0
tsn2,tai20_20_03,20x20,MIX,29,1629.0
tsn2,tai20_20_03,20x20,MIX,30,1605.0
tsn2,tai20_20_03,20x20,MIXH,1,1631.5
tsn2,tai20_20_03,20x20,MIXH,2,1592.0
tsn2,tai20_20_03,20x20,MIXH,3,1598.0
tsn2,tai20_20_03,20x20,MIXH,4,1610.0
tsn2,tai20_20_03,20x20,MIXH,5,1601.5
tsn2,tai20_20_03,20x20,MIXH,6,1611.0
tsn2,tai20_20_03,20x20,MIXH,7,1619.5
tsn2,tai20_20_03,20x20,MIXH,8,1603.5
tsn2,tai20_20_03,20x20,MIXH,9,1618.0
tsn2,tai20_20_03,20x20,MIXH,10,1580.5
tsn2,tai20_20_03,20x20,MIXH,11,1599.0
tsn2,tai20_20_03,20x20,MIXH,12,1600.0
tsn2,tai20_20_03,20x20,MIXH,13,1603.0
tsn2,tai20_20_03,20x20,MIXH,14,1605.5
tsn2,tai20_20_03,20x20,MIXH,15,1615.5
tsn2,tai20_20_03,20x20,MIXH,16,1621.0
tsn2,tai20_20_03,20x20,MIXH,17,1588.0
tsn2,tai20_20_03,20x20,MIXH,18,1599.5
tsn2,tai20_20_03,20x20,MIXH,19,1588.0
tsn2,tai20_20_03,20x20,MIXH,20,1599.5
tsn2,tai20_20_03,20x20,MIXH,21,1620.0
tsn2,tai20_20_03,20x20,MIXH,22,1593.0
tsn2,tai20_20_03,20x20,MIXH,23,1613.5
tsn2,tai20_20_03,20x20,MIXH,24,1602.5
tsn2,tai20_20_03,20x20,MIXH,25,1611.5
tsn2,tai20_20_03,20x20,MIXH,26,1594.5
tsn2,tai20_20_03,20x20,MIXH,27,1597.0
tsn2,tai20_20_03,20x20,MIXH,28,1610.5
tsn2,tai20_20_03,20x20,MIXH,29,1624.5
tsn2,tai20_20_03,20x20,MIXH,30,1600.5
tsn2,tai20_20_04,20x20,A0,1,1667.5
tsn2,tai20_20_04,20x20,A0,2,1669.0
tsn2,tai20_20_04,20x20,A0,3,1666.0
tsn2,tai20_20_04,20x20,A0,4,1688.0
tsn2,tai20_20_04,20x20,A0,5,1686.0
tsn2,tai20_20_04,20x20,A0,6,1690.5
tsn2,tai20_20_04,20x20,A0,7,1701.0
tsn2,tai20_20_04,20x20,A0,8,1691.5
tsn2,tai20_20_04,20x20,A0,9,1696.0
tsn2,tai20_20_04,20x20,A0,10,1683.5
tsn2,tai20_20_04,20x20,A0,11,1695.0
tsn2,tai20_20_04,20x20,A0,12,1659.0
tsn2,tai20_20_04,20x20,A0,13,1666.0
tsn2,tai20_20_04,20x20,A0,14,1706.0
tsn2,tai20_20_04,20x20,A0,15,1693.5
tsn2,tai20_20_04,20x20,A0,16,1700.0
tsn2,tai20_20_04,20x20,A0,17,1676.0
tsn2,tai20_20_04,20x20,A0,18,1694.5
tsn2,tai20_20_04,20x20,A0,19,1702.0
tsn2,tai20_20_04,20x20,A0,20,1700.5
tsn2,tai20_20_04,20x20,A0,21,1662.5
tsn2,tai20_20_04,20x20,A0,22,1693.0
tsn2,tai20_20_04,20x20,A0,23,1686.5
tsn2,tai20_20_04,20x20,A0,24,1702.0
tsn2,tai20_20_04,20x20,A0,25,1688.0
tsn2,tai20_20_04,20x20,A0,26,1694.0
tsn2,tai20_20_04,20x20,A0,27,1688.0
tsn2,tai20_20_04,20x20,A0,28,1693.0
tsn2,tai20_20_04,20x20,A0,29,1672.5
tsn2,tai20_20_04,20x20,A0,30,1688.0
tsn2,tai20_20_04,20x20,V2H,1,1678.5
tsn2,tai20_20_04,20x20,V2H,2,1691.0
tsn2,tai20_20_04,20x20,V2H,3,1704.0
tsn2,tai20_20_04,20x20,V2H,4,1719.0
tsn2,tai20_20_04,20x20,V2H,5,1710.5
tsn2,tai20_20_04,20x20,V2H,6,1662.0
tsn2,tai20_20_04,20x20,V2H,7,1705.0
tsn2,tai20_20_04,20x20,V2H,8,1687.0
tsn2,tai20_20_04,20x20,V2H,9,1682.0
tsn2,tai20_20_04,20x20,V2H,10,1698.0
tsn2,tai20_20_04,20x20,V2H,11,1695.5
tsn2,tai20_20_04,20x20,V2H,12,1690.0
tsn2,tai20_20_04,20x20,V2H,13,1699.5
tsn2,tai20_20_04,20x20,V2H,14,1687.0
tsn2,tai20_20_04,20x20,V2H,15,1697.5
tsn2,tai20_20_04,20x20,V2H,16,1676.0
tsn2,tai20_20_04,20x20,V2H,17,1713.5
tsn2,tai20_20_04,20x20,V2H,18,1702.0
tsn2,tai20_20_04,20x20,V2H,19,1672.0
tsn2,tai20_20_04,20x20,V2H,20,1698.5
tsn2,tai20_20_04,20x20,V2H,21,1704.5
tsn2,tai20_20_04,20x20,V2H,22,1703.0
tsn2,tai20_20_04,20x20,V2H,23,1702.5
tsn2,tai20_20_04,20x20,V2H,24,1673.0
tsn2,tai20_20_04,20x20,V2H,25,1716.0
tsn2,tai20_20_04,20x20,V2H,26,1702.0
tsn2,tai20_20_04,20x20,V2H,27,1687.5
tsn2,tai20_20_04,20x20,V2H,28,1707.5
tsn2,tai20_20_04,20x20,V2H,29,1699.0
tsn2,tai20_20_04,20x20,V2H,30,1711.5
tsn2,tai20_20_04,20x20,V2,1,1702.0
tsn2,tai20_20_04,20x20,V2,2,1702.0
tsn2,tai20_20_04,20x20,V2,3,1710.5
tsn2,tai20_20_04,20x20,V2,4,1702.0
tsn2,tai20_20_04,20x20,V2,5,1702.0
tsn2,tai20_20_04,20x20,V2,6,1677.5
tsn2,tai20_20_04,20x20,V2,7,1709.0
tsn2,tai20_20_04,20x20,V2,8,1702.0
tsn2,tai20_20_04,20x20,V2,9,1702.0
tsn2,tai20_20_04,20x20,V2,10,1688.0
tsn2,tai20_20_04,20x20,V2,11,1691.0
tsn2,tai20_20_04,20x20,V2,12,1701.5
tsn2,tai20_20_04,20x20,V2,13,1702.0
tsn2,tai20_20_04,20x20,V2,14,1691.0
tsn2,tai20_20_04,20x20,V2,15,1695.5
tsn2,tai20_20_04,20x20,V2,16,1708.5
tsn2,tai20_20_04,20x20,V2,17,1708.5
tsn2,tai20_20_04,20x20,V2,18,1672.0
tsn2,tai20_20_04,20x20,V2,19,1688.0
tsn2,tai20_20_04,20x20,V2,20,1688.0
tsn2,tai20_20_04,20x20,V2,21,1703.0
tsn2,tai20_20_04,20x20,V2,22,1693.0
tsn2,tai20_20_04,20x20,V2,23,1704.0
tsn2,tai20_20_04,20x20,V2,24,1709.0
tsn2,tai20_20_04,20x20,V2,25,1684.0
tsn2,tai20_20_04,20x20,V2,26,1671.0
tsn2,tai20_20_04,20x20,V2,27,1693.0
tsn2,tai20_20_04,20x20,V2,28,1688.0
tsn2,tai20_20_04,20x20,V2,29,1677.5
tsn2,tai20_20_04,20x20,V2,30,1710.0
tsn2,tai20_20_04,20x20,MOR,1,1703.0
tsn2,tai20_20_04,20x20,MOR,2,1716.5
tsn2,tai20_20_04,20x20,MOR,3,1710.0
tsn2,tai20_20_04,20x20,MOR,4,1703.0
tsn2,tai20_20_04,20x20,MOR,5,1721.0
tsn2,tai20_20_04,20x20,MOR,6,1688.0
tsn2,tai20_20_04,20x20,MOR,7,1693.0
tsn2,tai20_20_04,20x20,MOR,8,1704.5
tsn2,tai20_20_04,20x20,MOR,9,1702.5
tsn2,tai20_20_04,20x20,MOR,10,1711.5
tsn2,tai20_20_04,20x20,MOR,11,1698.5
tsn2,tai20_20_04,20x20,MOR,12,1700.0
tsn2,tai20_20_04,20x20,MOR,13,1698.5
tsn2,tai20_20_04,20x20,MOR,14,1701.0
tsn2,tai20_20_04,20x20,MOR,15,1699.0
tsn2,tai20_20_04,20x20,MOR,16,1710.0
tsn2,tai20_20_04,20x20,MOR,17,1703.0
tsn2,tai20_20_04,20x20,MOR,18,1710.0
tsn2,tai20_20_04,20x20,MOR,19,1711.0
tsn2,tai20_20_04,20x20,MOR,20,1704.5
tsn2,tai20_20_04,20x20,MOR,21,1698.5
tsn2,tai20_20_04,20x20,MOR,22,1707.5
tsn2,tai20_20_04,20x20,MOR,23,1716.0
tsn2,tai20_20_04,20x20,MOR,24,1698.5
tsn2,tai20_20_04,20x20,MOR,25,1707.0
tsn2,tai20_20_04,20x20,MOR,26,1703.0
tsn2,tai20_20_04,20x20,MOR,27,1698.5
tsn2,tai20_20_04,20x20,MOR,28,1699.0
tsn2,tai20_20_04,20x20,MOR,29,1697.5
tsn2,tai20_20_04,20x20,MOR,30,1701.0
tsn2,tai20_20_04,20x20,GT,1,1710.0
tsn2,tai20_20_04,20x20,GT,2,1700.0
tsn2,tai20_20_04,20x20,GT,3,1707.5
tsn2,tai20_20_04,20x20,GT,4,1712.0
tsn2,tai20_20_04,20x20,GT,5,1715.0
tsn2,tai20_20_04,20x20,GT,6,1701.0
tsn2,tai20_20_04,20x20,GT,7,1723.0
tsn2,tai20_20_04,20x20,GT,8,1712.0
tsn2,tai20_20_04,20x20,GT,9,1698.0
tsn2,tai20_20_04,20x20,GT,10,1708.0
tsn2,tai20_20_04,20x20,GT,11,1731.0
tsn2,tai20_20_04,20x20,GT,12,1736.0
tsn2,tai20_20_04,20x20,GT,13,1712.0
tsn2,tai20_20_04,20x20,GT,14,1720.0
tsn2,tai20_20_04,20x20,GT,15,1701.0
tsn2,tai20_20_04,20x20,GT,16,1702.0
tsn2,tai20_20_04,20x20,GT,17,1706.5
tsn2,tai20_20_04,20x20,GT,18,1717.5
tsn2,tai20_20_04,20x20,GT,19,1713.5
tsn2,tai20_20_04,20x20,GT,20,1710.5
tsn2,tai20_20_04,20x20,GT,21,1716.0
tsn2,tai20_20_04,20x20,GT,22,1723.5
tsn2,tai20_20_04,20x20,GT,23,1706.0
tsn2,tai20_20_04,20x20,GT,24,1712.0
tsn2,tai20_20_04,20x20,GT,25,1716.5
tsn2,tai20_20_04,20x20,GT,26,1721.5
tsn2,tai20_20_04,20x20,GT,27,1694.5
tsn2,tai20_20_04,20x20,GT,28,1718.0
tsn2,tai20_20_04,20x20,GT,29,1714.5
tsn2,tai20_20_04,20x20,GT,30,1708.0
tsn2,tai20_20_04,20x20,GP,1,1733.0
tsn2,tai20_20_04,20x20,GP,2,1724.5
tsn2,tai20_20_04,20x20,GP,3,1731.0
tsn2,tai20_20_04,20x20,GP,4,1704.5
tsn2,tai20_20_04,20x20,GP,5,1700.5
tsn2,tai20_20_04,20x20,GP,6,1719.5
tsn2,tai20_20_04,20x20,GP,7,1698.0
tsn2,tai20_20_04,20x20,GP,8,1716.5
tsn2,tai20_20_04,20x20,GP,9,1716.5
tsn2,tai20_20_04,20x20,GP,10,1700.5
tsn2,tai20_20_04,20x20,GP,11,1709.0
tsn2,tai20_20_04,20x20,GP,12,1706.5
tsn2,tai20_20_04,20x20,GP,13,1719.5
tsn2,tai20_20_04,20x20,GP,14,1689.5
tsn2,tai20_20_04,20x20,GP,15,1705.5
tsn2,tai20_20_04,20x20,GP,16,1703.5
tsn2,tai20_20_04,20x20,GP,17,1697.0
tsn2,tai20_20_04,20x20,GP,18,1720.5
tsn2,tai20_20_04,20x20,GP,19,1702.5
tsn2,tai20_20_04,20x20,GP,20,1720.5
tsn2,tai20_20_04,20x20,GP,21,1717.5
tsn2,tai20_20_04,20x20,GP,22,1716.5
tsn2,tai20_20_04,20x20,GP,23,1705.0
tsn2,tai20_20_04,20x20,GP,24,1704.5
tsn2,tai20_20_04,20x20,GP,25,1714.0
tsn2,tai20_20_04,20x20,GP,26,1716.5
tsn2,tai20_20_04,20x20,GP,27,1716.5
tsn2,tai20_20_04,20x20,GP,28,1710.0
tsn2,tai20_20_04,20x20,GP,29,1714.0
tsn2,tai20_20_04,20x20,GP,30,1722.0
tsn2,tai20_20_04,20x20,MIX,1,1696.0
tsn2,tai20_20_04,20x20,MIX,2,1702.0
tsn2,tai20_20_04,20x20,MIX,3,1679.5
tsn2,tai20_20_04,20x20,MIX,4,1699.5
tsn2,tai20_20_04,20x20,MIX,5,1704.0
tsn2,tai20_20_04,20x20,MIX,6,1702.0
tsn2,tai20_20_04,20x20,MIX,7,1684.5
tsn2,tai20_20_04,20x20,MIX,8,1702.0
tsn2,tai20_20_04,20x20,MIX,9,1713.0
tsn2,tai20_20_04,20x20,MIX,10,1688.0
tsn2,tai20_20_04,20x20,MIX,11,1707.5
tsn2,tai20_20_04,20x20,MIX,12,1717.0
tsn2,tai20_20_04,20x20,MIX,13,1683.0
tsn2,tai20_20_04,20x20,MIX,14,1704.5
tsn2,tai20_20_04,20x20,MIX,15,1697.5
tsn2,tai20_20_04,20x20,MIX,16,1677.5
tsn2,tai20_20_04,20x20,MIX,17,1703.0
tsn2,tai20_20_04,20x20,MIX,18,1715.0
tsn2,tai20_20_04,20x20,MIX,19,1721.0
tsn2,tai20_20_04,20x20,MIX,20,1692.0
tsn2,tai20_20_04,20x20,MIX,21,1702.0
tsn2,tai20_20_04,20x20,MIX,22,1692.5
tsn2,tai20_20_04,20x20,MIX,23,1716.0
tsn2,tai20_20_04,20x20,MIX,24,1724.5
tsn2,tai20_20_04,20x20,MIX,25,1705.0
tsn2,tai20_20_04,20x20,MIX,26,1708.5
tsn2,tai20_20_04,20x20,MIX,27,1702.0
tsn2,tai20_20_04,20x20,MIX,28,1688.0
tsn2,tai20_20_04,20x20,MIX,29,1688.0
tsn2,tai20_20_04,20x20,MIX,30,1698.0
tsn2,tai20_20_04,20x20,MIXH,1,1700.5
tsn2,tai20_20_04,20x20,MIXH,2,1670.0
tsn2,tai20_20_04,20x20,MIXH,3,1724.0
tsn2,tai20_20_04,20x20,MIXH,4,1704.0
tsn2,tai20_20_04,20x20,MIXH,5,1671.0
tsn2,tai20_20_04,20x20,MIXH,6,1706.0
tsn2,tai20_20_04,20x20,MIXH,7,1697.5
tsn2,tai20_20_04,20x20,MIXH,8,1705.5
tsn2,tai20_20_04,20x20,MIXH,9,1701.0
tsn2,tai20_20_04,20x20,MIXH,10,1676.0
tsn2,tai20_20_04,20x20,MIXH,11,1672.0
tsn2,tai20_20_04,20x20,MIXH,12,1703.0
tsn2,tai20_20_04,20x20,MIXH,13,1703.0
tsn2,tai20_20_04,20x20,MIXH,14,1687.5
tsn2,tai20_20_04,20x20,MIXH,15,1711.5
tsn2,tai20_20_04,20x20,MIXH,16,1683.5
tsn2,tai20_20_04,20x20,MIXH,17,1683.5
tsn2,tai20_20_04,20x20,MIXH,18,1676.5
tsn2,tai20_20_04,20x20,MIXH,19,1702.5
tsn2,tai20_20_04,20x20,MIXH,20,1707.5
tsn2,tai20_20_04,20x20,MIXH,21,1688.0
tsn2,tai20_20_04,20x20,MIXH,22,1706.0
tsn2,tai20_20_04,20x20,MIXH,23,1700.0
tsn2,tai20_20_04,20x20,MIXH,24,1710.0
tsn2,tai20_20_04,20x20,MIXH,25,1693.0
tsn2,tai20_20_04,20x20,MIXH,26,1691.0
tsn2,tai20_20_04,20x20,MIXH,27,1706.0
tsn2,tai20_20_04,20x20,MIXH,28,1675.5
tsn2,tai20_20_04,20x20,MIXH,29,1717.0
tsn2,tai20_20_04,20x20,MIXH,30,1716.5
tsn2,tai20_20_05,20x20,A0,1,1649.0
tsn2,tai20_20_05,20x20,A0,2,1676.0
tsn2,tai20_20_05,20x20,A0,3,1643.5
tsn2,tai20_20_05,20x20,A0,4,1646.0
tsn2,tai20_20_05,20x20,A0,5,1651.5
tsn2,tai20_20_05,20x20,A0,6,1663.0
tsn2,tai20_20_05,20x20,A0,7,1669.0
tsn2,tai20_20_05,20x20,A0,8,1662.0
tsn2,tai20_20_05,20x20,A0,9,1655.5
tsn2,tai20_20_05,20x20,A0,10,1671.5
tsn2,tai20_20_05,20x20,A0,11,1659.5
tsn2,tai20_20_05,20x20,A0,12,1656.0
tsn2,tai20_20_05,20x20,A0,13,1654.0
tsn2,tai20_20_05,20x20,A0,14,1671.0
tsn2,tai20_20_05,20x20,A0,15,1661.5
tsn2,tai20_20_05,20x20,A0,16,1670.5
tsn2,tai20_20_05,20x20,A0,17,1660.0
tsn2,tai20_20_05,20x20,A0,18,1640.5
tsn2,tai20_20_05,20x20,A0,19,1652.0
tsn2,tai20_20_05,20x20,A0,20,1648.0
tsn2,tai20_20_05,20x20,A0,21,1633.5
tsn2,tai20_20_05,20x20,A0,22,1659.0
tsn2,tai20_20_05,20x20,A0,23,1654.5
tsn2,tai20_20_05,20x20,A0,24,1660.0
tsn2,tai20_20_05,20x20,A0,25,1651.0
tsn2,tai20_20_05,20x20,A0,26,1639.5
tsn2,tai20_20_05,20x20,A0,27,1654.0
tsn2,tai20_20_05,20x20,A0,28,1652.5
tsn2,tai20_20_05,20x20,A0,29,1655.0
tsn2,tai20_20_05,20x20,A0,30,1655.0
tsn2,tai20_20_05,20x20,V2H,1,1661.0
tsn2,tai20_20_05,20x20,V2H,2,1673.5
tsn2,tai20_20_05,20x20,V2H,3,1655.5
tsn2,tai20_20_05,20x20,V2H,4,1637.5
tsn2,tai20_20_05,20x20,V2H,5,1688.0
tsn2,tai20_20_05,20x20,V2H,6,1659.0
tsn2,tai20_20_05,20x20,V2H,7,1650.5
tsn2,tai20_20_05,20x20,V2H,8,1670.0
tsn2,tai20_20_05,20x20,V2H,9,1649.5
tsn2,tai20_20_05,20x20,V2H,10,1670.5
tsn2,tai20_20_05,20x20,V2H,11,1683.0
tsn2,tai20_20_05,20x20,V2H,12,1654.5
tsn2,tai20_20_05,20x20,V2H,13,1668.0
tsn2,tai20_20_05,20x20,V2H,14,1639.5
tsn2,tai20_20_05,20x20,V2H,15,1630.5
tsn2,tai20_20_05,20x20,V2H,16,1646.5
tsn2,tai20_20_05,20x20,V2H,17,1670.0
tsn2,tai20_20_05,20x20,V2H,18,1654.0
tsn2,tai20_20_05,20x20,V2H,19,1667.5
tsn2,tai20_20_05,20x20,V2H,20,1638.5
tsn2,tai20_20_05,20x20,V2H,21,1680.5
tsn2,tai20_20_05,20x20,V2H,22,1650.5
tsn2,tai20_20_05,20x20,V2H,23,1663.5
tsn2,tai20_20_05,20x20,V2H,24,1641.0
tsn2,tai20_20_05,20x20,V2H,25,1664.0
tsn2,tai20_20_05,20x20,V2H,26,1664.0
tsn2,tai20_20_05,20x20,V2H,27,1655.5
tsn2,tai20_20_05,20x20,V2H,28,1654.5
tsn2,tai20_20_05,20x20,V2H,29,1642.0
tsn2,tai20_20_05,20x20,V2H,30,1647.0
tsn2,tai20_20_05,20x20,V2,1,1677.0
tsn2,tai20_20_05,20x20,V2,2,1665.0
tsn2,tai20_20_05,20x20,V2,3,1637.0
tsn2,tai20_20_05,20x20,V2,4,1636.0
tsn2,tai20_20_05,20x20,V2,5,1665.5
tsn2,tai20_20_05,20x20,V2,6,1663.0
tsn2,tai20_20_05,20x20,V2,7,1676.5
tsn2,tai20_20_05,20x20,V2,8,1653.5
tsn2,tai20_20_05,20x20,V2,9,1645.5
tsn2,tai20_20_05,20x20,V2,10,1669.5
tsn2,tai20_20_05,20x20,V2,11,1649.0
tsn2,tai20_20_05,20x20,V2,12,1653.5
tsn2,tai20_20_05,20x20,V2,13,1655.5
tsn2,tai20_20_05,20x20,V2,14,1672.5
tsn2,tai20_20_05,20x20,V2,15,1657.5
tsn2,tai20_20_05,20x20,V2,16,1673.5
tsn2,tai20_20_05,20x20,V2,17,1674.0
tsn2,tai20_20_05,20x20,V2,18,1664.0
tsn2,tai20_20_05,20x20,V2,19,1656.5
tsn2,tai20_20_05,20x20,V2,20,1629.5
tsn2,tai20_20_05,20x20,V2,21,1668.0
tsn2,tai20_20_05,20x20,V2,22,1666.0
tsn2,tai20_20_05,20x20,V2,23,1667.5
tsn2,tai20_20_05,20x20,V2,24,1642.5
tsn2,tai20_20_05,20x20,V2,25,1677.5
tsn2,tai20_20_05,20x20,V2,26,1631.0
tsn2,tai20_20_05,20x20,V2,27,1683.0
tsn2,tai20_20_05,20x20,V2,28,1644.0
tsn2,tai20_20_05,20x20,V2,29,1648.5
tsn2,tai20_20_05,20x20,V2,30,1657.5
tsn2,tai20_20_05,20x20,MOR,1,1677.5
tsn2,tai20_20_05,20x20,MOR,2,1679.0
tsn2,tai20_20_05,20x20,MOR,3,1678.0
tsn2,tai20_20_05,20x20,MOR,4,1685.5
tsn2,tai20_20_05,20x20,MOR,5,1664.5
tsn2,tai20_20_05,20x20,MOR,6,1662.0
tsn2,tai20_20_05,20x20,MOR,7,1664.5
tsn2,tai20_20_05,20x20,MOR,8,1676.5
tsn2,tai20_20_05,20x20,MOR,9,1649.5
tsn2,tai20_20_05,20x20,MOR,10,1687.0
tsn2,tai20_20_05,20x20,MOR,11,1677.5
tsn2,tai20_20_05,20x20,MOR,12,1654.5
tsn2,tai20_20_05,20x20,MOR,13,1669.0
tsn2,tai20_20_05,20x20,MOR,14,1670.0
tsn2,tai20_20_05,20x20,MOR,15,1671.0
tsn2,tai20_20_05,20x20,MOR,16,1664.0
tsn2,tai20_20_05,20x20,MOR,17,1677.5
tsn2,tai20_20_05,20x20,MOR,18,1668.5
tsn2,tai20_20_05,20x20,MOR,19,1664.5
tsn2,tai20_20_05,20x20,MOR,20,1663.0
tsn2,tai20_20_05,20x20,MOR,21,1649.5
tsn2,tai20_20_05,20x20,MOR,22,1669.0
tsn2,tai20_20_05,20x20,MOR,23,1681.0
tsn2,tai20_20_05,20x20,MOR,24,1675.5
tsn2,tai20_20_05,20x20,MOR,25,1665.0
tsn2,tai20_20_05,20x20,MOR,26,1675.5
tsn2,tai20_20_05,20x20,MOR,27,1664.5
tsn2,tai20_20_05,20x20,MOR,28,1685.5
tsn2,tai20_20_05,20x20,MOR,29,1661.5
tsn2,tai20_20_05,20x20,MOR,30,1676.5
tsn2,tai20_20_05,20x20,GT,1,1662.5
tsn2,tai20_20_05,20x20,GT,2,1653.5
tsn2,tai20_20_05,20x20,GT,3,1661.0
tsn2,tai20_20_05,20x20,GT,4,1675.0
tsn2,tai20_20_05,20x20,GT,5,1657.5
tsn2,tai20_20_05,20x20,GT,6,1662.0
tsn2,tai20_20_05,20x20,GT,7,1658.0
tsn2,tai20_20_05,20x20,GT,8,1653.5
tsn2,tai20_20_05,20x20,GT,9,1658.0
tsn2,tai20_20_05,20x20,GT,10,1668.0
tsn2,tai20_20_05,20x20,GT,11,1678.0
tsn2,tai20_20_05,20x20,GT,12,1653.5
tsn2,tai20_20_05,20x20,GT,13,1675.0
tsn2,tai20_20_05,20x20,GT,14,1665.0
tsn2,tai20_20_05,20x20,GT,15,1684.5
tsn2,tai20_20_05,20x20,GT,16,1661.0
tsn2,tai20_20_05,20x20,GT,17,1673.0
tsn2,tai20_20_05,20x20,GT,18,1672.0
tsn2,tai20_20_05,20x20,GT,19,1648.5
tsn2,tai20_20_05,20x20,GT,20,1659.0
tsn2,tai20_20_05,20x20,GT,21,1672.5
tsn2,tai20_20_05,20x20,GT,22,1660.5
tsn2,tai20_20_05,20x20,GT,23,1648.0
tsn2,tai20_20_05,20x20,GT,24,1659.5
tsn2,tai20_20_05,20x20,GT,25,1658.0
tsn2,tai20_20_05,20x20,GT,26,1668.0
tsn2,tai20_20_05,20x20,GT,27,1668.5
tsn2,tai20_20_05,20x20,GT,28,1656.5
tsn2,tai20_20_05,20x20,GT,29,1658.0
tsn2,tai20_20_05,20x20,GT,30,1654.5
tsn2,tai20_20_05,20x20,GP,1,1663.0
tsn2,tai20_20_05,20x20,GP,2,1645.0
tsn2,tai20_20_05,20x20,GP,3,1671.0
tsn2,tai20_20_05,20x20,GP,4,1656.0
tsn2,tai20_20_05,20x20,GP,5,1654.5
tsn2,tai20_20_05,20x20,GP,6,1651.0
tsn2,tai20_20_05,20x20,GP,7,1665.5
tsn2,tai20_20_05,20x20,GP,8,1682.0
tsn2,tai20_20_05,20x20,GP,9,1649.5
tsn2,tai20_20_05,20x20,GP,10,1667.0
tsn2,tai20_20_05,20x20,GP,11,1653.0
tsn2,tai20_20_05,20x20,GP,12,1664.5
tsn2,tai20_20_05,20x20,GP,13,1677.0
tsn2,tai20_20_05,20x20,GP,14,1651.0
tsn2,tai20_20_05,20x20,GP,15,1671.5
tsn2,tai20_20_05,20x20,GP,16,1665.5
tsn2,tai20_20_05,20x20,GP,17,1667.5
tsn2,tai20_20_05,20x20,GP,18,1673.0
tsn2,tai20_20_05,20x20,GP,19,1649.0
tsn2,tai20_20_05,20x20,GP,20,1654.5
tsn2,tai20_20_05,20x20,GP,21,1656.5
tsn2,tai20_20_05,20x20,GP,22,1657.0
tsn2,tai20_20_05,20x20,GP,23,1681.5
tsn2,tai20_20_05,20x20,GP,24,1661.5
tsn2,tai20_20_05,20x20,GP,25,1658.0
tsn2,tai20_20_05,20x20,GP,26,1671.5
tsn2,tai20_20_05,20x20,GP,27,1655.0
tsn2,tai20_20_05,20x20,GP,28,1656.0
tsn2,tai20_20_05,20x20,GP,29,1649.0
tsn2,tai20_20_05,20x20,GP,30,1669.0
tsn2,tai20_20_05,20x20,MIX,1,1660.5
tsn2,tai20_20_05,20x20,MIX,2,1679.0
tsn2,tai20_20_05,20x20,MIX,3,1647.5
tsn2,tai20_20_05,20x20,MIX,4,1661.0
tsn2,tai20_20_05,20x20,MIX,5,1631.5
tsn2,tai20_20_05,20x20,MIX,6,1636.0
tsn2,tai20_20_05,20x20,MIX,7,1667.0
tsn2,tai20_20_05,20x20,MIX,8,1642.0
tsn2,tai20_20_05,20x20,MIX,9,1660.0
tsn2,tai20_20_05,20x20,MIX,10,1653.5
tsn2,tai20_20_05,20x20,MIX,11,1669.0
tsn2,tai20_20_05,20x20,MIX,12,1654.0
tsn2,tai20_20_05,20x20,MIX,13,1641.5
tsn2,tai20_20_05,20x20,MIX,14,1656.0
tsn2,tai20_20_05,20x20,MIX,15,1655.5
tsn2,tai20_20_05,20x20,MIX,16,1677.0
tsn2,tai20_20_05,20x20,MIX,17,1645.0
tsn2,tai20_20_05,20x20,MIX,18,1646.5
tsn2,tai20_20_05,20x20,MIX,19,1639.5
tsn2,tai20_20_05,20x20,MIX,20,1668.5
tsn2,tai20_20_05,20x20,MIX,21,1664.0
tsn2,tai20_20_05,20x20,MIX,22,1641.5
tsn2,tai20_20_05,20x20,MIX,23,1636.0
tsn2,tai20_20_05,20x20,MIX,24,1673.5
tsn2,tai20_20_05,20x20,MIX,25,1648.5
tsn2,tai20_20_05,20x20,MIX,26,1658.0
tsn2,tai20_20_05,20x20,MIX,27,1646.5
tsn2,tai20_20_05,20x20,MIX,28,1668.5
tsn2,tai20_20_05,20x20,MIX,29,1655.5
tsn2,tai20_20_05,20x20,MIX,30,1666.0
tsn2,tai20_20_05,20x20,MIXH,1,1662.5
tsn2,tai20_20_05,20x20,MIXH,2,1644.0
tsn2,tai20_20_05,20x20,MIXH,3,1640.0
tsn2,tai20_20_05,20x20,MIXH,4,1640.5
tsn2,tai20_20_05,20x20,MIXH,5,1645.5
tsn2,tai20_20_05,20x20,MIXH,6,1658.5
tsn2,tai20_20_05,20x20,MIXH,7,1670.0
tsn2,tai20_20_05,20x20,MIXH,8,1649.0
tsn2,tai20_20_05,20x20,MIXH,9,1665.0
tsn2,tai20_20_05,20x20,MIXH,10,1655.0
tsn2,tai20_20_05,20x20,MIXH,11,1659.5
tsn2,tai20_20_05,20x20,MIXH,12,1671.5
tsn2,tai20_20_05,20x20,MIXH,13,1653.5
tsn2,tai20_20_05,20x20,MIXH,14,1667.0
tsn2,tai20_20_05,20x20,MIXH,15,1653.0
tsn2,tai20_20_05,20x20,MIXH,16,1660.0
tsn2,tai20_20_05,20x20,MIXH,17,1659.5
tsn2,tai20_20_05,20x20,MIXH,18,1678.0
tsn2,tai20_20_05,20x20,MIXH,19,1651.0
tsn2,tai20_20_05,20x20,MIXH,20,1635.5
tsn2,tai20_20_05,20x20,MIXH,21,1670.0
tsn2,tai20_20_05,20x20,MIXH,22,1683.0
tsn2,tai20_20_05,20x20,MIXH,23,1628.5
tsn2,tai20_20_05,20x20,MIXH,24,1674.0
tsn2,tai20_20_05,20x20,MIXH,25,1659.0
tsn2,tai20_20_05,20x20,MIXH,26,1672.0
tsn2,tai20_20_05,20x20,MIXH,27,1653.5
tsn2,tai20_20_05,20x20,MIXH,28,1645.0
tsn2,tai20_20_05,20x20,MIXH,29,1658.0
tsn2,tai20_20_05,20x20,MIXH,30,1663.0
tsn2,tai20_20_06,20x20,A0,1,1705.0
tsn2,tai20_20_06,20x20,A0,2,1722.5
tsn2,tai20_20_06,20x20,A0,3,1722.5
tsn2,tai20_20_06,20x20,A0,4,1700.0
tsn2,tai20_20_06,20x20,A0,5,1703.5
tsn2,tai20_20_06,20x20,A0,6,1726.5
tsn2,tai20_20_06,20x20,A0,7,1719.0
tsn2,tai20_20_06,20x20,A0,8,1713.5
tsn2,tai20_20_06,20x20,A0,9,1706.0
tsn2,tai20_20_06,20x20,A0,10,1721.0
tsn2,tai20_20_06,20x20,A0,11,1707.0
tsn2,tai20_20_06,20x20,A0,12,1702.0
tsn2,tai20_20_06,20x20,A0,13,1729.5
tsn2,tai20_20_06,20x20,A0,14,1706.0
tsn2,tai20_20_06,20x20,A0,15,1718.5
tsn2,tai20_20_06,20x20,A0,16,1705.0
tsn2,tai20_20_06,20x20,A0,17,1716.0
tsn2,tai20_20_06,20x20,A0,18,1718.0
tsn2,tai20_20_06,20x20,A0,19,1697.5
tsn2,tai20_20_06,20x20,A0,20,1712.0
tsn2,tai20_20_06,20x20,A0,21,1716.5
tsn2,tai20_20_06,20x20,A0,22,1704.5
tsn2,tai20_20_06,20x20,A0,23,1688.5
tsn2,tai20_20_06,20x20,A0,24,1716.5
tsn2,tai20_20_06,20x20,A0,25,1727.0
tsn2,tai20_20_06,20x20,A0,26,1705.5
tsn2,tai20_20_06,20x20,A0,27,1734.5
tsn2,tai20_20_06,20x20,A0,28,1722.0
tsn2,tai20_20_06,20x20,A0,29,1719.5
tsn2,tai20_20_06,20x20,A0,30,1702.0
tsn2,tai20_20_06,20x20,V2H,1,1711.0
tsn2,tai20_20_06,20x20,V2H,2,1715.5
tsn2,tai20_20_06,20x20,V2H,3,1701.5
tsn2,tai20_20_06,20x20,V2H,4,1704.0
tsn2,tai20_20_06,20x20,V2H,5,1679.0
tsn2,tai20_20_06,20x20,V2H,6,1701.5
tsn2,tai20_20_06,20x20,V2H,7,1683.5
tsn2,tai20_20_06,20x20,V2H,8,1683.5
tsn2,tai20_20_06,20x20,V2H,9,1677.0
tsn2,tai20_20_06,20x20,V2H,10,1706.0
tsn2,tai20_20_06,20x20,V2H,11,1706.5
tsn2,tai20_20_06,20x20,V2H,12,1731.5
tsn2,tai20_20_06,20x20,V2H,13,1690.5
tsn2,tai20_20_06,20x20,V2H,14,1703.0
tsn2,tai20_20_06,20x20,V2H,15,1683.5
tsn2,tai20_20_06,20x20,V2H,16,1681.0
tsn2,tai20_20_06,20x20,V2H,17,1690.0
tsn2,tai20_20_06,20x20,V2H,18,1709.0
tsn2,tai20_20_06,20x20,V2H,19,1709.5
tsn2,tai20_20_06,20x20,V2H,20,1684.5
tsn2,tai20_20_06,20x20,V2H,21,1691.0
tsn2,tai20_20_06,20x20,V2H,22,1716.5
tsn2,tai20_20_06,20x20,V2H,23,1697.0
tsn2,tai20_20_06,20x20,V2H,24,1682.0
tsn2,tai20_20_06,20x20,V2H,25,1698.0
tsn2,tai20_20_06,20x20,V2H,26,1687.5
tsn2,tai20_20_06,20x20,V2H,27,1686.0
tsn2,tai20_20_06,20x20,V2H,28,1689.5
tsn2,tai20_20_06,20x20,V2H,29,1683.0
tsn2,tai20_20_06,20x20,V2H,30,1703.5
tsn2,tai20_20_06,20x20,V2,1,1684.0
tsn2,tai20_20_06,20x20,V2,2,1704.0
tsn2,tai20_20_06,20x20,V2,3,1712.0
tsn2,tai20_20_06,20x20,V2,4,1677.0
tsn2,tai20_20_06,20x20,V2,5,1720.0
tsn2,tai20_20_06,20x20,V2,6,1712.5
tsn2,tai20_20_06,20x20,V2,7,1698.0
tsn2,tai20_20_06,20x20,V2,8,1687.0
tsn2,tai20_20_06,20x20,V2,9,1698.5
tsn2,tai20_20_06,20x20,V2,10,1691.0
tsn2,tai20_20_06,20x20,V2,11,1708.0
tsn2,tai20_20_06,20x20,V2,12,1686.5
tsn2,tai20_20_06,20x20,V2,13,1712.0
tsn2,tai20_20_06,20x20,V2,14,1696.0
tsn2,tai20_20_06,20x20,V2,15,1704.0
tsn2,tai20_20_06,20x20,V2,16,1691.5
tsn2,tai20_20_06,20x20,V2,17,1687.0
tsn2,tai20_20_06,20x20,V2,18,1696.0
tsn2,tai20_20_06,20x20,V2,19,1700.5
tsn2,tai20_20_06,20x20,V2,20,1688.0
tsn2,tai20_20_06,20x20,V2,21,1691.0
tsn2,tai20_20_06,20x20,V2,22,1710.0
tsn2,tai20_20_06,20x20,V2,23,1682.5
tsn2,tai20_20_06,20x20,V2,24,1688.5
tsn2,tai20_20_06,20x20,V2,25,1692.5
tsn2,tai20_20_06,20x20,V2,26,1690.0
tsn2,tai20_20_06,20x20,V2,27,1685.5
tsn2,tai20_20_06,20x20,V2,28,1680.0
tsn2,tai20_20_06,20x20,V2,29,1689.5
tsn2,tai20_20_06,20x20,V2,30,1703.0
tsn2,tai20_20_06,20x20,MOR,1,1752.0
tsn2,tai20_20_06,20x20,MOR,2,1742.5
tsn2,tai20_20_06,20x20,MOR,3,1740.0
tsn2,tai20_20_06,20x20,MOR,4,1744.5
tsn2,tai20_20_06,20x20,MOR,5,1733.0
tsn2,tai20_20_06,20x20,MOR,6,1742.5
tsn2,tai20_20_06,20x20,MOR,7,1756.5
tsn2,tai20_20_06,20x20,MOR,8,1753.5
tsn2,tai20_20_06,20x20,MOR,9,1729.5
tsn2,tai20_20_06,20x20,MOR,10,1728.0
tsn2,tai20_20_06,20x20,MOR,11,1733.0
tsn2,tai20_20_06,20x20,MOR,12,1739.0
tsn2,tai20_20_06,20x20,MOR,13,1744.0
tsn2,tai20_20_06,20x20,MOR,14,1733.0
tsn2,tai20_20_06,20x20,MOR,15,1740.0
tsn2,tai20_20_06,20x20,MOR,16,1744.0
tsn2,tai20_20_06,20x20,MOR,17,1756.0
tsn2,tai20_20_06,20x20,MOR,18,1740.0
tsn2,tai20_20_06,20x20,MOR,19,1733.5
tsn2,tai20_20_06,20x20,MOR,20,1767.0
tsn2,tai20_20_06,20x20,MOR,21,1750.5
tsn2,tai20_20_06,20x20,MOR,22,1748.0
tsn2,tai20_20_06,20x20,MOR,23,1728.5
tsn2,tai20_20_06,20x20,MOR,24,1752.5
tsn2,tai20_20_06,20x20,MOR,25,1742.0
tsn2,tai20_20_06,20x20,MOR,26,1729.5
tsn2,tai20_20_06,20x20,MOR,27,1732.5
tsn2,tai20_20_06,20x20,MOR,28,1771.5
tsn2,tai20_20_06,20x20,MOR,29,1750.5
tsn2,tai20_20_06,20x20,MOR,30,1767.0
tsn2,tai20_20_06,20x20,GT,1,1708.5
tsn2,tai20_20_06,20x20,GT,2,1720.0
tsn2,tai20_20_06,20x20,GT,3,1729.0
tsn2,tai20_20_06,20x20,GT,4,1730.5
tsn2,tai20_20_06,20x20,GT,5,1724.0
tsn2,tai20_20_06,20x20,GT,6,1716.0
tsn2,tai20_20_06,20x20,GT,7,1720.5
tsn2,tai20_20_06,20x20,GT,8,1727.5
tsn2,tai20_20_06,20x20,GT,9,1699.5
tsn2,tai20_20_06,20x20,GT,10,1725.0
tsn2,tai20_20_06,20x20,GT,11,1707.5
tsn2,tai20_20_06,20x20,GT,12,1727.0
tsn2,tai20_20_06,20x20,GT,13,1735.5
tsn2,tai20_20_06,20x20,GT,14,1719.5
tsn2,tai20_20_06,20x20,GT,15,1722.0
tsn2,tai20_20_06,20x20,GT,16,1735.0
tsn2,tai20_20_06,20x20,GT,17,1726.5
tsn2,tai20_20_06,20x20,GT,18,1716.0
tsn2,tai20_20_06,20x20,GT,19,1715.5
tsn2,tai20_20_06,20x20,GT,20,1716.0
tsn2,tai20_20_06,20x20,GT,21,1707.5
tsn2,tai20_20_06,20x20,GT,22,1736.0
tsn2,tai20_20_06,20x20,GT,23,1732.5
tsn2,tai20_20_06,20x20,GT,24,1710.0
tsn2,tai20_20_06,20x20,GT,25,1741.5
tsn2,tai20_20_06,20x20,GT,26,1700.5
tsn2,tai20_20_06,20x20,GT,27,1717.5
tsn2,tai20_20_06,20x20,GT,28,1709.0
tsn2,tai20_20_06,20x20,GT,29,1722.5
tsn2,tai20_20_06,20x20,GT,30,1740.0
tsn2,tai20_20_06,20x20,GP,1,1706.5
tsn2,tai20_20_06,20x20,GP,2,1692.0
tsn2,tai20_20_06,20x20,GP,3,1697.0
tsn2,tai20_20_06,20x20,GP,4,1698.5
tsn2,tai20_20_06,20x20,GP,5,1709.5
tsn2,tai20_20_06,20x20,GP,6,1709.0
tsn2,tai20_20_06,20x20,GP,7,1728.0
tsn2,tai20_20_06,20x20,GP,8,1703.5
tsn2,tai20_20_06,20x20,GP,9,1713.5
tsn2,tai20_20_06,20x20,GP,10,1715.0
tsn2,tai20_20_06,20x20,GP,11,1703.0
tsn2,tai20_20_06,20x20,GP,12,1706.0
tsn2,tai20_20_06,20x20,GP,13,1712.5
tsn2,tai20_20_06,20x20,GP,14,1701.5
tsn2,tai20_20_06,20x20,GP,15,1705.0
tsn2,tai20_20_06,20x20,GP,16,1687.5
tsn2,tai20_20_06,20x20,GP,17,1725.0
tsn2,tai20_20_06,20x20,GP,18,1694.5
tsn2,tai20_20_06,20x20,GP,19,1703.5
tsn2,tai20_20_06,20x20,GP,20,1717.5
tsn2,tai20_20_06,20x20,GP,21,1703.5
tsn2,tai20_20_06,20x20,GP,22,1711.0
tsn2,tai20_20_06,20x20,GP,23,1702.5
tsn2,tai20_20_06,20x20,GP,24,1710.5
tsn2,tai20_20_06,20x20,GP,25,1706.5
tsn2,tai20_20_06,20x20,GP,26,1725.0
tsn2,tai20_20_06,20x20,GP,27,1707.0
tsn2,tai20_20_06,20x20,GP,28,1703.5
tsn2,tai20_20_06,20x20,GP,29,1703.0
tsn2,tai20_20_06,20x20,GP,30,1696.0
tsn2,tai20_20_06,20x20,MIX,1,1712.0
tsn2,tai20_20_06,20x20,MIX,2,1713.0
tsn2,tai20_20_06,20x20,MIX,3,1701.0
tsn2,tai20_20_06,20x20,MIX,4,1692.0
tsn2,tai20_20_06,20x20,MIX,5,1693.5
tsn2,tai20_20_06,20x20,MIX,6,1713.0
tsn2,tai20_20_06,20x20,MIX,7,1697.0
tsn2,tai20_20_06,20x20,MIX,8,1710.0
tsn2,tai20_20_06,20x20,MIX,9,1699.5
tsn2,tai20_20_06,20x20,MIX,10,1712.0
tsn2,tai20_20_06,20x20,MIX,11,1702.5
tsn2,tai20_20_06,20x20,MIX,12,1708.0
tsn2,tai20_20_06,20x20,MIX,13,1702.5
tsn2,tai20_20_06,20x20,MIX,14,1704.0
tsn2,tai20_20_06,20x20,MIX,15,1714.5
tsn2,tai20_20_06,20x20,MIX,16,1708.5
tsn2,tai20_20_06,20x20,MIX,17,1705.5
tsn2,tai20_20_06,20x20,MIX,18,1712.5
tsn2,tai20_20_06,20x20,MIX,19,1713.5
tsn2,tai20_20_06,20x20,MIX,20,1703.0
tsn2,tai20_20_06,20x20,MIX,21,1711.0
tsn2,tai20_20_06,20x20,MIX,22,1712.0
tsn2,tai20_20_06,20x20,MIX,23,1704.5
tsn2,tai20_20_06,20x20,MIX,24,1720.0
tsn2,tai20_20_06,20x20,MIX,25,1689.0
tsn2,tai20_20_06,20x20,MIX,26,1722.5
tsn2,tai20_20_06,20x20,MIX,27,1710.0
tsn2,tai20_20_06,20x20,MIX,28,1693.0
tsn2,tai20_20_06,20x20,MIX,29,1693.0
tsn2,tai20_20_06,20x20,MIX,30,1719.0
tsn2,tai20_20_06,20x20,MIXH,1,1719.0
tsn2,tai20_20_06,20x20,MIXH,2,1712.0
tsn2,tai20_20_06,20x20,MIXH,3,1719.5
tsn2,tai20_20_06,20x20,MIXH,4,1704.0
tsn2,tai20_20_06,20x20,MIXH,5,1679.0
tsn2,tai20_20_06,20x20,MIXH,6,1689.5
tsn2,tai20_20_06,20x20,MIXH,7,1703.0
tsn2,tai20_20_06,20x20,MIXH,8,1688.5
tsn2,tai20_20_06,20x20,MIXH,9,1688.5
tsn2,tai20_20_06,20x20,MIXH,10,1692.5
tsn2,tai20_20_06,20x20,MIXH,11,1712.0
tsn2,tai20_20_06,20x20,MIXH,12,1715.5
tsn2,tai20_20_06,20x20,MIXH,13,1712.0
tsn2,tai20_20_06,20x20,MIXH,14,1702.5
tsn2,tai20_20_06,20x20,MIXH,15,1680.0
tsn2,tai20_20_06,20x20,MIXH,16,1693.5
tsn2,tai20_20_06,20x20,MIXH,17,1704.5
tsn2,tai20_20_06,20x20,MIXH,18,1684.5
tsn2,tai20_20_06,20x20,MIXH,19,1711.0
tsn2,tai20_20_06,20x20,MIXH,20,1698.5
tsn2,tai20_20_06,20x20,MIXH,21,1694.5
tsn2,tai20_20_06,20x20,MIXH,22,1713.0
tsn2,tai20_20_06,20x20,MIXH,23,1703.0
tsn2,tai20_20_06,20x20,MIXH,24,1714.5
tsn2,tai20_20_06,20x20,MIXH,25,1711.0
tsn2,tai20_20_06,20x20,MIXH,26,1695.5
tsn2,tai20_20_06,20x20,MIXH,27,1711.5
tsn2,tai20_20_06,20x20,MIXH,28,1725.5
tsn2,tai20_20_06,20x20,MIXH,29,1701.5
tsn2,tai20_20_06,20x20,MIXH,30,1701.5
tsn2,tai20_20_07,20x20,A0,1,1729.0
tsn2,tai20_20_07,20x20,A0,2,1720.5
tsn2,tai20_20_07,20x20,A0,3,1738.0
tsn2,tai20_20_07,20x20,A0,4,1719.0
tsn2,tai20_20_07,20x20,A0,5,1726.5
tsn2,tai20_20_07,20x20,A0,6,1736.5
tsn2,tai20_20_07,20x20,A0,7,1746.5
tsn2,tai20_20_07,20x20,A0,8,1717.0
tsn2,tai20_20_07,20x20,A0,9,1728.5
tsn2,tai20_20_07,20x20,A0,10,1742.0
tsn2,tai20_20_07,20x20,A0,11,1737.5
tsn2,tai20_20_07,20x20,A0,12,1720.5
tsn2,tai20_20_07,20x20,A0,13,1711.5
tsn2,tai20_20_07,20x20,A0,14,1728.0
tsn2,tai20_20_07,20x20,A0,15,1726.5
tsn2,tai20_20_07,20x20,A0,16,1738.0
tsn2,tai20_20_07,20x20,A0,17,1722.5
tsn2,tai20_20_07,20x20,A0,18,1739.0
tsn2,tai20_20_07,20x20,A0,19,1736.0
tsn2,tai20_20_07,20x20,A0,20,1732.0
tsn2,tai20_20_07,20x20,A0,21,1745.5
tsn2,tai20_20_07,20x20,A0,22,1735.0
tsn2,tai20_20_07,20x20,A0,23,1736.0
tsn2,tai20_20_07,20x20,A0,24,1724.5
tsn2,tai20_20_07,20x20,A0,25,1725.0
tsn2,tai20_20_07,20x20,A0,26,1719.0
tsn2,tai20_20_07,20x20,A0,27,1739.5
tsn2,tai20_20_07,20x20,A0,28,1717.0
tsn2,tai20_20_07,20x20,A0,29,1717.5
tsn2,tai20_20_07,20x20,A0,30,1732.0
tsn2,tai20_20_07,20x20,V2H,1,1737.5
tsn2,tai20_20_07,20x20,V2H,2,1737.5
tsn2,tai20_20_07,20x20,V2H,3,1726.0
tsn2,tai20_20_07,20x20,V2H,4,1729.0
tsn2,tai20_20_07,20x20,V2H,5,1738.0
tsn2,tai20_20_07,20x20,V2H,6,1718.0
tsn2,tai20_20_07,20x20,V2H,7,1739.0
tsn2,tai20_20_07,20x20,V2H,8,1730.0
tsn2,tai20_20_07,20x20,V2H,9,1717.0
tsn2,tai20_20_07,20x20,V2H,10,1747.0
tsn2,tai20_20_07,20x20,V2H,11,1730.0
tsn2,tai20_20_07,20x20,V2H,12,1703.0
tsn2,tai20_20_07,20x20,V2H,13,1733.5
tsn2,tai20_20_07,20x20,V2H,14,1714.0
tsn2,tai20_20_07,20x20,V2H,15,1746.0
tsn2,tai20_20_07,20x20,V2H,16,1726.0
tsn2,tai20_20_07,20x20,V2H,17,1728.0
tsn2,tai20_20_07,20x20,V2H,18,1743.5
tsn2,tai20_20_07,20x20,V2H,19,1742.0
tsn2,tai20_20_07,20x20,V2H,20,1738.0
tsn2,tai20_20_07,20x20,V2H,21,1725.0
tsn2,tai20_20_07,20x20,V2H,22,1722.5
tsn2,tai20_20_07,20x20,V2H,23,1748.0
tsn2,tai20_20_07,20x20,V2H,24,1733.0
tsn2,tai20_20_07,20x20,V2H,25,1736.5
tsn2,tai20_20_07,20x20,V2H,26,1748.5
tsn2,tai20_20_07,20x20,V2H,27,1730.0
tsn2,tai20_20_07,20x20,V2H,28,1735.0
tsn2,tai20_20_07,20x20,V2H,29,1743.0
tsn2,tai20_20_07,20x20,V2H,30,1722.0
tsn2,tai20_20_07,20x20,V2,1,1749.0
tsn2,tai20_20_07,20x20,V2,2,1726.0
tsn2,tai20_20_07,20x20,V2,3,1731.0
tsn2,tai20_20_07,20x20,V2,4,1734.0
tsn2,tai20_20_07,20x20,V2,5,1747.0
tsn2,tai20_20_07,20x20,V2,6,1716.5
tsn2,tai20_20_07,20x20,V2,7,1729.5
tsn2,tai20_20_07,20x20,V2,8,1721.5
tsn2,tai20_20_07,20x20,V2,9,1741.0
tsn2,tai20_20_07,20x20,V2,10,1717.0
tsn2,tai20_20_07,20x20,V2,11,1731.5
tsn2,tai20_20_07,20x20,V2,12,1740.0
tsn2,tai20_20_07,20x20,V2,13,1742.5
tsn2,tai20_20_07,20x20,V2,14,1736.0
tsn2,tai20_20_07,20x20,V2,15,1747.0
tsn2,tai20_20_07,20x20,V2,16,1741.5
tsn2,tai20_20_07,20x20,V2,17,1736.5
tsn2,tai20_20_07,20x20,V2,18,1733.0
tsn2,tai20_20_07,20x20,V2,19,1716.0
tsn2,tai20_20_07,20x20,V2,20,1736.5
tsn2,tai20_20_07,20x20,V2,21,1747.0
tsn2,tai20_20_07,20x20,V2,22,1740.5
tsn2,tai20_20_07,20x20,V2,23,1734.5
tsn2,tai20_20_07,20x20,V2,24,1717.0
tsn2,tai20_20_07,20x20,V2,25,1735.0
tsn2,tai20_20_07,20x20,V2,26,1733.0
tsn2,tai20_20_07,20x20,V2,27,1740.0
tsn2,tai20_20_07,20x20,V2,28,1732.0
tsn2,tai20_20_07,20x20,V2,29,1726.0
tsn2,tai20_20_07,20x20,V2,30,1743.5
tsn2,tai20_20_07,20x20,MOR,1,1725.5
tsn2,tai20_20_07,20x20,MOR,2,1744.5
tsn2,tai20_20_07,20x20,MOR,3,1744.0
tsn2,tai20_20_07,20x20,MOR,4,1739.5
tsn2,tai20_20_07,20x20,MOR,5,1733.0
tsn2,tai20_20_07,20x20,MOR,6,1740.5
tsn2,tai20_20_07,20x20,MOR,7,1728.0
tsn2,tai20_20_07,20x20,MOR,8,1742.5
tsn2,tai20_20_07,20x20,MOR,9,1754.5
tsn2,tai20_20_07,20x20,MOR,10,1746.5
tsn2,tai20_20_07,20x20,MOR,11,1744.5
tsn2,tai20_20_07,20x20,MOR,12,1731.0
tsn2,tai20_20_07,20x20,MOR,13,1743.5
tsn2,tai20_20_07,20x20,MOR,14,1738.0
tsn2,tai20_20_07,20x20,MOR,15,1739.5
tsn2,tai20_20_07,20x20,MOR,16,1729.0
tsn2,tai20_20_07,20x20,MOR,17,1739.5
tsn2,tai20_20_07,20x20,MOR,18,1735.0
tsn2,tai20_20_07,20x20,MOR,19,1742.5
tsn2,tai20_20_07,20x20,MOR,20,1762.0
tsn2,tai20_20_07,20x20,MOR,21,1735.5
tsn2,tai20_20_07,20x20,MOR,22,1738.0
tsn2,tai20_20_07,20x20,MOR,23,1739.5
tsn2,tai20_20_07,20x20,MOR,24,1735.5
tsn2,tai20_20_07,20x20,MOR,25,1743.0
tsn2,tai20_20_07,20x20,MOR,26,1746.0
tsn2,tai20_20_07,20x20,MOR,27,1742.5
tsn2,tai20_20_07,20x20,MOR,28,1732.0
tsn2,tai20_20_07,20x20,MOR,29,1719.0
tsn2,tai20_20_07,20x20,MOR,30,1739.5
tsn2,tai20_20_07,20x20,GT,1,1746.0
tsn2,tai20_20_07,20x20,GT,2,1738.0
tsn2,tai20_20_07,20x20,GT,3,1738.5
tsn2,tai20_20_07,20x20,GT,4,1738.5
tsn2,tai20_20_07,20x20,GT,5,1758.5
tsn2,tai20_20_07,20x20,GT,6,1730.0
tsn2,tai20_20_07,20x20,GT,7,1747.0
tsn2,tai20_20_07,20x20,GT,8,1750.5
tsn2,tai20_20_07,20x20,GT,9,1752.5
tsn2,tai20_20_07,20x20,GT,10,1749.5
tsn2,tai20_20_07,20x20,GT,11,1754.5
tsn2,tai20_20_07,20x20,GT,12,1740.0
tsn2,tai20_20_07,20x20,GT,13,1727.5
tsn2,tai20_20_07,20x20,GT,14,1740.5
tsn2,tai20_20_07,20x20,GT,15,1762.0
tsn2,tai20_20_07,20x20,GT,16,1737.0
tsn2,tai20_20_07,20x20,GT,17,1756.5
tsn2,tai20_20_07,20x20,GT,18,1764.5
tsn2,tai20_20_07,20x20,GT,19,1739.5
tsn2,tai20_20_07,20x20,GT,20,1747.0
tsn2,tai20_20_07,20x20,GT,21,1737.0
tsn2,tai20_20_07,20x20,GT,22,1738.5
tsn2,tai20_20_07,20x20,GT,23,1738.0
tsn2,tai20_20_07,20x20,GT,24,1743.5
tsn2,tai20_20_07,20x20,GT,25,1730.0
tsn2,tai20_20_07,20x20,GT,26,1750.0
tsn2,tai20_20_07,20x20,GT,27,1729.5
tsn2,tai20_20_07,20x20,GT,28,1740.0
tsn2,tai20_20_07,20x20,GT,29,1728.0
tsn2,tai20_20_07,20x20,GT,30,1736.5
tsn2,tai20_20_07,20x20,GP,1,1750.5
tsn2,tai20_20_07,20x20,GP,2,1771.5
tsn2,tai20_20_07,20x20,GP,3,1771.5
tsn2,tai20_20_07,20x20,GP,4,1748.5
tsn2,tai20_20_07,20x20,GP,5,1746.5
tsn2,tai20_20_07,20x20,GP,6,1738.5
tsn2,tai20_20_07,20x20,GP,7,1742.5
tsn2,tai20_20_07,20x20,GP,8,1757.5
tsn2,tai20_20_07,20x20,GP,9,1752.5
tsn2,tai20_20_07,20x20,GP,10,1739.5
tsn2,tai20_20_07,20x20,GP,11,1739.0
tsn2,tai20_20_07,20x20,GP,12,1746.5
tsn2,tai20_20_07,20x20,GP,13,1760.5
tsn2,tai20_20_07,20x20,GP,14,1735.5
tsn2,tai20_20_07,20x20,GP,15,1734.5
tsn2,tai20_20_07,20x20,GP,16,1738.0
tsn2,tai20_20_07,20x20,GP,17,1739.0
tsn2,tai20_20_07,20x20,GP,18,1758.5
tsn2,tai20_20_07,20x20,GP,19,1767.0
tsn2,tai20_20_07,20x20,GP,20,1752.0
tsn2,tai20_20_07,20x20,GP,21,1740.0
tsn2,tai20_20_07,20x20,GP,22,1759.0
tsn2,tai20_20_07,20x20,GP,23,1768.5
tsn2,tai20_20_07,20x20,GP,24,1755.0
tsn2,tai20_20_07,20x20,GP,25,1738.0
tsn2,tai20_20_07,20x20,GP,26,1747.0
tsn2,tai20_20_07,20x20,GP,27,1739.5
tsn2,tai20_20_07,20x20,GP,28,1748.0
tsn2,tai20_20_07,20x20,GP,29,1739.0
tsn2,tai20_20_07,20x20,GP,30,1760.5
tsn2,tai20_20_07,20x20,MIX,1,1742.5
tsn2,tai20_20_07,20x20,MIX,2,1723.0
tsn2,tai20_20_07,20x20,MIX,3,1733.5
tsn2,tai20_20_07,20x20,MIX,4,1727.5
tsn2,tai20_20_07,20x20,MIX,5,1733.5
tsn2,tai20_20_07,20x20,MIX,6,1719.0
tsn2,tai20_20_07,20x20,MIX,7,1748.0
tsn2,tai20_20_07,20x20,MIX,8,1759.5
tsn2,tai20_20_07,20x20,MIX,9,1731.5
tsn2,tai20_20_07,20x20,MIX,10,1743.5
tsn2,tai20_20_07,20x20,MIX,11,1732.5
tsn2,tai20_20_07,20x20,MIX,12,1735.0
tsn2,tai20_20_07,20x20,MIX,13,1737.0
tsn2,tai20_20_07,20x20,MIX,14,1724.0
tsn2,tai20_20_07,20x20,MIX,15,1732.0
tsn2,tai20_20_07,20x20,MIX,16,1731.5
tsn2,tai20_20_07,20x20,MIX,17,1723.0
tsn2,tai20_20_07,20x20,MIX,18,1739.0
tsn2,tai20_20_07,20x20,MIX,19,1727.5
tsn2,tai20_20_07,20x20,MIX,20,1744.5
tsn2,tai20_20_07,20x20,MIX,21,1721.5
tsn2,tai20_20_07,20x20,MIX,22,1735.5
tsn2,tai20_20_07,20x20,MIX,23,1732.0
tsn2,tai20_20_07,20x20,MIX,24,1737.0
tsn2,tai20_20_07,20x20,MIX,25,1727.5
tsn2,tai20_20_07,20x20,MIX,26,1734.5
tsn2,tai20_20_07,20x20,MIX,27,1726.5
tsn2,tai20_20_07,20x20,MIX,28,1759.0
tsn2,tai20_20_07,20x20,MIX,29,1735.5
tsn2,tai20_20_07,20x20,MIX,30,1739.0
tsn2,tai20_20_07,20x20,MIXH,1,1740.5
tsn2,tai20_20_07,20x20,MIXH,2,1731.0
tsn2,tai20_20_07,20x20,MIXH,3,1719.5
tsn2,tai20_20_07,20x20,MIXH,4,1742.5
tsn2,tai20_20_07,20x20,MIXH,5,1748.0
tsn2,tai20_20_07,20x20,MIXH,6,1736.0
tsn2,tai20_20_07,20x20,MIXH,7,1740.0
tsn2,tai20_20_07,20x20,MIXH,8,1731.0
tsn2,tai20_20_07,20x20,MIXH,9,1735.5
tsn2,tai20_20_07,20x20,MIXH,10,1738.5
tsn2,tai20_20_07,20x20,MIXH,11,1715.5
tsn2,tai20_20_07,20x20,MIXH,12,1746.0
tsn2,tai20_20_07,20x20,MIXH,13,1734.0
tsn2,tai20_20_07,20x20,MIXH,14,1741.0
tsn2,tai20_20_07,20x20,MIXH,15,1727.5
tsn2,tai20_20_07,20x20,MIXH,16,1732.0
tsn2,tai20_20_07,20x20,MIXH,17,1734.0
tsn2,tai20_20_07,20x20,MIXH,18,1739.0
tsn2,tai20_20_07,20x20,MIXH,19,1748.0
tsn2,tai20_20_07,20x20,MIXH,20,1751.0
tsn2,tai20_20_07,20x20,MIXH,21,1737.0
tsn2,tai20_20_07,20x20,MIXH,22,1735.0
tsn2,tai20_20_07,20x20,MIXH,23,1721.0
tsn2,tai20_20_07,20x20,MIXH,24,1740.0
tsn2,tai20_20_07,20x20,MIXH,25,1730.0
tsn2,tai20_20_07,20x20,MIXH,26,1731.5
tsn2,tai20_20_07,20x20,MIXH,27,1746.0
tsn2,tai20_20_07,20x20,MIXH,28,1741.5
tsn2,tai20_20_07,20x20,MIXH,29,1731.0
tsn2,tai20_20_07,20x20,MIXH,30,1752.5
tsn2,tai20_20_08,20x20,A0,1,1647.0
tsn2,tai20_20_08,20x20,A0,2,1644.5
tsn2,tai20_20_08,20x20,A0,3,1658.5
tsn2,tai20_20_08,20x20,A0,4,1671.0
tsn2,tai20_20_08,20x20,A0,5,1644.0
tsn2,tai20_20_08,20x20,A0,6,1660.5
tsn2,tai20_20_08,20x20,A0,7,1650.5
tsn2,tai20_20_08,20x20,A0,8,1650.5
tsn2,tai20_20_08,20x20,A0,9,1639.0
tsn2,tai20_20_08,20x20,A0,10,1651.5
tsn2,tai20_20_08,20x20,A0,11,1651.0
tsn2,tai20_20_08,20x20,A0,12,1644.0
tsn2,tai20_20_08,20x20,A0,13,1655.0
tsn2,tai20_20_08,20x20,A0,14,1653.5
tsn2,tai20_20_08,20x20,A0,15,1687.0
tsn2,tai20_20_08,20x20,A0,16,1638.5
tsn2,tai20_20_08,20x20,A0,17,1640.5
tsn2,tai20_20_08,20x20,A0,18,1647.5
tsn2,tai20_20_08,20x20,A0,19,1646.5
tsn2,tai20_20_08,20x20,A0,20,1659.0
tsn2,tai20_20_08,20x20,A0,21,1657.5
tsn2,tai20_20_08,20x20,A0,22,1646.5
tsn2,tai20_20_08,20x20,A0,23,1643.5
tsn2,tai20_20_08,20x20,A0,24,1654.5
tsn2,tai20_20_08,20x20,A0,25,1655.0
tsn2,tai20_20_08,20x20,A0,26,1654.5
tsn2,tai20_20_08,20x20,A0,27,1671.5
tsn2,tai20_20_08,20x20,A0,28,1651.5
tsn2,tai20_20_08,20x20,A0,29,1653.0
tsn2,tai20_20_08,20x20,A0,30,1655.5
tsn2,tai20_20_08,20x20,V2H,1,1665.5
tsn2,tai20_20_08,20x20,V2H,2,1648.5
tsn2,tai20_20_08,20x20,V2H,3,1653.0
tsn2,tai20_20_08,20x20,V2H,4,1642.0
tsn2,tai20_20_08,20x20,V2H,5,1639.5
tsn2,tai20_20_08,20x20,V2H,6,1642.0
tsn2,tai20_20_08,20x20,V2H,7,1642.0
tsn2,tai20_20_08,20x20,V2H,8,1638.5
tsn2,tai20_20_08,20x20,V2H,9,1651.5
tsn2,tai20_20_08,20x20,V2H,10,1652.5
tsn2,tai20_20_08,20x20,V2H,11,1644.0
tsn2,tai20_20_08,20x20,V2H,12,1648.5
tsn2,tai20_20_08,20x20,V2H,13,1641.0
tsn2,tai20_20_08,20x20,V2H,14,1668.0
tsn2,tai20_20_08,20x20,V2H,15,1654.0
tsn2,tai20_20_08,20x20,V2H,16,1650.0
tsn2,tai20_20_08,20x20,V2H,17,1649.5
tsn2,tai20_20_08,20x20,V2H,18,1645.0
tsn2,tai20_20_08,20x20,V2H,19,1652.0
tsn2,tai20_20_08,20x20,V2H,20,1648.5
tsn2,tai20_20_08,20x20,V2H,21,1651.0
tsn2,tai20_20_08,20x20,V2H,22,1652.0
tsn2,tai20_20_08,20x20,V2H,23,1640.0
tsn2,tai20_20_08,20x20,V2H,24,1658.5
tsn2,tai20_20_08,20x20,V2H,25,1654.0
tsn2,tai20_20_08,20x20,V2H,26,1667.5
tsn2,tai20_20_08,20x20,V2H,27,1657.0
tsn2,tai20_20_08,20x20,V2H,28,1640.0
tsn2,tai20_20_08,20x20,V2H,29,1654.0
tsn2,tai20_20_08,20x20,V2H,30,1639.5
tsn2,tai20_20_08,20x20,V2,1,1644.0
tsn2,tai20_20_08,20x20,V2,2,1658.0
tsn2,tai20_20_08,20x20,V2,3,1657.5
tsn2,tai20_20_08,20x20,V2,4,1663.0
tsn2,tai20_20_08,20x20,V2,5,1639.5
tsn2,tai20_20_08,20x20,V2,6,1666.5
tsn2,tai20_20_08,20x20,V2,7,1637.0
tsn2,tai20_20_08,20x20,V2,8,1639.5
tsn2,tai20_20_08,20x20,V2,9,1656.0
tsn2,tai20_20_08,20x20,V2,10,1651.5
tsn2,tai20_20_08,20x20,V2,11,1645.5
tsn2,tai20_20_08,20x20,V2,12,1650.0
tsn2,tai20_20_08,20x20,V2,13,1652.0
tsn2,tai20_20_08,20x20,V2,14,1639.5
tsn2,tai20_20_08,20x20,V2,15,1659.0
tsn2,tai20_20_08,20x20,V2,16,1650.0
tsn2,tai20_20_08,20x20,V2,17,1654.0
tsn2,tai20_20_08,20x20,V2,18,1654.5
tsn2,tai20_20_08,20x20,V2,19,1648.0
tsn2,tai20_20_08,20x20,V2,20,1667.5
tsn2,tai20_20_08,20x20,V2,21,1647.5
tsn2,tai20_20_08,20x20,V2,22,1675.0
tsn2,tai20_20_08,20x20,V2,23,1661.5
tsn2,tai20_20_08,20x20,V2,24,1638.0
tsn2,tai20_20_08,20x20,V2,25,1656.5
tsn2,tai20_20_08,20x20,V2,26,1655.0
tsn2,tai20_20_08,20x20,V2,27,1656.5
tsn2,tai20_20_08,20x20,V2,28,1639.0
tsn2,tai20_20_08,20x20,V2,29,1639.0
tsn2,tai20_20_08,20x20,V2,30,1654.5
tsn2,tai20_20_08,20x20,MOR,1,1649.5
tsn2,tai20_20_08,20x20,MOR,2,1665.5
tsn2,tai20_20_08,20x20,MOR,3,1665.5
tsn2,tai20_20_08,20x20,MOR,4,1650.5
tsn2,tai20_20_08,20x20,MOR,5,1657.5
tsn2,tai20_20_08,20x20,MOR,6,1663.5
tsn2,tai20_20_08,20x20,MOR,7,1649.5
tsn2,tai20_20_08,20x20,MOR,8,1665.5
tsn2,tai20_20_08,20x20,MOR,9,1656.5
tsn2,tai20_20_08,20x20,MOR,10,1670.5
tsn2,tai20_20_08,20x20,MOR,11,1646.5
tsn2,tai20_20_08,20x20,MOR,12,1655.5
tsn2,tai20_20_08,20x20,MOR,13,1665.0
tsn2,tai20_20_08,20x20,MOR,14,1665.5
tsn2,tai20_20_08,20x20,MOR,15,1649.5
tsn2,tai20_20_08,20x20,MOR,16,1649.5
tsn2,tai20_20_08,20x20,MOR,17,1662.5
tsn2,tai20_20_08,20x20,MOR,18,1646.5
tsn2,tai20_20_08,20x20,MOR,19,1648.0
tsn2,tai20_20_08,20x20,MOR,20,1649.5
tsn2,tai20_20_08,20x20,MOR,21,1650.5
tsn2,tai20_20_08,20x20,MOR,22,1666.5
tsn2,tai20_20_08,20x20,MOR,23,1656.5
tsn2,tai20_20_08,20x20,MOR,24,1665.5
tsn2,tai20_20_08,20x20,MOR,25,1649.5
tsn2,tai20_20_08,20x20,MOR,26,1649.0
tsn2,tai20_20_08,20x20,MOR,27,1659.5
tsn2,tai20_20_08,20x20,MOR,28,1646.5
tsn2,tai20_20_08,20x20,MOR,29,1674.5
tsn2,tai20_20_08,20x20,MOR,30,1646.5
tsn2,tai20_20_08,20x20,GT,1,1689.0
tsn2,tai20_20_08,20x20,GT,2,1679.0
tsn2,tai20_20_08,20x20,GT,3,1672.0
tsn2,tai20_20_08,20x20,GT,4,1676.5
tsn2,tai20_20_08,20x20,GT,5,1672.5
tsn2,tai20_20_08,20x20,GT,6,1672.5
tsn2,tai20_20_08,20x20,GT,7,1676.5
tsn2,tai20_20_08,20x20,GT,8,1678.5
tsn2,tai20_20_08,20x20,GT,9,1681.0
tsn2,tai20_20_08,20x20,GT,10,1675.0
tsn2,tai20_20_08,20x20,GT,11,1674.0
tsn2,tai20_20_08,20x20,GT,12,1672.5
tsn2,tai20_20_08,20x20,GT,13,1676.5
tsn2,tai20_20_08,20x20,GT,14,1672.5
tsn2,tai20_20_08,20x20,GT,15,1677.5
tsn2,tai20_20_08,20x20,GT,16,1668.5
tsn2,tai20_20_08,20x20,GT,17,1672.5
tsn2,tai20_20_08,20x20,GT,18,1672.5
tsn2,tai20_20_08,20x20,GT,19,1680.5
tsn2,tai20_20_08,20x20,GT,20,1676.0
tsn2,tai20_20_08,20x20,GT,21,1682.0
tsn2,tai20_20_08,20x20,GT,22,1676.0
tsn2,tai20_20_08,20x20,GT,23,1681.0
tsn2,tai20_20_08,20x20,GT,24,1674.0
tsn2,tai20_20_08,20x20,GT,25,1668.5
tsn2,tai20_20_08,20x20,GT,26,1672.5
tsn2,tai20_20_08,20x20,GT,27,1670.5
tsn2,tai20_20_08,20x20,GT,28,1688.5
tsn2,tai20_20_08,20x20,GT,29,1685.5
tsn2,tai20_20_08,20x20,GT,30,1681.0
tsn2,tai20_20_08,20x20,GP,1,1671.0
tsn2,tai20_20_08,20x20,GP,2,1666.5
tsn2,tai20_20_08,20x20,GP,3,1671.5
tsn2,tai20_20_08,20x20,GP,4,1669.5
tsn2,tai20_20_08,20x20,GP,5,1675.5
tsn2,tai20_20_08,20x20,GP,6,1670.5
tsn2,tai20_20_08,20x20,GP,7,1661.5
tsn2,tai20_20_08,20x20,GP,8,1660.5
tsn2,tai20_20_08,20x20,GP,9,1663.5
tsn2,tai20_20_08,20x20,GP,10,1676.0
tsn2,tai20_20_08,20x20,GP,11,1664.0
tsn2,tai20_20_08,20x20,GP,12,1660.5
tsn2,tai20_20_08,20x20,GP,13,1659.0
tsn2,tai20_20_08,20x20,GP,14,1665.5
tsn2,tai20_20_08,20x20,GP,15,1660.0
tsn2,tai20_20_08,20x20,GP,16,1663.5
tsn2,tai20_20_08,20x20,GP,17,1664.0
tsn2,tai20_20_08,20x20,GP,18,1664.0
tsn2,tai20_20_08,20x20,GP,19,1661.5
tsn2,tai20_20_08,20x20,GP,20,1670.0
tsn2,tai20_20_08,20x20,GP,21,1660.5
tsn2,tai20_20_08,20x20,GP,22,1666.5
tsn2,tai20_20_08,20x20,GP,23,1666.0
tsn2,tai20_20_08,20x20,GP,24,1665.0
tsn2,tai20_20_08,20x20,GP,25,1665.5
tsn2,tai20_20_08,20x20,GP,26,1667.0
tsn2,tai20_20_08,20x20,GP,27,1666.0
tsn2,tai20_20_08,20x20,GP,28,1685.0
tsn2,tai20_20_08,20x20,GP,29,1678.0
tsn2,tai20_20_08,20x20,GP,30,1664.0
tsn2,tai20_20_08,20x20,MIX,1,1668.5
tsn2,tai20_20_08,20x20,MIX,2,1652.0
tsn2,tai20_20_08,20x20,MIX,3,1657.5
tsn2,tai20_20_08,20x20,MIX,4,1650.5
tsn2,tai20_20_08,20x20,MIX,5,1674.0
tsn2,tai20_20_08,20x20,MIX,6,1638.0
tsn2,tai20_20_08,20x20,MIX,7,1663.5
tsn2,tai20_20_08,20x20,MIX,8,1661.5
tsn2,tai20_20_08,20x20,MIX,9,1665.5
tsn2,tai20_20_08,20x20,MIX,10,1662.5
tsn2,tai20_20_08,20x20,MIX,11,1663.0
tsn2,tai20_20_08,20x20,MIX,12,1639.0
tsn2,tai20_20_08,20x20,MIX,13,1640.0
tsn2,tai20_20_08,20x20,MIX,14,1656.5
tsn2,tai20_20_08,20x20,MIX,15,1657.5
tsn2,tai20_20_08,20x20,MIX,16,1654.0
tsn2,tai20_20_08,20x20,MIX,17,1666.0
tsn2,tai20_20_08,20x20,MIX,18,1651.5
tsn2,tai20_20_08,20x20,MIX,19,1663.5
tsn2,tai20_20_08,20x20,MIX,20,1668.5
tsn2,tai20_20_08,20x20,MIX,21,1646.0
tsn2,tai20_20_08,20x20,MIX,22,1651.5
tsn2,tai20_20_08,20x20,MIX,23,1656.5
tsn2,tai20_20_08,20x20,MIX,24,1658.5
tsn2,tai20_20_08,20x20,MIX,25,1656.5
tsn2,tai20_20_08,20x20,MIX,26,1652.5
tsn2,tai20_20_08,20x20,MIX,27,1672.5
tsn2,tai20_20_08,20x20,MIX,28,1639.5
tsn2,tai20_20_08,20x20,MIX,29,1664.5
tsn2,tai20_20_08,20x20,MIX,30,1669.0
tsn2,tai20_20_08,20x20,MIXH,1,1663.5
tsn2,tai20_20_08,20x20,MIXH,2,1654.0
tsn2,tai20_20_08,20x20,MIXH,3,1638.5
tsn2,tai20_20_08,20x20,MIXH,4,1650.0
tsn2,tai20_20_08,20x20,MIXH,5,1668.5
tsn2,tai20_20_08,20x20,MIXH,6,1646.0
tsn2,tai20_20_08,20x20,MIXH,7,1651.5
tsn2,tai20_20_08,20x20,MIXH,8,1638.5
tsn2,tai20_20_08,20x20,MIXH,9,1661.5
tsn2,tai20_20_08,20x20,MIXH,10,1664.0
tsn2,tai20_20_08,20x20,MIXH,11,1648.0
tsn2,tai20_20_08,20x20,MIXH,12,1663.0
tsn2,tai20_20_08,20x20,MIXH,13,1652.0
tsn2,tai20_20_08,20x20,MIXH,14,1669.0
tsn2,tai20_20_08,20x20,MIXH,15,1655.5
tsn2,tai20_20_08,20x20,MIXH,16,1666.0
tsn2,tai20_20_08,20x20,MIXH,17,1681.5
tsn2,tai20_20_08,20x20,MIXH,18,1659.5
tsn2,tai20_20_08,20x20,MIXH,19,1660.5
tsn2,tai20_20_08,20x20,MIXH,20,1661.0
tsn2,tai20_20_08,20x20,MIXH,21,1650.5
tsn2,tai20_20_08,20x20,MIXH,22,1654.5
tsn2,tai20_20_08,20x20,MIXH,23,1668.5
tsn2,tai20_20_08,20x20,MIXH,24,1652.5
tsn2,tai20_20_08,20x20,MIXH,25,1674.5
tsn2,tai20_20_08,20x20,MIXH,26,1656.0
tsn2,tai20_20_08,20x20,MIXH,27,1638.5
tsn2,tai20_20_08,20x20,MIXH,28,1686.0
tsn2,tai20_20_08,20x20,MIXH,29,1653.5
tsn2,tai20_20_08,20x20,MIXH,30,1664.5
tsn2,tai20_20_09,20x20,A0,1,1649.5
tsn2,tai20_20_09,20x20,A0,2,1660.5
tsn2,tai20_20_09,20x20,A0,3,1647.5
tsn2,tai20_20_09,20x20,A0,4,1652.0
tsn2,tai20_20_09,20x20,A0,5,1665.0
tsn2,tai20_20_09,20x20,A0,6,1663.5
tsn2,tai20_20_09,20x20,A0,7,1672.0
tsn2,tai20_20_09,20x20,A0,8,1652.0
tsn2,tai20_20_09,20x20,A0,9,1652.5
tsn2,tai20_20_09,20x20,A0,10,1659.5
tsn2,tai20_20_09,20x20,A0,11,1665.5
tsn2,tai20_20_09,20x20,A0,12,1663.0
tsn2,tai20_20_09,20x20,A0,13,1658.0
tsn2,tai20_20_09,20x20,A0,14,1658.0
tsn2,tai20_20_09,20x20,A0,15,1659.0
tsn2,tai20_20_09,20x20,A0,16,1654.5
tsn2,tai20_20_09,20x20,A0,17,1657.5
tsn2,tai20_20_09,20x20,A0,18,1667.0
tsn2,tai20_20_09,20x20,A0,19,1664.0
tsn2,tai20_20_09,20x20,A0,20,1660.5
tsn2,tai20_20_09,20x20,A0,21,1670.0
tsn2,tai20_20_09,20x20,A0,22,1657.0
tsn2,tai20_20_09,20x20,A0,23,1656.5
tsn2,tai20_20_09,20x20,A0,24,1670.0
tsn2,tai20_20_09,20x20,A0,25,1661.0
tsn2,tai20_20_09,20x20,A0,26,1670.0
tsn2,tai20_20_09,20x20,A0,27,1649.5
tsn2,tai20_20_09,20x20,A0,28,1673.0
tsn2,tai20_20_09,20x20,A0,29,1652.0
tsn2,tai20_20_09,20x20,A0,30,1652.0
tsn2,tai20_20_09,20x20,V2H,1,1653.5
tsn2,tai20_20_09,20x20,V2H,2,1654.0
tsn2,tai20_20_09,20x20,V2H,3,1648.0
tsn2,tai20_20_09,20x20,V2H,4,1660.0
tsn2,tai20_20_09,20x20,V2H,5,1654.5
tsn2,tai20_20_09,20x20,V2H,6,1653.5
tsn2,tai20_20_09,20x20,V2H,7,1653.5
tsn2,tai20_20_09,20x20,V2H,8,1653.0
tsn2,tai20_20_09,20x20,V2H,9,1664.5
tsn2,tai20_20_09,20x20,V2H,10,1663.0
tsn2,tai20_20_09,20x20,V2H,11,1647.0
tsn2,tai20_20_09,20x20,V2H,12,1654.5
tsn2,tai20_20_09,20x20,V2H,13,1658.0
tsn2,tai20_20_09,20x20,V2H,14,1652.0
tsn2,tai20_20_09,20x20,V2H,15,1654.0
tsn2,tai20_20_09,20x20,V2H,16,1659.0
tsn2,tai20_20_09,20x20,V2H,17,1653.0
tsn2,tai20_20_09,20x20,V2H,18,1652.0
tsn2,tai20_20_09,20x20,V2H,19,1658.0
tsn2,tai20_20_09,20x20,V2H,20,1657.5
tsn2,tai20_20_09,20x20,V2H,21,1656.0
tsn2,tai20_20_09,20x20,V2H,22,1661.0
tsn2,tai20_20_09,20x20,V2H,23,1661.0
tsn2,tai20_20_09,20x20,V2H,24,1651.5
tsn2,tai20_20_09,20x20,V2H,25,1644.5
tsn2,tai20_20_09,20x20,V2H,26,1647.5
tsn2,tai20_20_09,20x20,V2H,27,1651.0
tsn2,tai20_20_09,20x20,V2H,28,1658.5
tsn2,tai20_20_09,20x20,V2H,29,1653.5
tsn2,tai20_20_09,20x20,V2H,30,1654.0
tsn2,tai20_20_09,20x20,V2,1,1663.0
tsn2,tai20_20_09,20x20,V2,2,1653.0
tsn2,tai20_20_09,20x20,V2,3,1647.5
tsn2,tai20_20_09,20x20,V2,4,1653.5
tsn2,tai20_20_09,20x20,V2,5,1654.5
tsn2,tai20_20_09,20x20,V2,6,1656.0
tsn2,tai20_20_09,20x20,V2,7,1656.0
tsn2,tai20_20_09,20x20,V2,8,1662.0
tsn2,tai20_20_09,20x20,V2,9,1651.0
tsn2,tai20_20_09,20x20,V2,10,1652.0
tsn2,tai20_20_09,20x20,V2,11,1651.0
tsn2,tai20_20_09,20x20,V2,12,1653.0
tsn2,tai20_20_09,20x20,V2,13,1654.0
tsn2,tai20_20_09,20x20,V2,14,1653.5
tsn2,tai20_20_09,20x20,V2,15,1647.5
tsn2,tai20_20_09,20x20,V2,16,1654.5
tsn2,tai20_20_09,20x20,V2,17,1653.0
tsn2,tai20_20_09,20x20,V2,18,1657.0
tsn2,tai20_20_09,20x20,V2,19,1656.0
tsn2,tai20_20_09,20x20,V2,20,1648.0
tsn2,tai20_20_09,20x20,V2,21,1653.5
tsn2,tai20_20_09,20x20,V2,22,1644.5
tsn2,tai20_20_09,20x20,V2,23,1653.5
tsn2,tai20_20_09,20x20,V2,24,1648.0
tsn2,tai20_20_09,20x20,V2,25,1652.5
tsn2,tai20_20_09,20x20,V2,26,1653.0
tsn2,tai20_20_09,20x20,V2,27,1652.0
tsn2,tai20_20_09,20x20,V2,28,1648.5
tsn2,tai20_20_09,20x20,V2,29,1654.0
tsn2,tai20_20_09,20x20,V2,30,1652.5
tsn2,tai20_20_09,20x20,MOR,1,1647.5
tsn2,tai20_20_09,20x20,MOR,2,1661.0
tsn2,tai20_20_09,20x20,MOR,3,1665.0
tsn2,tai20_20_09,20x20,MOR,4,1658.0
tsn2,tai20_20_09,20x20,MOR,5,1669.0
tsn2,tai20_20_09,20x20,MOR,6,1656.5
tsn2,tai20_20_09,20x20,MOR,7,1663.0
tsn2,tai20_20_09,20x20,MOR,8,1662.5
tsn2,tai20_20_09,20x20,MOR,9,1666.0
tsn2,tai20_20_09,20x20,MOR,10,1669.5
tsn2,tai20_20_09,20x20,MOR,11,1658.0
tsn2,tai20_20_09,20x20,MOR,12,1659.5
tsn2,tai20_20_09,20x20,MOR,13,1659.0
tsn2,tai20_20_09,20x20,MOR,14,1656.5
tsn2,tai20_20_09,20x20,MOR,15,1667.5
tsn2,tai20_20_09,20x20,MOR,16,1661.0
tsn2,tai20_20_09,20x20,MOR,17,1658.0
tsn2,tai20_20_09,20x20,MOR,18,1656.5
tsn2,tai20_20_09,20x20,MOR,19,1658.0
tsn2,tai20_20_09,20x20,MOR,20,1656.5
tsn2,tai20_20_09,20x20,MOR,21,1657.5
tsn2,tai20_20_09,20x20,MOR,22,1658.0
tsn2,tai20_20_09,20x20,MOR,23,1658.0
tsn2,tai20_20_09,20x20,MOR,24,1658.0
tsn2,tai20_20_09,20x20,MOR,25,1658.0
tsn2,tai20_20_09,20x20,MOR,26,1659.5
tsn2,tai20_20_09,20x20,MOR,27,1654.5
tsn2,tai20_20_09,20x20,MOR,28,1658.5
tsn2,tai20_20_09,20x20,MOR,29,1662.5
tsn2,tai20_20_09,20x20,MOR,30,1664.5
tsn2,tai20_20_09,20x20,GT,1,1680.0
tsn2,tai20_20_09,20x20,GT,2,1672.5
tsn2,tai20_20_09,20x20,GT,3,1669.0
tsn2,tai20_20_09,20x20,GT,4,1671.5
tsn2,tai20_20_09,20x20,GT,5,1671.5
tsn2,tai20_20_09,20x20,GT,6,1672.5
tsn2,tai20_20_09,20x20,GT,7,1669.0
tsn2,tai20_20_09,20x20,GT,8,1663.5
tsn2,tai20_20_09,20x20,GT,9,1657.5
tsn2,tai20_20_09,20x20,GT,10,1657.5
tsn2,tai20_20_09,20x20,GT,11,1669.0
tsn2,tai20_20_09,20x20,GT,12,1672.5
tsn2,tai20_20_09,20x20,GT,13,1659.5
tsn2,tai20_20_09,20x20,GT,14,1669.0
tsn2,tai20_20_09,20x20,GT,15,1666.5
tsn2,tai20_20_09,20x20,GT,16,1669.0
tsn2,tai20_20_09,20x20,GT,17,1672.5
tsn2,tai20_20_09,20x20,GT,18,1659.5
tsn2,tai20_20_09,20x20,GT,19,1657.5
tsn2,tai20_20_09,20x20,GT,20,1669.0
tsn2,tai20_20_09,20x20,GT,21,1659.5
tsn2,tai20_20_09,20x20,GT,22,1663.5
tsn2,tai20_20_09,20x20,GT,23,1657.5
tsn2,tai20_20_09,20x20,GT,24,1669.0
tsn2,tai20_20_09,20x20,GT,25,1654.0
tsn2,tai20_20_09,20x20,GT,26,1656.5
tsn2,tai20_20_09,20x20,GT,27,1669.5
tsn2,tai20_20_09,20x20,GT,28,1653.0
tsn2,tai20_20_09,20x20,GT,29,1657.5
tsn2,tai20_20_09,20x20,GT,30,1663.0
tsn2,tai20_20_09,20x20,GP,1,1660.0
tsn2,tai20_20_09,20x20,GP,2,1642.0
tsn2,tai20_20_09,20x20,GP,3,1642.5
tsn2,tai20_20_09,20x20,GP,4,1642.5
tsn2,tai20_20_09,20x20,GP,5,1661.0
tsn2,tai20_20_09,20x20,GP,6,1651.0
tsn2,tai20_20_09,20x20,GP,7,1645.5
tsn2,tai20_20_09,20x20,GP,8,1657.5
tsn2,tai20_20_09,20x20,GP,9,1645.0
tsn2,tai20_20_09,20x20,GP,10,1669.5
tsn2,tai20_20_09,20x20,GP,11,1648.5
tsn2,tai20_20_09,20x20,GP,12,1651.0
tsn2,tai20_20_09,20x20,GP,13,1663.0
tsn2,tai20_20_09,20x20,GP,14,1651.0
tsn2,tai20_20_09,20x20,GP,15,1654.0
tsn2,tai20_20_09,20x20,GP,16,1656.0
tsn2,tai20_20_09,20x20,GP,17,1657.5
tsn2,tai20_20_09,20x20,GP,18,1661.0
tsn2,tai20_20_09,20x20,GP,19,1674.0
tsn2,tai20_20_09,20x20,GP,20,1658.5
tsn2,tai20_20_09,20x20,GP,21,1660.0
tsn2,tai20_20_09,20x20,GP,22,1645.5
tsn2,tai20_20_09,20x20,GP,23,1652.5
tsn2,tai20_20_09,20x20,GP,24,1659.5
tsn2,tai20_20_09,20x20,GP,25,1647.5
tsn2,tai20_20_09,20x20,GP,26,1645.5
tsn2,tai20_20_09,20x20,GP,27,1654.0
tsn2,tai20_20_09,20x20,GP,28,1666.0
tsn2,tai20_20_09,20x20,GP,29,1658.0
tsn2,tai20_20_09,20x20,GP,30,1660.0
tsn2,tai20_20_09,20x20,MIX,1,1662.0
tsn2,tai20_20_09,20x20,MIX,2,1656.5
tsn2,tai20_20_09,20x20,MIX,3,1648.0
tsn2,tai20_20_09,20x20,MIX,4,1662.0
tsn2,tai20_20_09,20x20,MIX,5,1645.5
tsn2,tai20_20_09,20x20,MIX,6,1647.5
tsn2,tai20_20_09,20x20,MIX,7,1658.5
tsn2,tai20_20_09,20x20,MIX,8,1652.0
tsn2,tai20_20_09,20x20,MIX,9,1647.5
tsn2,tai20_20_09,20x20,MIX,10,1656.5
tsn2,tai20_20_09,20x20,MIX,11,1647.5
tsn2,tai20_20_09,20x20,MIX,12,1647.5
tsn2,tai20_20_09,20x20,MIX,13,1652.0
tsn2,tai20_20_09,20x20,MIX,14,1657.0
tsn2,tai20_20_09,20x20,MIX,15,1657.5
tsn2,tai20_20_09,20x20,MIX,16,1652.0
tsn2,tai20_20_09,20x20,MIX,17,1647.5
tsn2,tai20_20_09,20x20,MIX,18,1647.5
tsn2,tai20_20_09,20x20,MIX,19,1657.0
tsn2,tai20_20_09,20x20,MIX,20,1656.5
tsn2,tai20_20_09,20x20,MIX,21,1647.5
tsn2,tai20_20_09,20x20,MIX,22,1652.0
tsn2,tai20_20_09,20x20,MIX,23,1656.5
tsn2,tai20_20_09,20x20,MIX,24,1652.0
tsn2,tai20_20_09,20x20,MIX,25,1652.0
tsn2,tai20_20_09,20x20,MIX,26,1650.0
tsn2,tai20_20_09,20x20,MIX,27,1647.5
tsn2,tai20_20_09,20x20,MIX,28,1657.5
tsn2,tai20_20_09,20x20,MIX,29,1647.5
tsn2,tai20_20_09,20x20,MIX,30,1656.0
tsn2,tai20_20_09,20x20,MIXH,1,1642.0
tsn2,tai20_20_09,20x20,MIXH,2,1660.0
tsn2,tai20_20_09,20x20,MIXH,3,1667.5
tsn2,tai20_20_09,20x20,MIXH,4,1652.0
tsn2,tai20_20_09,20x20,MIXH,5,1659.5
tsn2,tai20_20_09,20x20,MIXH,6,1652.0
tsn2,tai20_20_09,20x20,MIXH,7,1672.0
tsn2,tai20_20_09,20x20,MIXH,8,1652.5
tsn2,tai20_20_09,20x20,MIXH,9,1657.5
tsn2,tai20_20_09,20x20,MIXH,10,1647.5
tsn2,tai20_20_09,20x20,MIXH,11,1660.5
tsn2,tai20_20_09,20x20,MIXH,12,1644.5
tsn2,tai20_20_09,20x20,MIXH,13,1659.5
tsn2,tai20_20_09,20x20,MIXH,14,1651.0
tsn2,tai20_20_09,20x20,MIXH,15,1641.5
tsn2,tai20_20_09,20x20,MIXH,16,1653.5
tsn2,tai20_20_09,20x20,MIXH,17,1669.5
tsn2,tai20_20_09,20x20,MIXH,18,1651.0
tsn2,tai20_20_09,20x20,MIXH,19,1652.0
tsn2,tai20_20_09,20x20,MIXH,20,1662.0
tsn2,tai20_20_09,20x20,MIXH,21,1654.0
tsn2,tai20_20_09,20x20,MIXH,22,1647.5
tsn2,tai20_20_09,20x20,MIXH,23,1652.0
tsn2,tai20_20_09,20x20,MIXH,24,1659.5
tsn2,tai20_20_09,20x20,MIXH,25,1657.5
tsn2,tai20_20_09,20x20,MIXH,26,1663.5
tsn2,tai20_20_09,20x20,MIXH,27,1657.0
tsn2,tai20_20_09,20x20,MIXH,28,1657.0
tsn2,tai20_20_09,20x20,MIXH,29,1657.0
tsn2,tai20_20_09,20x20,MIXH,30,1665.5
tsn2,tai20_20_10,20x20,A0,1,1631.5
tsn2,tai20_20_10,20x20,A0,2,1626.5
tsn2,tai20_20_10,20x20,A0,3,1628.0
tsn2,tai20_20_10,20x20,A0,4,1624.5
tsn2,tai20_20_10,20x20,A0,5,1634.5
tsn2,tai20_20_10,20x20,A0,6,1637.5
tsn2,tai20_20_10,20x20,A0,7,1635.5
tsn2,tai20_20_10,20x20,A0,8,1627.5
tsn2,tai20_20_10,20x20,A0,9,1630.5
tsn2,tai20_20_10,20x20,A0,10,1644.0
tsn2,tai20_20_10,20x20,A0,11,1624.5
tsn2,tai20_20_10,20x20,A0,12,1644.5
tsn2,tai20_20_10,20x20,A0,13,1627.0
tsn2,tai20_20_10,20x20,A0,14,1638.0
tsn2,tai20_20_10,20x20,A0,15,1624.0
tsn2,tai20_20_10,20x20,A0,16,1661.0
tsn2,tai20_20_10,20x20,A0,17,1615.5
tsn2,tai20_20_10,20x20,A0,18,1632.5
tsn2,tai20_20_10,20x20,A0,19,1628.0
tsn2,tai20_20_10,20x20,A0,20,1619.5
tsn2,tai20_20_10,20x20,A0,21,1653.5
tsn2,tai20_20_10,20x20,A0,22,1637.0
tsn2,tai20_20_10,20x20,A0,23,1650.0
tsn2,tai20_20_10,20x20,A0,24,1625.0
tsn2,tai20_20_10,20x20,A0,25,1619.5
tsn2,tai20_20_10,20x20,A0,26,1639.0
tsn2,tai20_20_10,20x20,A0,27,1636.0
tsn2,tai20_20_10,20x20,A0,28,1619.5
tsn2,tai20_20_10,20x20,A0,29,1636.0
tsn2,tai20_20_10,20x20,A0,30,1624.5
tsn2,tai20_20_10,20x20,V2H,1,1659.5
tsn2,tai20_20_10,20x20,V2H,2,1667.5
tsn2,tai20_20_10,20x20,V2H,3,1646.5
tsn2,tai20_20_10,20x20,V2H,4,1630.0
tsn2,tai20_20_10,20x20,V2H,5,1639.5
tsn2,tai20_20_10,20x20,V2H,6,1616.0
tsn2,tai20_20_10,20x20,V2H,7,1650.0
tsn2,tai20_20_10,20x20,V2H,8,1632.0
tsn2,tai20_20_10,20x20,V2H,9,1636.5
tsn2,tai20_20_10,20x20,V2H,10,1639.0
tsn2,tai20_20_10,20x20,V2H,11,1643.0
tsn2,tai20_20_10,20x20,V2H,12,1671.5
tsn2,tai20_20_10,20x20,V2H,13,1629.0
tsn2,tai20_20_10,20x20,V2H,14,1640.5
tsn2,tai20_20_10,20x20,V2H,15,1639.0
tsn2,tai20_20_10,20x20,V2H,16,1630.5
tsn2,tai20_20_10,20x20,V2H,17,1648.5
tsn2,tai20_20_10,20x20,V2H,18,1653.5
tsn2,tai20_20_10,20x20,V2H,19,1639.0
tsn2,tai20_20_10,20x20,V2H,20,1655.0
tsn2,tai20_20_10,20x20,V2H,21,1641.5
tsn2,tai20_20_10,20x20,V2H,22,1670.5
tsn2,tai20_20_10,20x20,V2H,23,1655.5
tsn2,tai20_20_10,20x20,V2H,24,1617.5
tsn2,tai20_20_10,20x20,V2H,25,1619.5
tsn2,tai20_20_10,20x20,V2H,26,1640.0
tsn2,tai20_20_10,20x20,V2H,27,1640.0
tsn2,tai20_20_10,20x20,V2H,28,1629.0
tsn2,tai20_20_10,20x20,V2H,29,1652.0
tsn2,tai20_20_10,20x20,V2H,30,1636.5
tsn2,tai20_20_10,20x20,V2,1,1639.0
tsn2,tai20_20_10,20x20,V2,2,1620.5
tsn2,tai20_20_10,20x20,V2,3,1631.0
tsn2,tai20_20_10,20x20,V2,4,1642.5
tsn2,tai20_20_10,20x20,V2,5,1616.5
tsn2,tai20_20_10,20x20,V2,6,1639.0
tsn2,tai20_20_10,20x20,V2,7,1632.0
tsn2,tai20_20_10,20x20,V2,8,1664.5
tsn2,tai20_20_10,20x20,V2,9,1634.5
tsn2,tai20_20_10,20x20,V2,10,1632.0
tsn2,tai20_20_10,20x20,V2,11,1623.0
tsn2,tai20_20_10,20x20,V2,12,1638.5
tsn2,tai20_20_10,20x20,V2,13,1638.5
tsn2,tai20_20_10,20x20,V2,14,1635.0
tsn2,tai20_20_10,20x20,V2,15,1627.5
tsn2,tai20_20_10,20x20,V2,16,1621.5
tsn2,tai20_20_10,20x20,V2,17,1626.0
tsn2,tai20_20_10,20x20,V2,18,1635.5
tsn2,tai20_20_10,20x20,V2,19,1649.0
tsn2,tai20_20_10,20x20,V2,20,1650.5
tsn2,tai20_20_10,20x20,V2,21,1642.0
tsn2,tai20_20_10,20x20,V2,22,1616.5
tsn2,tai20_20_10,20x20,V2,23,1632.5
tsn2,tai20_20_10,20x20,V2,24,1653.5
tsn2,tai20_20_10,20x20,V2,25,1658.0
tsn2,tai20_20_10,20x20,V2,26,1633.0
tsn2,tai20_20_10,20x20,V2,27,1629.0
tsn2,tai20_20_10,20x20,V2,28,1666.0
tsn2,tai20_20_10,20x20,V2,29,1639.0
tsn2,tai20_20_10,20x20,V2,30,1648.0
tsn2,tai20_20_10,20x20,MOR,1,1666.0
tsn2,tai20_20_10,20x20,MOR,2,1640.0
tsn2,tai20_20_10,20x20,MOR,3,1635.5
tsn2,tai20_20_10,20x20,MOR,4,1647.5
tsn2,tai20_20_10,20x20,MOR,5,1637.5
tsn2,tai20_20_10,20x20,MOR,6,1642.0
tsn2,tai20_20_10,20x20,MOR,7,1635.5
tsn2,tai20_20_10,20x20,MOR,8,1649.5
tsn2,tai20_20_10,20x20,MOR,9,1629.5
tsn2,tai20_20_10,20x20,MOR,10,1640.5
tsn2,tai20_20_10,20x20,MOR,11,1655.5
tsn2,tai20_20_10,20x20,MOR,12,1663.5
tsn2,tai20_20_10,20x20,MOR,13,1671.5
tsn2,tai20_20_10,20x20,MOR,14,1665.5
tsn2,tai20_20_10,20x20,MOR,15,1644.5
tsn2,tai20_20_10,20x20,MOR,16,1641.0
tsn2,tai20_20_10,20x20,MOR,17,1639.5
tsn2,tai20_20_10,20x20,MOR,18,1667.0
tsn2,tai20_20_10,20x20,MOR,19,1644.5
tsn2,tai20_20_10,20x20,MOR,20,1641.0
tsn2,tai20_20_10,20x20,MOR,21,1653.5
tsn2,tai20_20_10,20x20,MOR,22,1646.0
tsn2,tai20_20_10,20x20,MOR,23,1641.5
tsn2,tai20_20_10,20x20,MOR,24,1647.5
tsn2,tai20_20_10,20x20,MOR,25,1640.5
tsn2,tai20_20_10,20x20,MOR,26,1655.0
tsn2,tai20_20_10,20x20,MOR,27,1640.0
tsn2,tai20_20_10,20x20,MOR,28,1682.5
tsn2,tai20_20_10,20x20,MOR,29,1649.0
tsn2,tai20_20_10,20x20,MOR,30,1666.0
tsn2,tai20_20_10,20x20,GT,1,1633.5
tsn2,tai20_20_10,20x20,GT,2,1656.5
tsn2,tai20_20_10,20x20,GT,3,1631.0
tsn2,tai20_20_10,20x20,GT,4,1661.5
tsn2,tai20_20_10,20x20,GT,5,1653.0
tsn2,tai20_20_10,20x20,GT,6,1638.5
tsn2,tai20_20_10,20x20,GT,7,1651.0
tsn2,tai20_20_10,20x20,GT,8,1624.5
tsn2,tai20_20_10,20x20,GT,9,1648.5
tsn2,tai20_20_10,20x20,GT,10,1642.0
tsn2,tai20_20_10,20x20,GT,11,1639.0
tsn2,tai20_20_10,20x20,GT,12,1644.0
tsn2,tai20_20_10,20x20,GT,13,1644.0
tsn2,tai20_20_10,20x20,GT,14,1647.5
tsn2,tai20_20_10,20x20,GT,15,1629.5
tsn2,tai20_20_10,20x20,GT,16,1619.0
tsn2,tai20_20_10,20x20,GT,17,1656.5
tsn2,tai20_20_10,20x20,GT,18,1638.5
tsn2,tai20_20_10,20x20,GT,19,1635.5
tsn2,tai20_20_10,20x20,GT,20,1662.0
tsn2,tai20_20_10,20x20,GT,21,1636.5
tsn2,tai20_20_10,20x20,GT,22,1639.5
tsn2,tai20_20_10,20x20,GT,23,1637.0
tsn2,tai20_20_10,20x20,GT,24,1642.5
tsn2,tai20_20_10,20x20,GT,25,1640.5
tsn2,tai20_20_10,20x20,GT,26,1633.5
tsn2,tai20_20_10,20x20,GT,27,1645.0
tsn2,tai20_20_10,20x20,GT,28,1637.0
tsn2,tai20_20_10,20x20,GT,29,1636.5
tsn2,tai20_20_10,20x20,GT,30,1651.5
tsn2,tai20_20_10,20x20,GP,1,1637.0
tsn2,tai20_20_10,20x20,GP,2,1646.0
tsn2,tai20_20_10,20x20,GP,3,1654.5
tsn2,tai20_20_10,20x20,GP,4,1628.5
tsn2,tai20_20_10,20x20,GP,5,1636.5
tsn2,tai20_20_10,20x20,GP,6,1638.0
tsn2,tai20_20_10,20x20,GP,7,1626.5
tsn2,tai20_20_10,20x20,GP,8,1635.0
tsn2,tai20_20_10,20x20,GP,9,1637.0
tsn2,tai20_20_10,20x20,GP,10,1636.0
tsn2,tai20_20_10,20x20,GP,11,1637.0
tsn2,tai20_20_10,20x20,GP,12,1640.5
tsn2,tai20_20_10,20x20,GP,13,1633.5
tsn2,tai20_20_10,20x20,GP,14,1625.0
tsn2,tai20_20_10,20x20,GP,15,1651.0
tsn2,tai20_20_10,20x20,GP,16,1624.5
tsn2,tai20_20_10,20x20,GP,17,1625.0
tsn2,tai20_20_10,20x20,GP,18,1656.0
tsn2,tai20_20_10,20x20,GP,19,1645.0
tsn2,tai20_20_10,20x20,GP,20,1620.5
tsn2,tai20_20_10,20x20,GP,21,1632.5
tsn2,tai20_20_10,20x20,GP,22,1625.0
tsn2,tai20_20_10,20x20,GP,23,1651.0
tsn2,tai20_20_10,20x20,GP,24,1629.0
tsn2,tai20_20_10,20x20,GP,25,1622.0
tsn2,tai20_20_10,20x20,GP,26,1628.5
tsn2,tai20_20_10,20x20,GP,27,1632.0
tsn2,tai20_20_10,20x20,GP,28,1655.0
tsn2,tai20_20_10,20x20,GP,29,1655.5
tsn2,tai20_20_10,20x20,GP,30,1629.5
tsn2,tai20_20_10,20x20,MIX,1,1637.0
tsn2,tai20_20_10,20x20,MIX,2,1628.5
tsn2,tai20_20_10,20x20,MIX,3,1639.0
tsn2,tai20_20_10,20x20,MIX,4,1636.5
tsn2,tai20_20_10,20x20,MIX,5,1631.5
tsn2,tai20_20_10,20x20,MIX,6,1625.0
tsn2,tai20_20_10,20x20,MIX,7,1660.5
tsn2,tai20_20_10,20x20,MIX,8,1649.0
tsn2,tai20_20_10,20x20,MIX,9,1634.0
tsn2,tai20_20_10,20x20,MIX,10,1628.5
tsn2,tai20_20_10,20x20,MIX,11,1627.5
tsn2,tai20_20_10,20x20,MIX,12,1653.0
tsn2,tai20_20_10,20x20,MIX,13,1632.5
tsn2,tai20_20_10,20x20,MIX,14,1630.5
tsn2,tai20_20_10,20x20,MIX,15,1654.0
tsn2,tai20_20_10,20x20,MIX,16,1670.0
tsn2,tai20_20_10,20x20,MIX,17,1632.5
tsn2,tai20_20_10,20x20,MIX,18,1625.0
tsn2,tai20_20_10,20x20,MIX,19,1639.5
tsn2,tai20_20_10,20x20,MIX,20,1637.5
tsn2,tai20_20_10,20x20,MIX,21,1633.0
tsn2,tai20_20_10,20x20,MIX,22,1625.0
tsn2,tai20_20_10,20x20,MIX,23,1640.0
tsn2,tai20_20_10,20x20,MIX,24,1628.0
tsn2,tai20_20_10,20x20,MIX,25,1625.0
tsn2,tai20_20_10,20x20,MIX,26,1629.5
tsn2,tai20_20_10,20x20,MIX,27,1621.5
tsn2,tai20_20_10,20x20,MIX,28,1643.5
tsn2,tai20_20_10,20x20,MIX,29,1633.5
tsn2,tai20_20_10,20x20,MIX,30,1633.5
tsn2,tai20_20_10,20x20,MIXH,1,1634.0
tsn2,tai20_20_10,20x20,MIXH,2,1638.5
tsn2,tai20_20_10,20x20,MIXH,3,1624.5
tsn2,tai20_20_10,20x20,MIXH,4,1657.5
tsn2,tai20_20_10,20x20,MIXH,5,1626.5
tsn2,tai20_20_10,20x20,MIXH,6,1662.5
tsn2,tai20_20_10,20x20,MIXH,7,1638.0
tsn2,tai20_20_10,20x20,MIXH,8,1652.5
tsn2,tai20_20_10,20x20,MIXH,9,1643.5
tsn2,tai20_20_10,20x20,MIXH,10,1650.5
tsn2,tai20_20_10,20x20,MIXH,11,1631.5
tsn2,tai20_20_10,20x20,MIXH,12,1653.5
tsn2,tai20_20_10,20x20,MIXH,13,1625.0
tsn2,tai20_20_10,20x20,MIXH,14,1630.0
tsn2,tai20_20_10,20x20,MIXH,15,1633.5
tsn2,tai20_20_10,20x20,MIXH,16,1632.0
tsn2,tai20_20_10,20x20,MIXH,17,1628.5
tsn2,tai20_20_10,20x20,MIXH,18,1631.5
tsn2,tai20_20_10,20x20,MIXH,19,1643.0
tsn2,tai20_20_10,20x20,MIXH,20,1651.0
tsn2,tai20_20_10,20x20,MIXH,21,1630.0
tsn2,tai20_20_10,20x20,MIXH,22,1627.0
tsn2,tai20_20_10,20x20,MIXH,23,1651.5
tsn2,tai20_20_10,20x20,MIXH,24,1630.0
tsn2,tai20_20_10,20x20,MIXH,25,1636.5
tsn2,tai20_20_10,20x20,MIXH,26,1634.0
tsn2,tai20_20_10,20x20,MIXH,27,1641.0
tsn2,tai20_20_10,20x20,MIXH,28,1640.5
tsn2,tai20_20_10,20x20,MIXH,29,1644.5
tsn2,tai20_20_10,20x20,MIXH,30,1644.0
tsn2,tai30_15_01,30x15,A0,1,1789.0
tsn2,tai30_15_01,30x15,A0,2,1777.0
tsn2,tai30_15_01,30x15,A0,3,1806.5
tsn2,tai30_15_01,30x15,A0,4,1803.0
tsn2,tai30_15_01,30x15,A0,5,1791.0
tsn2,tai30_15_01,30x15,A0,6,1801.0
tsn2,tai30_15_01,30x15,A0,7,1794.0
tsn2,tai30_15_01,30x15,A0,8,1794.0
tsn2,tai30_15_01,30x15,A0,9,1786.0
tsn2,tai30_15_01,30x15,A0,10,1789.0
tsn2,tai30_15_01,30x15,A0,11,1799.5
tsn2,tai30_15_01,30x15,A0,12,1782.5
tsn2,tai30_15_01,30x15,A0,13,1802.0
tsn2,tai30_15_01,30x15,A0,14,1789.5
tsn2,tai30_15_01,30x15,A0,15,1780.0
tsn2,tai30_15_01,30x15,A0,16,1798.0
tsn2,tai30_15_01,30x15,A0,17,1790.5
tsn2,tai30_15_01,30x15,A0,18,1788.0
tsn2,tai30_15_01,30x15,A0,19,1796.0
tsn2,tai30_15_01,30x15,A0,20,1789.5
tsn2,tai30_15_01,30x15,A0,21,1786.5
tsn2,tai30_15_01,30x15,A0,22,1812.5
tsn2,tai30_15_01,30x15,A0,23,1797.5
tsn2,tai30_15_01,30x15,A0,24,1801.5
tsn2,tai30_15_01,30x15,A0,25,1777.5
tsn2,tai30_15_01,30x15,A0,26,1780.0
tsn2,tai30_15_01,30x15,A0,27,1784.0
tsn2,tai30_15_01,30x15,A0,28,1778.5
tsn2,tai30_15_01,30x15,A0,29,1786.5
tsn2,tai30_15_01,30x15,A0,30,1784.5
tsn2,tai30_15_01,30x15,V2H,1,1782.0
tsn2,tai30_15_01,30x15,V2H,2,1783.5
tsn2,tai30_15_01,30x15,V2H,3,1795.5
tsn2,tai30_15_01,30x15,V2H,4,1796.0
tsn2,tai30_15_01,30x15,V2H,5,1784.0
tsn2,tai30_15_01,30x15,V2H,6,1799.0
tsn2,tai30_15_01,30x15,V2H,7,1807.5
tsn2,tai30_15_01,30x15,V2H,8,1807.5
tsn2,tai30_15_01,30x15,V2H,9,1803.5
tsn2,tai30_15_01,30x15,V2H,10,1785.0
tsn2,tai30_15_01,30x15,V2H,11,1779.0
tsn2,tai30_15_01,30x15,V2H,12,1792.0
tsn2,tai30_15_01,30x15,V2H,13,1795.0
tsn2,tai30_15_01,30x15,V2H,14,1809.5
tsn2,tai30_15_01,30x15,V2H,15,1793.0
tsn2,tai30_15_01,30x15,V2H,16,1818.0
tsn2,tai30_15_01,30x15,V2H,17,1787.0
tsn2,tai30_15_01,30x15,V2H,18,1819.0
tsn2,tai30_15_01,30x15,V2H,19,1779.0
tsn2,tai30_15_01,30x15,V2H,20,1791.0
tsn2,tai30_15_01,30x15,V2H,21,1785.5
tsn2,tai30_15_01,30x15,V2H,22,1782.0
tsn2,tai30_15_01,30x15,V2H,23,1785.5
tsn2,tai30_15_01,30x15,V2H,24,1789.0
tsn2,tai30_15_01,30x15,V2H,25,1791.0
tsn2,tai30_15_01,30x15,V2H,26,1796.0
tsn2,tai30_15_01,30x15,V2H,27,1793.0
tsn2,tai30_15_01,30x15,V2H,28,1803.5
tsn2,tai30_15_01,30x15,V2H,29,1782.0
tsn2,tai30_15_01,30x15,V2H,30,1781.5
tsn2,tai30_15_01,30x15,V2,1,1810.5
tsn2,tai30_15_01,30x15,V2,2,1792.0
tsn2,tai30_15_01,30x15,V2,3,1824.0
tsn2,tai30_15_01,30x15,V2,4,1782.5
tsn2,tai30_15_01,30x15,V2,5,1778.0
tsn2,tai30_15_01,30x15,V2,6,1802.0
tsn2,tai30_15_01,30x15,V2,7,1803.0
tsn2,tai30_15_01,30x15,V2,8,1808.5
tsn2,tai30_15_01,30x15,V2,9,1799.5
tsn2,tai30_15_01,30x15,V2,10,1791.0
tsn2,tai30_15_01,30x15,V2,11,1780.5
tsn2,tai30_15_01,30x15,V2,12,1799.0
tsn2,tai30_15_01,30x15,V2,13,1790.0
tsn2,tai30_15_01,30x15,V2,14,1786.0
tsn2,tai30_15_01,30x15,V2,15,1806.0
tsn2,tai30_15_01,30x15,V2,16,1794.0
tsn2,tai30_15_01,30x15,V2,17,1793.5
tsn2,tai30_15_01,30x15,V2,18,1792.5
tsn2,tai30_15_01,30x15,V2,19,1803.0
tsn2,tai30_15_01,30x15,V2,20,1789.0
tsn2,tai30_15_01,30x15,V2,21,1811.5
tsn2,tai30_15_01,30x15,V2,22,1804.0
tsn2,tai30_15_01,30x15,V2,23,1784.0
tsn2,tai30_15_01,30x15,V2,24,1798.5
tsn2,tai30_15_01,30x15,V2,25,1806.0
tsn2,tai30_15_01,30x15,V2,26,1778.5
tsn2,tai30_15_01,30x15,V2,27,1796.0
tsn2,tai30_15_01,30x15,V2,28,1780.5
tsn2,tai30_15_01,30x15,V2,29,1797.0
tsn2,tai30_15_01,30x15,V2,30,1781.0
tsn2,tai30_15_01,30x15,MOR,1,1811.5
tsn2,tai30_15_01,30x15,MOR,2,1794.5
tsn2,tai30_15_01,30x15,MOR,3,1803.5
tsn2,tai30_15_01,30x15,MOR,4,1788.5
tsn2,tai30_15_01,30x15,MOR,5,1794.0
tsn2,tai30_15_01,30x15,MOR,6,1807.5
tsn2,tai30_15_01,30x15,MOR,7,1777.5
tsn2,tai30_15_01,30x15,MOR,8,1821.0
tsn2,tai30_15_01,30x15,MOR,9,1792.0
tsn2,tai30_15_01,30x15,MOR,10,1785.5
tsn2,tai30_15_01,30x15,MOR,11,1794.0
tsn2,tai30_15_01,30x15,MOR,12,1802.0
tsn2,tai30_15_01,30x15,MOR,13,1813.5
tsn2,tai30_15_01,30x15,MOR,14,1804.5
tsn2,tai30_15_01,30x15,MOR,15,1795.0
tsn2,tai30_15_01,30x15,MOR,16,1782.5
tsn2,tai30_15_01,30x15,MOR,17,1783.5
tsn2,tai30_15_01,30x15,MOR,18,1777.5
tsn2,tai30_15_01,30x15,MOR,19,1789.5
tsn2,tai30_15_01,30x15,MOR,20,1802.0
tsn2,tai30_15_01,30x15,MOR,21,1803.0
tsn2,tai30_15_01,30x15,MOR,22,1790.5
tsn2,tai30_15_01,30x15,MOR,23,1784.0
tsn2,tai30_15_01,30x15,MOR,24,1769.0
tsn2,tai30_15_01,30x15,MOR,25,1802.0
tsn2,tai30_15_01,30x15,MOR,26,1795.0
tsn2,tai30_15_01,30x15,MOR,27,1789.5
tsn2,tai30_15_01,30x15,MOR,28,1787.5
tsn2,tai30_15_01,30x15,MOR,29,1788.0
tsn2,tai30_15_01,30x15,MOR,30,1798.5
tsn2,tai30_15_01,30x15,GT,1,1793.0
tsn2,tai30_15_01,30x15,GT,2,1832.0
tsn2,tai30_15_01,30x15,GT,3,1823.0
tsn2,tai30_15_01,30x15,GT,4,1791.5
tsn2,tai30_15_01,30x15,GT,5,1801.0
tsn2,tai30_15_01,30x15,GT,6,1802.5
tsn2,tai30_15_01,30x15,GT,7,1796.5
tsn2,tai30_15_01,30x15,GT,8,1807.0
tsn2,tai30_15_01,30x15,GT,9,1807.5
tsn2,tai30_15_01,30x15,GT,10,1837.0
tsn2,tai30_15_01,30x15,GT,11,1818.5
tsn2,tai30_15_01,30x15,GT,12,1801.5
tsn2,tai30_15_01,30x15,GT,13,1792.5
tsn2,tai30_15_01,30x15,GT,14,1796.5
tsn2,tai30_15_01,30x15,GT,15,1798.5
tsn2,tai30_15_01,30x15,GT,16,1811.5
tsn2,tai30_15_01,30x15,GT,17,1806.0
tsn2,tai30_15_01,30x15,GT,18,1811.5
tsn2,tai30_15_01,30x15,GT,19,1809.5
tsn2,tai30_15_01,30x15,GT,20,1794.5
tsn2,tai30_15_01,30x15,GT,21,1799.5
tsn2,tai30_15_01,30x15,GT,22,1793.0
tsn2,tai30_15_01,30x15,GT,23,1802.5
tsn2,tai30_15_01,30x15,GT,24,1799.5
tsn2,tai30_15_01,30x15,GT,25,1793.5
tsn2,tai30_15_01,30x15,GT,26,1819.5
tsn2,tai30_15_01,30x15,GT,27,1798.5
tsn2,tai30_15_01,30x15,GT,28,1813.5
tsn2,tai30_15_01,30x15,GT,29,1806.0
tsn2,tai30_15_01,30x15,GT,30,1806.5
tsn2,tai30_15_01,30x15,GP,1,1785.5
tsn2,tai30_15_01,30x15,GP,2,1814.5
tsn2,tai30_15_01,30x15,GP,3,1804.5
tsn2,tai30_15_01,30x15,GP,4,1799.5
tsn2,tai30_15_01,30x15,GP,5,1794.0
tsn2,tai30_15_01,30x15,GP,6,1797.0
tsn2,tai30_15_01,30x15,GP,7,1814.0
tsn2,tai30_15_01,30x15,GP,8,1801.0
tsn2,tai30_15_01,30x15,GP,9,1799.0
tsn2,tai30_15_01,30x15,GP,10,1783.0
tsn2,tai30_15_01,30x15,GP,11,1803.0
tsn2,tai30_15_01,30x15,GP,12,1791.5
tsn2,tai30_15_01,30x15,GP,13,1807.5
tsn2,tai30_15_01,30x15,GP,14,1794.5
tsn2,tai30_15_01,30x15,GP,15,1814.5
tsn2,tai30_15_01,30x15,GP,16,1809.0
tsn2,tai30_15_01,30x15,GP,17,1793.0
tsn2,tai30_15_01,30x15,GP,18,1812.5
tsn2,tai30_15_01,30x15,GP,19,1809.0
tsn2,tai30_15_01,30x15,GP,20,1789.5
tsn2,tai30_15_01,30x15,GP,21,1798.5
tsn2,tai30_15_01,30x15,GP,22,1785.0
tsn2,tai30_15_01,30x15,GP,23,1793.0
tsn2,tai30_15_01,30x15,GP,24,1794.5
tsn2,tai30_15_01,30x15,GP,25,1801.0
tsn2,tai30_15_01,30x15,GP,26,1811.5
tsn2,tai30_15_01,30x15,GP,27,1796.0
tsn2,tai30_15_01,30x15,GP,28,1791.5
tsn2,tai30_15_01,30x15,GP,29,1806.5
tsn2,tai30_15_01,30x15,GP,30,1801.0
tsn2,tai30_15_01,30x15,MIX,1,1792.0
tsn2,tai30_15_01,30x15,MIX,2,1789.0
tsn2,tai30_15_01,30x15,MIX,3,1794.5
tsn2,tai30_15_01,30x15,MIX,4,1809.0
tsn2,tai30_15_01,30x15,MIX,5,1796.0
tsn2,tai30_15_01,30x15,MIX,6,1803.0
tsn2,tai30_15_01,30x15,MIX,7,1793.0
tsn2,tai30_15_01,30x15,MIX,8,1782.5
tsn2,tai30_15_01,30x15,MIX,9,1801.5
tsn2,tai30_15_01,30x15,MIX,10,1796.0
tsn2,tai30_15_01,30x15,MIX,11,1786.0
tsn2,tai30_15_01,30x15,MIX,12,1785.0
tsn2,tai30_15_01,30x15,MIX,13,1794.0
tsn2,tai30_15_01,30x15,MIX,14,1780.0
tsn2,tai30_15_01,30x15,MIX,15,1806.0
tsn2,tai30_15_01,30x15,MIX,16,1779.5
tsn2,tai30_15_01,30x15,MIX,17,1785.0
tsn2,tai30_15_01,30x15,MIX,18,1796.5
tsn2,tai30_15_01,30x15,MIX,19,1793.0
tsn2,tai30_15_01,30x15,MIX,20,1792.0
tsn2,tai30_15_01,30x15,MIX,21,1786.5
tsn2,tai30_15_01,30x15,MIX,22,1777.0
tsn2,tai30_15_01,30x15,MIX,23,1812.5
tsn2,tai30_15_01,30x15,MIX,24,1793.0
tsn2,tai30_15_01,30x15,MIX,25,1789.0
tsn2,tai30_15_01,30x15,MIX,26,1793.5
tsn2,tai30_15_01,30x15,MIX,27,1774.0
tsn2,tai30_15_01,30x15,MIX,28,1806.0
tsn2,tai30_15_01,30x15,MIX,29,1790.0
tsn2,tai30_15_01,30x15,MIX,30,1796.0
tsn2,tai30_15_01,30x15,MIXH,1,1790.0
tsn2,tai30_15_01,30x15,MIXH,2,1789.5
tsn2,tai30_15_01,30x15,MIXH,3,1796.0
tsn2,tai30_15_01,30x15,MIXH,4,1784.5
tsn2,tai30_15_01,30x15,MIXH,5,1811.5
tsn2,tai30_15_01,30x15,MIXH,6,1798.5
tsn2,tai30_15_01,30x15,MIXH,7,1793.0
tsn2,tai30_15_01,30x15,MIXH,8,1792.0
tsn2,tai30_15_01,30x15,MIXH,9,1779.5
tsn2,tai30_15_01,30x15,MIXH,10,1796.0
tsn2,tai30_15_01,30x15,MIXH,11,1805.0
tsn2,tai30_15_01,30x15,MIXH,12,1789.0
tsn2,tai30_15_01,30x15,MIXH,13,1803.0
tsn2,tai30_15_01,30x15,MIXH,14,1780.5
tsn2,tai30_15_01,30x15,MIXH,15,1783.5
tsn2,tai30_15_01,30x15,MIXH,16,1787.5
tsn2,tai30_15_01,30x15,MIXH,17,1791.5
tsn2,tai30_15_01,30x15,MIXH,18,1799.0
tsn2,tai30_15_01,30x15,MIXH,19,1783.5
tsn2,tai30_15_01,30x15,MIXH,20,1790.5
tsn2,tai30_15_01,30x15,MIXH,21,1803.5
tsn2,tai30_15_01,30x15,MIXH,22,1821.0
tsn2,tai30_15_01,30x15,MIXH,23,1796.0
tsn2,tai30_15_01,30x15,MIXH,24,1789.0
tsn2,tai30_15_01,30x15,MIXH,25,1782.5
tsn2,tai30_15_01,30x15,MIXH,26,1781.0
tsn2,tai30_15_01,30x15,MIXH,27,1821.0
tsn2,tai30_15_01,30x15,MIXH,28,1796.0
tsn2,tai30_15_01,30x15,MIXH,29,1798.5
tsn2,tai30_15_01,30x15,MIXH,30,1789.5
tsn2,tai30_15_02,30x15,A0,1,1870.0
tsn2,tai30_15_02,30x15,A0,2,1855.0
tsn2,tai30_15_02,30x15,A0,3,1857.5
tsn2,tai30_15_02,30x15,A0,4,1893.5
tsn2,tai30_15_02,30x15,A0,5,1866.0
tsn2,tai30_15_02,30x15,A0,6,1855.0
tsn2,tai30_15_02,30x15,A0,7,1842.0
tsn2,tai30_15_02,30x15,A0,8,1868.5
tsn2,tai30_15_02,30x15,A0,9,1871.0
tsn2,tai30_15_02,30x15,A0,10,1855.0
tsn2,tai30_15_02,30x15,A0,11,1847.0
tsn2,tai30_15_02,30x15,A0,12,1863.5
tsn2,tai30_15_02,30x15,A0,13,1859.5
tsn2,tai30_15_02,30x15,A0,14,1884.5
tsn2,tai30_15_02,30x15,A0,15,1883.0
tsn2,tai30_15_02,30x15,A0,16,1875.0
tsn2,tai30_15_02,30x15,A0,17,1859.5
tsn2,tai30_15_02,30x15,A0,18,1890.5
tsn2,tai30_15_02,30x15,A0,19,1870.0
tsn2,tai30_15_02,30x15,A0,20,1858.0
tsn2,tai30_15_02,30x15,A0,21,1868.0
tsn2,tai30_15_02,30x15,A0,22,1869.0
tsn2,tai30_15_02,30x15,A0,23,1851.5
tsn2,tai30_15_02,30x15,A0,24,1859.0
tsn2,tai30_15_02,30x15,A0,25,1847.5
tsn2,tai30_15_02,30x15,A0,26,1862.5
tsn2,tai30_15_02,30x15,A0,27,1841.0
tsn2,tai30_15_02,30x15,A0,28,1861.0
tsn2,tai30_15_02,30x15,A0,29,1870.0
tsn2,tai30_15_02,30x15,A0,30,1856.0
tsn2,tai30_15_02,30x15,V2H,1,1854.5
tsn2,tai30_15_02,30x15,V2H,2,1875.0
tsn2,tai30_15_02,30x15,V2H,3,1871.5
tsn2,tai30_15_02,30x15,V2H,4,1866.0
tsn2,tai30_15_02,30x15,V2H,5,1874.0
tsn2,tai30_15_02,30x15,V2H,6,1864.0
tsn2,tai30_15_02,30x15,V2H,7,1850.5
tsn2,tai30_15_02,30x15,V2H,8,1865.5
tsn2,tai30_15_02,30x15,V2H,9,1880.5
tsn2,tai30_15_02,30x15,V2H,10,1838.0
tsn2,tai30_15_02,30x15,V2H,11,1857.5
tsn2,tai30_15_02,30x15,V2H,12,1880.5
tsn2,tai30_15_02,30x15,V2H,13,1852.5
tsn2,tai30_15_02,30x15,V2H,14,1867.0
tsn2,tai30_15_02,30x15,V2H,15,1857.0
tsn2,tai30_15_02,30x15,V2H,16,1873.5
tsn2,tai30_15_02,30x15,V2H,17,1895.0
tsn2,tai30_15_02,30x15,V2H,18,1847.0
tsn2,tai30_15_02,30x15,V2H,19,1895.5
tsn2,tai30_15_02,30x15,V2H,20,1874.0
tsn2,tai30_15_02,30x15,V2H,21,1875.5
tsn2,tai30_15_02,30x15,V2H,22,1858.0
tsn2,tai30_15_02,30x15,V2H,23,1853.0
tsn2,tai30_15_02,30x15,V2H,24,1864.0
tsn2,tai30_15_02,30x15,V2H,25,1880.0
tsn2,tai30_15_02,30x15,V2H,26,1851.0
tsn2,tai30_15_02,30x15,V2H,27,1871.0
tsn2,tai30_15_02,30x15,V2H,28,1843.5
tsn2,tai30_15_02,30x15,V2H,29,1900.5
tsn2,tai30_15_02,30x15,V2H,30,1854.0
tsn2,tai30_15_02,30x15,V2,1,1851.5
tsn2,tai30_15_02,30x15,V2,2,1849.0
tsn2,tai30_15_02,30x15,V2,3,1891.5
tsn2,tai30_15_02,30x15,V2,4,1870.5
tsn2,tai30_15_02,30x15,V2,5,1858.0
tsn2,tai30_15_02,30x15,V2,6,1868.0
tsn2,tai30_15_02,30x15,V2,7,1871.5
tsn2,tai30_15_02,30x15,V2,8,1845.0
tsn2,tai30_15_02,30x15,V2,9,1856.5
tsn2,tai30_15_02,30x15,V2,10,1867.0
tsn2,tai30_15_02,30x15,V2,11,1888.5
tsn2,tai30_15_02,30x15,V2,12,1881.0
tsn2,tai30_15_02,30x15,V2,13,1870.0
tsn2,tai30_15_02,30x15,V2,14,1860.5
tsn2,tai30_15_02,30x15,V2,15,1881.5
tsn2,tai30_15_02,30x15,V2,16,1872.5
tsn2,tai30_15_02,30x15,V2,17,1843.5
tsn2,tai30_15_02,30x15,V2,18,1876.5
tsn2,tai30_15_02,30x15,V2,19,1891.5
tsn2,tai30_15_02,30x15,V2,20,1865.5
tsn2,tai30_15_02,30x15,V2,21,1844.5
tsn2,tai30_15_02,30x15,V2,22,1853.5
tsn2,tai30_15_02,30x15,V2,23,1864.0
tsn2,tai30_15_02,30x15,V2,24,1867.5
tsn2,tai30_15_02,30x15,V2,25,1888.0
tsn2,tai30_15_02,30x15,V2,26,1866.5
tsn2,tai30_15_02,30x15,V2,27,1880.0
tsn2,tai30_15_02,30x15,V2,28,1877.0
tsn2,tai30_15_02,30x15,V2,29,1904.0
tsn2,tai30_15_02,30x15,V2,30,1857.5
tsn2,tai30_15_02,30x15,MOR,1,1895.5
tsn2,tai30_15_02,30x15,MOR,2,1924.5
tsn2,tai30_15_02,30x15,MOR,3,1900.0
tsn2,tai30_15_02,30x15,MOR,4,1894.5
tsn2,tai30_15_02,30x15,MOR,5,1905.0
tsn2,tai30_15_02,30x15,MOR,6,1916.0
tsn2,tai30_15_02,30x15,MOR,7,1910.0
tsn2,tai30_15_02,30x15,MOR,8,1879.5
tsn2,tai30_15_02,30x15,MOR,9,1894.0
tsn2,tai30_15_02,30x15,MOR,10,1894.0
tsn2,tai30_15_02,30x15,MOR,11,1907.5
tsn2,tai30_15_02,30x15,MOR,12,1897.5
tsn2,tai30_15_02,30x15,MOR,13,1880.0
tsn2,tai30_15_02,30x15,MOR,14,1911.0
tsn2,tai30_15_02,30x15,MOR,15,1868.0
tsn2,tai30_15_02,30x15,MOR,16,1883.5
tsn2,tai30_15_02,30x15,MOR,17,1887.0
tsn2,tai30_15_02,30x15,MOR,18,1912.0
tsn2,tai30_15_02,30x15,MOR,19,1892.0
tsn2,tai30_15_02,30x15,MOR,20,1890.0
tsn2,tai30_15_02,30x15,MOR,21,1890.0
tsn2,tai30_15_02,30x15,MOR,22,1889.0
tsn2,tai30_15_02,30x15,MOR,23,1877.0
tsn2,tai30_15_02,30x15,MOR,24,1896.0
tsn2,tai30_15_02,30x15,MOR,25,1885.0
tsn2,tai30_15_02,30x15,MOR,26,1901.5
tsn2,tai30_15_02,30x15,MOR,27,1887.0
tsn2,tai30_15_02,30x15,MOR,28,1878.5
tsn2,tai30_15_02,30x15,MOR,29,1905.0
tsn2,tai30_15_02,30x15,MOR,30,1891.0
tsn2,tai30_15_02,30x15,GT,1,1879.0
tsn2,tai30_15_02,30x15,GT,2,1899.0
tsn2,tai30_15_02,30x15,GT,3,1879.5
tsn2,tai30_15_02,30x15,GT,4,1866.0
tsn2,tai30_15_02,30x15,GT,5,1878.5
tsn2,tai30_15_02,30x15,GT,6,1896.0
tsn2,tai30_15_02,30x15,GT,7,1876.0
tsn2,tai30_15_02,30x15,GT,8,1901.5
tsn2,tai30_15_02,30x15,GT,9,1889.5
tsn2,tai30_15_02,30x15,GT,10,1875.5
tsn2,tai30_15_02,30x15,GT,11,1870.0
tsn2,tai30_15_02,30x15,GT,12,1896.0
tsn2,tai30_15_02,30x15,GT,13,1902.5
tsn2,tai30_15_02,30x15,GT,14,1876.5
tsn2,tai30_15_02,30x15,GT,15,1880.5
tsn2,tai30_15_02,30x15,GT,16,1867.0
tsn2,tai30_15_02,30x15,GT,17,1869.0
tsn2,tai30_15_02,30x15,GT,18,1879.5
tsn2,tai30_15_02,30x15,GT,19,1879.0
tsn2,tai30_15_02,30x15,GT,20,1881.5
tsn2,tai30_15_02,30x15,GT,21,1881.5
tsn2,tai30_15_02,30x15,GT,22,1890.5
tsn2,tai30_15_02,30x15,GT,23,1875.5
tsn2,tai30_15_02,30x15,GT,24,1879.5
tsn2,tai30_15_02,30x15,GT,25,1875.0
tsn2,tai30_15_02,30x15,GT,26,1876.5
tsn2,tai30_15_02,30x15,GT,27,1876.5
tsn2,tai30_15_02,30x15,GT,28,1884.5
tsn2,tai30_15_02,30x15,GT,29,1903.5
tsn2,tai30_15_02,30x15,GT,30,1875.0
tsn2,tai30_15_02,30x15,GP,1,1885.0
tsn2,tai30_15_02,30x15,GP,2,1883.5
tsn2,tai30_15_02,30x15,GP,3,1869.5
tsn2,tai30_15_02,30x15,GP,4,1864.5
tsn2,tai30_15_02,30x15,GP,5,1883.0
tsn2,tai30_15_02,30x15,GP,6,1846.0
tsn2,tai30_15_02,30x15,GP,7,1895.5
tsn2,tai30_15_02,30x15,GP,8,1861.0
tsn2,tai30_15_02,30x15,GP,9,1893.0
tsn2,tai30_15_02,30x15,GP,10,1856.0
tsn2,tai30_15_02,30x15,GP,11,1877.5
tsn2,tai30_15_02,30x15,GP,12,1878.5
tsn2,tai30_15_02,30x15,GP,13,1877.0
tsn2,tai30_15_02,30x15,GP,14,1882.5
tsn2,tai30_15_02,30x15,GP,15,1893.0
tsn2,tai30_15_02,30x15,GP,16,1886.0
tsn2,tai30_15_02,30x15,GP,17,1860.0
tsn2,tai30_15_02,30x15,GP,18,1870.0
tsn2,tai30_15_02,30x15,GP,19,1863.0
tsn2,tai30_15_02,30x15,GP,20,1852.0
tsn2,tai30_15_02,30x15,GP,21,1905.0
tsn2,tai30_15_02,30x15,GP,22,1893.5
tsn2,tai30_15_02,30x15,GP,23,1868.5
tsn2,tai30_15_02,30x15,GP,24,1873.5
tsn2,tai30_15_02,30x15,GP,25,1878.0
tsn2,tai30_15_02,30x15,GP,26,1875.0
tsn2,tai30_15_02,30x15,GP,27,1869.0
tsn2,tai30_15_02,30x15,GP,28,1865.5
tsn2,tai30_15_02,30x15,GP,29,1878.0
tsn2,tai30_15_02,30x15,GP,30,1876.5
tsn2,tai30_15_02,30x15,MIX,1,1879.0
tsn2,tai30_15_02,30x15,MIX,2,1866.0
tsn2,tai30_15_02,30x15,MIX,3,1861.0
tsn2,tai30_15_02,30x15,MIX,4,1869.0
tsn2,tai30_15_02,30x15,MIX,5,1855.0
tsn2,tai30_15_02,30x15,MIX,6,1848.5
tsn2,tai30_15_02,30x15,MIX,7,1854.5
tsn2,tai30_15_02,30x15,MIX,8,1876.5
tsn2,tai30_15_02,30x15,MIX,9,1837.0
tsn2,tai30_15_02,30x15,MIX,10,1871.0
tsn2,tai30_15_02,30x15,MIX,11,1874.5
tsn2,tai30_15_02,30x15,MIX,12,1862.0
tsn2,tai30_15_02,30x15,MIX,13,1864.0
tsn2,tai30_15_02,30x15,MIX,14,1872.0
tsn2,tai30_15_02,30x15,MIX,15,1873.0
tsn2,tai30_15_02,30x15,MIX,16,1865.0
tsn2,tai30_15_02,30x15,MIX,17,1880.5
tsn2,tai30_15_02,30x15,MIX,18,1893.0
tsn2,tai30_15_02,30x15,MIX,19,1870.5
tsn2,tai30_15_02,30x15,MIX,20,1858.5
tsn2,tai30_15_02,30x15,MIX,21,1888.5
tsn2,tai30_15_02,30x15,MIX,22,1871.5
tsn2,tai30_15_02,30x15,MIX,23,1872.0
tsn2,tai30_15_02,30x15,MIX,24,1873.0
tsn2,tai30_15_02,30x15,MIX,25,1869.0
tsn2,tai30_15_02,30x15,MIX,26,1858.0
tsn2,tai30_15_02,30x15,MIX,27,1867.0
tsn2,tai30_15_02,30x15,MIX,28,1849.0
tsn2,tai30_15_02,30x15,MIX,29,1865.5
tsn2,tai30_15_02,30x15,MIX,30,1852.0
tsn2,tai30_15_02,30x15,MIXH,1,1864.5
tsn2,tai30_15_02,30x15,MIXH,2,1874.0
tsn2,tai30_15_02,30x15,MIXH,3,1881.0
tsn2,tai30_15_02,30x15,MIXH,4,1862.0
tsn2,tai30_15_02,30x15,MIXH,5,1878.0
tsn2,tai30_15_02,30x15,MIXH,6,1865.5
tsn2,tai30_15_02,30x15,MIXH,7,1843.0
tsn2,tai30_15_02,30x15,MIXH,8,1872.5
tsn2,tai30_15_02,30x15,MIXH,9,1895.5
tsn2,tai30_15_02,30x15,MIXH,10,1853.5
tsn2,tai30_15_02,30x15,MIXH,11,1853.0
tsn2,tai30_15_02,30x15,MIXH,12,1876.0
tsn2,tai30_15_02,30x15,MIXH,13,1886.5
tsn2,tai30_15_02,30x15,MIXH,14,1873.0
tsn2,tai30_15_02,30x15,MIXH,15,1853.0
tsn2,tai30_15_02,30x15,MIXH,16,1886.5
tsn2,tai30_15_02,30x15,MIXH,17,1855.5
tsn2,tai30_15_02,30x15,MIXH,18,1875.5
tsn2,tai30_15_02,30x15,MIXH,19,1873.5
tsn2,tai30_15_02,30x15,MIXH,20,1878.0
tsn2,tai30_15_02,30x15,MIXH,21,1857.0
tsn2,tai30_15_02,30x15,MIXH,22,1851.5
tsn2,tai30_15_02,30x15,MIXH,23,1883.5
tsn2,tai30_15_02,30x15,MIXH,24,1884.0
tsn2,tai30_15_02,30x15,MIXH,25,1872.0
tsn2,tai30_15_02,30x15,MIXH,26,1859.5
tsn2,tai30_15_02,30x15,MIXH,27,1862.5
tsn2,tai30_15_02,30x15,MIXH,28,1866.0
tsn2,tai30_15_02,30x15,MIXH,29,1870.5
tsn2,tai30_15_02,30x15,MIXH,30,1857.0
tsn2,tai30_15_03,30x15,A0,1,1868.0
tsn2,tai30_15_03,30x15,A0,2,1853.0
tsn2,tai30_15_03,30x15,A0,3,1867.5
tsn2,tai30_15_03,30x15,A0,4,1855.0
tsn2,tai30_15_03,30x15,A0,5,1857.5
tsn2,tai30_15_03,30x15,A0,6,1896.0
tsn2,tai30_15_03,30x15,A0,7,1840.0
tsn2,tai30_15_03,30x15,A0,8,1865.5
tsn2,tai30_15_03,30x15,A0,9,1862.5
tsn2,tai30_15_03,30x15,A0,10,1868.5
tsn2,tai30_15_03,30x15,A0,11,1858.0
tsn2,tai30_15_03,30x15,A0,12,1877.0
tsn2,tai30_15_03,30x15,A0,13,1855.5
tsn2,tai30_15_03,30x15,A0,14,1867.5
tsn2,tai30_15_03,30x15,A0,15,1892.5
tsn2,tai30_15_03,30x15,A0,16,1872.0
tsn2,tai30_15_03,30x15,A0,17,1879.5
tsn2,tai30_15_03,30x15,A0,18,1868.0
tsn2,tai30_15_03,30x15,A0,19,1876.5
tsn2,tai30_15_03,30x15,A0,20,1861.5
tsn2,tai30_15_03,30x15,A0,21,1861.0
tsn2,tai30_15_03,30x15,A0,22,1862.0
tsn2,tai30_15_03,30x15,A0,23,1866.5
tsn2,tai30_15_03,30x15,A0,24,1873.5
tsn2,tai30_15_03,30x15,A0,25,1864.5
tsn2,tai30_15_03,30x15,A0,26,1864.0
tsn2,tai30_15_03,30x15,A0,27,1868.0
tsn2,tai30_15_03,30x15,A0,28,1867.0
tsn2,tai30_15_03,30x15,A0,29,1867.5
tsn2,tai30_15_03,30x15,A0,30,1866.0
tsn2,tai30_15_03,30x15,V2H,1,1854.0
tsn2,tai30_15_03,30x15,V2H,2,1860.0
tsn2,tai30_15_03,30x15,V2H,3,1865.0
tsn2,tai30_15_03,30x15,V2H,4,1859.0
tsn2,tai30_15_03,30x15,V2H,5,1855.0
tsn2,tai30_15_03,30x15,V2H,6,1853.0
tsn2,tai30_15_03,30x15,V2H,7,1861.5
tsn2,tai30_15_03,30x15,V2H,8,1864.0
tsn2,tai30_15_03,30x15,V2H,9,1877.5
tsn2,tai30_15_03,30x15,V2H,10,1870.0
tsn2,tai30_15_03,30x15,V2H,11,1857.5
tsn2,tai30_15_03,30x15,V2H,12,1855.0
tsn2,tai30_15_03,30x15,V2H,13,1859.5
tsn2,tai30_15_03,30x15,V2H,14,1862.0
tsn2,tai30_15_03,30x15,V2H,15,1863.0
tsn2,tai30_15_03,30x15,V2H,16,1856.0
tsn2,tai30_15_03,30x15,V2H,17,1852.0
tsn2,tai30_15_03,30x15,V2H,18,1842.5
tsn2,tai30_15_03,30x15,V2H,19,1887.0
tsn2,tai30_15_03,30x15,V2H,20,1842.0
tsn2,tai30_15_03,30x15,V2H,21,1876.0
tsn2,tai30_15_03,30x15,V2H,22,1857.5
tsn2,tai30_15_03,30x15,V2H,23,1865.5
tsn2,tai30_15_03,30x15,V2H,24,1859.5
tsn2,tai30_15_03,30x15,V2H,25,1855.0
tsn2,tai30_15_03,30x15,V2H,26,1840.0
tsn2,tai30_15_03,30x15,V2H,27,1873.0
tsn2,tai30_15_03,30x15,V2H,28,1863.0
tsn2,tai30_15_03,30x15,V2H,29,1864.5
tsn2,tai30_15_03,30x15,V2H,30,1874.0
tsn2,tai30_15_03,30x15,V2,1,1886.0
tsn2,tai30_15_03,30x15,V2,2,1875.0
tsn2,tai30_15_03,30x15,V2,3,1861.0
tsn2,tai30_15_03,30x15,V2,4,1855.0
tsn2,tai30_15_03,30x15,V2,5,1861.5
tsn2,tai30_15_03,30x15,V2,6,1864.0
tsn2,tai30_15_03,30x15,V2,7,1887.0
tsn2,tai30_15_03,30x15,V2,8,1855.0
tsn2,tai30_15_03,30x15,V2,9,1855.0
tsn2,tai30_15_03,30x15,V2,10,1847.5
tsn2,tai30_15_03,30x15,V2,11,1865.5
tsn2,tai30_15_03,30x15,V2,12,1864.5
tsn2,tai30_15_03,30x15,V2,13,1855.0
tsn2,tai30_15_03,30x15,V2,14,1855.0
tsn2,tai30_15_03,30x15,V2,15,1859.5
tsn2,tai30_15_03,30x15,V2,16,1848.0
tsn2,tai30_15_03,30x15,V2,17,1843.5
tsn2,tai30_15_03,30x15,V2,18,1856.5
tsn2,tai30_15_03,30x15,V2,19,1849.0
tsn2,tai30_15_03,30x15,V2,20,1842.0
tsn2,tai30_15_03,30x15,V2,21,1857.0
tsn2,tai30_15_03,30x15,V2,22,1849.0
tsn2,tai30_15_03,30x15,V2,23,1858.0
tsn2,tai30_15_03,30x15,V2,24,1873.5
tsn2,tai30_15_03,30x15,V2,25,1869.0
tsn2,tai30_15_03,30x15,V2,26,1865.5
tsn2,tai30_15_03,30x15,V2,27,1857.0
tsn2,tai30_15_03,30x15,V2,28,1859.0
tsn2,tai30_15_03,30x15,V2,29,1852.0
tsn2,tai30_15_03,30x15,V2,30,1874.5
tsn2,tai30_15_03,30x15,MOR,1,1867.5
tsn2,tai30_15_03,30x15,MOR,2,1870.5
tsn2,tai30_15_03,30x15,MOR,3,1882.0
tsn2,tai30_15_03,30x15,MOR,4,1885.5
tsn2,tai30_15_03,30x15,MOR,5,1876.0
tsn2,tai30_15_03,30x15,MOR,6,1865.0
tsn2,tai30_15_03,30x15,MOR,7,1877.0
tsn2,tai30_15_03,30x15,MOR,8,1871.0
tsn2,tai30_15_03,30x15,MOR,9,1894.0
tsn2,tai30_15_03,30x15,MOR,10,1888.0
tsn2,tai30_15_03,30x15,MOR,11,1868.0
tsn2,tai30_15_03,30x15,MOR,12,1875.5
tsn2,tai30_15_03,30x15,MOR,13,1864.5
tsn2,tai30_15_03,30x15,MOR,14,1888.0
tsn2,tai30_15_03,30x15,MOR,15,1883.0
tsn2,tai30_15_03,30x15,MOR,16,1878.0
tsn2,tai30_15_03,30x15,MOR,17,1875.5
tsn2,tai30_15_03,30x15,MOR,18,1865.0
tsn2,tai30_15_03,30x15,MOR,19,1873.5
tsn2,tai30_15_03,30x15,MOR,20,1869.5
tsn2,tai30_15_03,30x15,MOR,21,1881.0
tsn2,tai30_15_03,30x15,MOR,22,1880.0
tsn2,tai30_15_03,30x15,MOR,23,1884.5
tsn2,tai30_15_03,30x15,MOR,24,1871.5
tsn2,tai30_15_03,30x15,MOR,25,1872.5
tsn2,tai30_15_03,30x15,MOR,26,1870.0
tsn2,tai30_15_03,30x15,MOR,27,1874.0
tsn2,tai30_15_03,30x15,MOR,28,1864.5
tsn2,tai30_15_03,30x15,MOR,29,1886.5
tsn2,tai30_15_03,30x15,MOR,30,1872.0
tsn2,tai30_15_03,30x15,GT,1,1882.0
tsn2,tai30_15_03,30x15,GT,2,1887.5
tsn2,tai30_15_03,30x15,GT,3,1906.5
tsn2,tai30_15_03,30x15,GT,4,1873.0
tsn2,tai30_15_03,30x15,GT,5,1925.0
tsn2,tai30_15_03,30x15,GT,6,1911.0
tsn2,tai30_15_03,30x15,GT,7,1906.0
tsn2,tai30_15_03,30x15,GT,8,1892.5
tsn2,tai30_15_03,30x15,GT,9,1912.5
tsn2,tai30_15_03,30x15,GT,10,1906.5
tsn2,tai30_15_03,30x15,GT,11,1898.5
tsn2,tai30_15_03,30x15,GT,12,1894.0
tsn2,tai30_15_03,30x15,GT,13,1889.5
tsn2,tai30_15_03,30x15,GT,14,1895.0
tsn2,tai30_15_03,30x15,GT,15,1884.5
tsn2,tai30_15_03,30x15,GT,16,1913.0
tsn2,tai30_15_03,30x15,GT,17,1908.5
tsn2,tai30_15_03,30x15,GT,18,1890.5
tsn2,tai30_15_03,30x15,GT,19,1911.0
tsn2,tai30_15_03,30x15,GT,20,1894.5
tsn2,tai30_15_03,30x15,GT,21,1871.5
tsn2,tai30_15_03,30x15,GT,22,1869.0
tsn2,tai30_15_03,30x15,GT,23,1910.0
tsn2,tai30_15_03,30x15,GT,24,1892.5
tsn2,tai30_15_03,30x15,GT,25,1897.0
tsn2,tai30_15_03,30x15,GT,26,1907.5
tsn2,tai30_15_03,30x15,GT,27,1897.5
tsn2,tai30_15_03,30x15,GT,28,1919.0
tsn2,tai30_15_03,30x15,GT,29,1883.5
tsn2,tai30_15_03,30x15,GT,30,1890.5
tsn2,tai30_15_03,30x15,GP,1,1866.0
tsn2,tai30_15_03,30x15,GP,2,1864.0
tsn2,tai30_15_03,30x15,GP,3,1873.0
tsn2,tai30_15_03,30x15,GP,4,1871.0
tsn2,tai30_15_03,30x15,GP,5,1861.0
tsn2,tai30_15_03,30x15,GP,6,1900.5
tsn2,tai30_15_03,30x15,GP,7,1901.0
tsn2,tai30_15_03,30x15,GP,8,1873.5
tsn2,tai30_15_03,30x15,GP,9,1893.0
tsn2,tai30_15_03,30x15,GP,10,1867.5
tsn2,tai30_15_03,30x15,GP,11,1880.5
tsn2,tai30_15_03,30x15,GP,12,1873.0
tsn2,tai30_15_03,30x15,GP,13,1877.5
tsn2,tai30_15_03,30x15,GP,14,1874.5
tsn2,tai30_15_03,30x15,GP,15,1860.5
tsn2,tai30_15_03,30x15,GP,16,1891.5
tsn2,tai30_15_03,30x15,GP,17,1877.5
tsn2,tai30_15_03,30x15,GP,18,1867.5
tsn2,tai30_15_03,30x15,GP,19,1870.0
tsn2,tai30_15_03,30x15,GP,20,1884.0
tsn2,tai30_15_03,30x15,GP,21,1882.0
tsn2,tai30_15_03,30x15,GP,22,1888.0
tsn2,tai30_15_03,30x15,GP,23,1881.5
tsn2,tai30_15_03,30x15,GP,24,1878.0
tsn2,tai30_15_03,30x15,GP,25,1896.0
tsn2,tai30_15_03,30x15,GP,26,1882.0
tsn2,tai30_15_03,30x15,GP,27,1872.0
tsn2,tai30_15_03,30x15,GP,28,1878.5
tsn2,tai30_15_03,30x15,GP,29,1882.5
tsn2,tai30_15_03,30x15,GP,30,1886.0
tsn2,tai30_15_03,30x15,MIX,1,1874.0
tsn2,tai30_15_03,30x15,MIX,2,1877.0
tsn2,tai30_15_03,30x15,MIX,3,1874.5
tsn2,tai30_15_03,30x15,MIX,4,1870.0
tsn2,tai30_15_03,30x15,MIX,5,1864.0
tsn2,tai30_15_03,30x15,MIX,6,1878.0
tsn2,tai30_15_03,30x15,MIX,7,1856.0
tsn2,tai30_15_03,30x15,MIX,8,1863.5
tsn2,tai30_15_03,30x15,MIX,9,1876.0
tsn2,tai30_15_03,30x15,MIX,10,1888.0
tsn2,tai30_15_03,30x15,MIX,11,1873.5
tsn2,tai30_15_03,30x15,MIX,12,1862.5
tsn2,tai30_15_03,30x15,MIX,13,1838.5
tsn2,tai30_15_03,30x15,MIX,14,1845.0
tsn2,tai30_15_03,30x15,MIX,15,1866.0
tsn2,tai30_15_03,30x15,MIX,16,1851.5
tsn2,tai30_15_03,30x15,MIX,17,1888.0
tsn2,tai30_15_03,30x15,MIX,18,1878.5
tsn2,tai30_15_03,30x15,MIX,19,1868.5
tsn2,tai30_15_03,30x15,MIX,20,1886.0
tsn2,tai30_15_03,30x15,MIX,21,1886.5
tsn2,tai30_15_03,30x15,MIX,22,1862.5
tsn2,tai30_15_03,30x15,MIX,23,1875.5
tsn2,tai30_15_03,30x15,MIX,24,1878.0
tsn2,tai30_15_03,30x15,MIX,25,1877.5
tsn2,tai30_15_03,30x15,MIX,26,1857.0
tsn2,tai30_15_03,30x15,MIX,27,1876.0
tsn2,tai30_15_03,30x15,MIX,28,1874.5
tsn2,tai30_15_03,30x15,MIX,29,1878.5
tsn2,tai30_15_03,30x15,MIX,30,1845.5
tsn2,tai30_15_03,30x15,MIXH,1,1863.5
tsn2,tai30_15_03,30x15,MIXH,2,1860.5
tsn2,tai30_15_03,30x15,MIXH,3,1877.0
tsn2,tai30_15_03,30x15,MIXH,4,1861.0
tsn2,tai30_15_03,30x15,MIXH,5,1870.0
tsn2,tai30_15_03,30x15,MIXH,6,1866.5
tsn2,tai30_15_03,30x15,MIXH,7,1858.5
tsn2,tai30_15_03,30x15,MIXH,8,1882.5
tsn2,tai30_15_03,30x15,MIXH,9,1864.5
tsn2,tai30_15_03,30x15,MIXH,10,1877.0
tsn2,tai30_15_03,30x15,MIXH,11,1892.5
tsn2,tai30_15_03,30x15,MIXH,12,1889.0
tsn2,tai30_15_03,30x15,MIXH,13,1865.5
tsn2,tai30_15_03,30x15,MIXH,14,1867.5
tsn2,tai30_15_03,30x15,MIXH,15,1873.5
tsn2,tai30_15_03,30x15,MIXH,16,1853.0
tsn2,tai30_15_03,30x15,MIXH,17,1862.5
tsn2,tai30_15_03,30x15,MIXH,18,1865.0
tsn2,tai30_15_03,30x15,MIXH,19,1855.5
tsn2,tai30_15_03,30x15,MIXH,20,1868.0
tsn2,tai30_15_03,30x15,MIXH,21,1862.0
tsn2,tai30_15_03,30x15,MIXH,22,1877.0
tsn2,tai30_15_03,30x15,MIXH,23,1858.0
tsn2,tai30_15_03,30x15,MIXH,24,1864.0
tsn2,tai30_15_03,30x15,MIXH,25,1848.5
tsn2,tai30_15_03,30x15,MIXH,26,1877.0
tsn2,tai30_15_03,30x15,MIXH,27,1857.0
tsn2,tai30_15_03,30x15,MIXH,28,1862.5
tsn2,tai30_15_03,30x15,MIXH,29,1876.5
tsn2,tai30_15_03,30x15,MIXH,30,1863.0
tsn2,tai30_15_04,30x15,A0,1,1898.0
tsn2,tai30_15_04,30x15,A0,2,1890.5
tsn2,tai30_15_04,30x15,A0,3,1898.0
tsn2,tai30_15_04,30x15,A0,4,1892.0
tsn2,tai30_15_04,30x15,A0,5,1893.0
tsn2,tai30_15_04,30x15,A0,6,1916.0
tsn2,tai30_15_04,30x15,A0,7,1906.0
tsn2,tai30_15_04,30x15,A0,8,1889.0
tsn2,tai30_15_04,30x15,A0,9,1906.5
tsn2,tai30_15_04,30x15,A0,10,1906.0
tsn2,tai30_15_04,30x15,A0,11,1895.0
tsn2,tai30_15_04,30x15,A0,12,1890.5
tsn2,tai30_15_04,30x15,A0,13,1895.5
tsn2,tai30_15_04,30x15,A0,14,1885.0
tsn2,tai30_15_04,30x15,A0,15,1905.5
tsn2,tai30_15_04,30x15,A0,16,1890.5
tsn2,tai30_15_04,30x15,A0,17,1885.0
tsn2,tai30_15_04,30x15,A0,18,1898.0
tsn2,tai30_15_04,30x15,A0,19,1905.0
tsn2,tai30_15_04,30x15,A0,20,1916.5
tsn2,tai30_15_04,30x15,A0,21,1906.5
tsn2,tai30_15_04,30x15,A0,22,1883.0
tsn2,tai30_15_04,30x15,A0,23,1883.0
tsn2,tai30_15_04,30x15,A0,24,1899.5
tsn2,tai30_15_04,30x15,A0,25,1886.5
tsn2,tai30_15_04,30x15,A0,26,1904.5
tsn2,tai30_15_04,30x15,A0,27,1906.5
tsn2,tai30_15_04,30x15,A0,28,1906.0
tsn2,tai30_15_04,30x15,A0,29,1888.5
tsn2,tai30_15_04,30x15,A0,30,1918.0
tsn2,tai30_15_04,30x15,V2H,1,1891.5
tsn2,tai30_15_04,30x15,V2H,2,1895.5
tsn2,tai30_15_04,30x15,V2H,3,1893.5
tsn2,tai30_15_04,30x15,V2H,4,1885.0
tsn2,tai30_15_04,30x15,V2H,5,1889.5
tsn2,tai30_15_04,30x15,V2H,6,1904.0
tsn2,tai30_15_04,30x15,V2H,7,1889.0
tsn2,tai30_15_04,30x15,V2H,8,1889.5
tsn2,tai30_15_04,30x15,V2H,9,1901.5
tsn2,tai30_15_04,30x15,V2H,10,1906.5
tsn2,tai30_15_04,30x15,V2H,11,1891.0
tsn2,tai30_15_04,30x15,V2H,12,1924.0
tsn2,tai30_15_04,30x15,V2H,13,1904.0
tsn2,tai30_15_04,30x15,V2H,14,1880.0
tsn2,tai30_15_04,30x15,V2H,15,1900.5
tsn2,tai30_15_04,30x15,V2H,16,1886.0
tsn2,tai30_15_04,30x15,V2H,17,1889.5
tsn2,tai30_15_04,30x15,V2H,18,1893.5
tsn2,tai30_15_04,30x15,V2H,19,1893.0
tsn2,tai30_15_04,30x15,V2H,20,1884.5
tsn2,tai30_15_04,30x15,V2H,21,1900.0
tsn2,tai30_15_04,30x15,V2H,22,1888.0
tsn2,tai30_15_04,30x15,V2H,23,1900.0
tsn2,tai30_15_04,30x15,V2H,24,1892.0
tsn2,tai30_15_04,30x15,V2H,25,1892.0
tsn2,tai30_15_04,30x15,V2H,26,1893.5
tsn2,tai30_15_04,30x15,V2H,27,1908.0
tsn2,tai30_15_04,30x15,V2H,28,1896.5
tsn2,tai30_15_04,30x15,V2H,29,1910.0
tsn2,tai30_15_04,30x15,V2H,30,1903.5
tsn2,tai30_15_04,30x15,V2,1,1900.0
tsn2,tai30_15_04,30x15,V2,2,1889.0
tsn2,tai30_15_04,30x15,V2,3,1897.5
tsn2,tai30_15_04,30x15,V2,4,1901.5
tsn2,tai30_15_04,30x15,V2,5,1886.0
tsn2,tai30_15_04,30x15,V2,6,1909.0
tsn2,tai30_15_04,30x15,V2,7,1900.0
tsn2,tai30_15_04,30x15,V2,8,1894.0
tsn2,tai30_15_04,30x15,V2,9,1899.5
tsn2,tai30_15_04,30x15,V2,10,1895.5
tsn2,tai30_15_04,30x15,V2,11,1894.5
tsn2,tai30_15_04,30x15,V2,12,1897.0
tsn2,tai30_15_04,30x15,V2,13,1891.0
tsn2,tai30_15_04,30x15,V2,14,1888.5
tsn2,tai30_15_04,30x15,V2,15,1903.5
tsn2,tai30_15_04,30x15,V2,16,1893.0
tsn2,tai30_15_04,30x15,V2,17,1894.0
tsn2,tai30_15_04,30x15,V2,18,1892.0
tsn2,tai30_15_04,30x15,V2,19,1914.5
tsn2,tai30_15_04,30x15,V2,20,1897.0
tsn2,tai30_15_04,30x15,V2,21,1906.5
tsn2,tai30_15_04,30x15,V2,22,1889.5
tsn2,tai30_15_04,30x15,V2,23,1902.0
tsn2,tai30_15_04,30x15,V2,24,1898.0
tsn2,tai30_15_04,30x15,V2,25,1922.0
tsn2,tai30_15_04,30x15,V2,26,1892.0
tsn2,tai30_15_04,30x15,V2,27,1889.0
tsn2,tai30_15_04,30x15,V2,28,1908.0
tsn2,tai30_15_04,30x15,V2,29,1890.0
tsn2,tai30_15_04,30x15,V2,30,1906.5
tsn2,tai30_15_04,30x15,MOR,1,1928.0
tsn2,tai30_15_04,30x15,MOR,2,1917.0
tsn2,tai30_15_04,30x15,MOR,3,1902.0
tsn2,tai30_15_04,30x15,MOR,4,1925.5
tsn2,tai30_15_04,30x15,MOR,5,1917.5
tsn2,tai30_15_04,30x15,MOR,6,1921.5
tsn2,tai30_15_04,30x15,MOR,7,1905.0
tsn2,tai30_15_04,30x15,MOR,8,1915.5
tsn2,tai30_15_04,30x15,MOR,9,1940.0
tsn2,tai30_15_04,30x15,MOR,10,1924.5
tsn2,tai30_15_04,30x15,MOR,11,1907.5
tsn2,tai30_15_04,30x15,MOR,12,1918.5
tsn2,tai30_15_04,30x15,MOR,13,1918.5
tsn2,tai30_15_04,30x15,MOR,14,1917.0
tsn2,tai30_15_04,30x15,MOR,15,1933.0
tsn2,tai30_15_04,30x15,MOR,16,1917.5
tsn2,tai30_15_04,30x15,MOR,17,1933.0
tsn2,tai30_15_04,30x15,MOR,18,1914.5
tsn2,tai30_15_04,30x15,MOR,19,1913.5
tsn2,tai30_15_04,30x15,MOR,20,1923.0
tsn2,tai30_15_04,30x15,MOR,21,1912.5
tsn2,tai30_15_04,30x15,MOR,22,1900.5
tsn2,tai30_15_04,30x15,MOR,23,1912.5
tsn2,tai30_15_04,30x15,MOR,24,1919.5
tsn2,tai30_15_04,30x15,MOR,25,1916.0
tsn2,tai30_15_04,30x15,MOR,26,1912.0
tsn2,tai30_15_04,30x15,MOR,27,1921.5
tsn2,tai30_15_04,30x15,MOR,28,1915.5
tsn2,tai30_15_04,30x15,MOR,29,1911.0
tsn2,tai30_15_04,30x15,MOR,30,1914.0
tsn2,tai30_15_04,30x15,GT,1,1919.0
tsn2,tai30_15_04,30x15,GT,2,1922.5
tsn2,tai30_15_04,30x15,GT,3,1918.5
tsn2,tai30_15_04,30x15,GT,4,1902.5
tsn2,tai30_15_04,30x15,GT,5,1890.5
tsn2,tai30_15_04,30x15,GT,6,1896.0
tsn2,tai30_15_04,30x15,GT,7,1907.0
tsn2,tai30_15_04,30x15,GT,8,1915.0
tsn2,tai30_15_04,30x15,GT,9,1905.5
tsn2,tai30_15_04,30x15,GT,10,1896.0
tsn2,tai30_15_04,30x15,GT,11,1907.0
tsn2,tai30_15_04,30x15,GT,12,1899.0
tsn2,tai30_15_04,30x15,GT,13,1910.0
tsn2,tai30_15_04,30x15,GT,14,1886.0
tsn2,tai30_15_04,30x15,GT,15,1910.0
tsn2,tai30_15_04,30x15,GT,16,1883.5
tsn2,tai30_15_04,30x15,GT,17,1903.5
tsn2,tai30_15_04,30x15,GT,18,1892.0
tsn2,tai30_15_04,30x15,GT,19,1899.0
tsn2,tai30_15_04,30x15,GT,20,1915.5
tsn2,tai30_15_04,30x15,GT,21,1885.0
tsn2,tai30_15_04,30x15,GT,22,1888.5
tsn2,tai30_15_04,30x15,GT,23,1900.0
tsn2,tai30_15_04,30x15,GT,24,1913.0
tsn2,tai30_15_04,30x15,GT,25,1891.5
tsn2,tai30_15_04,30x15,GT,26,1904.0
tsn2,tai30_15_04,30x15,GT,27,1911.0
tsn2,tai30_15_04,30x15,GT,28,1896.0
tsn2,tai30_15_04,30x15,GT,29,1918.5
tsn2,tai30_15_04,30x15,GT,30,1900.0
tsn2,tai30_15_04,30x15,GP,1,1890.0
tsn2,tai30_15_04,30x15,GP,2,1907.5
tsn2,tai30_15_04,30x15,GP,3,1883.0
tsn2,tai30_15_04,30x15,GP,4,1888.0
tsn2,tai30_15_04,30x15,GP,5,1887.5
tsn2,tai30_15_04,30x15,GP,6,1888.5
tsn2,tai30_15_04,30x15,GP,7,1881.0
tsn2,tai30_15_04,30x15,GP,8,1901.0
tsn2,tai30_15_04,30x15,GP,9,1904.5
tsn2,tai30_15_04,30x15,GP,10,1883.0
tsn2,tai30_15_04,30x15,GP,11,1892.5
tsn2,tai30_15_04,30x15,GP,12,1921.0
tsn2,tai30_15_04,30x15,GP,13,1886.0
tsn2,tai30_15_04,30x15,GP,14,1883.0
tsn2,tai30_15_04,30x15,GP,15,1889.0
tsn2,tai30_15_04,30x15,GP,16,1906.5
tsn2,tai30_15_04,30x15,GP,17,1889.0
tsn2,tai30_15_04,30x15,GP,18,1884.5
tsn2,tai30_15_04,30x15,GP,19,1890.0
tsn2,tai30_15_04,30x15,GP,20,1897.0
tsn2,tai30_15_04,30x15,GP,21,1880.5
tsn2,tai30_15_04,30x15,GP,22,1902.5
tsn2,tai30_15_04,30x15,GP,23,1898.0
tsn2,tai30_15_04,30x15,GP,24,1900.0
tsn2,tai30_15_04,30x15,GP,25,1887.5
tsn2,tai30_15_04,30x15,GP,26,1906.0
tsn2,tai30_15_04,30x15,GP,27,1900.5
tsn2,tai30_15_04,30x15,GP,28,1912.0
tsn2,tai30_15_04,30x15,GP,29,1882.0
tsn2,tai30_15_04,30x15,GP,30,1885.0
tsn2,tai30_15_04,30x15,MIX,1,1868.5
tsn2,tai30_15_04,30x15,MIX,2,1883.0
tsn2,tai30_15_04,30x15,MIX,3,1891.0
tsn2,tai30_15_04,30x15,MIX,4,1884.5
tsn2,tai30_15_04,30x15,MIX,5,1872.0
tsn2,tai30_15_04,30x15,MIX,6,1885.5
tsn2,tai30_15_04,30x15,MIX,7,1886.0
tsn2,tai30_15_04,30x15,MIX,8,1883.0
tsn2,tai30_15_04,30x15,MIX,9,1899.5
tsn2,tai30_15_04,30x15,MIX,10,1880.5
tsn2,tai30_15_04,30x15,MIX,11,1888.0
tsn2,tai30_15_04,30x15,MIX,12,1885.5
tsn2,tai30_15_04,30x15,MIX,13,1887.0
tsn2,tai30_15_04,30x15,MIX,14,1892.5
tsn2,tai30_15_04,30x15,MIX,15,1890.5
tsn2,tai30_15_04,30x15,MIX,16,1871.5
tsn2,tai30_15_04,30x15,MIX,17,1884.0
tsn2,tai30_15_04,30x15,MIX,18,1887.5
tsn2,tai30_15_04,30x15,MIX,19,1884.0
tsn2,tai30_15_04,30x15,MIX,20,1887.0
tsn2,tai30_15_04,30x15,MIX,21,1888.0
tsn2,tai30_15_04,30x15,MIX,22,1890.0
tsn2,tai30_15_04,30x15,MIX,23,1900.5
tsn2,tai30_15_04,30x15,MIX,24,1879.5
tsn2,tai30_15_04,30x15,MIX,25,1864.0
tsn2,tai30_15_04,30x15,MIX,26,1883.5
tsn2,tai30_15_04,30x15,MIX,27,1892.5
tsn2,tai30_15_04,30x15,MIX,28,1889.0
tsn2,tai30_15_04,30x15,MIX,29,1871.0
tsn2,tai30_15_04,30x15,MIX,30,1887.0
tsn2,tai30_15_04,30x15,MIXH,1,1888.5
tsn2,tai30_15_04,30x15,MIXH,2,1883.0
tsn2,tai30_15_04,30x15,MIXH,3,1898.5
tsn2,tai30_15_04,30x15,MIXH,4,1886.0
tsn2,tai30_15_04,30x15,MIXH,5,1896.0
tsn2,tai30_15_04,30x15,MIXH,6,1883.0
tsn2,tai30_15_04,30x15,MIXH,7,1892.5
tsn2,tai30_15_04,30x15,MIXH,8,1883.0
tsn2,tai30_15_04,30x15,MIXH,9,1889.0
tsn2,tai30_15_04,30x15,MIXH,10,1883.0
tsn2,tai30_15_04,30x15,MIXH,11,1891.0
tsn2,tai30_15_04,30x15,MIXH,12,1898.0
tsn2,tai30_15_04,30x15,MIXH,13,1855.0
tsn2,tai30_15_04,30x15,MIXH,14,1884.0
tsn2,tai30_15_04,30x15,MIXH,15,1908.5
tsn2,tai30_15_04,30x15,MIXH,16,1895.5
tsn2,tai30_15_04,30x15,MIXH,17,1870.0
tsn2,tai30_15_04,30x15,MIXH,18,1907.0
tsn2,tai30_15_04,30x15,MIXH,19,1889.0
tsn2,tai30_15_04,30x15,MIXH,20,1883.0
tsn2,tai30_15_04,30x15,MIXH,21,1906.5
tsn2,tai30_15_04,30x15,MIXH,22,1894.0
tsn2,tai30_15_04,30x15,MIXH,23,1904.0
tsn2,tai30_15_04,30x15,MIXH,24,1887.5
tsn2,tai30_15_04,30x15,MIXH,25,1898.5
tsn2,tai30_15_04,30x15,MIXH,26,1896.5
tsn2,tai30_15_04,30x15,MIXH,27,1902.0
tsn2,tai30_15_04,30x15,MIXH,28,1895.5
tsn2,tai30_15_04,30x15,MIXH,29,1885.5
tsn2,tai30_15_04,30x15,MIXH,30,1885.5
tsn2,tai30_15_05,30x15,A0,1,2015.0
tsn2,tai30_15_05,30x15,A0,2,2007.0
tsn2,tai30_15_05,30x15,A0,3,2007.0
tsn2,tai30_15_05,30x15,A0,4,2007.0
tsn2,tai30_15_05,30x15,A0,5,2011.5
tsn2,tai30_15_05,30x15,A0,6,2015.0
tsn2,tai30_15_05,30x15,A0,7,2007.0
tsn2,tai30_15_05,30x15,A0,8,2011.5
tsn2,tai30_15_05,30x15,A0,9,2008.5
tsn2,tai30_15_05,30x15,A0,10,2015.0
tsn2,tai30_15_05,30x15,A0,11,2007.0
tsn2,tai30_15_05,30x15,A0,12,2011.5
tsn2,tai30_15_05,30x15,A0,13,2015.0
tsn2,tai30_15_05,30x15,A0,14,2007.0
tsn2,tai30_15_05,30x15,A0,15,2015.0
tsn2,tai30_15_05,30x15,A0,16,2007.0
tsn2,tai30_15_05,30x15,A0,17,2015.0
tsn2,tai30_15_05,30x15,A0,18,2015.0
tsn2,tai30_15_05,30x15,A0,19,2007.0
tsn2,tai30_15_05,30x15,A0,20,2015.0
tsn2,tai30_15_05,30x15,A0,21,2008.5
tsn2,tai30_15_05,30x15,A0,22,2007.0
tsn2,tai30_15_05,30x15,A0,23,2011.5
tsn2,tai30_15_05,30x15,A0,24,2011.5
tsn2,tai30_15_05,30x15,A0,25,2011.5
tsn2,tai30_15_05,30x15,A0,26,2015.0
tsn2,tai30_15_05,30x15,A0,27,2007.0
tsn2,tai30_15_05,30x15,A0,28,2007.0
tsn2,tai30_15_05,30x15,A0,29,2015.0
tsn2,tai30_15_05,30x15,A0,30,2007.0
tsn2,tai30_15_05,30x15,V2H,1,2015.0
tsn2,tai30_15_05,30x15,V2H,2,2015.0
tsn2,tai30_15_05,30x15,V2H,3,2007.0
tsn2,tai30_15_05,30x15,V2H,4,2015.0
tsn2,tai30_15_05,30x15,V2H,5,2015.0
tsn2,tai30_15_05,30x15,V2H,6,2015.0
tsn2,tai30_15_05,30x15,V2H,7,2015.0
tsn2,tai30_15_05,30x15,V2H,8,2015.0
tsn2,tai30_15_05,30x15,V2H,9,2015.0
tsn2,tai30_15_05,30x15,V2H,10,2015.0
tsn2,tai30_15_05,30x15,V2H,11,2015.0
tsn2,tai30_15_05,30x15,V2H,12,2015.0
tsn2,tai30_15_05,30x15,V2H,13,2015.0
tsn2,tai30_15_05,30x15,V2H,14,2015.0
tsn2,tai30_15_05,30x15,V2H,15,2015.0
tsn2,tai30_15_05,30x15,V2H,16,2015.0
tsn2,tai30_15_05,30x15,V2H,17,2015.0
tsn2,tai30_15_05,30x15,V2H,18,2015.0
tsn2,tai30_15_05,30x15,V2H,19,2015.0
tsn2,tai30_15_05,30x15,V2H,20,2015.0
tsn2,tai30_15_05,30x15,V2H,21,2007.5
tsn2,tai30_15_05,30x15,V2H,22,2015.0
tsn2,tai30_15_05,30x15,V2H,23,2015.0
tsn2,tai30_15_05,30x15,V2H,24,2007.5
tsn2,tai30_15_05,30x15,V2H,25,2011.5
tsn2,tai30_15_05,30x15,V2H,26,2011.5
tsn2,tai30_15_05,30x15,V2H,27,2015.0
tsn2,tai30_15_05,30x15,V2H,28,2015.0
tsn2,tai30_15_05,30x15,V2H,29,2015.0
tsn2,tai30_15_05,30x15,V2H,30,2015.0
tsn2,tai30_15_05,30x15,V2,1,2007.0
tsn2,tai30_15_05,30x15,V2,2,2015.0
tsn2,tai30_15_05,30x15,V2,3,2015.0
tsn2,tai30_15_05,30x15,V2,4,2015.0
tsn2,tai30_15_05,30x15,V2,5,2015.0
tsn2,tai30_15_05,30x15,V2,6,2007.5
tsn2,tai30_15_05,30x15,V2,7,2015.0
tsn2,tai30_15_05,30x15,V2,8,2007.5
tsn2,tai30_15_05,30x15,V2,9,2015.0
tsn2,tai30_15_05,30x15,V2,10,2015.0
tsn2,tai30_15_05,30x15,V2,11,2015.0
tsn2,tai30_15_05,30x15,V2,12,2015.0
tsn2,tai30_15_05,30x15,V2,13,2015.0
tsn2,tai30_15_05,30x15,V2,14,2007.0
tsn2,tai30_15_05,30x15,V2,15,2015.0
tsn2,tai30_15_05,30x15,V2,16,2008.5
tsn2,tai30_15_05,30x15,V2,17,2015.0
tsn2,tai30_15_05,30x15,V2,18,2007.0
tsn2,tai30_15_05,30x15,V2,19,2015.0
tsn2,tai30_15_05,30x15,V2,20,2015.0
tsn2,tai30_15_05,30x15,V2,21,2015.0
tsn2,tai30_15_05,30x15,V2,22,2007.0
tsn2,tai30_15_05,30x15,V2,23,2015.0
tsn2,tai30_15_05,30x15,V2,24,2015.0
tsn2,tai30_15_05,30x15,V2,25,2015.0
tsn2,tai30_15_05,30x15,V2,26,2015.0
tsn2,tai30_15_05,30x15,V2,27,2015.0
tsn2,tai30_15_05,30x15,V2,28,2015.0
tsn2,tai30_15_05,30x15,V2,29,2015.0
tsn2,tai30_15_05,30x15,V2,30,2015.0
tsn2,tai30_15_05,30x15,MOR,1,2007.0
tsn2,tai30_15_05,30x15,MOR,2,2007.0
tsn2,tai30_15_05,30x15,MOR,3,2007.0
tsn2,tai30_15_05,30x15,MOR,4,2011.5
tsn2,tai30_15_05,30x15,MOR,5,2011.5
tsn2,tai30_15_05,30x15,MOR,6,2011.5
tsn2,tai30_15_05,30x15,MOR,7,2011.5
tsn2,tai30_15_05,30x15,MOR,8,2011.5
tsn2,tai30_15_05,30x15,MOR,9,2011.5
tsn2,tai30_15_05,30x15,MOR,10,2011.5
tsn2,tai30_15_05,30x15,MOR,11,2012.0
tsn2,tai30_15_05,30x15,MOR,12,2012.0
tsn2,tai30_15_05,30x15,MOR,13,2012.0
tsn2,tai30_15_05,30x15,MOR,14,2011.5
tsn2,tai30_15_05,30x15,MOR,15,2012.0
tsn2,tai30_15_05,30x15,MOR,16,2011.5
tsn2,tai30_15_05,30x15,MOR,17,2011.5
tsn2,tai30_15_05,30x15,MOR,18,2011.5
tsn2,tai30_15_05,30x15,MOR,19,2007.0
tsn2,tai30_15_05,30x15,MOR,20,2011.5
tsn2,tai30_15_05,30x15,MOR,21,2007.0
tsn2,tai30_15_05,30x15,MOR,22,2011.5
tsn2,tai30_15_05,30x15,MOR,23,2012.0
tsn2,tai30_15_05,30x15,MOR,24,2011.5
tsn2,tai30_15_05,30x15,MOR,25,2011.5
tsn2,tai30_15_05,30x15,MOR,26,2007.0
tsn2,tai30_15_05,30x15,MOR,27,2012.0
tsn2,tai30_15_05,30x15,MOR,28,2011.5
tsn2,tai30_15_05,30x15,MOR,29,2011.5
tsn2,tai30_15_05,30x15,MOR,30,2011.5
tsn2,tai30_15_05,30x15,GT,1,2009.0
tsn2,tai30_15_05,30x15,GT,2,2007.0
tsn2,tai30_15_05,30x15,GT,3,2007.0
tsn2,tai30_15_05,30x15,GT,4,2007.0
tsn2,tai30_15_05,30x15,GT,5,2011.5
tsn2,tai30_15_05,30x15,GT,6,2007.0
tsn2,tai30_15_05,30x15,GT,7,2010.5
tsn2,tai30_15_05,30x15,GT,8,2007.0
tsn2,tai30_15_05,30x15,GT,9,2007.0
tsn2,tai30_15_05,30x15,GT,10,2007.0
tsn2,tai30_15_05,30x15,GT,11,2007.0
tsn2,tai30_15_05,30x15,GT,12,2007.0
tsn2,tai30_15_05,30x15,GT,13,2007.0
tsn2,tai30_15_05,30x15,GT,14,2007.0
tsn2,tai30_15_05,30x15,GT,15,2007.0
tsn2,tai30_15_05,30x15,GT,16,2011.5
tsn2,tai30_15_05,30x15,GT,17,2007.0
tsn2,tai30_15_05,30x15,GT,18,2008.5
tsn2,tai30_15_05,30x15,GT,19,2011.5
tsn2,tai30_15_05,30x15,GT,20,2011.5
tsn2,tai30_15_05,30x15,GT,21,2011.5
tsn2,tai30_15_05,30x15,GT,22,2011.5
tsn2,tai30_15_05,30x15,GT,23,2007.0
tsn2,tai30_15_05,30x15,GT,24,2007.0
tsn2,tai30_15_05,30x15,GT,25,2007.0
tsn2,tai30_15_05,30x15,GT,26,2008.5
tsn2,tai30_15_05,30x15,GT,27,2007.0
tsn2,tai30_15_05,30x15,GT,28,2008.5
tsn2,tai30_15_05,30x15,GT,29,2007.0
tsn2,tai30_15_05,30x15,GT,30,2011.5
tsn2,tai30_15_05,30x15,GP,1,2015.0
tsn2,tai30_15_05,30x15,GP,2,2008.5
tsn2,tai30_15_05,30x15,GP,3,2008.5
tsn2,tai30_15_05,30x15,GP,4,2011.5
tsn2,tai30_15_05,30x15,GP,5,2015.0
tsn2,tai30_15_05,30x15,GP,6,2015.0
tsn2,tai30_15_05,30x15,GP,7,2007.0
tsn2,tai30_15_05,30x15,GP,8,2007.0
tsn2,tai30_15_05,30x15,GP,9,2015.0
tsn2,tai30_15_05,30x15,GP,10,2011.5
tsn2,tai30_15_05,30x15,GP,11,2008.5
tsn2,tai30_15_05,30x15,GP,12,2015.0
tsn2,tai30_15_05,30x15,GP,13,2007.0
tsn2,tai30_15_05,30x15,GP,14,2011.5
tsn2,tai30_15_05,30x15,GP,15,2011.5
tsn2,tai30_15_05,30x15,GP,16,2015.0
tsn2,tai30_15_05,30x15,GP,17,2019.0
tsn2,tai30_15_05,30x15,GP,18,2007.0
tsn2,tai30_15_05,30x15,GP,19,2008.5
tsn2,tai30_15_05,30x15,GP,20,2007.0
tsn2,tai30_15_05,30x15,GP,21,2015.0
tsn2,tai30_15_05,30x15,GP,22,2015.0
tsn2,tai30_15_05,30x15,GP,23,2007.0
tsn2,tai30_15_05,30x15,GP,24,2011.5
tsn2,tai30_15_05,30x15,GP,25,2007.5
tsn2,tai30_15_05,30x15,GP,26,2007.0
tsn2,tai30_15_05,30x15,GP,27,2008.5
tsn2,tai30_15_05,30x15,GP,28,2007.0
tsn2,tai30_15_05,30x15,GP,29,2015.0
tsn2,tai30_15_05,30x15,GP,30,2008.5
tsn2,tai30_15_05,30x15,MIX,1,2015.0
tsn2,tai30_15_05,30x15,MIX,2,2015.0
tsn2,tai30_15_05,30x15,MIX,3,2007.0
tsn2,tai30_15_05,30x15,MIX,4,2015.0
tsn2,tai30_15_05,30x15,MIX,5,2015.0
tsn2,tai30_15_05,30x15,MIX,6,2015.0
tsn2,tai30_15_05,30x15,MIX,7,2007.5
tsn2,tai30_15_05,30x15,MIX,8,2007.0
tsn2,tai30_15_05,30x15,MIX,9,2015.0
tsn2,tai30_15_05,30x15,MIX,10,2007.0
tsn2,tai30_15_05,30x15,MIX,11,2015.0
tsn2,tai30_15_05,30x15,MIX,12,2011.5
tsn2,tai30_15_05,30x15,MIX,13,2015.0
tsn2,tai30_15_05,30x15,MIX,14,2015.0
tsn2,tai30_15_05,30x15,MIX,15,2015.0
tsn2,tai30_15_05,30x15,MIX,16,2015.0
tsn2,tai30_15_05,30x15,MIX,17,2015.0
tsn2,tai30_15_05,30x15,MIX,18,2015.0
tsn2,tai30_15_05,30x15,MIX,19,2007.0
tsn2,tai30_15_05,30x15,MIX,20,2015.0
tsn2,tai30_15_05,30x15,MIX,21,2011.5
tsn2,tai30_15_05,30x15,MIX,22,2007.0
tsn2,tai30_15_05,30x15,MIX,23,2015.0
tsn2,tai30_15_05,30x15,MIX,24,2019.0
tsn2,tai30_15_05,30x15,MIX,25,2007.0
tsn2,tai30_15_05,30x15,MIX,26,2015.0
tsn2,tai30_15_05,30x15,MIX,27,2015.0
tsn2,tai30_15_05,30x15,MIX,28,2007.0
tsn2,tai30_15_05,30x15,MIX,29,2008.5
tsn2,tai30_15_05,30x15,MIX,30,2015.0
tsn2,tai30_15_05,30x15,MIXH,1,2007.0
tsn2,tai30_15_05,30x15,MIXH,2,2008.5
tsn2,tai30_15_05,30x15,MIXH,3,2015.0
tsn2,tai30_15_05,30x15,MIXH,4,2008.5
tsn2,tai30_15_05,30x15,MIXH,5,2007.0
tsn2,tai30_15_05,30x15,MIXH,6,2015.0
tsn2,tai30_15_05,30x15,MIXH,7,2015.0
tsn2,tai30_15_05,30x15,MIXH,8,2015.0
tsn2,tai30_15_05,30x15,MIXH,9,2007.0
tsn2,tai30_15_05,30x15,MIXH,10,2015.0
tsn2,tai30_15_05,30x15,MIXH,11,2015.0
tsn2,tai30_15_05,30x15,MIXH,12,2008.5
tsn2,tai30_15_05,30x15,MIXH,13,2007.0
tsn2,tai30_15_05,30x15,MIXH,14,2008.5
tsn2,tai30_15_05,30x15,MIXH,15,2015.0
tsn2,tai30_15_05,30x15,MIXH,16,2007.0
tsn2,tai30_15_05,30x15,MIXH,17,2008.5
tsn2,tai30_15_05,30x15,MIXH,18,2007.0
tsn2,tai30_15_05,30x15,MIXH,19,2010.0
tsn2,tai30_15_05,30x15,MIXH,20,2007.0
tsn2,tai30_15_05,30x15,MIXH,21,2007.0
tsn2,tai30_15_05,30x15,MIXH,22,2007.0
tsn2,tai30_15_05,30x15,MIXH,23,2015.0
tsn2,tai30_15_05,30x15,MIXH,24,2007.0
tsn2,tai30_15_05,30x15,MIXH,25,2015.0
tsn2,tai30_15_05,30x15,MIXH,26,2007.0
tsn2,tai30_15_05,30x15,MIXH,27,2015.0
tsn2,tai30_15_05,30x15,MIXH,28,2007.0
tsn2,tai30_15_05,30x15,MIXH,29,2015.0
tsn2,tai30_15_05,30x15,MIXH,30,2015.0
tsn2,tai30_15_06,30x15,A0,1,1856.5
tsn2,tai30_15_06,30x15,A0,2,1877.0
tsn2,tai30_15_06,30x15,A0,3,1843.5
tsn2,tai30_15_06,30x15,A0,4,1847.0
tsn2,tai30_15_06,30x15,A0,5,1859.5
tsn2,tai30_15_06,30x15,A0,6,1848.5
tsn2,tai30_15_06,30x15,A0,7,1858.5
tsn2,tai30_15_06,30x15,A0,8,1860.5
tsn2,tai30_15_06,30x15,A0,9,1865.5
tsn2,tai30_15_06,30x15,A0,10,1839.5
tsn2,tai30_15_06,30x15,A0,11,1861.5
tsn2,tai30_15_06,30x15,A0,12,1852.5
tsn2,tai30_15_06,30x15,A0,13,1867.0
tsn2,tai30_15_06,30x15,A0,14,1870.5
tsn2,tai30_15_06,30x15,A0,15,1841.0
tsn2,tai30_15_06,30x15,A0,16,1862.0
tsn2,tai30_15_06,30x15,A0,17,1858.5
tsn2,tai30_15_06,30x15,A0,18,1850.5
tsn2,tai30_15_06,30x15,A0,19,1861.5
tsn2,tai30_15_06,30x15,A0,20,1859.5
tsn2,tai30_15_06,30x15,A0,21,1875.5
tsn2,tai30_15_06,30x15,A0,22,1847.5
tsn2,tai30_15_06,30x15,A0,23,1867.0
tsn2,tai30_15_06,30x15,A0,24,1839.5
tsn2,tai30_15_06,30x15,A0,25,1843.5
tsn2,tai30_15_06,30x15,A0,26,1876.0
tsn2,tai30_15_06,30x15,A0,27,1869.0
tsn2,tai30_15_06,30x15,A0,28,1860.0
tsn2,tai30_15_06,30x15,A0,29,1844.0
tsn2,tai30_15_06,30x15,A0,30,1872.5
tsn2,tai30_15_06,30x15,V2H,1,1837.0
tsn2,tai30_15_06,30x15,V2H,2,1858.0
tsn2,tai30_15_06,30x15,V2H,3,1873.0
tsn2,tai30_15_06,30x15,V2H,4,1858.0
tsn2,tai30_15_06,30x15,V2H,5,1836.0
tsn2,tai30_15_06,30x15,V2H,6,1857.0
tsn2,tai30_15_06,30x15,V2H,7,1892.5
tsn2,tai30_15_06,30x15,V2H,8,1868.0
tsn2,tai30_15_06,30x15,V2H,9,1858.0
tsn2,tai30_15_06,30x15,V2H,10,1846.5
tsn2,tai30_15_06,30x15,V2H,11,1858.5
tsn2,tai30_15_06,30x15,V2H,12,1876.0
tsn2,tai30_15_06,30x15,V2H,13,1858.0
tsn2,tai30_15_06,30x15,V2H,14,1871.5
tsn2,tai30_15_06,30x15,V2H,15,1874.0
tsn2,tai30_15_06,30x15,V2H,16,1874.0
tsn2,tai30_15_06,30x15,V2H,17,1874.0
tsn2,tai30_15_06,30x15,V2H,18,1853.0
tsn2,tai30_15_06,30x15,V2H,19,1859.5
tsn2,tai30_15_06,30x15,V2H,20,1849.5
tsn2,tai30_15_06,30x15,V2H,21,1874.0
tsn2,tai30_15_06,30x15,V2H,22,1874.0
tsn2,tai30_15_06,30x15,V2H,23,1871.5
tsn2,tai30_15_06,30x15,V2H,24,1884.0
tsn2,tai30_15_06,30x15,V2H,25,1864.0
tsn2,tai30_15_06,30x15,V2H,26,1843.0
tsn2,tai30_15_06,30x15,V2H,27,1849.5
tsn2,tai30_15_06,30x15,V2H,28,1853.0
tsn2,tai30_15_06,30x15,V2H,29,1872.5
tsn2,tai30_15_06,30x15,V2H,30,1855.5
tsn2,tai30_15_06,30x15,V2,1,1843.5
tsn2,tai30_15_06,30x15,V2,2,1851.5
tsn2,tai30_15_06,30x15,V2,3,1864.0
tsn2,tai30_15_06,30x15,V2,4,1860.5
tsn2,tai30_15_06,30x15,V2,5,1862.0
tsn2,tai30_15_06,30x15,V2,6,1877.0
tsn2,tai30_15_06,30x15,V2,7,1840.0
tsn2,tai30_15_06,30x15,V2,8,1873.5
tsn2,tai30_15_06,30x15,V2,9,1876.0
tsn2,tai30_15_06,30x15,V2,10,1861.0
tsn2,tai30_15_06,30x15,V2,11,1864.0
tsn2,tai30_15_06,30x15,V2,12,1864.0
tsn2,tai30_15_06,30x15,V2,13,1857.5
tsn2,tai30_15_06,30x15,V2,14,1880.5
tsn2,tai30_15_06,30x15,V2,15,1864.0
tsn2,tai30_15_06,30x15,V2,16,1882.5
tsn2,tai30_15_06,30x15,V2,17,1874.0
tsn2,tai30_15_06,30x15,V2,18,1860.5
tsn2,tai30_15_06,30x15,V2,19,1850.0
tsn2,tai30_15_06,30x15,V2,20,1860.5
tsn2,tai30_15_06,30x15,V2,21,1856.5
tsn2,tai30_15_06,30x15,V2,22,1864.5
tsn2,tai30_15_06,30x15,V2,23,1875.5
tsn2,tai30_15_06,30x15,V2,24,1877.0
tsn2,tai30_15_06,30x15,V2,25,1881.0
tsn2,tai30_15_06,30x15,V2,26,1848.0
tsn2,tai30_15_06,30x15,V2,27,1848.0
tsn2,tai30_15_06,30x15,V2,28,1874.0
tsn2,tai30_15_06,30x15,V2,29,1868.5
tsn2,tai30_15_06,30x15,V2,30,1866.0
tsn2,tai30_15_06,30x15,MOR,1,1872.5
tsn2,tai30_15_06,30x15,MOR,2,1884.0
tsn2,tai30_15_06,30x15,MOR,3,1880.0
tsn2,tai30_15_06,30x15,MOR,4,1882.5
tsn2,tai30_15_06,30x15,MOR,5,1900.5
tsn2,tai30_15_06,30x15,MOR,6,1883.5
tsn2,tai30_15_06,30x15,MOR,7,1873.5
tsn2,tai30_15_06,30x15,MOR,8,1877.0
tsn2,tai30_15_06,30x15,MOR,9,1880.0
tsn2,tai30_15_06,30x15,MOR,10,1879.5
tsn2,tai30_15_06,30x15,MOR,11,1875.0
tsn2,tai30_15_06,30x15,MOR,12,1886.5
tsn2,tai30_15_06,30x15,MOR,13,1880.5
tsn2,tai30_15_06,30x15,MOR,14,1887.5
tsn2,tai30_15_06,30x15,MOR,15,1887.0
tsn2,tai30_15_06,30x15,MOR,16,1878.5
tsn2,tai30_15_06,30x15,MOR,17,1893.0
tsn2,tai30_15_06,30x15,MOR,18,1894.5
tsn2,tai30_15_06,30x15,MOR,19,1869.5
tsn2,tai30_15_06,30x15,MOR,20,1880.0
tsn2,tai30_15_06,30x15,MOR,21,1873.0
tsn2,tai30_15_06,30x15,MOR,22,1868.5
tsn2,tai30_15_06,30x15,MOR,23,1881.5
tsn2,tai30_15_06,30x15,MOR,24,1875.5
tsn2,tai30_15_06,30x15,MOR,25,1883.5
tsn2,tai30_15_06,30x15,MOR,26,1881.5
tsn2,tai30_15_06,30x15,MOR,27,1888.5
tsn2,tai30_15_06,30x15,MOR,28,1874.0
tsn2,tai30_15_06,30x15,MOR,29,1879.0
tsn2,tai30_15_06,30x15,MOR,30,1899.5
tsn2,tai30_15_06,30x15,GT,1,1849.5
tsn2,tai30_15_06,30x15,GT,2,1870.0
tsn2,tai30_15_06,30x15,GT,3,1843.5
tsn2,tai30_15_06,30x15,GT,4,1849.0
tsn2,tai30_15_06,30x15,GT,5,1857.0
tsn2,tai30_15_06,30x15,GT,6,1867.0
tsn2,tai30_15_06,30x15,GT,7,1853.5
tsn2,tai30_15_06,30x15,GT,8,1869.0
tsn2,tai30_15_06,30x15,GT,9,1854.0
tsn2,tai30_15_06,30x15,GT,10,1851.5
tsn2,tai30_15_06,30x15,GT,11,1846.5
tsn2,tai30_15_06,30x15,GT,12,1854.5
tsn2,tai30_15_06,30x15,GT,13,1869.0
tsn2,tai30_15_06,30x15,GT,14,1849.5
tsn2,tai30_15_06,30x15,GT,15,1853.0
tsn2,tai30_15_06,30x15,GT,16,1853.5
tsn2,tai30_15_06,30x15,GT,17,1864.5
tsn2,tai30_15_06,30x15,GT,18,1861.5
tsn2,tai30_15_06,30x15,GT,19,1872.5
tsn2,tai30_15_06,30x15,GT,20,1857.0
tsn2,tai30_15_06,30x15,GT,21,1865.5
tsn2,tai30_15_06,30x15,GT,22,1876.0
tsn2,tai30_15_06,30x15,GT,23,1865.0
tsn2,tai30_15_06,30x15,GT,24,1853.5
tsn2,tai30_15_06,30x15,GT,25,1869.0
tsn2,tai30_15_06,30x15,GT,26,1862.0
tsn2,tai30_15_06,30x15,GT,27,1874.0
tsn2,tai30_15_06,30x15,GT,28,1848.5
tsn2,tai30_15_06,30x15,GT,29,1856.0
tsn2,tai30_15_06,30x15,GT,30,1866.5
tsn2,tai30_15_06,30x15,GP,1,1856.0
tsn2,tai30_15_06,30x15,GP,2,1855.5
tsn2,tai30_15_06,30x15,GP,3,1846.0
tsn2,tai30_15_06,30x15,GP,4,1870.5
tsn2,tai30_15_06,30x15,GP,5,1866.0
tsn2,tai30_15_06,30x15,GP,6,1858.5
tsn2,tai30_15_06,30x15,GP,7,1865.0
tsn2,tai30_15_06,30x15,GP,8,1859.5
tsn2,tai30_15_06,30x15,GP,9,1868.0
tsn2,tai30_15_06,30x15,GP,10,1869.5
tsn2,tai30_15_06,30x15,GP,11,1867.0
tsn2,tai30_15_06,30x15,GP,12,1874.0
tsn2,tai30_15_06,30x15,GP,13,1872.5
tsn2,tai30_15_06,30x15,GP,14,1858.0
tsn2,tai30_15_06,30x15,GP,15,1881.5
tsn2,tai30_15_06,30x15,GP,16,1871.0
tsn2,tai30_15_06,30x15,GP,17,1868.0
tsn2,tai30_15_06,30x15,GP,18,1853.0
tsn2,tai30_15_06,30x15,GP,19,1858.0
tsn2,tai30_15_06,30x15,GP,20,1867.0
tsn2,tai30_15_06,30x15,GP,21,1857.0
tsn2,tai30_15_06,30x15,GP,22,1864.0
tsn2,tai30_15_06,30x15,GP,23,1861.0
tsn2,tai30_15_06,30x15,GP,24,1855.0
tsn2,tai30_15_06,30x15,GP,25,1873.5
tsn2,tai30_15_06,30x15,GP,26,1876.0
tsn2,tai30_15_06,30x15,GP,27,1851.5
tsn2,tai30_15_06,30x15,GP,28,1859.5
tsn2,tai30_15_06,30x15,GP,29,1862.0
tsn2,tai30_15_06,30x15,GP,30,1853.5
tsn2,tai30_15_06,30x15,MIX,1,1844.0
tsn2,tai30_15_06,30x15,MIX,2,1841.0
tsn2,tai30_15_06,30x15,MIX,3,1858.0
tsn2,tai30_15_06,30x15,MIX,4,1858.0
tsn2,tai30_15_06,30x15,MIX,5,1881.0
tsn2,tai30_15_06,30x15,MIX,6,1869.5
tsn2,tai30_15_06,30x15,MIX,7,1863.5
tsn2,tai30_15_06,30x15,MIX,8,1864.5
tsn2,tai30_15_06,30x15,MIX,9,1859.0
tsn2,tai30_15_06,30x15,MIX,10,1868.5
tsn2,tai30_15_06,30x15,MIX,11,1861.5
tsn2,tai30_15_06,30x15,MIX,12,1834.5
tsn2,tai30_15_06,30x15,MIX,13,1856.5
tsn2,tai30_15_06,30x15,MIX,14,1847.5
tsn2,tai30_15_06,30x15,MIX,15,1869.0
tsn2,tai30_15_06,30x15,MIX,16,1852.0
tsn2,tai30_15_06,30x15,MIX,17,1844.5
tsn2,tai30_15_06,30x15,MIX,18,1836.5
tsn2,tai30_15_06,30x15,MIX,19,1850.5
tsn2,tai30_15_06,30x15,MIX,20,1862.0
tsn2,tai30_15_06,30x15,MIX,21,1837.0
tsn2,tai30_15_06,30x15,MIX,22,1849.5
tsn2,tai30_15_06,30x15,MIX,23,1857.0
tsn2,tai30_15_06,30x15,MIX,24,1850.0
tsn2,tai30_15_06,30x15,MIX,25,1841.0
tsn2,tai30_15_06,30x15,MIX,26,1856.5
tsn2,tai30_15_06,30x15,MIX,27,1843.0
tsn2,tai30_15_06,30x15,MIX,28,1850.0
tsn2,tai30_15_06,30x15,MIX,29,1847.5
tsn2,tai30_15_06,30x15,MIX,30,1844.0
tsn2,tai30_15_06,30x15,MIXH,1,1866.0
tsn2,tai30_15_06,30x15,MIXH,2,1857.0
tsn2,tai30_15_06,30x15,MIXH,3,1858.0
tsn2,tai30_15_06,30x15,MIXH,4,1845.5
tsn2,tai30_15_06,30x15,MIXH,5,1850.0
tsn2,tai30_15_06,30x15,MIXH,6,1849.5
tsn2,tai30_15_06,30x15,MIXH,7,1836.0
tsn2,tai30_15_06,30x15,MIXH,8,1843.5
tsn2,tai30_15_06,30x15,MIXH,9,1857.0
tsn2,tai30_15_06,30x15,MIXH,10,1842.5
tsn2,tai30_15_06,30x15,MIXH,11,1863.0
tsn2,tai30_15_06,30x15,MIXH,12,1853.5
tsn2,tai30_15_06,30x15,MIXH,13,1871.5
tsn2,tai30_15_06,30x15,MIXH,14,1853.5
tsn2,tai30_15_06,30x15,MIXH,15,1861.0
tsn2,tai30_15_06,30x15,MIXH,16,1864.0
tsn2,tai30_15_06,30x15,MIXH,17,1842.0
tsn2,tai30_15_06,30x15,MIXH,18,1863.0
tsn2,tai30_15_06,30x15,MIXH,19,1838.0
tsn2,tai30_15_06,30x15,MIXH,20,1841.0
tsn2,tai30_15_06,30x15,MIXH,21,1859.0
tsn2,tai30_15_06,30x15,MIXH,22,1866.0
tsn2,tai30_15_06,30x15,MIXH,23,1859.5
tsn2,tai30_15_06,30x15,MIXH,24,1838.5
tsn2,tai30_15_06,30x15,MIXH,25,1845.5
tsn2,tai30_15_06,30x15,MIXH,26,1855.0
tsn2,tai30_15_06,30x15,MIXH,27,1851.5
tsn2,tai30_15_06,30x15,MIXH,28,1858.0
tsn2,tai30_15_06,30x15,MIXH,29,1858.5
tsn2,tai30_15_06,30x15,MIXH,30,1851.0
tsn2,tai30_15_07,30x15,A0,1,1842.0
tsn2,tai30_15_07,30x15,A0,2,1832.0
tsn2,tai30_15_07,30x15,A0,3,1817.0
tsn2,tai30_15_07,30x15,A0,4,1858.0
tsn2,tai30_15_07,30x15,A0,5,1831.0
tsn2,tai30_15_07,30x15,A0,6,1831.0
tsn2,tai30_15_07,30x15,A0,7,1838.0
tsn2,tai30_15_07,30x15,A0,8,1844.5
tsn2,tai30_15_07,30x15,A0,9,1832.5
tsn2,tai30_15_07,30x15,A0,10,1841.5
tsn2,tai30_15_07,30x15,A0,11,1826.0
tsn2,tai30_15_07,30x15,A0,12,1838.0
tsn2,tai30_15_07,30x15,A0,13,1834.0
tsn2,tai30_15_07,30x15,A0,14,1827.0
tsn2,tai30_15_07,30x15,A0,15,1852.0
tsn2,tai30_15_07,30x15,A0,16,1834.5
tsn2,tai30_15_07,30x15,A0,17,1853.0
tsn2,tai30_15_07,30x15,A0,18,1825.5
tsn2,tai30_15_07,30x15,A0,19,1838.0
tsn2,tai30_15_07,30x15,A0,20,1827.0
tsn2,tai30_15_07,30x15,A0,21,1840.0
tsn2,tai30_15_07,30x15,A0,22,1834.5
tsn2,tai30_15_07,30x15,A0,23,1837.0
tsn2,tai30_15_07,30x15,A0,24,1823.0
tsn2,tai30_15_07,30x15,A0,25,1835.0
tsn2,tai30_15_07,30x15,A0,26,1819.5
tsn2,tai30_15_07,30x15,A0,27,1836.5
tsn2,tai30_15_07,30x15,A0,28,1838.0
tsn2,tai30_15_07,30x15,A0,29,1827.5
tsn2,tai30_15_07,30x15,A0,30,1825.5
tsn2,tai30_15_07,30x15,V2H,1,1839.0
tsn2,tai30_15_07,30x15,V2H,2,1848.5
tsn2,tai30_15_07,30x15,V2H,3,1821.5
tsn2,tai30_15_07,30x15,V2H,4,1847.5
tsn2,tai30_15_07,30x15,V2H,5,1838.5
tsn2,tai30_15_07,30x15,V2H,6,1856.5
tsn2,tai30_15_07,30x15,V2H,7,1847.5
tsn2,tai30_15_07,30x15,V2H,8,1822.5
tsn2,tai30_15_07,30x15,V2H,9,1866.0
tsn2,tai30_15_07,30x15,V2H,10,1832.5
tsn2,tai30_15_07,30x15,V2H,11,1842.5
tsn2,tai30_15_07,30x15,V2H,12,1830.5
tsn2,tai30_15_07,30x15,V2H,13,1824.0
tsn2,tai30_15_07,30x15,V2H,14,1832.0
tsn2,tai30_15_07,30x15,V2H,15,1847.5
tsn2,tai30_15_07,30x15,V2H,16,1841.0
tsn2,tai30_15_07,30x15,V2H,17,1828.0
tsn2,tai30_15_07,30x15,V2H,18,1838.0
tsn2,tai30_15_07,30x15,V2H,19,1832.0
tsn2,tai30_15_07,30x15,V2H,20,1864.0
tsn2,tai30_15_07,30x15,V2H,21,1839.0
tsn2,tai30_15_07,30x15,V2H,22,1834.0
tsn2,tai30_15_07,30x15,V2H,23,1862.0
tsn2,tai30_15_07,30x15,V2H,24,1843.5
tsn2,tai30_15_07,30x15,V2H,25,1836.0
tsn2,tai30_15_07,30x15,V2H,26,1840.5
tsn2,tai30_15_07,30x15,V2H,27,1847.0
tsn2,tai30_15_07,30x15,V2H,28,1846.5
tsn2,tai30_15_07,30x15,V2H,29,1832.0
tsn2,tai30_15_07,30x15,V2H,30,1827.5
tsn2,tai30_15_07,30x15,V2,1,1829.0
tsn2,tai30_15_07,30x15,V2,2,1843.0
tsn2,tai30_15_07,30x15,V2,3,1839.5
tsn2,tai30_15_07,30x15,V2,4,1841.5
tsn2,tai30_15_07,30x15,V2,5,1833.0
tsn2,tai30_15_07,30x15,V2,6,1835.5
tsn2,tai30_15_07,30x15,V2,7,1833.0
tsn2,tai30_15_07,30x15,V2,8,1856.5
tsn2,tai30_15_07,30x15,V2,9,1840.5
tsn2,tai30_15_07,30x15,V2,10,1824.5
tsn2,tai30_15_07,30x15,V2,11,1822.5
tsn2,tai30_15_07,30x15,V2,12,1848.0
tsn2,tai30_15_07,30x15,V2,13,1847.0
tsn2,tai30_15_07,30x15,V2,14,1855.0
tsn2,tai30_15_07,30x15,V2,15,1813.0
tsn2,tai30_15_07,30x15,V2,16,1826.5
tsn2,tai30_15_07,30x15,V2,17,1828.0
tsn2,tai30_15_07,30x15,V2,18,1838.0
tsn2,tai30_15_07,30x15,V2,19,1822.0
tsn2,tai30_15_07,30x15,V2,20,1825.0
tsn2,tai30_15_07,30x15,V2,21,1853.0
tsn2,tai30_15_07,30x15,V2,22,1828.5
tsn2,tai30_15_07,30x15,V2,23,1828.5
tsn2,tai30_15_07,30x15,V2,24,1855.5
tsn2,tai30_15_07,30x15,V2,25,1851.5
tsn2,tai30_15_07,30x15,V2,26,1825.5
tsn2,tai30_15_07,30x15,V2,27,1845.0
tsn2,tai30_15_07,30x15,V2,28,1844.5
tsn2,tai30_15_07,30x15,V2,29,1842.5
tsn2,tai30_15_07,30x15,V2,30,1828.5
tsn2,tai30_15_07,30x15,MOR,1,1854.0
tsn2,tai30_15_07,30x15,MOR,2,1836.0
tsn2,tai30_15_07,30x15,MOR,3,1858.0
tsn2,tai30_15_07,30x15,MOR,4,1843.5
tsn2,tai30_15_07,30x15,MOR,5,1838.5
tsn2,tai30_15_07,30x15,MOR,6,1829.5
tsn2,tai30_15_07,30x15,MOR,7,1851.0
tsn2,tai30_15_07,30x15,MOR,8,1837.0
tsn2,tai30_15_07,30x15,MOR,9,1842.5
tsn2,tai30_15_07,30x15,MOR,10,1849.0
tsn2,tai30_15_07,30x15,MOR,11,1843.0
tsn2,tai30_15_07,30x15,MOR,12,1852.5
tsn2,tai30_15_07,30x15,MOR,13,1855.0
tsn2,tai30_15_07,30x15,MOR,14,1855.0
tsn2,tai30_15_07,30x15,MOR,15,1847.5
tsn2,tai30_15_07,30x15,MOR,16,1839.5
tsn2,tai30_15_07,30x15,MOR,17,1856.5
tsn2,tai30_15_07,30x15,MOR,18,1837.5
tsn2,tai30_15_07,30x15,MOR,19,1846.5
tsn2,tai30_15_07,30x15,MOR,20,1845.5
tsn2,tai30_15_07,30x15,MOR,21,1841.5
tsn2,tai30_15_07,30x15,MOR,22,1833.5
tsn2,tai30_15_07,30x15,MOR,23,1841.5
tsn2,tai30_15_07,30x15,MOR,24,1844.5
tsn2,tai30_15_07,30x15,MOR,25,1844.5
tsn2,tai30_15_07,30x15,MOR,26,1849.0
tsn2,tai30_15_07,30x15,MOR,27,1846.0
tsn2,tai30_15_07,30x15,MOR,28,1857.0
tsn2,tai30_15_07,30x15,MOR,29,1859.0
tsn2,tai30_15_07,30x15,MOR,30,1854.0
tsn2,tai30_15_07,30x15,GT,1,1836.5
tsn2,tai30_15_07,30x15,GT,2,1837.5
tsn2,tai30_15_07,30x15,GT,3,1849.0
tsn2,tai30_15_07,30x15,GT,4,1853.0
tsn2,tai30_15_07,30x15,GT,5,1854.0
tsn2,tai30_15_07,30x15,GT,6,1849.5
tsn2,tai30_15_07,30x15,GT,7,1834.0
tsn2,tai30_15_07,30x15,GT,8,1839.5
tsn2,tai30_15_07,30x15,GT,9,1832.0
tsn2,tai30_15_07,30x15,GT,10,1841.5
tsn2,tai30_15_07,30x15,GT,11,1851.5
tsn2,tai30_15_07,30x15,GT,12,1836.0
tsn2,tai30_15_07,30x15,GT,13,1841.5
tsn2,tai30_15_07,30x15,GT,14,1837.5
tsn2,tai30_15_07,30x15,GT,15,1817.0
tsn2,tai30_15_07,30x15,GT,16,1829.0
tsn2,tai30_15_07,30x15,GT,17,1845.5
tsn2,tai30_15_07,30x15,GT,18,1838.0
tsn2,tai30_15_07,30x15,GT,19,1831.5
tsn2,tai30_15_07,30x15,GT,20,1832.5
tsn2,tai30_15_07,30x15,GT,21,1844.0
tsn2,tai30_15_07,30x15,GT,22,1835.5
tsn2,tai30_15_07,30x15,GT,23,1840.0
tsn2,tai30_15_07,30x15,GT,24,1862.5
tsn2,tai30_15_07,30x15,GT,25,1848.5
tsn2,tai30_15_07,30x15,GT,26,1827.5
tsn2,tai30_15_07,30x15,GT,27,1834.5
tsn2,tai30_15_07,30x15,GT,28,1851.0
tsn2,tai30_15_07,30x15,GT,29,1834.0
tsn2,tai30_15_07,30x15,GT,30,1837.0
tsn2,tai30_15_07,30x15,GP,1,1833.0
tsn2,tai30_15_07,30x15,GP,2,1830.5
tsn2,tai30_15_07,30x15,GP,3,1831.0
tsn2,tai30_15_07,30x15,GP,4,1842.5
tsn2,tai30_15_07,30x15,GP,5,1843.0
tsn2,tai30_15_07,30x15,GP,6,1841.0
tsn2,tai30_15_07,30x15,GP,7,1842.0
tsn2,tai30_15_07,30x15,GP,8,1831.5
tsn2,tai30_15_07,30x15,GP,9,1853.0
tsn2,tai30_15_07,30x15,GP,10,1842.0
tsn2,tai30_15_07,30x15,GP,11,1847.5
tsn2,tai30_15_07,30x15,GP,12,1844.5
tsn2,tai30_15_07,30x15,GP,13,1846.5
tsn2,tai30_15_07,30x15,GP,14,1822.5
tsn2,tai30_15_07,30x15,GP,15,1841.0
tsn2,tai30_15_07,30x15,GP,16,1842.5
tsn2,tai30_15_07,30x15,GP,17,1836.0
tsn2,tai30_15_07,30x15,GP,18,1839.5
tsn2,tai30_15_07,30x15,GP,19,1827.0
tsn2,tai30_15_07,30x15,GP,20,1841.5
tsn2,tai30_15_07,30x15,GP,21,1833.5
tsn2,tai30_15_07,30x15,GP,22,1841.0
tsn2,tai30_15_07,30x15,GP,23,1831.5
tsn2,tai30_15_07,30x15,GP,24,1849.0
tsn2,tai30_15_07,30x15,GP,25,1815.5
tsn2,tai30_15_07,30x15,GP,26,1847.5
tsn2,tai30_15_07,30x15,GP,27,1830.0
tsn2,tai30_15_07,30x15,GP,28,1857.0
tsn2,tai30_15_07,30x15,GP,29,1850.5
tsn2,tai30_15_07,30x15,GP,30,1842.5
tsn2,tai30_15_07,30x15,MIX,1,1844.5
tsn2,tai30_15_07,30x15,MIX,2,1850.0
tsn2,tai30_15_07,30x15,MIX,3,1835.5
tsn2,tai30_15_07,30x15,MIX,4,1827.5
tsn2,tai30_15_07,30x15,MIX,5,1847.0
tsn2,tai30_15_07,30x15,MIX,6,1840.5
tsn2,tai30_15_07,30x15,MIX,7,1840.5
tsn2,tai30_15_07,30x15,MIX,8,1829.5
tsn2,tai30_15_07,30x15,MIX,9,1832.5
tsn2,tai30_15_07,30x15,MIX,10,1831.5
tsn2,tai30_15_07,30x15,MIX,11,1844.5
tsn2,tai30_15_07,30x15,MIX,12,1836.0
tsn2,tai30_15_07,30x15,MIX,13,1831.0
tsn2,tai30_15_07,30x15,MIX,14,1830.5
tsn2,tai30_15_07,30x15,MIX,15,1847.5
tsn2,tai30_15_07,30x15,MIX,16,1827.0
tsn2,tai30_15_07,30x15,MIX,17,1821.0
tsn2,tai30_15_07,30x15,MIX,18,1831.5
tsn2,tai30_15_07,30x15,MIX,19,1835.5
tsn2,tai30_15_07,30x15,MIX,20,1851.5
tsn2,tai30_15_07,30x15,MIX,21,1837.0
tsn2,tai30_15_07,30x15,MIX,22,1832.0
tsn2,tai30_15_07,30x15,MIX,23,1830.0
tsn2,tai30_15_07,30x15,MIX,24,1842.5
tsn2,tai30_15_07,30x15,MIX,25,1824.5
tsn2,tai30_15_07,30x15,MIX,26,1828.0
tsn2,tai30_15_07,30x15,MIX,27,1847.0
tsn2,tai30_15_07,30x15,MIX,28,1836.5
tsn2,tai30_15_07,30x15,MIX,29,1840.0
tsn2,tai30_15_07,30x15,MIX,30,1832.5
tsn2,tai30_15_07,30x15,MIXH,1,1836.5
tsn2,tai30_15_07,30x15,MIXH,2,1838.0
tsn2,tai30_15_07,30x15,MIXH,3,1832.5
tsn2,tai30_15_07,30x15,MIXH,4,1824.0
tsn2,tai30_15_07,30x15,MIXH,5,1850.0
tsn2,tai30_15_07,30x15,MIXH,6,1849.5
tsn2,tai30_15_07,30x15,MIXH,7,1851.5
tsn2,tai30_15_07,30x15,MIXH,8,1833.0
tsn2,tai30_15_07,30x15,MIXH,9,1838.5
tsn2,tai30_15_07,30x15,MIXH,10,1843.0
tsn2,tai30_15_07,30x15,MIXH,11,1851.0
tsn2,tai30_15_07,30x15,MIXH,12,1836.0
tsn2,tai30_15_07,30x15,MIXH,13,1827.0
tsn2,tai30_15_07,30x15,MIXH,14,1824.0
tsn2,tai30_15_07,30x15,MIXH,15,1848.0
tsn2,tai30_15_07,30x15,MIXH,16,1845.5
tsn2,tai30_15_07,30x15,MIXH,17,1827.0
tsn2,tai30_15_07,30x15,MIXH,18,1834.0
tsn2,tai30_15_07,30x15,MIXH,19,1837.5
tsn2,tai30_15_07,30x15,MIXH,20,1842.0
tsn2,tai30_15_07,30x15,MIXH,21,1854.5
tsn2,tai30_15_07,30x15,MIXH,22,1850.0
tsn2,tai30_15_07,30x15,MIXH,23,1825.0
tsn2,tai30_15_07,30x15,MIXH,24,1849.0
tsn2,tai30_15_07,30x15,MIXH,25,1851.5
tsn2,tai30_15_07,30x15,MIXH,26,1827.0
tsn2,tai30_15_07,30x15,MIXH,27,1841.5
tsn2,tai30_15_07,30x15,MIXH,28,1841.5
tsn2,tai30_15_07,30x15,MIXH,29,1834.5
tsn2,tai30_15_07,30x15,MIXH,30,1833.5
tsn2,tai30_15_08,30x15,A0,1,1747.0
tsn2,tai30_15_08,30x15,A0,2,1725.0
tsn2,tai30_15_08,30x15,A0,3,1742.0
tsn2,tai30_15_08,30x15,A0,4,1755.0
tsn2,tai30_15_08,30x15,A0,5,1734.0
tsn2,tai30_15_08,30x15,A0,6,1749.5
tsn2,tai30_15_08,30x15,A0,7,1762.0
tsn2,tai30_15_08,30x15,A0,8,1737.0
tsn2,tai30_15_08,30x15,A0,9,1744.0
tsn2,tai30_15_08,30x15,A0,10,1744.5
tsn2,tai30_15_08,30x15,A0,11,1741.5
tsn2,tai30_15_08,30x15,A0,12,1747.0
tsn2,tai30_15_08,30x15,A0,13,1740.0
tsn2,tai30_15_08,30x15,A0,14,1736.5
tsn2,tai30_15_08,30x15,A0,15,1741.0
tsn2,tai30_15_08,30x15,A0,16,1741.5
tsn2,tai30_15_08,30x15,A0,17,1739.0
tsn2,tai30_15_08,30x15,A0,18,1761.0
tsn2,tai30_15_08,30x15,A0,19,1743.0
tsn2,tai30_15_08,30x15,A0,20,1742.0
tsn2,tai30_15_08,30x15,A0,21,1738.5
tsn2,tai30_15_08,30x15,A0,22,1742.0
tsn2,tai30_15_08,30x15,A0,23,1764.0
tsn2,tai30_15_08,30x15,A0,24,1745.5
tsn2,tai30_15_08,30x15,A0,25,1732.0
tsn2,tai30_15_08,30x15,A0,26,1736.5
tsn2,tai30_15_08,30x15,A0,27,1737.5
tsn2,tai30_15_08,30x15,A0,28,1748.0
tsn2,tai30_15_08,30x15,A0,29,1742.0
tsn2,tai30_15_08,30x15,A0,30,1727.5
tsn2,tai30_15_08,30x15,V2H,1,1743.5
tsn2,tai30_15_08,30x15,V2H,2,1738.0
tsn2,tai30_15_08,30x15,V2H,3,1753.5
tsn2,tai30_15_08,30x15,V2H,4,1752.5
tsn2,tai30_15_08,30x15,V2H,5,1754.0
tsn2,tai30_15_08,30x15,V2H,6,1752.0
tsn2,tai30_15_08,30x15,V2H,7,1737.0
tsn2,tai30_15_08,30x15,V2H,8,1752.5
tsn2,tai30_15_08,30x15,V2H,9,1770.5
tsn2,tai30_15_08,30x15,V2H,10,1716.5
tsn2,tai30_15_08,30x15,V2H,11,1736.0
tsn2,tai30_15_08,30x15,V2H,12,1761.0
tsn2,tai30_15_08,30x15,V2H,13,1758.0
tsn2,tai30_15_08,30x15,V2H,14,1743.5
tsn2,tai30_15_08,30x15,V2H,15,1756.5
tsn2,tai30_15_08,30x15,V2H,16,1758.0
tsn2,tai30_15_08,30x15,V2H,17,1738.5
tsn2,tai30_15_08,30x15,V2H,18,1761.5
tsn2,tai30_15_08,30x15,V2H,19,1739.5
tsn2,tai30_15_08,30x15,V2H,20,1745.5
tsn2,tai30_15_08,30x15,V2H,21,1733.0
tsn2,tai30_15_08,30x15,V2H,22,1769.5
tsn2,tai30_15_08,30x15,V2H,23,1746.5
tsn2,tai30_15_08,30x15,V2H,24,1745.5
tsn2,tai30_15_08,30x15,V2H,25,1730.0
tsn2,tai30_15_08,30x15,V2H,26,1727.5
tsn2,tai30_15_08,30x15,V2H,27,1749.5
tsn2,tai30_15_08,30x15,V2H,28,1733.5
tsn2,tai30_15_08,30x15,V2H,29,1758.0
tsn2,tai30_15_08,30x15,V2H,30,1768.0
tsn2,tai30_15_08,30x15,V2,1,1779.0
tsn2,tai30_15_08,30x15,V2,2,1748.0
tsn2,tai30_15_08,30x15,V2,3,1748.0
tsn2,tai30_15_08,30x15,V2,4,1757.5
tsn2,tai30_15_08,30x15,V2,5,1741.0
tsn2,tai30_15_08,30x15,V2,6,1752.5
tsn2,tai30_15_08,30x15,V2,7,1756.0
tsn2,tai30_15_08,30x15,V2,8,1761.5
tsn2,tai30_15_08,30x15,V2,9,1741.5
tsn2,tai30_15_08,30x15,V2,10,1749.0
tsn2,tai30_15_08,30x15,V2,11,1731.5
tsn2,tai30_15_08,30x15,V2,12,1737.5
tsn2,tai30_15_08,30x15,V2,13,1753.0
tsn2,tai30_15_08,30x15,V2,14,1755.0
tsn2,tai30_15_08,30x15,V2,15,1740.0
tsn2,tai30_15_08,30x15,V2,16,1751.0
tsn2,tai30_15_08,30x15,V2,17,1754.0
tsn2,tai30_15_08,30x15,V2,18,1738.0
tsn2,tai30_15_08,30x15,V2,19,1733.5
tsn2,tai30_15_08,30x15,V2,20,1745.0
tsn2,tai30_15_08,30x15,V2,21,1752.0
tsn2,tai30_15_08,30x15,V2,22,1750.0
tsn2,tai30_15_08,30x15,V2,23,1764.0
tsn2,tai30_15_08,30x15,V2,24,1761.5
tsn2,tai30_15_08,30x15,V2,25,1764.0
tsn2,tai30_15_08,30x15,V2,26,1752.0
tsn2,tai30_15_08,30x15,V2,27,1768.5
tsn2,tai30_15_08,30x15,V2,28,1739.0
tsn2,tai30_15_08,30x15,V2,29,1741.5
tsn2,tai30_15_08,30x15,V2,30,1740.0
tsn2,tai30_15_08,30x15,MOR,1,1776.0
tsn2,tai30_15_08,30x15,MOR,2,1742.5
tsn2,tai30_15_08,30x15,MOR,3,1752.5
tsn2,tai30_15_08,30x15,MOR,4,1740.0
tsn2,tai30_15_08,30x15,MOR,5,1732.5
tsn2,tai30_15_08,30x15,MOR,6,1771.0
tsn2,tai30_15_08,30x15,MOR,7,1759.0
tsn2,tai30_15_08,30x15,MOR,8,1738.5
tsn2,tai30_15_08,30x15,MOR,9,1739.5
tsn2,tai30_15_08,30x15,MOR,10,1755.5
tsn2,tai30_15_08,30x15,MOR,11,1741.0
tsn2,tai30_15_08,30x15,MOR,12,1726.5
tsn2,tai30_15_08,30x15,MOR,13,1735.5
tsn2,tai30_15_08,30x15,MOR,14,1740.0
tsn2,tai30_15_08,30x15,MOR,15,1757.0
tsn2,tai30_15_08,30x15,MOR,16,1768.0
tsn2,tai30_15_08,30x15,MOR,17,1743.0
tsn2,tai30_15_08,30x15,MOR,18,1753.5
tsn2,tai30_15_08,30x15,MOR,19,1753.0
tsn2,tai30_15_08,30x15,MOR,20,1749.0
tsn2,tai30_15_08,30x15,MOR,21,1758.5
tsn2,tai30_15_08,30x15,MOR,22,1763.0
tsn2,tai30_15_08,30x15,MOR,23,1740.0
tsn2,tai30_15_08,30x15,MOR,24,1732.0
tsn2,tai30_15_08,30x15,MOR,25,1748.0
tsn2,tai30_15_08,30x15,MOR,26,1735.5
tsn2,tai30_15_08,30x15,MOR,27,1730.0
tsn2,tai30_15_08,30x15,MOR,28,1744.5
tsn2,tai30_15_08,30x15,MOR,29,1731.5
tsn2,tai30_15_08,30x15,MOR,30,1766.0
tsn2,tai30_15_08,30x15,GT,1,1742.5
tsn2,tai30_15_08,30x15,GT,2,1731.5
tsn2,tai30_15_08,30x15,GT,3,1742.5
tsn2,tai30_15_08,30x15,GT,4,1753.5
tsn2,tai30_15_08,30x15,GT,5,1752.5
tsn2,tai30_15_08,30x15,GT,6,1739.0
tsn2,tai30_15_08,30x15,GT,7,1753.5
tsn2,tai30_15_08,30x15,GT,8,1742.5
tsn2,tai30_15_08,30x15,GT,9,1750.5
tsn2,tai30_15_08,30x15,GT,10,1753.5
tsn2,tai30_15_08,30x15,GT,11,1752.0
tsn2,tai30_15_08,30x15,GT,12,1767.5
tsn2,tai30_15_08,30x15,GT,13,1759.0
tsn2,tai30_15_08,30x15,GT,14,1741.5
tsn2,tai30_15_08,30x15,GT,15,1757.0
tsn2,tai30_15_08,30x15,GT,16,1762.5
tsn2,tai30_15_08,30x15,GT,17,1740.5
tsn2,tai30_15_08,30x15,GT,18,1767.0
tsn2,tai30_15_08,30x15,GT,19,1774.5
tsn2,tai30_15_08,30x15,GT,20,1738.0
tsn2,tai30_15_08,30x15,GT,21,1741.0
tsn2,tai30_15_08,30x15,GT,22,1756.5
tsn2,tai30_15_08,30x15,GT,23,1730.5
tsn2,tai30_15_08,30x15,GT,24,1767.0
tsn2,tai30_15_08,30x15,GT,25,1749.0
tsn2,tai30_15_08,30x15,GT,26,1741.5
tsn2,tai30_15_08,30x15,GT,27,1734.0
tsn2,tai30_15_08,30x15,GT,28,1741.5
tsn2,tai30_15_08,30x15,GT,29,1750.5
tsn2,tai30_15_08,30x15,GT,30,1752.5
tsn2,tai30_15_08,30x15,GP,1,1740.0
tsn2,tai30_15_08,30x15,GP,2,1749.0
tsn2,tai30_15_08,30x15,GP,3,1758.5
tsn2,tai30_15_08,30x15,GP,4,1737.0
tsn2,tai30_15_08,30x15,GP,5,1743.5
tsn2,tai30_15_08,30x15,GP,6,1715.0
tsn2,tai30_15_08,30x15,GP,7,1727.5
tsn2,tai30_15_08,30x15,GP,8,1728.5
tsn2,tai30_15_08,30x15,GP,9,1734.0
tsn2,tai30_15_08,30x15,GP,10,1738.5
tsn2,tai30_15_08,30x15,GP,11,1738.5
tsn2,tai30_15_08,30x15,GP,12,1742.0
tsn2,tai30_15_08,30x15,GP,13,1729.5
tsn2,tai30_15_08,30x15,GP,14,1725.0
tsn2,tai30_15_08,30x15,GP,15,1745.0
tsn2,tai30_15_08,30x15,GP,16,1727.5
tsn2,tai30_15_08,30x15,GP,17,1728.0
tsn2,tai30_15_08,30x15,GP,18,1761.5
tsn2,tai30_15_08,30x15,GP,19,1736.5
tsn2,tai30_15_08,30x15,GP,20,1734.0
tsn2,tai30_15_08,30x15,GP,21,1731.0
tsn2,tai30_15_08,30x15,GP,22,1735.0
tsn2,tai30_15_08,30x15,GP,23,1733.0
tsn2,tai30_15_08,30x15,GP,24,1746.5
tsn2,tai30_15_08,30x15,GP,25,1728.0
tsn2,tai30_15_08,30x15,GP,26,1754.5
tsn2,tai30_15_08,30x15,GP,27,1736.5
tsn2,tai30_15_08,30x15,GP,28,1730.0
tsn2,tai30_15_08,30x15,GP,29,1726.5
tsn2,tai30_15_08,30x15,GP,30,1753.0
tsn2,tai30_15_08,30x15,MIX,1,1745.5
tsn2,tai30_15_08,30x15,MIX,2,1761.5
tsn2,tai30_15_08,30x15,MIX,3,1734.0
tsn2,tai30_15_08,30x15,MIX,4,1751.5
tsn2,tai30_15_08,30x15,MIX,5,1736.0
tsn2,tai30_15_08,30x15,MIX,6,1737.0
tsn2,tai30_15_08,30x15,MIX,7,1738.5
tsn2,tai30_15_08,30x15,MIX,8,1734.5
tsn2,tai30_15_08,30x15,MIX,9,1724.0
tsn2,tai30_15_08,30x15,MIX,10,1742.5
tsn2,tai30_15_08,30x15,MIX,11,1738.0
tsn2,tai30_15_08,30x15,MIX,12,1722.0
tsn2,tai30_15_08,30x15,MIX,13,1717.5
tsn2,tai30_15_08,30x15,MIX,14,1735.5
tsn2,tai30_15_08,30x15,MIX,15,1730.5
tsn2,tai30_15_08,30x15,MIX,16,1740.5
tsn2,tai30_15_08,30x15,MIX,17,1753.0
tsn2,tai30_15_08,30x15,MIX,18,1760.5
tsn2,tai30_15_08,30x15,MIX,19,1742.0
tsn2,tai30_15_08,30x15,MIX,20,1743.5
tsn2,tai30_15_08,30x15,MIX,21,1737.0
tsn2,tai30_15_08,30x15,MIX,22,1748.0
tsn2,tai30_15_08,30x15,MIX,23,1730.5
tsn2,tai30_15_08,30x15,MIX,24,1736.5
tsn2,tai30_15_08,30x15,MIX,25,1733.0
tsn2,tai30_15_08,30x15,MIX,26,1754.5
tsn2,tai30_15_08,30x15,MIX,27,1724.0
tsn2,tai30_15_08,30x15,MIX,28,1732.5
tsn2,tai30_15_08,30x15,MIX,29,1748.0
tsn2,tai30_15_08,30x15,MIX,30,1757.0
tsn2,tai30_15_08,30x15,MIXH,1,1733.5
tsn2,tai30_15_08,30x15,MIXH,2,1751.0
tsn2,tai30_15_08,30x15,MIXH,3,1744.0
tsn2,tai30_15_08,30x15,MIXH,4,1750.0
tsn2,tai30_15_08,30x15,MIXH,5,1732.5
tsn2,tai30_15_08,30x15,MIXH,6,1721.5
tsn2,tai30_15_08,30x15,MIXH,7,1751.0
tsn2,tai30_15_08,30x15,MIXH,8,1756.0
tsn2,tai30_15_08,30x15,MIXH,9,1769.0
tsn2,tai30_15_08,30x15,MIXH,10,1756.0
tsn2,tai30_15_08,30x15,MIXH,11,1744.0
tsn2,tai30_15_08,30x15,MIXH,12,1732.0
tsn2,tai30_15_08,30x15,MIXH,13,1763.0
tsn2,tai30_15_08,30x15,MIXH,14,1722.5
tsn2,tai30_15_08,30x15,MIXH,15,1756.0
tsn2,tai30_15_08,30x15,MIXH,16,1750.5
tsn2,tai30_15_08,30x15,MIXH,17,1758.5
tsn2,tai30_15_08,30x15,MIXH,18,1732.5
tsn2,tai30_15_08,30x15,MIXH,19,1738.0
tsn2,tai30_15_08,30x15,MIXH,20,1745.0
tsn2,tai30_15_08,30x15,MIXH,21,1733.0
tsn2,tai30_15_08,30x15,MIXH,22,1752.0
tsn2,tai30_15_08,30x15,MIXH,23,1735.5
tsn2,tai30_15_08,30x15,MIXH,24,1738.5
tsn2,tai30_15_08,30x15,MIXH,25,1744.5
tsn2,tai30_15_08,30x15,MIXH,26,1742.0
tsn2,tai30_15_08,30x15,MIXH,27,1727.0
tsn2,tai30_15_08,30x15,MIXH,28,1725.5
tsn2,tai30_15_08,30x15,MIXH,29,1727.5
tsn2,tai30_15_08,30x15,MIXH,30,1743.0
tsn2,tai30_15_09,30x15,A0,1,1822.0
tsn2,tai30_15_09,30x15,A0,2,1842.0
tsn2,tai30_15_09,30x15,A0,3,1818.5
tsn2,tai30_15_09,30x15,A0,4,1838.5
tsn2,tai30_15_09,30x15,A0,5,1837.5
tsn2,tai30_15_09,30x15,A0,6,1831.5
tsn2,tai30_15_09,30x15,A0,7,1831.0
tsn2,tai30_15_09,30x15,A0,8,1831.0
tsn2,tai30_15_09,30x15,A0,9,1837.0
tsn2,tai30_15_09,30x15,A0,10,1836.0
tsn2,tai30_15_09,30x15,A0,11,1820.5
tsn2,tai30_15_09,30x15,A0,12,1824.0
tsn2,tai30_15_09,30x15,A0,13,1824.0
tsn2,tai30_15_09,30x15,A0,14,1837.0
tsn2,tai30_15_09,30x15,A0,15,1824.0
tsn2,tai30_15_09,30x15,A0,16,1824.0
tsn2,tai30_15_09,30x15,A0,17,1823.0
tsn2,tai30_15_09,30x15,A0,18,1839.0
tsn2,tai30_15_09,30x15,A0,19,1836.5
tsn2,tai30_15_09,30x15,A0,20,1831.0
tsn2,tai30_15_09,30x15,A0,21,1819.5
tsn2,tai30_15_09,30x15,A0,22,1841.0
tsn2,tai30_15_09,30x15,A0,23,1859.0
tsn2,tai30_15_09,30x15,A0,24,1832.0
tsn2,tai30_15_09,30x15,A0,25,1837.0
tsn2,tai30_15_09,30x15,A0,26,1824.0
tsn2,tai30_15_09,30x15,A0,27,1837.0
tsn2,tai30_15_09,30x15,A0,28,1849.0
tsn2,tai30_15_09,30x15,A0,29,1833.0
tsn2,tai30_15_09,30x15,A0,30,1836.0
tsn2,tai30_15_09,30x15,V2H,1,1841.0
tsn2,tai30_15_09,30x15,V2H,2,1833.0
tsn2,tai30_15_09,30x15,V2H,3,1832.5
tsn2,tai30_15_09,30x15,V2H,4,1860.0
tsn2,tai30_15_09,30x15,V2H,5,1831.0
tsn2,tai30_15_09,30x15,V2H,6,1824.5
tsn2,tai30_15_09,30x15,V2H,7,1829.0
tsn2,tai30_15_09,30x15,V2H,8,1835.5
tsn2,tai30_15_09,30x15,V2H,9,1842.0
tsn2,tai30_15_09,30x15,V2H,10,1823.0
tsn2,tai30_15_09,30x15,V2H,11,1827.0
tsn2,tai30_15_09,30x15,V2H,12,1834.5
tsn2,tai30_15_09,30x15,V2H,13,1848.5
tsn2,tai30_15_09,30x15,V2H,14,1833.5
tsn2,tai30_15_09,30x15,V2H,15,1819.5
tsn2,tai30_15_09,30x15,V2H,16,1825.5
tsn2,tai30_15_09,30x15,V2H,17,1838.5
tsn2,tai30_15_09,30x15,V2H,18,1835.0
tsn2,tai30_15_09,30x15,V2H,19,1838.0
tsn2,tai30_15_09,30x15,V2H,20,1843.5
tsn2,tai30_15_09,30x15,V2H,21,1828.5
tsn2,tai30_15_09,30x15,V2H,22,1831.5
tsn2,tai30_15_09,30x15,V2H,23,1832.5
tsn2,tai30_15_09,30x15,V2H,24,1837.5
tsn2,tai30_15_09,30x15,V2H,25,1828.0
tsn2,tai30_15_09,30x15,V2H,26,1840.0
tsn2,tai30_15_09,30x15,V2H,27,1840.5
tsn2,tai30_15_09,30x15,V2H,28,1831.0
tsn2,tai30_15_09,30x15,V2H,29,1842.5
tsn2,tai30_15_09,30x15,V2H,30,1832.5
tsn2,tai30_15_09,30x15,V2,1,1845.5
tsn2,tai30_15_09,30x15,V2,2,1831.5
tsn2,tai30_15_09,30x15,V2,3,1845.5
tsn2,tai30_15_09,30x15,V2,4,1828.0
tsn2,tai30_15_09,30x15,V2,5,1834.5
tsn2,tai30_15_09,30x15,V2,6,1849.0
tsn2,tai30_15_09,30x15,V2,7,1842.0
tsn2,tai30_15_09,30x15,V2,8,1829.5
tsn2,tai30_15_09,30x15,V2,9,1831.0
tsn2,tai30_15_09,30x15,V2,10,1850.0
tsn2,tai30_15_09,30x15,V2,11,1818.0
tsn2,tai30_15_09,30x15,V2,12,1833.5
tsn2,tai30_15_09,30x15,V2,13,1818.5
tsn2,tai30_15_09,30x15,V2,14,1826.0
tsn2,tai30_15_09,30x15,V2,15,1819.0
tsn2,tai30_15_09,30x15,V2,16,1844.5
tsn2,tai30_15_09,30x15,V2,17,1829.0
tsn2,tai30_15_09,30x15,V2,18,1821.5
tsn2,tai30_15_09,30x15,V2,19,1839.5
tsn2,tai30_15_09,30x15,V2,20,1814.5
tsn2,tai30_15_09,30x15,V2,21,1835.0
tsn2,tai30_15_09,30x15,V2,22,1827.0
tsn2,tai30_15_09,30x15,V2,23,1815.0
tsn2,tai30_15_09,30x15,V2,24,1817.5
tsn2,tai30_15_09,30x15,V2,25,1829.0
tsn2,tai30_15_09,30x15,V2,26,1831.5
tsn2,tai30_15_09,30x15,V2,27,1834.5
tsn2,tai30_15_09,30x15,V2,28,1863.0
tsn2,tai30_15_09,30x15,V2,29,1831.0
tsn2,tai30_15_09,30x15,V2,30,1856.0
tsn2,tai30_15_09,30x15,MOR,1,1842.5
tsn2,tai30_15_09,30x15,MOR,2,1876.5
tsn2,tai30_15_09,30x15,MOR,3,1830.5
tsn2,tai30_15_09,30x15,MOR,4,1832.0
tsn2,tai30_15_09,30x15,MOR,5,1855.0
tsn2,tai30_15_09,30x15,MOR,6,1850.5
tsn2,tai30_15_09,30x15,MOR,7,1842.0
tsn2,tai30_15_09,30x15,MOR,8,1866.0
tsn2,tai30_15_09,30x15,MOR,9,1872.0
tsn2,tai30_15_09,30x15,MOR,10,1865.0
tsn2,tai30_15_09,30x15,MOR,11,1830.5
tsn2,tai30_15_09,30x15,MOR,12,1847.0
tsn2,tai30_15_09,30x15,MOR,13,1854.5
tsn2,tai30_15_09,30x15,MOR,14,1842.0
tsn2,tai30_15_09,30x15,MOR,15,1832.0
tsn2,tai30_15_09,30x15,MOR,16,1867.5
tsn2,tai30_15_09,30x15,MOR,17,1872.0
tsn2,tai30_15_09,30x15,MOR,18,1857.0
tsn2,tai30_15_09,30x15,MOR,19,1876.5
tsn2,tai30_15_09,30x15,MOR,20,1875.5
tsn2,tai30_15_09,30x15,MOR,21,1842.0
tsn2,tai30_15_09,30x15,MOR,22,1868.5
tsn2,tai30_15_09,30x15,MOR,23,1858.0
tsn2,tai30_15_09,30x15,MOR,24,1834.0
tsn2,tai30_15_09,30x15,MOR,25,1869.0
tsn2,tai30_15_09,30x15,MOR,26,1865.0
tsn2,tai30_15_09,30x15,MOR,27,1855.0
tsn2,tai30_15_09,30x15,MOR,28,1853.5
tsn2,tai30_15_09,30x15,MOR,29,1836.0
tsn2,tai30_15_09,30x15,MOR,30,1867.0
tsn2,tai30_15_09,30x15,GT,1,1832.0
tsn2,tai30_15_09,30x15,GT,2,1827.0
tsn2,tai30_15_09,30x15,GT,3,1858.0
tsn2,tai30_15_09,30x15,GT,4,1835.0
tsn2,tai30_15_09,30x15,GT,5,1834.5
tsn2,tai30_15_09,30x15,GT,6,1828.0
tsn2,tai30_15_09,30x15,GT,7,1832.5
tsn2,tai30_15_09,30x15,GT,8,1840.0
tsn2,tai30_15_09,30x15,GT,9,1853.5
tsn2,tai30_15_09,30x15,GT,10,1827.0
tsn2,tai30_15_09,30x15,GT,11,1832.0
tsn2,tai30_15_09,30x15,GT,12,1844.0
tsn2,tai30_15_09,30x15,GT,13,1839.0
tsn2,tai30_15_09,30x15,GT,14,1825.5
tsn2,tai30_15_09,30x15,GT,15,1827.0
tsn2,tai30_15_09,30x15,GT,16,1833.0
tsn2,tai30_15_09,30x15,GT,17,1833.0
tsn2,tai30_15_09,30x15,GT,18,1829.0
tsn2,tai30_15_09,30x15,GT,19,1855.0
tsn2,tai30_15_09,30x15,GT,20,1832.0
tsn2,tai30_15_09,30x15,GT,21,1857.0
tsn2,tai30_15_09,30x15,GT,22,1832.0
tsn2,tai30_15_09,30x15,GT,23,1852.0
tsn2,tai30_15_09,30x15,GT,24,1844.5
tsn2,tai30_15_09,30x15,GT,25,1858.0
tsn2,tai30_15_09,30x15,GT,26,1837.5
tsn2,tai30_15_09,30x15,GT,27,1827.0
tsn2,tai30_15_09,30x15,GT,28,1831.5
tsn2,tai30_15_09,30x15,GT,29,1840.0
tsn2,tai30_15_09,30x15,GT,30,1829.0
tsn2,tai30_15_09,30x15,GP,1,1828.0
tsn2,tai30_15_09,30x15,GP,2,1833.0
tsn2,tai30_15_09,30x15,GP,3,1827.0
tsn2,tai30_15_09,30x15,GP,4,1837.5
tsn2,tai30_15_09,30x15,GP,5,1826.5
tsn2,tai30_15_09,30x15,GP,6,1827.0
tsn2,tai30_15_09,30x15,GP,7,1839.5
tsn2,tai30_15_09,30x15,GP,8,1825.0
tsn2,tai30_15_09,30x15,GP,9,1849.0
tsn2,tai30_15_09,30x15,GP,10,1836.0
tsn2,tai30_15_09,30x15,GP,11,1828.0
tsn2,tai30_15_09,30x15,GP,12,1841.0
tsn2,tai30_15_09,30x15,GP,13,1833.0
tsn2,tai30_15_09,30x15,GP,14,1839.0
tsn2,tai30_15_09,30x15,GP,15,1826.5
tsn2,tai30_15_09,30x15,GP,16,1826.5
tsn2,tai30_15_09,30x15,GP,17,1831.0
tsn2,tai30_15_09,30x15,GP,18,1832.5
tsn2,tai30_15_09,30x15,GP,19,1833.0
tsn2,tai30_15_09,30x15,GP,20,1833.0
tsn2,tai30_15_09,30x15,GP,21,1835.0
tsn2,tai30_15_09,30x15,GP,22,1833.0
tsn2,tai30_15_09,30x15,GP,23,1814.0
tsn2,tai30_15_09,30x15,GP,24,1832.0
tsn2,tai30_15_09,30x15,GP,25,1831.5
tsn2,tai30_15_09,30x15,GP,26,1833.0
tsn2,tai30_15_09,30x15,GP,27,1838.0
tsn2,tai30_15_09,30x15,GP,28,1831.0
tsn2,tai30_15_09,30x15,GP,29,1829.0
tsn2,tai30_15_09,30x15,GP,30,1826.5
tsn2,tai30_15_09,30x15,MIX,1,1833.0
tsn2,tai30_15_09,30x15,MIX,2,1831.0
tsn2,tai30_15_09,30x15,MIX,3,1831.0
tsn2,tai30_15_09,30x15,MIX,4,1834.0
tsn2,tai30_15_09,30x15,MIX,5,1831.0
tsn2,tai30_15_09,30x15,MIX,6,1817.0
tsn2,tai30_15_09,30x15,MIX,7,1817.5
tsn2,tai30_15_09,30x15,MIX,8,1825.5
tsn2,tai30_15_09,30x15,MIX,9,1825.5
tsn2,tai30_15_09,30x15,MIX,10,1809.0
tsn2,tai30_15_09,30x15,MIX,11,1833.0
tsn2,tai30_15_09,30x15,MIX,12,1831.0
tsn2,tai30_15_09,30x15,MIX,13,1835.0
tsn2,tai30_15_09,30x15,MIX,14,1820.0
tsn2,tai30_15_09,30x15,MIX,15,1831.0
tsn2,tai30_15_09,30x15,MIX,16,1831.0
tsn2,tai30_15_09,30x15,MIX,17,1835.5
tsn2,tai30_15_09,30x15,MIX,18,1828.5
tsn2,tai30_15_09,30x15,MIX,19,1827.0
tsn2,tai30_15_09,30x15,MIX,20,1825.5
tsn2,tai30_15_09,30x15,MIX,21,1845.0
tsn2,tai30_15_09,30x15,MIX,22,1827.0
tsn2,tai30_15_09,30x15,MIX,23,1818.5
tsn2,tai30_15_09,30x15,MIX,24,1834.5
tsn2,tai30_15_09,30x15,MIX,25,1831.0
tsn2,tai30_15_09,30x15,MIX,26,1828.5
tsn2,tai30_15_09,30x15,MIX,27,1834.5
tsn2,tai30_15_09,30x15,MIX,28,1831.0
tsn2,tai30_15_09,30x15,MIX,29,1831.0
tsn2,tai30_15_09,30x15,MIX,30,1827.0
tsn2,tai30_15_09,30x15,MIXH,1,1825.5
tsn2,tai30_15_09,30x15,MIXH,2,1831.0
tsn2,tai30_15_09,30x15,MIXH,3,1823.5
tsn2,tai30_15_09,30x15,MIXH,4,1821.5
tsn2,tai30_15_09,30x15,MIXH,5,1859.5
tsn2,tai30_15_09,30x15,MIXH,6,1834.5
tsn2,tai30_15_09,30x15,MIXH,7,1828.0
tsn2,tai30_15_09,30x15,MIXH,8,1837.5
tsn2,tai30_15_09,30x15,MIXH,9,1818.0
tsn2,tai30_15_09,30x15,MIXH,10,1831.0
tsn2,tai30_15_09,30x15,MIXH,11,1826.5
tsn2,tai30_15_09,30x15,MIXH,12,1832.0
tsn2,tai30_15_09,30x15,MIXH,13,1839.0
tsn2,tai30_15_09,30x15,MIXH,14,1826.0
tsn2,tai30_15_09,30x15,MIXH,15,1823.0
tsn2,tai30_15_09,30x15,MIXH,16,1833.0
tsn2,tai30_15_09,30x15,MIXH,17,1835.0
tsn2,tai30_15_09,30x15,MIXH,18,1842.0
tsn2,tai30_15_09,30x15,MIXH,19,1863.0
tsn2,tai30_15_09,30x15,MIXH,20,1814.0
tsn2,tai30_15_09,30x15,MIXH,21,1829.0
tsn2,tai30_15_09,30x15,MIXH,22,1829.0
tsn2,tai30_15_09,30x15,MIXH,23,1830.5
tsn2,tai30_15_09,30x15,MIXH,24,1842.0
tsn2,tai30_15_09,30x15,MIXH,25,1822.0
tsn2,tai30_15_09,30x15,MIXH,26,1832.0
tsn2,tai30_15_09,30x15,MIXH,27,1831.0
tsn2,tai30_15_09,30x15,MIXH,28,1816.0
tsn2,tai30_15_09,30x15,MIXH,29,1813.5
tsn2,tai30_15_09,30x15,MIXH,30,1829.0
tsn2,tai30_15_10,30x15,A0,1,1739.5
tsn2,tai30_15_10,30x15,A0,2,1740.0
tsn2,tai30_15_10,30x15,A0,3,1740.5
tsn2,tai30_15_10,30x15,A0,4,1744.0
tsn2,tai30_15_10,30x15,A0,5,1729.5
tsn2,tai30_15_10,30x15,A0,6,1771.0
tsn2,tai30_15_10,30x15,A0,7,1742.5
tsn2,tai30_15_10,30x15,A0,8,1762.0
tsn2,tai30_15_10,30x15,A0,9,1790.5
tsn2,tai30_15_10,30x15,A0,10,1765.5
tsn2,tai30_15_10,30x15,A0,11,1739.0
tsn2,tai30_15_10,30x15,A0,12,1750.5
tsn2,tai30_15_10,30x15,A0,13,1760.0
tsn2,tai30_15_10,30x15,A0,14,1746.0
tsn2,tai30_15_10,30x15,A0,15,1751.0
tsn2,tai30_15_10,30x15,A0,16,1740.0
tsn2,tai30_15_10,30x15,A0,17,1769.0
tsn2,tai30_15_10,30x15,A0,18,1748.0
tsn2,tai30_15_10,30x15,A0,19,1750.0
tsn2,tai30_15_10,30x15,A0,20,1744.0
tsn2,tai30_15_10,30x15,A0,21,1741.0
tsn2,tai30_15_10,30x15,A0,22,1760.0
tsn2,tai30_15_10,30x15,A0,23,1749.5
tsn2,tai30_15_10,30x15,A0,24,1743.5
tsn2,tai30_15_10,30x15,A0,25,1766.0
tsn2,tai30_15_10,30x15,A0,26,1749.5
tsn2,tai30_15_10,30x15,A0,27,1762.5
tsn2,tai30_15_10,30x15,A0,28,1738.0
tsn2,tai30_15_10,30x15,A0,29,1727.5
tsn2,tai30_15_10,30x15,A0,30,1745.0
tsn2,tai30_15_10,30x15,V2H,1,1742.0
tsn2,tai30_15_10,30x15,V2H,2,1743.0
tsn2,tai30_15_10,30x15,V2H,3,1739.0
tsn2,tai30_15_10,30x15,V2H,4,1735.5
tsn2,tai30_15_10,30x15,V2H,5,1751.5
tsn2,tai30_15_10,30x15,V2H,6,1748.0
tsn2,tai30_15_10,30x15,V2H,7,1740.5
tsn2,tai30_15_10,30x15,V2H,8,1766.0
tsn2,tai30_15_10,30x15,V2H,9,1778.5
tsn2,tai30_15_10,30x15,V2H,10,1744.5
tsn2,tai30_15_10,30x15,V2H,11,1747.5
tsn2,tai30_15_10,30x15,V2H,12,1754.5
tsn2,tai30_15_10,30x15,V2H,13,1760.5
tsn2,tai30_15_10,30x15,V2H,14,1769.5
tsn2,tai30_15_10,30x15,V2H,15,1747.0
tsn2,tai30_15_10,30x15,V2H,16,1750.0
tsn2,tai30_15_10,30x15,V2H,17,1758.0
tsn2,tai30_15_10,30x15,V2H,18,1744.0
tsn2,tai30_15_10,30x15,V2H,19,1757.5
tsn2,tai30_15_10,30x15,V2H,20,1748.5
tsn2,tai30_15_10,30x15,V2H,21,1747.5
tsn2,tai30_15_10,30x15,V2H,22,1759.0
tsn2,tai30_15_10,30x15,V2H,23,1790.5
tsn2,tai30_15_10,30x15,V2H,24,1778.0
tsn2,tai30_15_10,30x15,V2H,25,1754.0
tsn2,tai30_15_10,30x15,V2H,26,1725.0
tsn2,tai30_15_10,30x15,V2H,27,1748.5
tsn2,tai30_15_10,30x15,V2H,28,1732.5
tsn2,tai30_15_10,30x15,V2H,29,1779.0
tsn2,tai30_15_10,30x15,V2H,30,1733.0
tsn2,tai30_15_10,30x15,V2,1,1748.5
tsn2,tai30_15_10,30x15,V2,2,1745.5
tsn2,tai30_15_10,30x15,V2,3,1755.0
tsn2,tai30_15_10,30x15,V2,4,1735.5
tsn2,tai30_15_10,30x15,V2,5,1759.0
tsn2,tai30_15_10,30x15,V2,6,1744.5
tsn2,tai30_15_10,30x15,V2,7,1748.5
tsn2,tai30_15_10,30x15,V2,8,1758.5
tsn2,tai30_15_10,30x15,V2,9,1767.0
tsn2,tai30_15_10,30x15,V2,10,1735.5
tsn2,tai30_15_10,30x15,V2,11,1751.5
tsn2,tai30_15_10,30x15,V2,12,1757.0
tsn2,tai30_15_10,30x15,V2,13,1752.0
tsn2,tai30_15_10,30x15,V2,14,1740.0
tsn2,tai30_15_10,30x15,V2,15,1750.5
tsn2,tai30_15_10,30x15,V2,16,1775.5
tsn2,tai30_15_10,30x15,V2,17,1751.5
tsn2,tai30_15_10,30x15,V2,18,1745.5
tsn2,tai30_15_10,30x15,V2,19,1759.0
tsn2,tai30_15_10,30x15,V2,20,1760.5
tsn2,tai30_15_10,30x15,V2,21,1762.5
tsn2,tai30_15_10,30x15,V2,22,1734.5
tsn2,tai30_15_10,30x15,V2,23,1761.0
tsn2,tai30_15_10,30x15,V2,24,1737.5
tsn2,tai30_15_10,30x15,V2,25,1740.5
tsn2,tai30_15_10,30x15,V2,26,1743.0
tsn2,tai30_15_10,30x15,V2,27,1748.0
tsn2,tai30_15_10,30x15,V2,28,1751.5
tsn2,tai30_15_10,30x15,V2,29,1753.0
tsn2,tai30_15_10,30x15,V2,30,1751.0
tsn2,tai30_15_10,30x15,MOR,1,1765.5
tsn2,tai30_15_10,30x15,MOR,2,1796.0
tsn2,tai30_15_10,30x15,MOR,3,1795.5
tsn2,tai30_15_10,30x15,MOR,4,1782.0
tsn2,tai30_15_10,30x15,MOR,5,1784.0
tsn2,tai30_15_10,30x15,MOR,6,1783.5
tsn2,tai30_15_10,30x15,MOR,7,1774.5
tsn2,tai30_15_10,30x15,MOR,8,1781.0
tsn2,tai30_15_10,30x15,MOR,9,1777.5
tsn2,tai30_15_10,30x15,MOR,10,1763.5
tsn2,tai30_15_10,30x15,MOR,11,1779.0
tsn2,tai30_15_10,30x15,MOR,12,1773.5
tsn2,tai30_15_10,30x15,MOR,13,1787.5
tsn2,tai30_15_10,30x15,MOR,14,1776.0
tsn2,tai30_15_10,30x15,MOR,15,1786.0
tsn2,tai30_15_10,30x15,MOR,16,1780.0
tsn2,tai30_15_10,30x15,MOR,17,1790.5
tsn2,tai30_15_10,30x15,MOR,18,1780.0
tsn2,tai30_15_10,30x15,MOR,19,1792.5
tsn2,tai30_15_10,30x15,MOR,20,1783.0
tsn2,tai30_15_10,30x15,MOR,21,1777.0
tsn2,tai30_15_10,30x15,MOR,22,1789.0
tsn2,tai30_15_10,30x15,MOR,23,1778.5
tsn2,tai30_15_10,30x15,MOR,24,1802.5
tsn2,tai30_15_10,30x15,MOR,25,1781.5
tsn2,tai30_15_10,30x15,MOR,26,1801.0
tsn2,tai30_15_10,30x15,MOR,27,1782.0
tsn2,tai30_15_10,30x15,MOR,28,1790.5
tsn2,tai30_15_10,30x15,MOR,29,1778.5
tsn2,tai30_15_10,30x15,MOR,30,1787.5
tsn2,tai30_15_10,30x15,GT,1,1751.5
tsn2,tai30_15_10,30x15,GT,2,1746.0
tsn2,tai30_15_10,30x15,GT,3,1767.5
tsn2,tai30_15_10,30x15,GT,4,1759.5
tsn2,tai30_15_10,30x15,GT,5,1755.5
tsn2,tai30_15_10,30x15,GT,6,1760.5
tsn2,tai30_15_10,30x15,GT,7,1757.0
tsn2,tai30_15_10,30x15,GT,8,1774.0
tsn2,tai30_15_10,30x15,GT,9,1757.5
tsn2,tai30_15_10,30x15,GT,10,1782.0
tsn2,tai30_15_10,30x15,GT,11,1783.0
tsn2,tai30_15_10,30x15,GT,12,1761.0
tsn2,tai30_15_10,30x15,GT,13,1749.5
tsn2,tai30_15_10,30x15,GT,14,1766.0
tsn2,tai30_15_10,30x15,GT,15,1748.5
tsn2,tai30_15_10,30x15,GT,16,1761.0
tsn2,tai30_15_10,30x15,GT,17,1765.0
tsn2,tai30_15_10,30x15,GT,18,1754.0
tsn2,tai30_15_10,30x15,GT,19,1770.0
tsn2,tai30_15_10,30x15,GT,20,1763.5
tsn2,tai30_15_10,30x15,GT,21,1752.0
tsn2,tai30_15_10,30x15,GT,22,1772.0
tsn2,tai30_15_10,30x15,GT,23,1757.0
tsn2,tai30_15_10,30x15,GT,24,1767.0
tsn2,tai30_15_10,30x15,GT,25,1771.0
tsn2,tai30_15_10,30x15,GT,26,1765.0
tsn2,tai30_15_10,30x15,GT,27,1760.5
tsn2,tai30_15_10,30x15,GT,28,1758.0
tsn2,tai30_15_10,30x15,GT,29,1768.0
tsn2,tai30_15_10,30x15,GT,30,1763.5
tsn2,tai30_15_10,30x15,GP,1,1748.0
tsn2,tai30_15_10,30x15,GP,2,1743.0
tsn2,tai30_15_10,30x15,GP,3,1738.0
tsn2,tai30_15_10,30x15,GP,4,1737.0
tsn2,tai30_15_10,30x15,GP,5,1753.5
tsn2,tai30_15_10,30x15,GP,6,1749.0
tsn2,tai30_15_10,30x15,GP,7,1737.0
tsn2,tai30_15_10,30x15,GP,8,1759.0
tsn2,tai30_15_10,30x15,GP,9,1745.5
tsn2,tai30_15_10,30x15,GP,10,1749.5
tsn2,tai30_15_10,30x15,GP,11,1740.5
tsn2,tai30_15_10,30x15,GP,12,1741.0
tsn2,tai30_15_10,30x15,GP,13,1739.5
tsn2,tai30_15_10,30x15,GP,14,1771.5
tsn2,tai30_15_10,30x15,GP,15,1746.0
tsn2,tai30_15_10,30x15,GP,16,1734.5
tsn2,tai30_15_10,30x15,GP,17,1765.5
tsn2,tai30_15_10,30x15,GP,18,1756.5
tsn2,tai30_15_10,30x15,GP,19,1750.0
tsn2,tai30_15_10,30x15,GP,20,1763.0
tsn2,tai30_15_10,30x15,GP,21,1736.5
tsn2,tai30_15_10,30x15,GP,22,1765.0
tsn2,tai30_15_10,30x15,GP,23,1763.0
tsn2,tai30_15_10,30x15,GP,24,1740.5
tsn2,tai30_15_10,30x15,GP,25,1747.0
tsn2,tai30_15_10,30x15,GP,26,1732.0
tsn2,tai30_15_10,30x15,GP,27,1752.5
tsn2,tai30_15_10,30x15,GP,28,1769.0
tsn2,tai30_15_10,30x15,GP,29,1747.5
tsn2,tai30_15_10,30x15,GP,30,1737.5
tsn2,tai30_15_10,30x15,MIX,1,1749.5
tsn2,tai30_15_10,30x15,MIX,2,1755.5
tsn2,tai30_15_10,30x15,MIX,3,1774.5
tsn2,tai30_15_10,30x15,MIX,4,1760.5
tsn2,tai30_15_10,30x15,MIX,5,1757.0
tsn2,tai30_15_10,30x15,MIX,6,1758.0
tsn2,tai30_15_10,30x15,MIX,7,1752.5
tsn2,tai30_15_10,30x15,MIX,8,1732.0
tsn2,tai30_15_10,30x15,MIX,9,1757.0
tsn2,tai30_15_10,30x15,MIX,10,1748.5
tsn2,tai30_15_10,30x15,MIX,11,1728.0
tsn2,tai30_15_10,30x15,MIX,12,1759.0
tsn2,tai30_15_10,30x15,MIX,13,1754.0
tsn2,tai30_15_10,30x15,MIX,14,1760.0
tsn2,tai30_15_10,30x15,MIX,15,1758.0
tsn2,tai30_15_10,30x15,MIX,16,1740.0
tsn2,tai30_15_10,30x15,MIX,17,1772.5
tsn2,tai30_15_10,30x15,MIX,18,1792.0
tsn2,tai30_15_10,30x15,MIX,19,1744.5
tsn2,tai30_15_10,30x15,MIX,20,1767.5
tsn2,tai30_15_10,30x15,MIX,21,1727.0
tsn2,tai30_15_10,30x15,MIX,22,1748.5
tsn2,tai30_15_10,30x15,MIX,23,1731.0
tsn2,tai30_15_10,30x15,MIX,24,1734.5
tsn2,tai30_15_10,30x15,MIX,25,1742.0
tsn2,tai30_15_10,30x15,MIX,26,1756.5
tsn2,tai30_15_10,30x15,MIX,27,1760.5
tsn2,tai30_15_10,30x15,MIX,28,1764.0
tsn2,tai30_15_10,30x15,MIX,29,1759.0
tsn2,tai30_15_10,30x15,MIX,30,1743.0
tsn2,tai30_15_10,30x15,MIXH,1,1748.0
tsn2,tai30_15_10,30x15,MIXH,2,1745.5
tsn2,tai30_15_10,30x15,MIXH,3,1761.5
tsn2,tai30_15_10,30x15,MIXH,4,1771.0
tsn2,tai30_15_10,30x15,MIXH,5,1742.5
tsn2,tai30_15_10,30x15,MIXH,6,1761.5
tsn2,tai30_15_10,30x15,MIXH,7,1761.0
tsn2,tai30_15_10,30x15,MIXH,8,1759.5
tsn2,tai30_15_10,30x15,MIXH,9,1744.0
tsn2,tai30_15_10,30x15,MIXH,10,1742.0
tsn2,tai30_15_10,30x15,MIXH,11,1744.0
tsn2,tai30_15_10,30x15,MIXH,12,1747.5
tsn2,tai30_15_10,30x15,MIXH,13,1743.0
tsn2,tai30_15_10,30x15,MIXH,14,1737.0
tsn2,tai30_15_10,30x15,MIXH,15,1756.5
tsn2,tai30_15_10,30x15,MIXH,16,1735.0
tsn2,tai30_15_10,30x15,MIXH,17,1757.0
tsn2,tai30_15_10,30x15,MIXH,18,1761.5
tsn2,tai30_15_10,30x15,MIXH,19,1769.0
tsn2,tai30_15_10,30x15,MIXH,20,1749.0
tsn2,tai30_15_10,30x15,MIXH,21,1741.0
tsn2,tai30_15_10,30x15,MIXH,22,1749.5
tsn2,tai30_15_10,30x15,MIXH,23,1751.5
tsn2,tai30_15_10,30x15,MIXH,24,1741.0
tsn2,tai30_15_10,30x15,MIXH,25,1773.5
tsn2,tai30_15_10,30x15,MIXH,26,1746.0
tsn2,tai30_15_10,30x15,MIXH,27,1749.5
tsn2,tai30_15_10,30x15,MIXH,28,1741.5
tsn2,tai30_15_10,30x15,MIXH,29,1742.5
tsn2,tai30_15_10,30x15,MIXH,30,1741.0
tsn2,tai30_20_01,30x20,A0,1,2140.0
tsn2,tai30_20_01,30x20,A0,2,2153.0
tsn2,tai30_20_01,30x20,A0,3,2142.0
tsn2,tai30_20_01,30x20,A0,4,2136.0
tsn2,tai30_20_01,30x20,A0,5,2109.0
tsn2,tai30_20_01,30x20,A0,6,2140.0
tsn2,tai30_20_01,30x20,A0,7,2143.0
tsn2,tai30_20_01,30x20,A0,8,2146.5
tsn2,tai30_20_01,30x20,A0,9,2117.5
tsn2,tai30_20_01,30x20,A0,10,2134.5
tsn2,tai30_20_01,30x20,A0,11,2105.5
tsn2,tai30_20_01,30x20,A0,12,2126.5
tsn2,tai30_20_01,30x20,A0,13,2164.5
tsn2,tai30_20_01,30x20,A0,14,2117.0
tsn2,tai30_20_01,30x20,A0,15,2120.0
tsn2,tai30_20_01,30x20,A0,16,2127.5
tsn2,tai30_20_01,30x20,A0,17,2138.5
tsn2,tai30_20_01,30x20,A0,18,2102.0
tsn2,tai30_20_01,30x20,A0,19,2126.5
tsn2,tai30_20_01,30x20,A0,20,2105.0
tsn2,tai30_20_01,30x20,A0,21,2138.0
tsn2,tai30_20_01,30x20,A0,22,2130.0
tsn2,tai30_20_01,30x20,A0,23,2117.5
tsn2,tai30_20_01,30x20,A0,24,2139.0
tsn2,tai30_20_01,30x20,A0,25,2137.0
tsn2,tai30_20_01,30x20,A0,26,2127.0
tsn2,tai30_20_01,30x20,A0,27,2122.0
tsn2,tai30_20_01,30x20,A0,28,2137.0
tsn2,tai30_20_01,30x20,A0,29,2097.0
tsn2,tai30_20_01,30x20,A0,30,2133.0
tsn2,tai30_20_01,30x20,V2H,1,2153.0
tsn2,tai30_20_01,30x20,V2H,2,2130.5
tsn2,tai30_20_01,30x20,V2H,3,2123.0
tsn2,tai30_20_01,30x20,V2H,4,2134.5
tsn2,tai30_20_01,30x20,V2H,5,2110.5
tsn2,tai30_20_01,30x20,V2H,6,2130.0
tsn2,tai30_20_01,30x20,V2H,7,2130.5
tsn2,tai30_20_01,30x20,V2H,8,2122.5
tsn2,tai30_20_01,30x20,V2H,9,2121.0
tsn2,tai30_20_01,30x20,V2H,10,2137.0
tsn2,tai30_20_01,30x20,V2H,11,2146.5
tsn2,tai30_20_01,30x20,V2H,12,2124.5
tsn2,tai30_20_01,30x20,V2H,13,2130.0
tsn2,tai30_20_01,30x20,V2H,14,2136.5
tsn2,tai30_20_01,30x20,V2H,15,2140.5
tsn2,tai30_20_01,30x20,V2H,16,2156.0
tsn2,tai30_20_01,30x20,V2H,17,2129.0
tsn2,tai30_20_01,30x20,V2H,18,2112.5
tsn2,tai30_20_01,30x20,V2H,19,2119.5
tsn2,tai30_20_01,30x20,V2H,20,2167.5
tsn2,tai30_20_01,30x20,V2H,21,2141.5
tsn2,tai30_20_01,30x20,V2H,22,2149.0
tsn2,tai30_20_01,30x20,V2H,23,2155.0
tsn2,tai30_20_01,30x20,V2H,24,2161.0
tsn2,tai30_20_01,30x20,V2H,25,2132.5
tsn2,tai30_20_01,30x20,V2H,26,2112.5
tsn2,tai30_20_01,30x20,V2H,27,2128.0
tsn2,tai30_20_01,30x20,V2H,28,2145.0
tsn2,tai30_20_01,30x20,V2H,29,2124.5
tsn2,tai30_20_01,30x20,V2H,30,2128.5
tsn2,tai30_20_01,30x20,V2,1,2139.0
tsn2,tai30_20_01,30x20,V2,2,2103.0
tsn2,tai30_20_01,30x20,V2,3,2103.5
tsn2,tai30_20_01,30x20,V2,4,2136.0
tsn2,tai30_20_01,30x20,V2,5,2133.0
tsn2,tai30_20_01,30x20,V2,6,2104.5
tsn2,tai30_20_01,30x20,V2,7,2131.0
tsn2,tai30_20_01,30x20,V2,8,2141.0
tsn2,tai30_20_01,30x20,V2,9,2135.0
tsn2,tai30_20_01,30x20,V2,10,2152.0
tsn2,tai30_20_01,30x20,V2,11,2140.5
tsn2,tai30_20_01,30x20,V2,12,2156.5
tsn2,tai30_20_01,30x20,V2,13,2135.5
tsn2,tai30_20_01,30x20,V2,14,2130.5
tsn2,tai30_20_01,30x20,V2,15,2115.0
tsn2,tai30_20_01,30x20,V2,16,2131.0
tsn2,tai30_20_01,30x20,V2,17,2134.5
tsn2,tai30_20_01,30x20,V2,18,2100.5
tsn2,tai30_20_01,30x20,V2,19,2120.0
tsn2,tai30_20_01,30x20,V2,20,2136.5
tsn2,tai30_20_01,30x20,V2,21,2133.0
tsn2,tai30_20_01,30x20,V2,22,2118.0
tsn2,tai30_20_01,30x20,V2,23,2135.5
tsn2,tai30_20_01,30x20,V2,24,2141.0
tsn2,tai30_20_01,30x20,V2,25,2131.0
tsn2,tai30_20_01,30x20,V2,26,2141.5
tsn2,tai30_20_01,30x20,V2,27,2099.0
tsn2,tai30_20_01,30x20,V2,28,2131.5
tsn2,tai30_20_01,30x20,V2,29,2124.0
tsn2,tai30_20_01,30x20,V2,30,2127.5
tsn2,tai30_20_01,30x20,MOR,1,2186.0
tsn2,tai30_20_01,30x20,MOR,2,2189.5
tsn2,tai30_20_01,30x20,MOR,3,2194.0
tsn2,tai30_20_01,30x20,MOR,4,2159.0
tsn2,tai30_20_01,30x20,MOR,5,2178.5
tsn2,tai30_20_01,30x20,MOR,6,2150.0
tsn2,tai30_20_01,30x20,MOR,7,2154.5
tsn2,tai30_20_01,30x20,MOR,8,2169.0
tsn2,tai30_20_01,30x20,MOR,9,2187.5
tsn2,tai30_20_01,30x20,MOR,10,2163.5
tsn2,tai30_20_01,30x20,MOR,11,2163.0
tsn2,tai30_20_01,30x20,MOR,12,2206.0
tsn2,tai30_20_01,30x20,MOR,13,2192.0
tsn2,tai30_20_01,30x20,MOR,14,2188.0
tsn2,tai30_20_01,30x20,MOR,15,2145.0
tsn2,tai30_20_01,30x20,MOR,16,2177.5
tsn2,tai30_20_01,30x20,MOR,17,2155.5
tsn2,tai30_20_01,30x20,MOR,18,2162.0
tsn2,tai30_20_01,30x20,MOR,19,2182.0
tsn2,tai30_20_01,30x20,MOR,20,2159.5
tsn2,tai30_20_01,30x20,MOR,21,2173.0
tsn2,tai30_20_01,30x20,MOR,22,2210.0
tsn2,tai30_20_01,30x20,MOR,23,2186.5
tsn2,tai30_20_01,30x20,MOR,24,2179.5
tsn2,tai30_20_01,30x20,MOR,25,2163.0
tsn2,tai30_20_01,30x20,MOR,26,2178.0
tsn2,tai30_20_01,30x20,MOR,27,2170.5
tsn2,tai30_20_01,30x20,MOR,28,2159.5
tsn2,tai30_20_01,30x20,MOR,29,2168.5
tsn2,tai30_20_01,30x20,MOR,30,2193.0
tsn2,tai30_20_01,30x20,GT,1,2178.5
tsn2,tai30_20_01,30x20,GT,2,2197.5
tsn2,tai30_20_01,30x20,GT,3,2160.5
tsn2,tai30_20_01,30x20,GT,4,2171.0
tsn2,tai30_20_01,30x20,GT,5,2199.0
tsn2,tai30_20_01,30x20,GT,6,2195.0
tsn2,tai30_20_01,30x20,GT,7,2170.0
tsn2,tai30_20_01,30x20,GT,8,2157.5
tsn2,tai30_20_01,30x20,GT,9,2173.5
tsn2,tai30_20_01,30x20,GT,10,2159.5
tsn2,tai30_20_01,30x20,GT,11,2128.0
tsn2,tai30_20_01,30x20,GT,12,2186.0
tsn2,tai30_20_01,30x20,GT,13,2161.0
tsn2,tai30_20_01,30x20,GT,14,2166.5
tsn2,tai30_20_01,30x20,GT,15,2174.0
tsn2,tai30_20_01,30x20,GT,16,2196.0
tsn2,tai30_20_01,30x20,GT,17,2176.5
tsn2,tai30_20_01,30x20,GT,18,2177.0
tsn2,tai30_20_01,30x20,GT,19,2196.5
tsn2,tai30_20_01,30x20,GT,20,2172.0
tsn2,tai30_20_01,30x20,GT,21,2204.0
tsn2,tai30_20_01,30x20,GT,22,2180.5
tsn2,tai30_20_01,30x20,GT,23,2127.0
tsn2,tai30_20_01,30x20,GT,24,2182.0
tsn2,tai30_20_01,30x20,GT,25,2184.0
tsn2,tai30_20_01,30x20,GT,26,2208.0
tsn2,tai30_20_01,30x20,GT,27,2170.0
tsn2,tai30_20_01,30x20,GT,28,2157.0
tsn2,tai30_20_01,30x20,GT,29,2175.0
tsn2,tai30_20_01,30x20,GT,30,2174.5
tsn2,tai30_20_01,30x20,GP,1,2161.5
tsn2,tai30_20_01,30x20,GP,2,2154.0
tsn2,tai30_20_01,30x20,GP,3,2183.5
tsn2,tai30_20_01,30x20,GP,4,2137.0
tsn2,tai30_20_01,30x20,GP,5,2141.0
tsn2,tai30_20_01,30x20,GP,6,2138.0
tsn2,tai30_20_01,30x20,GP,7,2179.5
tsn2,tai30_20_01,30x20,GP,8,2151.0
tsn2,tai30_20_01,30x20,GP,9,2149.5
tsn2,tai30_20_01,30x20,GP,10,2147.0
tsn2,tai30_20_01,30x20,GP,11,2138.0
tsn2,tai30_20_01,30x20,GP,12,2158.0
tsn2,tai30_20_01,30x20,GP,13,2143.0
tsn2,tai30_20_01,30x20,GP,14,2147.5
tsn2,tai30_20_01,30x20,GP,15,2144.0
tsn2,tai30_20_01,30x20,GP,16,2144.5
tsn2,tai30_20_01,30x20,GP,17,2150.5
tsn2,tai30_20_01,30x20,GP,18,2143.0
tsn2,tai30_20_01,30x20,GP,19,2132.0
tsn2,tai30_20_01,30x20,GP,20,2175.0
tsn2,tai30_20_01,30x20,GP,21,2150.5
tsn2,tai30_20_01,30x20,GP,22,2153.0
tsn2,tai30_20_01,30x20,GP,23,2152.0
tsn2,tai30_20_01,30x20,GP,24,2150.0
tsn2,tai30_20_01,30x20,GP,25,2131.5
tsn2,tai30_20_01,30x20,GP,26,2137.0
tsn2,tai30_20_01,30x20,GP,27,2167.5
tsn2,tai30_20_01,30x20,GP,28,2147.5
tsn2,tai30_20_01,30x20,GP,29,2156.5
tsn2,tai30_20_01,30x20,GP,30,2128.0
tsn2,tai30_20_01,30x20,MIX,1,2134.0
tsn2,tai30_20_01,30x20,MIX,2,2141.0
tsn2,tai30_20_01,30x20,MIX,3,2126.5
tsn2,tai30_20_01,30x20,MIX,4,2139.5
tsn2,tai30_20_01,30x20,MIX,5,2142.0
tsn2,tai30_20_01,30x20,MIX,6,2130.0
tsn2,tai30_20_01,30x20,MIX,7,2119.5
tsn2,tai30_20_01,30x20,MIX,8,2130.0
tsn2,tai30_20_01,30x20,MIX,9,2162.5
tsn2,tai30_20_01,30x20,MIX,10,2131.0
tsn2,tai30_20_01,30x20,MIX,11,2146.5
tsn2,tai30_20_01,30x20,MIX,12,2140.5
tsn2,tai30_20_01,30x20,MIX,13,2132.5
tsn2,tai30_20_01,30x20,MIX,14,2130.0
tsn2,tai30_20_01,30x20,MIX,15,2111.5
tsn2,tai30_20_01,30x20,MIX,16,2118.5
tsn2,tai30_20_01,30x20,MIX,17,2121.5
tsn2,tai30_20_01,30x20,MIX,18,2116.0
tsn2,tai30_20_01,30x20,MIX,19,2120.0
tsn2,tai30_20_01,30x20,MIX,20,2152.0
tsn2,tai30_20_01,30x20,MIX,21,2133.0
tsn2,tai30_20_01,30x20,MIX,22,2150.5
tsn2,tai30_20_01,30x20,MIX,23,2129.0
tsn2,tai30_20_01,30x20,MIX,24,2120.0
tsn2,tai30_20_01,30x20,MIX,25,2147.0
tsn2,tai30_20_01,30x20,MIX,26,2115.5
tsn2,tai30_20_01,30x20,MIX,27,2137.0
tsn2,tai30_20_01,30x20,MIX,28,2125.0
tsn2,tai30_20_01,30x20,MIX,29,2141.0
tsn2,tai30_20_01,30x20,MIX,30,2129.5
tsn2,tai30_20_01,30x20,MIXH,1,2111.0
tsn2,tai30_20_01,30x20,MIXH,2,2144.0
tsn2,tai30_20_01,30x20,MIXH,3,2116.5
tsn2,tai30_20_01,30x20,MIXH,4,2134.0
tsn2,tai30_20_01,30x20,MIXH,5,2120.5
tsn2,tai30_20_01,30x20,MIXH,6,2135.0
tsn2,tai30_20_01,30x20,MIXH,7,2097.5
tsn2,tai30_20_01,30x20,MIXH,8,2149.0
tsn2,tai30_20_01,30x20,MIXH,9,2121.0
tsn2,tai30_20_01,30x20,MIXH,10,2100.0
tsn2,tai30_20_01,30x20,MIXH,11,2150.0
tsn2,tai30_20_01,30x20,MIXH,12,2113.5
tsn2,tai30_20_01,30x20,MIXH,13,2097.0
tsn2,tai30_20_01,30x20,MIXH,14,2106.0
tsn2,tai30_20_01,30x20,MIXH,15,2152.5
tsn2,tai30_20_01,30x20,MIXH,16,2137.5
tsn2,tai30_20_01,30x20,MIXH,17,2126.5
tsn2,tai30_20_01,30x20,MIXH,18,2124.5
tsn2,tai30_20_01,30x20,MIXH,19,2111.0
tsn2,tai30_20_01,30x20,MIXH,20,2122.0
tsn2,tai30_20_01,30x20,MIXH,21,2144.5
tsn2,tai30_20_01,30x20,MIXH,22,2146.0
tsn2,tai30_20_01,30x20,MIXH,23,2152.5
tsn2,tai30_20_01,30x20,MIXH,24,2117.5
tsn2,tai30_20_01,30x20,MIXH,25,2135.0
tsn2,tai30_20_01,30x20,MIXH,26,2125.5
tsn2,tai30_20_01,30x20,MIXH,27,2092.5
tsn2,tai30_20_01,30x20,MIXH,28,2144.0
tsn2,tai30_20_01,30x20,MIXH,29,2129.0
tsn2,tai30_20_01,30x20,MIXH,30,2106.0
tsn2,tai30_20_02,30x20,A0,1,2008.0
tsn2,tai30_20_02,30x20,A0,2,2049.5
tsn2,tai30_20_02,30x20,A0,3,2021.5
tsn2,tai30_20_02,30x20,A0,4,2030.0
tsn2,tai30_20_02,30x20,A0,5,2034.0
tsn2,tai30_20_02,30x20,A0,6,2035.5
tsn2,tai30_20_02,30x20,A0,7,2028.5
tsn2,tai30_20_02,30x20,A0,8,2015.5
tsn2,tai30_20_02,30x20,A0,9,2026.0
tsn2,tai30_20_02,30x20,A0,10,2021.0
tsn2,tai30_20_02,30x20,A0,11,2047.5
tsn2,tai30_20_02,30x20,A0,12,2041.5
tsn2,tai30_20_02,30x20,A0,13,2030.0
tsn2,tai30_20_02,30x20,A0,14,2022.0
tsn2,tai30_20_02,30x20,A0,15,2015.5
tsn2,tai30_20_02,30x20,A0,16,2009.0
tsn2,tai30_20_02,30x20,A0,17,2040.5
tsn2,tai30_20_02,30x20,A0,18,1998.5
tsn2,tai30_20_02,30x20,A0,19,2046.5
tsn2,tai30_20_02,30x20,A0,20,2045.0
tsn2,tai30_20_02,30x20,A0,21,2030.5
tsn2,tai30_20_02,30x20,A0,22,2043.5
tsn2,tai30_20_02,30x20,A0,23,2053.5
tsn2,tai30_20_02,30x20,A0,24,2025.0
tsn2,tai30_20_02,30x20,A0,25,2027.0
tsn2,tai30_20_02,30x20,A0,26,2029.5
tsn2,tai30_20_02,30x20,A0,27,2030.0
tsn2,tai30_20_02,30x20,A0,28,2016.0
tsn2,tai30_20_02,30x20,A0,29,2030.5
tsn2,tai30_20_02,30x20,A0,30,2040.0
tsn2,tai30_20_02,30x20,V2H,1,2033.5
tsn2,tai30_20_02,30x20,V2H,2,2015.0
tsn2,tai30_20_02,30x20,V2H,3,2060.0
tsn2,tai30_20_02,30x20,V2H,4,2020.5
tsn2,tai30_20_02,30x20,V2H,5,2028.0
tsn2,tai30_20_02,30x20,V2H,6,2026.5
tsn2,tai30_20_02,30x20,V2H,7,2060.0
tsn2,tai30_20_02,30x20,V2H,8,2025.0
tsn2,tai30_20_02,30x20,V2H,9,2008.0
tsn2,tai30_20_02,30x20,V2H,10,2024.0
tsn2,tai30_20_02,30x20,V2H,11,2009.0
tsn2,tai30_20_02,30x20,V2H,12,2052.5
tsn2,tai30_20_02,30x20,V2H,13,2032.0
tsn2,tai30_20_02,30x20,V2H,14,2096.0
tsn2,tai30_20_02,30x20,V2H,15,2072.5
tsn2,tai30_20_02,30x20,V2H,16,2013.5
tsn2,tai30_20_02,30x20,V2H,17,2037.5
tsn2,tai30_20_02,30x20,V2H,18,2024.5
tsn2,tai30_20_02,30x20,V2H,19,2007.5
tsn2,tai30_20_02,30x20,V2H,20,2042.5
tsn2,tai30_20_02,30x20,V2H,21,2012.0
tsn2,tai30_20_02,30x20,V2H,22,2033.5
tsn2,tai30_20_02,30x20,V2H,23,2025.5
tsn2,tai30_20_02,30x20,V2H,24,2022.5
tsn2,tai30_20_02,30x20,V2H,25,2033.0
tsn2,tai30_20_02,30x20,V2H,26,2032.0
tsn2,tai30_20_02,30x20,V2H,27,2019.5
tsn2,tai30_20_02,30x20,V2H,28,2067.0
tsn2,tai30_20_02,30x20,V2H,29,2031.0
tsn2,tai30_20_02,30x20,V2H,30,2062.0
tsn2,tai30_20_02,30x20,V2,1,2038.0
tsn2,tai30_20_02,30x20,V2,2,2039.0
tsn2,tai30_20_02,30x20,V2,3,2008.0
tsn2,tai30_20_02,30x20,V2,4,2011.5
tsn2,tai30_20_02,30x20,V2,5,2011.5
tsn2,tai30_20_02,30x20,V2,6,2027.5
tsn2,tai30_20_02,30x20,V2,7,2061.5
tsn2,tai30_20_02,30x20,V2,8,2016.5
tsn2,tai30_20_02,30x20,V2,9,2041.0
tsn2,tai30_20_02,30x20,V2,10,2049.5
tsn2,tai30_20_02,30x20,V2,11,2023.0
tsn2,tai30_20_02,30x20,V2,12,2061.0
tsn2,tai30_20_02,30x20,V2,13,2033.5
tsn2,tai30_20_02,30x20,V2,14,2025.5
tsn2,tai30_20_02,30x20,V2,15,2037.0
tsn2,tai30_20_02,30x20,V2,16,2030.5
tsn2,tai30_20_02,30x20,V2,17,2041.5
tsn2,tai30_20_02,30x20,V2,18,2020.0
tsn2,tai30_20_02,30x20,V2,19,2069.5
tsn2,tai30_20_02,30x20,V2,20,2014.5
tsn2,tai30_20_02,30x20,V2,21,1996.5
tsn2,tai30_20_02,30x20,V2,22,2029.5
tsn2,tai30_20_02,30x20,V2,23,2058.5
tsn2,tai30_20_02,30x20,V2,24,2001.0
tsn2,tai30_20_02,30x20,V2,25,2033.0
tsn2,tai30_20_02,30x20,V2,26,2001.0
tsn2,tai30_20_02,30x20,V2,27,2051.0
tsn2,tai30_20_02,30x20,V2,28,2024.5
tsn2,tai30_20_02,30x20,V2,29,2019.0
tsn2,tai30_20_02,30x20,V2,30,2033.0
tsn2,tai30_20_02,30x20,MOR,1,2104.5
tsn2,tai30_20_02,30x20,MOR,2,2101.0
tsn2,tai30_20_02,30x20,MOR,3,2081.0
tsn2,tai30_20_02,30x20,MOR,4,2090.0
tsn2,tai30_20_02,30x20,MOR,5,2130.0
tsn2,tai30_20_02,30x20,MOR,6,2084.5
tsn2,tai30_20_02,30x20,MOR,7,2109.0
tsn2,tai30_20_02,30x20,MOR,8,2107.0
tsn2,tai30_20_02,30x20,MOR,9,2128.5
tsn2,tai30_20_02,30x20,MOR,10,2083.5
tsn2,tai30_20_02,30x20,MOR,11,2119.5
tsn2,tai30_20_02,30x20,MOR,12,2101.0
tsn2,tai30_20_02,30x20,MOR,13,2091.0
tsn2,tai30_20_02,30x20,MOR,14,2082.0
tsn2,tai30_20_02,30x20,MOR,15,2121.0
tsn2,tai30_20_02,30x20,MOR,16,2096.0
tsn2,tai30_20_02,30x20,MOR,17,2081.0
tsn2,tai30_20_02,30x20,MOR,18,2077.0
tsn2,tai30_20_02,30x20,MOR,19,2087.0
tsn2,tai30_20_02,30x20,MOR,20,2128.0
tsn2,tai30_20_02,30x20,MOR,21,2128.0
tsn2,tai30_20_02,30x20,MOR,22,2073.0
tsn2,tai30_20_02,30x20,MOR,23,2101.0
tsn2,tai30_20_02,30x20,MOR,24,2089.5
tsn2,tai30_20_02,30x20,MOR,25,2111.5
tsn2,tai30_20_02,30x20,MOR,26,2108.5
tsn2,tai30_20_02,30x20,MOR,27,2104.0
tsn2,tai30_20_02,30x20,MOR,28,2098.0
tsn2,tai30_20_02,30x20,MOR,29,2076.0
tsn2,tai30_20_02,30x20,MOR,30,2078.0
tsn2,tai30_20_02,30x20,GT,1,2066.0
tsn2,tai30_20_02,30x20,GT,2,2059.5
tsn2,tai30_20_02,30x20,GT,3,2052.0
tsn2,tai30_20_02,30x20,GT,4,2049.5
tsn2,tai30_20_02,30x20,GT,5,2079.0
tsn2,tai30_20_02,30x20,GT,6,2061.0
tsn2,tai30_20_02,30x20,GT,7,2058.0
tsn2,tai30_20_02,30x20,GT,8,2056.0
tsn2,tai30_20_02,30x20,GT,9,2031.5
tsn2,tai30_20_02,30x20,GT,10,2033.5
tsn2,tai30_20_02,30x20,GT,11,2033.5
tsn2,tai30_20_02,30x20,GT,12,2044.0
tsn2,tai30_20_02,30x20,GT,13,2054.0
tsn2,tai30_20_02,30x20,GT,14,2053.0
tsn2,tai30_20_02,30x20,GT,15,2031.5
tsn2,tai30_20_02,30x20,GT,16,2039.0
tsn2,tai30_20_02,30x20,GT,17,2076.5
tsn2,tai30_20_02,30x20,GT,18,2062.0
tsn2,tai30_20_02,30x20,GT,19,2069.0
tsn2,tai30_20_02,30x20,GT,20,2071.5
tsn2,tai30_20_02,30x20,GT,21,2033.5
tsn2,tai30_20_02,30x20,GT,22,2052.0
tsn2,tai30_20_02,30x20,GT,23,2067.0
tsn2,tai30_20_02,30x20,GT,24,2045.5
tsn2,tai30_20_02,30x20,GT,25,2046.5
tsn2,tai30_20_02,30x20,GT,26,2061.5
tsn2,tai30_20_02,30x20,GT,27,2036.5
tsn2,tai30_20_02,30x20,GT,28,2040.0
tsn2,tai30_20_02,30x20,GT,29,2060.0
tsn2,tai30_20_02,30x20,GT,30,2057.0
tsn2,tai30_20_02,30x20,GP,1,2032.0
tsn2,tai30_20_02,30x20,GP,2,2048.0
tsn2,tai30_20_02,30x20,GP,3,2011.5
tsn2,tai30_20_02,30x20,GP,4,2033.5
tsn2,tai30_20_02,30x20,GP,5,2034.5
tsn2,tai30_20_02,30x20,GP,6,2022.0
tsn2,tai30_20_02,30x20,GP,7,2030.0
tsn2,tai30_20_02,30x20,GP,8,2023.5
tsn2,tai30_20_02,30x20,GP,9,2032.0
tsn2,tai30_20_02,30x20,GP,10,2044.5
tsn2,tai30_20_02,30x20,GP,11,2026.0
tsn2,tai30_20_02,30x20,GP,12,2039.5
tsn2,tai30_20_02,30x20,GP,13,2051.5
tsn2,tai30_20_02,30x20,GP,14,2045.0
tsn2,tai30_20_02,30x20,GP,15,2051.0
tsn2,tai30_20_02,30x20,GP,16,2026.5
tsn2,tai30_20_02,30x20,GP,17,2018.0
tsn2,tai30_20_02,30x20,GP,18,2012.5
tsn2,tai30_20_02,30x20,GP,19,2035.0
tsn2,tai30_20_02,30x20,GP,20,2014.5
tsn2,tai30_20_02,30x20,GP,21,2044.0
tsn2,tai30_20_02,30x20,GP,22,2035.5
tsn2,tai30_20_02,30x20,GP,23,2056.5
tsn2,tai30_20_02,30x20,GP,24,2041.5
tsn2,tai30_20_02,30x20,GP,25,2047.0
tsn2,tai30_20_02,30x20,GP,26,2031.5
tsn2,tai30_20_02,30x20,GP,27,2047.5
tsn2,tai30_20_02,30x20,GP,28,2030.0
tsn2,tai30_20_02,30x20,GP,29,2029.0
tsn2,tai30_20_02,30x20,GP,30,2031.5
tsn2,tai30_20_02,30x20,MIX,1,2015.0
tsn2,tai30_20_02,30x20,MIX,2,2017.5
tsn2,tai30_20_02,30x20,MIX,3,2010.5
tsn2,tai30_20_02,30x20,MIX,4,2034.0
tsn2,tai30_20_02,30x20,MIX,5,2014.5
tsn2,tai30_20_02,30x20,MIX,6,2048.5
tsn2,tai30_20_02,30x20,MIX,7,2013.0
tsn2,tai30_20_02,30x20,MIX,8,2049.5
tsn2,tai30_20_02,30x20,MIX,9,2044.5
tsn2,tai30_20_02,30x20,MIX,10,2018.5
tsn2,tai30_20_02,30x20,MIX,11,2026.5
tsn2,tai30_20_02,30x20,MIX,12,2011.5
tsn2,tai30_20_02,30x20,MIX,13,2039.0
tsn2,tai30_20_02,30x20,MIX,14,2016.5
tsn2,tai30_20_02,30x20,MIX,15,2009.0
tsn2,tai30_20_02,30x20,MIX,16,2035.5
tsn2,tai30_20_02,30x20,MIX,17,2029.0
tsn2,tai30_20_02,30x20,MIX,18,2010.0
tsn2,tai30_20_02,30x20,MIX,19,2030.5
tsn2,tai30_20_02,30x20,MIX,20,2012.5
tsn2,tai30_20_02,30x20,MIX,21,2021.0
tsn2,tai30_20_02,30x20,MIX,22,2009.5
tsn2,tai30_20_02,30x20,MIX,23,2003.0
tsn2,tai30_20_02,30x20,MIX,24,2048.5
tsn2,tai30_20_02,30x20,MIX,25,2040.5
tsn2,tai30_20_02,30x20,MIX,26,2030.5
tsn2,tai30_20_02,30x20,MIX,27,2034.5
tsn2,tai30_20_02,30x20,MIX,28,2021.0
tsn2,tai30_20_02,30x20,MIX,29,2005.0
tsn2,tai30_20_02,30x20,MIX,30,2024.5
tsn2,tai30_20_02,30x20,MIXH,1,2024.0
tsn2,tai30_20_02,30x20,MIXH,2,2037.0
tsn2,tai30_20_02,30x20,MIXH,3,2033.5
tsn2,tai30_20_02,30x20,MIXH,4,2031.5
tsn2,tai30_20_02,30x20,MIXH,5,2032.0
tsn2,tai30_20_02,30x20,MIXH,6,2014.0
tsn2,tai30_20_02,30x20,MIXH,7,2012.0
tsn2,tai30_20_02,30x20,MIXH,8,2019.0
tsn2,tai30_20_02,30x20,MIXH,9,2031.5
tsn2,tai30_20_02,30x20,MIXH,10,2035.5
tsn2,tai30_20_02,30x20,MIXH,11,2072.5
tsn2,tai30_20_02,30x20,MIXH,12,2047.0
tsn2,tai30_20_02,30x20,MIXH,13,2041.0
tsn2,tai30_20_02,30x20,MIXH,14,2021.5
tsn2,tai30_20_02,30x20,MIXH,15,2031.5
tsn2,tai30_20_02,30x20,MIXH,16,2015.5
tsn2,tai30_20_02,30x20,MIXH,17,2000.0
tsn2,tai30_20_02,30x20,MIXH,18,2024.5
tsn2,tai30_20_02,30x20,MIXH,19,2018.5
tsn2,tai30_20_02,30x20,MIXH,20,2022.0
tsn2,tai30_20_02,30x20,MIXH,21,2018.0
tsn2,tai30_20_02,30x20,MIXH,22,2043.0
tsn2,tai30_20_02,30x20,MIXH,23,2026.5
tsn2,tai30_20_02,30x20,MIXH,24,2031.5
tsn2,tai30_20_02,30x20,MIXH,25,2035.0
tsn2,tai30_20_02,30x20,MIXH,26,2030.5
tsn2,tai30_20_02,30x20,MIXH,27,2033.0
tsn2,tai30_20_02,30x20,MIXH,28,2045.5
tsn2,tai30_20_02,30x20,MIXH,29,2006.0
tsn2,tai30_20_02,30x20,MIXH,30,2038.0
tsn2,tai30_20_03,30x20,A0,1,1966.5
tsn2,tai30_20_03,30x20,A0,2,1941.0
tsn2,tai30_20_03,30x20,A0,3,1928.0
tsn2,tai30_20_03,30x20,A0,4,1956.0
tsn2,tai30_20_03,30x20,A0,5,1958.0
tsn2,tai30_20_03,30x20,A0,6,1962.0
tsn2,tai30_20_03,30x20,A0,7,1948.0
tsn2,tai30_20_03,30x20,A0,8,1955.0
tsn2,tai30_20_03,30x20,A0,9,1969.0
tsn2,tai30_20_03,30x20,A0,10,1969.5
tsn2,tai30_20_03,30x20,A0,11,1962.5
tsn2,tai30_20_03,30x20,A0,12,1970.5
tsn2,tai30_20_03,30x20,A0,13,2004.5
tsn2,tai30_20_03,30x20,A0,14,1939.0
tsn2,tai30_20_03,30x20,A0,15,1954.0
tsn2,tai30_20_03,30x20,A0,16,1981.5
tsn2,tai30_20_03,30x20,A0,17,1937.0
tsn2,tai30_20_03,30x20,A0,18,1996.0
tsn2,tai30_20_03,30x20,A0,19,1954.5
tsn2,tai30_20_03,30x20,A0,20,1963.0
tsn2,tai30_20_03,30x20,A0,21,1991.0
tsn2,tai30_20_03,30x20,A0,22,1984.0
tsn2,tai30_20_03,30x20,A0,23,1961.0
tsn2,tai30_20_03,30x20,A0,24,1939.0
tsn2,tai30_20_03,30x20,A0,25,1980.5
tsn2,tai30_20_03,30x20,A0,26,1954.5
tsn2,tai30_20_03,30x20,A0,27,1941.0
tsn2,tai30_20_03,30x20,A0,28,1956.5
tsn2,tai30_20_03,30x20,A0,29,1933.5
tsn2,tai30_20_03,30x20,A0,30,1990.5
tsn2,tai30_20_03,30x20,V2H,1,1941.0
tsn2,tai30_20_03,30x20,V2H,2,1916.5
tsn2,tai30_20_03,30x20,V2H,3,1947.0
tsn2,tai30_20_03,30x20,V2H,4,1959.5
tsn2,tai30_20_03,30x20,V2H,5,1944.0
tsn2,tai30_20_03,30x20,V2H,6,1977.5
tsn2,tai30_20_03,30x20,V2H,7,1962.5
tsn2,tai30_20_03,30x20,V2H,8,1957.0
tsn2,tai30_20_03,30x20,V2H,9,1941.0
tsn2,tai30_20_03,30x20,V2H,10,1955.0
tsn2,tai30_20_03,30x20,V2H,11,1931.0
tsn2,tai30_20_03,30x20,V2H,12,1963.5
tsn2,tai30_20_03,30x20,V2H,13,1960.5
tsn2,tai30_20_03,30x20,V2H,14,1926.5
tsn2,tai30_20_03,30x20,V2H,15,1955.0
tsn2,tai30_20_03,30x20,V2H,16,1928.0
tsn2,tai30_20_03,30x20,V2H,17,1956.0
tsn2,tai30_20_03,30x20,V2H,18,1928.5
tsn2,tai30_20_03,30x20,V2H,19,1946.0
tsn2,tai30_20_03,30x20,V2H,20,1959.5
tsn2,tai30_20_03,30x20,V2H,21,1981.5
tsn2,tai30_20_03,30x20,V2H,22,1968.5
tsn2,tai30_20_03,30x20,V2H,23,1973.0
tsn2,tai30_20_03,30x20,V2H,24,1998.5
tsn2,tai30_20_03,30x20,V2H,25,1932.5
tsn2,tai30_20_03,30x20,V2H,26,1958.0
tsn2,tai30_20_03,30x20,V2H,27,1940.5
tsn2,tai30_20_03,30x20,V2H,28,1926.5
tsn2,tai30_20_03,30x20,V2H,29,1953.0
tsn2,tai30_20_03,30x20,V2H,30,1953.5
tsn2,tai30_20_03,30x20,V2,1,1916.5
tsn2,tai30_20_03,30x20,V2,2,1975.5
tsn2,tai30_20_03,30x20,V2,3,1947.5
tsn2,tai30_20_03,30x20,V2,4,1972.0
tsn2,tai30_20_03,30x20,V2,5,1936.5
tsn2,tai30_20_03,30x20,V2,6,1927.5
tsn2,tai30_20_03,30x20,V2,7,1941.0
tsn2,tai30_20_03,30x20,V2,8,1939.5
tsn2,tai30_20_03,30x20,V2,9,1940.0
tsn2,tai30_20_03,30x20,V2,10,1921.0
tsn2,tai30_20_03,30x20,V2,11,1964.0
tsn2,tai30_20_03,30x20,V2,12,1934.5
tsn2,tai30_20_03,30x20,V2,13,1919.5
tsn2,tai30_20_03,30x20,V2,14,1955.0
tsn2,tai30_20_03,30x20,V2,15,1961.0
tsn2,tai30_20_03,30x20,V2,16,1953.0
tsn2,tai30_20_03,30x20,V2,17,1947.0
tsn2,tai30_20_03,30x20,V2,18,1960.5
tsn2,tai30_20_03,30x20,V2,19,1956.0
tsn2,tai30_20_03,30x20,V2,20,1912.5
tsn2,tai30_20_03,30x20,V2,21,1924.0
tsn2,tai30_20_03,30x20,V2,22,1952.5
tsn2,tai30_20_03,30x20,V2,23,1926.0
tsn2,tai30_20_03,30x20,V2,24,1948.0
tsn2,tai30_20_03,30x20,V2,25,1950.5
tsn2,tai30_20_03,30x20,V2,26,1944.5
tsn2,tai30_20_03,30x20,V2,27,1961.5
tsn2,tai30_20_03,30x20,V2,28,1938.5
tsn2,tai30_20_03,30x20,V2,29,1946.5
tsn2,tai30_20_03,30x20,V2,30,1932.5
tsn2,tai30_20_03,30x20,MOR,1,1977.5
tsn2,tai30_20_03,30x20,MOR,2,2006.5
tsn2,tai30_20_03,30x20,MOR,3,2008.5
tsn2,tai30_20_03,30x20,MOR,4,1982.0
tsn2,tai30_20_03,30x20,MOR,5,1990.0
tsn2,tai30_20_03,30x20,MOR,6,1994.5
tsn2,tai30_20_03,30x20,MOR,7,1998.0
tsn2,tai30_20_03,30x20,MOR,8,1981.5
tsn2,tai30_20_03,30x20,MOR,9,1997.0
tsn2,tai30_20_03,30x20,MOR,10,2016.0
tsn2,tai30_20_03,30x20,MOR,11,1980.5
tsn2,tai30_20_03,30x20,MOR,12,1991.0
tsn2,tai30_20_03,30x20,MOR,13,1983.5
tsn2,tai30_20_03,30x20,MOR,14,1985.0
tsn2,tai30_20_03,30x20,MOR,15,1979.5
tsn2,tai30_20_03,30x20,MOR,16,1990.0
tsn2,tai30_20_03,30x20,MOR,17,2000.0
tsn2,tai30_20_03,30x20,MOR,18,1990.0
tsn2,tai30_20_03,30x20,MOR,19,1995.0
tsn2,tai30_20_03,30x20,MOR,20,1977.5
tsn2,tai30_20_03,30x20,MOR,21,1970.5
tsn2,tai30_20_03,30x20,MOR,22,1985.0
tsn2,tai30_20_03,30x20,MOR,23,1994.0
tsn2,tai30_20_03,30x20,MOR,24,1995.5
tsn2,tai30_20_03,30x20,MOR,25,2020.0
tsn2,tai30_20_03,30x20,MOR,26,1991.0
tsn2,tai30_20_03,30x20,MOR,27,1974.0
tsn2,tai30_20_03,30x20,MOR,28,1986.5
tsn2,tai30_20_03,30x20,MOR,29,1979.0
tsn2,tai30_20_03,30x20,MOR,30,1980.5
tsn2,tai30_20_03,30x20,GT,1,1931.0
tsn2,tai30_20_03,30x20,GT,2,1949.0
tsn2,tai30_20_03,30x20,GT,3,1953.5
tsn2,tai30_20_03,30x20,GT,4,1951.0
tsn2,tai30_20_03,30x20,GT,5,1944.0
tsn2,tai30_20_03,30x20,GT,6,1933.0
tsn2,tai30_20_03,30x20,GT,7,1943.0
tsn2,tai30_20_03,30x20,GT,8,1957.0
tsn2,tai30_20_03,30x20,GT,9,1952.5
tsn2,tai30_20_03,30x20,GT,10,1939.5
tsn2,tai30_20_03,30x20,GT,11,1953.0
tsn2,tai30_20_03,30x20,GT,12,1950.5
tsn2,tai30_20_03,30x20,GT,13,1949.5
tsn2,tai30_20_03,30x20,GT,14,1966.0
tsn2,tai30_20_03,30x20,GT,15,1946.5
tsn2,tai30_20_03,30x20,GT,16,1939.0
tsn2,tai30_20_03,30x20,GT,17,1951.0
tsn2,tai30_20_03,30x20,GT,18,1938.5
tsn2,tai30_20_03,30x20,GT,19,1946.0
tsn2,tai30_20_03,30x20,GT,20,1962.5
tsn2,tai30_20_03,30x20,GT,21,1945.0
tsn2,tai30_20_03,30x20,GT,22,1955.5
tsn2,tai30_20_03,30x20,GT,23,1940.0
tsn2,tai30_20_03,30x20,GT,24,1947.5
tsn2,tai30_20_03,30x20,GT,25,1940.5
tsn2,tai30_20_03,30x20,GT,26,1952.5
tsn2,tai30_20_03,30x20,GT,27,1939.0
tsn2,tai30_20_03,30x20,GT,28,1959.0
tsn2,tai30_20_03,30x20,GT,29,1960.5
tsn2,tai30_20_03,30x20,GT,30,1960.0
tsn2,tai30_20_03,30x20,GP,1,1952.5
tsn2,tai30_20_03,30x20,GP,2,1931.5
tsn2,tai30_20_03,30x20,GP,3,1946.0
tsn2,tai30_20_03,30x20,GP,4,1954.5
tsn2,tai30_20_03,30x20,GP,5,1940.0
tsn2,tai30_20_03,30x20,GP,6,1939.0
tsn2,tai30_20_03,30x20,GP,7,1934.5
tsn2,tai30_20_03,30x20,GP,8,1934.0
tsn2,tai30_20_03,30x20,GP,9,1930.0
tsn2,tai30_20_03,30x20,GP,10,1934.0
tsn2,tai30_20_03,30x20,GP,11,1940.5
tsn2,tai30_20_03,30x20,GP,12,1937.0
tsn2,tai30_20_03,30x20,GP,13,1937.0
tsn2,tai30_20_03,30x20,GP,14,1944.5
tsn2,tai30_20_03,30x20,GP,15,1929.0
tsn2,tai30_20_03,30x20,GP,16,1938.5
tsn2,tai30_20_03,30x20,GP,17,1954.5
tsn2,tai30_20_03,30x20,GP,18,1941.5
tsn2,tai30_20_03,30x20,GP,19,1956.5
tsn2,tai30_20_03,30x20,GP,20,1939.5
tsn2,tai30_20_03,30x20,GP,21,1963.5
tsn2,tai30_20_03,30x20,GP,22,1931.0
tsn2,tai30_20_03,30x20,GP,23,1925.5
tsn2,tai30_20_03,30x20,GP,24,1939.0
tsn2,tai30_20_03,30x20,GP,25,1940.0
tsn2,tai30_20_03,30x20,GP,26,1940.0
tsn2,tai30_20_03,30x20,GP,27,1932.5
tsn2,tai30_20_03,30x20,GP,28,1943.5
tsn2,tai30_20_03,30x20,GP,29,1947.5
tsn2,tai30_20_03,30x20,GP,30,1933.0
tsn2,tai30_20_03,30x20,MIX,1,1912.5
tsn2,tai30_20_03,30x20,MIX,2,1949.0
tsn2,tai30_20_03,30x20,MIX,3,1948.0
tsn2,tai30_20_03,30x20,MIX,4,1928.5
tsn2,tai30_20_03,30x20,MIX,5,1926.5
tsn2,tai30_20_03,30x20,MIX,6,1956.5
tsn2,tai30_20_03,30x20,MIX,7,1928.0
tsn2,tai30_20_03,30x20,MIX,8,1922.0
tsn2,tai30_20_03,30x20,MIX,9,1927.0
tsn2,tai30_20_03,30x20,MIX,10,1936.5
tsn2,tai30_20_03,30x20,MIX,11,1919.0
tsn2,tai30_20_03,30x20,MIX,12,1945.0
tsn2,tai30_20_03,30x20,MIX,13,1935.5
tsn2,tai30_20_03,30x20,MIX,14,1933.0
tsn2,tai30_20_03,30x20,MIX,15,1942.0
tsn2,tai30_20_03,30x20,MIX,16,1926.0
tsn2,tai30_20_03,30x20,MIX,17,1936.0
tsn2,tai30_20_03,30x20,MIX,18,1933.0
tsn2,tai30_20_03,30x20,MIX,19,1944.0
tsn2,tai30_20_03,30x20,MIX,20,1918.5
tsn2,tai30_20_03,30x20,MIX,21,1941.0
tsn2,tai30_20_03,30x20,MIX,22,1953.0
tsn2,tai30_20_03,30x20,MIX,23,1927.0
tsn2,tai30_20_03,30x20,MIX,24,1945.0
tsn2,tai30_20_03,30x20,MIX,25,1920.0
tsn2,tai30_20_03,30x20,MIX,26,1941.0
tsn2,tai30_20_03,30x20,MIX,27,1944.0
tsn2,tai30_20_03,30x20,MIX,28,1932.5
tsn2,tai30_20_03,30x20,MIX,29,1930.5
tsn2,tai30_20_03,30x20,MIX,30,1932.0
tsn2,tai30_20_03,30x20,MIXH,1,1945.0
tsn2,tai30_20_03,30x20,MIXH,2,1934.5
tsn2,tai30_20_03,30x20,MIXH,3,1938.5
tsn2,tai30_20_03,30x20,MIXH,4,1939.5
tsn2,tai30_20_03,30x20,MIXH,5,1933.5
tsn2,tai30_20_03,30x20,MIXH,6,1936.0
tsn2,tai30_20_03,30x20,MIXH,7,1918.5
tsn2,tai30_20_03,30x20,MIXH,8,1934.0
tsn2,tai30_20_03,30x20,MIXH,9,1922.0
tsn2,tai30_20_03,30x20,MIXH,10,1922.0
tsn2,tai30_20_03,30x20,MIXH,11,1947.5
tsn2,tai30_20_03,30x20,MIXH,12,1936.0
tsn2,tai30_20_03,30x20,MIXH,13,1930.5
tsn2,tai30_20_03,30x20,MIXH,14,1936.0
tsn2,tai30_20_03,30x20,MIXH,15,1914.5
tsn2,tai30_20_03,30x20,MIXH,16,1914.0
tsn2,tai30_20_03,30x20,MIXH,17,1940.5
tsn2,tai30_20_03,30x20,MIXH,18,1945.5
tsn2,tai30_20_03,30x20,MIXH,19,1931.5
tsn2,tai30_20_03,30x20,MIXH,20,1931.0
tsn2,tai30_20_03,30x20,MIXH,21,1946.5
tsn2,tai30_20_03,30x20,MIXH,22,1933.5
tsn2,tai30_20_03,30x20,MIXH,23,1964.0
tsn2,tai30_20_03,30x20,MIXH,24,1921.0
tsn2,tai30_20_03,30x20,MIXH,25,1952.5
tsn2,tai30_20_03,30x20,MIXH,26,1933.0
tsn2,tai30_20_03,30x20,MIXH,27,1935.5
tsn2,tai30_20_03,30x20,MIXH,28,1934.0
tsn2,tai30_20_03,30x20,MIXH,29,1942.0
tsn2,tai30_20_03,30x20,MIXH,30,1933.5
tsn2,tai30_20_04,30x20,A0,1,2091.0
tsn2,tai30_20_04,30x20,A0,2,2068.5
tsn2,tai30_20_04,30x20,A0,3,2069.5
tsn2,tai30_20_04,30x20,A0,4,2050.5
tsn2,tai30_20_04,30x20,A0,5,2074.0
tsn2,tai30_20_04,30x20,A0,6,2055.0
tsn2,tai30_20_04,30x20,A0,7,2090.5
tsn2,tai30_20_04,30x20,A0,8,2088.5
tsn2,tai30_20_04,30x20,A0,9,2105.0
tsn2,tai30_20_04,30x20,A0,10,2083.0
tsn2,tai30_20_04,30x20,A0,11,2062.0
tsn2,tai30_20_04,30x20,A0,12,2050.5
tsn2,tai30_20_04,30x20,A0,13,2058.5
tsn2,tai30_20_04,30x20,A0,14,2081.0
tsn2,tai30_20_04,30x20,A0,15,2053.0
tsn2,tai30_20_04,30x20,A0,16,2080.0
tsn2,tai30_20_04,30x20,A0,17,2064.5
tsn2,tai30_20_04,30x20,A0,18,2073.0
tsn2,tai30_20_04,30x20,A0,19,2061.0
tsn2,tai30_20_04,30x20,A0,20,2063.0
tsn2,tai30_20_04,30x20,A0,21,2060.0
tsn2,tai30_20_04,30x20,A0,22,2094.5
tsn2,tai30_20_04,30x20,A0,23,2058.0
tsn2,tai30_20_04,30x20,A0,24,2113.0
tsn2,tai30_20_04,30x20,A0,25,2066.5
tsn2,tai30_20_04,30x20,A0,26,2072.5
tsn2,tai30_20_04,30x20,A0,27,2087.5
tsn2,tai30_20_04,30x20,A0,28,2099.0
tsn2,tai30_20_04,30x20,A0,29,2057.0
tsn2,tai30_20_04,30x20,A0,30,2086.5
tsn2,tai30_20_04,30x20,V2H,1,2095.0
tsn2,tai30_20_04,30x20,V2H,2,2055.0
tsn2,tai30_20_04,30x20,V2H,3,2056.5
tsn2,tai30_20_04,30x20,V2H,4,2108.0
tsn2,tai30_20_04,30x20,V2H,5,2071.0
tsn2,tai30_20_04,30x20,V2H,6,2108.5
tsn2,tai30_20_04,30x20,V2H,7,2083.0
tsn2,tai30_20_04,30x20,V2H,8,2083.0
tsn2,tai30_20_04,30x20,V2H,9,2064.0
tsn2,tai30_20_04,30x20,V2H,10,2069.5
tsn2,tai30_20_04,30x20,V2H,11,2062.0
tsn2,tai30_20_04,30x20,V2H,12,2061.0
tsn2,tai30_20_04,30x20,V2H,13,2089.0
tsn2,tai30_20_04,30x20,V2H,14,2091.5
tsn2,tai30_20_04,30x20,V2H,15,2091.0
tsn2,tai30_20_04,30x20,V2H,16,2073.5
tsn2,tai30_20_04,30x20,V2H,17,2062.0
tsn2,tai30_20_04,30x20,V2H,18,2094.5
tsn2,tai30_20_04,30x20,V2H,19,2068.0
tsn2,tai30_20_04,30x20,V2H,20,2060.5
tsn2,tai30_20_04,30x20,V2H,21,2069.0
tsn2,tai30_20_04,30x20,V2H,22,2067.5
tsn2,tai30_20_04,30x20,V2H,23,2105.0
tsn2,tai30_20_04,30x20,V2H,24,2084.0
tsn2,tai30_20_04,30x20,V2H,25,2062.0
tsn2,tai30_20_04,30x20,V2H,26,2087.5
tsn2,tai30_20_04,30x20,V2H,27,2076.0
tsn2,tai30_20_04,30x20,V2H,28,2057.5
tsn2,tai30_20_04,30x20,V2H,29,2107.5
tsn2,tai30_20_04,30x20,V2H,30,2065.0
tsn2,tai30_20_04,30x20,V2,1,2079.5
tsn2,tai30_20_04,30x20,V2,2,2076.0
tsn2,tai30_20_04,30x20,V2,3,2076.5
tsn2,tai30_20_04,30x20,V2,4,2070.5
tsn2,tai30_20_04,30x20,V2,5,2052.0
tsn2,tai30_20_04,30x20,V2,6,2066.0
tsn2,tai30_20_04,30x20,V2,7,2095.0
tsn2,tai30_20_04,30x20,V2,8,2072.5
tsn2,tai30_20_04,30x20,V2,9,2060.5
tsn2,tai30_20_04,30x20,V2,10,2081.0
tsn2,tai30_20_04,30x20,V2,11,2065.0
tsn2,tai30_20_04,30x20,V2,12,2053.5
tsn2,tai30_20_04,30x20,V2,13,2067.5
tsn2,tai30_20_04,30x20,V2,14,2091.0
tsn2,tai30_20_04,30x20,V2,15,2042.5
tsn2,tai30_20_04,30x20,V2,16,2054.5
tsn2,tai30_20_04,30x20,V2,17,2059.0
tsn2,tai30_20_04,30x20,V2,18,2075.5
tsn2,tai30_20_04,30x20,V2,19,2118.0
tsn2,tai30_20_04,30x20,V2,20,2101.5
tsn2,tai30_20_04,30x20,V2,21,2089.5
tsn2,tai30_20_04,30x20,V2,22,2066.5
tsn2,tai30_20_04,30x20,V2,23,2066.5
tsn2,tai30_20_04,30x20,V2,24,2074.5
tsn2,tai30_20_04,30x20,V2,25,2066.5
tsn2,tai30_20_04,30x20,V2,26,2078.0
tsn2,tai30_20_04,30x20,V2,27,2064.0
tsn2,tai30_20_04,30x20,V2,28,2056.0
tsn2,tai30_20_04,30x20,V2,29,2053.5
tsn2,tai30_20_04,30x20,V2,30,2037.0
tsn2,tai30_20_04,30x20,MOR,1,2088.0
tsn2,tai30_20_04,30x20,MOR,2,2108.5
tsn2,tai30_20_04,30x20,MOR,3,2121.5
tsn2,tai30_20_04,30x20,MOR,4,2100.5
tsn2,tai30_20_04,30x20,MOR,5,2076.0
tsn2,tai30_20_04,30x20,MOR,6,2104.5
tsn2,tai30_20_04,30x20,MOR,7,2097.0
tsn2,tai30_20_04,30x20,MOR,8,2137.5
tsn2,tai30_20_04,30x20,MOR,9,2103.5
tsn2,tai30_20_04,30x20,MOR,10,2099.0
tsn2,tai30_20_04,30x20,MOR,11,2110.5
tsn2,tai30_20_04,30x20,MOR,12,2113.0
tsn2,tai30_20_04,30x20,MOR,13,2093.0
tsn2,tai30_20_04,30x20,MOR,14,2124.5
tsn2,tai30_20_04,30x20,MOR,15,2120.0
tsn2,tai30_20_04,30x20,MOR,16,2116.0
tsn2,tai30_20_04,30x20,MOR,17,2105.5
tsn2,tai30_20_04,30x20,MOR,18,2113.0
tsn2,tai30_20_04,30x20,MOR,19,2097.5
tsn2,tai30_20_04,30x20,MOR,20,2114.5
tsn2,tai30_20_04,30x20,MOR,21,2096.0
tsn2,tai30_20_04,30x20,MOR,22,2117.5
tsn2,tai30_20_04,30x20,MOR,23,2111.0
tsn2,tai30_20_04,30x20,MOR,24,2108.0
tsn2,tai30_20_04,30x20,MOR,25,2095.0
tsn2,tai30_20_04,30x20,MOR,26,2121.5
tsn2,tai30_20_04,30x20,MOR,27,2113.0
tsn2,tai30_20_04,30x20,MOR,28,2091.0
tsn2,tai30_20_04,30x20,MOR,29,2132.5
tsn2,tai30_20_04,30x20,MOR,30,2132.0
tsn2,tai30_20_04,30x20,GT,1,2085.5
tsn2,tai30_20_04,30x20,GT,2,2091.5
tsn2,tai30_20_04,30x20,GT,3,2111.0
tsn2,tai30_20_04,30x20,GT,4,2084.0
tsn2,tai30_20_04,30x20,GT,5,2084.5
tsn2,tai30_20_04,30x20,GT,6,2092.0
tsn2,tai30_20_04,30x20,GT,7,2087.0
tsn2,tai30_20_04,30x20,GT,8,2094.0
tsn2,tai30_20_04,30x20,GT,9,2084.5
tsn2,tai30_20_04,30x20,GT,10,2079.5
tsn2,tai30_20_04,30x20,GT,11,2094.0
tsn2,tai30_20_04,30x20,GT,12,2078.0
tsn2,tai30_20_04,30x20,GT,13,2090.0
tsn2,tai30_20_04,30x20,GT,14,2071.0
tsn2,tai30_20_04,30x20,GT,15,2098.5
tsn2,tai30_20_04,30x20,GT,16,2084.0
tsn2,tai30_20_04,30x20,GT,17,2080.5
tsn2,tai30_20_04,30x20,GT,18,2089.0
tsn2,tai30_20_04,30x20,GT,19,2082.0
tsn2,tai30_20_04,30x20,GT,20,2081.5
tsn2,tai30_20_04,30x20,GT,21,2107.0
tsn2,tai30_20_04,30x20,GT,22,2092.0
tsn2,tai30_20_04,30x20,GT,23,2081.0
tsn2,tai30_20_04,30x20,GT,24,2081.0
tsn2,tai30_20_04,30x20,GT,25,2102.5
tsn2,tai30_20_04,30x20,GT,26,2096.5
tsn2,tai30_20_04,30x20,GT,27,2085.5
tsn2,tai30_20_04,30x20,GT,28,2073.5
tsn2,tai30_20_04,30x20,GT,29,2080.5
tsn2,tai30_20_04,30x20,GT,30,2089.0
tsn2,tai30_20_04,30x20,GP,1,2075.5
tsn2,tai30_20_04,30x20,GP,2,2085.0
tsn2,tai30_20_04,30x20,GP,3,2057.5
tsn2,tai30_20_04,30x20,GP,4,2088.5
tsn2,tai30_20_04,30x20,GP,5,2075.0
tsn2,tai30_20_04,30x20,GP,6,2075.0
tsn2,tai30_20_04,30x20,GP,7,2070.0
tsn2,tai30_20_04,30x20,GP,8,2095.0
tsn2,tai30_20_04,30x20,GP,9,2094.0
tsn2,tai30_20_04,30x20,GP,10,2101.0
tsn2,tai30_20_04,30x20,GP,11,2081.0
tsn2,tai30_20_04,30x20,GP,12,2099.5
tsn2,tai30_20_04,30x20,GP,13,2075.0
tsn2,tai30_20_04,30x20,GP,14,2093.0
tsn2,tai30_20_04,30x20,GP,15,2079.0
tsn2,tai30_20_04,30x20,GP,16,2082.0
tsn2,tai30_20_04,30x20,GP,17,2098.0
tsn2,tai30_20_04,30x20,GP,18,2095.5
tsn2,tai30_20_04,30x20,GP,19,2096.0
tsn2,tai30_20_04,30x20,GP,20,2078.0
tsn2,tai30_20_04,30x20,GP,21,2083.5
tsn2,tai30_20_04,30x20,GP,22,2088.0
tsn2,tai30_20_04,30x20,GP,23,2077.0
tsn2,tai30_20_04,30x20,GP,24,2074.0
tsn2,tai30_20_04,30x20,GP,25,2071.0
tsn2,tai30_20_04,30x20,GP,26,2098.0
tsn2,tai30_20_04,30x20,GP,27,2084.5
tsn2,tai30_20_04,30x20,GP,28,2054.0
tsn2,tai30_20_04,30x20,GP,29,2110.5
tsn2,tai30_20_04,30x20,GP,30,2073.0
tsn2,tai30_20_04,30x20,MIX,1,2082.0
tsn2,tai30_20_04,30x20,MIX,2,2102.5
tsn2,tai30_20_04,30x20,MIX,3,2046.5
tsn2,tai30_20_04,30x20,MIX,4,2074.5
tsn2,tai30_20_04,30x20,MIX,5,2060.5
tsn2,tai30_20_04,30x20,MIX,6,2077.0
tsn2,tai30_20_04,30x20,MIX,7,2048.0
tsn2,tai30_20_04,30x20,MIX,8,2054.0
tsn2,tai30_20_04,30x20,MIX,9,2067.0
tsn2,tai30_20_04,30x20,MIX,10,2055.0
tsn2,tai30_20_04,30x20,MIX,11,2052.0
tsn2,tai30_20_04,30x20,MIX,12,2090.0
tsn2,tai30_20_04,30x20,MIX,13,2043.0
tsn2,tai30_20_04,30x20,MIX,14,2063.0
tsn2,tai30_20_04,30x20,MIX,15,2062.0
tsn2,tai30_20_04,30x20,MIX,16,2061.0
tsn2,tai30_20_04,30x20,MIX,17,2066.5
tsn2,tai30_20_04,30x20,MIX,18,2062.5
tsn2,tai30_20_04,30x20,MIX,19,2078.0
tsn2,tai30_20_04,30x20,MIX,20,2071.5
tsn2,tai30_20_04,30x20,MIX,21,2072.5
tsn2,tai30_20_04,30x20,MIX,22,2062.5
tsn2,tai30_20_04,30x20,MIX,23,2070.0
tsn2,tai30_20_04,30x20,MIX,24,2075.5
tsn2,tai30_20_04,30x20,MIX,25,2084.0
tsn2,tai30_20_04,30x20,MIX,26,2069.0
tsn2,tai30_20_04,30x20,MIX,27,2066.5
tsn2,tai30_20_04,30x20,MIX,28,2093.5
tsn2,tai30_20_04,30x20,MIX,29,2064.5
tsn2,tai30_20_04,30x20,MIX,30,2064.5
tsn2,tai30_20_04,30x20,MIXH,1,2091.5
tsn2,tai30_20_04,30x20,MIXH,2,2105.0
tsn2,tai30_20_04,30x20,MIXH,3,2065.0
tsn2,tai30_20_04,30x20,MIXH,4,2058.0
tsn2,tai30_20_04,30x20,MIXH,5,2088.5
tsn2,tai30_20_04,30x20,MIXH,6,2093.5
tsn2,tai30_20_04,30x20,MIXH,7,2060.5
tsn2,tai30_20_04,30x20,MIXH,8,2055.0
tsn2,tai30_20_04,30x20,MIXH,9,2065.5
tsn2,tai30_20_04,30x20,MIXH,10,2068.0
tsn2,tai30_20_04,30x20,MIXH,11,2039.0
tsn2,tai30_20_04,30x20,MIXH,12,2093.5
tsn2,tai30_20_04,30x20,MIXH,13,2042.5
tsn2,tai30_20_04,30x20,MIXH,14,2089.5
tsn2,tai30_20_04,30x20,MIXH,15,2069.5
tsn2,tai30_20_04,30x20,MIXH,16,2070.5
tsn2,tai30_20_04,30x20,MIXH,17,2061.0
tsn2,tai30_20_04,30x20,MIXH,18,2054.5
tsn2,tai30_20_04,30x20,MIXH,19,2066.5
tsn2,tai30_20_04,30x20,MIXH,20,2064.0
tsn2,tai30_20_04,30x20,MIXH,21,2069.0
tsn2,tai30_20_04,30x20,MIXH,22,2054.0
tsn2,tai30_20_04,30x20,MIXH,23,2064.0
tsn2,tai30_20_04,30x20,MIXH,24,2085.0
tsn2,tai30_20_04,30x20,MIXH,25,2070.0
tsn2,tai30_20_04,30x20,MIXH,26,2084.5
tsn2,tai30_20_04,30x20,MIXH,27,2063.0
tsn2,tai30_20_04,30x20,MIXH,28,2058.0
tsn2,tai30_20_04,30x20,MIXH,29,2055.0
tsn2,tai30_20_04,30x20,MIXH,30,2071.5
tsn2,tai30_20_05,30x20,A0,1,2075.0
tsn2,tai30_20_05,30x20,A0,2,2088.0
tsn2,tai30_20_05,30x20,A0,3,2072.0
tsn2,tai30_20_05,30x20,A0,4,2070.5
tsn2,tai30_20_05,30x20,A0,5,2078.5
tsn2,tai30_20_05,30x20,A0,6,2046.0
tsn2,tai30_20_05,30x20,A0,7,2075.0
tsn2,tai30_20_05,30x20,A0,8,2066.0
tsn2,tai30_20_05,30x20,A0,9,2088.5
tsn2,tai30_20_05,30x20,A0,10,2089.0
tsn2,tai30_20_05,30x20,A0,11,2059.0
tsn2,tai30_20_05,30x20,A0,12,2076.0
tsn2,tai30_20_05,30x20,A0,13,2077.0
tsn2,tai30_20_05,30x20,A0,14,2067.0
tsn2,tai30_20_05,30x20,A0,15,2079.5
tsn2,tai30_20_05,30x20,A0,16,2079.5
tsn2,tai30_20_05,30x20,A0,17,2081.0
tsn2,tai30_20_05,30x20,A0,18,2051.0
tsn2,tai30_20_05,30x20,A0,19,2074.0
tsn2,tai30_20_05,30x20,A0,20,2095.5
tsn2,tai30_20_05,30x20,A0,21,2054.0
tsn2,tai30_20_05,30x20,A0,22,2064.0
tsn2,tai30_20_05,30x20,A0,23,2071.0
tsn2,tai30_20_05,30x20,A0,24,2067.5
tsn2,tai30_20_05,30x20,A0,25,2069.0
tsn2,tai30_20_05,30x20,A0,26,2093.5
tsn2,tai30_20_05,30x20,A0,27,2094.0
tsn2,tai30_20_05,30x20,A0,28,2047.0
tsn2,tai30_20_05,30x20,A0,29,2054.5
tsn2,tai30_20_05,30x20,A0,30,2063.5
tsn2,tai30_20_05,30x20,V2H,1,2051.0
tsn2,tai30_20_05,30x20,V2H,2,2074.0
tsn2,tai30_20_05,30x20,V2H,3,2057.0
tsn2,tai30_20_05,30x20,V2H,4,2054.0
tsn2,tai30_20_05,30x20,V2H,5,2049.0
tsn2,tai30_20_05,30x20,V2H,6,2075.0
tsn2,tai30_20_05,30x20,V2H,7,2043.0
tsn2,tai30_20_05,30x20,V2H,8,2067.5
tsn2,tai30_20_05,30x20,V2H,9,2059.0
tsn2,tai30_20_05,30x20,V2H,10,2095.5
tsn2,tai30_20_05,30x20,V2H,11,2070.0
tsn2,tai30_20_05,30x20,V2H,12,2114.0
tsn2,tai30_20_05,30x20,V2H,13,2080.5
tsn2,tai30_20_05,30x20,V2H,14,2043.0
tsn2,tai30_20_05,30x20,V2H,15,2053.0
tsn2,tai30_20_05,30x20,V2H,16,2066.0
tsn2,tai30_20_05,30x20,V2H,17,2045.0
tsn2,tai30_20_05,30x20,V2H,18,2058.5
tsn2,tai30_20_05,30x20,V2H,19,2043.5
tsn2,tai30_20_05,30x20,V2H,20,2058.0
tsn2,tai30_20_05,30x20,V2H,21,2059.5
tsn2,tai30_20_05,30x20,V2H,22,2043.0
tsn2,tai30_20_05,30x20,V2H,23,2055.0
tsn2,tai30_20_05,30x20,V2H,24,2098.0
tsn2,tai30_20_05,30x20,V2H,25,2067.5
tsn2,tai30_20_05,30x20,V2H,26,2056.0
tsn2,tai30_20_05,30x20,V2H,27,2066.5
tsn2,tai30_20_05,30x20,V2H,28,2075.5
tsn2,tai30_20_05,30x20,V2H,29,2071.0
tsn2,tai30_20_05,30x20,V2H,30,2092.0
tsn2,tai30_20_05,30x20,V2,1,2065.5
tsn2,tai30_20_05,30x20,V2,2,2069.0
tsn2,tai30_20_05,30x20,V2,3,2070.0
tsn2,tai30_20_05,30x20,V2,4,2097.5
tsn2,tai30_20_05,30x20,V2,5,2083.5
tsn2,tai30_20_05,30x20,V2,6,2050.0
tsn2,tai30_20_05,30x20,V2,7,2056.5
tsn2,tai30_20_05,30x20,V2,8,2072.0
tsn2,tai30_20_05,30x20,V2,9,2081.0
tsn2,tai30_20_05,30x20,V2,10,2056.5
tsn2,tai30_20_05,30x20,V2,11,2055.0
tsn2,tai30_20_05,30x20,V2,12,2051.0
tsn2,tai30_20_05,30x20,V2,13,2061.5
tsn2,tai30_20_05,30x20,V2,14,2092.0
tsn2,tai30_20_05,30x20,V2,15,2081.5
tsn2,tai30_20_05,30x20,V2,16,2066.0
tsn2,tai30_20_05,30x20,V2,17,2066.0
tsn2,tai30_20_05,30x20,V2,18,2093.0
tsn2,tai30_20_05,30x20,V2,19,2068.5
tsn2,tai30_20_05,30x20,V2,20,2045.0
tsn2,tai30_20_05,30x20,V2,21,2066.0
tsn2,tai30_20_05,30x20,V2,22,2084.0
tsn2,tai30_20_05,30x20,V2,23,2081.0
tsn2,tai30_20_05,30x20,V2,24,2064.0
tsn2,tai30_20_05,30x20,V2,25,2075.0
tsn2,tai30_20_05,30x20,V2,26,2080.5
tsn2,tai30_20_05,30x20,V2,27,2066.5
tsn2,tai30_20_05,30x20,V2,28,2064.0
tsn2,tai30_20_05,30x20,V2,29,2069.0
tsn2,tai30_20_05,30x20,V2,30,2051.0
tsn2,tai30_20_05,30x20,MOR,1,2114.0
tsn2,tai30_20_05,30x20,MOR,2,2086.5
tsn2,tai30_20_05,30x20,MOR,3,2090.0
tsn2,tai30_20_05,30x20,MOR,4,2097.0
tsn2,tai30_20_05,30x20,MOR,5,2084.0
tsn2,tai30_20_05,30x20,MOR,6,2093.5
tsn2,tai30_20_05,30x20,MOR,7,2077.0
tsn2,tai30_20_05,30x20,MOR,8,2111.5
tsn2,tai30_20_05,30x20,MOR,9,2066.0
tsn2,tai30_20_05,30x20,MOR,10,2093.5
tsn2,tai30_20_05,30x20,MOR,11,2116.0
tsn2,tai30_20_05,30x20,MOR,12,2100.5
tsn2,tai30_20_05,30x20,MOR,13,2091.5
tsn2,tai30_20_05,30x20,MOR,14,2085.0
tsn2,tai30_20_05,30x20,MOR,15,2109.0
tsn2,tai30_20_05,30x20,MOR,16,2089.0
tsn2,tai30_20_05,30x20,MOR,17,2118.0
tsn2,tai30_20_05,30x20,MOR,18,2095.5
tsn2,tai30_20_05,30x20,MOR,19,2100.5
tsn2,tai30_20_05,30x20,MOR,20,2106.0
tsn2,tai30_20_05,30x20,MOR,21,2124.5
tsn2,tai30_20_05,30x20,MOR,22,2110.0
tsn2,tai30_20_05,30x20,MOR,23,2071.5
tsn2,tai30_20_05,30x20,MOR,24,2097.5
tsn2,tai30_20_05,30x20,MOR,25,2095.0
tsn2,tai30_20_05,30x20,MOR,26,2090.0
tsn2,tai30_20_05,30x20,MOR,27,2078.5
tsn2,tai30_20_05,30x20,MOR,28,2065.0
tsn2,tai30_20_05,30x20,MOR,29,2089.5
tsn2,tai30_20_05,30x20,MOR,30,2102.0
tsn2,tai30_20_05,30x20,GT,1,2101.0
tsn2,tai30_20_05,30x20,GT,2,2073.5
tsn2,tai30_20_05,30x20,GT,3,2070.5
tsn2,tai30_20_05,30x20,GT,4,2069.5
tsn2,tai30_20_05,30x20,GT,5,2068.0
tsn2,tai30_20_05,30x20,GT,6,2079.0
tsn2,tai30_20_05,30x20,GT,7,2083.0
tsn2,tai30_20_05,30x20,GT,8,2078.0
tsn2,tai30_20_05,30x20,GT,9,2078.5
tsn2,tai30_20_05,30x20,GT,10,2083.5
tsn2,tai30_20_05,30x20,GT,11,2071.0
tsn2,tai30_20_05,30x20,GT,12,2072.0
tsn2,tai30_20_05,30x20,GT,13,2080.5
tsn2,tai30_20_05,30x20,GT,14,2091.0
tsn2,tai30_20_05,30x20,GT,15,2067.0
tsn2,tai30_20_05,30x20,GT,16,2094.0
tsn2,tai30_20_05,30x20,GT,17,2070.5
tsn2,tai30_20_05,30x20,GT,18,2071.5
tsn2,tai30_20_05,30x20,GT,19,2096.5
tsn2,tai30_20_05,30x20,GT,20,2071.0
tsn2,tai30_20_05,30x20,GT,21,2064.5
tsn2,tai30_20_05,30x20,GT,22,2071.0
tsn2,tai30_20_05,30x20,GT,23,2078.5
tsn2,tai30_20_05,30x20,GT,24,2080.0
tsn2,tai30_20_05,30x20,GT,25,2072.0
tsn2,tai30_20_05,30x20,GT,26,2075.0
tsn2,tai30_20_05,30x20,GT,27,2084.0
tsn2,tai30_20_05,30x20,GT,28,2106.0
tsn2,tai30_20_05,30x20,GT,29,2074.0
tsn2,tai30_20_05,30x20,GT,30,2067.5
tsn2,tai30_20_05,30x20,GP,1,2078.5
tsn2,tai30_20_05,30x20,GP,2,2095.5
tsn2,tai30_20_05,30x20,GP,3,2067.5
tsn2,tai30_20_05,30x20,GP,4,2070.0
tsn2,tai30_20_05,30x20,GP,5,2073.0
tsn2,tai30_20_05,30x20,GP,6,2069.5
tsn2,tai30_20_05,30x20,GP,7,2045.5
tsn2,tai30_20_05,30x20,GP,8,2064.0
tsn2,tai30_20_05,30x20,GP,9,2067.0
tsn2,tai30_20_05,30x20,GP,10,2091.0
tsn2,tai30_20_05,30x20,GP,11,2076.5
tsn2,tai30_20_05,30x20,GP,12,2074.5
tsn2,tai30_20_05,30x20,GP,13,2086.5
tsn2,tai30_20_05,30x20,GP,14,2093.0
tsn2,tai30_20_05,30x20,GP,15,2079.5
tsn2,tai30_20_05,30x20,GP,16,2080.5
tsn2,tai30_20_05,30x20,GP,17,2049.5
tsn2,tai30_20_05,30x20,GP,18,2055.5
tsn2,tai30_20_05,30x20,GP,19,2077.0
tsn2,tai30_20_05,30x20,GP,20,2081.5
tsn2,tai30_20_05,30x20,GP,21,2069.5
tsn2,tai30_20_05,30x20,GP,22,2072.5
tsn2,tai30_20_05,30x20,GP,23,2054.0
tsn2,tai30_20_05,30x20,GP,24,2088.0
tsn2,tai30_20_05,30x20,GP,25,2068.5
tsn2,tai30_20_05,30x20,GP,26,2088.0
tsn2,tai30_20_05,30x20,GP,27,2060.5
tsn2,tai30_20_05,30x20,GP,28,2066.5
tsn2,tai30_20_05,30x20,GP,29,2064.5
tsn2,tai30_20_05,30x20,GP,30,2085.5
tsn2,tai30_20_05,30x20,MIX,1,2066.0
tsn2,tai30_20_05,30x20,MIX,2,2063.0
tsn2,tai30_20_05,30x20,MIX,3,2054.0
tsn2,tai30_20_05,30x20,MIX,4,2076.5
tsn2,tai30_20_05,30x20,MIX,5,2084.5
tsn2,tai30_20_05,30x20,MIX,6,2045.0
tsn2,tai30_20_05,30x20,MIX,7,2077.0
tsn2,tai30_20_05,30x20,MIX,8,2087.5
tsn2,tai30_20_05,30x20,MIX,9,2106.0
tsn2,tai30_20_05,30x20,MIX,10,2069.0
tsn2,tai30_20_05,30x20,MIX,11,2074.5
tsn2,tai30_20_05,30x20,MIX,12,2076.5
tsn2,tai30_20_05,30x20,MIX,13,2076.0
tsn2,tai30_20_05,30x20,MIX,14,2061.5
tsn2,tai30_20_05,30x20,MIX,15,2060.0
tsn2,tai30_20_05,30x20,MIX,16,2068.5
tsn2,tai30_20_05,30x20,MIX,17,2070.0
tsn2,tai30_20_05,30x20,MIX,18,2051.0
tsn2,tai30_20_05,30x20,MIX,19,2062.5
tsn2,tai30_20_05,30x20,MIX,20,2073.5
tsn2,tai30_20_05,30x20,MIX,21,2091.5
tsn2,tai30_20_05,30x20,MIX,22,2057.0
tsn2,tai30_20_05,30x20,MIX,23,2064.0
tsn2,tai30_20_05,30x20,MIX,24,2082.5
tsn2,tai30_20_05,30x20,MIX,25,2056.0
tsn2,tai30_20_05,30x20,MIX,26,2079.0
tsn2,tai30_20_05,30x20,MIX,27,2058.5
tsn2,tai30_20_05,30x20,MIX,28,2091.5
tsn2,tai30_20_05,30x20,MIX,29,2076.0
tsn2,tai30_20_05,30x20,MIX,30,2069.5
tsn2,tai30_20_05,30x20,MIXH,1,2078.0
tsn2,tai30_20_05,30x20,MIXH,2,2072.0
tsn2,tai30_20_05,30x20,MIXH,3,2071.0
tsn2,tai30_20_05,30x20,MIXH,4,2058.5
tsn2,tai30_20_05,30x20,MIXH,5,2066.0
tsn2,tai30_20_05,30x20,MIXH,6,2065.0
tsn2,tai30_20_05,30x20,MIXH,7,2055.0
tsn2,tai30_20_05,30x20,MIXH,8,2091.0
tsn2,tai30_20_05,30x20,MIXH,9,2055.0
tsn2,tai30_20_05,30x20,MIXH,10,2071.0
tsn2,tai30_20_05,30x20,MIXH,11,2052.0
tsn2,tai30_20_05,30x20,MIXH,12,2087.5
tsn2,tai30_20_05,30x20,MIXH,13,2072.0
tsn2,tai30_20_05,30x20,MIXH,14,2058.0
tsn2,tai30_20_05,30x20,MIXH,15,2072.5
tsn2,tai30_20_05,30x20,MIXH,16,2057.5
tsn2,tai30_20_05,30x20,MIXH,17,2062.0
tsn2,tai30_20_05,30x20,MIXH,18,2053.0
tsn2,tai30_20_05,30x20,MIXH,19,2071.0
tsn2,tai30_20_05,30x20,MIXH,20,2042.0
tsn2,tai30_20_05,30x20,MIXH,21,2092.0
tsn2,tai30_20_05,30x20,MIXH,22,2086.5
tsn2,tai30_20_05,30x20,MIXH,23,2094.0
tsn2,tai30_20_05,30x20,MIXH,24,2059.5
tsn2,tai30_20_05,30x20,MIXH,25,2080.5
tsn2,tai30_20_05,30x20,MIXH,26,2092.5
tsn2,tai30_20_05,30x20,MIXH,27,2072.5
tsn2,tai30_20_05,30x20,MIXH,28,2048.0
tsn2,tai30_20_05,30x20,MIXH,29,2066.0
tsn2,tai30_20_05,30x20,MIXH,30,2088.0
tsn2,tai30_20_06,30x20,A0,1,2099.5
tsn2,tai30_20_06,30x20,A0,2,2112.5
tsn2,tai30_20_06,30x20,A0,3,2097.0
tsn2,tai30_20_06,30x20,A0,4,2106.5
tsn2,tai30_20_06,30x20,A0,5,2106.5
tsn2,tai30_20_06,30x20,A0,6,2125.5
tsn2,tai30_20_06,30x20,A0,7,2101.0
tsn2,tai30_20_06,30x20,A0,8,2108.0
tsn2,tai30_20_06,30x20,A0,9,2116.5
tsn2,tai30_20_06,30x20,A0,10,2140.5
tsn2,tai30_20_06,30x20,A0,11,2139.5
tsn2,tai30_20_06,30x20,A0,12,2117.0
tsn2,tai30_20_06,30x20,A0,13,2122.0
tsn2,tai30_20_06,30x20,A0,14,2114.5
tsn2,tai30_20_06,30x20,A0,15,2112.5
tsn2,tai30_20_06,30x20,A0,16,2122.0
tsn2,tai30_20_06,30x20,A0,17,2127.5
tsn2,tai30_20_06,30x20,A0,18,2128.0
tsn2,tai30_20_06,30x20,A0,19,2098.0
tsn2,tai30_20_06,30x20,A0,20,2081.0
tsn2,tai30_20_06,30x20,A0,21,2125.5
tsn2,tai30_20_06,30x20,A0,22,2115.0
tsn2,tai30_20_06,30x20,A0,23,2116.0
tsn2,tai30_20_06,30x20,A0,24,2143.0
tsn2,tai30_20_06,30x20,A0,25,2128.0
tsn2,tai30_20_06,30x20,A0,26,2101.5
tsn2,tai30_20_06,30x20,A0,27,2159.5
tsn2,tai30_20_06,30x20,A0,28,2094.5
tsn2,tai30_20_06,30x20,A0,29,2116.0
tsn2,tai30_20_06,30x20,A0,30,2104.0
tsn2,tai30_20_06,30x20,V2H,1,2140.0
tsn2,tai30_20_06,30x20,V2H,2,2147.0
tsn2,tai30_20_06,30x20,V2H,3,2152.0
tsn2,tai30_20_06,30x20,V2H,4,2152.0
tsn2,tai30_20_06,30x20,V2H,5,2150.0
tsn2,tai30_20_06,30x20,V2H,6,2148.5
tsn2,tai30_20_06,30x20,V2H,7,2115.5
tsn2,tai30_20_06,30x20,V2H,8,2158.0
tsn2,tai30_20_06,30x20,V2H,9,2125.0
tsn2,tai30_20_06,30x20,V2H,10,2130.0
tsn2,tai30_20_06,30x20,V2H,11,2117.5
tsn2,tai30_20_06,30x20,V2H,12,2143.0
tsn2,tai30_20_06,30x20,V2H,13,2154.0
tsn2,tai30_20_06,30x20,V2H,14,2125.5
tsn2,tai30_20_06,30x20,V2H,15,2115.5
tsn2,tai30_20_06,30x20,V2H,16,2146.0
tsn2,tai30_20_06,30x20,V2H,17,2132.0
tsn2,tai30_20_06,30x20,V2H,18,2110.5
tsn2,tai30_20_06,30x20,V2H,19,2133.0
tsn2,tai30_20_06,30x20,V2H,20,2167.0
tsn2,tai30_20_06,30x20,V2H,21,2122.5
tsn2,tai30_20_06,30x20,V2H,22,2153.0
tsn2,tai30_20_06,30x20,V2H,23,2115.0
tsn2,tai30_20_06,30x20,V2H,24,2113.0
tsn2,tai30_20_06,30x20,V2H,25,2135.5
tsn2,tai30_20_06,30x20,V2H,26,2110.0
tsn2,tai30_20_06,30x20,V2H,27,2117.5
tsn2,tai30_20_06,30x20,V2H,28,2131.0
tsn2,tai30_20_06,30x20,V2H,29,2166.5
tsn2,tai30_20_06,30x20,V2H,30,2135.5
tsn2,tai30_20_06,30x20,V2,1,2122.0
tsn2,tai30_20_06,30x20,V2,2,2111.0
tsn2,tai30_20_06,30x20,V2,3,2130.5
tsn2,tai30_20_06,30x20,V2,4,2145.5
tsn2,tai30_20_06,30x20,V2,5,2108.0
tsn2,tai30_20_06,30x20,V2,6,2123.5
tsn2,tai30_20_06,30x20,V2,7,2118.5
tsn2,tai30_20_06,30x20,V2,8,2136.0
tsn2,tai30_20_06,30x20,V2,9,2138.5
tsn2,tai30_20_06,30x20,V2,10,2174.0
tsn2,tai30_20_06,30x20,V2,11,2127.0
tsn2,tai30_20_06,30x20,V2,12,2183.0
tsn2,tai30_20_06,30x20,V2,13,2156.5
tsn2,tai30_20_06,30x20,V2,14,2138.5
tsn2,tai30_20_06,30x20,V2,15,2138.5
tsn2,tai30_20_06,30x20,V2,16,2120.0
tsn2,tai30_20_06,30x20,V2,17,2076.5
tsn2,tai30_20_06,30x20,V2,18,2119.0
tsn2,tai30_20_06,30x20,V2,19,2130.5
tsn2,tai30_20_06,30x20,V2,20,2113.5
tsn2,tai30_20_06,30x20,V2,21,2165.0
tsn2,tai30_20_06,30x20,V2,22,2115.0
tsn2,tai30_20_06,30x20,V2,23,2128.5
tsn2,tai30_20_06,30x20,V2,24,2151.5
tsn2,tai30_20_06,30x20,V2,25,2131.0
tsn2,tai30_20_06,30x20,V2,26,2136.0
tsn2,tai30_20_06,30x20,V2,27,2115.0
tsn2,tai30_20_06,30x20,V2,28,2119.0
tsn2,tai30_20_06,30x20,V2,29,2118.5
tsn2,tai30_20_06,30x20,V2,30,2104.5
tsn2,tai30_20_06,30x20,MOR,1,2132.0
tsn2,tai30_20_06,30x20,MOR,2,2141.0
tsn2,tai30_20_06,30x20,MOR,3,2101.5
tsn2,tai30_20_06,30x20,MOR,4,2141.5
tsn2,tai30_20_06,30x20,MOR,5,2098.5
tsn2,tai30_20_06,30x20,MOR,6,2120.0
tsn2,tai30_20_06,30x20,MOR,7,2130.0
tsn2,tai30_20_06,30x20,MOR,8,2111.5
tsn2,tai30_20_06,30x20,MOR,9,2147.0
tsn2,tai30_20_06,30x20,MOR,10,2141.0
tsn2,tai30_20_06,30x20,MOR,11,2145.5
tsn2,tai30_20_06,30x20,MOR,12,2136.0
tsn2,tai30_20_06,30x20,MOR,13,2114.0
tsn2,tai30_20_06,30x20,MOR,14,2122.5
tsn2,tai30_20_06,30x20,MOR,15,2120.5
tsn2,tai30_20_06,30x20,MOR,16,2154.0
tsn2,tai30_20_06,30x20,MOR,17,2124.0
tsn2,tai30_20_06,30x20,MOR,18,2124.0
tsn2,tai30_20_06,30x20,MOR,19,2117.5
tsn2,tai30_20_06,30x20,MOR,20,2130.0
tsn2,tai30_20_06,30x20,MOR,21,2120.5
tsn2,tai30_20_06,30x20,MOR,22,2147.5
tsn2,tai30_20_06,30x20,MOR,23,2154.0
tsn2,tai30_20_06,30x20,MOR,24,2147.5
tsn2,tai30_20_06,30x20,MOR,25,2114.0
tsn2,tai30_20_06,30x20,MOR,26,2147.5
tsn2,tai30_20_06,30x20,MOR,27,2130.0
tsn2,tai30_20_06,30x20,MOR,28,2119.0
tsn2,tai30_20_06,30x20,MOR,29,2128.5
tsn2,tai30_20_06,30x20,MOR,30,2102.0
tsn2,tai30_20_06,30x20,GT,1,2160.0
tsn2,tai30_20_06,30x20,GT,2,2133.5
tsn2,tai30_20_06,30x20,GT,3,2146.0
tsn2,tai30_20_06,30x20,GT,4,2136.5
tsn2,tai30_20_06,30x20,GT,5,2162.0
tsn2,tai30_20_06,30x20,GT,6,2127.5
tsn2,tai30_20_06,30x20,GT,7,2125.0
tsn2,tai30_20_06,30x20,GT,8,2133.0
tsn2,tai30_20_06,30x20,GT,9,2156.5
tsn2,tai30_20_06,30x20,GT,10,2167.5
tsn2,tai30_20_06,30x20,GT,11,2167.0
tsn2,tai30_20_06,30x20,GT,12,2118.0
tsn2,tai30_20_06,30x20,GT,13,2140.0
tsn2,tai30_20_06,30x20,GT,14,2130.5
tsn2,tai30_20_06,30x20,GT,15,2161.5
tsn2,tai30_20_06,30x20,GT,16,2152.0
tsn2,tai30_20_06,30x20,GT,17,2154.0
tsn2,tai30_20_06,30x20,GT,18,2137.0
tsn2,tai30_20_06,30x20,GT,19,2146.5
tsn2,tai30_20_06,30x20,GT,20,2138.0
tsn2,tai30_20_06,30x20,GT,21,2126.0
tsn2,tai30_20_06,30x20,GT,22,2137.5
tsn2,tai30_20_06,30x20,GT,23,2157.0
tsn2,tai30_20_06,30x20,GT,24,2165.0
tsn2,tai30_20_06,30x20,GT,25,2140.5
tsn2,tai30_20_06,30x20,GT,26,2137.0
tsn2,tai30_20_06,30x20,GT,27,2143.5
tsn2,tai30_20_06,30x20,GT,28,2130.0
tsn2,tai30_20_06,30x20,GT,29,2150.0
tsn2,tai30_20_06,30x20,GT,30,2145.5
tsn2,tai30_20_06,30x20,GP,1,2108.0
tsn2,tai30_20_06,30x20,GP,2,2113.0
tsn2,tai30_20_06,30x20,GP,3,2165.5
tsn2,tai30_20_06,30x20,GP,4,2104.0
tsn2,tai30_20_06,30x20,GP,5,2141.0
tsn2,tai30_20_06,30x20,GP,6,2136.0
tsn2,tai30_20_06,30x20,GP,7,2120.0
tsn2,tai30_20_06,30x20,GP,8,2115.5
tsn2,tai30_20_06,30x20,GP,9,2134.5
tsn2,tai30_20_06,30x20,GP,10,2118.5
tsn2,tai30_20_06,30x20,GP,11,2127.5
tsn2,tai30_20_06,30x20,GP,12,2107.0
tsn2,tai30_20_06,30x20,GP,13,2147.5
tsn2,tai30_20_06,30x20,GP,14,2136.5
tsn2,tai30_20_06,30x20,GP,15,2120.5
tsn2,tai30_20_06,30x20,GP,16,2117.5
tsn2,tai30_20_06,30x20,GP,17,2131.5
tsn2,tai30_20_06,30x20,GP,18,2123.5
tsn2,tai30_20_06,30x20,GP,19,2117.5
tsn2,tai30_20_06,30x20,GP,20,2135.0
tsn2,tai30_20_06,30x20,GP,21,2142.0
tsn2,tai30_20_06,30x20,GP,22,2126.0
tsn2,tai30_20_06,30x20,GP,23,2147.5
tsn2,tai30_20_06,30x20,GP,24,2104.5
tsn2,tai30_20_06,30x20,GP,25,2144.0
tsn2,tai30_20_06,30x20,GP,26,2114.0
tsn2,tai30_20_06,30x20,GP,27,2112.0
tsn2,tai30_20_06,30x20,GP,28,2129.0
tsn2,tai30_20_06,30x20,GP,29,2109.0
tsn2,tai30_20_06,30x20,GP,30,2109.5
tsn2,tai30_20_06,30x20,MIX,1,2110.0
tsn2,tai30_20_06,30x20,MIX,2,2137.0
tsn2,tai30_20_06,30x20,MIX,3,2117.5
tsn2,tai30_20_06,30x20,MIX,4,2160.5
tsn2,tai30_20_06,30x20,MIX,5,2119.0
tsn2,tai30_20_06,30x20,MIX,6,2099.0
tsn2,tai30_20_06,30x20,MIX,7,2104.5
tsn2,tai30_20_06,30x20,MIX,8,2103.5
tsn2,tai30_20_06,30x20,MIX,9,2103.5
tsn2,tai30_20_06,30x20,MIX,10,2133.0
tsn2,tai30_20_06,30x20,MIX,11,2090.0
tsn2,tai30_20_06,30x20,MIX,12,2121.0
tsn2,tai30_20_06,30x20,MIX,13,2119.0
tsn2,tai30_20_06,30x20,MIX,14,2130.0
tsn2,tai30_20_06,30x20,MIX,15,2117.5
tsn2,tai30_20_06,30x20,MIX,16,2117.5
tsn2,tai30_20_06,30x20,MIX,17,2134.5
tsn2,tai30_20_06,30x20,MIX,18,2124.5
tsn2,tai30_20_06,30x20,MIX,19,2131.5
tsn2,tai30_20_06,30x20,MIX,20,2102.5
tsn2,tai30_20_06,30x20,MIX,21,2111.0
tsn2,tai30_20_06,30x20,MIX,22,2150.0
tsn2,tai30_20_06,30x20,MIX,23,2127.5
tsn2,tai30_20_06,30x20,MIX,24,2131.5
tsn2,tai30_20_06,30x20,MIX,25,2140.5
tsn2,tai30_20_06,30x20,MIX,26,2140.5
tsn2,tai30_20_06,30x20,MIX,27,2136.5
tsn2,tai30_20_06,30x20,MIX,28,2151.0
tsn2,tai30_20_06,30x20,MIX,29,2145.0
tsn2,tai30_20_06,30x20,MIX,30,2133.5
tsn2,tai30_20_06,30x20,MIXH,1,2089.5
tsn2,tai30_20_06,30x20,MIXH,2,2123.0
tsn2,tai30_20_06,30x20,MIXH,3,2157.0
tsn2,tai30_20_06,30x20,MIXH,4,2121.0
tsn2,tai30_20_06,30x20,MIXH,5,2118.5
tsn2,tai30_20_06,30x20,MIXH,6,2156.5
tsn2,tai30_20_06,30x20,MIXH,7,2101.5
tsn2,tai30_20_06,30x20,MIXH,8,2123.5
tsn2,tai30_20_06,30x20,MIXH,9,2099.0
tsn2,tai30_20_06,30x20,MIXH,10,2107.0
tsn2,tai30_20_06,30x20,MIXH,11,2123.5
tsn2,tai30_20_06,30x20,MIXH,12,2106.0
tsn2,tai30_20_06,30x20,MIXH,13,2094.5
tsn2,tai30_20_06,30x20,MIXH,14,2111.5
tsn2,tai30_20_06,30x20,MIXH,15,2170.0
tsn2,tai30_20_06,30x20,MIXH,16,2119.5
tsn2,tai30_20_06,30x20,MIXH,17,2101.5
tsn2,tai30_20_06,30x20,MIXH,18,2112.0
tsn2,tai30_20_06,30x20,MIXH,19,2128.5
tsn2,tai30_20_06,30x20,MIXH,20,2126.0
tsn2,tai30_20_06,30x20,MIXH,21,2120.0
tsn2,tai30_20_06,30x20,MIXH,22,2150.0
tsn2,tai30_20_06,30x20,MIXH,23,2119.5
tsn2,tai30_20_06,30x20,MIXH,24,2146.0
tsn2,tai30_20_06,30x20,MIXH,25,2093.0
tsn2,tai30_20_06,30x20,MIXH,26,2115.5
tsn2,tai30_20_06,30x20,MIXH,27,2102.5
tsn2,tai30_20_06,30x20,MIXH,28,2107.0
tsn2,tai30_20_06,30x20,MIXH,29,2128.5
tsn2,tai30_20_06,30x20,MIXH,30,2155.5
tsn2,tai30_20_07,30x20,A0,1,2022.0
tsn2,tai30_20_07,30x20,A0,2,2031.5
tsn2,tai30_20_07,30x20,A0,3,2019.5
tsn2,tai30_20_07,30x20,A0,4,1987.0
tsn2,tai30_20_07,30x20,A0,5,2010.5
tsn2,tai30_20_07,30x20,A0,6,2003.0
tsn2,tai30_20_07,30x20,A0,7,1992.5
tsn2,tai30_20_07,30x20,A0,8,1986.0
tsn2,tai30_20_07,30x20,A0,9,2003.5
tsn2,tai30_20_07,30x20,A0,10,1993.5
tsn2,tai30_20_07,30x20,A0,11,2034.5
tsn2,tai30_20_07,30x20,A0,12,1994.5
tsn2,tai30_20_07,30x20,A0,13,2010.0
tsn2,tai30_20_07,30x20,A0,14,1994.0
tsn2,tai30_20_07,30x20,A0,15,2003.5
tsn2,tai30_20_07,30x20,A0,16,1992.5
tsn2,tai30_20_07,30x20,A0,17,1981.0
tsn2,tai30_20_07,30x20,A0,18,2001.0
tsn2,tai30_20_07,30x20,A0,19,2020.5
tsn2,tai30_20_07,30x20,A0,20,2006.5
tsn2,tai30_20_07,30x20,A0,21,1999.0
tsn2,tai30_20_07,30x20,A0,22,1992.0
tsn2,tai30_20_07,30x20,A0,23,2012.5
tsn2,tai30_20_07,30x20,A0,24,2012.5
tsn2,tai30_20_07,30x20,A0,25,2000.5
tsn2,tai30_20_07,30x20,A0,26,1999.5
tsn2,tai30_20_07,30x20,A0,27,2003.0
tsn2,tai30_20_07,30x20,A0,28,2015.0
tsn2,tai30_20_07,30x20,A0,29,1997.5
tsn2,tai30_20_07,30x20,A0,30,2007.5
tsn2,tai30_20_07,30x20,V2H,1,2014.5
tsn2,tai30_20_07,30x20,V2H,2,2020.0
tsn2,tai30_20_07,30x20,V2H,3,2018.5
tsn2,tai30_20_07,30x20,V2H,4,2020.0
tsn2,tai30_20_07,30x20,V2H,5,1998.5
tsn2,tai30_20_07,30x20,V2H,6,2018.5
tsn2,tai30_20_07,30x20,V2H,7,2006.0
tsn2,tai30_20_07,30x20,V2H,8,1989.0
tsn2,tai30_20_07,30x20,V2H,9,2019.0
tsn2,tai30_20_07,30x20,V2H,10,2058.0
tsn2,tai30_20_07,30x20,V2H,11,2012.5
tsn2,tai30_20_07,30x20,V2H,12,2022.5
tsn2,tai30_20_07,30x20,V2H,13,2019.0
tsn2,tai30_20_07,30x20,V2H,14,2019.0
tsn2,tai30_20_07,30x20,V2H,15,1993.0
tsn2,tai30_20_07,30x20,V2H,16,2005.5
tsn2,tai30_20_07,30x20,V2H,17,2019.5
tsn2,tai30_20_07,30x20,V2H,18,2009.5
tsn2,tai30_20_07,30x20,V2H,19,2011.0
tsn2,tai30_20_07,30x20,V2H,20,2016.5
tsn2,tai30_20_07,30x20,V2H,21,2032.0
tsn2,tai30_20_07,30x20,V2H,22,2007.0
tsn2,tai30_20_07,30x20,V2H,23,2013.5
tsn2,tai30_20_07,30x20,V2H,24,2017.0
tsn2,tai30_20_07,30x20,V2H,25,2014.0
tsn2,tai30_20_07,30x20,V2H,26,2016.0
tsn2,tai30_20_07,30x20,V2H,27,2008.5
tsn2,tai30_20_07,30x20,V2H,28,2026.0
tsn2,tai30_20_07,30x20,V2H,29,2013.5
tsn2,tai30_20_07,30x20,V2H,30,2003.0
tsn2,tai30_20_07,30x20,V2,1,2013.5
tsn2,tai30_20_07,30x20,V2,2,2022.5
tsn2,tai30_20_07,30x20,V2,3,2006.5
tsn2,tai30_20_07,30x20,V2,4,1989.5
tsn2,tai30_20_07,30x20,V2,5,2008.5
tsn2,tai30_20_07,30x20,V2,6,2030.0
tsn2,tai30_20_07,30x20,V2,7,2016.0
tsn2,tai30_20_07,30x20,V2,8,1999.5
tsn2,tai30_20_07,30x20,V2,9,2017.0
tsn2,tai30_20_07,30x20,V2,10,2003.5
tsn2,tai30_20_07,30x20,V2,11,2021.5
tsn2,tai30_20_07,30x20,V2,12,2004.0
tsn2,tai30_20_07,30x20,V2,13,1984.5
tsn2,tai30_20_07,30x20,V2,14,2011.0
tsn2,tai30_20_07,30x20,V2,15,1991.0
tsn2,tai30_20_07,30x20,V2,16,2046.0
tsn2,tai30_20_07,30x20,V2,17,2025.0
tsn2,tai30_20_07,30x20,V2,18,2020.5
tsn2,tai30_20_07,30x20,V2,19,2023.0
tsn2,tai30_20_07,30x20,V2,20,2010.0
tsn2,tai30_20_07,30x20,V2,21,2015.5
tsn2,tai30_20_07,30x20,V2,22,2005.5
tsn2,tai30_20_07,30x20,V2,23,2029.0
tsn2,tai30_20_07,30x20,V2,24,2021.0
tsn2,tai30_20_07,30x20,V2,25,2014.0
tsn2,tai30_20_07,30x20,V2,26,2020.5
tsn2,tai30_20_07,30x20,V2,27,1993.0
tsn2,tai30_20_07,30x20,V2,28,2007.0
tsn2,tai30_20_07,30x20,V2,29,2011.5
tsn2,tai30_20_07,30x20,V2,30,2022.0
tsn2,tai30_20_07,30x20,MOR,1,2022.0
tsn2,tai30_20_07,30x20,MOR,2,2039.5
tsn2,tai30_20_07,30x20,MOR,3,2026.5
tsn2,tai30_20_07,30x20,MOR,4,2029.0
tsn2,tai30_20_07,30x20,MOR,5,2020.0
tsn2,tai30_20_07,30x20,MOR,6,2029.5
tsn2,tai30_20_07,30x20,MOR,7,2036.0
tsn2,tai30_20_07,30x20,MOR,8,2027.0
tsn2,tai30_20_07,30x20,MOR,9,2063.0
tsn2,tai30_20_07,30x20,MOR,10,2035.0
tsn2,tai30_20_07,30x20,MOR,11,2034.0
tsn2,tai30_20_07,30x20,MOR,12,2010.5
tsn2,tai30_20_07,30x20,MOR,13,2026.0
tsn2,tai30_20_07,30x20,MOR,14,2046.0
tsn2,tai30_20_07,30x20,MOR,15,2052.0
tsn2,tai30_20_07,30x20,MOR,16,2038.5
tsn2,tai30_20_07,30x20,MOR,17,2024.5
tsn2,tai30_20_07,30x20,MOR,18,2017.0
tsn2,tai30_20_07,30x20,MOR,19,2048.0
tsn2,tai30_20_07,30x20,MOR,20,2029.0
tsn2,tai30_20_07,30x20,MOR,21,2043.5
tsn2,tai30_20_07,30x20,MOR,22,2030.5
tsn2,tai30_20_07,30x20,MOR,23,2049.5
tsn2,tai30_20_07,30x20,MOR,24,2030.0
tsn2,tai30_20_07,30x20,MOR,25,2028.5
tsn2,tai30_20_07,30x20,MOR,26,2024.5
tsn2,tai30_20_07,30x20,MOR,27,2028.5
tsn2,tai30_20_07,30x20,MOR,28,2030.5
tsn2,tai30_20_07,30x20,MOR,29,2027.0
tsn2,tai30_20_07,30x20,MOR,30,2027.0
tsn2,tai30_20_07,30x20,GT,1,2010.0
tsn2,tai30_20_07,30x20,GT,2,2011.0
tsn2,tai30_20_07,30x20,GT,3,2010.5
tsn2,tai30_20_07,30x20,GT,4,2014.0
tsn2,tai30_20_07,30x20,GT,5,1982.5
tsn2,tai30_20_07,30x20,GT,6,1981.0
tsn2,tai30_20_07,30x20,GT,7,1999.0
tsn2,tai30_20_07,30x20,GT,8,1997.0
tsn2,tai30_20_07,30x20,GT,9,1993.0
tsn2,tai30_20_07,30x20,GT,10,1990.5
tsn2,tai30_20_07,30x20,GT,11,2015.5
tsn2,tai30_20_07,30x20,GT,12,1985.5
tsn2,tai30_20_07,30x20,GT,13,1975.5
tsn2,tai30_20_07,30x20,GT,14,2002.0
tsn2,tai30_20_07,30x20,GT,15,2001.0
tsn2,tai30_20_07,30x20,GT,16,2009.5
tsn2,tai30_20_07,30x20,GT,17,1995.0
tsn2,tai30_20_07,30x20,GT,18,1978.0
tsn2,tai30_20_07,30x20,GT,19,2006.5
tsn2,tai30_20_07,30x20,GT,20,2031.5
tsn2,tai30_20_07,30x20,GT,21,2000.5
tsn2,tai30_20_07,30x20,GT,22,2023.5
tsn2,tai30_20_07,30x20,GT,23,1999.5
tsn2,tai30_20_07,30x20,GT,24,2025.0
tsn2,tai30_20_07,30x20,GT,25,1993.5
tsn2,tai30_20_07,30x20,GT,26,2008.0
tsn2,tai30_20_07,30x20,GT,27,2002.5
tsn2,tai30_20_07,30x20,GT,28,2026.0
tsn2,tai30_20_07,30x20,GT,29,2011.0
tsn2,tai30_20_07,30x20,GT,30,2019.5
tsn2,tai30_20_07,30x20,GP,1,1994.5
tsn2,tai30_20_07,30x20,GP,2,1986.5
tsn2,tai30_20_07,30x20,GP,3,1991.5
tsn2,tai30_20_07,30x20,GP,4,1995.5
tsn2,tai30_20_07,30x20,GP,5,2021.0
tsn2,tai30_20_07,30x20,GP,6,2002.5
tsn2,tai30_20_07,30x20,GP,7,2002.5
tsn2,tai30_20_07,30x20,GP,8,1981.5
tsn2,tai30_20_07,30x20,GP,9,2001.0
tsn2,tai30_20_07,30x20,GP,10,2008.0
tsn2,tai30_20_07,30x20,GP,11,2008.0
tsn2,tai30_20_07,30x20,GP,12,2005.0
tsn2,tai30_20_07,30x20,GP,13,2010.5
tsn2,tai30_20_07,30x20,GP,14,2014.0
tsn2,tai30_20_07,30x20,GP,15,2002.5
tsn2,tai30_20_07,30x20,GP,16,2015.0
tsn2,tai30_20_07,30x20,GP,17,2021.0
tsn2,tai30_20_07,30x20,GP,18,1996.5
tsn2,tai30_20_07,30x20,GP,19,2013.0
tsn2,tai30_20_07,30x20,GP,20,2014.5
tsn2,tai30_20_07,30x20,GP,21,2005.5
tsn2,tai30_20_07,30x20,GP,22,1996.0
tsn2,tai30_20_07,30x20,GP,23,1989.5
tsn2,tai30_20_07,30x20,GP,24,1999.0
tsn2,tai30_20_07,30x20,GP,25,2002.0
tsn2,tai30_20_07,30x20,GP,26,2019.5
tsn2,tai30_20_07,30x20,GP,27,1989.5
tsn2,tai30_20_07,30x20,GP,28,2010.5
tsn2,tai30_20_07,30x20,GP,29,2039.0
tsn2,tai30_20_07,30x20,GP,30,1998.5
tsn2,tai30_20_07,30x20,MIX,1,2019.0
tsn2,tai30_20_07,30x20,MIX,2,1993.5
tsn2,tai30_20_07,30x20,MIX,3,1998.0
tsn2,tai30_20_07,30x20,MIX,4,1995.0
tsn2,tai30_20_07,30x20,MIX,5,1978.0
tsn2,tai30_20_07,30x20,MIX,6,2026.5
tsn2,tai30_20_07,30x20,MIX,7,2006.0
tsn2,tai30_20_07,30x20,MIX,8,2014.5
tsn2,tai30_20_07,30x20,MIX,9,2009.5
tsn2,tai30_20_07,30x20,MIX,10,2003.0
tsn2,tai30_20_07,30x20,MIX,11,2012.5
tsn2,tai30_20_07,30x20,MIX,12,1985.5
tsn2,tai30_20_07,30x20,MIX,13,2001.0
tsn2,tai30_20_07,30x20,MIX,14,2001.0
tsn2,tai30_20_07,30x20,MIX,15,1999.5
tsn2,tai30_20_07,30x20,MIX,16,1988.5
tsn2,tai30_20_07,30x20,MIX,17,1999.0
tsn2,tai30_20_07,30x20,MIX,18,2004.0
tsn2,tai30_20_07,30x20,MIX,19,2007.0
tsn2,tai30_20_07,30x20,MIX,20,2006.0
tsn2,tai30_20_07,30x20,MIX,21,2004.5
tsn2,tai30_20_07,30x20,MIX,22,1994.5
tsn2,tai30_20_07,30x20,MIX,23,2001.0
tsn2,tai30_20_07,30x20,MIX,24,1986.5
tsn2,tai30_20_07,30x20,MIX,25,2001.5
tsn2,tai30_20_07,30x20,MIX,26,1993.5
tsn2,tai30_20_07,30x20,MIX,27,1991.5
tsn2,tai30_20_07,30x20,MIX,28,2004.0
tsn2,tai30_20_07,30x20,MIX,29,1990.5
tsn2,tai30_20_07,30x20,MIX,30,2014.5
tsn2,tai30_20_07,30x20,MIXH,1,1975.0
tsn2,tai30_20_07,30x20,MIXH,2,2008.5
tsn2,tai30_20_07,30x20,MIXH,3,1983.0
tsn2,tai30_20_07,30x20,MIXH,4,2023.0
tsn2,tai30_20_07,30x20,MIXH,5,1998.0
tsn2,tai30_20_07,30x20,MIXH,6,2003.0
tsn2,tai30_20_07,30x20,MIXH,7,2016.0
tsn2,tai30_20_07,30x20,MIXH,8,1989.5
tsn2,tai30_20_07,30x20,MIXH,9,1986.0
tsn2,tai30_20_07,30x20,MIXH,10,1999.5
tsn2,tai30_20_07,30x20,MIXH,11,1989.0
tsn2,tai30_20_07,30x20,MIXH,12,2005.0
tsn2,tai30_20_07,30x20,MIXH,13,2009.0
tsn2,tai30_20_07,30x20,MIXH,14,1981.5
tsn2,tai30_20_07,30x20,MIXH,15,2001.0
tsn2,tai30_20_07,30x20,MIXH,16,2028.0
tsn2,tai30_20_07,30x20,MIXH,17,1973.5
tsn2,tai30_20_07,30x20,MIXH,18,1992.5
tsn2,tai30_20_07,30x20,MIXH,19,1982.5
tsn2,tai30_20_07,30x20,MIXH,20,2002.5
tsn2,tai30_20_07,30x20,MIXH,21,1985.5
tsn2,tai30_20_07,30x20,MIXH,22,2001.5
tsn2,tai30_20_07,30x20,MIXH,23,2003.0
tsn2,tai30_20_07,30x20,MIXH,24,1984.0
tsn2,tai30_20_07,30x20,MIXH,25,1988.0
tsn2,tai30_20_07,30x20,MIXH,26,1995.5
tsn2,tai30_20_07,30x20,MIXH,27,2019.0
tsn2,tai30_20_07,30x20,MIXH,28,1981.5
tsn2,tai30_20_07,30x20,MIXH,29,2006.0
tsn2,tai30_20_07,30x20,MIXH,30,1981.0
tsn2,tai30_20_08,30x20,A0,1,2052.0
tsn2,tai30_20_08,30x20,A0,2,2037.5
tsn2,tai30_20_08,30x20,A0,3,2049.5
tsn2,tai30_20_08,30x20,A0,4,2050.0
tsn2,tai30_20_08,30x20,A0,5,2062.0
tsn2,tai30_20_08,30x20,A0,6,2065.5
tsn2,tai30_20_08,30x20,A0,7,2042.5
tsn2,tai30_20_08,30x20,A0,8,2048.0
tsn2,tai30_20_08,30x20,A0,9,2066.5
tsn2,tai30_20_08,30x20,A0,10,2047.5
tsn2,tai30_20_08,30x20,A0,11,2037.5
tsn2,tai30_20_08,30x20,A0,12,2076.5
tsn2,tai30_20_08,30x20,A0,13,2073.5
tsn2,tai30_20_08,30x20,A0,14,2052.0
tsn2,tai30_20_08,30x20,A0,15,2053.0
tsn2,tai30_20_08,30x20,A0,16,2060.5
tsn2,tai30_20_08,30x20,A0,17,2031.5
tsn2,tai30_20_08,30x20,A0,18,2051.0
tsn2,tai30_20_08,30x20,A0,19,2076.5
tsn2,tai30_20_08,30x20,A0,20,2058.0
tsn2,tai30_20_08,30x20,A0,21,2076.0
tsn2,tai30_20_08,30x20,A0,22,2046.0
tsn2,tai30_20_08,30x20,A0,23,2068.5
tsn2,tai30_20_08,30x20,A0,24,2079.0
tsn2,tai30_20_08,30x20,A0,25,2079.5
tsn2,tai30_20_08,30x20,A0,26,2044.0
tsn2,tai30_20_08,30x20,A0,27,2066.0
tsn2,tai30_20_08,30x20,A0,28,2057.0
tsn2,tai30_20_08,30x20,A0,29,2046.0
tsn2,tai30_20_08,30x20,A0,30,2061.0
tsn2,tai30_20_08,30x20,V2H,1,2072.5
tsn2,tai30_20_08,30x20,V2H,2,2067.0
tsn2,tai30_20_08,30x20,V2H,3,2039.0
tsn2,tai30_20_08,30x20,V2H,4,2074.0
tsn2,tai30_20_08,30x20,V2H,5,2080.0
tsn2,tai30_20_08,30x20,V2H,6,2057.5
tsn2,tai30_20_08,30x20,V2H,7,2103.0
tsn2,tai30_20_08,30x20,V2H,8,2104.0
tsn2,tai30_20_08,30x20,V2H,9,2089.0
tsn2,tai30_20_08,30x20,V2H,10,2087.0
tsn2,tai30_20_08,30x20,V2H,11,2060.0
tsn2,tai30_20_08,30x20,V2H,12,2037.0
tsn2,tai30_20_08,30x20,V2H,13,2059.5
tsn2,tai30_20_08,30x20,V2H,14,2061.5
tsn2,tai30_20_08,30x20,V2H,15,2067.0
tsn2,tai30_20_08,30x20,V2H,16,2065.0
tsn2,tai30_20_08,30x20,V2H,17,2038.5
tsn2,tai30_20_08,30x20,V2H,18,2073.0
tsn2,tai30_20_08,30x20,V2H,19,2090.0
tsn2,tai30_20_08,30x20,V2H,20,2083.0
tsn2,tai30_20_08,30x20,V2H,21,2076.5
tsn2,tai30_20_08,30x20,V2H,22,2058.5
tsn2,tai30_20_08,30x20,V2H,23,2081.5
tsn2,tai30_20_08,30x20,V2H,24,2099.5
tsn2,tai30_20_08,30x20,V2H,25,2096.5
tsn2,tai30_20_08,30x20,V2H,26,2044.0
tsn2,tai30_20_08,30x20,V2H,27,2056.0
tsn2,tai30_20_08,30x20,V2H,28,2074.5
tsn2,tai30_20_08,30x20,V2H,29,2061.5
tsn2,tai30_20_08,30x20,V2H,30,2061.0
tsn2,tai30_20_08,30x20,V2,1,2078.0
tsn2,tai30_20_08,30x20,V2,2,2046.5
tsn2,tai30_20_08,30x20,V2,3,2111.5
tsn2,tai30_20_08,30x20,V2,4,2066.0
tsn2,tai30_20_08,30x20,V2,5,2088.0
tsn2,tai30_20_08,30x20,V2,6,2081.0
tsn2,tai30_20_08,30x20,V2,7,2082.0
tsn2,tai30_20_08,30x20,V2,8,2086.5
tsn2,tai30_20_08,30x20,V2,9,2088.5
tsn2,tai30_20_08,30x20,V2,10,2093.0
tsn2,tai30_20_08,30x20,V2,11,2101.0
tsn2,tai30_20_08,30x20,V2,12,2090.0
tsn2,tai30_20_08,30x20,V2,13,2062.0
tsn2,tai30_20_08,30x20,V2,14,2061.0
tsn2,tai30_20_08,30x20,V2,15,2063.0
tsn2,tai30_20_08,30x20,V2,16,2065.0
tsn2,tai30_20_08,30x20,V2,17,2094.5
tsn2,tai30_20_08,30x20,V2,18,2070.0
tsn2,tai30_20_08,30x20,V2,19,2114.0
tsn2,tai30_20_08,30x20,V2,20,2069.0
tsn2,tai30_20_08,30x20,V2,21,2043.0
tsn2,tai30_20_08,30x20,V2,22,2077.5
tsn2,tai30_20_08,30x20,V2,23,2053.5
tsn2,tai30_20_08,30x20,V2,24,2117.5
tsn2,tai30_20_08,30x20,V2,25,2035.5
tsn2,tai30_20_08,30x20,V2,26,2052.5
tsn2,tai30_20_08,30x20,V2,27,2087.0
tsn2,tai30_20_08,30x20,V2,28,2059.5
tsn2,tai30_20_08,30x20,V2,29,2078.5
tsn2,tai30_20_08,30x20,V2,30,2065.0
tsn2,tai30_20_08,30x20,MOR,1,2073.0
tsn2,tai30_20_08,30x20,MOR,2,2083.5
tsn2,tai30_20_08,30x20,MOR,3,2056.5
tsn2,tai30_20_08,30x20,MOR,4,2058.5
tsn2,tai30_20_08,30x20,MOR,5,2075.0
tsn2,tai30_20_08,30x20,MOR,6,2074.5
tsn2,tai30_20_08,30x20,MOR,7,2072.0
tsn2,tai30_20_08,30x20,MOR,8,2073.0
tsn2,tai30_20_08,30x20,MOR,9,2065.0
tsn2,tai30_20_08,30x20,MOR,10,2058.0
tsn2,tai30_20_08,30x20,MOR,11,2077.0
tsn2,tai30_20_08,30x20,MOR,12,2061.5
tsn2,tai30_20_08,30x20,MOR,13,2074.0
tsn2,tai30_20_08,30x20,MOR,14,2083.5
tsn2,tai30_20_08,30x20,MOR,15,2062.0
tsn2,tai30_20_08,30x20,MOR,16,2065.0
tsn2,tai30_20_08,30x20,MOR,17,2059.0
tsn2,tai30_20_08,30x20,MOR,18,2077.0
tsn2,tai30_20_08,30x20,MOR,19,2062.0
tsn2,tai30_20_08,30x20,MOR,20,2079.0
tsn2,tai30_20_08,30x20,MOR,21,2076.0
tsn2,tai30_20_08,30x20,MOR,22,2083.5
tsn2,tai30_20_08,30x20,MOR,23,2074.0
tsn2,tai30_20_08,30x20,MOR,24,2078.0
tsn2,tai30_20_08,30x20,MOR,25,2066.5
tsn2,tai30_20_08,30x20,MOR,26,2063.5
tsn2,tai30_20_08,30x20,MOR,27,2077.0
tsn2,tai30_20_08,30x20,MOR,28,2058.0
tsn2,tai30_20_08,30x20,MOR,29,2062.0
tsn2,tai30_20_08,30x20,MOR,30,2068.0
tsn2,tai30_20_08,30x20,GT,1,2029.0
tsn2,tai30_20_08,30x20,GT,2,2088.5
tsn2,tai30_20_08,30x20,GT,3,2058.0
tsn2,tai30_20_08,30x20,GT,4,2072.0
tsn2,tai30_20_08,30x20,GT,5,2042.0
tsn2,tai30_20_08,30x20,GT,6,2085.5
tsn2,tai30_20_08,30x20,GT,7,2088.5
tsn2,tai30_20_08,30x20,GT,8,2069.5
tsn2,tai30_20_08,30x20,GT,9,2073.0
tsn2,tai30_20_08,30x20,GT,10,2060.5
tsn2,tai30_20_08,30x20,GT,11,2062.5
tsn2,tai30_20_08,30x20,GT,12,2079.5
tsn2,tai30_20_08,30x20,GT,13,2061.5
tsn2,tai30_20_08,30x20,GT,14,2071.0
tsn2,tai30_20_08,30x20,GT,15,2046.0
tsn2,tai30_20_08,30x20,GT,16,2084.5
tsn2,tai30_20_08,30x20,GT,17,2055.0
tsn2,tai30_20_08,30x20,GT,18,2071.0
tsn2,tai30_20_08,30x20,GT,19,2082.5
tsn2,tai30_20_08,30x20,GT,20,2051.0
tsn2,tai30_20_08,30x20,GT,21,2065.5
tsn2,tai30_20_08,30x20,GT,22,2070.5
tsn2,tai30_20_08,30x20,GT,23,2056.5
tsn2,tai30_20_08,30x20,GT,24,2072.0
tsn2,tai30_20_08,30x20,GT,25,2059.5
tsn2,tai30_20_08,30x20,GT,26,2061.5
tsn2,tai30_20_08,30x20,GT,27,2034.0
tsn2,tai30_20_08,30x20,GT,28,2076.0
tsn2,tai30_20_08,30x20,GT,29,2066.5
tsn2,tai30_20_08,30x20,GT,30,2062.0
tsn2,tai30_20_08,30x20,GP,1,2053.5
tsn2,tai30_20_08,30x20,GP,2,2050.5
tsn2,tai30_20_08,30x20,GP,3,2065.5
tsn2,tai30_20_08,30x20,GP,4,2054.5
tsn2,tai30_20_08,30x20,GP,5,2071.5
tsn2,tai30_20_08,30x20,GP,6,2053.5
tsn2,tai30_20_08,30x20,GP,7,2067.0
tsn2,tai30_20_08,30x20,GP,8,2065.5
tsn2,tai30_20_08,30x20,GP,9,2063.0
tsn2,tai30_20_08,30x20,GP,10,2079.0
tsn2,tai30_20_08,30x20,GP,11,2056.5
tsn2,tai30_20_08,30x20,GP,12,2064.0
tsn2,tai30_20_08,30x20,GP,13,2044.0
tsn2,tai30_20_08,30x20,GP,14,2091.0
tsn2,tai30_20_08,30x20,GP,15,2048.5
tsn2,tai30_20_08,30x20,GP,16,2053.0
tsn2,tai30_20_08,30x20,GP,17,2058.5
tsn2,tai30_20_08,30x20,GP,18,2064.5
tsn2,tai30_20_08,30x20,GP,19,2067.0
tsn2,tai30_20_08,30x20,GP,20,2053.5
tsn2,tai30_20_08,30x20,GP,21,2040.0
tsn2,tai30_20_08,30x20,GP,22,2048.0
tsn2,tai30_20_08,30x20,GP,23,2028.0
tsn2,tai30_20_08,30x20,GP,24,2059.5
tsn2,tai30_20_08,30x20,GP,25,2075.0
tsn2,tai30_20_08,30x20,GP,26,2058.0
tsn2,tai30_20_08,30x20,GP,27,2039.5
tsn2,tai30_20_08,30x20,GP,28,2057.5
tsn2,tai30_20_08,30x20,GP,29,2061.5
tsn2,tai30_20_08,30x20,GP,30,2071.0
tsn2,tai30_20_08,30x20,MIX,1,2069.5
tsn2,tai30_20_08,30x20,MIX,2,2071.5
tsn2,tai30_20_08,30x20,MIX,3,2067.0
tsn2,tai30_20_08,30x20,MIX,4,2063.0
tsn2,tai30_20_08,30x20,MIX,5,2058.5
tsn2,tai30_20_08,30x20,MIX,6,2061.0
tsn2,tai30_20_08,30x20,MIX,7,2079.0
tsn2,tai30_20_08,30x20,MIX,8,2079.0
tsn2,tai30_20_08,30x20,MIX,9,2047.0
tsn2,tai30_20_08,30x20,MIX,10,2059.0
tsn2,tai30_20_08,30x20,MIX,11,2059.0
tsn2,tai30_20_08,30x20,MIX,12,2079.5
tsn2,tai30_20_08,30x20,MIX,13,2043.5
tsn2,tai30_20_08,30x20,MIX,14,2065.0
tsn2,tai30_20_08,30x20,MIX,15,2055.5
tsn2,tai30_20_08,30x20,MIX,16,2083.0
tsn2,tai30_20_08,30x20,MIX,17,2054.5
tsn2,tai30_20_08,30x20,MIX,18,2059.5
tsn2,tai30_20_08,30x20,MIX,19,2049.5
tsn2,tai30_20_08,30x20,MIX,20,2055.0
tsn2,tai30_20_08,30x20,MIX,21,2063.0
tsn2,tai30_20_08,30x20,MIX,22,2041.0
tsn2,tai30_20_08,30x20,MIX,23,2056.5
tsn2,tai30_20_08,30x20,MIX,24,2038.5
tsn2,tai30_20_08,30x20,MIX,25,2054.5
tsn2,tai30_20_08,30x20,MIX,26,2040.0
tsn2,tai30_20_08,30x20,MIX,27,2037.5
tsn2,tai30_20_08,30x20,MIX,28,2051.5
tsn2,tai30_20_08,30x20,MIX,29,2057.0
tsn2,tai30_20_08,30x20,MIX,30,2056.0
tsn2,tai30_20_08,30x20,MIXH,1,2047.5
tsn2,tai30_20_08,30x20,MIXH,2,2052.5
tsn2,tai30_20_08,30x20,MIXH,3,2033.0
tsn2,tai30_20_08,30x20,MIXH,4,2037.0
tsn2,tai30_20_08,30x20,MIXH,5,2030.0
tsn2,tai30_20_08,30x20,MIXH,6,2059.0
tsn2,tai30_20_08,30x20,MIXH,7,2033.0
tsn2,tai30_20_08,30x20,MIXH,8,2047.5
tsn2,tai30_20_08,30x20,MIXH,9,2045.5
tsn2,tai30_20_08,30x20,MIXH,10,2087.5
tsn2,tai30_20_08,30x20,MIXH,11,2058.0
tsn2,tai30_20_08,30x20,MIXH,12,2032.0
tsn2,tai30_20_08,30x20,MIXH,13,2084.0
tsn2,tai30_20_08,30x20,MIXH,14,2062.0
tsn2,tai30_20_08,30x20,MIXH,15,2033.5
tsn2,tai30_20_08,30x20,MIXH,16,2064.0
tsn2,tai30_20_08,30x20,MIXH,17,2047.0
tsn2,tai30_20_08,30x20,MIXH,18,2080.5
tsn2,tai30_20_08,30x20,MIXH,19,2028.0
tsn2,tai30_20_08,30x20,MIXH,20,2061.5
tsn2,tai30_20_08,30x20,MIXH,21,2067.5
tsn2,tai30_20_08,30x20,MIXH,22,2071.0
tsn2,tai30_20_08,30x20,MIXH,23,2070.0
tsn2,tai30_20_08,30x20,MIXH,24,2061.0
tsn2,tai30_20_08,30x20,MIXH,25,2034.5
tsn2,tai30_20_08,30x20,MIXH,26,2080.5
tsn2,tai30_20_08,30x20,MIXH,27,2059.0
tsn2,tai30_20_08,30x20,MIXH,28,2084.0
tsn2,tai30_20_08,30x20,MIXH,29,2049.5
tsn2,tai30_20_08,30x20,MIXH,30,2057.5
tsn2,tai30_20_09,30x20,A0,1,2030.5
tsn2,tai30_20_09,30x20,A0,2,2053.5
tsn2,tai30_20_09,30x20,A0,3,2036.0
tsn2,tai30_20_09,30x20,A0,4,2050.5
tsn2,tai30_20_09,30x20,A0,5,2055.0
tsn2,tai30_20_09,30x20,A0,6,2049.5
tsn2,tai30_20_09,30x20,A0,7,2031.0
tsn2,tai30_20_09,30x20,A0,8,2044.0
tsn2,tai30_20_09,30x20,A0,9,2062.0
tsn2,tai30_20_09,30x20,A0,10,2079.0
tsn2,tai30_20_09,30x20,A0,11,2043.5
tsn2,tai30_20_09,30x20,A0,12,2084.5
tsn2,tai30_20_09,30x20,A0,13,2057.5
tsn2,tai30_20_09,30x20,A0,14,2040.0
tsn2,tai30_20_09,30x20,A0,15,2030.0
tsn2,tai30_20_09,30x20,A0,16,2028.0
tsn2,tai30_20_09,30x20,A0,17,2053.0
tsn2,tai30_20_09,30x20,A0,18,2050.0
tsn2,tai30_20_09,30x20,A0,19,2063.5
tsn2,tai30_20_09,30x20,A0,20,2041.5
tsn2,tai30_20_09,30x20,A0,21,2049.0
tsn2,tai30_20_09,30x20,A0,22,2018.0
tsn2,tai30_20_09,30x20,A0,23,2034.5
tsn2,tai30_20_09,30x20,A0,24,2026.5
tsn2,tai30_20_09,30x20,A0,25,2052.0
tsn2,tai30_20_09,30x20,A0,26,2058.5
tsn2,tai30_20_09,30x20,A0,27,2061.0
tsn2,tai30_20_09,30x20,A0,28,2060.5
tsn2,tai30_20_09,30x20,A0,29,2065.0
tsn2,tai30_20_09,30x20,A0,30,2042.0
tsn2,tai30_20_09,30x20,V2H,1,2036.0
tsn2,tai30_20_09,30x20,V2H,2,2049.0
tsn2,tai30_20_09,30x20,V2H,3,2032.0
tsn2,tai30_20_09,30x20,V2H,4,2054.5
tsn2,tai30_20_09,30x20,V2H,5,2039.5
tsn2,tai30_20_09,30x20,V2H,6,2088.0
tsn2,tai30_20_09,30x20,V2H,7,2026.0
tsn2,tai30_20_09,30x20,V2H,8,2054.5
tsn2,tai30_20_09,30x20,V2H,9,2037.5
tsn2,tai30_20_09,30x20,V2H,10,2079.0
tsn2,tai30_20_09,30x20,V2H,11,2046.5
tsn2,tai30_20_09,30x20,V2H,12,2047.5
tsn2,tai30_20_09,30x20,V2H,13,2039.5
tsn2,tai30_20_09,30x20,V2H,14,2045.5
tsn2,tai30_20_09,30x20,V2H,15,2069.0
tsn2,tai30_20_09,30x20,V2H,16,2055.0
tsn2,tai30_20_09,30x20,V2H,17,2059.5
tsn2,tai30_20_09,30x20,V2H,18,2042.5
tsn2,tai30_20_09,30x20,V2H,19,2039.5
tsn2,tai30_20_09,30x20,V2H,20,2030.0
tsn2,tai30_20_09,30x20,V2H,21,2060.5
tsn2,tai30_20_09,30x20,V2H,22,2034.0
tsn2,tai30_20_09,30x20,V2H,23,2054.0
tsn2,tai30_20_09,30x20,V2H,24,2041.0
tsn2,tai30_20_09,30x20,V2H,25,2061.5
tsn2,tai30_20_09,30x20,V2H,26,2053.0
tsn2,tai30_20_09,30x20,V2H,27,2065.5
tsn2,tai30_20_09,30x20,V2H,28,2038.5
tsn2,tai30_20_09,30x20,V2H,29,2041.5
tsn2,tai30_20_09,30x20,V2H,30,2060.5
tsn2,tai30_20_09,30x20,V2,1,2037.0
tsn2,tai30_20_09,30x20,V2,2,2023.5
tsn2,tai30_20_09,30x20,V2,3,2053.5
tsn2,tai30_20_09,30x20,V2,4,2049.0
tsn2,tai30_20_09,30x20,V2,5,2040.5
tsn2,tai30_20_09,30x20,V2,6,2051.0
tsn2,tai30_20_09,30x20,V2,7,2062.0
tsn2,tai30_20_09,30x20,V2,8,2071.5
tsn2,tai30_20_09,30x20,V2,9,2038.0
tsn2,tai30_20_09,30x20,V2,10,2024.0
tsn2,tai30_20_09,30x20,V2,11,2078.0
tsn2,tai30_20_09,30x20,V2,12,2050.0
tsn2,tai30_20_09,30x20,V2,13,2052.5
tsn2,tai30_20_09,30x20,V2,14,2026.0
tsn2,tai30_20_09,30x20,V2,15,2060.5
tsn2,tai30_20_09,30x20,V2,16,2091.5
tsn2,tai30_20_09,30x20,V2,17,2049.5
tsn2,tai30_20_09,30x20,V2,18,2039.5
tsn2,tai30_20_09,30x20,V2,19,2036.0
tsn2,tai30_20_09,30x20,V2,20,2071.5
tsn2,tai30_20_09,30x20,V2,21,2100.5
tsn2,tai30_20_09,30x20,V2,22,2042.5
tsn2,tai30_20_09,30x20,V2,23,2072.5
tsn2,tai30_20_09,30x20,V2,24,2052.5
tsn2,tai30_20_09,30x20,V2,25,2052.5
tsn2,tai30_20_09,30x20,V2,26,2043.0
tsn2,tai30_20_09,30x20,V2,27,2068.0
tsn2,tai30_20_09,30x20,V2,28,2047.5
tsn2,tai30_20_09,30x20,V2,29,2051.0
tsn2,tai30_20_09,30x20,V2,30,2058.5
tsn2,tai30_20_09,30x20,MOR,1,2079.0
tsn2,tai30_20_09,30x20,MOR,2,2061.5
tsn2,tai30_20_09,30x20,MOR,3,2053.0
tsn2,tai30_20_09,30x20,MOR,4,2056.5
tsn2,tai30_20_09,30x20,MOR,5,2080.0
tsn2,tai30_20_09,30x20,MOR,6,2086.0
tsn2,tai30_20_09,30x20,MOR,7,2093.5
tsn2,tai30_20_09,30x20,MOR,8,2075.0
tsn2,tai30_20_09,30x20,MOR,9,2075.5
tsn2,tai30_20_09,30x20,MOR,10,2084.5
tsn2,tai30_20_09,30x20,MOR,11,2090.0
tsn2,tai30_20_09,30x20,MOR,12,2061.0
tsn2,tai30_20_09,30x20,MOR,13,2064.5
tsn2,tai30_20_09,30x20,MOR,14,2061.0
tsn2,tai30_20_09,30x20,MOR,15,2056.5
tsn2,tai30_20_09,30x20,MOR,16,2064.5
tsn2,tai30_20_09,30x20,MOR,17,2057.0
tsn2,tai30_20_09,30x20,MOR,18,2067.0
tsn2,tai30_20_09,30x20,MOR,19,2084.5
tsn2,tai30_20_09,30x20,MOR,20,2065.0
tsn2,tai30_20_09,30x20,MOR,21,2061.0
tsn2,tai30_20_09,30x20,MOR,22,2066.0
tsn2,tai30_20_09,30x20,MOR,23,2079.0
tsn2,tai30_20_09,30x20,MOR,24,2077.5
tsn2,tai30_20_09,30x20,MOR,25,2070.5
tsn2,tai30_20_09,30x20,MOR,26,2057.0
tsn2,tai30_20_09,30x20,MOR,27,2059.5
tsn2,tai30_20_09,30x20,MOR,28,2065.0
tsn2,tai30_20_09,30x20,MOR,29,2068.5
tsn2,tai30_20_09,30x20,MOR,30,2093.5
tsn2,tai30_20_09,30x20,GT,1,2060.5
tsn2,tai30_20_09,30x20,GT,2,2057.0
tsn2,tai30_20_09,30x20,GT,3,2059.5
tsn2,tai30_20_09,30x20,GT,4,2079.0
tsn2,tai30_20_09,30x20,GT,5,2084.0
tsn2,tai30_20_09,30x20,GT,6,2056.5
tsn2,tai30_20_09,30x20,GT,7,2067.0
tsn2,tai30_20_09,30x20,GT,8,2059.0
tsn2,tai30_20_09,30x20,GT,9,2068.5
tsn2,tai30_20_09,30x20,GT,10,2054.5
tsn2,tai30_20_09,30x20,GT,11,2066.0
tsn2,tai30_20_09,30x20,GT,12,2057.5
tsn2,tai30_20_09,30x20,GT,13,2062.5
tsn2,tai30_20_09,30x20,GT,14,2085.0
tsn2,tai30_20_09,30x20,GT,15,2083.5
tsn2,tai30_20_09,30x20,GT,16,2056.5
tsn2,tai30_20_09,30x20,GT,17,2052.5
tsn2,tai30_20_09,30x20,GT,18,2069.5
tsn2,tai30_20_09,30x20,GT,19,2062.0
tsn2,tai30_20_09,30x20,GT,20,2057.5
tsn2,tai30_20_09,30x20,GT,21,2053.5
tsn2,tai30_20_09,30x20,GT,22,2061.0
tsn2,tai30_20_09,30x20,GT,23,2057.0
tsn2,tai30_20_09,30x20,GT,24,2050.0
tsn2,tai30_20_09,30x20,GT,25,2060.5
tsn2,tai30_20_09,30x20,GT,26,2036.5
tsn2,tai30_20_09,30x20,GT,27,2046.0
tsn2,tai30_20_09,30x20,GT,28,2067.5
tsn2,tai30_20_09,30x20,GT,29,2054.0
tsn2,tai30_20_09,30x20,GT,30,2086.0
tsn2,tai30_20_09,30x20,GP,1,2069.0
tsn2,tai30_20_09,30x20,GP,2,2046.5
tsn2,tai30_20_09,30x20,GP,3,2051.5
tsn2,tai30_20_09,30x20,GP,4,2087.5
tsn2,tai30_20_09,30x20,GP,5,2068.5
tsn2,tai30_20_09,30x20,GP,6,2083.5
tsn2,tai30_20_09,30x20,GP,7,2087.5
tsn2,tai30_20_09,30x20,GP,8,2058.0
tsn2,tai30_20_09,30x20,GP,9,2095.0
tsn2,tai30_20_09,30x20,GP,10,2068.5
tsn2,tai30_20_09,30x20,GP,11,2087.0
tsn2,tai30_20_09,30x20,GP,12,2053.5
tsn2,tai30_20_09,30x20,GP,13,2059.0
tsn2,tai30_20_09,30x20,GP,14,2060.5
tsn2,tai30_20_09,30x20,GP,15,2055.5
tsn2,tai30_20_09,30x20,GP,16,2042.5
tsn2,tai30_20_09,30x20,GP,17,2100.5
tsn2,tai30_20_09,30x20,GP,18,2070.5
tsn2,tai30_20_09,30x20,GP,19,2060.5
tsn2,tai30_20_09,30x20,GP,20,2057.5
tsn2,tai30_20_09,30x20,GP,21,2067.5
tsn2,tai30_20_09,30x20,GP,22,2072.5
tsn2,tai30_20_09,30x20,GP,23,2092.0
tsn2,tai30_20_09,30x20,GP,24,2053.5
tsn2,tai30_20_09,30x20,GP,25,2060.5
tsn2,tai30_20_09,30x20,GP,26,2084.0
tsn2,tai30_20_09,30x20,GP,27,2051.0
tsn2,tai30_20_09,30x20,GP,28,2075.5
tsn2,tai30_20_09,30x20,GP,29,2068.5
tsn2,tai30_20_09,30x20,GP,30,2073.0
tsn2,tai30_20_09,30x20,MIX,1,2101.5
tsn2,tai30_20_09,30x20,MIX,2,2065.5
tsn2,tai30_20_09,30x20,MIX,3,2077.5
tsn2,tai30_20_09,30x20,MIX,4,2085.0
tsn2,tai30_20_09,30x20,MIX,5,2060.5
tsn2,tai30_20_09,30x20,MIX,6,2074.5
tsn2,tai30_20_09,30x20,MIX,7,2046.0
tsn2,tai30_20_09,30x20,MIX,8,2047.0
tsn2,tai30_20_09,30x20,MIX,9,2044.5
tsn2,tai30_20_09,30x20,MIX,10,2074.0
tsn2,tai30_20_09,30x20,MIX,11,2054.0
tsn2,tai30_20_09,30x20,MIX,12,2074.0
tsn2,tai30_20_09,30x20,MIX,13,2076.5
tsn2,tai30_20_09,30x20,MIX,14,2048.0
tsn2,tai30_20_09,30x20,MIX,15,2057.0
tsn2,tai30_20_09,30x20,MIX,16,2033.0
tsn2,tai30_20_09,30x20,MIX,17,2067.0
tsn2,tai30_20_09,30x20,MIX,18,2073.0
tsn2,tai30_20_09,30x20,MIX,19,2049.5
tsn2,tai30_20_09,30x20,MIX,20,2055.5
tsn2,tai30_20_09,30x20,MIX,21,2049.0
tsn2,tai30_20_09,30x20,MIX,22,2057.0
tsn2,tai30_20_09,30x20,MIX,23,2091.0
tsn2,tai30_20_09,30x20,MIX,24,2069.0
tsn2,tai30_20_09,30x20,MIX,25,2077.0
tsn2,tai30_20_09,30x20,MIX,26,2044.0
tsn2,tai30_20_09,30x20,MIX,27,2042.0
tsn2,tai30_20_09,30x20,MIX,28,2113.5
tsn2,tai30_20_09,30x20,MIX,29,2043.0
tsn2,tai30_20_09,30x20,MIX,30,2052.5
tsn2,tai30_20_09,30x20,MIXH,1,2079.5
tsn2,tai30_20_09,30x20,MIXH,2,2053.5
tsn2,tai30_20_09,30x20,MIXH,3,2073.5
tsn2,tai30_20_09,30x20,MIXH,4,2050.0
tsn2,tai30_20_09,30x20,MIXH,5,2048.0
tsn2,tai30_20_09,30x20,MIXH,6,2063.5
tsn2,tai30_20_09,30x20,MIXH,7,2054.0
tsn2,tai30_20_09,30x20,MIXH,8,2036.5
tsn2,tai30_20_09,30x20,MIXH,9,2045.5
tsn2,tai30_20_09,30x20,MIXH,10,2041.0
tsn2,tai30_20_09,30x20,MIXH,11,2058.0
tsn2,tai30_20_09,30x20,MIXH,12,2024.5
tsn2,tai30_20_09,30x20,MIXH,13,2048.0
tsn2,tai30_20_09,30x20,MIXH,14,2097.0
tsn2,tai30_20_09,30x20,MIXH,15,2048.0
tsn2,tai30_20_09,30x20,MIXH,16,2061.5
tsn2,tai30_20_09,30x20,MIXH,17,2063.0
tsn2,tai30_20_09,30x20,MIXH,18,2053.5
tsn2,tai30_20_09,30x20,MIXH,19,2082.0
tsn2,tai30_20_09,30x20,MIXH,20,2053.0
tsn2,tai30_20_09,30x20,MIXH,21,2089.0
tsn2,tai30_20_09,30x20,MIXH,22,2024.5
tsn2,tai30_20_09,30x20,MIXH,23,2059.5
tsn2,tai30_20_09,30x20,MIXH,24,2056.5
tsn2,tai30_20_09,30x20,MIXH,25,2065.5
tsn2,tai30_20_09,30x20,MIXH,26,2056.5
tsn2,tai30_20_09,30x20,MIXH,27,2041.0
tsn2,tai30_20_09,30x20,MIXH,28,2051.5
tsn2,tai30_20_09,30x20,MIXH,29,2062.5
tsn2,tai30_20_09,30x20,MIXH,30,2073.5
tsn2,tai30_20_10,30x20,A0,1,2041.5
tsn2,tai30_20_10,30x20,A0,2,2013.5
tsn2,tai30_20_10,30x20,A0,3,2049.0
tsn2,tai30_20_10,30x20,A0,4,2030.0
tsn2,tai30_20_10,30x20,A0,5,2044.5
tsn2,tai30_20_10,30x20,A0,6,2052.5
tsn2,tai30_20_10,30x20,A0,7,2032.0
tsn2,tai30_20_10,30x20,A0,8,2030.0
tsn2,tai30_20_10,30x20,A0,9,2041.0
tsn2,tai30_20_10,30x20,A0,10,2018.0
tsn2,tai30_20_10,30x20,A0,11,2006.5
tsn2,tai30_20_10,30x20,A0,12,2034.0
tsn2,tai30_20_10,30x20,A0,13,2014.0
tsn2,tai30_20_10,30x20,A0,14,2046.5
tsn2,tai30_20_10,30x20,A0,15,2017.0
tsn2,tai30_20_10,30x20,A0,16,2043.5
tsn2,tai30_20_10,30x20,A0,17,2035.5
tsn2,tai30_20_10,30x20,A0,18,2033.5
tsn2,tai30_20_10,30x20,A0,19,2048.5
tsn2,tai30_20_10,30x20,A0,20,2063.5
tsn2,tai30_20_10,30x20,A0,21,2046.5
tsn2,tai30_20_10,30x20,A0,22,2013.0
tsn2,tai30_20_10,30x20,A0,23,2026.0
tsn2,tai30_20_10,30x20,A0,24,2030.0
tsn2,tai30_20_10,30x20,A0,25,2037.0
tsn2,tai30_20_10,30x20,A0,26,2018.0
tsn2,tai30_20_10,30x20,A0,27,2035.5
tsn2,tai30_20_10,30x20,A0,28,2055.5
tsn2,tai30_20_10,30x20,A0,29,2034.5
tsn2,tai30_20_10,30x20,A0,30,2017.0
tsn2,tai30_20_10,30x20,V2H,1,2032.0
tsn2,tai30_20_10,30x20,V2H,2,2038.0
tsn2,tai30_20_10,30x20,V2H,3,2026.0
tsn2,tai30_20_10,30x20,V2H,4,2031.5
tsn2,tai30_20_10,30x20,V2H,5,2034.0
tsn2,tai30_20_10,30x20,V2H,6,2034.5
tsn2,tai30_20_10,30x20,V2H,7,2039.5
tsn2,tai30_20_10,30x20,V2H,8,2032.0
tsn2,tai30_20_10,30x20,V2H,9,2050.0
tsn2,tai30_20_10,30x20,V2H,10,2026.0
tsn2,tai30_20_10,30x20,V2H,11,2032.0
tsn2,tai30_20_10,30x20,V2H,12,2018.5
tsn2,tai30_20_10,30x20,V2H,13,2007.5
tsn2,tai30_20_10,30x20,V2H,14,2032.5
tsn2,tai30_20_10,30x20,V2H,15,2008.0
tsn2,tai30_20_10,30x20,V2H,16,2030.5
tsn2,tai30_20_10,30x20,V2H,17,2029.5
tsn2,tai30_20_10,30x20,V2H,18,2022.5
tsn2,tai30_20_10,30x20,V2H,19,2032.5
tsn2,tai30_20_10,30x20,V2H,20,1993.5
tsn2,tai30_20_10,30x20,V2H,21,2016.0
tsn2,tai30_20_10,30x20,V2H,22,2013.5
tsn2,tai30_20_10,30x20,V2H,23,2029.0
tsn2,tai30_20_10,30x20,V2H,24,2036.5
tsn2,tai30_20_10,30x20,V2H,25,2027.5
tsn2,tai30_20_10,30x20,V2H,26,2014.0
tsn2,tai30_20_10,30x20,V2H,27,2015.5
tsn2,tai30_20_10,30x20,V2H,28,2017.0
tsn2,tai30_20_10,30x20,V2H,29,2064.5
tsn2,tai30_20_10,30x20,V2H,30,2026.0
tsn2,tai30_20_10,30x20,V2,1,2024.0
tsn2,tai30_20_10,30x20,V2,2,2029.0
tsn2,tai30_20_10,30x20,V2,3,2026.0
tsn2,tai30_20_10,30x20,V2,4,2032.5
tsn2,tai30_20_10,30x20,V2,5,2013.5
tsn2,tai30_20_10,30x20,V2,6,2019.5
tsn2,tai30_20_10,30x20,V2,7,2042.5
tsn2,tai30_20_10,30x20,V2,8,2040.0
tsn2,tai30_20_10,30x20,V2,9,2027.0
tsn2,tai30_20_10,30x20,V2,10,2030.0
tsn2,tai30_20_10,30x20,V2,11,2006.0
tsn2,tai30_20_10,30x20,V2,12,2040.5
tsn2,tai30_20_10,30x20,V2,13,2015.5
tsn2,tai30_20_10,30x20,V2,14,2040.5
tsn2,tai30_20_10,30x20,V2,15,2007.5
tsn2,tai30_20_10,30x20,V2,16,2037.0
tsn2,tai30_20_10,30x20,V2,17,2031.5
tsn2,tai30_20_10,30x20,V2,18,2040.5
tsn2,tai30_20_10,30x20,V2,19,2035.0
tsn2,tai30_20_10,30x20,V2,20,2033.0
tsn2,tai30_20_10,30x20,V2,21,2014.0
tsn2,tai30_20_10,30x20,V2,22,2077.5
tsn2,tai30_20_10,30x20,V2,23,2071.0
tsn2,tai30_20_10,30x20,V2,24,2016.5
tsn2,tai30_20_10,30x20,V2,25,2024.5
tsn2,tai30_20_10,30x20,V2,26,2033.0
tsn2,tai30_20_10,30x20,V2,27,2036.5
tsn2,tai30_20_10,30x20,V2,28,2017.5
tsn2,tai30_20_10,30x20,V2,29,2028.0
tsn2,tai30_20_10,30x20,V2,30,2017.0
tsn2,tai30_20_10,30x20,MOR,1,2106.0
tsn2,tai30_20_10,30x20,MOR,2,2098.5
tsn2,tai30_20_10,30x20,MOR,3,2070.0
tsn2,tai30_20_10,30x20,MOR,4,2096.0
tsn2,tai30_20_10,30x20,MOR,5,2105.5
tsn2,tai30_20_10,30x20,MOR,6,2100.0
tsn2,tai30_20_10,30x20,MOR,7,2098.0
tsn2,tai30_20_10,30x20,MOR,8,2078.5
tsn2,tai30_20_10,30x20,MOR,9,2092.5
tsn2,tai30_20_10,30x20,MOR,10,2094.0
tsn2,tai30_20_10,30x20,MOR,11,2092.5
tsn2,tai30_20_10,30x20,MOR,12,2093.0
tsn2,tai30_20_10,30x20,MOR,13,2100.0
tsn2,tai30_20_10,30x20,MOR,14,2096.0
tsn2,tai30_20_10,30x20,MOR,15,2089.5
tsn2,tai30_20_10,30x20,MOR,16,2085.0
tsn2,tai30_20_10,30x20,MOR,17,2109.5
tsn2,tai30_20_10,30x20,MOR,18,2086.0
tsn2,tai30_20_10,30x20,MOR,19,2099.0
tsn2,tai30_20_10,30x20,MOR,20,2095.0
tsn2,tai30_20_10,30x20,MOR,21,2112.5
tsn2,tai30_20_10,30x20,MOR,22,2098.0
tsn2,tai30_20_10,30x20,MOR,23,2052.0
tsn2,tai30_20_10,30x20,MOR,24,2092.0
tsn2,tai30_20_10,30x20,MOR,25,2096.0
tsn2,tai30_20_10,30x20,MOR,26,2092.0
tsn2,tai30_20_10,30x20,MOR,27,2087.5
tsn2,tai30_20_10,30x20,MOR,28,2098.0
tsn2,tai30_20_10,30x20,MOR,29,2119.0
tsn2,tai30_20_10,30x20,MOR,30,2086.0
tsn2,tai30_20_10,30x20,GT,1,2061.0
tsn2,tai30_20_10,30x20,GT,2,2078.0
tsn2,tai30_20_10,30x20,GT,3,2059.0
tsn2,tai30_20_10,30x20,GT,4,2066.0
tsn2,tai30_20_10,30x20,GT,5,2091.0
tsn2,tai30_20_10,30x20,GT,6,2046.5
tsn2,tai30_20_10,30x20,GT,7,2075.0
tsn2,tai30_20_10,30x20,GT,8,2065.0
tsn2,tai30_20_10,30x20,GT,9,2068.5
tsn2,tai30_20_10,30x20,GT,10,2078.5
tsn2,tai30_20_10,30x20,GT,11,2062.0
tsn2,tai30_20_10,30x20,GT,12,2067.0
tsn2,tai30_20_10,30x20,GT,13,2080.0
tsn2,tai30_20_10,30x20,GT,14,2069.0
tsn2,tai30_20_10,30x20,GT,15,2056.5
tsn2,tai30_20_10,30x20,GT,16,2078.5
tsn2,tai30_20_10,30x20,GT,17,2068.0
tsn2,tai30_20_10,30x20,GT,18,2068.0
tsn2,tai30_20_10,30x20,GT,19,2047.0
tsn2,tai30_20_10,30x20,GT,20,2067.5
tsn2,tai30_20_10,30x20,GT,21,2066.5
tsn2,tai30_20_10,30x20,GT,22,2062.0
tsn2,tai30_20_10,30x20,GT,23,2062.0
tsn2,tai30_20_10,30x20,GT,24,2074.0
tsn2,tai30_20_10,30x20,GT,25,2046.0
tsn2,tai30_20_10,30x20,GT,26,2060.5
tsn2,tai30_20_10,30x20,GT,27,2075.0
tsn2,tai30_20_10,30x20,GT,28,2058.0
tsn2,tai30_20_10,30x20,GT,29,2091.0
tsn2,tai30_20_10,30x20,GT,30,2058.0
tsn2,tai30_20_10,30x20,GP,1,2087.5
tsn2,tai30_20_10,30x20,GP,2,2047.0
tsn2,tai30_20_10,30x20,GP,3,2079.5
tsn2,tai30_20_10,30x20,GP,4,2040.5
tsn2,tai30_20_10,30x20,GP,5,2081.5
tsn2,tai30_20_10,30x20,GP,6,2065.0
tsn2,tai30_20_10,30x20,GP,7,2047.0
tsn2,tai30_20_10,30x20,GP,8,2033.5
tsn2,tai30_20_10,30x20,GP,9,2051.5
tsn2,tai30_20_10,30x20,GP,10,2047.0
tsn2,tai30_20_10,30x20,GP,11,2038.0
tsn2,tai30_20_10,30x20,GP,12,2065.5
tsn2,tai30_20_10,30x20,GP,13,2049.5
tsn2,tai30_20_10,30x20,GP,14,2055.5
tsn2,tai30_20_10,30x20,GP,15,2041.0
tsn2,tai30_20_10,30x20,GP,16,2042.0
tsn2,tai30_20_10,30x20,GP,17,2066.5
tsn2,tai30_20_10,30x20,GP,18,2049.0
tsn2,tai30_20_10,30x20,GP,19,2052.5
tsn2,tai30_20_10,30x20,GP,20,2064.0
tsn2,tai30_20_10,30x20,GP,21,2040.5
tsn2,tai30_20_10,30x20,GP,22,2044.0
tsn2,tai30_20_10,30x20,GP,23,2049.5
tsn2,tai30_20_10,30x20,GP,24,2058.5
tsn2,tai30_20_10,30x20,GP,25,2031.5
tsn2,tai30_20_10,30x20,GP,26,2055.5
tsn2,tai30_20_10,30x20,GP,27,2055.5
tsn2,tai30_20_10,30x20,GP,28,2079.0
tsn2,tai30_20_10,30x20,GP,29,2084.5
tsn2,tai30_20_10,30x20,GP,30,2047.0
tsn2,tai30_20_10,30x20,MIX,1,2029.0
tsn2,tai30_20_10,30x20,MIX,2,2025.0
tsn2,tai30_20_10,30x20,MIX,3,2035.5
tsn2,tai30_20_10,30x20,MIX,4,2039.0
tsn2,tai30_20_10,30x20,MIX,5,2042.5
tsn2,tai30_20_10,30x20,MIX,6,2028.5
tsn2,tai30_20_10,30x20,MIX,7,2045.0
tsn2,tai30_20_10,30x20,MIX,8,2044.5
tsn2,tai30_20_10,30x20,MIX,9,2028.5
tsn2,tai30_20_10,30x20,MIX,10,2038.5
tsn2,tai30_20_10,30x20,MIX,11,2052.5
tsn2,tai30_20_10,30x20,MIX,12,2032.5
tsn2,tai30_20_10,30x20,MIX,13,2019.0
tsn2,tai30_20_10,30x20,MIX,14,2039.5
tsn2,tai30_20_10,30x20,MIX,15,2046.5
tsn2,tai30_20_10,30x20,MIX,16,2026.5
tsn2,tai30_20_10,30x20,MIX,17,2021.0
tsn2,tai30_20_10,30x20,MIX,18,2043.0
tsn2,tai30_20_10,30x20,MIX,19,2024.0
tsn2,tai30_20_10,30x20,MIX,20,2025.5
tsn2,tai30_20_10,30x20,MIX,21,2034.5
tsn2,tai30_20_10,30x20,MIX,22,2044.5
tsn2,tai30_20_10,30x20,MIX,23,2018.0
tsn2,tai30_20_10,30x20,MIX,24,2043.5
tsn2,tai30_20_10,30x20,MIX,25,2066.0
tsn2,tai30_20_10,30x20,MIX,26,2051.0
tsn2,tai30_20_10,30x20,MIX,27,2066.0
tsn2,tai30_20_10,30x20,MIX,28,2023.5
tsn2,tai30_20_10,30x20,MIX,29,2036.5
tsn2,tai30_20_10,30x20,MIX,30,2034.0
tsn2,tai30_20_10,30x20,MIXH,1,2032.5
tsn2,tai30_20_10,30x20,MIXH,2,2030.0
tsn2,tai30_20_10,30x20,MIXH,3,2072.0
tsn2,tai30_20_10,30x20,MIXH,4,2050.0
tsn2,tai30_20_10,30x20,MIXH,5,2032.0
tsn2,tai30_20_10,30x20,MIXH,6,2054.5
tsn2,tai30_20_10,30x20,MIXH,7,2034.0
tsn2,tai30_20_10,30x20,MIXH,8,2010.0
tsn2,tai30_20_10,30x20,MIXH,9,2019.0
tsn2,tai30_20_10,30x20,MIXH,10,2033.5
tsn2,tai30_20_10,30x20,MIXH,11,2021.0
tsn2,tai30_20_10,30x20,MIXH,12,2037.0
tsn2,tai30_20_10,30x20,MIXH,13,2019.0
tsn2,tai30_20_10,30x20,MIXH,14,2050.5
tsn2,tai30_20_10,30x20,MIXH,15,2022.5
tsn2,tai30_20_10,30x20,MIXH,16,2041.5
tsn2,tai30_20_10,30x20,MIXH,17,2016.0
tsn2,tai30_20_10,30x20,MIXH,18,2029.0
tsn2,tai30_20_10,30x20,MIXH,19,2009.0
tsn2,tai30_20_10,30x20,MIXH,20,2017.5
tsn2,tai30_20_10,30x20,MIXH,21,2036.0
tsn2,tai30_20_10,30x20,MIXH,22,2056.5
tsn2,tai30_20_10,30x20,MIXH,23,2032.0
tsn2,tai30_20_10,30x20,MIXH,24,2019.5
tsn2,tai30_20_10,30x20,MIXH,25,2032.0
tsn2,tai30_20_10,30x20,MIXH,26,2040.5
tsn2,tai30_20_10,30x20,MIXH,27,2036.0
tsn2,tai30_20_10,30x20,MIXH,28,2031.0
tsn2,tai30_20_10,30x20,MIXH,29,2020.0
tsn2,tai30_20_10,30x20,MIXH,30,2045.5
tsn2,tai50_15_01,50x15,A0,1,2760.0
tsn2,tai50_15_01,50x15,A0,2,2760.0
tsn2,tai50_15_01,50x15,A0,3,2760.0
tsn2,tai50_15_01,50x15,A0,4,2760.0
tsn2,tai50_15_01,50x15,A0,5,2760.0
tsn2,tai50_15_01,50x15,A0,6,2760.0
tsn2,tai50_15_01,50x15,A0,7,2760.0
tsn2,tai50_15_01,50x15,A0,8,2760.0
tsn2,tai50_15_01,50x15,A0,9,2760.0
tsn2,tai50_15_01,50x15,A0,10,2760.0
tsn2,tai50_15_01,50x15,A0,11,2760.0
tsn2,tai50_15_01,50x15,A0,12,2761.5
tsn2,tai50_15_01,50x15,A0,13,2760.0
tsn2,tai50_15_01,50x15,A0,14,2760.0
tsn2,tai50_15_01,50x15,A0,15,2760.0
tsn2,tai50_15_01,50x15,A0,16,2760.0
tsn2,tai50_15_01,50x15,A0,17,2760.0
tsn2,tai50_15_01,50x15,A0,18,2760.0
tsn2,tai50_15_01,50x15,A0,19,2760.0
tsn2,tai50_15_01,50x15,A0,20,2760.0
tsn2,tai50_15_01,50x15,A0,21,2760.0
tsn2,tai50_15_01,50x15,A0,22,2760.0
tsn2,tai50_15_01,50x15,A0,23,2760.0
tsn2,tai50_15_01,50x15,A0,24,2760.0
tsn2,tai50_15_01,50x15,A0,25,2760.0
tsn2,tai50_15_01,50x15,A0,26,2760.0
tsn2,tai50_15_01,50x15,A0,27,2760.0
tsn2,tai50_15_01,50x15,A0,28,2760.0
tsn2,tai50_15_01,50x15,A0,29,2761.0
tsn2,tai50_15_01,50x15,A0,30,2760.0
tsn2,tai50_15_01,50x15,V2H,1,2760.0
tsn2,tai50_15_01,50x15,V2H,2,2760.0
tsn2,tai50_15_01,50x15,V2H,3,2760.0
tsn2,tai50_15_01,50x15,V2H,4,2760.0
tsn2,tai50_15_01,50x15,V2H,5,2760.0
tsn2,tai50_15_01,50x15,V2H,6,2760.0
tsn2,tai50_15_01,50x15,V2H,7,2760.0
tsn2,tai50_15_01,50x15,V2H,8,2765.0
tsn2,tai50_15_01,50x15,V2H,9,2760.0
tsn2,tai50_15_01,50x15,V2H,10,2760.0
tsn2,tai50_15_01,50x15,V2H,11,2760.0
tsn2,tai50_15_01,50x15,V2H,12,2760.0
tsn2,tai50_15_01,50x15,V2H,13,2767.5
tsn2,tai50_15_01,50x15,V2H,14,2765.0
tsn2,tai50_15_01,50x15,V2H,15,2760.0
tsn2,tai50_15_01,50x15,V2H,16,2760.0
tsn2,tai50_15_01,50x15,V2H,17,2760.0
tsn2,tai50_15_01,50x15,V2H,18,2760.0
tsn2,tai50_15_01,50x15,V2H,19,2760.0
tsn2,tai50_15_01,50x15,V2H,20,2760.0
tsn2,tai50_15_01,50x15,V2H,21,2760.0
tsn2,tai50_15_01,50x15,V2H,22,2765.0
tsn2,tai50_15_01,50x15,V2H,23,2760.0
tsn2,tai50_15_01,50x15,V2H,24,2765.0
tsn2,tai50_15_01,50x15,V2H,25,2765.0
tsn2,tai50_15_01,50x15,V2H,26,2765.0
tsn2,tai50_15_01,50x15,V2H,27,2760.0
tsn2,tai50_15_01,50x15,V2H,28,2760.0
tsn2,tai50_15_01,50x15,V2H,29,2760.0
tsn2,tai50_15_01,50x15,V2H,30,2760.0
tsn2,tai50_15_01,50x15,V2,1,2760.0
tsn2,tai50_15_01,50x15,V2,2,2760.0
tsn2,tai50_15_01,50x15,V2,3,2760.0
tsn2,tai50_15_01,50x15,V2,4,2760.0
tsn2,tai50_15_01,50x15,V2,5,2760.0
tsn2,tai50_15_01,50x15,V2,6,2760.0
tsn2,tai50_15_01,50x15,V2,7,2760.0
tsn2,tai50_15_01,50x15,V2,8,2760.0
tsn2,tai50_15_01,50x15,V2,9,2760.0
tsn2,tai50_15_01,50x15,V2,10,2760.0
tsn2,tai50_15_01,50x15,V2,11,2760.0
tsn2,tai50_15_01,50x15,V2,12,2760.0
tsn2,tai50_15_01,50x15,V2,13,2765.0
tsn2,tai50_15_01,50x15,V2,14,2760.0
tsn2,tai50_15_01,50x15,V2,15,2760.0
tsn2,tai50_15_01,50x15,V2,16,2760.0
tsn2,tai50_15_01,50x15,V2,17,2760.0
tsn2,tai50_15_01,50x15,V2,18,2760.0
tsn2,tai50_15_01,50x15,V2,19,2760.0
tsn2,tai50_15_01,50x15,V2,20,2765.0
tsn2,tai50_15_01,50x15,V2,21,2775.5
tsn2,tai50_15_01,50x15,V2,22,2760.0
tsn2,tai50_15_01,50x15,V2,23,2761.0
tsn2,tai50_15_01,50x15,V2,24,2760.0
tsn2,tai50_15_01,50x15,V2,25,2760.0
tsn2,tai50_15_01,50x15,V2,26,2760.0
tsn2,tai50_15_01,50x15,V2,27,2760.0
tsn2,tai50_15_01,50x15,V2,28,2760.0
tsn2,tai50_15_01,50x15,V2,29,2765.0
tsn2,tai50_15_01,50x15,V2,30,2760.0
tsn2,tai50_15_01,50x15,MOR,1,2788.0
tsn2,tai50_15_01,50x15,MOR,2,2795.5
tsn2,tai50_15_01,50x15,MOR,3,2825.0
tsn2,tai50_15_01,50x15,MOR,4,2820.5
tsn2,tai50_15_01,50x15,MOR,5,2780.5
tsn2,tai50_15_01,50x15,MOR,6,2790.0
tsn2,tai50_15_01,50x15,MOR,7,2760.0
tsn2,tai50_15_01,50x15,MOR,8,2807.0
tsn2,tai50_15_01,50x15,MOR,9,2798.5
tsn2,tai50_15_01,50x15,MOR,10,2799.0
tsn2,tai50_15_01,50x15,MOR,11,2804.0
tsn2,tai50_15_01,50x15,MOR,12,2773.5
tsn2,tai50_15_01,50x15,MOR,13,2807.5
tsn2,tai50_15_01,50x15,MOR,14,2766.5
tsn2,tai50_15_01,50x15,MOR,15,2808.5
tsn2,tai50_15_01,50x15,MOR,16,2793.5
tsn2,tai50_15_01,50x15,MOR,17,2802.0
tsn2,tai50_15_01,50x15,MOR,18,2791.0
tsn2,tai50_15_01,50x15,MOR,19,2814.5
tsn2,tai50_15_01,50x15,MOR,20,2820.0
tsn2,tai50_15_01,50x15,MOR,21,2771.5
tsn2,tai50_15_01,50x15,MOR,22,2795.0
tsn2,tai50_15_01,50x15,MOR,23,2806.0
tsn2,tai50_15_01,50x15,MOR,24,2791.0
tsn2,tai50_15_01,50x15,MOR,25,2800.5
tsn2,tai50_15_01,50x15,MOR,26,2802.5
tsn2,tai50_15_01,50x15,MOR,27,2796.5
tsn2,tai50_15_01,50x15,MOR,28,2791.5
tsn2,tai50_15_01,50x15,MOR,29,2802.5
tsn2,tai50_15_01,50x15,MOR,30,2795.0
tsn2,tai50_15_01,50x15,GT,1,2760.0
tsn2,tai50_15_01,50x15,GT,2,2760.0
tsn2,tai50_15_01,50x15,GT,3,2760.0
tsn2,tai50_15_01,50x15,GT,4,2760.0
tsn2,tai50_15_01,50x15,GT,5,2760.0
tsn2,tai50_15_01,50x15,GT,6,2760.0
tsn2,tai50_15_01,50x15,GT,7,2760.0
tsn2,tai50_15_01,50x15,GT,8,2760.0
tsn2,tai50_15_01,50x15,GT,9,2760.0
tsn2,tai50_15_01,50x15,GT,10,2760.0
tsn2,tai50_15_01,50x15,GT,11,2760.0
tsn2,tai50_15_01,50x15,GT,12,2760.0
tsn2,tai50_15_01,50x15,GT,13,2760.0
tsn2,tai50_15_01,50x15,GT,14,2760.0
tsn2,tai50_15_01,50x15,GT,15,2760.0
tsn2,tai50_15_01,50x15,GT,16,2760.0
tsn2,tai50_15_01,50x15,GT,17,2760.0
tsn2,tai50_15_01,50x15,GT,18,2760.0
tsn2,tai50_15_01,50x15,GT,19,2760.0
tsn2,tai50_15_01,50x15,GT,20,2760.0
tsn2,tai50_15_01,50x15,GT,21,2760.0
tsn2,tai50_15_01,50x15,GT,22,2760.0
tsn2,tai50_15_01,50x15,GT,23,2760.0
tsn2,tai50_15_01,50x15,GT,24,2760.0
tsn2,tai50_15_01,50x15,GT,25,2760.0
tsn2,tai50_15_01,50x15,GT,26,2760.0
tsn2,tai50_15_01,50x15,GT,27,2760.0
tsn2,tai50_15_01,50x15,GT,28,2760.0
tsn2,tai50_15_01,50x15,GT,29,2760.0
tsn2,tai50_15_01,50x15,GT,30,2760.0
tsn2,tai50_15_01,50x15,GP,1,2760.0
tsn2,tai50_15_01,50x15,GP,2,2760.0
tsn2,tai50_15_01,50x15,GP,3,2760.0
tsn2,tai50_15_01,50x15,GP,4,2760.0
tsn2,tai50_15_01,50x15,GP,5,2760.0
tsn2,tai50_15_01,50x15,GP,6,2760.0
tsn2,tai50_15_01,50x15,GP,7,2760.0
tsn2,tai50_15_01,50x15,GP,8,2760.0
tsn2,tai50_15_01,50x15,GP,9,2760.0
tsn2,tai50_15_01,50x15,GP,10,2760.0
tsn2,tai50_15_01,50x15,GP,11,2760.0
tsn2,tai50_15_01,50x15,GP,12,2760.0
tsn2,tai50_15_01,50x15,GP,13,2760.0
tsn2,tai50_15_01,50x15,GP,14,2760.0
tsn2,tai50_15_01,50x15,GP,15,2760.0
tsn2,tai50_15_01,50x15,GP,16,2760.0
tsn2,tai50_15_01,50x15,GP,17,2760.0
tsn2,tai50_15_01,50x15,GP,18,2760.0
tsn2,tai50_15_01,50x15,GP,19,2760.0
tsn2,tai50_15_01,50x15,GP,20,2760.0
tsn2,tai50_15_01,50x15,GP,21,2760.0
tsn2,tai50_15_01,50x15,GP,22,2760.0
tsn2,tai50_15_01,50x15,GP,23,2760.0
tsn2,tai50_15_01,50x15,GP,24,2760.0
tsn2,tai50_15_01,50x15,GP,25,2760.0
tsn2,tai50_15_01,50x15,GP,26,2760.0
tsn2,tai50_15_01,50x15,GP,27,2760.0
tsn2,tai50_15_01,50x15,GP,28,2760.0
tsn2,tai50_15_01,50x15,GP,29,2760.0
tsn2,tai50_15_01,50x15,GP,30,2760.0
tsn2,tai50_15_01,50x15,MIX,1,2760.0
tsn2,tai50_15_01,50x15,MIX,2,2760.0
tsn2,tai50_15_01,50x15,MIX,3,2760.0
tsn2,tai50_15_01,50x15,MIX,4,2760.0
tsn2,tai50_15_01,50x15,MIX,5,2760.0
tsn2,tai50_15_01,50x15,MIX,6,2760.0
tsn2,tai50_15_01,50x15,MIX,7,2760.0
tsn2,tai50_15_01,50x15,MIX,8,2760.0
tsn2,tai50_15_01,50x15,MIX,9,2760.0
tsn2,tai50_15_01,50x15,MIX,10,2760.0
tsn2,tai50_15_01,50x15,MIX,11,2760.0
tsn2,tai50_15_01,50x15,MIX,12,2760.0
tsn2,tai50_15_01,50x15,MIX,13,2760.0
tsn2,tai50_15_01,50x15,MIX,14,2760.0
tsn2,tai50_15_01,50x15,MIX,15,2760.0
tsn2,tai50_15_01,50x15,MIX,16,2760.0
tsn2,tai50_15_01,50x15,MIX,17,2760.0
tsn2,tai50_15_01,50x15,MIX,18,2761.0
tsn2,tai50_15_01,50x15,MIX,19,2760.0
tsn2,tai50_15_01,50x15,MIX,20,2760.0
tsn2,tai50_15_01,50x15,MIX,21,2760.0
tsn2,tai50_15_01,50x15,MIX,22,2760.0
tsn2,tai50_15_01,50x15,MIX,23,2760.0
tsn2,tai50_15_01,50x15,MIX,24,2760.0
tsn2,tai50_15_01,50x15,MIX,25,2760.0
tsn2,tai50_15_01,50x15,MIX,26,2760.0
tsn2,tai50_15_01,50x15,MIX,27,2760.0
tsn2,tai50_15_01,50x15,MIX,28,2760.0
tsn2,tai50_15_01,50x15,MIX,29,2760.0
tsn2,tai50_15_01,50x15,MIX,30,2760.0
tsn2,tai50_15_01,50x15,MIXH,1,2760.0
tsn2,tai50_15_01,50x15,MIXH,2,2760.0
tsn2,tai50_15_01,50x15,MIXH,3,2760.0
tsn2,tai50_15_01,50x15,MIXH,4,2760.0
tsn2,tai50_15_01,50x15,MIXH,5,2760.0
tsn2,tai50_15_01,50x15,MIXH,6,2760.0
tsn2,tai50_15_01,50x15,MIXH,7,2760.0
tsn2,tai50_15_01,50x15,MIXH,8,2760.0
tsn2,tai50_15_01,50x15,MIXH,9,2760.0
tsn2,tai50_15_01,50x15,MIXH,10,2760.0
tsn2,tai50_15_01,50x15,MIXH,11,2761.0
tsn2,tai50_15_01,50x15,MIXH,12,2760.0
tsn2,tai50_15_01,50x15,MIXH,13,2760.0
tsn2,tai50_15_01,50x15,MIXH,14,2760.0
tsn2,tai50_15_01,50x15,MIXH,15,2760.0
tsn2,tai50_15_01,50x15,MIXH,16,2760.0
tsn2,tai50_15_01,50x15,MIXH,17,2760.0
tsn2,tai50_15_01,50x15,MIXH,18,2760.0
tsn2,tai50_15_01,50x15,MIXH,19,2760.0
tsn2,tai50_15_01,50x15,MIXH,20,2760.0
tsn2,tai50_15_01,50x15,MIXH,21,2760.0
tsn2,tai50_15_01,50x15,MIXH,22,2760.0
tsn2,tai50_15_01,50x15,MIXH,23,2760.0
tsn2,tai50_15_01,50x15,MIXH,24,2760.0
tsn2,tai50_15_01,50x15,MIXH,25,2760.0
tsn2,tai50_15_01,50x15,MIXH,26,2760.0
tsn2,tai50_15_01,50x15,MIXH,27,2760.0
tsn2,tai50_15_01,50x15,MIXH,28,2760.0
tsn2,tai50_15_01,50x15,MIXH,29,2760.0
tsn2,tai50_15_01,50x15,MIXH,30,2760.0
tsn2,tai50_15_02,50x15,A0,1,2756.0
tsn2,tai50_15_02,50x15,A0,2,2756.0
tsn2,tai50_15_02,50x15,A0,3,2756.0
tsn2,tai50_15_02,50x15,A0,4,2756.0
tsn2,tai50_15_02,50x15,A0,5,2756.0
tsn2,tai50_15_02,50x15,A0,6,2756.0
tsn2,tai50_15_02,50x15,A0,7,2756.0
tsn2,tai50_15_02,50x15,A0,8,2756.0
tsn2,tai50_15_02,50x15,A0,9,2756.0
tsn2,tai50_15_02,50x15,A0,10,2756.0
tsn2,tai50_15_02,50x15,A0,11,2756.0
tsn2,tai50_15_02,50x15,A0,12,2756.0
tsn2,tai50_15_02,50x15,A0,13,2756.0
tsn2,tai50_15_02,50x15,A0,14,2756.0
tsn2,tai50_15_02,50x15,A0,15,2756.0
tsn2,tai50_15_02,50x15,A0,16,2756.0
tsn2,tai50_15_02,50x15,A0,17,2756.0
tsn2,tai50_15_02,50x15,A0,18,2756.0
tsn2,tai50_15_02,50x15,A0,19,2756.0
tsn2,tai50_15_02,50x15,A0,20,2756.0
tsn2,tai50_15_02,50x15,A0,21,2756.0
tsn2,tai50_15_02,50x15,A0,22,2756.0
tsn2,tai50_15_02,50x15,A0,23,2756.0
tsn2,tai50_15_02,50x15,A0,24,2756.0
tsn2,tai50_15_02,50x15,A0,25,2756.0
tsn2,tai50_15_02,50x15,A0,26,2756.0
tsn2,tai50_15_02,50x15,A0,27,2756.0
tsn2,tai50_15_02,50x15,A0,28,2756.0
tsn2,tai50_15_02,50x15,A0,29,2756.0
tsn2,tai50_15_02,50x15,A0,30,2756.0
tsn2,tai50_15_02,50x15,V2H,1,2756.0
tsn2,tai50_15_02,50x15,V2H,2,2756.0
tsn2,tai50_15_02,50x15,V2H,3,2756.0
tsn2,tai50_15_02,50x15,V2H,4,2756.0
tsn2,tai50_15_02,50x15,V2H,5,2756.0
tsn2,tai50_15_02,50x15,V2H,6,2756.0
tsn2,tai50_15_02,50x15,V2H,7,2756.0
tsn2,tai50_15_02,50x15,V2H,8,2756.0
tsn2,tai50_15_02,50x15,V2H,9,2756.0
tsn2,tai50_15_02,50x15,V2H,10,2756.0
tsn2,tai50_15_02,50x15,V2H,11,2756.0
tsn2,tai50_15_02,50x15,V2H,12,2756.0
tsn2,tai50_15_02,50x15,V2H,13,2760.0
tsn2,tai50_15_02,50x15,V2H,14,2756.0
tsn2,tai50_15_02,50x15,V2H,15,2756.0
tsn2,tai50_15_02,50x15,V2H,16,2756.0
tsn2,tai50_15_02,50x15,V2H,17,2756.0
tsn2,tai50_15_02,50x15,V2H,18,2756.0
tsn2,tai50_15_02,50x15,V2H,19,2756.0
tsn2,tai50_15_02,50x15,V2H,20,2756.0
tsn2,tai50_15_02,50x15,V2H,21,2774.0
tsn2,tai50_15_02,50x15,V2H,22,2756.0
tsn2,tai50_15_02,50x15,V2H,23,2769.5
tsn2,tai50_15_02,50x15,V2H,24,2768.0
tsn2,tai50_15_02,50x15,V2H,25,2757.5
tsn2,tai50_15_02,50x15,V2H,26,2756.0
tsn2,tai50_15_02,50x15,V2H,27,2756.0
tsn2,tai50_15_02,50x15,V2H,28,2756.0
tsn2,tai50_15_02,50x15,V2H,29,2756.0
tsn2,tai50_15_02,50x15,V2H,30,2756.0
tsn2,tai50_15_02,50x15,V2,1,2761.0
tsn2,tai50_15_02,50x15,V2,2,2756.0
tsn2,tai50_15_02,50x15,V2,3,2756.0
tsn2,tai50_15_02,50x15,V2,4,2756.0
tsn2,tai50_15_02,50x15,V2,5,2756.0
tsn2,tai50_15_02,50x15,V2,6,2756.0
tsn2,tai50_15_02,50x15,V2,7,2756.0
tsn2,tai50_15_02,50x15,V2,8,2770.0
tsn2,tai50_15_02,50x15,V2,9,2756.0
tsn2,tai50_15_02,50x15,V2,10,2756.0
tsn2,tai50_15_02,50x15,V2,11,2776.5
tsn2,tai50_15_02,50x15,V2,12,2756.0
tsn2,tai50_15_02,50x15,V2,13,2756.0
tsn2,tai50_15_02,50x15,V2,14,2756.0
tsn2,tai50_15_02,50x15,V2,15,2768.5
tsn2,tai50_15_02,50x15,V2,16,2759.0
tsn2,tai50_15_02,50x15,V2,17,2756.0
tsn2,tai50_15_02,50x15,V2,18,2756.0
tsn2,tai50_15_02,50x15,V2,19,2756.0
tsn2,tai50_15_02,50x15,V2,20,2760.0
tsn2,tai50_15_02,50x15,V2,21,2756.0
tsn2,tai50_15_02,50x15,V2,22,2756.0
tsn2,tai50_15_02,50x15,V2,23,2756.0
tsn2,tai50_15_02,50x15,V2,24,2756.0
tsn2,tai50_15_02,50x15,V2,25,2756.0
tsn2,tai50_15_02,50x15,V2,26,2756.0
tsn2,tai50_15_02,50x15,V2,27,2756.0
tsn2,tai50_15_02,50x15,V2,28,2768.5
tsn2,tai50_15_02,50x15,V2,29,2756.0
tsn2,tai50_15_02,50x15,V2,30,2756.0
tsn2,tai50_15_02,50x15,MOR,1,2767.0
tsn2,tai50_15_02,50x15,MOR,2,2766.0
tsn2,tai50_15_02,50x15,MOR,3,2757.0
tsn2,tai50_15_02,50x15,MOR,4,2756.0
tsn2,tai50_15_02,50x15,MOR,5,2758.0
tsn2,tai50_15_02,50x15,MOR,6,2763.5
tsn2,tai50_15_02,50x15,MOR,7,2756.0
tsn2,tai50_15_02,50x15,MOR,8,2756.0
tsn2,tai50_15_02,50x15,MOR,9,2756.0
tsn2,tai50_15_02,50x15,MOR,10,2756.5
tsn2,tai50_15_02,50x15,MOR,11,2763.0
tsn2,tai50_15_02,50x15,MOR,12,2758.0
tsn2,tai50_15_02,50x15,MOR,13,2768.0
tsn2,tai50_15_02,50x15,MOR,14,2756.5
tsn2,tai50_15_02,50x15,MOR,15,2756.0
tsn2,tai50_15_02,50x15,MOR,16,2765.5
tsn2,tai50_15_02,50x15,MOR,17,2756.0
tsn2,tai50_15_02,50x15,MOR,18,2757.5
tsn2,tai50_15_02,50x15,MOR,19,2776.5
tsn2,tai50_15_02,50x15,MOR,20,2771.0
tsn2,tai50_15_02,50x15,MOR,21,2763.0
tsn2,tai50_15_02,50x15,MOR,22,2756.0
tsn2,tai50_15_02,50x15,MOR,23,2759.5
tsn2,tai50_15_02,50x15,MOR,24,2756.0
tsn2,tai50_15_02,50x15,MOR,25,2759.5
tsn2,tai50_15_02,50x15,MOR,26,2756.5
tsn2,tai50_15_02,50x15,MOR,27,2756.0
tsn2,tai50_15_02,50x15,MOR,28,2760.0
tsn2,tai50_15_02,50x15,MOR,29,2757.0
tsn2,tai50_15_02,50x15,MOR,30,2756.5
tsn2,tai50_15_02,50x15,GT,1,2756.0
tsn2,tai50_15_02,50x15,GT,2,2756.0
tsn2,tai50_15_02,50x15,GT,3,2769.0
tsn2,tai50_15_02,50x15,GT,4,2760.5
tsn2,tai50_15_02,50x15,GT,5,2768.5
tsn2,tai50_15_02,50x15,GT,6,2771.0
tsn2,tai50_15_02,50x15,GT,7,2775.5
tsn2,tai50_15_02,50x15,GT,8,2757.0
tsn2,tai50_15_02,50x15,GT,9,2757.0
tsn2,tai50_15_02,50x15,GT,10,2792.5
tsn2,tai50_15_02,50x15,GT,11,2768.0
tsn2,tai50_15_02,50x15,GT,12,2771.0
tsn2,tai50_15_02,50x15,GT,13,2758.0
tsn2,tai50_15_02,50x15,GT,14,2789.5
tsn2,tai50_15_02,50x15,GT,15,2758.0
tsn2,tai50_15_02,50x15,GT,16,2763.0
tsn2,tai50_15_02,50x15,GT,17,2762.0
tsn2,tai50_15_02,50x15,GT,18,2770.5
tsn2,tai50_15_02,50x15,GT,19,2774.5
tsn2,tai50_15_02,50x15,GT,20,2770.5
tsn2,tai50_15_02,50x15,GT,21,2762.0
tsn2,tai50_15_02,50x15,GT,22,2756.5
tsn2,tai50_15_02,50x15,GT,23,2756.0
tsn2,tai50_15_02,50x15,GT,24,2764.5
tsn2,tai50_15_02,50x15,GT,25,2787.5
tsn2,tai50_15_02,50x15,GT,26,2764.5
tsn2,tai50_15_02,50x15,GT,27,2769.0
tsn2,tai50_15_02,50x15,GT,28,2765.5
tsn2,tai50_15_02,50x15,GT,29,2766.0
tsn2,tai50_15_02,50x15,GT,30,2793.0
tsn2,tai50_15_02,50x15,GP,1,2756.0
tsn2,tai50_15_02,50x15,GP,2,2756.0
tsn2,tai50_15_02,50x15,GP,3,2758.0
tsn2,tai50_15_02,50x15,GP,4,2756.0
tsn2,tai50_15_02,50x15,GP,5,2756.0
tsn2,tai50_15_02,50x15,GP,6,2756.0
tsn2,tai50_15_02,50x15,GP,7,2760.0
tsn2,tai50_15_02,50x15,GP,8,2756.0
tsn2,tai50_15_02,50x15,GP,9,2756.0
tsn2,tai50_15_02,50x15,GP,10,2756.0
tsn2,tai50_15_02,50x15,GP,11,2756.0
tsn2,tai50_15_02,50x15,GP,12,2756.0
tsn2,tai50_15_02,50x15,GP,13,2756.0
tsn2,tai50_15_02,50x15,GP,14,2756.0
tsn2,tai50_15_02,50x15,GP,15,2756.0
tsn2,tai50_15_02,50x15,GP,16,2756.0
tsn2,tai50_15_02,50x15,GP,17,2756.0
tsn2,tai50_15_02,50x15,GP,18,2756.0
tsn2,tai50_15_02,50x15,GP,19,2756.0
tsn2,tai50_15_02,50x15,GP,20,2756.0
tsn2,tai50_15_02,50x15,GP,21,2756.0
tsn2,tai50_15_02,50x15,GP,22,2756.0
tsn2,tai50_15_02,50x15,GP,23,2756.0
tsn2,tai50_15_02,50x15,GP,24,2756.0
tsn2,tai50_15_02,50x15,GP,25,2756.0
tsn2,tai50_15_02,50x15,GP,26,2756.0
tsn2,tai50_15_02,50x15,GP,27,2756.0
tsn2,tai50_15_02,50x15,GP,28,2756.0
tsn2,tai50_15_02,50x15,GP,29,2756.0
tsn2,tai50_15_02,50x15,GP,30,2756.5
tsn2,tai50_15_02,50x15,MIX,1,2756.0
tsn2,tai50_15_02,50x15,MIX,2,2756.0
tsn2,tai50_15_02,50x15,MIX,3,2756.0
tsn2,tai50_15_02,50x15,MIX,4,2756.0
tsn2,tai50_15_02,50x15,MIX,5,2756.0
tsn2,tai50_15_02,50x15,MIX,6,2756.0
tsn2,tai50_15_02,50x15,MIX,7,2756.0
tsn2,tai50_15_02,50x15,MIX,8,2756.0
tsn2,tai50_15_02,50x15,MIX,9,2756.0
tsn2,tai50_15_02,50x15,MIX,10,2756.0
tsn2,tai50_15_02,50x15,MIX,11,2756.0
tsn2,tai50_15_02,50x15,MIX,12,2756.0
tsn2,tai50_15_02,50x15,MIX,13,2756.0
tsn2,tai50_15_02,50x15,MIX,14,2756.0
tsn2,tai50_15_02,50x15,MIX,15,2756.0
tsn2,tai50_15_02,50x15,MIX,16,2756.0
tsn2,tai50_15_02,50x15,MIX,17,2756.0
tsn2,tai50_15_02,50x15,MIX,18,2756.0
tsn2,tai50_15_02,50x15,MIX,19,2756.0
tsn2,tai50_15_02,50x15,MIX,20,2756.0
tsn2,tai50_15_02,50x15,MIX,21,2756.0
tsn2,tai50_15_02,50x15,MIX,22,2756.0
tsn2,tai50_15_02,50x15,MIX,23,2756.0
tsn2,tai50_15_02,50x15,MIX,24,2756.0
tsn2,tai50_15_02,50x15,MIX,25,2756.0
tsn2,tai50_15_02,50x15,MIX,26,2756.0
tsn2,tai50_15_02,50x15,MIX,27,2756.0
tsn2,tai50_15_02,50x15,MIX,28,2756.0
tsn2,tai50_15_02,50x15,MIX,29,2756.0
tsn2,tai50_15_02,50x15,MIX,30,2756.0
tsn2,tai50_15_02,50x15,MIXH,1,2756.0
tsn2,tai50_15_02,50x15,MIXH,2,2756.0
tsn2,tai50_15_02,50x15,MIXH,3,2756.0
tsn2,tai50_15_02,50x15,MIXH,4,2756.0
tsn2,tai50_15_02,50x15,MIXH,5,2756.0
tsn2,tai50_15_02,50x15,MIXH,6,2756.0
tsn2,tai50_15_02,50x15,MIXH,7,2756.0
tsn2,tai50_15_02,50x15,MIXH,8,2756.0
tsn2,tai50_15_02,50x15,MIXH,9,2756.0
tsn2,tai50_15_02,50x15,MIXH,10,2756.0
tsn2,tai50_15_02,50x15,MIXH,11,2756.0
tsn2,tai50_15_02,50x15,MIXH,12,2756.0
tsn2,tai50_15_02,50x15,MIXH,13,2756.0
tsn2,tai50_15_02,50x15,MIXH,14,2756.0
tsn2,tai50_15_02,50x15,MIXH,15,2756.0
tsn2,tai50_15_02,50x15,MIXH,16,2756.0
tsn2,tai50_15_02,50x15,MIXH,17,2756.0
tsn2,tai50_15_02,50x15,MIXH,18,2756.0
tsn2,tai50_15_02,50x15,MIXH,19,2756.0
tsn2,tai50_15_02,50x15,MIXH,20,2756.0
tsn2,tai50_15_02,50x15,MIXH,21,2756.0
tsn2,tai50_15_02,50x15,MIXH,22,2756.0
tsn2,tai50_15_02,50x15,MIXH,23,2756.0
tsn2,tai50_15_02,50x15,MIXH,24,2756.0
tsn2,tai50_15_02,50x15,MIXH,25,2756.0
tsn2,tai50_15_02,50x15,MIXH,26,2756.0
tsn2,tai50_15_02,50x15,MIXH,27,2756.0
tsn2,tai50_15_02,50x15,MIXH,28,2756.0
tsn2,tai50_15_02,50x15,MIXH,29,2756.0
tsn2,tai50_15_02,50x15,MIXH,30,2756.0
tsn2,tai50_15_03,50x15,A0,1,2718.0
tsn2,tai50_15_03,50x15,A0,2,2718.0
tsn2,tai50_15_03,50x15,A0,3,2718.0
tsn2,tai50_15_03,50x15,A0,4,2718.0
tsn2,tai50_15_03,50x15,A0,5,2718.0
tsn2,tai50_15_03,50x15,A0,6,2718.0
tsn2,tai50_15_03,50x15,A0,7,2718.0
tsn2,tai50_15_03,50x15,A0,8,2718.0
tsn2,tai50_15_03,50x15,A0,9,2718.0
tsn2,tai50_15_03,50x15,A0,10,2718.0
tsn2,tai50_15_03,50x15,A0,11,2718.0
tsn2,tai50_15_03,50x15,A0,12,2718.0
tsn2,tai50_15_03,50x15,A0,13,2718.0
tsn2,tai50_15_03,50x15,A0,14,2718.0
tsn2,tai50_15_03,50x15,A0,15,2718.0
tsn2,tai50_15_03,50x15,A0,16,2718.0
tsn2,tai50_15_03,50x15,A0,17,2718.0
tsn2,tai50_15_03,50x15,A0,18,2718.0
tsn2,tai50_15_03,50x15,A0,19,2718.5
tsn2,tai50_15_03,50x15,A0,20,2718.0
tsn2,tai50_15_03,50x15,A0,21,2718.0
tsn2,tai50_15_03,50x15,A0,22,2718.0
tsn2,tai50_15_03,50x15,A0,23,2718.0
tsn2,tai50_15_03,50x15,A0,24,2718.0
tsn2,tai50_15_03,50x15,A0,25,2718.0
tsn2,tai50_15_03,50x15,A0,26,2718.0
tsn2,tai50_15_03,50x15,A0,27,2718.0
tsn2,tai50_15_03,50x15,A0,28,2718.0
tsn2,tai50_15_03,50x15,A0,29,2718.0
tsn2,tai50_15_03,50x15,A0,30,2718.0
tsn2,tai50_15_03,50x15,V2H,1,2718.0
tsn2,tai50_15_03,50x15,V2H,2,2718.0
tsn2,tai50_15_03,50x15,V2H,3,2718.0
tsn2,tai50_15_03,50x15,V2H,4,2718.0
tsn2,tai50_15_03,50x15,V2H,5,2718.0
tsn2,tai50_15_03,50x15,V2H,6,2718.0
tsn2,tai50_15_03,50x15,V2H,7,2718.0
tsn2,tai50_15_03,50x15,V2H,8,2718.5
tsn2,tai50_15_03,50x15,V2H,9,2718.0
tsn2,tai50_15_03,50x15,V2H,10,2718.0
tsn2,tai50_15_03,50x15,V2H,11,2718.0
tsn2,tai50_15_03,50x15,V2H,12,2718.0
tsn2,tai50_15_03,50x15,V2H,13,2718.0
tsn2,tai50_15_03,50x15,V2H,14,2718.0
tsn2,tai50_15_03,50x15,V2H,15,2718.0
tsn2,tai50_15_03,50x15,V2H,16,2718.0
tsn2,tai50_15_03,50x15,V2H,17,2718.0
tsn2,tai50_15_03,50x15,V2H,18,2718.0
tsn2,tai50_15_03,50x15,V2H,19,2718.0
tsn2,tai50_15_03,50x15,V2H,20,2718.0
tsn2,tai50_15_03,50x15,V2H,21,2718.0
tsn2,tai50_15_03,50x15,V2H,22,2718.0
tsn2,tai50_15_03,50x15,V2H,23,2718.0
tsn2,tai50_15_03,50x15,V2H,24,2718.0
tsn2,tai50_15_03,50x15,V2H,25,2718.0
tsn2,tai50_15_03,50x15,V2H,26,2718.0
tsn2,tai50_15_03,50x15,V2H,27,2718.0
tsn2,tai50_15_03,50x15,V2H,28,2718.0
tsn2,tai50_15_03,50x15,V2H,29,2718.0
tsn2,tai50_15_03,50x15,V2H,30,2718.0
tsn2,tai50_15_03,50x15,V2,1,2718.0
tsn2,tai50_15_03,50x15,V2,2,2718.0
tsn2,tai50_15_03,50x15,V2,3,2718.5
tsn2,tai50_15_03,50x15,V2,4,2718.0
tsn2,tai50_15_03,50x15,V2,5,2718.0
tsn2,tai50_15_03,50x15,V2,6,2718.0
tsn2,tai50_15_03,50x15,V2,7,2718.0
tsn2,tai50_15_03,50x15,V2,8,2718.0
tsn2,tai50_15_03,50x15,V2,9,2718.0
tsn2,tai50_15_03,50x15,V2,10,2718.0
tsn2,tai50_15_03,50x15,V2,11,2718.0
tsn2,tai50_15_03,50x15,V2,12,2718.0
tsn2,tai50_15_03,50x15,V2,13,2718.0
tsn2,tai50_15_03,50x15,V2,14,2718.0
tsn2,tai50_15_03,50x15,V2,15,2718.0
tsn2,tai50_15_03,50x15,V2,16,2718.0
tsn2,tai50_15_03,50x15,V2,17,2718.0
tsn2,tai50_15_03,50x15,V2,18,2718.0
tsn2,tai50_15_03,50x15,V2,19,2718.0
tsn2,tai50_15_03,50x15,V2,20,2718.0
tsn2,tai50_15_03,50x15,V2,21,2718.0
tsn2,tai50_15_03,50x15,V2,22,2718.0
tsn2,tai50_15_03,50x15,V2,23,2718.0
tsn2,tai50_15_03,50x15,V2,24,2718.0
tsn2,tai50_15_03,50x15,V2,25,2718.0
tsn2,tai50_15_03,50x15,V2,26,2718.0
tsn2,tai50_15_03,50x15,V2,27,2718.0
tsn2,tai50_15_03,50x15,V2,28,2718.0
tsn2,tai50_15_03,50x15,V2,29,2718.0
tsn2,tai50_15_03,50x15,V2,30,2718.0
tsn2,tai50_15_03,50x15,MOR,1,2718.0
tsn2,tai50_15_03,50x15,MOR,2,2718.0
tsn2,tai50_15_03,50x15,MOR,3,2718.0
tsn2,tai50_15_03,50x15,MOR,4,2718.0
tsn2,tai50_15_03,50x15,MOR,5,2718.0
tsn2,tai50_15_03,50x15,MOR,6,2718.0
tsn2,tai50_15_03,50x15,MOR,7,2718.0
tsn2,tai50_15_03,50x15,MOR,8,2718.0
tsn2,tai50_15_03,50x15,MOR,9,2718.0
tsn2,tai50_15_03,50x15,MOR,10,2718.0
tsn2,tai50_15_03,50x15,MOR,11,2718.0
tsn2,tai50_15_03,50x15,MOR,12,2718.0
tsn2,tai50_15_03,50x15,MOR,13,2718.0
tsn2,tai50_15_03,50x15,MOR,14,2718.0
tsn2,tai50_15_03,50x15,MOR,15,2718.0
tsn2,tai50_15_03,50x15,MOR,16,2718.0
tsn2,tai50_15_03,50x15,MOR,17,2718.0
tsn2,tai50_15_03,50x15,MOR,18,2718.0
tsn2,tai50_15_03,50x15,MOR,19,2718.0
tsn2,tai50_15_03,50x15,MOR,20,2718.0
tsn2,tai50_15_03,50x15,MOR,21,2718.0
tsn2,tai50_15_03,50x15,MOR,22,2718.0
tsn2,tai50_15_03,50x15,MOR,23,2718.0
tsn2,tai50_15_03,50x15,MOR,24,2718.0
tsn2,tai50_15_03,50x15,MOR,25,2718.0
tsn2,tai50_15_03,50x15,MOR,26,2718.0
tsn2,tai50_15_03,50x15,MOR,27,2718.0
tsn2,tai50_15_03,50x15,MOR,28,2718.0
tsn2,tai50_15_03,50x15,MOR,29,2718.0
tsn2,tai50_15_03,50x15,MOR,30,2718.0
tsn2,tai50_15_03,50x15,GT,1,2718.0
tsn2,tai50_15_03,50x15,GT,2,2718.0
tsn2,tai50_15_03,50x15,GT,3,2718.0
tsn2,tai50_15_03,50x15,GT,4,2718.0
tsn2,tai50_15_03,50x15,GT,5,2718.0
tsn2,tai50_15_03,50x15,GT,6,2718.0
tsn2,tai50_15_03,50x15,GT,7,2718.0
tsn2,tai50_15_03,50x15,GT,8,2718.0
tsn2,tai50_15_03,50x15,GT,9,2718.0
tsn2,tai50_15_03,50x15,GT,10,2718.0
tsn2,tai50_15_03,50x15,GT,11,2718.0
tsn2,tai50_15_03,50x15,GT,12,2718.0
tsn2,tai50_15_03,50x15,GT,13,2718.0
tsn2,tai50_15_03,50x15,GT,14,2718.0
tsn2,tai50_15_03,50x15,GT,15,2718.0
tsn2,tai50_15_03,50x15,GT,16,2718.0
tsn2,tai50_15_03,50x15,GT,17,2718.0
tsn2,tai50_15_03,50x15,GT,18,2718.0
tsn2,tai50_15_03,50x15,GT,19,2718.0
tsn2,tai50_15_03,50x15,GT,20,2718.0
tsn2,tai50_15_03,50x15,GT,21,2718.0
tsn2,tai50_15_03,50x15,GT,22,2718.0
tsn2,tai50_15_03,50x15,GT,23,2718.0
tsn2,tai50_15_03,50x15,GT,24,2718.0
tsn2,tai50_15_03,50x15,GT,25,2718.0
tsn2,tai50_15_03,50x15,GT,26,2718.0
tsn2,tai50_15_03,50x15,GT,27,2718.0
tsn2,tai50_15_03,50x15,GT,28,2718.0
tsn2,tai50_15_03,50x15,GT,29,2718.0
tsn2,tai50_15_03,50x15,GT,30,2718.0
tsn2,tai50_15_03,50x15,GP,1,2718.0
tsn2,tai50_15_03,50x15,GP,2,2718.0
tsn2,tai50_15_03,50x15,GP,3,2718.0
tsn2,tai50_15_03,50x15,GP,4,2718.0
tsn2,tai50_15_03,50x15,GP,5,2718.0
tsn2,tai50_15_03,50x15,GP,6,2718.0
tsn2,tai50_15_03,50x15,GP,7,2718.0
tsn2,tai50_15_03,50x15,GP,8,2718.0
tsn2,tai50_15_03,50x15,GP,9,2718.0
tsn2,tai50_15_03,50x15,GP,10,2718.0
tsn2,tai50_15_03,50x15,GP,11,2718.0
tsn2,tai50_15_03,50x15,GP,12,2718.0
tsn2,tai50_15_03,50x15,GP,13,2718.0
tsn2,tai50_15_03,50x15,GP,14,2718.0
tsn2,tai50_15_03,50x15,GP,15,2718.0
tsn2,tai50_15_03,50x15,GP,16,2718.0
tsn2,tai50_15_03,50x15,GP,17,2718.0
tsn2,tai50_15_03,50x15,GP,18,2718.0
tsn2,tai50_15_03,50x15,GP,19,2718.0
tsn2,tai50_15_03,50x15,GP,20,2718.0
tsn2,tai50_15_03,50x15,GP,21,2718.0
tsn2,tai50_15_03,50x15,GP,22,2718.0
tsn2,tai50_15_03,50x15,GP,23,2718.0
tsn2,tai50_15_03,50x15,GP,24,2718.0
tsn2,tai50_15_03,50x15,GP,25,2718.0
tsn2,tai50_15_03,50x15,GP,26,2718.0
tsn2,tai50_15_03,50x15,GP,27,2718.0
tsn2,tai50_15_03,50x15,GP,28,2718.0
tsn2,tai50_15_03,50x15,GP,29,2718.0
tsn2,tai50_15_03,50x15,GP,30,2718.0
tsn2,tai50_15_03,50x15,MIX,1,2718.0
tsn2,tai50_15_03,50x15,MIX,2,2718.0
tsn2,tai50_15_03,50x15,MIX,3,2718.0
tsn2,tai50_15_03,50x15,MIX,4,2718.0
tsn2,tai50_15_03,50x15,MIX,5,2718.0
tsn2,tai50_15_03,50x15,MIX,6,2718.0
tsn2,tai50_15_03,50x15,MIX,7,2718.0
tsn2,tai50_15_03,50x15,MIX,8,2718.0
tsn2,tai50_15_03,50x15,MIX,9,2718.0
tsn2,tai50_15_03,50x15,MIX,10,2718.0
tsn2,tai50_15_03,50x15,MIX,11,2718.0
tsn2,tai50_15_03,50x15,MIX,12,2718.0
tsn2,tai50_15_03,50x15,MIX,13,2718.0
tsn2,tai50_15_03,50x15,MIX,14,2718.0
tsn2,tai50_15_03,50x15,MIX,15,2718.0
tsn2,tai50_15_03,50x15,MIX,16,2718.0
tsn2,tai50_15_03,50x15,MIX,17,2718.0
tsn2,tai50_15_03,50x15,MIX,18,2718.0
tsn2,tai50_15_03,50x15,MIX,19,2718.0
tsn2,tai50_15_03,50x15,MIX,20,2718.0
tsn2,tai50_15_03,50x15,MIX,21,2718.0
tsn2,tai50_15_03,50x15,MIX,22,2718.0
tsn2,tai50_15_03,50x15,MIX,23,2718.0
tsn2,tai50_15_03,50x15,MIX,24,2718.0
tsn2,tai50_15_03,50x15,MIX,25,2718.0
tsn2,tai50_15_03,50x15,MIX,26,2718.0
tsn2,tai50_15_03,50x15,MIX,27,2718.0
tsn2,tai50_15_03,50x15,MIX,28,2718.0
tsn2,tai50_15_03,50x15,MIX,29,2718.0
tsn2,tai50_15_03,50x15,MIX,30,2718.0
tsn2,tai50_15_03,50x15,MIXH,1,2718.0
tsn2,tai50_15_03,50x15,MIXH,2,2718.0
tsn2,tai50_15_03,50x15,MIXH,3,2718.0
tsn2,tai50_15_03,50x15,MIXH,4,2718.0
tsn2,tai50_15_03,50x15,MIXH,5,2718.0
tsn2,tai50_15_03,50x15,MIXH,6,2718.0
tsn2,tai50_15_03,50x15,MIXH,7,2718.0
tsn2,tai50_15_03,50x15,MIXH,8,2718.0
tsn2,tai50_15_03,50x15,MIXH,9,2718.0
tsn2,tai50_15_03,50x15,MIXH,10,2718.0
tsn2,tai50_15_03,50x15,MIXH,11,2718.0
tsn2,tai50_15_03,50x15,MIXH,12,2718.0
tsn2,tai50_15_03,50x15,MIXH,13,2718.0
tsn2,tai50_15_03,50x15,MIXH,14,2718.0
tsn2,tai50_15_03,50x15,MIXH,15,2718.0
tsn2,tai50_15_03,50x15,MIXH,16,2718.0
tsn2,tai50_15_03,50x15,MIXH,17,2718.0
tsn2,tai50_15_03,50x15,MIXH,18,2718.0
tsn2,tai50_15_03,50x15,MIXH,19,2718.0
tsn2,tai50_15_03,50x15,MIXH,20,2718.0
tsn2,tai50_15_03,50x15,MIXH,21,2718.0
tsn2,tai50_15_03,50x15,MIXH,22,2718.0
tsn2,tai50_15_03,50x15,MIXH,23,2718.0
tsn2,tai50_15_03,50x15,MIXH,24,2718.0
tsn2,tai50_15_03,50x15,MIXH,25,2718.0
tsn2,tai50_15_03,50x15,MIXH,26,2718.0
tsn2,tai50_15_03,50x15,MIXH,27,2718.0
tsn2,tai50_15_03,50x15,MIXH,28,2718.0
tsn2,tai50_15_03,50x15,MIXH,29,2718.0
tsn2,tai50_15_03,50x15,MIXH,30,2718.0
tsn2,tai50_15_04,50x15,A0,1,2839.0
tsn2,tai50_15_04,50x15,A0,2,2839.0
tsn2,tai50_15_04,50x15,A0,3,2839.0
tsn2,tai50_15_04,50x15,A0,4,2839.0
tsn2,tai50_15_04,50x15,A0,5,2839.0
tsn2,tai50_15_04,50x15,A0,6,2839.0
tsn2,tai50_15_04,50x15,A0,7,2839.0
tsn2,tai50_15_04,50x15,A0,8,2839.0
tsn2,tai50_15_04,50x15,A0,9,2839.0
tsn2,tai50_15_04,50x15,A0,10,2839.0
tsn2,tai50_15_04,50x15,A0,11,2839.0
tsn2,tai50_15_04,50x15,A0,12,2839.0
tsn2,tai50_15_04,50x15,A0,13,2839.0
tsn2,tai50_15_04,50x15,A0,14,2839.0
tsn2,tai50_15_04,50x15,A0,15,2839.0
tsn2,tai50_15_04,50x15,A0,16,2839.0
tsn2,tai50_15_04,50x15,A0,17,2839.0
tsn2,tai50_15_04,50x15,A0,18,2839.0
tsn2,tai50_15_04,50x15,A0,19,2839.0
tsn2,tai50_15_04,50x15,A0,20,2839.0
tsn2,tai50_15_04,50x15,A0,21,2839.0
tsn2,tai50_15_04,50x15,A0,22,2839.0
tsn2,tai50_15_04,50x15,A0,23,2839.0
tsn2,tai50_15_04,50x15,A0,24,2839.0
tsn2,tai50_15_04,50x15,A0,25,2839.0
tsn2,tai50_15_04,50x15,A0,26,2839.0
tsn2,tai50_15_04,50x15,A0,27,2839.0
tsn2,tai50_15_04,50x15,A0,28,2839.0
tsn2,tai50_15_04,50x15,A0,29,2839.0
tsn2,tai50_15_04,50x15,A0,30,2839.0
tsn2,tai50_15_04,50x15,V2H,1,2839.0
tsn2,tai50_15_04,50x15,V2H,2,2839.0
tsn2,tai50_15_04,50x15,V2H,3,2839.0
tsn2,tai50_15_04,50x15,V2H,4,2839.0
tsn2,tai50_15_04,50x15,V2H,5,2839.0
tsn2,tai50_15_04,50x15,V2H,6,2839.0
tsn2,tai50_15_04,50x15,V2H,7,2839.0
tsn2,tai50_15_04,50x15,V2H,8,2839.0
tsn2,tai50_15_04,50x15,V2H,9,2839.0
tsn2,tai50_15_04,50x15,V2H,10,2839.0
tsn2,tai50_15_04,50x15,V2H,11,2839.0
tsn2,tai50_15_04,50x15,V2H,12,2839.0
tsn2,tai50_15_04,50x15,V2H,13,2839.0
tsn2,tai50_15_04,50x15,V2H,14,2839.0
tsn2,tai50_15_04,50x15,V2H,15,2839.0
tsn2,tai50_15_04,50x15,V2H,16,2839.0
tsn2,tai50_15_04,50x15,V2H,17,2839.0
tsn2,tai50_15_04,50x15,V2H,18,2839.0
tsn2,tai50_15_04,50x15,V2H,19,2839.0
tsn2,tai50_15_04,50x15,V2H,20,2839.0
tsn2,tai50_15_04,50x15,V2H,21,2839.0
tsn2,tai50_15_04,50x15,V2H,22,2839.0
tsn2,tai50_15_04,50x15,V2H,23,2839.0
tsn2,tai50_15_04,50x15,V2H,24,2839.0
tsn2,tai50_15_04,50x15,V2H,25,2839.0
tsn2,tai50_15_04,50x15,V2H,26,2839.0
tsn2,tai50_15_04,50x15,V2H,27,2839.0
tsn2,tai50_15_04,50x15,V2H,28,2839.0
tsn2,tai50_15_04,50x15,V2H,29,2839.0
tsn2,tai50_15_04,50x15,V2H,30,2839.0
tsn2,tai50_15_04,50x15,V2,1,2839.0
tsn2,tai50_15_04,50x15,V2,2,2839.0
tsn2,tai50_15_04,50x15,V2,3,2839.0
tsn2,tai50_15_04,50x15,V2,4,2839.0
tsn2,tai50_15_04,50x15,V2,5,2839.0
tsn2,tai50_15_04,50x15,V2,6,2839.0
tsn2,tai50_15_04,50x15,V2,7,2839.0
tsn2,tai50_15_04,50x15,V2,8,2839.0
tsn2,tai50_15_04,50x15,V2,9,2839.0
tsn2,tai50_15_04,50x15,V2,10,2839.0
tsn2,tai50_15_04,50x15,V2,11,2839.0
tsn2,tai50_15_04,50x15,V2,12,2839.0
tsn2,tai50_15_04,50x15,V2,13,2839.0
tsn2,tai50_15_04,50x15,V2,14,2839.0
tsn2,tai50_15_04,50x15,V2,15,2839.0
tsn2,tai50_15_04,50x15,V2,16,2839.0
tsn2,tai50_15_04,50x15,V2,17,2839.0
tsn2,tai50_15_04,50x15,V2,18,2839.0
tsn2,tai50_15_04,50x15,V2,19,2839.0
tsn2,tai50_15_04,50x15,V2,20,2839.0
tsn2,tai50_15_04,50x15,V2,21,2839.0
tsn2,tai50_15_04,50x15,V2,22,2839.0
tsn2,tai50_15_04,50x15,V2,23,2839.0
tsn2,tai50_15_04,50x15,V2,24,2839.0
tsn2,tai50_15_04,50x15,V2,25,2839.0
tsn2,tai50_15_04,50x15,V2,26,2839.0
tsn2,tai50_15_04,50x15,V2,27,2839.0
tsn2,tai50_15_04,50x15,V2,28,2839.0
tsn2,tai50_15_04,50x15,V2,29,2839.0
tsn2,tai50_15_04,50x15,V2,30,2839.0
tsn2,tai50_15_04,50x15,MOR,1,2839.0
tsn2,tai50_15_04,50x15,MOR,2,2839.0
tsn2,tai50_15_04,50x15,MOR,3,2839.0
tsn2,tai50_15_04,50x15,MOR,4,2839.0
tsn2,tai50_15_04,50x15,MOR,5,2839.0
tsn2,tai50_15_04,50x15,MOR,6,2839.0
tsn2,tai50_15_04,50x15,MOR,7,2839.0
tsn2,tai50_15_04,50x15,MOR,8,2839.0
tsn2,tai50_15_04,50x15,MOR,9,2839.0
tsn2,tai50_15_04,50x15,MOR,10,2839.0
tsn2,tai50_15_04,50x15,MOR,11,2839.0
tsn2,tai50_15_04,50x15,MOR,12,2839.0
tsn2,tai50_15_04,50x15,MOR,13,2839.0
tsn2,tai50_15_04,50x15,MOR,14,2839.0
tsn2,tai50_15_04,50x15,MOR,15,2839.0
tsn2,tai50_15_04,50x15,MOR,16,2839.0
tsn2,tai50_15_04,50x15,MOR,17,2839.0
tsn2,tai50_15_04,50x15,MOR,18,2839.0
tsn2,tai50_15_04,50x15,MOR,19,2839.0
tsn2,tai50_15_04,50x15,MOR,20,2839.0
tsn2,tai50_15_04,50x15,MOR,21,2839.0
tsn2,tai50_15_04,50x15,MOR,22,2839.0
tsn2,tai50_15_04,50x15,MOR,23,2839.0
tsn2,tai50_15_04,50x15,MOR,24,2839.0
tsn2,tai50_15_04,50x15,MOR,25,2839.0
tsn2,tai50_15_04,50x15,MOR,26,2839.0
tsn2,tai50_15_04,50x15,MOR,27,2839.0
tsn2,tai50_15_04,50x15,MOR,28,2839.0
tsn2,tai50_15_04,50x15,MOR,29,2839.0
tsn2,tai50_15_04,50x15,MOR,30,2839.0
tsn2,tai50_15_04,50x15,GT,1,2839.0
tsn2,tai50_15_04,50x15,GT,2,2839.0
tsn2,tai50_15_04,50x15,GT,3,2839.0
tsn2,tai50_15_04,50x15,GT,4,2839.0
tsn2,tai50_15_04,50x15,GT,5,2839.0
tsn2,tai50_15_04,50x15,GT,6,2839.0
tsn2,tai50_15_04,50x15,GT,7,2839.0
tsn2,tai50_15_04,50x15,GT,8,2839.0
tsn2,tai50_15_04,50x15,GT,9,2839.0
tsn2,tai50_15_04,50x15,GT,10,2839.0
tsn2,tai50_15_04,50x15,GT,11,2839.0
tsn2,tai50_15_04,50x15,GT,12,2839.0
tsn2,tai50_15_04,50x15,GT,13,2839.0
tsn2,tai50_15_04,50x15,GT,14,2839.0
tsn2,tai50_15_04,50x15,GT,15,2839.0
tsn2,tai50_15_04,50x15,GT,16,2839.0
tsn2,tai50_15_04,50x15,GT,17,2839.0
tsn2,tai50_15_04,50x15,GT,18,2839.0
tsn2,tai50_15_04,50x15,GT,19,2839.0
tsn2,tai50_15_04,50x15,GT,20,2839.0
tsn2,tai50_15_04,50x15,GT,21,2839.0
tsn2,tai50_15_04,50x15,GT,22,2839.0
tsn2,tai50_15_04,50x15,GT,23,2839.0
tsn2,tai50_15_04,50x15,GT,24,2839.0
tsn2,tai50_15_04,50x15,GT,25,2839.0
tsn2,tai50_15_04,50x15,GT,26,2839.0
tsn2,tai50_15_04,50x15,GT,27,2839.0
tsn2,tai50_15_04,50x15,GT,28,2839.0
tsn2,tai50_15_04,50x15,GT,29,2839.0
tsn2,tai50_15_04,50x15,GT,30,2839.0
tsn2,tai50_15_04,50x15,GP,1,2839.0
tsn2,tai50_15_04,50x15,GP,2,2839.0
tsn2,tai50_15_04,50x15,GP,3,2839.0
tsn2,tai50_15_04,50x15,GP,4,2839.0
tsn2,tai50_15_04,50x15,GP,5,2839.0
tsn2,tai50_15_04,50x15,GP,6,2839.0
tsn2,tai50_15_04,50x15,GP,7,2839.0
tsn2,tai50_15_04,50x15,GP,8,2839.0
tsn2,tai50_15_04,50x15,GP,9,2839.0
tsn2,tai50_15_04,50x15,GP,10,2839.0
tsn2,tai50_15_04,50x15,GP,11,2839.0
tsn2,tai50_15_04,50x15,GP,12,2839.0
tsn2,tai50_15_04,50x15,GP,13,2839.0
tsn2,tai50_15_04,50x15,GP,14,2839.0
tsn2,tai50_15_04,50x15,GP,15,2839.0
tsn2,tai50_15_04,50x15,GP,16,2839.0
tsn2,tai50_15_04,50x15,GP,17,2839.0
tsn2,tai50_15_04,50x15,GP,18,2839.0
tsn2,tai50_15_04,50x15,GP,19,2839.0
tsn2,tai50_15_04,50x15,GP,20,2839.0
tsn2,tai50_15_04,50x15,GP,21,2839.0
tsn2,tai50_15_04,50x15,GP,22,2839.0
tsn2,tai50_15_04,50x15,GP,23,2839.0
tsn2,tai50_15_04,50x15,GP,24,2839.0
tsn2,tai50_15_04,50x15,GP,25,2839.0
tsn2,tai50_15_04,50x15,GP,26,2839.0
tsn2,tai50_15_04,50x15,GP,27,2839.0
tsn2,tai50_15_04,50x15,GP,28,2839.0
tsn2,tai50_15_04,50x15,GP,29,2839.0
tsn2,tai50_15_04,50x15,GP,30,2839.0
tsn2,tai50_15_04,50x15,MIX,1,2839.0
tsn2,tai50_15_04,50x15,MIX,2,2839.0
tsn2,tai50_15_04,50x15,MIX,3,2839.0
tsn2,tai50_15_04,50x15,MIX,4,2839.0
tsn2,tai50_15_04,50x15,MIX,5,2839.0
tsn2,tai50_15_04,50x15,MIX,6,2839.0
tsn2,tai50_15_04,50x15,MIX,7,2839.0
tsn2,tai50_15_04,50x15,MIX,8,2839.0
tsn2,tai50_15_04,50x15,MIX,9,2839.0
tsn2,tai50_15_04,50x15,MIX,10,2839.0
tsn2,tai50_15_04,50x15,MIX,11,2839.0
tsn2,tai50_15_04,50x15,MIX,12,2839.0
tsn2,tai50_15_04,50x15,MIX,13,2839.0
tsn2,tai50_15_04,50x15,MIX,14,2839.0
tsn2,tai50_15_04,50x15,MIX,15,2839.0
tsn2,tai50_15_04,50x15,MIX,16,2839.0
tsn2,tai50_15_04,50x15,MIX,17,2839.0
tsn2,tai50_15_04,50x15,MIX,18,2839.0
tsn2,tai50_15_04,50x15,MIX,19,2839.0
tsn2,tai50_15_04,50x15,MIX,20,2839.0
tsn2,tai50_15_04,50x15,MIX,21,2839.0
tsn2,tai50_15_04,50x15,MIX,22,2839.0
tsn2,tai50_15_04,50x15,MIX,23,2839.0
tsn2,tai50_15_04,50x15,MIX,24,2839.0
tsn2,tai50_15_04,50x15,MIX,25,2839.0
tsn2,tai50_15_04,50x15,MIX,26,2839.0
tsn2,tai50_15_04,50x15,MIX,27,2839.0
tsn2,tai50_15_04,50x15,MIX,28,2839.0
tsn2,tai50_15_04,50x15,MIX,29,2839.0
tsn2,tai50_15_04,50x15,MIX,30,2839.0
tsn2,tai50_15_04,50x15,MIXH,1,2839.0
tsn2,tai50_15_04,50x15,MIXH,2,2839.0
tsn2,tai50_15_04,50x15,MIXH,3,2839.0
tsn2,tai50_15_04,50x15,MIXH,4,2839.0
tsn2,tai50_15_04,50x15,MIXH,5,2839.0
tsn2,tai50_15_04,50x15,MIXH,6,2839.0
tsn2,tai50_15_04,50x15,MIXH,7,2839.0
tsn2,tai50_15_04,50x15,MIXH,8,2839.0
tsn2,tai50_15_04,50x15,MIXH,9,2839.0
tsn2,tai50_15_04,50x15,MIXH,10,2839.0
tsn2,tai50_15_04,50x15,MIXH,11,2839.0
tsn2,tai50_15_04,50x15,MIXH,12,2839.0
tsn2,tai50_15_04,50x15,MIXH,13,2839.0
tsn2,tai50_15_04,50x15,MIXH,14,2839.0
tsn2,tai50_15_04,50x15,MIXH,15,2839.0
tsn2,tai50_15_04,50x15,MIXH,16,2839.0
tsn2,tai50_15_04,50x15,MIXH,17,2839.0
tsn2,tai50_15_04,50x15,MIXH,18,2839.0
tsn2,tai50_15_04,50x15,MIXH,19,2839.0
tsn2,tai50_15_04,50x15,MIXH,20,2839.0
tsn2,tai50_15_04,50x15,MIXH,21,2839.0
tsn2,tai50_15_04,50x15,MIXH,22,2839.0
tsn2,tai50_15_04,50x15,MIXH,23,2839.0
tsn2,tai50_15_04,50x15,MIXH,24,2839.0
tsn2,tai50_15_04,50x15,MIXH,25,2839.0
tsn2,tai50_15_04,50x15,MIXH,26,2839.0
tsn2,tai50_15_04,50x15,MIXH,27,2839.0
tsn2,tai50_15_04,50x15,MIXH,28,2839.0
tsn2,tai50_15_04,50x15,MIXH,29,2839.0
tsn2,tai50_15_04,50x15,MIXH,30,2839.0
tsn2,tai50_15_05,50x15,A0,1,2707.5
tsn2,tai50_15_05,50x15,A0,2,2707.0
tsn2,tai50_15_05,50x15,A0,3,2688.0
tsn2,tai50_15_05,50x15,A0,4,2702.5
tsn2,tai50_15_05,50x15,A0,5,2688.0
tsn2,tai50_15_05,50x15,A0,6,2724.5
tsn2,tai50_15_05,50x15,A0,7,2691.5
tsn2,tai50_15_05,50x15,A0,8,2688.0
tsn2,tai50_15_05,50x15,A0,9,2702.0
tsn2,tai50_15_05,50x15,A0,10,2694.0
tsn2,tai50_15_05,50x15,A0,11,2688.0
tsn2,tai50_15_05,50x15,A0,12,2688.0
tsn2,tai50_15_05,50x15,A0,13,2688.0
tsn2,tai50_15_05,50x15,A0,14,2690.0
tsn2,tai50_15_05,50x15,A0,15,2688.0
tsn2,tai50_15_05,50x15,A0,16,2702.5
tsn2,tai50_15_05,50x15,A0,17,2705.0
tsn2,tai50_15_05,50x15,A0,18,2695.5
tsn2,tai50_15_05,50x15,A0,19,2708.0
tsn2,tai50_15_05,50x15,A0,20,2704.5
tsn2,tai50_15_05,50x15,A0,21,2706.0
tsn2,tai50_15_05,50x15,A0,22,2690.0
tsn2,tai50_15_05,50x15,A0,23,2688.5
tsn2,tai50_15_05,50x15,A0,24,2693.5
tsn2,tai50_15_05,50x15,A0,25,2698.0
tsn2,tai50_15_05,50x15,A0,26,2695.5
tsn2,tai50_15_05,50x15,A0,27,2731.5
tsn2,tai50_15_05,50x15,A0,28,2694.0
tsn2,tai50_15_05,50x15,A0,29,2735.0
tsn2,tai50_15_05,50x15,A0,30,2722.0
tsn2,tai50_15_05,50x15,V2H,1,2717.5
tsn2,tai50_15_05,50x15,V2H,2,2702.5
tsn2,tai50_15_05,50x15,V2H,3,2688.0
tsn2,tai50_15_05,50x15,V2H,4,2688.0
tsn2,tai50_15_05,50x15,V2H,5,2699.0
tsn2,tai50_15_05,50x15,V2H,6,2695.5
tsn2,tai50_15_05,50x15,V2H,7,2688.0
tsn2,tai50_15_05,50x15,V2H,8,2695.0
tsn2,tai50_15_05,50x15,V2H,9,2694.5
tsn2,tai50_15_05,50x15,V2H,10,2702.5
tsn2,tai50_15_05,50x15,V2H,11,2696.0
tsn2,tai50_15_05,50x15,V2H,12,2711.5
tsn2,tai50_15_05,50x15,V2H,13,2718.0
tsn2,tai50_15_05,50x15,V2H,14,2695.0
tsn2,tai50_15_05,50x15,V2H,15,2714.0
tsn2,tai50_15_05,50x15,V2H,16,2731.5
tsn2,tai50_15_05,50x15,V2H,17,2705.0
tsn2,tai50_15_05,50x15,V2H,18,2688.0
tsn2,tai50_15_05,50x15,V2H,19,2724.0
tsn2,tai50_15_05,50x15,V2H,20,2688.0
tsn2,tai50_15_05,50x15,V2H,21,2726.0
tsn2,tai50_15_05,50x15,V2H,22,2702.5
tsn2,tai50_15_05,50x15,V2H,23,2688.0
tsn2,tai50_15_05,50x15,V2H,24,2692.5
tsn2,tai50_15_05,50x15,V2H,25,2688.0
tsn2,tai50_15_05,50x15,V2H,26,2688.0
tsn2,tai50_15_05,50x15,V2H,27,2706.5
tsn2,tai50_15_05,50x15,V2H,28,2695.0
tsn2,tai50_15_05,50x15,V2H,29,2691.5
tsn2,tai50_15_05,50x15,V2H,30,2706.0
tsn2,tai50_15_05,50x15,V2,1,2697.5
tsn2,tai50_15_05,50x15,V2,2,2693.0
tsn2,tai50_15_05,50x15,V2,3,2724.0
tsn2,tai50_15_05,50x15,V2,4,2688.0
tsn2,tai50_15_05,50x15,V2,5,2688.0
tsn2,tai50_15_05,50x15,V2,6,2688.0
tsn2,tai50_15_05,50x15,V2,7,2698.0
tsn2,tai50_15_05,50x15,V2,8,2690.5
tsn2,tai50_15_05,50x15,V2,9,2718.0
tsn2,tai50_15_05,50x15,V2,10,2688.0
tsn2,tai50_15_05,50x15,V2,11,2726.0
tsn2,tai50_15_05,50x15,V2,12,2701.5
tsn2,tai50_15_05,50x15,V2,13,2688.5
tsn2,tai50_15_05,50x15,V2,14,2692.5
tsn2,tai50_15_05,50x15,V2,15,2696.0
tsn2,tai50_15_05,50x15,V2,16,2693.5
tsn2,tai50_15_05,50x15,V2,17,2689.5
tsn2,tai50_15_05,50x15,V2,18,2692.5
tsn2,tai50_15_05,50x15,V2,19,2712.0
tsn2,tai50_15_05,50x15,V2,20,2728.5
tsn2,tai50_15_05,50x15,V2,21,2693.5
tsn2,tai50_15_05,50x15,V2,22,2688.0
tsn2,tai50_15_05,50x15,V2,23,2697.0
tsn2,tai50_15_05,50x15,V2,24,2707.0
tsn2,tai50_15_05,50x15,V2,25,2688.0
tsn2,tai50_15_05,50x15,V2,26,2688.0
tsn2,tai50_15_05,50x15,V2,27,2722.5
tsn2,tai50_15_05,50x15,V2,28,2717.0
tsn2,tai50_15_05,50x15,V2,29,2688.0
tsn2,tai50_15_05,50x15,V2,30,2699.0
tsn2,tai50_15_05,50x15,MOR,1,2748.5
tsn2,tai50_15_05,50x15,MOR,2,2735.5
tsn2,tai50_15_05,50x15,MOR,3,2710.0
tsn2,tai50_15_05,50x15,MOR,4,2705.0
tsn2,tai50_15_05,50x15,MOR,5,2750.5
tsn2,tai50_15_05,50x15,MOR,6,2729.0
tsn2,tai50_15_05,50x15,MOR,7,2737.5
tsn2,tai50_15_05,50x15,MOR,8,2705.5
tsn2,tai50_15_05,50x15,MOR,9,2695.5
tsn2,tai50_15_05,50x15,MOR,10,2700.5
tsn2,tai50_15_05,50x15,MOR,11,2735.0
tsn2,tai50_15_05,50x15,MOR,12,2750.5
tsn2,tai50_15_05,50x15,MOR,13,2715.0
tsn2,tai50_15_05,50x15,MOR,14,2722.0
tsn2,tai50_15_05,50x15,MOR,15,2704.0
tsn2,tai50_15_05,50x15,MOR,16,2731.5
tsn2,tai50_15_05,50x15,MOR,17,2753.5
tsn2,tai50_15_05,50x15,MOR,18,2750.5
tsn2,tai50_15_05,50x15,MOR,19,2722.0
tsn2,tai50_15_05,50x15,MOR,20,2705.0
tsn2,tai50_15_05,50x15,MOR,21,2701.0
tsn2,tai50_15_05,50x15,MOR,22,2702.0
tsn2,tai50_15_05,50x15,MOR,23,2689.0
tsn2,tai50_15_05,50x15,MOR,24,2695.0
tsn2,tai50_15_05,50x15,MOR,25,2730.0
tsn2,tai50_15_05,50x15,MOR,26,2719.0
tsn2,tai50_15_05,50x15,MOR,27,2727.0
tsn2,tai50_15_05,50x15,MOR,28,2707.0
tsn2,tai50_15_05,50x15,MOR,29,2747.0
tsn2,tai50_15_05,50x15,MOR,30,2717.0
tsn2,tai50_15_05,50x15,GT,1,2695.0
tsn2,tai50_15_05,50x15,GT,2,2714.5
tsn2,tai50_15_05,50x15,GT,3,2688.0
tsn2,tai50_15_05,50x15,GT,4,2693.5
tsn2,tai50_15_05,50x15,GT,5,2688.0
tsn2,tai50_15_05,50x15,GT,6,2688.0
tsn2,tai50_15_05,50x15,GT,7,2688.0
tsn2,tai50_15_05,50x15,GT,8,2704.5
tsn2,tai50_15_05,50x15,GT,9,2691.0
tsn2,tai50_15_05,50x15,GT,10,2692.0
tsn2,tai50_15_05,50x15,GT,11,2690.0
tsn2,tai50_15_05,50x15,GT,12,2688.0
tsn2,tai50_15_05,50x15,GT,13,2688.5
tsn2,tai50_15_05,50x15,GT,14,2688.0
tsn2,tai50_15_05,50x15,GT,15,2688.0
tsn2,tai50_15_05,50x15,GT,16,2688.0
tsn2,tai50_15_05,50x15,GT,17,2688.0
tsn2,tai50_15_05,50x15,GT,18,2688.0
tsn2,tai50_15_05,50x15,GT,19,2688.0
tsn2,tai50_15_05,50x15,GT,20,2688.0
tsn2,tai50_15_05,50x15,GT,21,2688.0
tsn2,tai50_15_05,50x15,GT,22,2692.0
tsn2,tai50_15_05,50x15,GT,23,2703.0
tsn2,tai50_15_05,50x15,GT,24,2692.0
tsn2,tai50_15_05,50x15,GT,25,2690.0
tsn2,tai50_15_05,50x15,GT,26,2688.0
tsn2,tai50_15_05,50x15,GT,27,2712.5
tsn2,tai50_15_05,50x15,GT,28,2688.0
tsn2,tai50_15_05,50x15,GT,29,2691.5
tsn2,tai50_15_05,50x15,GT,30,2688.0
tsn2,tai50_15_05,50x15,GP,1,2704.0
tsn2,tai50_15_05,50x15,GP,2,2688.0
tsn2,tai50_15_05,50x15,GP,3,2714.0
tsn2,tai50_15_05,50x15,GP,4,2711.0
tsn2,tai50_15_05,50x15,GP,5,2688.0
tsn2,tai50_15_05,50x15,GP,6,2712.0
tsn2,tai50_15_05,50x15,GP,7,2688.0
tsn2,tai50_15_05,50x15,GP,8,2716.0
tsn2,tai50_15_05,50x15,GP,9,2700.0
tsn2,tai50_15_05,50x15,GP,10,2698.5
tsn2,tai50_15_05,50x15,GP,11,2688.0
tsn2,tai50_15_05,50x15,GP,12,2723.0
tsn2,tai50_15_05,50x15,GP,13,2691.0
tsn2,tai50_15_05,50x15,GP,14,2688.0
tsn2,tai50_15_05,50x15,GP,15,2688.5
tsn2,tai50_15_05,50x15,GP,16,2692.0
tsn2,tai50_15_05,50x15,GP,17,2688.0
tsn2,tai50_15_05,50x15,GP,18,2690.5
tsn2,tai50_15_05,50x15,GP,19,2700.5
tsn2,tai50_15_05,50x15,GP,20,2710.5
tsn2,tai50_15_05,50x15,GP,21,2688.0
tsn2,tai50_15_05,50x15,GP,22,2688.0
tsn2,tai50_15_05,50x15,GP,23,2697.5
tsn2,tai50_15_05,50x15,GP,24,2710.5
tsn2,tai50_15_05,50x15,GP,25,2688.0
tsn2,tai50_15_05,50x15,GP,26,2688.0
tsn2,tai50_15_05,50x15,GP,27,2690.5
tsn2,tai50_15_05,50x15,GP,28,2689.0
tsn2,tai50_15_05,50x15,GP,29,2710.0
tsn2,tai50_15_05,50x15,GP,30,2717.0
tsn2,tai50_15_05,50x15,MIX,1,2700.5
tsn2,tai50_15_05,50x15,MIX,2,2688.0
tsn2,tai50_15_05,50x15,MIX,3,2698.5
tsn2,tai50_15_05,50x15,MIX,4,2688.0
tsn2,tai50_15_05,50x15,MIX,5,2698.0
tsn2,tai50_15_05,50x15,MIX,6,2689.5
tsn2,tai50_15_05,50x15,MIX,7,2688.0
tsn2,tai50_15_05,50x15,MIX,8,2721.5
tsn2,tai50_15_05,50x15,MIX,9,2688.0
tsn2,tai50_15_05,50x15,MIX,10,2692.5
tsn2,tai50_15_05,50x15,MIX,11,2688.0
tsn2,tai50_15_05,50x15,MIX,12,2699.0
tsn2,tai50_15_05,50x15,MIX,13,2688.0
tsn2,tai50_15_05,50x15,MIX,14,2688.0
tsn2,tai50_15_05,50x15,MIX,15,2696.5
tsn2,tai50_15_05,50x15,MIX,16,2688.0
tsn2,tai50_15_05,50x15,MIX,17,2692.0
tsn2,tai50_15_05,50x15,MIX,18,2688.0
tsn2,tai50_15_05,50x15,MIX,19,2688.5
tsn2,tai50_15_05,50x15,MIX,20,2715.0
tsn2,tai50_15_05,50x15,MIX,21,2688.0
tsn2,tai50_15_05,50x15,MIX,22,2700.0
tsn2,tai50_15_05,50x15,MIX,23,2688.0
tsn2,tai50_15_05,50x15,MIX,24,2688.0
tsn2,tai50_15_05,50x15,MIX,25,2688.0
tsn2,tai50_15_05,50x15,MIX,26,2703.5
tsn2,tai50_15_05,50x15,MIX,27,2702.5
tsn2,tai50_15_05,50x15,MIX,28,2688.0
tsn2,tai50_15_05,50x15,MIX,29,2698.0
tsn2,tai50_15_05,50x15,MIX,30,2689.0
tsn2,tai50_15_05,50x15,MIXH,1,2692.0
tsn2,tai50_15_05,50x15,MIXH,2,2698.0
tsn2,tai50_15_05,50x15,MIXH,3,2688.0
tsn2,tai50_15_05,50x15,MIXH,4,2698.5
tsn2,tai50_15_05,50x15,MIXH,5,2700.0
tsn2,tai50_15_05,50x15,MIXH,6,2715.0
tsn2,tai50_15_05,50x15,MIXH,7,2702.5
tsn2,tai50_15_05,50x15,MIXH,8,2688.0
tsn2,tai50_15_05,50x15,MIXH,9,2688.0
tsn2,tai50_15_05,50x15,MIXH,10,2696.0
tsn2,tai50_15_05,50x15,MIXH,11,2688.0
tsn2,tai50_15_05,50x15,MIXH,12,2698.0
tsn2,tai50_15_05,50x15,MIXH,13,2702.0
tsn2,tai50_15_05,50x15,MIXH,14,2688.0
tsn2,tai50_15_05,50x15,MIXH,15,2688.0
tsn2,tai50_15_05,50x15,MIXH,16,2688.0
tsn2,tai50_15_05,50x15,MIXH,17,2688.0
tsn2,tai50_15_05,50x15,MIXH,18,2688.0
tsn2,tai50_15_05,50x15,MIXH,19,2688.0
tsn2,tai50_15_05,50x15,MIXH,20,2688.0
tsn2,tai50_15_05,50x15,MIXH,21,2688.0
tsn2,tai50_15_05,50x15,MIXH,22,2714.0
tsn2,tai50_15_05,50x15,MIXH,23,2695.0
tsn2,tai50_15_05,50x15,MIXH,24,2698.5
tsn2,tai50_15_05,50x15,MIXH,25,2688.0
tsn2,tai50_15_05,50x15,MIXH,26,2688.0
tsn2,tai50_15_05,50x15,MIXH,27,2688.0
tsn2,tai50_15_05,50x15,MIXH,28,2688.0
tsn2,tai50_15_05,50x15,MIXH,29,2694.5
tsn2,tai50_15_05,50x15,MIXH,30,2688.0
tsn2,tai50_15_06,50x15,A0,1,2784.0
tsn2,tai50_15_06,50x15,A0,2,2791.0
tsn2,tai50_15_06,50x15,A0,3,2784.0
tsn2,tai50_15_06,50x15,A0,4,2784.0
tsn2,tai50_15_06,50x15,A0,5,2784.0
tsn2,tai50_15_06,50x15,A0,6,2791.0
tsn2,tai50_15_06,50x15,A0,7,2784.0
tsn2,tai50_15_06,50x15,A0,8,2784.0
tsn2,tai50_15_06,50x15,A0,9,2784.0
tsn2,tai50_15_06,50x15,A0,10,2784.0
tsn2,tai50_15_06,50x15,A0,11,2784.0
tsn2,tai50_15_06,50x15,A0,12,2784.0
tsn2,tai50_15_06,50x15,A0,13,2786.0
tsn2,tai50_15_06,50x15,A0,14,2784.0
tsn2,tai50_15_06,50x15,A0,15,2784.0
tsn2,tai50_15_06,50x15,A0,16,2784.0
tsn2,tai50_15_06,50x15,A0,17,2784.0
tsn2,tai50_15_06,50x15,A0,18,2784.0
tsn2,tai50_15_06,50x15,A0,19,2791.0
tsn2,tai50_15_06,50x15,A0,20,2784.0
tsn2,tai50_15_06,50x15,A0,21,2784.0
tsn2,tai50_15_06,50x15,A0,22,2784.0
tsn2,tai50_15_06,50x15,A0,23,2784.0
tsn2,tai50_15_06,50x15,A0,24,2784.0
tsn2,tai50_15_06,50x15,A0,25,2784.0
tsn2,tai50_15_06,50x15,A0,26,2784.0
tsn2,tai50_15_06,50x15,A0,27,2784.0
tsn2,tai50_15_06,50x15,A0,28,2784.0
tsn2,tai50_15_06,50x15,A0,29,2784.0
tsn2,tai50_15_06,50x15,A0,30,2784.0
tsn2,tai50_15_06,50x15,V2H,1,2784.0
tsn2,tai50_15_06,50x15,V2H,2,2784.0
tsn2,tai50_15_06,50x15,V2H,3,2784.0
tsn2,tai50_15_06,50x15,V2H,4,2784.0
tsn2,tai50_15_06,50x15,V2H,5,2784.0
tsn2,tai50_15_06,50x15,V2H,6,2784.0
tsn2,tai50_15_06,50x15,V2H,7,2784.0
tsn2,tai50_15_06,50x15,V2H,8,2784.0
tsn2,tai50_15_06,50x15,V2H,9,2784.0
tsn2,tai50_15_06,50x15,V2H,10,2784.0
tsn2,tai50_15_06,50x15,V2H,11,2784.0
tsn2,tai50_15_06,50x15,V2H,12,2784.0
tsn2,tai50_15_06,50x15,V2H,13,2791.0
tsn2,tai50_15_06,50x15,V2H,14,2784.0
tsn2,tai50_15_06,50x15,V2H,15,2784.0
tsn2,tai50_15_06,50x15,V2H,16,2784.0
tsn2,tai50_15_06,50x15,V2H,17,2784.0
tsn2,tai50_15_06,50x15,V2H,18,2784.0
tsn2,tai50_15_06,50x15,V2H,19,2784.0
tsn2,tai50_15_06,50x15,V2H,20,2791.0
tsn2,tai50_15_06,50x15,V2H,21,2784.0
tsn2,tai50_15_06,50x15,V2H,22,2784.0
tsn2,tai50_15_06,50x15,V2H,23,2784.0
tsn2,tai50_15_06,50x15,V2H,24,2784.0
tsn2,tai50_15_06,50x15,V2H,25,2784.0
tsn2,tai50_15_06,50x15,V2H,26,2784.0
tsn2,tai50_15_06,50x15,V2H,27,2784.0
tsn2,tai50_15_06,50x15,V2H,28,2784.0
tsn2,tai50_15_06,50x15,V2H,29,2784.0
tsn2,tai50_15_06,50x15,V2H,30,2784.0
tsn2,tai50_15_06,50x15,V2,1,2784.0
tsn2,tai50_15_06,50x15,V2,2,2784.0
tsn2,tai50_15_06,50x15,V2,3,2784.0
tsn2,tai50_15_06,50x15,V2,4,2784.0
tsn2,tai50_15_06,50x15,V2,5,2784.0
tsn2,tai50_15_06,50x15,V2,6,2784.0
tsn2,tai50_15_06,50x15,V2,7,2784.0
tsn2,tai50_15_06,50x15,V2,8,2784.0
tsn2,tai50_15_06,50x15,V2,9,2784.0
tsn2,tai50_15_06,50x15,V2,10,2784.0
tsn2,tai50_15_06,50x15,V2,11,2799.0
tsn2,tai50_15_06,50x15,V2,12,2784.0
tsn2,tai50_15_06,50x15,V2,13,2784.0
tsn2,tai50_15_06,50x15,V2,14,2784.0
tsn2,tai50_15_06,50x15,V2,15,2784.0
tsn2,tai50_15_06,50x15,V2,16,2784.0
tsn2,tai50_15_06,50x15,V2,17,2784.0
tsn2,tai50_15_06,50x15,V2,18,2784.0
tsn2,tai50_15_06,50x15,V2,19,2784.0
tsn2,tai50_15_06,50x15,V2,20,2784.0
tsn2,tai50_15_06,50x15,V2,21,2784.0
tsn2,tai50_15_06,50x15,V2,22,2784.0
tsn2,tai50_15_06,50x15,V2,23,2784.0
tsn2,tai50_15_06,50x15,V2,24,2784.0
tsn2,tai50_15_06,50x15,V2,25,2784.0
tsn2,tai50_15_06,50x15,V2,26,2784.0
tsn2,tai50_15_06,50x15,V2,27,2784.0
tsn2,tai50_15_06,50x15,V2,28,2784.0
tsn2,tai50_15_06,50x15,V2,29,2784.0
tsn2,tai50_15_06,50x15,V2,30,2784.0
tsn2,tai50_15_06,50x15,MOR,1,2794.5
tsn2,tai50_15_06,50x15,MOR,2,2784.0
tsn2,tai50_15_06,50x15,MOR,3,2791.0
tsn2,tai50_15_06,50x15,MOR,4,2788.0
tsn2,tai50_15_06,50x15,MOR,5,2784.0
tsn2,tai50_15_06,50x15,MOR,6,2791.0
tsn2,tai50_15_06,50x15,MOR,7,2791.0
tsn2,tai50_15_06,50x15,MOR,8,2787.5
tsn2,tai50_15_06,50x15,MOR,9,2793.5
tsn2,tai50_15_06,50x15,MOR,10,2784.0
tsn2,tai50_15_06,50x15,MOR,11,2791.0
tsn2,tai50_15_06,50x15,MOR,12,2794.5
tsn2,tai50_15_06,50x15,MOR,13,2784.0
tsn2,tai50_15_06,50x15,MOR,14,2784.0
tsn2,tai50_15_06,50x15,MOR,15,2785.5
tsn2,tai50_15_06,50x15,MOR,16,2784.0
tsn2,tai50_15_06,50x15,MOR,17,2784.0
tsn2,tai50_15_06,50x15,MOR,18,2791.0
tsn2,tai50_15_06,50x15,MOR,19,2796.0
tsn2,tai50_15_06,50x15,MOR,20,2791.0
tsn2,tai50_15_06,50x15,MOR,21,2791.0
tsn2,tai50_15_06,50x15,MOR,22,2792.5
tsn2,tai50_15_06,50x15,MOR,23,2801.0
tsn2,tai50_15_06,50x15,MOR,24,2785.5
tsn2,tai50_15_06,50x15,MOR,25,2791.0
tsn2,tai50_15_06,50x15,MOR,26,2798.5
tsn2,tai50_15_06,50x15,MOR,27,2784.0
tsn2,tai50_15_06,50x15,MOR,28,2787.0
tsn2,tai50_15_06,50x15,MOR,29,2793.5
tsn2,tai50_15_06,50x15,MOR,30,2801.0
tsn2,tai50_15_06,50x15,GT,1,2791.0
tsn2,tai50_15_06,50x15,GT,2,2784.0
tsn2,tai50_15_06,50x15,GT,3,2784.0
tsn2,tai50_15_06,50x15,GT,4,2784.0
tsn2,tai50_15_06,50x15,GT,5,2784.0
tsn2,tai50_15_06,50x15,GT,6,2784.0
tsn2,tai50_15_06,50x15,GT,7,2784.0
tsn2,tai50_15_06,50x15,GT,8,2791.0
tsn2,tai50_15_06,50x15,GT,9,2784.0
tsn2,tai50_15_06,50x15,GT,10,2784.0
tsn2,tai50_15_06,50x15,GT,11,2784.0
tsn2,tai50_15_06,50x15,GT,12,2784.0
tsn2,tai50_15_06,50x15,GT,13,2784.0
tsn2,tai50_15_06,50x15,GT,14,2784.0
tsn2,tai50_15_06,50x15,GT,15,2784.0
tsn2,tai50_15_06,50x15,GT,16,2784.0
tsn2,tai50_15_06,50x15,GT,17,2784.0
tsn2,tai50_15_06,50x15,GT,18,2784.0
tsn2,tai50_15_06,50x15,GT,19,2791.0
tsn2,tai50_15_06,50x15,GT,20,2784.0
tsn2,tai50_15_06,50x15,GT,21,2784.0
tsn2,tai50_15_06,50x15,GT,22,2784.0
tsn2,tai50_15_06,50x15,GT,23,2784.0
tsn2,tai50_15_06,50x15,GT,24,2784.0
tsn2,tai50_15_06,50x15,GT,25,2784.0
tsn2,tai50_15_06,50x15,GT,26,2784.0
tsn2,tai50_15_06,50x15,GT,27,2784.0
tsn2,tai50_15_06,50x15,GT,28,2784.0
tsn2,tai50_15_06,50x15,GT,29,2784.0
tsn2,tai50_15_06,50x15,GT,30,2784.0
tsn2,tai50_15_06,50x15,GP,1,2784.0
tsn2,tai50_15_06,50x15,GP,2,2784.0
tsn2,tai50_15_06,50x15,GP,3,2784.0
tsn2,tai50_15_06,50x15,GP,4,2784.0
tsn2,tai50_15_06,50x15,GP,5,2784.0
tsn2,tai50_15_06,50x15,GP,6,2784.0
tsn2,tai50_15_06,50x15,GP,7,2784.0
tsn2,tai50_15_06,50x15,GP,8,2784.0
tsn2,tai50_15_06,50x15,GP,9,2784.0
tsn2,tai50_15_06,50x15,GP,10,2789.5
tsn2,tai50_15_06,50x15,GP,11,2784.0
tsn2,tai50_15_06,50x15,GP,12,2784.0
tsn2,tai50_15_06,50x15,GP,13,2784.0
tsn2,tai50_15_06,50x15,GP,14,2784.0
tsn2,tai50_15_06,50x15,GP,15,2784.0
tsn2,tai50_15_06,50x15,GP,16,2786.0
tsn2,tai50_15_06,50x15,GP,17,2784.0
tsn2,tai50_15_06,50x15,GP,18,2784.0
tsn2,tai50_15_06,50x15,GP,19,2784.0
tsn2,tai50_15_06,50x15,GP,20,2784.0
tsn2,tai50_15_06,50x15,GP,21,2784.0
tsn2,tai50_15_06,50x15,GP,22,2784.0
tsn2,tai50_15_06,50x15,GP,23,2784.0
tsn2,tai50_15_06,50x15,GP,24,2784.0
tsn2,tai50_15_06,50x15,GP,25,2784.0
tsn2,tai50_15_06,50x15,GP,26,2784.0
tsn2,tai50_15_06,50x15,GP,27,2784.0
tsn2,tai50_15_06,50x15,GP,28,2784.0
tsn2,tai50_15_06,50x15,GP,29,2784.0
tsn2,tai50_15_06,50x15,GP,30,2784.0
tsn2,tai50_15_06,50x15,MIX,1,2784.0
tsn2,tai50_15_06,50x15,MIX,2,2784.0
tsn2,tai50_15_06,50x15,MIX,3,2784.0
tsn2,tai50_15_06,50x15,MIX,4,2784.0
tsn2,tai50_15_06,50x15,MIX,5,2784.0
tsn2,tai50_15_06,50x15,MIX,6,2784.0
tsn2,tai50_15_06,50x15,MIX,7,2784.0
tsn2,tai50_15_06,50x15,MIX,8,2784.0
tsn2,tai50_15_06,50x15,MIX,9,2784.0
tsn2,tai50_15_06,50x15,MIX,10,2784.0
tsn2,tai50_15_06,50x15,MIX,11,2784.0
tsn2,tai50_15_06,50x15,MIX,12,2784.0
tsn2,tai50_15_06,50x15,MIX,13,2784.0
tsn2,tai50_15_06,50x15,MIX,14,2784.0
tsn2,tai50_15_06,50x15,MIX,15,2784.0
tsn2,tai50_15_06,50x15,MIX,16,2784.0
tsn2,tai50_15_06,50x15,MIX,17,2784.0
tsn2,tai50_15_06,50x15,MIX,18,2784.0
tsn2,tai50_15_06,50x15,MIX,19,2784.0
tsn2,tai50_15_06,50x15,MIX,20,2784.0
tsn2,tai50_15_06,50x15,MIX,21,2784.0
tsn2,tai50_15_06,50x15,MIX,22,2784.0
tsn2,tai50_15_06,50x15,MIX,23,2784.0
tsn2,tai50_15_06,50x15,MIX,24,2786.0
tsn2,tai50_15_06,50x15,MIX,25,2784.0
tsn2,tai50_15_06,50x15,MIX,26,2784.0
tsn2,tai50_15_06,50x15,MIX,27,2784.0
tsn2,tai50_15_06,50x15,MIX,28,2784.0
tsn2,tai50_15_06,50x15,MIX,29,2784.0
tsn2,tai50_15_06,50x15,MIX,30,2784.0
tsn2,tai50_15_06,50x15,MIXH,1,2784.0
tsn2,tai50_15_06,50x15,MIXH,2,2784.0
tsn2,tai50_15_06,50x15,MIXH,3,2784.0
tsn2,tai50_15_06,50x15,MIXH,4,2784.0
tsn2,tai50_15_06,50x15,MIXH,5,2784.0
tsn2,tai50_15_06,50x15,MIXH,6,2784.0
tsn2,tai50_15_06,50x15,MIXH,7,2784.0
tsn2,tai50_15_06,50x15,MIXH,8,2784.0
tsn2,tai50_15_06,50x15,MIXH,9,2784.0
tsn2,tai50_15_06,50x15,MIXH,10,2784.0
tsn2,tai50_15_06,50x15,MIXH,11,2791.0
tsn2,tai50_15_06,50x15,MIXH,12,2784.0
tsn2,tai50_15_06,50x15,MIXH,13,2784.0
tsn2,tai50_15_06,50x15,MIXH,14,2784.0
tsn2,tai50_15_06,50x15,MIXH,15,2784.0
tsn2,tai50_15_06,50x15,MIXH,16,2784.0
tsn2,tai50_15_06,50x15,MIXH,17,2784.0
tsn2,tai50_15_06,50x15,MIXH,18,2784.0
tsn2,tai50_15_06,50x15,MIXH,19,2784.0
tsn2,tai50_15_06,50x15,MIXH,20,2784.0
tsn2,tai50_15_06,50x15,MIXH,21,2784.0
tsn2,tai50_15_06,50x15,MIXH,22,2784.0
tsn2,tai50_15_06,50x15,MIXH,23,2784.0
tsn2,tai50_15_06,50x15,MIXH,24,2784.0
tsn2,tai50_15_06,50x15,MIXH,25,2784.0
tsn2,tai50_15_06,50x15,MIXH,26,2784.0
tsn2,tai50_15_06,50x15,MIXH,27,2784.0
tsn2,tai50_15_06,50x15,MIXH,28,2784.0
tsn2,tai50_15_06,50x15,MIXH,29,2784.0
tsn2,tai50_15_06,50x15,MIXH,30,2784.0
tsn2,tai50_15_07,50x15,A0,1,2943.0
tsn2,tai50_15_07,50x15,A0,2,2943.0
tsn2,tai50_15_07,50x15,A0,3,2943.0
tsn2,tai50_15_07,50x15,A0,4,2943.0
tsn2,tai50_15_07,50x15,A0,5,2943.0
tsn2,tai50_15_07,50x15,A0,6,2943.0
tsn2,tai50_15_07,50x15,A0,7,2943.0
tsn2,tai50_15_07,50x15,A0,8,2943.0
tsn2,tai50_15_07,50x15,A0,9,2943.0
tsn2,tai50_15_07,50x15,A0,10,2943.0
tsn2,tai50_15_07,50x15,A0,11,2943.0
tsn2,tai50_15_07,50x15,A0,12,2943.0
tsn2,tai50_15_07,50x15,A0,13,2943.0
tsn2,tai50_15_07,50x15,A0,14,2943.0
tsn2,tai50_15_07,50x15,A0,15,2943.0
tsn2,tai50_15_07,50x15,A0,16,2943.0
tsn2,tai50_15_07,50x15,A0,17,2943.0
tsn2,tai50_15_07,50x15,A0,18,2943.0
tsn2,tai50_15_07,50x15,A0,19,2943.0
tsn2,tai50_15_07,50x15,A0,20,2943.0
tsn2,tai50_15_07,50x15,A0,21,2943.0
tsn2,tai50_15_07,50x15,A0,22,2943.0
tsn2,tai50_15_07,50x15,A0,23,2943.0
tsn2,tai50_15_07,50x15,A0,24,2943.0
tsn2,tai50_15_07,50x15,A0,25,2943.0
tsn2,tai50_15_07,50x15,A0,26,2943.0
tsn2,tai50_15_07,50x15,A0,27,2943.0
tsn2,tai50_15_07,50x15,A0,28,2943.0
tsn2,tai50_15_07,50x15,A0,29,2943.0
tsn2,tai50_15_07,50x15,A0,30,2943.0
tsn2,tai50_15_07,50x15,V2H,1,2943.0
tsn2,tai50_15_07,50x15,V2H,2,2943.0
tsn2,tai50_15_07,50x15,V2H,3,2943.0
tsn2,tai50_15_07,50x15,V2H,4,2943.0
tsn2,tai50_15_07,50x15,V2H,5,2943.0
tsn2,tai50_15_07,50x15,V2H,6,2943.0
tsn2,tai50_15_07,50x15,V2H,7,2943.0
tsn2,tai50_15_07,50x15,V2H,8,2943.0
tsn2,tai50_15_07,50x15,V2H,9,2943.0
tsn2,tai50_15_07,50x15,V2H,10,2943.0
tsn2,tai50_15_07,50x15,V2H,11,2943.0
tsn2,tai50_15_07,50x15,V2H,12,2943.0
tsn2,tai50_15_07,50x15,V2H,13,2943.0
tsn2,tai50_15_07,50x15,V2H,14,2943.0
tsn2,tai50_15_07,50x15,V2H,15,2943.0
tsn2,tai50_15_07,50x15,V2H,16,2943.0
tsn2,tai50_15_07,50x15,V2H,17,2943.0
tsn2,tai50_15_07,50x15,V2H,18,2943.0
tsn2,tai50_15_07,50x15,V2H,19,2943.0
tsn2,tai50_15_07,50x15,V2H,20,2943.0
tsn2,tai50_15_07,50x15,V2H,21,2943.0
tsn2,tai50_15_07,50x15,V2H,22,2943.0
tsn2,tai50_15_07,50x15,V2H,23,2943.0
tsn2,tai50_15_07,50x15,V2H,24,2943.0
tsn2,tai50_15_07,50x15,V2H,25,2943.0
tsn2,tai50_15_07,50x15,V2H,26,2943.0
tsn2,tai50_15_07,50x15,V2H,27,2943.0
tsn2,tai50_15_07,50x15,V2H,28,2943.0
tsn2,tai50_15_07,50x15,V2H,29,2943.0
tsn2,tai50_15_07,50x15,V2H,30,2943.0
tsn2,tai50_15_07,50x15,V2,1,2943.0
tsn2,tai50_15_07,50x15,V2,2,2943.0
tsn2,tai50_15_07,50x15,V2,3,2943.0
tsn2,tai50_15_07,50x15,V2,4,2943.0
tsn2,tai50_15_07,50x15,V2,5,2943.0
tsn2,tai50_15_07,50x15,V2,6,2943.0
tsn2,tai50_15_07,50x15,V2,7,2943.0
tsn2,tai50_15_07,50x15,V2,8,2943.0
tsn2,tai50_15_07,50x15,V2,9,2943.0
tsn2,tai50_15_07,50x15,V2,10,2943.0
tsn2,tai50_15_07,50x15,V2,11,2943.0
tsn2,tai50_15_07,50x15,V2,12,2943.0
tsn2,tai50_15_07,50x15,V2,13,2943.0
tsn2,tai50_15_07,50x15,V2,14,2943.0
tsn2,tai50_15_07,50x15,V2,15,2943.0
tsn2,tai50_15_07,50x15,V2,16,2943.0
tsn2,tai50_15_07,50x15,V2,17,2943.0
tsn2,tai50_15_07,50x15,V2,18,2943.0
tsn2,tai50_15_07,50x15,V2,19,2943.0
tsn2,tai50_15_07,50x15,V2,20,2943.0
tsn2,tai50_15_07,50x15,V2,21,2943.0
tsn2,tai50_15_07,50x15,V2,22,2943.0
tsn2,tai50_15_07,50x15,V2,23,2943.0
tsn2,tai50_15_07,50x15,V2,24,2943.0
tsn2,tai50_15_07,50x15,V2,25,2943.0
tsn2,tai50_15_07,50x15,V2,26,2943.0
tsn2,tai50_15_07,50x15,V2,27,2943.0
tsn2,tai50_15_07,50x15,V2,28,2943.0
tsn2,tai50_15_07,50x15,V2,29,2943.0
tsn2,tai50_15_07,50x15,V2,30,2943.0
tsn2,tai50_15_07,50x15,MOR,1,2943.0
tsn2,tai50_15_07,50x15,MOR,2,2943.0
tsn2,tai50_15_07,50x15,MOR,3,2943.0
tsn2,tai50_15_07,50x15,MOR,4,2943.0
tsn2,tai50_15_07,50x15,MOR,5,2943.0
tsn2,tai50_15_07,50x15,MOR,6,2943.0
tsn2,tai50_15_07,50x15,MOR,7,2943.0
tsn2,tai50_15_07,50x15,MOR,8,2943.0
tsn2,tai50_15_07,50x15,MOR,9,2943.0
tsn2,tai50_15_07,50x15,MOR,10,2943.0
tsn2,tai50_15_07,50x15,MOR,11,2943.0
tsn2,tai50_15_07,50x15,MOR,12,2943.0
tsn2,tai50_15_07,50x15,MOR,13,2943.0
tsn2,tai50_15_07,50x15,MOR,14,2943.0
tsn2,tai50_15_07,50x15,MOR,15,2943.0
tsn2,tai50_15_07,50x15,MOR,16,2943.0
tsn2,tai50_15_07,50x15,MOR,17,2943.0
tsn2,tai50_15_07,50x15,MOR,18,2943.0
tsn2,tai50_15_07,50x15,MOR,19,2943.0
tsn2,tai50_15_07,50x15,MOR,20,2943.0
tsn2,tai50_15_07,50x15,MOR,21,2943.0
tsn2,tai50_15_07,50x15,MOR,22,2943.0
tsn2,tai50_15_07,50x15,MOR,23,2943.0
tsn2,tai50_15_07,50x15,MOR,24,2943.0
tsn2,tai50_15_07,50x15,MOR,25,2943.0
tsn2,tai50_15_07,50x15,MOR,26,2943.0
tsn2,tai50_15_07,50x15,MOR,27,2943.0
tsn2,tai50_15_07,50x15,MOR,28,2943.0
tsn2,tai50_15_07,50x15,MOR,29,2943.0
tsn2,tai50_15_07,50x15,MOR,30,2943.0
tsn2,tai50_15_07,50x15,GT,1,2943.0
tsn2,tai50_15_07,50x15,GT,2,2943.0
tsn2,tai50_15_07,50x15,GT,3,2943.0
tsn2,tai50_15_07,50x15,GT,4,2943.0
tsn2,tai50_15_07,50x15,GT,5,2943.0
tsn2,tai50_15_07,50x15,GT,6,2943.0
tsn2,tai50_15_07,50x15,GT,7,2943.0
tsn2,tai50_15_07,50x15,GT,8,2943.0
tsn2,tai50_15_07,50x15,GT,9,2943.0
tsn2,tai50_15_07,50x15,GT,10,2943.0
tsn2,tai50_15_07,50x15,GT,11,2943.0
tsn2,tai50_15_07,50x15,GT,12,2943.0
tsn2,tai50_15_07,50x15,GT,13,2943.0
tsn2,tai50_15_07,50x15,GT,14,2943.0
tsn2,tai50_15_07,50x15,GT,15,2943.0
tsn2,tai50_15_07,50x15,GT,16,2943.0
tsn2,tai50_15_07,50x15,GT,17,2943.0
tsn2,tai50_15_07,50x15,GT,18,2943.0
tsn2,tai50_15_07,50x15,GT,19,2943.0
tsn2,tai50_15_07,50x15,GT,20,2943.0
tsn2,tai50_15_07,50x15,GT,21,2943.0
tsn2,tai50_15_07,50x15,GT,22,2943.0
tsn2,tai50_15_07,50x15,GT,23,2943.0
tsn2,tai50_15_07,50x15,GT,24,2943.0
tsn2,tai50_15_07,50x15,GT,25,2943.0
tsn2,tai50_15_07,50x15,GT,26,2943.0
tsn2,tai50_15_07,50x15,GT,27,2943.0
tsn2,tai50_15_07,50x15,GT,28,2943.0
tsn2,tai50_15_07,50x15,GT,29,2943.0
tsn2,tai50_15_07,50x15,GT,30,2943.0
tsn2,tai50_15_07,50x15,GP,1,2943.0
tsn2,tai50_15_07,50x15,GP,2,2943.0
tsn2,tai50_15_07,50x15,GP,3,2943.0
tsn2,tai50_15_07,50x15,GP,4,2943.0
tsn2,tai50_15_07,50x15,GP,5,2943.0
tsn2,tai50_15_07,50x15,GP,6,2943.0
tsn2,tai50_15_07,50x15,GP,7,2943.0
tsn2,tai50_15_07,50x15,GP,8,2943.0
tsn2,tai50_15_07,50x15,GP,9,2943.0
tsn2,tai50_15_07,50x15,GP,10,2943.0
tsn2,tai50_15_07,50x15,GP,11,2943.0
tsn2,tai50_15_07,50x15,GP,12,2943.0
tsn2,tai50_15_07,50x15,GP,13,2943.0
tsn2,tai50_15_07,50x15,GP,14,2943.0
tsn2,tai50_15_07,50x15,GP,15,2943.0
tsn2,tai50_15_07,50x15,GP,16,2943.0
tsn2,tai50_15_07,50x15,GP,17,2943.0
tsn2,tai50_15_07,50x15,GP,18,2943.0
tsn2,tai50_15_07,50x15,GP,19,2943.0
tsn2,tai50_15_07,50x15,GP,20,2943.0
tsn2,tai50_15_07,50x15,GP,21,2943.0
tsn2,tai50_15_07,50x15,GP,22,2943.0
tsn2,tai50_15_07,50x15,GP,23,2943.0
tsn2,tai50_15_07,50x15,GP,24,2943.0
tsn2,tai50_15_07,50x15,GP,25,2943.0
tsn2,tai50_15_07,50x15,GP,26,2943.0
tsn2,tai50_15_07,50x15,GP,27,2943.0
tsn2,tai50_15_07,50x15,GP,28,2943.0
tsn2,tai50_15_07,50x15,GP,29,2943.0
tsn2,tai50_15_07,50x15,GP,30,2943.0
tsn2,tai50_15_07,50x15,MIX,1,2943.0
tsn2,tai50_15_07,50x15,MIX,2,2943.0
tsn2,tai50_15_07,50x15,MIX,3,2943.0
tsn2,tai50_15_07,50x15,MIX,4,2943.0
tsn2,tai50_15_07,50x15,MIX,5,2943.0
tsn2,tai50_15_07,50x15,MIX,6,2943.0
tsn2,tai50_15_07,50x15,MIX,7,2943.0
tsn2,tai50_15_07,50x15,MIX,8,2943.0
tsn2,tai50_15_07,50x15,MIX,9,2943.0
tsn2,tai50_15_07,50x15,MIX,10,2943.0
tsn2,tai50_15_07,50x15,MIX,11,2943.0
tsn2,tai50_15_07,50x15,MIX,12,2943.0
tsn2,tai50_15_07,50x15,MIX,13,2943.0
tsn2,tai50_15_07,50x15,MIX,14,2943.0
tsn2,tai50_15_07,50x15,MIX,15,2943.0
tsn2,tai50_15_07,50x15,MIX,16,2943.0
tsn2,tai50_15_07,50x15,MIX,17,2943.0
tsn2,tai50_15_07,50x15,MIX,18,2943.0
tsn2,tai50_15_07,50x15,MIX,19,2943.0
tsn2,tai50_15_07,50x15,MIX,20,2943.0
tsn2,tai50_15_07,50x15,MIX,21,2943.0
tsn2,tai50_15_07,50x15,MIX,22,2943.0
tsn2,tai50_15_07,50x15,MIX,23,2943.0
tsn2,tai50_15_07,50x15,MIX,24,2943.0
tsn2,tai50_15_07,50x15,MIX,25,2943.0
tsn2,tai50_15_07,50x15,MIX,26,2943.0
tsn2,tai50_15_07,50x15,MIX,27,2943.0
tsn2,tai50_15_07,50x15,MIX,28,2943.0
tsn2,tai50_15_07,50x15,MIX,29,2943.0
tsn2,tai50_15_07,50x15,MIX,30,2943.0
tsn2,tai50_15_07,50x15,MIXH,1,2943.0
tsn2,tai50_15_07,50x15,MIXH,2,2943.0
tsn2,tai50_15_07,50x15,MIXH,3,2943.0
tsn2,tai50_15_07,50x15,MIXH,4,2943.0
tsn2,tai50_15_07,50x15,MIXH,5,2943.0
tsn2,tai50_15_07,50x15,MIXH,6,2943.0
tsn2,tai50_15_07,50x15,MIXH,7,2943.0
tsn2,tai50_15_07,50x15,MIXH,8,2943.0
tsn2,tai50_15_07,50x15,MIXH,9,2943.0
tsn2,tai50_15_07,50x15,MIXH,10,2943.0
tsn2,tai50_15_07,50x15,MIXH,11,2943.0
tsn2,tai50_15_07,50x15,MIXH,12,2943.0
tsn2,tai50_15_07,50x15,MIXH,13,2943.0
tsn2,tai50_15_07,50x15,MIXH,14,2943.0
tsn2,tai50_15_07,50x15,MIXH,15,2943.0
tsn2,tai50_15_07,50x15,MIXH,16,2943.0
tsn2,tai50_15_07,50x15,MIXH,17,2943.0
tsn2,tai50_15_07,50x15,MIXH,18,2943.0
tsn2,tai50_15_07,50x15,MIXH,19,2943.0
tsn2,tai50_15_07,50x15,MIXH,20,2943.0
tsn2,tai50_15_07,50x15,MIXH,21,2943.0
tsn2,tai50_15_07,50x15,MIXH,22,2943.0
tsn2,tai50_15_07,50x15,MIXH,23,2943.0
tsn2,tai50_15_07,50x15,MIXH,24,2943.0
tsn2,tai50_15_07,50x15,MIXH,25,2943.0
tsn2,tai50_15_07,50x15,MIXH,26,2943.0
tsn2,tai50_15_07,50x15,MIXH,27,2943.0
tsn2,tai50_15_07,50x15,MIXH,28,2943.0
tsn2,tai50_15_07,50x15,MIXH,29,2943.0
tsn2,tai50_15_07,50x15,MIXH,30,2943.0
tsn2,tai50_15_08,50x15,A0,1,2905.0
tsn2,tai50_15_08,50x15,A0,2,2905.0
tsn2,tai50_15_08,50x15,A0,3,2905.0
tsn2,tai50_15_08,50x15,A0,4,2905.0
tsn2,tai50_15_08,50x15,A0,5,2905.0
tsn2,tai50_15_08,50x15,A0,6,2905.0
tsn2,tai50_15_08,50x15,A0,7,2905.0
tsn2,tai50_15_08,50x15,A0,8,2905.0
tsn2,tai50_15_08,50x15,A0,9,2905.0
tsn2,tai50_15_08,50x15,A0,10,2905.0
tsn2,tai50_15_08,50x15,A0,11,2905.0
tsn2,tai50_15_08,50x15,A0,12,2905.0
tsn2,tai50_15_08,50x15,A0,13,2905.0
tsn2,tai50_15_08,50x15,A0,14,2905.0
tsn2,tai50_15_08,50x15,A0,15,2905.0
tsn2,tai50_15_08,50x15,A0,16,2905.0
tsn2,tai50_15_08,50x15,A0,17,2905.0
tsn2,tai50_15_08,50x15,A0,18,2905.0
tsn2,tai50_15_08,50x15,A0,19,2905.0
tsn2,tai50_15_08,50x15,A0,20,2905.0
tsn2,tai50_15_08,50x15,A0,21,2905.0
tsn2,tai50_15_08,50x15,A0,22,2905.0
tsn2,tai50_15_08,50x15,A0,23,2905.0
tsn2,tai50_15_08,50x15,A0,24,2905.0
tsn2,tai50_15_08,50x15,A0,25,2905.0
tsn2,tai50_15_08,50x15,A0,26,2905.0
tsn2,tai50_15_08,50x15,A0,27,2905.0
tsn2,tai50_15_08,50x15,A0,28,2905.0
tsn2,tai50_15_08,50x15,A0,29,2905.0
tsn2,tai50_15_08,50x15,A0,30,2905.0
tsn2,tai50_15_08,50x15,V2H,1,2905.0
tsn2,tai50_15_08,50x15,V2H,2,2905.0
tsn2,tai50_15_08,50x15,V2H,3,2905.0
tsn2,tai50_15_08,50x15,V2H,4,2905.0
tsn2,tai50_15_08,50x15,V2H,5,2905.0
tsn2,tai50_15_08,50x15,V2H,6,2905.0
tsn2,tai50_15_08,50x15,V2H,7,2905.0
tsn2,tai50_15_08,50x15,V2H,8,2905.0
tsn2,tai50_15_08,50x15,V2H,9,2905.0
tsn2,tai50_15_08,50x15,V2H,10,2905.0
tsn2,tai50_15_08,50x15,V2H,11,2905.0
tsn2,tai50_15_08,50x15,V2H,12,2905.0
tsn2,tai50_15_08,50x15,V2H,13,2905.0
tsn2,tai50_15_08,50x15,V2H,14,2905.0
tsn2,tai50_15_08,50x15,V2H,15,2905.0
tsn2,tai50_15_08,50x15,V2H,16,2905.0
tsn2,tai50_15_08,50x15,V2H,17,2905.0
tsn2,tai50_15_08,50x15,V2H,18,2905.0
tsn2,tai50_15_08,50x15,V2H,19,2905.0
tsn2,tai50_15_08,50x15,V2H,20,2905.0
tsn2,tai50_15_08,50x15,V2H,21,2905.0
tsn2,tai50_15_08,50x15,V2H,22,2905.0
tsn2,tai50_15_08,50x15,V2H,23,2905.0
tsn2,tai50_15_08,50x15,V2H,24,2905.0
tsn2,tai50_15_08,50x15,V2H,25,2905.0
tsn2,tai50_15_08,50x15,V2H,26,2905.0
tsn2,tai50_15_08,50x15,V2H,27,2905.0
tsn2,tai50_15_08,50x15,V2H,28,2905.0
tsn2,tai50_15_08,50x15,V2H,29,2905.0
tsn2,tai50_15_08,50x15,V2H,30,2905.0
tsn2,tai50_15_08,50x15,V2,1,2905.0
tsn2,tai50_15_08,50x15,V2,2,2905.0
tsn2,tai50_15_08,50x15,V2,3,2905.0
tsn2,tai50_15_08,50x15,V2,4,2905.0
tsn2,tai50_15_08,50x15,V2,5,2905.0
tsn2,tai50_15_08,50x15,V2,6,2905.0
tsn2,tai50_15_08,50x15,V2,7,2905.0
tsn2,tai50_15_08,50x15,V2,8,2905.0
tsn2,tai50_15_08,50x15,V2,9,2905.0
tsn2,tai50_15_08,50x15,V2,10,2905.0
tsn2,tai50_15_08,50x15,V2,11,2905.0
tsn2,tai50_15_08,50x15,V2,12,2905.0
tsn2,tai50_15_08,50x15,V2,13,2905.0
tsn2,tai50_15_08,50x15,V2,14,2905.0
tsn2,tai50_15_08,50x15,V2,15,2905.0
tsn2,tai50_15_08,50x15,V2,16,2905.0
tsn2,tai50_15_08,50x15,V2,17,2905.0
tsn2,tai50_15_08,50x15,V2,18,2905.0
tsn2,tai50_15_08,50x15,V2,19,2905.0
tsn2,tai50_15_08,50x15,V2,20,2905.0
tsn2,tai50_15_08,50x15,V2,21,2905.0
tsn2,tai50_15_08,50x15,V2,22,2905.0
tsn2,tai50_15_08,50x15,V2,23,2905.0
tsn2,tai50_15_08,50x15,V2,24,2905.0
tsn2,tai50_15_08,50x15,V2,25,2905.0
tsn2,tai50_15_08,50x15,V2,26,2905.0
tsn2,tai50_15_08,50x15,V2,27,2905.0
tsn2,tai50_15_08,50x15,V2,28,2905.0
tsn2,tai50_15_08,50x15,V2,29,2905.0
tsn2,tai50_15_08,50x15,V2,30,2905.0
tsn2,tai50_15_08,50x15,MOR,1,2905.0
tsn2,tai50_15_08,50x15,MOR,2,2905.0
tsn2,tai50_15_08,50x15,MOR,3,2905.0
tsn2,tai50_15_08,50x15,MOR,4,2905.0
tsn2,tai50_15_08,50x15,MOR,5,2905.0
tsn2,tai50_15_08,50x15,MOR,6,2905.0
tsn2,tai50_15_08,50x15,MOR,7,2905.0
tsn2,tai50_15_08,50x15,MOR,8,2905.0
tsn2,tai50_15_08,50x15,MOR,9,2905.0
tsn2,tai50_15_08,50x15,MOR,10,2905.0
tsn2,tai50_15_08,50x15,MOR,11,2905.0
tsn2,tai50_15_08,50x15,MOR,12,2905.0
tsn2,tai50_15_08,50x15,MOR,13,2905.0
tsn2,tai50_15_08,50x15,MOR,14,2905.0
tsn2,tai50_15_08,50x15,MOR,15,2905.0
tsn2,tai50_15_08,50x15,MOR,16,2905.0
tsn2,tai50_15_08,50x15,MOR,17,2905.0
tsn2,tai50_15_08,50x15,MOR,18,2905.0
tsn2,tai50_15_08,50x15,MOR,19,2905.0
tsn2,tai50_15_08,50x15,MOR,20,2905.0
tsn2,tai50_15_08,50x15,MOR,21,2905.0
tsn2,tai50_15_08,50x15,MOR,22,2905.0
tsn2,tai50_15_08,50x15,MOR,23,2905.0
tsn2,tai50_15_08,50x15,MOR,24,2905.0
tsn2,tai50_15_08,50x15,MOR,25,2905.0
tsn2,tai50_15_08,50x15,MOR,26,2905.0
tsn2,tai50_15_08,50x15,MOR,27,2905.0
tsn2,tai50_15_08,50x15,MOR,28,2905.0
tsn2,tai50_15_08,50x15,MOR,29,2905.0
tsn2,tai50_15_08,50x15,MOR,30,2905.0
tsn2,tai50_15_08,50x15,GT,1,2905.0
tsn2,tai50_15_08,50x15,GT,2,2905.0
tsn2,tai50_15_08,50x15,GT,3,2905.0
tsn2,tai50_15_08,50x15,GT,4,2905.0
tsn2,tai50_15_08,50x15,GT,5,2905.0
tsn2,tai50_15_08,50x15,GT,6,2905.0
tsn2,tai50_15_08,50x15,GT,7,2905.0
tsn2,tai50_15_08,50x15,GT,8,2905.0
tsn2,tai50_15_08,50x15,GT,9,2905.0
tsn2,tai50_15_08,50x15,GT,10,2905.0
tsn2,tai50_15_08,50x15,GT,11,2905.0
tsn2,tai50_15_08,50x15,GT,12,2905.0
tsn2,tai50_15_08,50x15,GT,13,2905.0
tsn2,tai50_15_08,50x15,GT,14,2905.0
tsn2,tai50_15_08,50x15,GT,15,2905.0
tsn2,tai50_15_08,50x15,GT,16,2905.0
tsn2,tai50_15_08,50x15,GT,17,2905.0
tsn2,tai50_15_08,50x15,GT,18,2905.0
tsn2,tai50_15_08,50x15,GT,19,2905.0
tsn2,tai50_15_08,50x15,GT,20,2905.0
tsn2,tai50_15_08,50x15,GT,21,2905.0
tsn2,tai50_15_08,50x15,GT,22,2905.0
tsn2,tai50_15_08,50x15,GT,23,2905.0
tsn2,tai50_15_08,50x15,GT,24,2905.0
tsn2,tai50_15_08,50x15,GT,25,2905.0
tsn2,tai50_15_08,50x15,GT,26,2905.0
tsn2,tai50_15_08,50x15,GT,27,2905.0
tsn2,tai50_15_08,50x15,GT,28,2905.0
tsn2,tai50_15_08,50x15,GT,29,2905.0
tsn2,tai50_15_08,50x15,GT,30,2905.0
tsn2,tai50_15_08,50x15,GP,1,2905.0
tsn2,tai50_15_08,50x15,GP,2,2905.0
tsn2,tai50_15_08,50x15,GP,3,2905.0
tsn2,tai50_15_08,50x15,GP,4,2905.0
tsn2,tai50_15_08,50x15,GP,5,2905.0
tsn2,tai50_15_08,50x15,GP,6,2905.0
tsn2,tai50_15_08,50x15,GP,7,2905.0
tsn2,tai50_15_08,50x15,GP,8,2905.0
tsn2,tai50_15_08,50x15,GP,9,2905.0
tsn2,tai50_15_08,50x15,GP,10,2905.0
tsn2,tai50_15_08,50x15,GP,11,2905.0
tsn2,tai50_15_08,50x15,GP,12,2905.0
tsn2,tai50_15_08,50x15,GP,13,2905.0
tsn2,tai50_15_08,50x15,GP,14,2905.0
tsn2,tai50_15_08,50x15,GP,15,2905.0
tsn2,tai50_15_08,50x15,GP,16,2905.0
tsn2,tai50_15_08,50x15,GP,17,2905.0
tsn2,tai50_15_08,50x15,GP,18,2905.0
tsn2,tai50_15_08,50x15,GP,19,2905.0
tsn2,tai50_15_08,50x15,GP,20,2905.0
tsn2,tai50_15_08,50x15,GP,21,2905.0
tsn2,tai50_15_08,50x15,GP,22,2905.0
tsn2,tai50_15_08,50x15,GP,23,2905.0
tsn2,tai50_15_08,50x15,GP,24,2905.0
tsn2,tai50_15_08,50x15,GP,25,2905.0
tsn2,tai50_15_08,50x15,GP,26,2905.0
tsn2,tai50_15_08,50x15,GP,27,2905.0
tsn2,tai50_15_08,50x15,GP,28,2905.0
tsn2,tai50_15_08,50x15,GP,29,2905.0
tsn2,tai50_15_08,50x15,GP,30,2905.0
tsn2,tai50_15_08,50x15,MIX,1,2905.0
tsn2,tai50_15_08,50x15,MIX,2,2905.0
tsn2,tai50_15_08,50x15,MIX,3,2905.0
tsn2,tai50_15_08,50x15,MIX,4,2905.0
tsn2,tai50_15_08,50x15,MIX,5,2905.0
tsn2,tai50_15_08,50x15,MIX,6,2905.0
tsn2,tai50_15_08,50x15,MIX,7,2905.0
tsn2,tai50_15_08,50x15,MIX,8,2905.0
tsn2,tai50_15_08,50x15,MIX,9,2905.0
tsn2,tai50_15_08,50x15,MIX,10,2905.0
tsn2,tai50_15_08,50x15,MIX,11,2905.0
tsn2,tai50_15_08,50x15,MIX,12,2905.0
tsn2,tai50_15_08,50x15,MIX,13,2905.0
tsn2,tai50_15_08,50x15,MIX,14,2905.0
tsn2,tai50_15_08,50x15,MIX,15,2905.0
tsn2,tai50_15_08,50x15,MIX,16,2905.0
tsn2,tai50_15_08,50x15,MIX,17,2905.0
tsn2,tai50_15_08,50x15,MIX,18,2905.0
tsn2,tai50_15_08,50x15,MIX,19,2905.0
tsn2,tai50_15_08,50x15,MIX,20,2905.0
tsn2,tai50_15_08,50x15,MIX,21,2905.0
tsn2,tai50_15_08,50x15,MIX,22,2905.0
tsn2,tai50_15_08,50x15,MIX,23,2905.0
tsn2,tai50_15_08,50x15,MIX,24,2905.0
tsn2,tai50_15_08,50x15,MIX,25,2905.0
tsn2,tai50_15_08,50x15,MIX,26,2905.0
tsn2,tai50_15_08,50x15,MIX,27,2905.0
tsn2,tai50_15_08,50x15,MIX,28,2905.0
tsn2,tai50_15_08,50x15,MIX,29,2905.0
tsn2,tai50_15_08,50x15,MIX,30,2905.0
tsn2,tai50_15_08,50x15,MIXH,1,2905.0
tsn2,tai50_15_08,50x15,MIXH,2,2905.0
tsn2,tai50_15_08,50x15,MIXH,3,2905.0
tsn2,tai50_15_08,50x15,MIXH,4,2905.0
tsn2,tai50_15_08,50x15,MIXH,5,2905.0
tsn2,tai50_15_08,50x15,MIXH,6,2905.0
tsn2,tai50_15_08,50x15,MIXH,7,2905.0
tsn2,tai50_15_08,50x15,MIXH,8,2905.0
tsn2,tai50_15_08,50x15,MIXH,9,2905.0
tsn2,tai50_15_08,50x15,MIXH,10,2905.0
tsn2,tai50_15_08,50x15,MIXH,11,2905.0
tsn2,tai50_15_08,50x15,MIXH,12,2905.0
tsn2,tai50_15_08,50x15,MIXH,13,2905.0
tsn2,tai50_15_08,50x15,MIXH,14,2905.0
tsn2,tai50_15_08,50x15,MIXH,15,2905.0
tsn2,tai50_15_08,50x15,MIXH,16,2905.0
tsn2,tai50_15_08,50x15,MIXH,17,2905.0
tsn2,tai50_15_08,50x15,MIXH,18,2905.0
tsn2,tai50_15_08,50x15,MIXH,19,2905.0
tsn2,tai50_15_08,50x15,MIXH,20,2905.0
tsn2,tai50_15_08,50x15,MIXH,21,2905.0
tsn2,tai50_15_08,50x15,MIXH,22,2905.0
tsn2,tai50_15_08,50x15,MIXH,23,2905.0
tsn2,tai50_15_08,50x15,MIXH,24,2905.0
tsn2,tai50_15_08,50x15,MIXH,25,2905.0
tsn2,tai50_15_08,50x15,MIXH,26,2905.0
tsn2,tai50_15_08,50x15,MIXH,27,2905.0
tsn2,tai50_15_08,50x15,MIXH,28,2905.0
tsn2,tai50_15_08,50x15,MIXH,29,2905.0
tsn2,tai50_15_08,50x15,MIXH,30,2905.0
tsn2,tai50_15_09,50x15,A0,1,2667.0
tsn2,tai50_15_09,50x15,A0,2,2667.0
tsn2,tai50_15_09,50x15,A0,3,2667.0
tsn2,tai50_15_09,50x15,A0,4,2686.0
tsn2,tai50_15_09,50x15,A0,5,2667.0
tsn2,tai50_15_09,50x15,A0,6,2667.0
tsn2,tai50_15_09,50x15,A0,7,2668.5
tsn2,tai50_15_09,50x15,A0,8,2667.0
tsn2,tai50_15_09,50x15,A0,9,2691.0
tsn2,tai50_15_09,50x15,A0,10,2667.0
tsn2,tai50_15_09,50x15,A0,11,2671.5
tsn2,tai50_15_09,50x15,A0,12,2667.0
tsn2,tai50_15_09,50x15,A0,13,2675.0
tsn2,tai50_15_09,50x15,A0,14,2667.0
tsn2,tai50_15_09,50x15,A0,15,2671.5
tsn2,tai50_15_09,50x15,A0,16,2667.0
tsn2,tai50_15_09,50x15,A0,17,2667.0
tsn2,tai50_15_09,50x15,A0,18,2667.0
tsn2,tai50_15_09,50x15,A0,19,2667.0
tsn2,tai50_15_09,50x15,A0,20,2667.0
tsn2,tai50_15_09,50x15,A0,21,2667.0
tsn2,tai50_15_09,50x15,A0,22,2667.0
tsn2,tai50_15_09,50x15,A0,23,2674.0
tsn2,tai50_15_09,50x15,A0,24,2667.0
tsn2,tai50_15_09,50x15,A0,25,2667.0
tsn2,tai50_15_09,50x15,A0,26,2667.0
tsn2,tai50_15_09,50x15,A0,27,2667.0
tsn2,tai50_15_09,50x15,A0,28,2667.0
tsn2,tai50_15_09,50x15,A0,29,2667.0
tsn2,tai50_15_09,50x15,A0,30,2672.0
tsn2,tai50_15_09,50x15,V2H,1,2667.0
tsn2,tai50_15_09,50x15,V2H,2,2667.0
tsn2,tai50_15_09,50x15,V2H,3,2667.0
tsn2,tai50_15_09,50x15,V2H,4,2667.0
tsn2,tai50_15_09,50x15,V2H,5,2667.5
tsn2,tai50_15_09,50x15,V2H,6,2667.0
tsn2,tai50_15_09,50x15,V2H,7,2667.0
tsn2,tai50_15_09,50x15,V2H,8,2667.0
tsn2,tai50_15_09,50x15,V2H,9,2667.0
tsn2,tai50_15_09,50x15,V2H,10,2667.0
tsn2,tai50_15_09,50x15,V2H,11,2667.0
tsn2,tai50_15_09,50x15,V2H,12,2667.0
tsn2,tai50_15_09,50x15,V2H,13,2667.0
tsn2,tai50_15_09,50x15,V2H,14,2667.0
tsn2,tai50_15_09,50x15,V2H,15,2667.0
tsn2,tai50_15_09,50x15,V2H,16,2667.0
tsn2,tai50_15_09,50x15,V2H,17,2667.0
tsn2,tai50_15_09,50x15,V2H,18,2667.0
tsn2,tai50_15_09,50x15,V2H,19,2667.0
tsn2,tai50_15_09,50x15,V2H,20,2667.0
tsn2,tai50_15_09,50x15,V2H,21,2667.0
tsn2,tai50_15_09,50x15,V2H,22,2667.0
tsn2,tai50_15_09,50x15,V2H,23,2667.0
tsn2,tai50_15_09,50x15,V2H,24,2667.0
tsn2,tai50_15_09,50x15,V2H,25,2667.0
tsn2,tai50_15_09,50x15,V2H,26,2667.0
tsn2,tai50_15_09,50x15,V2H,27,2667.0
tsn2,tai50_15_09,50x15,V2H,28,2678.0
tsn2,tai50_15_09,50x15,V2H,29,2667.0
tsn2,tai50_15_09,50x15,V2H,30,2667.0
tsn2,tai50_15_09,50x15,V2,1,2667.0
tsn2,tai50_15_09,50x15,V2,2,2667.0
tsn2,tai50_15_09,50x15,V2,3,2667.0
tsn2,tai50_15_09,50x15,V2,4,2667.0
tsn2,tai50_15_09,50x15,V2,5,2667.0
tsn2,tai50_15_09,50x15,V2,6,2667.0
tsn2,tai50_15_09,50x15,V2,7,2667.0
tsn2,tai50_15_09,50x15,V2,8,2667.0
tsn2,tai50_15_09,50x15,V2,9,2667.0
tsn2,tai50_15_09,50x15,V2,10,2667.0
tsn2,tai50_15_09,50x15,V2,11,2667.0
tsn2,tai50_15_09,50x15,V2,12,2667.0
tsn2,tai50_15_09,50x15,V2,13,2667.0
tsn2,tai50_15_09,50x15,V2,14,2667.0
tsn2,tai50_15_09,50x15,V2,15,2667.0
tsn2,tai50_15_09,50x15,V2,16,2667.0
tsn2,tai50_15_09,50x15,V2,17,2667.0
tsn2,tai50_15_09,50x15,V2,18,2667.0
tsn2,tai50_15_09,50x15,V2,19,2667.0
tsn2,tai50_15_09,50x15,V2,20,2667.0
tsn2,tai50_15_09,50x15,V2,21,2667.0
tsn2,tai50_15_09,50x15,V2,22,2667.0
tsn2,tai50_15_09,50x15,V2,23,2667.0
tsn2,tai50_15_09,50x15,V2,24,2667.0
tsn2,tai50_15_09,50x15,V2,25,2667.0
tsn2,tai50_15_09,50x15,V2,26,2667.0
tsn2,tai50_15_09,50x15,V2,27,2667.5
tsn2,tai50_15_09,50x15,V2,28,2667.0
tsn2,tai50_15_09,50x15,V2,29,2667.0
tsn2,tai50_15_09,50x15,V2,30,2667.0
tsn2,tai50_15_09,50x15,MOR,1,2685.5
tsn2,tai50_15_09,50x15,MOR,2,2684.0
tsn2,tai50_15_09,50x15,MOR,3,2690.0
tsn2,tai50_15_09,50x15,MOR,4,2685.0
tsn2,tai50_15_09,50x15,MOR,5,2707.0
tsn2,tai50_15_09,50x15,MOR,6,2669.0
tsn2,tai50_15_09,50x15,MOR,7,2687.0
tsn2,tai50_15_09,50x15,MOR,8,2683.0
tsn2,tai50_15_09,50x15,MOR,9,2683.0
tsn2,tai50_15_09,50x15,MOR,10,2682.0
tsn2,tai50_15_09,50x15,MOR,11,2693.0
tsn2,tai50_15_09,50x15,MOR,12,2704.0
tsn2,tai50_15_09,50x15,MOR,13,2709.5
tsn2,tai50_15_09,50x15,MOR,14,2713.0
tsn2,tai50_15_09,50x15,MOR,15,2697.0
tsn2,tai50_15_09,50x15,MOR,16,2690.5
tsn2,tai50_15_09,50x15,MOR,17,2684.0
tsn2,tai50_15_09,50x15,MOR,18,2700.5
tsn2,tai50_15_09,50x15,MOR,19,2684.5
tsn2,tai50_15_09,50x15,MOR,20,2685.5
tsn2,tai50_15_09,50x15,MOR,21,2683.0
tsn2,tai50_15_09,50x15,MOR,22,2677.0
tsn2,tai50_15_09,50x15,MOR,23,2677.5
tsn2,tai50_15_09,50x15,MOR,24,2678.5
tsn2,tai50_15_09,50x15,MOR,25,2680.0
tsn2,tai50_15_09,50x15,MOR,26,2677.0
tsn2,tai50_15_09,50x15,MOR,27,2688.5
tsn2,tai50_15_09,50x15,MOR,28,2694.0
tsn2,tai50_15_09,50x15,MOR,29,2715.0
tsn2,tai50_15_09,50x15,MOR,30,2681.0
tsn2,tai50_15_09,50x15,GT,1,2673.5
tsn2,tai50_15_09,50x15,GT,2,2671.5
tsn2,tai50_15_09,50x15,GT,3,2680.0
tsn2,tai50_15_09,50x15,GT,4,2668.0
tsn2,tai50_15_09,50x15,GT,5,2673.5
tsn2,tai50_15_09,50x15,GT,6,2673.5
tsn2,tai50_15_09,50x15,GT,7,2699.0
tsn2,tai50_15_09,50x15,GT,8,2684.0
tsn2,tai50_15_09,50x15,GT,9,2683.5
tsn2,tai50_15_09,50x15,GT,10,2692.5
tsn2,tai50_15_09,50x15,GT,11,2673.5
tsn2,tai50_15_09,50x15,GT,12,2668.5
tsn2,tai50_15_09,50x15,GT,13,2673.5
tsn2,tai50_15_09,50x15,GT,14,2707.0
tsn2,tai50_15_09,50x15,GT,15,2679.5
tsn2,tai50_15_09,50x15,GT,16,2685.5
tsn2,tai50_15_09,50x15,GT,17,2667.0
tsn2,tai50_15_09,50x15,GT,18,2673.5
tsn2,tai50_15_09,50x15,GT,19,2667.0
tsn2,tai50_15_09,50x15,GT,20,2667.0
tsn2,tai50_15_09,50x15,GT,21,2684.0
tsn2,tai50_15_09,50x15,GT,22,2671.0
tsn2,tai50_15_09,50x15,GT,23,2676.0
tsn2,tai50_15_09,50x15,GT,24,2673.5
tsn2,tai50_15_09,50x15,GT,25,2689.0
tsn2,tai50_15_09,50x15,GT,26,2677.5
tsn2,tai50_15_09,50x15,GT,27,2679.5
tsn2,tai50_15_09,50x15,GT,28,2667.0
tsn2,tai50_15_09,50x15,GT,29,2667.0
tsn2,tai50_15_09,50x15,GT,30,2667.0
tsn2,tai50_15_09,50x15,GP,1,2667.0
tsn2,tai50_15_09,50x15,GP,2,2667.0
tsn2,tai50_15_09,50x15,GP,3,2667.0
tsn2,tai50_15_09,50x15,GP,4,2667.0
tsn2,tai50_15_09,50x15,GP,5,2667.0
tsn2,tai50_15_09,50x15,GP,6,2667.0
tsn2,tai50_15_09,50x15,GP,7,2667.0
tsn2,tai50_15_09,50x15,GP,8,2667.0
tsn2,tai50_15_09,50x15,GP,9,2667.0
tsn2,tai50_15_09,50x15,GP,10,2667.0
tsn2,tai50_15_09,50x15,GP,11,2667.0
tsn2,tai50_15_09,50x15,GP,12,2667.0
tsn2,tai50_15_09,50x15,GP,13,2667.0
tsn2,tai50_15_09,50x15,GP,14,2673.5
tsn2,tai50_15_09,50x15,GP,15,2667.0
tsn2,tai50_15_09,50x15,GP,16,2667.0
tsn2,tai50_15_09,50x15,GP,17,2667.0
tsn2,tai50_15_09,50x15,GP,18,2690.5
tsn2,tai50_15_09,50x15,GP,19,2676.0
tsn2,tai50_15_09,50x15,GP,20,2667.0
tsn2,tai50_15_09,50x15,GP,21,2667.0
tsn2,tai50_15_09,50x15,GP,22,2667.0
tsn2,tai50_15_09,50x15,GP,23,2671.0
tsn2,tai50_15_09,50x15,GP,24,2667.0
tsn2,tai50_15_09,50x15,GP,25,2667.0
tsn2,tai50_15_09,50x15,GP,26,2667.0
tsn2,tai50_15_09,50x15,GP,27,2667.0
tsn2,tai50_15_09,50x15,GP,28,2667.0
tsn2,tai50_15_09,50x15,GP,29,2667.0
tsn2,tai50_15_09,50x15,GP,30,2667.0
tsn2,tai50_15_09,50x15,MIX,1,2667.0
tsn2,tai50_15_09,50x15,MIX,2,2667.0
tsn2,tai50_15_09,50x15,MIX,3,2667.0
tsn2,tai50_15_09,50x15,MIX,4,2667.0
tsn2,tai50_15_09,50x15,MIX,5,2667.0
tsn2,tai50_15_09,50x15,MIX,6,2674.5
tsn2,tai50_15_09,50x15,MIX,7,2667.0
tsn2,tai50_15_09,50x15,MIX,8,2667.0
tsn2,tai50_15_09,50x15,MIX,9,2667.0
tsn2,tai50_15_09,50x15,MIX,10,2667.0
tsn2,tai50_15_09,50x15,MIX,11,2667.0
tsn2,tai50_15_09,50x15,MIX,12,2667.0
tsn2,tai50_15_09,50x15,MIX,13,2667.0
tsn2,tai50_15_09,50x15,MIX,14,2667.0
tsn2,tai50_15_09,50x15,MIX,15,2667.0
tsn2,tai50_15_09,50x15,MIX,16,2669.0
tsn2,tai50_15_09,50x15,MIX,17,2667.0
tsn2,tai50_15_09,50x15,MIX,18,2667.0
tsn2,tai50_15_09,50x15,MIX,19,2667.0
tsn2,tai50_15_09,50x15,MIX,20,2667.0
tsn2,tai50_15_09,50x15,MIX,21,2667.0
tsn2,tai50_15_09,50x15,MIX,22,2667.0
tsn2,tai50_15_09,50x15,MIX,23,2667.0
tsn2,tai50_15_09,50x15,MIX,24,2667.0
tsn2,tai50_15_09,50x15,MIX,25,2667.0
tsn2,tai50_15_09,50x15,MIX,26,2667.0
tsn2,tai50_15_09,50x15,MIX,27,2667.0
tsn2,tai50_15_09,50x15,MIX,28,2667.0
tsn2,tai50_15_09,50x15,MIX,29,2667.0
tsn2,tai50_15_09,50x15,MIX,30,2667.0
tsn2,tai50_15_09,50x15,MIXH,1,2667.0
tsn2,tai50_15_09,50x15,MIXH,2,2667.0
tsn2,tai50_15_09,50x15,MIXH,3,2667.0
tsn2,tai50_15_09,50x15,MIXH,4,2667.0
tsn2,tai50_15_09,50x15,MIXH,5,2667.0
tsn2,tai50_15_09,50x15,MIXH,6,2667.0
tsn2,tai50_15_09,50x15,MIXH,7,2667.0
tsn2,tai50_15_09,50x15,MIXH,8,2667.0
tsn2,tai50_15_09,50x15,MIXH,9,2667.0
tsn2,tai50_15_09,50x15,MIXH,10,2667.0
tsn2,tai50_15_09,50x15,MIXH,11,2667.0
tsn2,tai50_15_09,50x15,MIXH,12,2667.0
tsn2,tai50_15_09,50x15,MIXH,13,2667.0
tsn2,tai50_15_09,50x15,MIXH,14,2667.0
tsn2,tai50_15_09,50x15,MIXH,15,2681.5
tsn2,tai50_15_09,50x15,MIXH,16,2667.0
tsn2,tai50_15_09,50x15,MIXH,17,2667.0
tsn2,tai50_15_09,50x15,MIXH,18,2667.0
tsn2,tai50_15_09,50x15,MIXH,19,2667.0
tsn2,tai50_15_09,50x15,MIXH,20,2667.0
tsn2,tai50_15_09,50x15,MIXH,21,2667.0
tsn2,tai50_15_09,50x15,MIXH,22,2667.0
tsn2,tai50_15_09,50x15,MIXH,23,2667.0
tsn2,tai50_15_09,50x15,MIXH,24,2667.0
tsn2,tai50_15_09,50x15,MIXH,25,2667.0
tsn2,tai50_15_09,50x15,MIXH,26,2667.0
tsn2,tai50_15_09,50x15,MIXH,27,2667.0
tsn2,tai50_15_09,50x15,MIXH,28,2667.0
tsn2,tai50_15_09,50x15,MIXH,29,2667.0
tsn2,tai50_15_09,50x15,MIXH,30,2667.0
tsn2,tai50_15_10,50x15,A0,1,2726.0
tsn2,tai50_15_10,50x15,A0,2,2726.0
tsn2,tai50_15_10,50x15,A0,3,2726.0
tsn2,tai50_15_10,50x15,A0,4,2727.0
tsn2,tai50_15_10,50x15,A0,5,2727.0
tsn2,tai50_15_10,50x15,A0,6,2726.0
tsn2,tai50_15_10,50x15,A0,7,2738.0
tsn2,tai50_15_10,50x15,A0,8,2726.0
tsn2,tai50_15_10,50x15,A0,9,2726.0
tsn2,tai50_15_10,50x15,A0,10,2731.5
tsn2,tai50_15_10,50x15,A0,11,2726.0
tsn2,tai50_15_10,50x15,A0,12,2726.0
tsn2,tai50_15_10,50x15,A0,13,2726.0
tsn2,tai50_15_10,50x15,A0,14,2737.0
tsn2,tai50_15_10,50x15,A0,15,2726.0
tsn2,tai50_15_10,50x15,A0,16,2730.5
tsn2,tai50_15_10,50x15,A0,17,2728.0
tsn2,tai50_15_10,50x15,A0,18,2726.0
tsn2,tai50_15_10,50x15,A0,19,2730.0
tsn2,tai50_15_10,50x15,A0,20,2726.0
tsn2,tai50_15_10,50x15,A0,21,2726.0
tsn2,tai50_15_10,50x15,A0,22,2728.5
tsn2,tai50_15_10,50x15,A0,23,2730.0
tsn2,tai50_15_10,50x15,A0,24,2726.0
tsn2,tai50_15_10,50x15,A0,25,2726.0
tsn2,tai50_15_10,50x15,A0,26,2726.0
tsn2,tai50_15_10,50x15,A0,27,2726.0
tsn2,tai50_15_10,50x15,A0,28,2726.0
tsn2,tai50_15_10,50x15,A0,29,2726.0
tsn2,tai50_15_10,50x15,A0,30,2726.0
tsn2,tai50_15_10,50x15,V2H,1,2730.0
tsn2,tai50_15_10,50x15,V2H,2,2730.0
tsn2,tai50_15_10,50x15,V2H,3,2726.0
tsn2,tai50_15_10,50x15,V2H,4,2730.0
tsn2,tai50_15_10,50x15,V2H,5,2726.0
tsn2,tai50_15_10,50x15,V2H,6,2726.0
tsn2,tai50_15_10,50x15,V2H,7,2726.0
tsn2,tai50_15_10,50x15,V2H,8,2738.5
tsn2,tai50_15_10,50x15,V2H,9,2726.0
tsn2,tai50_15_10,50x15,V2H,10,2726.0
tsn2,tai50_15_10,50x15,V2H,11,2726.0
tsn2,tai50_15_10,50x15,V2H,12,2726.0
tsn2,tai50_15_10,50x15,V2H,13,2726.0
tsn2,tai50_15_10,50x15,V2H,14,2726.0
tsn2,tai50_15_10,50x15,V2H,15,2726.0
tsn2,tai50_15_10,50x15,V2H,16,2730.0
tsn2,tai50_15_10,50x15,V2H,17,2726.0
tsn2,tai50_15_10,50x15,V2H,18,2726.0
tsn2,tai50_15_10,50x15,V2H,19,2726.0
tsn2,tai50_15_10,50x15,V2H,20,2726.0
tsn2,tai50_15_10,50x15,V2H,21,2726.0
tsn2,tai50_15_10,50x15,V2H,22,2730.0
tsn2,tai50_15_10,50x15,V2H,23,2730.0
tsn2,tai50_15_10,50x15,V2H,24,2730.0
tsn2,tai50_15_10,50x15,V2H,25,2730.0
tsn2,tai50_15_10,50x15,V2H,26,2726.0
tsn2,tai50_15_10,50x15,V2H,27,2726.0
tsn2,tai50_15_10,50x15,V2H,28,2726.0
tsn2,tai50_15_10,50x15,V2H,29,2726.0
tsn2,tai50_15_10,50x15,V2H,30,2726.0
tsn2,tai50_15_10,50x15,V2,1,2726.0
tsn2,tai50_15_10,50x15,V2,2,2726.0
tsn2,tai50_15_10,50x15,V2,3,2726.0
tsn2,tai50_15_10,50x15,V2,4,2726.0
tsn2,tai50_15_10,50x15,V2,5,2726.0
tsn2,tai50_15_10,50x15,V2,6,2726.0
tsn2,tai50_15_10,50x15,V2,7,2726.0
tsn2,tai50_15_10,50x15,V2,8,2770.5
tsn2,tai50_15_10,50x15,V2,9,2726.0
tsn2,tai50_15_10,50x15,V2,10,2726.0
tsn2,tai50_15_10,50x15,V2,11,2726.0
tsn2,tai50_15_10,50x15,V2,12,2726.0
tsn2,tai50_15_10,50x15,V2,13,2730.0
tsn2,tai50_15_10,50x15,V2,14,2726.0
tsn2,tai50_15_10,50x15,V2,15,2726.0
tsn2,tai50_15_10,50x15,V2,16,2730.0
tsn2,tai50_15_10,50x15,V2,17,2726.0
tsn2,tai50_15_10,50x15,V2,18,2726.0
tsn2,tai50_15_10,50x15,V2,19,2726.0
tsn2,tai50_15_10,50x15,V2,20,2726.0
tsn2,tai50_15_10,50x15,V2,21,2726.0
tsn2,tai50_15_10,50x15,V2,22,2726.0
tsn2,tai50_15_10,50x15,V2,23,2726.0
tsn2,tai50_15_10,50x15,V2,24,2726.0
tsn2,tai50_15_10,50x15,V2,25,2730.0
tsn2,tai50_15_10,50x15,V2,26,2726.0
tsn2,tai50_15_10,50x15,V2,27,2726.0
tsn2,tai50_15_10,50x15,V2,28,2726.0
tsn2,tai50_15_10,50x15,V2,29,2741.0
tsn2,tai50_15_10,50x15,V2,30,2726.0
tsn2,tai50_15_10,50x15,MOR,1,2726.0
tsn2,tai50_15_10,50x15,MOR,2,2726.5
tsn2,tai50_15_10,50x15,MOR,3,2726.0
tsn2,tai50_15_10,50x15,MOR,4,2726.0
tsn2,tai50_15_10,50x15,MOR,5,2726.0
tsn2,tai50_15_10,50x15,MOR,6,2726.0
tsn2,tai50_15_10,50x15,MOR,7,2726.0
tsn2,tai50_15_10,50x15,MOR,8,2726.0
tsn2,tai50_15_10,50x15,MOR,9,2726.0
tsn2,tai50_15_10,50x15,MOR,10,2726.0
tsn2,tai50_15_10,50x15,MOR,11,2726.0
tsn2,tai50_15_10,50x15,MOR,12,2726.0
tsn2,tai50_15_10,50x15,MOR,13,2726.0
tsn2,tai50_15_10,50x15,MOR,14,2726.0
tsn2,tai50_15_10,50x15,MOR,15,2726.0
tsn2,tai50_15_10,50x15,MOR,16,2726.0
tsn2,tai50_15_10,50x15,MOR,17,2726.0
tsn2,tai50_15_10,50x15,MOR,18,2726.0
tsn2,tai50_15_10,50x15,MOR,19,2730.0
tsn2,tai50_15_10,50x15,MOR,20,2727.5
tsn2,tai50_15_10,50x15,MOR,21,2726.0
tsn2,tai50_15_10,50x15,MOR,22,2760.5
tsn2,tai50_15_10,50x15,MOR,23,2728.5
tsn2,tai50_15_10,50x15,MOR,24,2726.0
tsn2,tai50_15_10,50x15,MOR,25,2726.0
tsn2,tai50_15_10,50x15,MOR,26,2726.0
tsn2,tai50_15_10,50x15,MOR,27,2726.0
tsn2,tai50_15_10,50x15,MOR,28,2726.0
tsn2,tai50_15_10,50x15,MOR,29,2726.0
tsn2,tai50_15_10,50x15,MOR,30,2726.0
tsn2,tai50_15_10,50x15,GT,1,2726.0
tsn2,tai50_15_10,50x15,GT,2,2726.0
tsn2,tai50_15_10,50x15,GT,3,2726.0
tsn2,tai50_15_10,50x15,GT,4,2726.0
tsn2,tai50_15_10,50x15,GT,5,2726.0
tsn2,tai50_15_10,50x15,GT,6,2726.0
tsn2,tai50_15_10,50x15,GT,7,2726.0
tsn2,tai50_15_10,50x15,GT,8,2742.0
tsn2,tai50_15_10,50x15,GT,9,2730.0
tsn2,tai50_15_10,50x15,GT,10,2729.0
tsn2,tai50_15_10,50x15,GT,11,2726.0
tsn2,tai50_15_10,50x15,GT,12,2726.0
tsn2,tai50_15_10,50x15,GT,13,2726.0
tsn2,tai50_15_10,50x15,GT,14,2726.0
tsn2,tai50_15_10,50x15,GT,15,2726.0
tsn2,tai50_15_10,50x15,GT,16,2726.0
tsn2,tai50_15_10,50x15,GT,17,2726.0
tsn2,tai50_15_10,50x15,GT,18,2726.0
tsn2,tai50_15_10,50x15,GT,19,2726.5
tsn2,tai50_15_10,50x15,GT,20,2726.0
tsn2,tai50_15_10,50x15,GT,21,2726.0
tsn2,tai50_15_10,50x15,GT,22,2731.5
tsn2,tai50_15_10,50x15,GT,23,2726.0
tsn2,tai50_15_10,50x15,GT,24,2731.5
tsn2,tai50_15_10,50x15,GT,25,2726.5
tsn2,tai50_15_10,50x15,GT,26,2726.0
tsn2,tai50_15_10,50x15,GT,27,2726.0
tsn2,tai50_15_10,50x15,GT,28,2726.0
tsn2,tai50_15_10,50x15,GT,29,2726.0
tsn2,tai50_15_10,50x15,GT,30,2726.0
tsn2,tai50_15_10,50x15,GP,1,2726.0
tsn2,tai50_15_10,50x15,GP,2,2726.0
tsn2,tai50_15_10,50x15,GP,3,2726.0
tsn2,tai50_15_10,50x15,GP,4,2726.0
tsn2,tai50_15_10,50x15,GP,5,2726.0
tsn2,tai50_15_10,50x15,GP,6,2726.0
tsn2,tai50_15_10,50x15,GP,7,2726.0
tsn2,tai50_15_10,50x15,GP,8,2726.0
tsn2,tai50_15_10,50x15,GP,9,2726.0
tsn2,tai50_15_10,50x15,GP,10,2726.5
tsn2,tai50_15_10,50x15,GP,11,2726.0
tsn2,tai50_15_10,50x15,GP,12,2726.0
tsn2,tai50_15_10,50x15,GP,13,2726.0
tsn2,tai50_15_10,50x15,GP,14,2726.5
tsn2,tai50_15_10,50x15,GP,15,2726.0
tsn2,tai50_15_10,50x15,GP,16,2726.0
tsn2,tai50_15_10,50x15,GP,17,2726.0
tsn2,tai50_15_10,50x15,GP,18,2726.0
tsn2,tai50_15_10,50x15,GP,19,2726.0
tsn2,tai50_15_10,50x15,GP,20,2730.0
tsn2,tai50_15_10,50x15,GP,21,2726.0
tsn2,tai50_15_10,50x15,GP,22,2726.0
tsn2,tai50_15_10,50x15,GP,23,2726.0
tsn2,tai50_15_10,50x15,GP,24,2726.0
tsn2,tai50_15_10,50x15,GP,25,2726.0
tsn2,tai50_15_10,50x15,GP,26,2726.0
tsn2,tai50_15_10,50x15,GP,27,2726.0
tsn2,tai50_15_10,50x15,GP,28,2726.0
tsn2,tai50_15_10,50x15,GP,29,2726.0
tsn2,tai50_15_10,50x15,GP,30,2726.0
tsn2,tai50_15_10,50x15,MIX,1,2726.0
tsn2,tai50_15_10,50x15,MIX,2,2726.0
tsn2,tai50_15_10,50x15,MIX,3,2726.0
tsn2,tai50_15_10,50x15,MIX,4,2726.0
tsn2,tai50_15_10,50x15,MIX,5,2726.0
tsn2,tai50_15_10,50x15,MIX,6,2726.0
tsn2,tai50_15_10,50x15,MIX,7,2726.0
tsn2,tai50_15_10,50x15,MIX,8,2726.0
tsn2,tai50_15_10,50x15,MIX,9,2726.0
tsn2,tai50_15_10,50x15,MIX,10,2726.0
tsn2,tai50_15_10,50x15,MIX,11,2726.0
tsn2,tai50_15_10,50x15,MIX,12,2726.0
tsn2,tai50_15_10,50x15,MIX,13,2726.0
tsn2,tai50_15_10,50x15,MIX,14,2726.0
tsn2,tai50_15_10,50x15,MIX,15,2726.0
tsn2,tai50_15_10,50x15,MIX,16,2726.0
tsn2,tai50_15_10,50x15,MIX,17,2726.0
tsn2,tai50_15_10,50x15,MIX,18,2726.0
tsn2,tai50_15_10,50x15,MIX,19,2726.0
tsn2,tai50_15_10,50x15,MIX,20,2726.0
tsn2,tai50_15_10,50x15,MIX,21,2726.0
tsn2,tai50_15_10,50x15,MIX,22,2726.0
tsn2,tai50_15_10,50x15,MIX,23,2726.0
tsn2,tai50_15_10,50x15,MIX,24,2726.0
tsn2,tai50_15_10,50x15,MIX,25,2726.0
tsn2,tai50_15_10,50x15,MIX,26,2726.0
tsn2,tai50_15_10,50x15,MIX,27,2726.0
tsn2,tai50_15_10,50x15,MIX,28,2726.0
tsn2,tai50_15_10,50x15,MIX,29,2726.0
tsn2,tai50_15_10,50x15,MIX,30,2726.0
tsn2,tai50_15_10,50x15,MIXH,1,2726.0
tsn2,tai50_15_10,50x15,MIXH,2,2726.0
tsn2,tai50_15_10,50x15,MIXH,3,2726.0
tsn2,tai50_15_10,50x15,MIXH,4,2726.0
tsn2,tai50_15_10,50x15,MIXH,5,2726.0
tsn2,tai50_15_10,50x15,MIXH,6,2726.0
tsn2,tai50_15_10,50x15,MIXH,7,2726.0
tsn2,tai50_15_10,50x15,MIXH,8,2726.0
tsn2,tai50_15_10,50x15,MIXH,9,2726.0
tsn2,tai50_15_10,50x15,MIXH,10,2726.0
tsn2,tai50_15_10,50x15,MIXH,11,2726.0
tsn2,tai50_15_10,50x15,MIXH,12,2726.0
tsn2,tai50_15_10,50x15,MIXH,13,2726.0
tsn2,tai50_15_10,50x15,MIXH,14,2726.0
tsn2,tai50_15_10,50x15,MIXH,15,2726.0
tsn2,tai50_15_10,50x15,MIXH,16,2726.0
tsn2,tai50_15_10,50x15,MIXH,17,2726.0
tsn2,tai50_15_10,50x15,MIXH,18,2726.0
tsn2,tai50_15_10,50x15,MIXH,19,2726.0
tsn2,tai50_15_10,50x15,MIXH,20,2726.0
tsn2,tai50_15_10,50x15,MIXH,21,2726.0
tsn2,tai50_15_10,50x15,MIXH,22,2726.0
tsn2,tai50_15_10,50x15,MIXH,23,2726.0
tsn2,tai50_15_10,50x15,MIXH,24,2726.0
tsn2,tai50_15_10,50x15,MIXH,25,2726.0
tsn2,tai50_15_10,50x15,MIXH,26,2726.0
tsn2,tai50_15_10,50x15,MIXH,27,2726.0
tsn2,tai50_15_10,50x15,MIXH,28,2726.0
tsn2,tai50_15_10,50x15,MIXH,29,2726.0
tsn2,tai50_15_10,50x15,MIXH,30,2726.0
tsn2,tai50_20_01,50x20,A0,1,2999.0
tsn2,tai50_20_01,50x20,A0,2,3010.0
tsn2,tai50_20_01,50x20,A0,3,3011.0
tsn2,tai50_20_01,50x20,A0,4,2998.5
tsn2,tai50_20_01,50x20,A0,5,3009.5
tsn2,tai50_20_01,50x20,A0,6,2996.0
tsn2,tai50_20_01,50x20,A0,7,2996.0
tsn2,tai50_20_01,50x20,A0,8,2999.5
tsn2,tai50_20_01,50x20,A0,9,3023.5
tsn2,tai50_20_01,50x20,A0,10,3019.0
tsn2,tai50_20_01,50x20,A0,11,2998.5
tsn2,tai50_20_01,50x20,A0,12,3030.5
tsn2,tai50_20_01,50x20,A0,13,2968.5
tsn2,tai50_20_01,50x20,A0,14,3017.0
tsn2,tai50_20_01,50x20,A0,15,2994.5
tsn2,tai50_20_01,50x20,A0,16,3037.5
tsn2,tai50_20_01,50x20,A0,17,3005.5
tsn2,tai50_20_01,50x20,A0,18,3013.5
tsn2,tai50_20_01,50x20,A0,19,2959.0
tsn2,tai50_20_01,50x20,A0,20,2988.0
tsn2,tai50_20_01,50x20,A0,21,2972.0
tsn2,tai50_20_01,50x20,A0,22,2992.0
tsn2,tai50_20_01,50x20,A0,23,3007.0
tsn2,tai50_20_01,50x20,A0,24,2974.0
tsn2,tai50_20_01,50x20,A0,25,3031.5
tsn2,tai50_20_01,50x20,A0,26,2991.5
tsn2,tai50_20_01,50x20,A0,27,2997.0
tsn2,tai50_20_01,50x20,A0,28,3002.5
tsn2,tai50_20_01,50x20,A0,29,2987.5
tsn2,tai50_20_01,50x20,A0,30,3007.0
tsn2,tai50_20_01,50x20,V2H,1,2976.0
tsn2,tai50_20_01,50x20,V2H,2,2976.0
tsn2,tai50_20_01,50x20,V2H,3,2979.5
tsn2,tai50_20_01,50x20,V2H,4,2985.0
tsn2,tai50_20_01,50x20,V2H,5,2992.5
tsn2,tai50_20_01,50x20,V2H,6,3059.5
tsn2,tai50_20_01,50x20,V2H,7,3060.5
tsn2,tai50_20_01,50x20,V2H,8,3030.0
tsn2,tai50_20_01,50x20,V2H,9,2959.0
tsn2,tai50_20_01,50x20,V2H,10,2966.0
tsn2,tai50_20_01,50x20,V2H,11,2964.0
tsn2,tai50_20_01,50x20,V2H,12,3018.0
tsn2,tai50_20_01,50x20,V2H,13,2991.5
tsn2,tai50_20_01,50x20,V2H,14,3026.0
tsn2,tai50_20_01,50x20,V2H,15,3066.0
tsn2,tai50_20_01,50x20,V2H,16,2994.5
tsn2,tai50_20_01,50x20,V2H,17,3003.5
tsn2,tai50_20_01,50x20,V2H,18,2983.0
tsn2,tai50_20_01,50x20,V2H,19,2963.0
tsn2,tai50_20_01,50x20,V2H,20,2960.0
tsn2,tai50_20_01,50x20,V2H,21,3001.5
tsn2,tai50_20_01,50x20,V2H,22,3037.0
tsn2,tai50_20_01,50x20,V2H,23,2956.0
tsn2,tai50_20_01,50x20,V2H,24,3010.0
tsn2,tai50_20_01,50x20,V2H,25,2984.5
tsn2,tai50_20_01,50x20,V2H,26,2972.5
tsn2,tai50_20_01,50x20,V2H,27,2992.0
tsn2,tai50_20_01,50x20,V2H,28,2993.5
tsn2,tai50_20_01,50x20,V2H,29,3001.0
tsn2,tai50_20_01,50x20,V2H,30,2966.0
tsn2,tai50_20_01,50x20,V2,1,2959.0
tsn2,tai50_20_01,50x20,V2,2,2993.5
tsn2,tai50_20_01,50x20,V2,3,3029.5
tsn2,tai50_20_01,50x20,V2,4,3029.5
tsn2,tai50_20_01,50x20,V2,5,2976.0
tsn2,tai50_20_01,50x20,V2,6,2968.5
tsn2,tai50_20_01,50x20,V2,7,3014.5
tsn2,tai50_20_01,50x20,V2,8,3032.5
tsn2,tai50_20_01,50x20,V2,9,2969.5
tsn2,tai50_20_01,50x20,V2,10,3006.5
tsn2,tai50_20_01,50x20,V2,11,3013.0
tsn2,tai50_20_01,50x20,V2,12,3018.5
tsn2,tai50_20_01,50x20,V2,13,2997.0
tsn2,tai50_20_01,50x20,V2,14,2990.0
tsn2,tai50_20_01,50x20,V2,15,2976.5
tsn2,tai50_20_01,50x20,V2,16,3033.5
tsn2,tai50_20_01,50x20,V2,17,2988.0
tsn2,tai50_20_01,50x20,V2,18,2943.0
tsn2,tai50_20_01,50x20,V2,19,2979.0
tsn2,tai50_20_01,50x20,V2,20,3018.5
tsn2,tai50_20_01,50x20,V2,21,2992.5
tsn2,tai50_20_01,50x20,V2,22,2971.0
tsn2,tai50_20_01,50x20,V2,23,2966.5
tsn2,tai50_20_01,50x20,V2,24,3044.0
tsn2,tai50_20_01,50x20,V2,25,3008.5
tsn2,tai50_20_01,50x20,V2,26,2957.5
tsn2,tai50_20_01,50x20,V2,27,3009.0
tsn2,tai50_20_01,50x20,V2,28,3031.5
tsn2,tai50_20_01,50x20,V2,29,3017.5
tsn2,tai50_20_01,50x20,V2,30,2979.0
tsn2,tai50_20_01,50x20,MOR,1,2956.5
tsn2,tai50_20_01,50x20,MOR,2,2955.0
tsn2,tai50_20_01,50x20,MOR,3,2965.5
tsn2,tai50_20_01,50x20,MOR,4,2945.0
tsn2,tai50_20_01,50x20,MOR,5,2962.0
tsn2,tai50_20_01,50x20,MOR,6,2951.0
tsn2,tai50_20_01,50x20,MOR,7,2965.0
tsn2,tai50_20_01,50x20,MOR,8,2954.0
tsn2,tai50_20_01,50x20,MOR,9,2952.0
tsn2,tai50_20_01,50x20,MOR,10,2949.0
tsn2,tai50_20_01,50x20,MOR,11,2942.0
tsn2,tai50_20_01,50x20,MOR,12,2950.0
tsn2,tai50_20_01,50x20,MOR,13,2964.5
tsn2,tai50_20_01,50x20,MOR,14,2957.0
tsn2,tai50_20_01,50x20,MOR,15,2973.5
tsn2,tai50_20_01,50x20,MOR,16,2969.0
tsn2,tai50_20_01,50x20,MOR,17,2964.0
tsn2,tai50_20_01,50x20,MOR,18,2946.5
tsn2,tai50_20_01,50x20,MOR,19,2954.0
tsn2,tai50_20_01,50x20,MOR,20,2973.5
tsn2,tai50_20_01,50x20,MOR,21,2956.0
tsn2,tai50_20_01,50x20,MOR,22,2944.5
tsn2,tai50_20_01,50x20,MOR,23,2954.0
tsn2,tai50_20_01,50x20,MOR,24,2958.5
tsn2,tai50_20_01,50x20,MOR,25,2959.0
tsn2,tai50_20_01,50x20,MOR,26,2958.5
tsn2,tai50_20_01,50x20,MOR,27,2964.0
tsn2,tai50_20_01,50x20,MOR,28,2945.0
tsn2,tai50_20_01,50x20,MOR,29,2962.5
tsn2,tai50_20_01,50x20,MOR,30,2948.5
tsn2,tai50_20_01,50x20,GT,1,2948.5
tsn2,tai50_20_01,50x20,GT,2,2935.5
tsn2,tai50_20_01,50x20,GT,3,2961.5
tsn2,tai50_20_01,50x20,GT,4,2944.5
tsn2,tai50_20_01,50x20,GT,5,2947.0
tsn2,tai50_20_01,50x20,GT,6,2957.0
tsn2,tai50_20_01,50x20,GT,7,2953.0
tsn2,tai50_20_01,50x20,GT,8,2947.0
tsn2,tai50_20_01,50x20,GT,9,2960.0
tsn2,tai50_20_01,50x20,GT,10,2947.0
tsn2,tai50_20_01,50x20,GT,11,2947.0
tsn2,tai50_20_01,50x20,GT,12,2942.5
tsn2,tai50_20_01,50x20,GT,13,2954.0
tsn2,tai50_20_01,50x20,GT,14,2952.5
tsn2,tai50_20_01,50x20,GT,15,2961.0
tsn2,tai50_20_01,50x20,GT,16,2948.0
tsn2,tai50_20_01,50x20,GT,17,2953.0
tsn2,tai50_20_01,50x20,GT,18,2961.0
tsn2,tai50_20_01,50x20,GT,19,2951.0
tsn2,tai50_20_01,50x20,GT,20,2931.0
tsn2,tai50_20_01,50x20,GT,21,2954.0
tsn2,tai50_20_01,50x20,GT,22,2958.5
tsn2,tai50_20_01,50x20,GT,23,2956.0
tsn2,tai50_20_01,50x20,GT,24,2972.0
tsn2,tai50_20_01,50x20,GT,25,2965.0
tsn2,tai50_20_01,50x20,GT,26,2957.0
tsn2,tai50_20_01,50x20,GT,27,2941.5
tsn2,tai50_20_01,50x20,GT,28,2970.0
tsn2,tai50_20_01,50x20,GT,29,2964.0
tsn2,tai50_20_01,50x20,GT,30,2950.5
tsn2,tai50_20_01,50x20,GP,1,2963.5
tsn2,tai50_20_01,50x20,GP,2,2939.5
tsn2,tai50_20_01,50x20,GP,3,2950.5
tsn2,tai50_20_01,50x20,GP,4,2950.0
tsn2,tai50_20_01,50x20,GP,5,2930.0
tsn2,tai50_20_01,50x20,GP,6,2946.0
tsn2,tai50_20_01,50x20,GP,7,2949.5
tsn2,tai50_20_01,50x20,GP,8,2951.5
tsn2,tai50_20_01,50x20,GP,9,2931.5
tsn2,tai50_20_01,50x20,GP,10,2943.5
tsn2,tai50_20_01,50x20,GP,11,2954.0
tsn2,tai50_20_01,50x20,GP,12,2933.5
tsn2,tai50_20_01,50x20,GP,13,2954.5
tsn2,tai50_20_01,50x20,GP,14,2951.0
tsn2,tai50_20_01,50x20,GP,15,2955.0
tsn2,tai50_20_01,50x20,GP,16,2949.5
tsn2,tai50_20_01,50x20,GP,17,2946.5
tsn2,tai50_20_01,50x20,GP,18,2921.5
tsn2,tai50_20_01,50x20,GP,19,2958.5
tsn2,tai50_20_01,50x20,GP,20,2964.5
tsn2,tai50_20_01,50x20,GP,21,2917.0
tsn2,tai50_20_01,50x20,GP,22,2959.5
tsn2,tai50_20_01,50x20,GP,23,2947.5
tsn2,tai50_20_01,50x20,GP,24,2949.0
tsn2,tai50_20_01,50x20,GP,25,2936.5
tsn2,tai50_20_01,50x20,GP,26,2947.5
tsn2,tai50_20_01,50x20,GP,27,2975.0
tsn2,tai50_20_01,50x20,GP,28,2968.0
tsn2,tai50_20_01,50x20,GP,29,2951.5
tsn2,tai50_20_01,50x20,GP,30,2959.0
tsn2,tai50_20_01,50x20,MIX,1,2964.0
tsn2,tai50_20_01,50x20,MIX,2,2918.5
tsn2,tai50_20_01,50x20,MIX,3,2944.0
tsn2,tai50_20_01,50x20,MIX,4,2965.5
tsn2,tai50_20_01,50x20,MIX,5,2973.0
tsn2,tai50_20_01,50x20,MIX,6,2943.5
tsn2,tai50_20_01,50x20,MIX,7,2980.5
tsn2,tai50_20_01,50x20,MIX,8,2957.0
tsn2,tai50_20_01,50x20,MIX,9,2972.5
tsn2,tai50_20_01,50x20,MIX,10,2953.5
tsn2,tai50_20_01,50x20,MIX,11,2930.5
tsn2,tai50_20_01,50x20,MIX,12,2950.0
tsn2,tai50_20_01,50x20,MIX,13,2959.0
tsn2,tai50_20_01,50x20,MIX,14,2960.5
tsn2,tai50_20_01,50x20,MIX,15,2960.0
tsn2,tai50_20_01,50x20,MIX,16,2943.5
tsn2,tai50_20_01,50x20,MIX,17,2941.5
tsn2,tai50_20_01,50x20,MIX,18,2949.0
tsn2,tai50_20_01,50x20,MIX,19,2948.5
tsn2,tai50_20_01,50x20,MIX,20,2981.5
tsn2,tai50_20_01,50x20,MIX,21,2950.5
tsn2,tai50_20_01,50x20,MIX,22,2946.5
tsn2,tai50_20_01,50x20,MIX,23,2953.0
tsn2,tai50_20_01,50x20,MIX,24,2951.5
tsn2,tai50_20_01,50x20,MIX,25,2978.5
tsn2,tai50_20_01,50x20,MIX,26,2970.5
tsn2,tai50_20_01,50x20,MIX,27,2949.0
tsn2,tai50_20_01,50x20,MIX,28,2945.5
tsn2,tai50_20_01,50x20,MIX,29,2945.0
tsn2,tai50_20_01,50x20,MIX,30,2966.5
tsn2,tai50_20_01,50x20,MIXH,1,2964.5
tsn2,tai50_20_01,50x20,MIXH,2,2950.5
tsn2,tai50_20_01,50x20,MIXH,3,2966.0
tsn2,tai50_20_01,50x20,MIXH,4,2955.0
tsn2,tai50_20_01,50x20,MIXH,5,2963.5
tsn2,tai50_20_01,50x20,MIXH,6,2899.5
tsn2,tai50_20_01,50x20,MIXH,7,2942.5
tsn2,tai50_20_01,50x20,MIXH,8,2949.5
tsn2,tai50_20_01,50x20,MIXH,9,2942.0
tsn2,tai50_20_01,50x20,MIXH,10,2940.0
tsn2,tai50_20_01,50x20,MIXH,11,2938.0
tsn2,tai50_20_01,50x20,MIXH,12,2938.5
tsn2,tai50_20_01,50x20,MIXH,13,2946.0
tsn2,tai50_20_01,50x20,MIXH,14,2951.5
tsn2,tai50_20_01,50x20,MIXH,15,2937.0
tsn2,tai50_20_01,50x20,MIXH,16,2979.0
tsn2,tai50_20_01,50x20,MIXH,17,2950.5
tsn2,tai50_20_01,50x20,MIXH,18,2929.5
tsn2,tai50_20_01,50x20,MIXH,19,2960.0
tsn2,tai50_20_01,50x20,MIXH,20,2962.0
tsn2,tai50_20_01,50x20,MIXH,21,2940.0
tsn2,tai50_20_01,50x20,MIXH,22,2955.5
tsn2,tai50_20_01,50x20,MIXH,23,2969.0
tsn2,tai50_20_01,50x20,MIXH,24,2947.0
tsn2,tai50_20_01,50x20,MIXH,25,2951.0
tsn2,tai50_20_01,50x20,MIXH,26,2980.0
tsn2,tai50_20_01,50x20,MIXH,27,2962.0
tsn2,tai50_20_01,50x20,MIXH,28,2943.5
tsn2,tai50_20_01,50x20,MIXH,29,2960.5
tsn2,tai50_20_01,50x20,MIXH,30,2923.5
tsn2,tai50_20_02,50x20,A0,1,3098.5
tsn2,tai50_20_02,50x20,A0,2,3120.0
tsn2,tai50_20_02,50x20,A0,3,3127.0
tsn2,tai50_20_02,50x20,A0,4,3025.0
tsn2,tai50_20_02,50x20,A0,5,3084.0
tsn2,tai50_20_02,50x20,A0,6,3087.0
tsn2,tai50_20_02,50x20,A0,7,3105.5
tsn2,tai50_20_02,50x20,A0,8,3113.0
tsn2,tai50_20_02,50x20,A0,9,3057.5
tsn2,tai50_20_02,50x20,A0,10,3070.5
tsn2,tai50_20_02,50x20,A0,11,3055.5
tsn2,tai50_20_02,50x20,A0,12,3064.5
tsn2,tai50_20_02,50x20,A0,13,3088.5
tsn2,tai50_20_02,50x20,A0,14,3092.5
tsn2,tai50_20_02,50x20,A0,15,3109.5
tsn2,tai50_20_02,50x20,A0,16,3054.0
tsn2,tai50_20_02,50x20,A0,17,3117.0
tsn2,tai50_20_02,50x20,A0,18,3069.0
tsn2,tai50_20_02,50x20,A0,19,3106.5
tsn2,tai50_20_02,50x20,A0,20,3088.0
tsn2,tai50_20_02,50x20,A0,21,3091.5
tsn2,tai50_20_02,50x20,A0,22,3079.0
tsn2,tai50_20_02,50x20,A0,23,3077.5
tsn2,tai50_20_02,50x20,A0,24,3076.5
tsn2,tai50_20_02,50x20,A0,25,3110.0
tsn2,tai50_20_02,50x20,A0,26,3066.5
tsn2,tai50_20_02,50x20,A0,27,3070.5
tsn2,tai50_20_02,50x20,A0,28,3098.0
tsn2,tai50_20_02,50x20,A0,29,3081.5
tsn2,tai50_20_02,50x20,A0,30,3109.0
tsn2,tai50_20_02,50x20,V2H,1,3056.0
tsn2,tai50_20_02,50x20,V2H,2,3084.0
tsn2,tai50_20_02,50x20,V2H,3,3080.5
tsn2,tai50_20_02,50x20,V2H,4,3059.0
tsn2,tai50_20_02,50x20,V2H,5,3074.0
tsn2,tai50_20_02,50x20,V2H,6,3033.5
tsn2,tai50_20_02,50x20,V2H,7,3124.5
tsn2,tai50_20_02,50x20,V2H,8,3102.5
tsn2,tai50_20_02,50x20,V2H,9,3064.5
tsn2,tai50_20_02,50x20,V2H,10,3074.5
tsn2,tai50_20_02,50x20,V2H,11,3081.5
tsn2,tai50_20_02,50x20,V2H,12,3097.0
tsn2,tai50_20_02,50x20,V2H,13,3088.0
tsn2,tai50_20_02,50x20,V2H,14,3072.0
tsn2,tai50_20_02,50x20,V2H,15,3111.0
tsn2,tai50_20_02,50x20,V2H,16,3120.0
tsn2,tai50_20_02,50x20,V2H,17,3041.5
tsn2,tai50_20_02,50x20,V2H,18,3071.5
tsn2,tai50_20_02,50x20,V2H,19,3049.5
tsn2,tai50_20_02,50x20,V2H,20,3069.5
tsn2,tai50_20_02,50x20,V2H,21,3095.5
tsn2,tai50_20_02,50x20,V2H,22,3057.5
tsn2,tai50_20_02,50x20,V2H,23,3136.0
tsn2,tai50_20_02,50x20,V2H,24,3082.0
tsn2,tai50_20_02,50x20,V2H,25,3055.0
tsn2,tai50_20_02,50x20,V2H,26,3046.5
tsn2,tai50_20_02,50x20,V2H,27,3074.0
tsn2,tai50_20_02,50x20,V2H,28,3089.5
tsn2,tai50_20_02,50x20,V2H,29,3096.5
tsn2,tai50_20_02,50x20,V2H,30,3091.0
tsn2,tai50_20_02,50x20,V2,1,3023.5
tsn2,tai50_20_02,50x20,V2,2,3064.5
tsn2,tai50_20_02,50x20,V2,3,3065.5
tsn2,tai50_20_02,50x20,V2,4,3110.5
tsn2,tai50_20_02,50x20,V2,5,3026.5
tsn2,tai50_20_02,50x20,V2,6,3055.5
tsn2,tai50_20_02,50x20,V2,7,3082.5
tsn2,tai50_20_02,50x20,V2,8,3117.5
tsn2,tai50_20_02,50x20,V2,9,3061.0
tsn2,tai50_20_02,50x20,V2,10,3059.5
tsn2,tai50_20_02,50x20,V2,11,3035.0
tsn2,tai50_20_02,50x20,V2,12,3104.0
tsn2,tai50_20_02,50x20,V2,13,3079.5
tsn2,tai50_20_02,50x20,V2,14,3075.0
tsn2,tai50_20_02,50x20,V2,15,3081.5
tsn2,tai50_20_02,50x20,V2,16,3093.0
tsn2,tai50_20_02,50x20,V2,17,3079.5
tsn2,tai50_20_02,50x20,V2,18,3039.5
tsn2,tai50_20_02,50x20,V2,19,3086.0
tsn2,tai50_20_02,50x20,V2,20,3098.0
tsn2,tai50_20_02,50x20,V2,21,3058.0
tsn2,tai50_20_02,50x20,V2,22,3088.5
tsn2,tai50_20_02,50x20,V2,23,3088.5
tsn2,tai50_20_02,50x20,V2,24,3075.5
tsn2,tai50_20_02,50x20,V2,25,3071.0
tsn2,tai50_20_02,50x20,V2,26,3094.0
tsn2,tai50_20_02,50x20,V2,27,3087.0
tsn2,tai50_20_02,50x20,V2,28,3053.5
tsn2,tai50_20_02,50x20,V2,29,3090.5
tsn2,tai50_20_02,50x20,V2,30,3073.0
tsn2,tai50_20_02,50x20,MOR,1,3083.0
tsn2,tai50_20_02,50x20,MOR,2,3117.0
tsn2,tai50_20_02,50x20,MOR,3,3076.5
tsn2,tai50_20_02,50x20,MOR,4,3057.0
tsn2,tai50_20_02,50x20,MOR,5,3057.0
tsn2,tai50_20_02,50x20,MOR,6,3074.5
tsn2,tai50_20_02,50x20,MOR,7,3055.0
tsn2,tai50_20_02,50x20,MOR,8,3071.5
tsn2,tai50_20_02,50x20,MOR,9,3086.0
tsn2,tai50_20_02,50x20,MOR,10,3074.0
tsn2,tai50_20_02,50x20,MOR,11,3053.0
tsn2,tai50_20_02,50x20,MOR,12,3069.5
tsn2,tai50_20_02,50x20,MOR,13,3077.0
tsn2,tai50_20_02,50x20,MOR,14,3071.0
tsn2,tai50_20_02,50x20,MOR,15,3083.0
tsn2,tai50_20_02,50x20,MOR,16,3061.5
tsn2,tai50_20_02,50x20,MOR,17,3065.0
tsn2,tai50_20_02,50x20,MOR,18,3040.0
tsn2,tai50_20_02,50x20,MOR,19,3074.0
tsn2,tai50_20_02,50x20,MOR,20,3053.5
tsn2,tai50_20_02,50x20,MOR,21,3069.0
tsn2,tai50_20_02,50x20,MOR,22,3070.5
tsn2,tai50_20_02,50x20,MOR,23,3073.0
tsn2,tai50_20_02,50x20,MOR,24,3064.0
tsn2,tai50_20_02,50x20,MOR,25,3064.0
tsn2,tai50_20_02,50x20,MOR,26,3067.5
tsn2,tai50_20_02,50x20,MOR,27,3066.0
tsn2,tai50_20_02,50x20,MOR,28,3081.5
tsn2,tai50_20_02,50x20,MOR,29,3084.5
tsn2,tai50_20_02,50x20,MOR,30,3028.5
tsn2,tai50_20_02,50x20,GT,1,3022.0
tsn2,tai50_20_02,50x20,GT,2,3026.0
tsn2,tai50_20_02,50x20,GT,3,3000.0
tsn2,tai50_20_02,50x20,GT,4,3011.5
tsn2,tai50_20_02,50x20,GT,5,3014.5
tsn2,tai50_20_02,50x20,GT,6,3017.5
tsn2,tai50_20_02,50x20,GT,7,3013.0
tsn2,tai50_20_02,50x20,GT,8,2994.0
tsn2,tai50_20_02,50x20,GT,9,3024.0
tsn2,tai50_20_02,50x20,GT,10,3020.5
tsn2,tai50_20_02,50x20,GT,11,3022.0
tsn2,tai50_20_02,50x20,GT,12,3004.0
tsn2,tai50_20_02,50x20,GT,13,3019.0
tsn2,tai50_20_02,50x20,GT,14,2999.5
tsn2,tai50_20_02,50x20,GT,15,2994.0
tsn2,tai50_20_02,50x20,GT,16,3013.5
tsn2,tai50_20_02,50x20,GT,17,3018.5
tsn2,tai50_20_02,50x20,GT,18,3010.5
tsn2,tai50_20_02,50x20,GT,19,3001.0
tsn2,tai50_20_02,50x20,GT,20,3004.5
tsn2,tai50_20_02,50x20,GT,21,3007.0
tsn2,tai50_20_02,50x20,GT,22,3015.0
tsn2,tai50_20_02,50x20,GT,23,2980.5
tsn2,tai50_20_02,50x20,GT,24,2988.0
tsn2,tai50_20_02,50x20,GT,25,3005.5
tsn2,tai50_20_02,50x20,GT,26,3024.0
tsn2,tai50_20_02,50x20,GT,27,3017.5
tsn2,tai50_20_02,50x20,GT,28,3015.5
tsn2,tai50_20_02,50x20,GT,29,3010.0
tsn2,tai50_20_02,50x20,GT,30,3024.5
tsn2,tai50_20_02,50x20,GP,1,3002.5
tsn2,tai50_20_02,50x20,GP,2,3006.5
tsn2,tai50_20_02,50x20,GP,3,3006.0
tsn2,tai50_20_02,50x20,GP,4,3028.5
tsn2,tai50_20_02,50x20,GP,5,3008.5
tsn2,tai50_20_02,50x20,GP,6,2998.5
tsn2,tai50_20_02,50x20,GP,7,2993.5
tsn2,tai50_20_02,50x20,GP,8,2995.5
tsn2,tai50_20_02,50x20,GP,9,2988.0
tsn2,tai50_20_02,50x20,GP,10,3014.5
tsn2,tai50_20_02,50x20,GP,11,3013.0
tsn2,tai50_20_02,50x20,GP,12,3004.5
tsn2,tai50_20_02,50x20,GP,13,3000.5
tsn2,tai50_20_02,50x20,GP,14,2994.0
tsn2,tai50_20_02,50x20,GP,15,3017.5
tsn2,tai50_20_02,50x20,GP,16,2973.5
tsn2,tai50_20_02,50x20,GP,17,2992.5
tsn2,tai50_20_02,50x20,GP,18,3008.0
tsn2,tai50_20_02,50x20,GP,19,3007.5
tsn2,tai50_20_02,50x20,GP,20,2999.0
tsn2,tai50_20_02,50x20,GP,21,3032.5
tsn2,tai50_20_02,50x20,GP,22,2981.5
tsn2,tai50_20_02,50x20,GP,23,2995.5
tsn2,tai50_20_02,50x20,GP,24,3009.0
tsn2,tai50_20_02,50x20,GP,25,3013.5
tsn2,tai50_20_02,50x20,GP,26,3023.5
tsn2,tai50_20_02,50x20,GP,27,3016.5
tsn2,tai50_20_02,50x20,GP,28,3013.5
tsn2,tai50_20_02,50x20,GP,29,3003.5
tsn2,tai50_20_02,50x20,GP,30,3014.5
tsn2,tai50_20_02,50x20,MIX,1,3026.0
tsn2,tai50_20_02,50x20,MIX,2,3050.5
tsn2,tai50_20_02,50x20,MIX,3,3019.5
tsn2,tai50_20_02,50x20,MIX,4,2993.0
tsn2,tai50_20_02,50x20,MIX,5,2998.0
tsn2,tai50_20_02,50x20,MIX,6,3042.5
tsn2,tai50_20_02,50x20,MIX,7,3000.0
tsn2,tai50_20_02,50x20,MIX,8,2998.0
tsn2,tai50_20_02,50x20,MIX,9,3021.0
tsn2,tai50_20_02,50x20,MIX,10,3014.5
tsn2,tai50_20_02,50x20,MIX,11,3021.0
tsn2,tai50_20_02,50x20,MIX,12,3004.0
tsn2,tai50_20_02,50x20,MIX,13,3000.5
tsn2,tai50_20_02,50x20,MIX,14,2995.0
tsn2,tai50_20_02,50x20,MIX,15,2990.5
tsn2,tai50_20_02,50x20,MIX,16,3012.0
tsn2,tai50_20_02,50x20,MIX,17,3021.5
tsn2,tai50_20_02,50x20,MIX,18,2994.0
tsn2,tai50_20_02,50x20,MIX,19,3003.0
tsn2,tai50_20_02,50x20,MIX,20,3006.5
tsn2,tai50_20_02,50x20,MIX,21,3003.0
tsn2,tai50_20_02,50x20,MIX,22,3026.5
tsn2,tai50_20_02,50x20,MIX,23,3004.0
tsn2,tai50_20_02,50x20,MIX,24,2994.5
tsn2,tai50_20_02,50x20,MIX,25,2996.0
tsn2,tai50_20_02,50x20,MIX,26,3010.5
tsn2,tai50_20_02,50x20,MIX,27,3018.5
tsn2,tai50_20_02,50x20,MIX,28,3006.0
tsn2,tai50_20_02,50x20,MIX,29,3046.0
tsn2,tai50_20_02,50x20,MIX,30,3028.0
tsn2,tai50_20_02,50x20,MIXH,1,3026.0
tsn2,tai50_20_02,50x20,MIXH,2,2992.0
tsn2,tai50_20_02,50x20,MIXH,3,3000.0
tsn2,tai50_20_02,50x20,MIXH,4,2979.5
tsn2,tai50_20_02,50x20,MIXH,5,2999.0
tsn2,tai50_20_02,50x20,MIXH,6,2991.5
tsn2,tai50_20_02,50x20,MIXH,7,3014.5
tsn2,tai50_20_02,50x20,MIXH,8,3022.0
tsn2,tai50_20_02,50x20,MIXH,9,3024.0
tsn2,tai50_20_02,50x20,MIXH,10,2998.5
tsn2,tai50_20_02,50x20,MIXH,11,3004.5
tsn2,tai50_20_02,50x20,MIXH,12,3001.5
tsn2,tai50_20_02,50x20,MIXH,13,3014.0
tsn2,tai50_20_02,50x20,MIXH,14,3005.5
tsn2,tai50_20_02,50x20,MIXH,15,3038.5
tsn2,tai50_20_02,50x20,MIXH,16,2995.5
tsn2,tai50_20_02,50x20,MIXH,17,2997.0
tsn2,tai50_20_02,50x20,MIXH,18,2974.5
tsn2,tai50_20_02,50x20,MIXH,19,2972.5
tsn2,tai50_20_02,50x20,MIXH,20,3037.0
tsn2,tai50_20_02,50x20,MIXH,21,2980.0
tsn2,tai50_20_02,50x20,MIXH,22,2985.5
tsn2,tai50_20_02,50x20,MIXH,23,3008.5
tsn2,tai50_20_02,50x20,MIXH,24,3013.0
tsn2,tai50_20_02,50x20,MIXH,25,2982.0
tsn2,tai50_20_02,50x20,MIXH,26,2989.0
tsn2,tai50_20_02,50x20,MIXH,27,3003.0
tsn2,tai50_20_02,50x20,MIXH,28,3011.0
tsn2,tai50_20_02,50x20,MIXH,29,3001.5
tsn2,tai50_20_02,50x20,MIXH,30,3013.5
tsn2,tai50_20_03,50x20,A0,1,2863.5
tsn2,tai50_20_03,50x20,A0,2,2860.5
tsn2,tai50_20_03,50x20,A0,3,2899.5
tsn2,tai50_20_03,50x20,A0,4,2886.0
tsn2,tai50_20_03,50x20,A0,5,2831.5
tsn2,tai50_20_03,50x20,A0,6,2844.5
tsn2,tai50_20_03,50x20,A0,7,2888.0
tsn2,tai50_20_03,50x20,A0,8,2873.0
tsn2,tai50_20_03,50x20,A0,9,2897.0
tsn2,tai50_20_03,50x20,A0,10,2871.0
tsn2,tai50_20_03,50x20,A0,11,2866.5
tsn2,tai50_20_03,50x20,A0,12,2877.5
tsn2,tai50_20_03,50x20,A0,13,2886.5
tsn2,tai50_20_03,50x20,A0,14,2870.5
tsn2,tai50_20_03,50x20,A0,15,2868.0
tsn2,tai50_20_03,50x20,A0,16,2855.0
tsn2,tai50_20_03,50x20,A0,17,2871.0
tsn2,tai50_20_03,50x20,A0,18,2857.0
tsn2,tai50_20_03,50x20,A0,19,2866.5
tsn2,tai50_20_03,50x20,A0,20,2874.5
tsn2,tai50_20_03,50x20,A0,21,2880.5
tsn2,tai50_20_03,50x20,A0,22,2861.5
tsn2,tai50_20_03,50x20,A0,23,2902.0
tsn2,tai50_20_03,50x20,A0,24,2850.0
tsn2,tai50_20_03,50x20,A0,25,2871.0
tsn2,tai50_20_03,50x20,A0,26,2889.0
tsn2,tai50_20_03,50x20,A0,27,2848.0
tsn2,tai50_20_03,50x20,A0,28,2870.5
tsn2,tai50_20_03,50x20,A0,29,2855.0
tsn2,tai50_20_03,50x20,A0,30,2883.5
tsn2,tai50_20_03,50x20,V2H,1,2858.0
tsn2,tai50_20_03,50x20,V2H,2,2860.0
tsn2,tai50_20_03,50x20,V2H,3,2865.5
tsn2,tai50_20_03,50x20,V2H,4,2886.0
tsn2,tai50_20_03,50x20,V2H,5,2867.0
tsn2,tai50_20_03,50x20,V2H,6,2871.0
tsn2,tai50_20_03,50x20,V2H,7,2881.0
tsn2,tai50_20_03,50x20,V2H,8,2867.5
tsn2,tai50_20_03,50x20,V2H,9,2866.5
tsn2,tai50_20_03,50x20,V2H,10,2835.5
tsn2,tai50_20_03,50x20,V2H,11,2879.5
tsn2,tai50_20_03,50x20,V2H,12,2891.0
tsn2,tai50_20_03,50x20,V2H,13,2889.0
tsn2,tai50_20_03,50x20,V2H,14,2872.5
tsn2,tai50_20_03,50x20,V2H,15,2905.0
tsn2,tai50_20_03,50x20,V2H,16,2873.0
tsn2,tai50_20_03,50x20,V2H,17,2845.5
tsn2,tai50_20_03,50x20,V2H,18,2861.0
tsn2,tai50_20_03,50x20,V2H,19,2840.5
tsn2,tai50_20_03,50x20,V2H,20,2877.0
tsn2,tai50_20_03,50x20,V2H,21,2869.5
tsn2,tai50_20_03,50x20,V2H,22,2887.5
tsn2,tai50_20_03,50x20,V2H,23,2867.5
tsn2,tai50_20_03,50x20,V2H,24,2906.5
tsn2,tai50_20_03,50x20,V2H,25,2886.5
tsn2,tai50_20_03,50x20,V2H,26,2863.5
tsn2,tai50_20_03,50x20,V2H,27,2855.5
tsn2,tai50_20_03,50x20,V2H,28,2874.5
tsn2,tai50_20_03,50x20,V2H,29,2879.0
tsn2,tai50_20_03,50x20,V2H,30,2885.0
tsn2,tai50_20_03,50x20,V2,1,2878.0
tsn2,tai50_20_03,50x20,V2,2,2893.5
tsn2,tai50_20_03,50x20,V2,3,2905.5
tsn2,tai50_20_03,50x20,V2,4,2899.0
tsn2,tai50_20_03,50x20,V2,5,2844.0
tsn2,tai50_20_03,50x20,V2,6,2838.0
tsn2,tai50_20_03,50x20,V2,7,2858.5
tsn2,tai50_20_03,50x20,V2,8,2875.0
tsn2,tai50_20_03,50x20,V2,9,2855.5
tsn2,tai50_20_03,50x20,V2,10,2853.5
tsn2,tai50_20_03,50x20,V2,11,2869.5
tsn2,tai50_20_03,50x20,V2,12,2920.0
tsn2,tai50_20_03,50x20,V2,13,2889.5
tsn2,tai50_20_03,50x20,V2,14,2845.5
tsn2,tai50_20_03,50x20,V2,15,2874.5
tsn2,tai50_20_03,50x20,V2,16,2890.5
tsn2,tai50_20_03,50x20,V2,17,2875.0
tsn2,tai50_20_03,50x20,V2,18,2860.0
tsn2,tai50_20_03,50x20,V2,19,2881.5
tsn2,tai50_20_03,50x20,V2,20,2891.5
tsn2,tai50_20_03,50x20,V2,21,2874.5
tsn2,tai50_20_03,50x20,V2,22,2855.0
tsn2,tai50_20_03,50x20,V2,23,2904.0
tsn2,tai50_20_03,50x20,V2,24,2869.0
tsn2,tai50_20_03,50x20,V2,25,2875.0
tsn2,tai50_20_03,50x20,V2,26,2863.0
tsn2,tai50_20_03,50x20,V2,27,2874.0
tsn2,tai50_20_03,50x20,V2,28,2908.0
tsn2,tai50_20_03,50x20,V2,29,2876.0
tsn2,tai50_20_03,50x20,V2,30,2858.0
tsn2,tai50_20_03,50x20,MOR,1,2835.0
tsn2,tai50_20_03,50x20,MOR,2,2837.5
tsn2,tai50_20_03,50x20,MOR,3,2810.5
tsn2,tai50_20_03,50x20,MOR,4,2829.0
tsn2,tai50_20_03,50x20,MOR,5,2833.5
tsn2,tai50_20_03,50x20,MOR,6,2841.0
tsn2,tai50_20_03,50x20,MOR,7,2821.5
tsn2,tai50_20_03,50x20,MOR,8,2820.5
tsn2,tai50_20_03,50x20,MOR,9,2824.0
tsn2,tai50_20_03,50x20,MOR,10,2807.5
tsn2,tai50_20_03,50x20,MOR,11,2825.5
tsn2,tai50_20_03,50x20,MOR,12,2839.0
tsn2,tai50_20_03,50x20,MOR,13,2815.5
tsn2,tai50_20_03,50x20,MOR,14,2826.0
tsn2,tai50_20_03,50x20,MOR,15,2853.5
tsn2,tai50_20_03,50x20,MOR,16,2833.0
tsn2,tai50_20_03,50x20,MOR,17,2834.0
tsn2,tai50_20_03,50x20,MOR,18,2835.5
tsn2,tai50_20_03,50x20,MOR,19,2838.5
tsn2,tai50_20_03,50x20,MOR,20,2826.0
tsn2,tai50_20_03,50x20,MOR,21,2844.0
tsn2,tai50_20_03,50x20,MOR,22,2833.0
tsn2,tai50_20_03,50x20,MOR,23,2831.0
tsn2,tai50_20_03,50x20,MOR,24,2828.0
tsn2,tai50_20_03,50x20,MOR,25,2840.5
tsn2,tai50_20_03,50x20,MOR,26,2816.5
tsn2,tai50_20_03,50x20,MOR,27,2826.5
tsn2,tai50_20_03,50x20,MOR,28,2817.5
tsn2,tai50_20_03,50x20,MOR,29,2820.5
tsn2,tai50_20_03,50x20,MOR,30,2823.0
tsn2,tai50_20_03,50x20,GT,1,2867.0
tsn2,tai50_20_03,50x20,GT,2,2850.5
tsn2,tai50_20_03,50x20,GT,3,2848.5
tsn2,tai50_20_03,50x20,GT,4,2827.5
tsn2,tai50_20_03,50x20,GT,5,2842.5
tsn2,tai50_20_03,50x20,GT,6,2832.0
tsn2,tai50_20_03,50x20,GT,7,2832.0
tsn2,tai50_20_03,50x20,GT,8,2847.5
tsn2,tai50_20_03,50x20,GT,9,2842.0
tsn2,tai50_20_03,50x20,GT,10,2854.5
tsn2,tai50_20_03,50x20,GT,11,2831.5
tsn2,tai50_20_03,50x20,GT,12,2858.5
tsn2,tai50_20_03,50x20,GT,13,2831.0
tsn2,tai50_20_03,50x20,GT,14,2839.5
tsn2,tai50_20_03,50x20,GT,15,2844.5
tsn2,tai50_20_03,50x20,GT,16,2837.5
tsn2,tai50_20_03,50x20,GT,17,2845.5
tsn2,tai50_20_03,50x20,GT,18,2836.0
tsn2,tai50_20_03,50x20,GT,19,2854.0
tsn2,tai50_20_03,50x20,GT,20,2856.0
tsn2,tai50_20_03,50x20,GT,21,2850.0
tsn2,tai50_20_03,50x20,GT,22,2855.5
tsn2,tai50_20_03,50x20,GT,23,2836.5
tsn2,tai50_20_03,50x20,GT,24,2831.5
tsn2,tai50_20_03,50x20,GT,25,2839.5
tsn2,tai50_20_03,50x20,GT,26,2834.5
tsn2,tai50_20_03,50x20,GT,27,2843.5
tsn2,tai50_20_03,50x20,GT,28,2854.0
tsn2,tai50_20_03,50x20,GT,29,2841.5
tsn2,tai50_20_03,50x20,GT,30,2852.0
tsn2,tai50_20_03,50x20,GP,1,2840.0
tsn2,tai50_20_03,50x20,GP,2,2835.0
tsn2,tai50_20_03,50x20,GP,3,2823.5
tsn2,tai50_20_03,50x20,GP,4,2826.5
tsn2,tai50_20_03,50x20,GP,5,2840.0
tsn2,tai50_20_03,50x20,GP,6,2841.5
tsn2,tai50_20_03,50x20,GP,7,2826.5
tsn2,tai50_20_03,50x20,GP,8,2827.0
tsn2,tai50_20_03,50x20,GP,9,2828.5
tsn2,tai50_20_03,50x20,GP,10,2842.0
tsn2,tai50_20_03,50x20,GP,11,2823.5
tsn2,tai50_20_03,50x20,GP,12,2846.5
tsn2,tai50_20_03,50x20,GP,13,2835.0
tsn2,tai50_20_03,50x20,GP,14,2814.5
tsn2,tai50_20_03,50x20,GP,15,2835.0
tsn2,tai50_20_03,50x20,GP,16,2846.0
tsn2,tai50_20_03,50x20,GP,17,2833.5
tsn2,tai50_20_03,50x20,GP,18,2819.5
tsn2,tai50_20_03,50x20,GP,19,2839.5
tsn2,tai50_20_03,50x20,GP,20,2842.0
tsn2,tai50_20_03,50x20,GP,21,2862.5
tsn2,tai50_20_03,50x20,GP,22,2846.5
tsn2,tai50_20_03,50x20,GP,23,2825.5
tsn2,tai50_20_03,50x20,GP,24,2844.5
tsn2,tai50_20_03,50x20,GP,25,2843.0
tsn2,tai50_20_03,50x20,GP,26,2820.5
tsn2,tai50_20_03,50x20,GP,27,2816.5
tsn2,tai50_20_03,50x20,GP,28,2818.0
tsn2,tai50_20_03,50x20,GP,29,2841.0
tsn2,tai50_20_03,50x20,GP,30,2838.5
tsn2,tai50_20_03,50x20,MIX,1,2843.0
tsn2,tai50_20_03,50x20,MIX,2,2829.5
tsn2,tai50_20_03,50x20,MIX,3,2850.5
tsn2,tai50_20_03,50x20,MIX,4,2826.0
tsn2,tai50_20_03,50x20,MIX,5,2850.0
tsn2,tai50_20_03,50x20,MIX,6,2816.5
tsn2,tai50_20_03,50x20,MIX,7,2822.0
tsn2,tai50_20_03,50x20,MIX,8,2855.5
tsn2,tai50_20_03,50x20,MIX,9,2826.5
tsn2,tai50_20_03,50x20,MIX,10,2821.5
tsn2,tai50_20_03,50x20,MIX,11,2833.0
tsn2,tai50_20_03,50x20,MIX,12,2848.0
tsn2,tai50_20_03,50x20,MIX,13,2814.5
tsn2,tai50_20_03,50x20,MIX,14,2836.0
tsn2,tai50_20_03,50x20,MIX,15,2814.5
tsn2,tai50_20_03,50x20,MIX,16,2827.5
tsn2,tai50_20_03,50x20,MIX,17,2843.0
tsn2,tai50_20_03,50x20,MIX,18,2846.0
tsn2,tai50_20_03,50x20,MIX,19,2834.0
tsn2,tai50_20_03,50x20,MIX,20,2849.0
tsn2,tai50_20_03,50x20,MIX,21,2842.5
tsn2,tai50_20_03,50x20,MIX,22,2827.5
tsn2,tai50_20_03,50x20,MIX,23,2838.5
tsn2,tai50_20_03,50x20,MIX,24,2818.0
tsn2,tai50_20_03,50x20,MIX,25,2846.0
tsn2,tai50_20_03,50x20,MIX,26,2832.0
tsn2,tai50_20_03,50x20,MIX,27,2847.0
tsn2,tai50_20_03,50x20,MIX,28,2844.5
tsn2,tai50_20_03,50x20,MIX,29,2853.0
tsn2,tai50_20_03,50x20,MIX,30,2835.5
tsn2,tai50_20_03,50x20,MIXH,1,2834.0
tsn2,tai50_20_03,50x20,MIXH,2,2848.0
tsn2,tai50_20_03,50x20,MIXH,3,2822.5
tsn2,tai50_20_03,50x20,MIXH,4,2847.5
tsn2,tai50_20_03,50x20,MIXH,5,2826.0
tsn2,tai50_20_03,50x20,MIXH,6,2823.5
tsn2,tai50_20_03,50x20,MIXH,7,2813.0
tsn2,tai50_20_03,50x20,MIXH,8,2836.0
tsn2,tai50_20_03,50x20,MIXH,9,2808.5
tsn2,tai50_20_03,50x20,MIXH,10,2841.0
tsn2,tai50_20_03,50x20,MIXH,11,2821.5
tsn2,tai50_20_03,50x20,MIXH,12,2823.5
tsn2,tai50_20_03,50x20,MIXH,13,2840.5
tsn2,tai50_20_03,50x20,MIXH,14,2809.0
tsn2,tai50_20_03,50x20,MIXH,15,2837.0
tsn2,tai50_20_03,50x20,MIXH,16,2835.0
tsn2,tai50_20_03,50x20,MIXH,17,2830.0
tsn2,tai50_20_03,50x20,MIXH,18,2797.0
tsn2,tai50_20_03,50x20,MIXH,19,2830.0
tsn2,tai50_20_03,50x20,MIXH,20,2830.0
tsn2,tai50_20_03,50x20,MIXH,21,2826.0
tsn2,tai50_20_03,50x20,MIXH,22,2824.5
tsn2,tai50_20_03,50x20,MIXH,23,2846.5
tsn2,tai50_20_03,50x20,MIXH,24,2830.0
tsn2,tai50_20_03,50x20,MIXH,25,2821.5
tsn2,tai50_20_03,50x20,MIXH,26,2820.0
tsn2,tai50_20_03,50x20,MIXH,27,2829.0
tsn2,tai50_20_03,50x20,MIXH,28,2804.0
tsn2,tai50_20_03,50x20,MIXH,29,2817.0
tsn2,tai50_20_03,50x20,MIXH,30,2824.5
tsn2,tai50_20_04,50x20,A0,1,2819.5
tsn2,tai50_20_04,50x20,A0,2,2772.5
tsn2,tai50_20_04,50x20,A0,3,2829.0
tsn2,tai50_20_04,50x20,A0,4,2800.5
tsn2,tai50_20_04,50x20,A0,5,2802.5
tsn2,tai50_20_04,50x20,A0,6,2788.0
tsn2,tai50_20_04,50x20,A0,7,2801.5
tsn2,tai50_20_04,50x20,A0,8,2784.5
tsn2,tai50_20_04,50x20,A0,9,2808.0
tsn2,tai50_20_04,50x20,A0,10,2781.0
tsn2,tai50_20_04,50x20,A0,11,2817.0
tsn2,tai50_20_04,50x20,A0,12,2846.0
tsn2,tai50_20_04,50x20,A0,13,2819.5
tsn2,tai50_20_04,50x20,A0,14,2790.5
tsn2,tai50_20_04,50x20,A0,15,2768.5
tsn2,tai50_20_04,50x20,A0,16,2780.0
tsn2,tai50_20_04,50x20,A0,17,2833.5
tsn2,tai50_20_04,50x20,A0,18,2823.0
tsn2,tai50_20_04,50x20,A0,19,2808.5
tsn2,tai50_20_04,50x20,A0,20,2794.5
tsn2,tai50_20_04,50x20,A0,21,2806.0
tsn2,tai50_20_04,50x20,A0,22,2799.5
tsn2,tai50_20_04,50x20,A0,23,2818.0
tsn2,tai50_20_04,50x20,A0,24,2846.5
tsn2,tai50_20_04,50x20,A0,25,2798.5
tsn2,tai50_20_04,50x20,A0,26,2825.0
tsn2,tai50_20_04,50x20,A0,27,2788.0
tsn2,tai50_20_04,50x20,A0,28,2842.0
tsn2,tai50_20_04,50x20,A0,29,2810.0
tsn2,tai50_20_04,50x20,A0,30,2805.5
tsn2,tai50_20_04,50x20,V2H,1,2773.0
tsn2,tai50_20_04,50x20,V2H,2,2787.5
tsn2,tai50_20_04,50x20,V2H,3,2830.0
tsn2,tai50_20_04,50x20,V2H,4,2855.0
tsn2,tai50_20_04,50x20,V2H,5,2833.5
tsn2,tai50_20_04,50x20,V2H,6,2849.5
tsn2,tai50_20_04,50x20,V2H,7,2824.0
tsn2,tai50_20_04,50x20,V2H,8,2823.5
tsn2,tai50_20_04,50x20,V2H,9,2787.5
tsn2,tai50_20_04,50x20,V2H,10,2782.5
tsn2,tai50_20_04,50x20,V2H,11,2808.5
tsn2,tai50_20_04,50x20,V2H,12,2810.0
tsn2,tai50_20_04,50x20,V2H,13,2841.0
tsn2,tai50_20_04,50x20,V2H,14,2826.0
tsn2,tai50_20_04,50x20,V2H,15,2870.5
tsn2,tai50_20_04,50x20,V2H,16,2832.0
tsn2,tai50_20_04,50x20,V2H,17,2779.5
tsn2,tai50_20_04,50x20,V2H,18,2820.0
tsn2,tai50_20_04,50x20,V2H,19,2806.0
tsn2,tai50_20_04,50x20,V2H,20,2814.5
tsn2,tai50_20_04,50x20,V2H,21,2852.5
tsn2,tai50_20_04,50x20,V2H,22,2845.5
tsn2,tai50_20_04,50x20,V2H,23,2853.0
tsn2,tai50_20_04,50x20,V2H,24,2828.5
tsn2,tai50_20_04,50x20,V2H,25,2786.5
tsn2,tai50_20_04,50x20,V2H,26,2790.5
tsn2,tai50_20_04,50x20,V2H,27,2787.0
tsn2,tai50_20_04,50x20,V2H,28,2801.0
tsn2,tai50_20_04,50x20,V2H,29,2882.0
tsn2,tai50_20_04,50x20,V2H,30,2797.0
tsn2,tai50_20_04,50x20,V2,1,2807.5
tsn2,tai50_20_04,50x20,V2,2,2805.5
tsn2,tai50_20_04,50x20,V2,3,2846.0
tsn2,tai50_20_04,50x20,V2,4,2836.0
tsn2,tai50_20_04,50x20,V2,5,2821.5
tsn2,tai50_20_04,50x20,V2,6,2810.0
tsn2,tai50_20_04,50x20,V2,7,2845.0
tsn2,tai50_20_04,50x20,V2,8,2836.5
tsn2,tai50_20_04,50x20,V2,9,2810.5
tsn2,tai50_20_04,50x20,V2,10,2775.5
tsn2,tai50_20_04,50x20,V2,11,2804.0
tsn2,tai50_20_04,50x20,V2,12,2812.0
tsn2,tai50_20_04,50x20,V2,13,2796.0
tsn2,tai50_20_04,50x20,V2,14,2784.0
tsn2,tai50_20_04,50x20,V2,15,2802.0
tsn2,tai50_20_04,50x20,V2,16,2847.5
tsn2,tai50_20_04,50x20,V2,17,2792.5
tsn2,tai50_20_04,50x20,V2,18,2782.5
tsn2,tai50_20_04,50x20,V2,19,2848.0
tsn2,tai50_20_04,50x20,V2,20,2854.5
tsn2,tai50_20_04,50x20,V2,21,2830.0
tsn2,tai50_20_04,50x20,V2,22,2801.0
tsn2,tai50_20_04,50x20,V2,23,2822.5
tsn2,tai50_20_04,50x20,V2,24,2825.0
tsn2,tai50_20_04,50x20,V2,25,2816.5
tsn2,tai50_20_04,50x20,V2,26,2790.0
tsn2,tai50_20_04,50x20,V2,27,2806.0
tsn2,tai50_20_04,50x20,V2,28,2850.0
tsn2,tai50_20_04,50x20,V2,29,2824.5
tsn2,tai50_20_04,50x20,V2,30,2800.5
tsn2,tai50_20_04,50x20,MOR,1,2766.5
tsn2,tai50_20_04,50x20,MOR,2,2756.5
tsn2,tai50_20_04,50x20,MOR,3,2759.5
tsn2,tai50_20_04,50x20,MOR,4,2769.0
tsn2,tai50_20_04,50x20,MOR,5,2767.5
tsn2,tai50_20_04,50x20,MOR,6,2776.0
tsn2,tai50_20_04,50x20,MOR,7,2784.5
tsn2,tai50_20_04,50x20,MOR,8,2773.5
tsn2,tai50_20_04,50x20,MOR,9,2773.5
tsn2,tai50_20_04,50x20,MOR,10,2768.0
tsn2,tai50_20_04,50x20,MOR,11,2806.0
tsn2,tai50_20_04,50x20,MOR,12,2773.5
tsn2,tai50_20_04,50x20,MOR,13,2770.0
tsn2,tai50_20_04,50x20,MOR,14,2767.5
tsn2,tai50_20_04,50x20,MOR,15,2780.0
tsn2,tai50_20_04,50x20,MOR,16,2764.5
tsn2,tai50_20_04,50x20,MOR,17,2766.5
tsn2,tai50_20_04,50x20,MOR,18,2793.0
tsn2,tai50_20_04,50x20,MOR,19,2772.5
tsn2,tai50_20_04,50x20,MOR,20,2764.5
tsn2,tai50_20_04,50x20,MOR,21,2770.5
tsn2,tai50_20_04,50x20,MOR,22,2792.0
tsn2,tai50_20_04,50x20,MOR,23,2786.5
tsn2,tai50_20_04,50x20,MOR,24,2760.5
tsn2,tai50_20_04,50x20,MOR,25,2769.5
tsn2,tai50_20_04,50x20,MOR,26,2762.5
tsn2,tai50_20_04,50x20,MOR,27,2763.5
tsn2,tai50_20_04,50x20,MOR,28,2782.5
tsn2,tai50_20_04,50x20,MOR,29,2800.5
tsn2,tai50_20_04,50x20,MOR,30,2772.5
tsn2,tai50_20_04,50x20,GT,1,2834.0
tsn2,tai50_20_04,50x20,GT,2,2814.0
tsn2,tai50_20_04,50x20,GT,3,2818.5
tsn2,tai50_20_04,50x20,GT,4,2785.5
tsn2,tai50_20_04,50x20,GT,5,2835.5
tsn2,tai50_20_04,50x20,GT,6,2829.0
tsn2,tai50_20_04,50x20,GT,7,2814.5
tsn2,tai50_20_04,50x20,GT,8,2799.5
tsn2,tai50_20_04,50x20,GT,9,2834.0
tsn2,tai50_20_04,50x20,GT,10,2843.0
tsn2,tai50_20_04,50x20,GT,11,2826.5
tsn2,tai50_20_04,50x20,GT,12,2807.0
tsn2,tai50_20_04,50x20,GT,13,2834.5
tsn2,tai50_20_04,50x20,GT,14,2826.0
tsn2,tai50_20_04,50x20,GT,15,2833.0
tsn2,tai50_20_04,50x20,GT,16,2849.5
tsn2,tai50_20_04,50x20,GT,17,2803.0
tsn2,tai50_20_04,50x20,GT,18,2830.0
tsn2,tai50_20_04,50x20,GT,19,2811.0
tsn2,tai50_20_04,50x20,GT,20,2832.0
tsn2,tai50_20_04,50x20,GT,21,2829.5
tsn2,tai50_20_04,50x20,GT,22,2809.0
tsn2,tai50_20_04,50x20,GT,23,2815.0
tsn2,tai50_20_04,50x20,GT,24,2818.5
tsn2,tai50_20_04,50x20,GT,25,2821.0
tsn2,tai50_20_04,50x20,GT,26,2833.5
tsn2,tai50_20_04,50x20,GT,27,2815.0
tsn2,tai50_20_04,50x20,GT,28,2832.0
tsn2,tai50_20_04,50x20,GT,29,2797.0
tsn2,tai50_20_04,50x20,GT,30,2815.5
tsn2,tai50_20_04,50x20,GP,1,2807.5
tsn2,tai50_20_04,50x20,GP,2,2784.0
tsn2,tai50_20_04,50x20,GP,3,2780.5
tsn2,tai50_20_04,50x20,GP,4,2798.5
tsn2,tai50_20_04,50x20,GP,5,2775.5
tsn2,tai50_20_04,50x20,GP,6,2776.0
tsn2,tai50_20_04,50x20,GP,7,2788.0
tsn2,tai50_20_04,50x20,GP,8,2763.5
tsn2,tai50_20_04,50x20,GP,9,2784.0
tsn2,tai50_20_04,50x20,GP,10,2793.0
tsn2,tai50_20_04,50x20,GP,11,2798.0
tsn2,tai50_20_04,50x20,GP,12,2798.0
tsn2,tai50_20_04,50x20,GP,13,2789.5
tsn2,tai50_20_04,50x20,GP,14,2810.0
tsn2,tai50_20_04,50x20,GP,15,2782.0
tsn2,tai50_20_04,50x20,GP,16,2798.5
tsn2,tai50_20_04,50x20,GP,17,2794.0
tsn2,tai50_20_04,50x20,GP,18,2781.0
tsn2,tai50_20_04,50x20,GP,19,2813.5
tsn2,tai50_20_04,50x20,GP,20,2795.0
tsn2,tai50_20_04,50x20,GP,21,2793.0
tsn2,tai50_20_04,50x20,GP,22,2807.0
tsn2,tai50_20_04,50x20,GP,23,2800.5
tsn2,tai50_20_04,50x20,GP,24,2778.5
tsn2,tai50_20_04,50x20,GP,25,2788.0
tsn2,tai50_20_04,50x20,GP,26,2818.5
tsn2,tai50_20_04,50x20,GP,27,2784.0
tsn2,tai50_20_04,50x20,GP,28,2787.5
tsn2,tai50_20_04,50x20,GP,29,2785.5
tsn2,tai50_20_04,50x20,GP,30,2803.5
tsn2,tai50_20_04,50x20,MIX,1,2804.0
tsn2,tai50_20_04,50x20,MIX,2,2804.5
tsn2,tai50_20_04,50x20,MIX,3,2798.0
tsn2,tai50_20_04,50x20,MIX,4,2787.0
tsn2,tai50_20_04,50x20,MIX,5,2810.5
tsn2,tai50_20_04,50x20,MIX,6,2810.5
tsn2,tai50_20_04,50x20,MIX,7,2805.0
tsn2,tai50_20_04,50x20,MIX,8,2793.0
tsn2,tai50_20_04,50x20,MIX,9,2796.0
tsn2,tai50_20_04,50x20,MIX,10,2805.0
tsn2,tai50_20_04,50x20,MIX,11,2799.0
tsn2,tai50_20_04,50x20,MIX,12,2780.5
tsn2,tai50_20_04,50x20,MIX,13,2799.5
tsn2,tai50_20_04,50x20,MIX,14,2791.5
tsn2,tai50_20_04,50x20,MIX,15,2775.0
tsn2,tai50_20_04,50x20,MIX,16,2782.5
tsn2,tai50_20_04,50x20,MIX,17,2796.5
tsn2,tai50_20_04,50x20,MIX,18,2806.0
tsn2,tai50_20_04,50x20,MIX,19,2802.5
tsn2,tai50_20_04,50x20,MIX,20,2832.5
tsn2,tai50_20_04,50x20,MIX,21,2773.5
tsn2,tai50_20_04,50x20,MIX,22,2820.0
tsn2,tai50_20_04,50x20,MIX,23,2792.5
tsn2,tai50_20_04,50x20,MIX,24,2790.5
tsn2,tai50_20_04,50x20,MIX,25,2777.5
tsn2,tai50_20_04,50x20,MIX,26,2789.5
tsn2,tai50_20_04,50x20,MIX,27,2795.5
tsn2,tai50_20_04,50x20,MIX,28,2826.5
tsn2,tai50_20_04,50x20,MIX,29,2821.5
tsn2,tai50_20_04,50x20,MIX,30,2773.0
tsn2,tai50_20_04,50x20,MIXH,1,2750.5
tsn2,tai50_20_04,50x20,MIXH,2,2784.5
tsn2,tai50_20_04,50x20,MIXH,3,2774.0
tsn2,tai50_20_04,50x20,MIXH,4,2813.5
tsn2,tai50_20_04,50x20,MIXH,5,2756.5
tsn2,tai50_20_04,50x20,MIXH,6,2791.5
tsn2,tai50_20_04,50x20,MIXH,7,2784.5
tsn2,tai50_20_04,50x20,MIXH,8,2765.5
tsn2,tai50_20_04,50x20,MIXH,9,2771.5
tsn2,tai50_20_04,50x20,MIXH,10,2749.0
tsn2,tai50_20_04,50x20,MIXH,11,2777.0
tsn2,tai50_20_04,50x20,MIXH,12,2808.0
tsn2,tai50_20_04,50x20,MIXH,13,2792.5
tsn2,tai50_20_04,50x20,MIXH,14,2814.0
tsn2,tai50_20_04,50x20,MIXH,15,2805.5
tsn2,tai50_20_04,50x20,MIXH,16,2779.5
tsn2,tai50_20_04,50x20,MIXH,17,2808.0
tsn2,tai50_20_04,50x20,MIXH,18,2775.5
tsn2,tai50_20_04,50x20,MIXH,19,2763.5
tsn2,tai50_20_04,50x20,MIXH,20,2780.5
tsn2,tai50_20_04,50x20,MIXH,21,2758.5
tsn2,tai50_20_04,50x20,MIXH,22,2766.5
tsn2,tai50_20_04,50x20,MIXH,23,2797.0
tsn2,tai50_20_04,50x20,MIXH,24,2768.5
tsn2,tai50_20_04,50x20,MIXH,25,2812.0
tsn2,tai50_20_04,50x20,MIXH,26,2799.5
tsn2,tai50_20_04,50x20,MIXH,27,2779.0
tsn2,tai50_20_04,50x20,MIXH,28,2797.5
tsn2,tai50_20_04,50x20,MIXH,29,2754.5
tsn2,tai50_20_04,50x20,MIXH,30,2806.0
tsn2,tai50_20_05,50x20,A0,1,2851.0
tsn2,tai50_20_05,50x20,A0,2,2859.0
tsn2,tai50_20_05,50x20,A0,3,2866.0
tsn2,tai50_20_05,50x20,A0,4,2869.0
tsn2,tai50_20_05,50x20,A0,5,2866.5
tsn2,tai50_20_05,50x20,A0,6,2879.0
tsn2,tai50_20_05,50x20,A0,7,2889.0
tsn2,tai50_20_05,50x20,A0,8,2842.5
tsn2,tai50_20_05,50x20,A0,9,2881.0
tsn2,tai50_20_05,50x20,A0,10,2901.0
tsn2,tai50_20_05,50x20,A0,11,2826.0
tsn2,tai50_20_05,50x20,A0,12,2890.0
tsn2,tai50_20_05,50x20,A0,13,2863.5
tsn2,tai50_20_05,50x20,A0,14,2842.0
tsn2,tai50_20_05,50x20,A0,15,2876.5
tsn2,tai50_20_05,50x20,A0,16,2871.5
tsn2,tai50_20_05,50x20,A0,17,2866.5
tsn2,tai50_20_05,50x20,A0,18,2874.5
tsn2,tai50_20_05,50x20,A0,19,2868.0
tsn2,tai50_20_05,50x20,A0,20,2860.0
tsn2,tai50_20_05,50x20,A0,21,2872.5
tsn2,tai50_20_05,50x20,A0,22,2859.0
tsn2,tai50_20_05,50x20,A0,23,2872.0
tsn2,tai50_20_05,50x20,A0,24,2853.5
tsn2,tai50_20_05,50x20,A0,25,2824.0
tsn2,tai50_20_05,50x20,A0,26,2873.0
tsn2,tai50_20_05,50x20,A0,27,2855.5
tsn2,tai50_20_05,50x20,A0,28,2822.5
tsn2,tai50_20_05,50x20,A0,29,2884.5
tsn2,tai50_20_05,50x20,A0,30,2857.0
tsn2,tai50_20_05,50x20,V2H,1,2838.0
tsn2,tai50_20_05,50x20,V2H,2,2845.0
tsn2,tai50_20_05,50x20,V2H,3,2859.5
tsn2,tai50_20_05,50x20,V2H,4,2863.0
tsn2,tai50_20_05,50x20,V2H,5,2856.5
tsn2,tai50_20_05,50x20,V2H,6,2861.5
tsn2,tai50_20_05,50x20,V2H,7,2885.0
tsn2,tai50_20_05,50x20,V2H,8,2850.5
tsn2,tai50_20_05,50x20,V2H,9,2826.5
tsn2,tai50_20_05,50x20,V2H,10,2879.0
tsn2,tai50_20_05,50x20,V2H,11,2871.5
tsn2,tai50_20_05,50x20,V2H,12,2849.0
tsn2,tai50_20_05,50x20,V2H,13,2858.5
tsn2,tai50_20_05,50x20,V2H,14,2855.0
tsn2,tai50_20_05,50x20,V2H,15,2839.0
tsn2,tai50_20_05,50x20,V2H,16,2843.5
tsn2,tai50_20_05,50x20,V2H,17,2851.0
tsn2,tai50_20_05,50x20,V2H,18,2867.0
tsn2,tai50_20_05,50x20,V2H,19,2857.5
tsn2,tai50_20_05,50x20,V2H,20,2868.0
tsn2,tai50_20_05,50x20,V2H,21,2890.0
tsn2,tai50_20_05,50x20,V2H,22,2851.5
tsn2,tai50_20_05,50x20,V2H,23,2847.5
tsn2,tai50_20_05,50x20,V2H,24,2835.0
tsn2,tai50_20_05,50x20,V2H,25,2868.0
tsn2,tai50_20_05,50x20,V2H,26,2855.0
tsn2,tai50_20_05,50x20,V2H,27,2829.0
tsn2,tai50_20_05,50x20,V2H,28,2882.5
tsn2,tai50_20_05,50x20,V2H,29,2893.5
tsn2,tai50_20_05,50x20,V2H,30,2867.5
tsn2,tai50_20_05,50x20,V2,1,2826.5
tsn2,tai50_20_05,50x20,V2,2,2840.0
tsn2,tai50_20_05,50x20,V2,3,2889.5
tsn2,tai50_20_05,50x20,V2,4,2844.0
tsn2,tai50_20_05,50x20,V2,5,2850.0
tsn2,tai50_20_05,50x20,V2,6,2849.0
tsn2,tai50_20_05,50x20,V2,7,2871.0
tsn2,tai50_20_05,50x20,V2,8,2842.0
tsn2,tai50_20_05,50x20,V2,9,2846.5
tsn2,tai50_20_05,50x20,V2,10,2866.0
tsn2,tai50_20_05,50x20,V2,11,2860.5
tsn2,tai50_20_05,50x20,V2,12,2829.5
tsn2,tai50_20_05,50x20,V2,13,2876.0
tsn2,tai50_20_05,50x20,V2,14,2860.0
tsn2,tai50_20_05,50x20,V2,15,2864.5
tsn2,tai50_20_05,50x20,V2,16,2850.0
tsn2,tai50_20_05,50x20,V2,17,2834.0
tsn2,tai50_20_05,50x20,V2,18,2856.5
tsn2,tai50_20_05,50x20,V2,19,2859.0
tsn2,tai50_20_05,50x20,V2,20,2857.0
tsn2,tai50_20_05,50x20,V2,21,2856.5
tsn2,tai50_20_05,50x20,V2,22,2844.5
tsn2,tai50_20_05,50x20,V2,23,2862.5
tsn2,tai50_20_05,50x20,V2,24,2876.5
tsn2,tai50_20_05,50x20,V2,25,2852.5
tsn2,tai50_20_05,50x20,V2,26,2844.5
tsn2,tai50_20_05,50x20,V2,27,2830.5
tsn2,tai50_20_05,50x20,V2,28,2878.5
tsn2,tai50_20_05,50x20,V2,29,2847.5
tsn2,tai50_20_05,50x20,V2,30,2869.0
tsn2,tai50_20_05,50x20,MOR,1,2824.0
tsn2,tai50_20_05,50x20,MOR,2,2822.0
tsn2,tai50_20_05,50x20,MOR,3,2822.0
tsn2,tai50_20_05,50x20,MOR,4,2837.0
tsn2,tai50_20_05,50x20,MOR,5,2824.0
tsn2,tai50_20_05,50x20,MOR,6,2826.5
tsn2,tai50_20_05,50x20,MOR,7,2850.0
tsn2,tai50_20_05,50x20,MOR,8,2833.0
tsn2,tai50_20_05,50x20,MOR,9,2846.5
tsn2,tai50_20_05,50x20,MOR,10,2833.0
tsn2,tai50_20_05,50x20,MOR,11,2822.0
tsn2,tai50_20_05,50x20,MOR,12,2819.0
tsn2,tai50_20_05,50x20,MOR,13,2817.5
tsn2,tai50_20_05,50x20,MOR,14,2833.5
tsn2,tai50_20_05,50x20,MOR,15,2824.5
tsn2,tai50_20_05,50x20,MOR,16,2821.0
tsn2,tai50_20_05,50x20,MOR,17,2866.0
tsn2,tai50_20_05,50x20,MOR,18,2848.5
tsn2,tai50_20_05,50x20,MOR,19,2818.5
tsn2,tai50_20_05,50x20,MOR,20,2825.0
tsn2,tai50_20_05,50x20,MOR,21,2829.5
tsn2,tai50_20_05,50x20,MOR,22,2823.0
tsn2,tai50_20_05,50x20,MOR,23,2827.5
tsn2,tai50_20_05,50x20,MOR,24,2814.0
tsn2,tai50_20_05,50x20,MOR,25,2827.0
tsn2,tai50_20_05,50x20,MOR,26,2823.0
tsn2,tai50_20_05,50x20,MOR,27,2843.0
tsn2,tai50_20_05,50x20,MOR,28,2838.5
tsn2,tai50_20_05,50x20,MOR,29,2828.0
tsn2,tai50_20_05,50x20,MOR,30,2832.5
tsn2,tai50_20_05,50x20,GT,1,2885.5
tsn2,tai50_20_05,50x20,GT,2,2870.5
tsn2,tai50_20_05,50x20,GT,3,2891.5
tsn2,tai50_20_05,50x20,GT,4,2902.5
tsn2,tai50_20_05,50x20,GT,5,2901.0
tsn2,tai50_20_05,50x20,GT,6,2882.5
tsn2,tai50_20_05,50x20,GT,7,2897.5
tsn2,tai50_20_05,50x20,GT,8,2881.0
tsn2,tai50_20_05,50x20,GT,9,2879.5
tsn2,tai50_20_05,50x20,GT,10,2869.0
tsn2,tai50_20_05,50x20,GT,11,2884.5
tsn2,tai50_20_05,50x20,GT,12,2913.0
tsn2,tai50_20_05,50x20,GT,13,2902.0
tsn2,tai50_20_05,50x20,GT,14,2859.5
tsn2,tai50_20_05,50x20,GT,15,2883.0
tsn2,tai50_20_05,50x20,GT,16,2865.5
tsn2,tai50_20_05,50x20,GT,17,2893.0
tsn2,tai50_20_05,50x20,GT,18,2888.5
tsn2,tai50_20_05,50x20,GT,19,2887.5
tsn2,tai50_20_05,50x20,GT,20,2892.5
tsn2,tai50_20_05,50x20,GT,21,2890.5
tsn2,tai50_20_05,50x20,GT,22,2877.0
tsn2,tai50_20_05,50x20,GT,23,2875.5
tsn2,tai50_20_05,50x20,GT,24,2886.5
tsn2,tai50_20_05,50x20,GT,25,2871.0
tsn2,tai50_20_05,50x20,GT,26,2886.0
tsn2,tai50_20_05,50x20,GT,27,2881.0
tsn2,tai50_20_05,50x20,GT,28,2898.0
tsn2,tai50_20_05,50x20,GT,29,2905.0
tsn2,tai50_20_05,50x20,GT,30,2911.5
tsn2,tai50_20_05,50x20,GP,1,2844.5
tsn2,tai50_20_05,50x20,GP,2,2872.0
tsn2,tai50_20_05,50x20,GP,3,2862.0
tsn2,tai50_20_05,50x20,GP,4,2860.0
tsn2,tai50_20_05,50x20,GP,5,2841.5
tsn2,tai50_20_05,50x20,GP,6,2865.0
tsn2,tai50_20_05,50x20,GP,7,2869.5
tsn2,tai50_20_05,50x20,GP,8,2837.5
tsn2,tai50_20_05,50x20,GP,9,2849.5
tsn2,tai50_20_05,50x20,GP,10,2849.5
tsn2,tai50_20_05,50x20,GP,11,2843.5
tsn2,tai50_20_05,50x20,GP,12,2854.5
tsn2,tai50_20_05,50x20,GP,13,2869.5
tsn2,tai50_20_05,50x20,GP,14,2864.5
tsn2,tai50_20_05,50x20,GP,15,2849.0
tsn2,tai50_20_05,50x20,GP,16,2864.5
tsn2,tai50_20_05,50x20,GP,17,2858.5
tsn2,tai50_20_05,50x20,GP,18,2878.0
tsn2,tai50_20_05,50x20,GP,19,2847.0
tsn2,tai50_20_05,50x20,GP,20,2876.5
tsn2,tai50_20_05,50x20,GP,21,2864.0
tsn2,tai50_20_05,50x20,GP,22,2889.0
tsn2,tai50_20_05,50x20,GP,23,2861.0
tsn2,tai50_20_05,50x20,GP,24,2874.5
tsn2,tai50_20_05,50x20,GP,25,2859.5
tsn2,tai50_20_05,50x20,GP,26,2855.0
tsn2,tai50_20_05,50x20,GP,27,2864.5
tsn2,tai50_20_05,50x20,GP,28,2842.0
tsn2,tai50_20_05,50x20,GP,29,2842.0
tsn2,tai50_20_05,50x20,GP,30,2853.0
tsn2,tai50_20_05,50x20,MIX,1,2838.5
tsn2,tai50_20_05,50x20,MIX,2,2842.5
tsn2,tai50_20_05,50x20,MIX,3,2864.5
tsn2,tai50_20_05,50x20,MIX,4,2838.0
tsn2,tai50_20_05,50x20,MIX,5,2868.5
tsn2,tai50_20_05,50x20,MIX,6,2840.0
tsn2,tai50_20_05,50x20,MIX,7,2834.0
tsn2,tai50_20_05,50x20,MIX,8,2848.0
tsn2,tai50_20_05,50x20,MIX,9,2871.0
tsn2,tai50_20_05,50x20,MIX,10,2866.5
tsn2,tai50_20_05,50x20,MIX,11,2852.0
tsn2,tai50_20_05,50x20,MIX,12,2849.0
tsn2,tai50_20_05,50x20,MIX,13,2871.0
tsn2,tai50_20_05,50x20,MIX,14,2845.5
tsn2,tai50_20_05,50x20,MIX,15,2831.5
tsn2,tai50_20_05,50x20,MIX,16,2822.0
tsn2,tai50_20_05,50x20,MIX,17,2841.0
tsn2,tai50_20_05,50x20,MIX,18,2846.5
tsn2,tai50_20_05,50x20,MIX,19,2853.0
tsn2,tai50_20_05,50x20,MIX,20,2845.0
tsn2,tai50_20_05,50x20,MIX,21,2851.5
tsn2,tai50_20_05,50x20,MIX,22,2861.0
tsn2,tai50_20_05,50x20,MIX,23,2823.5
tsn2,tai50_20_05,50x20,MIX,24,2809.5
tsn2,tai50_20_05,50x20,MIX,25,2846.0
tsn2,tai50_20_05,50x20,MIX,26,2876.5
tsn2,tai50_20_05,50x20,MIX,27,2846.0
tsn2,tai50_20_05,50x20,MIX,28,2849.0
tsn2,tai50_20_05,50x20,MIX,29,2849.5
tsn2,tai50_20_05,50x20,MIX,30,2871.5
tsn2,tai50_20_05,50x20,MIXH,1,2814.5
tsn2,tai50_20_05,50x20,MIXH,2,2861.0
tsn2,tai50_20_05,50x20,MIXH,3,2821.0
tsn2,tai50_20_05,50x20,MIXH,4,2859.5
tsn2,tai50_20_05,50x20,MIXH,5,2832.0
tsn2,tai50_20_05,50x20,MIXH,6,2817.5
tsn2,tai50_20_05,50x20,MIXH,7,2829.0
tsn2,tai50_20_05,50x20,MIXH,8,2830.0
tsn2,tai50_20_05,50x20,MIXH,9,2855.0
tsn2,tai50_20_05,50x20,MIXH,10,2859.5
tsn2,tai50_20_05,50x20,MIXH,11,2846.0
tsn2,tai50_20_05,50x20,MIXH,12,2852.0
tsn2,tai50_20_05,50x20,MIXH,13,2811.0
tsn2,tai50_20_05,50x20,MIXH,14,2837.0
tsn2,tai50_20_05,50x20,MIXH,15,2824.0
tsn2,tai50_20_05,50x20,MIXH,16,2820.0
tsn2,tai50_20_05,50x20,MIXH,17,2821.0
tsn2,tai50_20_05,50x20,MIXH,18,2846.0
tsn2,tai50_20_05,50x20,MIXH,19,2831.5
tsn2,tai50_20_05,50x20,MIXH,20,2830.5
tsn2,tai50_20_05,50x20,MIXH,21,2837.0
tsn2,tai50_20_05,50x20,MIXH,22,2836.5
tsn2,tai50_20_05,50x20,MIXH,23,2831.0
tsn2,tai50_20_05,50x20,MIXH,24,2766.5
tsn2,tai50_20_05,50x20,MIXH,25,2874.5
tsn2,tai50_20_05,50x20,MIXH,26,2827.5
tsn2,tai50_20_05,50x20,MIXH,27,2850.0
tsn2,tai50_20_05,50x20,MIXH,28,2839.5
tsn2,tai50_20_05,50x20,MIXH,29,2836.0
tsn2,tai50_20_05,50x20,MIXH,30,2824.0
tsn2,tai50_20_06,50x20,A0,1,2994.0
tsn2,tai50_20_06,50x20,A0,2,2958.0
tsn2,tai50_20_06,50x20,A0,3,2962.5
tsn2,tai50_20_06,50x20,A0,4,2985.0
tsn2,tai50_20_06,50x20,A0,5,2977.5
tsn2,tai50_20_06,50x20,A0,6,2938.5
tsn2,tai50_20_06,50x20,A0,7,2961.0
tsn2,tai50_20_06,50x20,A0,8,2951.0
tsn2,tai50_20_06,50x20,A0,9,2966.5
tsn2,tai50_20_06,50x20,A0,10,2969.0
tsn2,tai50_20_06,50x20,A0,11,2952.0
tsn2,tai50_20_06,50x20,A0,12,2985.5
tsn2,tai50_20_06,50x20,A0,13,2965.5
tsn2,tai50_20_06,50x20,A0,14,2962.0
tsn2,tai50_20_06,50x20,A0,15,2964.0
tsn2,tai50_20_06,50x20,A0,16,2949.0
tsn2,tai50_20_06,50x20,A0,17,2960.5
tsn2,tai50_20_06,50x20,A0,18,2935.5
tsn2,tai50_20_06,50x20,A0,19,2975.5
tsn2,tai50_20_06,50x20,A0,20,2913.0
tsn2,tai50_20_06,50x20,A0,21,2969.5
tsn2,tai50_20_06,50x20,A0,22,2949.5
tsn2,tai50_20_06,50x20,A0,23,2956.5
tsn2,tai50_20_06,50x20,A0,24,2937.0
tsn2,tai50_20_06,50x20,A0,25,2952.5
tsn2,tai50_20_06,50x20,A0,26,2971.0
tsn2,tai50_20_06,50x20,A0,27,2935.0
tsn2,tai50_20_06,50x20,A0,28,2991.5
tsn2,tai50_20_06,50x20,A0,29,2918.5
tsn2,tai50_20_06,50x20,A0,30,2939.5
tsn2,tai50_20_06,50x20,V2H,1,2928.5
tsn2,tai50_20_06,50x20,V2H,2,2966.0
tsn2,tai50_20_06,50x20,V2H,3,2958.0
tsn2,tai50_20_06,50x20,V2H,4,2985.5
tsn2,tai50_20_06,50x20,V2H,5,2989.5
tsn2,tai50_20_06,50x20,V2H,6,2997.5
tsn2,tai50_20_06,50x20,V2H,7,2977.5
tsn2,tai50_20_06,50x20,V2H,8,3000.0
tsn2,tai50_20_06,50x20,V2H,9,2968.5
tsn2,tai50_20_06,50x20,V2H,10,2981.0
tsn2,tai50_20_06,50x20,V2H,11,2996.0
tsn2,tai50_20_06,50x20,V2H,12,2953.5
tsn2,tai50_20_06,50x20,V2H,13,3004.0
tsn2,tai50_20_06,50x20,V2H,14,2935.0
tsn2,tai50_20_06,50x20,V2H,15,2975.0
tsn2,tai50_20_06,50x20,V2H,16,2974.0
tsn2,tai50_20_06,50x20,V2H,17,2945.0
tsn2,tai50_20_06,50x20,V2H,18,2936.0
tsn2,tai50_20_06,50x20,V2H,19,2929.0
tsn2,tai50_20_06,50x20,V2H,20,2964.5
tsn2,tai50_20_06,50x20,V2H,21,2972.0
tsn2,tai50_20_06,50x20,V2H,22,2969.5
tsn2,tai50_20_06,50x20,V2H,23,2972.0
tsn2,tai50_20_06,50x20,V2H,24,2996.5
tsn2,tai50_20_06,50x20,V2H,25,2957.0
tsn2,tai50_20_06,50x20,V2H,26,2948.5
tsn2,tai50_20_06,50x20,V2H,27,2952.0
tsn2,tai50_20_06,50x20,V2H,28,2955.0
tsn2,tai50_20_06,50x20,V2H,29,2948.0
tsn2,tai50_20_06,50x20,V2H,30,2985.5
tsn2,tai50_20_06,50x20,V2,1,2945.5
tsn2,tai50_20_06,50x20,V2,2,2942.0
tsn2,tai50_20_06,50x20,V2,3,2982.5
tsn2,tai50_20_06,50x20,V2,4,2968.5
tsn2,tai50_20_06,50x20,V2,5,2936.5
tsn2,tai50_20_06,50x20,V2,6,2957.0
tsn2,tai50_20_06,50x20,V2,7,2935.0
tsn2,tai50_20_06,50x20,V2,8,3006.5
tsn2,tai50_20_06,50x20,V2,9,2958.0
tsn2,tai50_20_06,50x20,V2,10,2991.5
tsn2,tai50_20_06,50x20,V2,11,2988.0
tsn2,tai50_20_06,50x20,V2,12,2961.5
tsn2,tai50_20_06,50x20,V2,13,2933.5
tsn2,tai50_20_06,50x20,V2,14,2963.5
tsn2,tai50_20_06,50x20,V2,15,2999.0
tsn2,tai50_20_06,50x20,V2,16,2971.0
tsn2,tai50_20_06,50x20,V2,17,2970.0
tsn2,tai50_20_06,50x20,V2,18,2953.0
tsn2,tai50_20_06,50x20,V2,19,2959.5
tsn2,tai50_20_06,50x20,V2,20,2962.0
tsn2,tai50_20_06,50x20,V2,21,2980.5
tsn2,tai50_20_06,50x20,V2,22,2947.5
tsn2,tai50_20_06,50x20,V2,23,2958.0
tsn2,tai50_20_06,50x20,V2,24,2996.5
tsn2,tai50_20_06,50x20,V2,25,2993.0
tsn2,tai50_20_06,50x20,V2,26,2962.0
tsn2,tai50_20_06,50x20,V2,27,2971.0
tsn2,tai50_20_06,50x20,V2,28,2970.0
tsn2,tai50_20_06,50x20,V2,29,2975.0
tsn2,tai50_20_06,50x20,V2,30,2950.0
tsn2,tai50_20_06,50x20,MOR,1,2917.0
tsn2,tai50_20_06,50x20,MOR,2,2918.0
tsn2,tai50_20_06,50x20,MOR,3,2927.0
tsn2,tai50_20_06,50x20,MOR,4,2928.5
tsn2,tai50_20_06,50x20,MOR,5,2915.5
tsn2,tai50_20_06,50x20,MOR,6,2915.5
tsn2,tai50_20_06,50x20,MOR,7,2919.0
tsn2,tai50_20_06,50x20,MOR,8,2942.0
tsn2,tai50_20_06,50x20,MOR,9,2934.5
tsn2,tai50_20_06,50x20,MOR,10,2927.0
tsn2,tai50_20_06,50x20,MOR,11,2934.0
tsn2,tai50_20_06,50x20,MOR,12,2922.0
tsn2,tai50_20_06,50x20,MOR,13,2931.0
tsn2,tai50_20_06,50x20,MOR,14,2915.5
tsn2,tai50_20_06,50x20,MOR,15,2944.5
tsn2,tai50_20_06,50x20,MOR,16,2934.5
tsn2,tai50_20_06,50x20,MOR,17,2925.5
tsn2,tai50_20_06,50x20,MOR,18,2933.5
tsn2,tai50_20_06,50x20,MOR,19,2923.5
tsn2,tai50_20_06,50x20,MOR,20,2938.0
tsn2,tai50_20_06,50x20,MOR,21,2926.0
tsn2,tai50_20_06,50x20,MOR,22,2947.0
tsn2,tai50_20_06,50x20,MOR,23,2929.0
tsn2,tai50_20_06,50x20,MOR,24,2908.0
tsn2,tai50_20_06,50x20,MOR,25,2918.0
tsn2,tai50_20_06,50x20,MOR,26,2931.0
tsn2,tai50_20_06,50x20,MOR,27,2938.5
tsn2,tai50_20_06,50x20,MOR,28,2942.0
tsn2,tai50_20_06,50x20,MOR,29,2929.0
tsn2,tai50_20_06,50x20,MOR,30,2928.0
tsn2,tai50_20_06,50x20,GT,1,2921.0
tsn2,tai50_20_06,50x20,GT,2,2940.5
tsn2,tai50_20_06,50x20,GT,3,2931.0
tsn2,tai50_20_06,50x20,GT,4,2929.5
tsn2,tai50_20_06,50x20,GT,5,2936.5
tsn2,tai50_20_06,50x20,GT,6,2965.0
tsn2,tai50_20_06,50x20,GT,7,2932.0
tsn2,tai50_20_06,50x20,GT,8,2928.0
tsn2,tai50_20_06,50x20,GT,9,2926.5
tsn2,tai50_20_06,50x20,GT,10,2928.5
tsn2,tai50_20_06,50x20,GT,11,2924.0
tsn2,tai50_20_06,50x20,GT,12,2931.0
tsn2,tai50_20_06,50x20,GT,13,2938.5
tsn2,tai50_20_06,50x20,GT,14,2923.0
tsn2,tai50_20_06,50x20,GT,15,2918.5
tsn2,tai50_20_06,50x20,GT,16,2942.0
tsn2,tai50_20_06,50x20,GT,17,2932.0
tsn2,tai50_20_06,50x20,GT,18,2918.0
tsn2,tai50_20_06,50x20,GT,19,2920.0
tsn2,tai50_20_06,50x20,GT,20,2925.0
tsn2,tai50_20_06,50x20,GT,21,2933.5
tsn2,tai50_20_06,50x20,GT,22,2928.0
tsn2,tai50_20_06,50x20,GT,23,2949.5
tsn2,tai50_20_06,50x20,GT,24,2937.0
tsn2,tai50_20_06,50x20,GT,25,2915.5
tsn2,tai50_20_06,50x20,GT,26,2920.0
tsn2,tai50_20_06,50x20,GT,27,2920.0
tsn2,tai50_20_06,50x20,GT,28,2941.0
tsn2,tai50_20_06,50x20,GT,29,2925.0
tsn2,tai50_20_06,50x20,GT,30,2901.0
tsn2,tai50_20_06,50x20,GP,1,2955.5
tsn2,tai50_20_06,50x20,GP,2,2941.5
tsn2,tai50_20_06,50x20,GP,3,2919.0
tsn2,tai50_20_06,50x20,GP,4,2939.0
tsn2,tai50_20_06,50x20,GP,5,2952.0
tsn2,tai50_20_06,50x20,GP,6,2937.0
tsn2,tai50_20_06,50x20,GP,7,2931.5
tsn2,tai50_20_06,50x20,GP,8,2940.5
tsn2,tai50_20_06,50x20,GP,9,2942.5
tsn2,tai50_20_06,50x20,GP,10,2938.5
tsn2,tai50_20_06,50x20,GP,11,2940.5
tsn2,tai50_20_06,50x20,GP,12,2939.5
tsn2,tai50_20_06,50x20,GP,13,2965.0
tsn2,tai50_20_06,50x20,GP,14,2942.5
tsn2,tai50_20_06,50x20,GP,15,2919.0
tsn2,tai50_20_06,50x20,GP,16,2916.0
tsn2,tai50_20_06,50x20,GP,17,2938.5
tsn2,tai50_20_06,50x20,GP,18,2923.5
tsn2,tai50_20_06,50x20,GP,19,2920.5
tsn2,tai50_20_06,50x20,GP,20,2924.5
tsn2,tai50_20_06,50x20,GP,21,2949.0
tsn2,tai50_20_06,50x20,GP,22,2909.5
tsn2,tai50_20_06,50x20,GP,23,2930.0
tsn2,tai50_20_06,50x20,GP,24,2930.5
tsn2,tai50_20_06,50x20,GP,25,2912.0
tsn2,tai50_20_06,50x20,GP,26,2940.0
tsn2,tai50_20_06,50x20,GP,27,2937.0
tsn2,tai50_20_06,50x20,GP,28,2928.0
tsn2,tai50_20_06,50x20,GP,29,2934.5
tsn2,tai50_20_06,50x20,GP,30,2931.0
tsn2,tai50_20_06,50x20,MIX,1,2940.5
tsn2,tai50_20_06,50x20,MIX,2,2914.5
tsn2,tai50_20_06,50x20,MIX,3,2938.0
tsn2,tai50_20_06,50x20,MIX,4,2952.0
tsn2,tai50_20_06,50x20,MIX,5,2914.5
tsn2,tai50_20_06,50x20,MIX,6,2953.0
tsn2,tai50_20_06,50x20,MIX,7,2948.0
tsn2,tai50_20_06,50x20,MIX,8,2935.5
tsn2,tai50_20_06,50x20,MIX,9,2957.0
tsn2,tai50_20_06,50x20,MIX,10,2941.5
tsn2,tai50_20_06,50x20,MIX,11,2956.0
tsn2,tai50_20_06,50x20,MIX,12,2955.0
tsn2,tai50_20_06,50x20,MIX,13,2954.5
tsn2,tai50_20_06,50x20,MIX,14,2939.0
tsn2,tai50_20_06,50x20,MIX,15,2936.5
tsn2,tai50_20_06,50x20,MIX,16,2950.5
tsn2,tai50_20_06,50x20,MIX,17,2944.0
tsn2,tai50_20_06,50x20,MIX,18,2948.5
tsn2,tai50_20_06,50x20,MIX,19,2958.0
tsn2,tai50_20_06,50x20,MIX,20,2928.5
tsn2,tai50_20_06,50x20,MIX,21,2935.5
tsn2,tai50_20_06,50x20,MIX,22,2931.0
tsn2,tai50_20_06,50x20,MIX,23,2942.0
tsn2,tai50_20_06,50x20,MIX,24,2920.0
tsn2,tai50_20_06,50x20,MIX,25,2948.0
tsn2,tai50_20_06,50x20,MIX,26,2947.5
tsn2,tai50_20_06,50x20,MIX,27,2941.0
tsn2,tai50_20_06,50x20,MIX,28,2942.0
tsn2,tai50_20_06,50x20,MIX,29,2922.0
tsn2,tai50_20_06,50x20,MIX,30,2930.5
tsn2,tai50_20_06,50x20,MIXH,1,2926.0
tsn2,tai50_20_06,50x20,MIXH,2,2939.5
tsn2,tai50_20_06,50x20,MIXH,3,2937.5
tsn2,tai50_20_06,50x20,MIXH,4,2915.0
tsn2,tai50_20_06,50x20,MIXH,5,2951.0
tsn2,tai50_20_06,50x20,MIXH,6,2953.0
tsn2,tai50_20_06,50x20,MIXH,7,2929.0
tsn2,tai50_20_06,50x20,MIXH,8,2916.0
tsn2,tai50_20_06,50x20,MIXH,9,2939.5
tsn2,tai50_20_06,50x20,MIXH,10,2950.0
tsn2,tai50_20_06,50x20,MIXH,11,2919.5
tsn2,tai50_20_06,50x20,MIXH,12,2935.5
tsn2,tai50_20_06,50x20,MIXH,13,2933.0
tsn2,tai50_20_06,50x20,MIXH,14,2900.5
tsn2,tai50_20_06,50x20,MIXH,15,2926.0
tsn2,tai50_20_06,50x20,MIXH,16,2940.0
tsn2,tai50_20_06,50x20,MIXH,17,2921.0
tsn2,tai50_20_06,50x20,MIXH,18,2932.5
tsn2,tai50_20_06,50x20,MIXH,19,2924.0
tsn2,tai50_20_06,50x20,MIXH,20,2930.5
tsn2,tai50_20_06,50x20,MIXH,21,2923.0
tsn2,tai50_20_06,50x20,MIXH,22,2918.5
tsn2,tai50_20_06,50x20,MIXH,23,2931.0
tsn2,tai50_20_06,50x20,MIXH,24,2947.0
tsn2,tai50_20_06,50x20,MIXH,25,2945.5
tsn2,tai50_20_06,50x20,MIXH,26,2894.0
tsn2,tai50_20_06,50x20,MIXH,27,2929.0
tsn2,tai50_20_06,50x20,MIXH,28,2911.0
tsn2,tai50_20_06,50x20,MIXH,29,2921.0
tsn2,tai50_20_06,50x20,MIXH,30,2937.5
tsn2,tai50_20_07,50x20,A0,1,2975.5
tsn2,tai50_20_07,50x20,A0,2,2957.0
tsn2,tai50_20_07,50x20,A0,3,2999.0
tsn2,tai50_20_07,50x20,A0,4,2939.5
tsn2,tai50_20_07,50x20,A0,5,2978.0
tsn2,tai50_20_07,50x20,A0,6,2962.0
tsn2,tai50_20_07,50x20,A0,7,2966.0
tsn2,tai50_20_07,50x20,A0,8,2954.5
tsn2,tai50_20_07,50x20,A0,9,2953.0
tsn2,tai50_20_07,50x20,A0,10,2978.5
tsn2,tai50_20_07,50x20,A0,11,2977.0
tsn2,tai50_20_07,50x20,A0,12,2957.5
tsn2,tai50_20_07,50x20,A0,13,2953.0
tsn2,tai50_20_07,50x20,A0,14,2977.0
tsn2,tai50_20_07,50x20,A0,15,2984.5
tsn2,tai50_20_07,50x20,A0,16,2969.0
tsn2,tai50_20_07,50x20,A0,17,2965.5
tsn2,tai50_20_07,50x20,A0,18,2960.0
tsn2,tai50_20_07,50x20,A0,19,2960.0
tsn2,tai50_20_07,50x20,A0,20,3001.0
tsn2,tai50_20_07,50x20,A0,21,2978.0
tsn2,tai50_20_07,50x20,A0,22,2966.0
tsn2,tai50_20_07,50x20,A0,23,2948.0
tsn2,tai50_20_07,50x20,A0,24,2948.5
tsn2,tai50_20_07,50x20,A0,25,2988.5
tsn2,tai50_20_07,50x20,A0,26,2957.0
tsn2,tai50_20_07,50x20,A0,27,2931.5
tsn2,tai50_20_07,50x20,A0,28,2976.0
tsn2,tai50_20_07,50x20,A0,29,2944.5
tsn2,tai50_20_07,50x20,A0,30,2950.5
tsn2,tai50_20_07,50x20,V2H,1,2924.0
tsn2,tai50_20_07,50x20,V2H,2,2944.0
tsn2,tai50_20_07,50x20,V2H,3,2906.5
tsn2,tai50_20_07,50x20,V2H,4,2918.5
tsn2,tai50_20_07,50x20,V2H,5,2935.5
tsn2,tai50_20_07,50x20,V2H,6,2957.0
tsn2,tai50_20_07,50x20,V2H,7,2988.0
tsn2,tai50_20_07,50x20,V2H,8,2956.0
tsn2,tai50_20_07,50x20,V2H,9,2928.5
tsn2,tai50_20_07,50x20,V2H,10,2909.0
tsn2,tai50_20_07,50x20,V2H,11,2911.5
tsn2,tai50_20_07,50x20,V2H,12,2934.0
tsn2,tai50_20_07,50x20,V2H,13,2931.5
tsn2,tai50_20_07,50x20,V2H,14,3007.5
tsn2,tai50_20_07,50x20,V2H,15,2954.5
tsn2,tai50_20_07,50x20,V2H,16,2960.0
tsn2,tai50_20_07,50x20,V2H,17,2913.5
tsn2,tai50_20_07,50x20,V2H,18,2903.0
tsn2,tai50_20_07,50x20,V2H,19,2939.5
tsn2,tai50_20_07,50x20,V2H,20,2948.5
tsn2,tai50_20_07,50x20,V2H,21,2957.0
tsn2,tai50_20_07,50x20,V2H,22,2997.5
tsn2,tai50_20_07,50x20,V2H,23,2958.0
tsn2,tai50_20_07,50x20,V2H,24,2953.5
tsn2,tai50_20_07,50x20,V2H,25,2932.5
tsn2,tai50_20_07,50x20,V2H,26,2923.5
tsn2,tai50_20_07,50x20,V2H,27,2898.0
tsn2,tai50_20_07,50x20,V2H,28,2914.5
tsn2,tai50_20_07,50x20,V2H,29,2942.0
tsn2,tai50_20_07,50x20,V2H,30,2959.0
tsn2,tai50_20_07,50x20,V2,1,2946.5
tsn2,tai50_20_07,50x20,V2,2,2920.5
tsn2,tai50_20_07,50x20,V2,3,2947.5
tsn2,tai50_20_07,50x20,V2,4,2961.0
tsn2,tai50_20_07,50x20,V2,5,2944.5
tsn2,tai50_20_07,50x20,V2,6,2954.0
tsn2,tai50_20_07,50x20,V2,7,2913.0
tsn2,tai50_20_07,50x20,V2,8,2936.0
tsn2,tai50_20_07,50x20,V2,9,2939.0
tsn2,tai50_20_07,50x20,V2,10,2906.5
tsn2,tai50_20_07,50x20,V2,11,2949.5
tsn2,tai50_20_07,50x20,V2,12,2974.0
tsn2,tai50_20_07,50x20,V2,13,2918.5
tsn2,tai50_20_07,50x20,V2,14,2906.0
tsn2,tai50_20_07,50x20,V2,15,2940.0
tsn2,tai50_20_07,50x20,V2,16,2969.5
tsn2,tai50_20_07,50x20,V2,17,2930.0
tsn2,tai50_20_07,50x20,V2,18,2951.5
tsn2,tai50_20_07,50x20,V2,19,2937.0
tsn2,tai50_20_07,50x20,V2,20,2949.0
tsn2,tai50_20_07,50x20,V2,21,2933.0
tsn2,tai50_20_07,50x20,V2,22,2955.0
tsn2,tai50_20_07,50x20,V2,23,2930.0
tsn2,tai50_20_07,50x20,V2,24,2937.5
tsn2,tai50_20_07,50x20,V2,25,2939.0
tsn2,tai50_20_07,50x20,V2,26,2900.5
tsn2,tai50_20_07,50x20,V2,27,2960.0
tsn2,tai50_20_07,50x20,V2,28,2919.5
tsn2,tai50_20_07,50x20,V2,29,2952.0
tsn2,tai50_20_07,50x20,V2,30,2938.5
tsn2,tai50_20_07,50x20,MOR,1,3016.5
tsn2,tai50_20_07,50x20,MOR,2,2967.0
tsn2,tai50_20_07,50x20,MOR,3,2992.0
tsn2,tai50_20_07,50x20,MOR,4,2984.0
tsn2,tai50_20_07,50x20,MOR,5,2978.5
tsn2,tai50_20_07,50x20,MOR,6,2987.5
tsn2,tai50_20_07,50x20,MOR,7,2996.0
tsn2,tai50_20_07,50x20,MOR,8,2976.0
tsn2,tai50_20_07,50x20,MOR,9,2980.5
tsn2,tai50_20_07,50x20,MOR,10,2975.0
tsn2,tai50_20_07,50x20,MOR,11,2987.5
tsn2,tai50_20_07,50x20,MOR,12,2996.5
tsn2,tai50_20_07,50x20,MOR,13,2970.0
tsn2,tai50_20_07,50x20,MOR,14,2971.5
tsn2,tai50_20_07,50x20,MOR,15,2963.0
tsn2,tai50_20_07,50x20,MOR,16,2948.5
tsn2,tai50_20_07,50x20,MOR,17,2964.5
tsn2,tai50_20_07,50x20,MOR,18,2966.0
tsn2,tai50_20_07,50x20,MOR,19,2983.5
tsn2,tai50_20_07,50x20,MOR,20,2963.0
tsn2,tai50_20_07,50x20,MOR,21,2991.0
tsn2,tai50_20_07,50x20,MOR,22,2983.0
tsn2,tai50_20_07,50x20,MOR,23,2992.0
tsn2,tai50_20_07,50x20,MOR,24,2957.0
tsn2,tai50_20_07,50x20,MOR,25,2984.5
tsn2,tai50_20_07,50x20,MOR,26,2982.0
tsn2,tai50_20_07,50x20,MOR,27,2972.5
tsn2,tai50_20_07,50x20,MOR,28,2996.0
tsn2,tai50_20_07,50x20,MOR,29,2988.0
tsn2,tai50_20_07,50x20,MOR,30,2972.5
tsn2,tai50_20_07,50x20,GT,1,2925.0
tsn2,tai50_20_07,50x20,GT,2,2927.5
tsn2,tai50_20_07,50x20,GT,3,2934.0
tsn2,tai50_20_07,50x20,GT,4,2933.5
tsn2,tai50_20_07,50x20,GT,5,2929.0
tsn2,tai50_20_07,50x20,GT,6,2935.5
tsn2,tai50_20_07,50x20,GT,7,2912.0
tsn2,tai50_20_07,50x20,GT,8,2933.5
tsn2,tai50_20_07,50x20,GT,9,2936.5
tsn2,tai50_20_07,50x20,GT,10,2905.0
tsn2,tai50_20_07,50x20,GT,11,2923.0
tsn2,tai50_20_07,50x20,GT,12,2930.5
tsn2,tai50_20_07,50x20,GT,13,2935.5
tsn2,tai50_20_07,50x20,GT,14,2940.0
tsn2,tai50_20_07,50x20,GT,15,2928.0
tsn2,tai50_20_07,50x20,GT,16,2907.0
tsn2,tai50_20_07,50x20,GT,17,2923.5
tsn2,tai50_20_07,50x20,GT,18,2949.0
tsn2,tai50_20_07,50x20,GT,19,2956.5
tsn2,tai50_20_07,50x20,GT,20,2940.5
tsn2,tai50_20_07,50x20,GT,21,2941.0
tsn2,tai50_20_07,50x20,GT,22,2940.0
tsn2,tai50_20_07,50x20,GT,23,2942.0
tsn2,tai50_20_07,50x20,GT,24,2940.0
tsn2,tai50_20_07,50x20,GT,25,2937.5
tsn2,tai50_20_07,50x20,GT,26,2912.5
tsn2,tai50_20_07,50x20,GT,27,2919.0
tsn2,tai50_20_07,50x20,GT,28,2940.5
tsn2,tai50_20_07,50x20,GT,29,2939.0
tsn2,tai50_20_07,50x20,GT,30,2948.5
tsn2,tai50_20_07,50x20,GP,1,2908.0
tsn2,tai50_20_07,50x20,GP,2,2916.0
tsn2,tai50_20_07,50x20,GP,3,2912.5
tsn2,tai50_20_07,50x20,GP,4,2903.5
tsn2,tai50_20_07,50x20,GP,5,2925.0
tsn2,tai50_20_07,50x20,GP,6,2916.0
tsn2,tai50_20_07,50x20,GP,7,2926.5
tsn2,tai50_20_07,50x20,GP,8,2916.5
tsn2,tai50_20_07,50x20,GP,9,2939.5
tsn2,tai50_20_07,50x20,GP,10,2927.5
tsn2,tai50_20_07,50x20,GP,11,2914.0
tsn2,tai50_20_07,50x20,GP,12,2893.0
tsn2,tai50_20_07,50x20,GP,13,2894.5
tsn2,tai50_20_07,50x20,GP,14,2903.5
tsn2,tai50_20_07,50x20,GP,15,2948.0
tsn2,tai50_20_07,50x20,GP,16,2897.0
tsn2,tai50_20_07,50x20,GP,17,2940.0
tsn2,tai50_20_07,50x20,GP,18,2947.0
tsn2,tai50_20_07,50x20,GP,19,2936.5
tsn2,tai50_20_07,50x20,GP,20,2908.5
tsn2,tai50_20_07,50x20,GP,21,2945.0
tsn2,tai50_20_07,50x20,GP,22,2929.0
tsn2,tai50_20_07,50x20,GP,23,2920.5
tsn2,tai50_20_07,50x20,GP,24,2901.0
tsn2,tai50_20_07,50x20,GP,25,2955.0
tsn2,tai50_20_07,50x20,GP,26,2924.5
tsn2,tai50_20_07,50x20,GP,27,2916.5
tsn2,tai50_20_07,50x20,GP,28,2905.0
tsn2,tai50_20_07,50x20,GP,29,2943.5
tsn2,tai50_20_07,50x20,GP,30,2911.0
tsn2,tai50_20_07,50x20,MIX,1,2904.5
tsn2,tai50_20_07,50x20,MIX,2,2934.5
tsn2,tai50_20_07,50x20,MIX,3,2927.5
tsn2,tai50_20_07,50x20,MIX,4,2912.5
tsn2,tai50_20_07,50x20,MIX,5,2910.0
tsn2,tai50_20_07,50x20,MIX,6,2930.5
tsn2,tai50_20_07,50x20,MIX,7,2915.5
tsn2,tai50_20_07,50x20,MIX,8,2912.5
tsn2,tai50_20_07,50x20,MIX,9,2934.0
tsn2,tai50_20_07,50x20,MIX,10,2914.5
tsn2,tai50_20_07,50x20,MIX,11,2933.0
tsn2,tai50_20_07,50x20,MIX,12,2929.0
tsn2,tai50_20_07,50x20,MIX,13,2903.5
tsn2,tai50_20_07,50x20,MIX,14,2917.0
tsn2,tai50_20_07,50x20,MIX,15,2913.5
tsn2,tai50_20_07,50x20,MIX,16,2953.5
tsn2,tai50_20_07,50x20,MIX,17,2911.5
tsn2,tai50_20_07,50x20,MIX,18,2920.5
tsn2,tai50_20_07,50x20,MIX,19,2915.5
tsn2,tai50_20_07,50x20,MIX,20,2928.0
tsn2,tai50_20_07,50x20,MIX,21,2905.0
tsn2,tai50_20_07,50x20,MIX,22,2924.0
tsn2,tai50_20_07,50x20,MIX,23,2931.0
tsn2,tai50_20_07,50x20,MIX,24,2943.5
tsn2,tai50_20_07,50x20,MIX,25,2930.5
tsn2,tai50_20_07,50x20,MIX,26,2880.0
tsn2,tai50_20_07,50x20,MIX,27,2906.0
tsn2,tai50_20_07,50x20,MIX,28,2924.0
tsn2,tai50_20_07,50x20,MIX,29,2910.0
tsn2,tai50_20_07,50x20,MIX,30,2941.0
tsn2,tai50_20_07,50x20,MIXH,1,2914.5
tsn2,tai50_20_07,50x20,MIXH,2,2938.0
tsn2,tai50_20_07,50x20,MIXH,3,2909.0
tsn2,tai50_20_07,50x20,MIXH,4,2938.5
tsn2,tai50_20_07,50x20,MIXH,5,2926.0
tsn2,tai50_20_07,50x20,MIXH,6,2910.5
tsn2,tai50_20_07,50x20,MIXH,7,2917.0
tsn2,tai50_20_07,50x20,MIXH,8,2910.0
tsn2,tai50_20_07,50x20,MIXH,9,2907.0
tsn2,tai50_20_07,50x20,MIXH,10,2890.5
tsn2,tai50_20_07,50x20,MIXH,11,2916.5
tsn2,tai50_20_07,50x20,MIXH,12,2933.0
tsn2,tai50_20_07,50x20,MIXH,13,2949.5
tsn2,tai50_20_07,50x20,MIXH,14,2929.0
tsn2,tai50_20_07,50x20,MIXH,15,2901.5
tsn2,tai50_20_07,50x20,MIXH,16,2914.5
tsn2,tai50_20_07,50x20,MIXH,17,2920.0
tsn2,tai50_20_07,50x20,MIXH,18,2905.5
tsn2,tai50_20_07,50x20,MIXH,19,2904.5
tsn2,tai50_20_07,50x20,MIXH,20,2911.0
tsn2,tai50_20_07,50x20,MIXH,21,2891.0
tsn2,tai50_20_07,50x20,MIXH,22,2907.5
tsn2,tai50_20_07,50x20,MIXH,23,2915.0
tsn2,tai50_20_07,50x20,MIXH,24,2909.5
tsn2,tai50_20_07,50x20,MIXH,25,2890.0
tsn2,tai50_20_07,50x20,MIXH,26,2885.0
tsn2,tai50_20_07,50x20,MIXH,27,2891.5
tsn2,tai50_20_07,50x20,MIXH,28,2905.5
tsn2,tai50_20_07,50x20,MIXH,29,2925.0
tsn2,tai50_20_07,50x20,MIXH,30,2895.0
tsn2,tai50_20_08,50x20,A0,1,2871.5
tsn2,tai50_20_08,50x20,A0,2,2878.0
tsn2,tai50_20_08,50x20,A0,3,2856.5
tsn2,tai50_20_08,50x20,A0,4,2851.0
tsn2,tai50_20_08,50x20,A0,5,2867.0
tsn2,tai50_20_08,50x20,A0,6,2876.0
tsn2,tai50_20_08,50x20,A0,7,2884.5
tsn2,tai50_20_08,50x20,A0,8,2860.0
tsn2,tai50_20_08,50x20,A0,9,2876.0
tsn2,tai50_20_08,50x20,A0,10,2899.5
tsn2,tai50_20_08,50x20,A0,11,2900.0
tsn2,tai50_20_08,50x20,A0,12,2871.0
tsn2,tai50_20_08,50x20,A0,13,2841.5
tsn2,tai50_20_08,50x20,A0,14,2865.5
tsn2,tai50_20_08,50x20,A0,15,2896.0
tsn2,tai50_20_08,50x20,A0,16,2831.5
tsn2,tai50_20_08,50x20,A0,17,2863.5
tsn2,tai50_20_08,50x20,A0,18,2867.5
tsn2,tai50_20_08,50x20,A0,19,2877.5
tsn2,tai50_20_08,50x20,A0,20,2886.0
tsn2,tai50_20_08,50x20,A0,21,2870.5
tsn2,tai50_20_08,50x20,A0,22,2885.5
tsn2,tai50_20_08,50x20,A0,23,2867.0
tsn2,tai50_20_08,50x20,A0,24,2870.0
tsn2,tai50_20_08,50x20,A0,25,2873.0
tsn2,tai50_20_08,50x20,A0,26,2860.5
tsn2,tai50_20_08,50x20,A0,27,2852.5
tsn2,tai50_20_08,50x20,A0,28,2862.5
tsn2,tai50_20_08,50x20,A0,29,2903.5
tsn2,tai50_20_08,50x20,A0,30,2852.5
tsn2,tai50_20_08,50x20,V2H,1,2843.5
tsn2,tai50_20_08,50x20,V2H,2,2852.0
tsn2,tai50_20_08,50x20,V2H,3,2854.5
tsn2,tai50_20_08,50x20,V2H,4,2863.5
tsn2,tai50_20_08,50x20,V2H,5,2887.5
tsn2,tai50_20_08,50x20,V2H,6,2867.0
tsn2,tai50_20_08,50x20,V2H,7,2881.0
tsn2,tai50_20_08,50x20,V2H,8,2868.5
tsn2,tai50_20_08,50x20,V2H,9,2869.0
tsn2,tai50_20_08,50x20,V2H,10,2872.5
tsn2,tai50_20_08,50x20,V2H,11,2848.0
tsn2,tai50_20_08,50x20,V2H,12,2885.5
tsn2,tai50_20_08,50x20,V2H,13,2871.5
tsn2,tai50_20_08,50x20,V2H,14,2897.0
tsn2,tai50_20_08,50x20,V2H,15,2878.0
tsn2,tai50_20_08,50x20,V2H,16,2903.5
tsn2,tai50_20_08,50x20,V2H,17,2847.0
tsn2,tai50_20_08,50x20,V2H,18,2845.5
tsn2,tai50_20_08,50x20,V2H,19,2851.5
tsn2,tai50_20_08,50x20,V2H,20,2891.5
tsn2,tai50_20_08,50x20,V2H,21,2882.5
tsn2,tai50_20_08,50x20,V2H,22,2853.0
tsn2,tai50_20_08,50x20,V2H,23,2893.5
tsn2,tai50_20_08,50x20,V2H,24,2892.0
tsn2,tai50_20_08,50x20,V2H,25,2867.0
tsn2,tai50_20_08,50x20,V2H,26,2854.5
tsn2,tai50_20_08,50x20,V2H,27,2855.5
tsn2,tai50_20_08,50x20,V2H,28,2848.5
tsn2,tai50_20_08,50x20,V2H,29,2872.0
tsn2,tai50_20_08,50x20,V2H,30,2850.5
tsn2,tai50_20_08,50x20,V2,1,2872.5
tsn2,tai50_20_08,50x20,V2,2,2832.0
tsn2,tai50_20_08,50x20,V2,3,2866.0
tsn2,tai50_20_08,50x20,V2,4,2846.0
tsn2,tai50_20_08,50x20,V2,5,2867.0
tsn2,tai50_20_08,50x20,V2,6,2841.0
tsn2,tai50_20_08,50x20,V2,7,2854.5
tsn2,tai50_20_08,50x20,V2,8,2868.5
tsn2,tai50_20_08,50x20,V2,9,2861.0
tsn2,tai50_20_08,50x20,V2,10,2881.5
tsn2,tai50_20_08,50x20,V2,11,2901.5
tsn2,tai50_20_08,50x20,V2,12,2896.0
tsn2,tai50_20_08,50x20,V2,13,2861.5
tsn2,tai50_20_08,50x20,V2,14,2818.0
tsn2,tai50_20_08,50x20,V2,15,2908.5
tsn2,tai50_20_08,50x20,V2,16,2871.5
tsn2,tai50_20_08,50x20,V2,17,2847.5
tsn2,tai50_20_08,50x20,V2,18,2830.5
tsn2,tai50_20_08,50x20,V2,19,2864.5
tsn2,tai50_20_08,50x20,V2,20,2868.5
tsn2,tai50_20_08,50x20,V2,21,2864.0
tsn2,tai50_20_08,50x20,V2,22,2840.0
tsn2,tai50_20_08,50x20,V2,23,2881.0
tsn2,tai50_20_08,50x20,V2,24,2848.5
tsn2,tai50_20_08,50x20,V2,25,2859.5
tsn2,tai50_20_08,50x20,V2,26,2857.0
tsn2,tai50_20_08,50x20,V2,27,2881.0
tsn2,tai50_20_08,50x20,V2,28,2886.0
tsn2,tai50_20_08,50x20,V2,29,2826.0
tsn2,tai50_20_08,50x20,V2,30,2864.5
tsn2,tai50_20_08,50x20,MOR,1,2854.5
tsn2,tai50_20_08,50x20,MOR,2,2837.5
tsn2,tai50_20_08,50x20,MOR,3,2856.0
tsn2,tai50_20_08,50x20,MOR,4,2852.5
tsn2,tai50_20_08,50x20,MOR,5,2863.5
tsn2,tai50_20_08,50x20,MOR,6,2855.0
tsn2,tai50_20_08,50x20,MOR,7,2847.0
tsn2,tai50_20_08,50x20,MOR,8,2866.5
tsn2,tai50_20_08,50x20,MOR,9,2861.5
tsn2,tai50_20_08,50x20,MOR,10,2838.0
tsn2,tai50_20_08,50x20,MOR,11,2842.5
tsn2,tai50_20_08,50x20,MOR,12,2853.0
tsn2,tai50_20_08,50x20,MOR,13,2843.5
tsn2,tai50_20_08,50x20,MOR,14,2872.0
tsn2,tai50_20_08,50x20,MOR,15,2850.0
tsn2,tai50_20_08,50x20,MOR,16,2849.5
tsn2,tai50_20_08,50x20,MOR,17,2841.5
tsn2,tai50_20_08,50x20,MOR,18,2839.0
tsn2,tai50_20_08,50x20,MOR,19,2842.5
tsn2,tai50_20_08,50x20,MOR,20,2863.5
tsn2,tai50_20_08,50x20,MOR,21,2858.0
tsn2,tai50_20_08,50x20,MOR,22,2854.5
tsn2,tai50_20_08,50x20,MOR,23,2854.5
tsn2,tai50_20_08,50x20,MOR,24,2839.0
tsn2,tai50_20_08,50x20,MOR,25,2848.0
tsn2,tai50_20_08,50x20,MOR,26,2829.0
tsn2,tai50_20_08,50x20,MOR,27,2865.5
tsn2,tai50_20_08,50x20,MOR,28,2852.5
tsn2,tai50_20_08,50x20,MOR,29,2856.5
tsn2,tai50_20_08,50x20,MOR,30,2868.0
tsn2,tai50_20_08,50x20,GT,1,2848.5
tsn2,tai50_20_08,50x20,GT,2,2823.5
tsn2,tai50_20_08,50x20,GT,3,2824.0
tsn2,tai50_20_08,50x20,GT,4,2824.5
tsn2,tai50_20_08,50x20,GT,5,2851.0
tsn2,tai50_20_08,50x20,GT,6,2835.5
tsn2,tai50_20_08,50x20,GT,7,2824.0
tsn2,tai50_20_08,50x20,GT,8,2812.5
tsn2,tai50_20_08,50x20,GT,9,2839.5
tsn2,tai50_20_08,50x20,GT,10,2828.5
tsn2,tai50_20_08,50x20,GT,11,2840.0
tsn2,tai50_20_08,50x20,GT,12,2845.5
tsn2,tai50_20_08,50x20,GT,13,2828.0
tsn2,tai50_20_08,50x20,GT,14,2835.0
tsn2,tai50_20_08,50x20,GT,15,2836.5
tsn2,tai50_20_08,50x20,GT,16,2817.0
tsn2,tai50_20_08,50x20,GT,17,2831.0
tsn2,tai50_20_08,50x20,GT,18,2849.0
tsn2,tai50_20_08,50x20,GT,19,2825.5
tsn2,tai50_20_08,50x20,GT,20,2844.5
tsn2,tai50_20_08,50x20,GT,21,2841.0
tsn2,tai50_20_08,50x20,GT,22,2834.5
tsn2,tai50_20_08,50x20,GT,23,2837.0
tsn2,tai50_20_08,50x20,GT,24,2829.5
tsn2,tai50_20_08,50x20,GT,25,2833.5
tsn2,tai50_20_08,50x20,GT,26,2846.0
tsn2,tai50_20_08,50x20,GT,27,2837.5
tsn2,tai50_20_08,50x20,GT,28,2855.5
tsn2,tai50_20_08,50x20,GT,29,2851.5
tsn2,tai50_20_08,50x20,GT,30,2828.5
tsn2,tai50_20_08,50x20,GP,1,2811.5
tsn2,tai50_20_08,50x20,GP,2,2818.5
tsn2,tai50_20_08,50x20,GP,3,2818.5
tsn2,tai50_20_08,50x20,GP,4,2822.0
tsn2,tai50_20_08,50x20,GP,5,2817.5
tsn2,tai50_20_08,50x20,GP,6,2802.0
tsn2,tai50_20_08,50x20,GP,7,2823.5
tsn2,tai50_20_08,50x20,GP,8,2826.0
tsn2,tai50_20_08,50x20,GP,9,2837.0
tsn2,tai50_20_08,50x20,GP,10,2827.5
tsn2,tai50_20_08,50x20,GP,11,2822.5
tsn2,tai50_20_08,50x20,GP,12,2819.5
tsn2,tai50_20_08,50x20,GP,13,2829.5
tsn2,tai50_20_08,50x20,GP,14,2826.0
tsn2,tai50_20_08,50x20,GP,15,2822.0
tsn2,tai50_20_08,50x20,GP,16,2830.5
tsn2,tai50_20_08,50x20,GP,17,2814.5
tsn2,tai50_20_08,50x20,GP,18,2816.5
tsn2,tai50_20_08,50x20,GP,19,2833.5
tsn2,tai50_20_08,50x20,GP,20,2826.5
tsn2,tai50_20_08,50x20,GP,21,2834.0
tsn2,tai50_20_08,50x20,GP,22,2847.5
tsn2,tai50_20_08,50x20,GP,23,2823.0
tsn2,tai50_20_08,50x20,GP,24,2819.0
tsn2,tai50_20_08,50x20,GP,25,2804.0
tsn2,tai50_20_08,50x20,GP,26,2833.0
tsn2,tai50_20_08,50x20,GP,27,2830.0
tsn2,tai50_20_08,50x20,GP,28,2800.5
tsn2,tai50_20_08,50x20,GP,29,2812.5
tsn2,tai50_20_08,50x20,GP,30,2827.0
tsn2,tai50_20_08,50x20,MIX,1,2834.0
tsn2,tai50_20_08,50x20,MIX,2,2825.5
tsn2,tai50_20_08,50x20,MIX,3,2829.5
tsn2,tai50_20_08,50x20,MIX,4,2807.5
tsn2,tai50_20_08,50x20,MIX,5,2821.0
tsn2,tai50_20_08,50x20,MIX,6,2836.0
tsn2,tai50_20_08,50x20,MIX,7,2834.5
tsn2,tai50_20_08,50x20,MIX,8,2819.0
tsn2,tai50_20_08,50x20,MIX,9,2828.0
tsn2,tai50_20_08,50x20,MIX,10,2837.5
tsn2,tai50_20_08,50x20,MIX,11,2824.0
tsn2,tai50_20_08,50x20,MIX,12,2805.0
tsn2,tai50_20_08,50x20,MIX,13,2837.0
tsn2,tai50_20_08,50x20,MIX,14,2836.0
tsn2,tai50_20_08,50x20,MIX,15,2833.0
tsn2,tai50_20_08,50x20,MIX,16,2823.0
tsn2,tai50_20_08,50x20,MIX,17,2823.0
tsn2,tai50_20_08,50x20,MIX,18,2827.0
tsn2,tai50_20_08,50x20,MIX,19,2836.5
tsn2,tai50_20_08,50x20,MIX,20,2826.5
tsn2,tai50_20_08,50x20,MIX,21,2841.5
tsn2,tai50_20_08,50x20,MIX,22,2828.5
tsn2,tai50_20_08,50x20,MIX,23,2819.0
tsn2,tai50_20_08,50x20,MIX,24,2853.0
tsn2,tai50_20_08,50x20,MIX,25,2811.5
tsn2,tai50_20_08,50x20,MIX,26,2835.5
tsn2,tai50_20_08,50x20,MIX,27,2822.5
tsn2,tai50_20_08,50x20,MIX,28,2831.0
tsn2,tai50_20_08,50x20,MIX,29,2828.5
tsn2,tai50_20_08,50x20,MIX,30,2831.0
tsn2,tai50_20_08,50x20,MIXH,1,2828.5
tsn2,tai50_20_08,50x20,MIXH,2,2817.0
tsn2,tai50_20_08,50x20,MIXH,3,2814.5
tsn2,tai50_20_08,50x20,MIXH,4,2848.5
tsn2,tai50_20_08,50x20,MIXH,5,2837.0
tsn2,tai50_20_08,50x20,MIXH,6,2830.0
tsn2,tai50_20_08,50x20,MIXH,7,2811.5
tsn2,tai50_20_08,50x20,MIXH,8,2828.5
tsn2,tai50_20_08,50x20,MIXH,9,2818.5
tsn2,tai50_20_08,50x20,MIXH,10,2865.0
tsn2,tai50_20_08,50x20,MIXH,11,2817.5
tsn2,tai50_20_08,50x20,MIXH,12,2818.5
tsn2,tai50_20_08,50x20,MIXH,13,2838.5
tsn2,tai50_20_08,50x20,MIXH,14,2815.5
tsn2,tai50_20_08,50x20,MIXH,15,2840.5
tsn2,tai50_20_08,50x20,MIXH,16,2817.5
tsn2,tai50_20_08,50x20,MIXH,17,2828.0
tsn2,tai50_20_08,50x20,MIXH,18,2828.5
tsn2,tai50_20_08,50x20,MIXH,19,2828.0
tsn2,tai50_20_08,50x20,MIXH,20,2815.0
tsn2,tai50_20_08,50x20,MIXH,21,2822.5
tsn2,tai50_20_08,50x20,MIXH,22,2831.5
tsn2,tai50_20_08,50x20,MIXH,23,2818.5
tsn2,tai50_20_08,50x20,MIXH,24,2825.0
tsn2,tai50_20_08,50x20,MIXH,25,2822.5
tsn2,tai50_20_08,50x20,MIXH,26,2833.0
tsn2,tai50_20_08,50x20,MIXH,27,2824.0
tsn2,tai50_20_08,50x20,MIXH,28,2828.5
tsn2,tai50_20_08,50x20,MIXH,29,2823.5
tsn2,tai50_20_08,50x20,MIXH,30,2840.5
tsn2,tai50_20_09,50x20,A0,1,3148.0
tsn2,tai50_20_09,50x20,A0,2,3108.0
tsn2,tai50_20_09,50x20,A0,3,3137.5
tsn2,tai50_20_09,50x20,A0,4,3119.0
tsn2,tai50_20_09,50x20,A0,5,3087.5
tsn2,tai50_20_09,50x20,A0,6,3110.5
tsn2,tai50_20_09,50x20,A0,7,3125.0
tsn2,tai50_20_09,50x20,A0,8,3087.0
tsn2,tai50_20_09,50x20,A0,9,3098.0
tsn2,tai50_20_09,50x20,A0,10,3133.5
tsn2,tai50_20_09,50x20,A0,11,3129.5
tsn2,tai50_20_09,50x20,A0,12,3115.5
tsn2,tai50_20_09,50x20,A0,13,3143.5
tsn2,tai50_20_09,50x20,A0,14,3144.0
tsn2,tai50_20_09,50x20,A0,15,3133.5
tsn2,tai50_20_09,50x20,A0,16,3125.5
tsn2,tai50_20_09,50x20,A0,17,3133.5
tsn2,tai50_20_09,50x20,A0,18,3113.0
tsn2,tai50_20_09,50x20,A0,19,3127.0
tsn2,tai50_20_09,50x20,A0,20,3159.0
tsn2,tai50_20_09,50x20,A0,21,3107.0
tsn2,tai50_20_09,50x20,A0,22,3130.5
tsn2,tai50_20_09,50x20,A0,23,3130.0
tsn2,tai50_20_09,50x20,A0,24,3146.0
tsn2,tai50_20_09,50x20,A0,25,3120.0
tsn2,tai50_20_09,50x20,A0,26,3110.5
tsn2,tai50_20_09,50x20,A0,27,3099.0
tsn2,tai50_20_09,50x20,A0,28,3147.5
tsn2,tai50_20_09,50x20,A0,29,3112.0
tsn2,tai50_20_09,50x20,A0,30,3074.5
tsn2,tai50_20_09,50x20,V2H,1,3113.5
tsn2,tai50_20_09,50x20,V2H,2,3121.0
tsn2,tai50_20_09,50x20,V2H,3,3100.0
tsn2,tai50_20_09,50x20,V2H,4,3118.5
tsn2,tai50_20_09,50x20,V2H,5,3131.0
tsn2,tai50_20_09,50x20,V2H,6,3126.0
tsn2,tai50_20_09,50x20,V2H,7,3129.0
tsn2,tai50_20_09,50x20,V2H,8,3133.0
tsn2,tai50_20_09,50x20,V2H,9,3104.0
tsn2,tai50_20_09,50x20,V2H,10,3118.0
tsn2,tai50_20_09,50x20,V2H,11,3121.5
tsn2,tai50_20_09,50x20,V2H,12,3092.0
tsn2,tai50_20_09,50x20,V2H,13,3135.0
tsn2,tai50_20_09,50x20,V2H,14,3148.0
tsn2,tai50_20_09,50x20,V2H,15,3127.5
tsn2,tai50_20_09,50x20,V2H,16,3127.0
tsn2,tai50_20_09,50x20,V2H,17,3105.5
tsn2,tai50_20_09,50x20,V2H,18,3131.0
tsn2,tai50_20_09,50x20,V2H,19,3122.0
tsn2,tai50_20_09,50x20,V2H,20,3116.5
tsn2,tai50_20_09,50x20,V2H,21,3124.0
tsn2,tai50_20_09,50x20,V2H,22,3099.0
tsn2,tai50_20_09,50x20,V2H,23,3134.0
tsn2,tai50_20_09,50x20,V2H,24,3136.5
tsn2,tai50_20_09,50x20,V2H,25,3125.5
tsn2,tai50_20_09,50x20,V2H,26,3108.5
tsn2,tai50_20_09,50x20,V2H,27,3100.5
tsn2,tai50_20_09,50x20,V2H,28,3090.0
tsn2,tai50_20_09,50x20,V2H,29,3170.5
tsn2,tai50_20_09,50x20,V2H,30,3119.5
tsn2,tai50_20_09,50x20,V2,1,3116.0
tsn2,tai50_20_09,50x20,V2,2,3105.5
tsn2,tai50_20_09,50x20,V2,3,3096.0
tsn2,tai50_20_09,50x20,V2,4,3108.5
tsn2,tai50_20_09,50x20,V2,5,3102.0
tsn2,tai50_20_09,50x20,V2,6,3122.5
tsn2,tai50_20_09,50x20,V2,7,3121.0
tsn2,tai50_20_09,50x20,V2,8,3139.5
tsn2,tai50_20_09,50x20,V2,9,3071.0
tsn2,tai50_20_09,50x20,V2,10,3103.0
tsn2,tai50_20_09,50x20,V2,11,3121.5
tsn2,tai50_20_09,50x20,V2,12,3123.0
tsn2,tai50_20_09,50x20,V2,13,3109.0
tsn2,tai50_20_09,50x20,V2,14,3113.0
tsn2,tai50_20_09,50x20,V2,15,3114.5
tsn2,tai50_20_09,50x20,V2,16,3102.5
tsn2,tai50_20_09,50x20,V2,17,3117.0
tsn2,tai50_20_09,50x20,V2,18,3152.0
tsn2,tai50_20_09,50x20,V2,19,3127.5
tsn2,tai50_20_09,50x20,V2,20,3134.5
tsn2,tai50_20_09,50x20,V2,21,3105.0
tsn2,tai50_20_09,50x20,V2,22,3104.0
tsn2,tai50_20_09,50x20,V2,23,3120.5
tsn2,tai50_20_09,50x20,V2,24,3148.5
tsn2,tai50_20_09,50x20,V2,25,3129.5
tsn2,tai50_20_09,50x20,V2,26,3086.0
tsn2,tai50_20_09,50x20,V2,27,3134.0
tsn2,tai50_20_09,50x20,V2,28,3118.5
tsn2,tai50_20_09,50x20,V2,29,3117.0
tsn2,tai50_20_09,50x20,V2,30,3127.5
tsn2,tai50_20_09,50x20,MOR,1,3098.5
tsn2,tai50_20_09,50x20,MOR,2,3082.0
tsn2,tai50_20_09,50x20,MOR,3,3087.0
tsn2,tai50_20_09,50x20,MOR,4,3074.5
tsn2,tai50_20_09,50x20,MOR,5,3118.0
tsn2,tai50_20_09,50x20,MOR,6,3105.0
tsn2,tai50_20_09,50x20,MOR,7,3091.0
tsn2,tai50_20_09,50x20,MOR,8,3081.0
tsn2,tai50_20_09,50x20,MOR,9,3100.5
tsn2,tai50_20_09,50x20,MOR,10,3098.5
tsn2,tai50_20_09,50x20,MOR,11,3079.0
tsn2,tai50_20_09,50x20,MOR,12,3077.5
tsn2,tai50_20_09,50x20,MOR,13,3077.0
tsn2,tai50_20_09,50x20,MOR,14,3092.5
tsn2,tai50_20_09,50x20,MOR,15,3091.5
tsn2,tai50_20_09,50x20,MOR,16,3092.5
tsn2,tai50_20_09,50x20,MOR,17,3086.5
tsn2,tai50_20_09,50x20,MOR,18,3096.5
tsn2,tai50_20_09,50x20,MOR,19,3088.0
tsn2,tai50_20_09,50x20,MOR,20,3106.5
tsn2,tai50_20_09,50x20,MOR,21,3071.0
tsn2,tai50_20_09,50x20,MOR,22,3083.5
tsn2,tai50_20_09,50x20,MOR,23,3076.5
tsn2,tai50_20_09,50x20,MOR,24,3082.5
tsn2,tai50_20_09,50x20,MOR,25,3106.5
tsn2,tai50_20_09,50x20,MOR,26,3082.5
tsn2,tai50_20_09,50x20,MOR,27,3082.0
tsn2,tai50_20_09,50x20,MOR,28,3105.5
tsn2,tai50_20_09,50x20,MOR,29,3080.5
tsn2,tai50_20_09,50x20,MOR,30,3082.5
tsn2,tai50_20_09,50x20,GT,1,3113.5
tsn2,tai50_20_09,50x20,GT,2,3153.0
tsn2,tai50_20_09,50x20,GT,3,3155.0
tsn2,tai50_20_09,50x20,GT,4,3164.0
tsn2,tai50_20_09,50x20,GT,5,3144.0
tsn2,tai50_20_09,50x20,GT,6,3145.0
tsn2,tai50_20_09,50x20,GT,7,3137.5
tsn2,tai50_20_09,50x20,GT,8,3130.0
tsn2,tai50_20_09,50x20,GT,9,3155.0
tsn2,tai50_20_09,50x20,GT,10,3119.0
tsn2,tai50_20_09,50x20,GT,11,3139.5
tsn2,tai50_20_09,50x20,GT,12,3151.0
tsn2,tai50_20_09,50x20,GT,13,3127.5
tsn2,tai50_20_09,50x20,GT,14,3132.0
tsn2,tai50_20_09,50x20,GT,15,3143.5
tsn2,tai50_20_09,50x20,GT,16,3132.0
tsn2,tai50_20_09,50x20,GT,17,3140.5
tsn2,tai50_20_09,50x20,GT,18,3135.0
tsn2,tai50_20_09,50x20,GT,19,3114.0
tsn2,tai50_20_09,50x20,GT,20,3145.5
tsn2,tai50_20_09,50x20,GT,21,3159.5
tsn2,tai50_20_09,50x20,GT,22,3128.5
tsn2,tai50_20_09,50x20,GT,23,3144.0
tsn2,tai50_20_09,50x20,GT,24,3130.0
tsn2,tai50_20_09,50x20,GT,25,3119.0
tsn2,tai50_20_09,50x20,GT,26,3143.0
tsn2,tai50_20_09,50x20,GT,27,3159.5
tsn2,tai50_20_09,50x20,GT,28,3153.0
tsn2,tai50_20_09,50x20,GT,29,3157.5
tsn2,tai50_20_09,50x20,GT,30,3131.5
tsn2,tai50_20_09,50x20,GP,1,3113.0
tsn2,tai50_20_09,50x20,GP,2,3133.5
tsn2,tai50_20_09,50x20,GP,3,3107.5
tsn2,tai50_20_09,50x20,GP,4,3107.0
tsn2,tai50_20_09,50x20,GP,5,3113.5
tsn2,tai50_20_09,50x20,GP,6,3086.0
tsn2,tai50_20_09,50x20,GP,7,3123.0
tsn2,tai50_20_09,50x20,GP,8,3123.5
tsn2,tai50_20_09,50x20,GP,9,3143.5
tsn2,tai50_20_09,50x20,GP,10,3113.0
tsn2,tai50_20_09,50x20,GP,11,3144.0
tsn2,tai50_20_09,50x20,GP,12,3136.0
tsn2,tai50_20_09,50x20,GP,13,3133.0
tsn2,tai50_20_09,50x20,GP,14,3122.0
tsn2,tai50_20_09,50x20,GP,15,3109.0
tsn2,tai50_20_09,50x20,GP,16,3121.0
tsn2,tai50_20_09,50x20,GP,17,3108.5
tsn2,tai50_20_09,50x20,GP,18,3130.0
tsn2,tai50_20_09,50x20,GP,19,3104.0
tsn2,tai50_20_09,50x20,GP,20,3083.0
tsn2,tai50_20_09,50x20,GP,21,3148.0
tsn2,tai50_20_09,50x20,GP,22,3137.5
tsn2,tai50_20_09,50x20,GP,23,3089.0
tsn2,tai50_20_09,50x20,GP,24,3117.5
tsn2,tai50_20_09,50x20,GP,25,3098.0
tsn2,tai50_20_09,50x20,GP,26,3101.0
tsn2,tai50_20_09,50x20,GP,27,3102.5
tsn2,tai50_20_09,50x20,GP,28,3115.0
tsn2,tai50_20_09,50x20,GP,29,3129.0
tsn2,tai50_20_09,50x20,GP,30,3113.5
tsn2,tai50_20_09,50x20,MIX,1,3098.5
tsn2,tai50_20_09,50x20,MIX,2,3116.5
tsn2,tai50_20_09,50x20,MIX,3,3108.5
tsn2,tai50_20_09,50x20,MIX,4,3112.0
tsn2,tai50_20_09,50x20,MIX,5,3101.5
tsn2,tai50_20_09,50x20,MIX,6,3094.0
tsn2,tai50_20_09,50x20,MIX,7,3130.5
tsn2,tai50_20_09,50x20,MIX,8,3102.0
tsn2,tai50_20_09,50x20,MIX,9,3088.0
tsn2,tai50_20_09,50x20,MIX,10,3104.5
tsn2,tai50_20_09,50x20,MIX,11,3096.0
tsn2,tai50_20_09,50x20,MIX,12,3111.0
tsn2,tai50_20_09,50x20,MIX,13,3098.5
tsn2,tai50_20_09,50x20,MIX,14,3084.5
tsn2,tai50_20_09,50x20,MIX,15,3105.0
tsn2,tai50_20_09,50x20,MIX,16,3121.0
tsn2,tai50_20_09,50x20,MIX,17,3113.5
tsn2,tai50_20_09,50x20,MIX,18,3104.5
tsn2,tai50_20_09,50x20,MIX,19,3096.0
tsn2,tai50_20_09,50x20,MIX,20,3113.0
tsn2,tai50_20_09,50x20,MIX,21,3128.0
tsn2,tai50_20_09,50x20,MIX,22,3105.0
tsn2,tai50_20_09,50x20,MIX,23,3102.0
tsn2,tai50_20_09,50x20,MIX,24,3081.0
tsn2,tai50_20_09,50x20,MIX,25,3113.0
tsn2,tai50_20_09,50x20,MIX,26,3110.5
tsn2,tai50_20_09,50x20,MIX,27,3088.0
tsn2,tai50_20_09,50x20,MIX,28,3110.0
tsn2,tai50_20_09,50x20,MIX,29,3093.5
tsn2,tai50_20_09,50x20,MIX,30,3105.5
tsn2,tai50_20_09,50x20,MIXH,1,3079.0
tsn2,tai50_20_09,50x20,MIXH,2,3100.5
tsn2,tai50_20_09,50x20,MIXH,3,3108.5
tsn2,tai50_20_09,50x20,MIXH,4,3100.0
tsn2,tai50_20_09,50x20,MIXH,5,3102.5
tsn2,tai50_20_09,50x20,MIXH,6,3099.0
tsn2,tai50_20_09,50x20,MIXH,7,3125.0
tsn2,tai50_20_09,50x20,MIXH,8,3106.0
tsn2,tai50_20_09,50x20,MIXH,9,3105.0
tsn2,tai50_20_09,50x20,MIXH,10,3132.0
tsn2,tai50_20_09,50x20,MIXH,11,3115.5
tsn2,tai50_20_09,50x20,MIXH,12,3079.5
tsn2,tai50_20_09,50x20,MIXH,13,3134.0
tsn2,tai50_20_09,50x20,MIXH,14,3097.5
tsn2,tai50_20_09,50x20,MIXH,15,3123.5
tsn2,tai50_20_09,50x20,MIXH,16,3114.5
tsn2,tai50_20_09,50x20,MIXH,17,3082.0
tsn2,tai50_20_09,50x20,MIXH,18,3106.0
tsn2,tai50_20_09,50x20,MIXH,19,3102.5
tsn2,tai50_20_09,50x20,MIXH,20,3089.5
tsn2,tai50_20_09,50x20,MIXH,21,3083.5
tsn2,tai50_20_09,50x20,MIXH,22,3149.5
tsn2,tai50_20_09,50x20,MIXH,23,3133.5
tsn2,tai50_20_09,50x20,MIXH,24,3112.5
tsn2,tai50_20_09,50x20,MIXH,25,3124.0
tsn2,tai50_20_09,50x20,MIXH,26,3128.5
tsn2,tai50_20_09,50x20,MIXH,27,3118.0
tsn2,tai50_20_09,50x20,MIXH,28,3105.5
tsn2,tai50_20_09,50x20,MIXH,29,3099.5
tsn2,tai50_20_09,50x20,MIXH,30,3107.5
tsn2,tai50_20_10,50x20,A0,1,3178.0
tsn2,tai50_20_10,50x20,A0,2,3156.0
tsn2,tai50_20_10,50x20,A0,3,3158.0
tsn2,tai50_20_10,50x20,A0,4,3131.0
tsn2,tai50_20_10,50x20,A0,5,3197.5
tsn2,tai50_20_10,50x20,A0,6,3150.0
tsn2,tai50_20_10,50x20,A0,7,3148.0
tsn2,tai50_20_10,50x20,A0,8,3120.0
tsn2,tai50_20_10,50x20,A0,9,3159.0
tsn2,tai50_20_10,50x20,A0,10,3146.5
tsn2,tai50_20_10,50x20,A0,11,3139.5
tsn2,tai50_20_10,50x20,A0,12,3166.0
tsn2,tai50_20_10,50x20,A0,13,3145.0
tsn2,tai50_20_10,50x20,A0,14,3158.5
tsn2,tai50_20_10,50x20,A0,15,3139.0
tsn2,tai50_20_10,50x20,A0,16,3158.5
tsn2,tai50_20_10,50x20,A0,17,3148.5
tsn2,tai50_20_10,50x20,A0,18,3164.5
tsn2,tai50_20_10,50x20,A0,19,3141.5
tsn2,tai50_20_10,50x20,A0,20,3178.5
tsn2,tai50_20_10,50x20,A0,21,3153.0
tsn2,tai50_20_10,50x20,A0,22,3160.0
tsn2,tai50_20_10,50x20,A0,23,3145.0
tsn2,tai50_20_10,50x20,A0,24,3140.0
tsn2,tai50_20_10,50x20,A0,25,3164.5
tsn2,tai50_20_10,50x20,A0,26,3135.5
tsn2,tai50_20_10,50x20,A0,27,3186.0
tsn2,tai50_20_10,50x20,A0,28,3157.5
tsn2,tai50_20_10,50x20,A0,29,3185.5
tsn2,tai50_20_10,50x20,A0,30,3177.5
tsn2,tai50_20_10,50x20,V2H,1,3145.0
tsn2,tai50_20_10,50x20,V2H,2,3136.0
tsn2,tai50_20_10,50x20,V2H,3,3155.0
tsn2,tai50_20_10,50x20,V2H,4,3146.0
tsn2,tai50_20_10,50x20,V2H,5,3172.5
tsn2,tai50_20_10,50x20,V2H,6,3160.0
tsn2,tai50_20_10,50x20,V2H,7,3164.5
tsn2,tai50_20_10,50x20,V2H,8,3178.5
tsn2,tai50_20_10,50x20,V2H,9,3146.5
tsn2,tai50_20_10,50x20,V2H,10,3132.0
tsn2,tai50_20_10,50x20,V2H,11,3139.5
tsn2,tai50_20_10,50x20,V2H,12,3149.5
tsn2,tai50_20_10,50x20,V2H,13,3149.5
tsn2,tai50_20_10,50x20,V2H,14,3119.5
tsn2,tai50_20_10,50x20,V2H,15,3143.0
tsn2,tai50_20_10,50x20,V2H,16,3158.0
tsn2,tai50_20_10,50x20,V2H,17,3143.0
tsn2,tai50_20_10,50x20,V2H,18,3171.5
tsn2,tai50_20_10,50x20,V2H,19,3150.5
tsn2,tai50_20_10,50x20,V2H,20,3137.5
tsn2,tai50_20_10,50x20,V2H,21,3162.0
tsn2,tai50_20_10,50x20,V2H,22,3142.0
tsn2,tai50_20_10,50x20,V2H,23,3164.0
tsn2,tai50_20_10,50x20,V2H,24,3193.5
tsn2,tai50_20_10,50x20,V2H,25,3148.5
tsn2,tai50_20_10,50x20,V2H,26,3130.5
tsn2,tai50_20_10,50x20,V2H,27,3152.0
tsn2,tai50_20_10,50x20,V2H,28,3156.0
tsn2,tai50_20_10,50x20,V2H,29,3182.5
tsn2,tai50_20_10,50x20,V2H,30,3142.5
tsn2,tai50_20_10,50x20,V2,1,3148.0
tsn2,tai50_20_10,50x20,V2,2,3157.0
tsn2,tai50_20_10,50x20,V2,3,3149.5
tsn2,tai50_20_10,50x20,V2,4,3170.5
tsn2,tai50_20_10,50x20,V2,5,3139.5
tsn2,tai50_20_10,50x20,V2,6,3175.0
tsn2,tai50_20_10,50x20,V2,7,3137.0
tsn2,tai50_20_10,50x20,V2,8,3146.0
tsn2,tai50_20_10,50x20,V2,9,3155.0
tsn2,tai50_20_10,50x20,V2,10,3127.5
tsn2,tai50_20_10,50x20,V2,11,3153.5
tsn2,tai50_20_10,50x20,V2,12,3114.0
tsn2,tai50_20_10,50x20,V2,13,3149.5
tsn2,tai50_20_10,50x20,V2,14,3134.5
tsn2,tai50_20_10,50x20,V2,15,3165.5
tsn2,tai50_20_10,50x20,V2,16,3148.0
tsn2,tai50_20_10,50x20,V2,17,3128.5
tsn2,tai50_20_10,50x20,V2,18,3106.0
tsn2,tai50_20_10,50x20,V2,19,3147.5
tsn2,tai50_20_10,50x20,V2,20,3172.0
tsn2,tai50_20_10,50x20,V2,21,3148.0
tsn2,tai50_20_10,50x20,V2,22,3122.5
tsn2,tai50_20_10,50x20,V2,23,3140.5
tsn2,tai50_20_10,50x20,V2,24,3178.5
tsn2,tai50_20_10,50x20,V2,25,3121.5
tsn2,tai50_20_10,50x20,V2,26,3125.5
tsn2,tai50_20_10,50x20,V2,27,3191.0
tsn2,tai50_20_10,50x20,V2,28,3141.0
tsn2,tai50_20_10,50x20,V2,29,3179.5
tsn2,tai50_20_10,50x20,V2,30,3163.0
tsn2,tai50_20_10,50x20,MOR,1,3137.0
tsn2,tai50_20_10,50x20,MOR,2,3145.0
tsn2,tai50_20_10,50x20,MOR,3,3136.0
tsn2,tai50_20_10,50x20,MOR,4,3129.0
tsn2,tai50_20_10,50x20,MOR,5,3134.5
tsn2,tai50_20_10,50x20,MOR,6,3155.0
tsn2,tai50_20_10,50x20,MOR,7,3181.0
tsn2,tai50_20_10,50x20,MOR,8,3155.5
tsn2,tai50_20_10,50x20,MOR,9,3145.5
tsn2,tai50_20_10,50x20,MOR,10,3149.0
tsn2,tai50_20_10,50x20,MOR,11,3123.0
tsn2,tai50_20_10,50x20,MOR,12,3118.0
tsn2,tai50_20_10,50x20,MOR,13,3156.0
tsn2,tai50_20_10,50x20,MOR,14,3130.0
tsn2,tai50_20_10,50x20,MOR,15,3122.5
tsn2,tai50_20_10,50x20,MOR,16,3139.5
tsn2,tai50_20_10,50x20,MOR,17,3143.0
tsn2,tai50_20_10,50x20,MOR,18,3157.0
tsn2,tai50_20_10,50x20,MOR,19,3133.5
tsn2,tai50_20_10,50x20,MOR,20,3118.5
tsn2,tai50_20_10,50x20,MOR,21,3139.0
tsn2,tai50_20_10,50x20,MOR,22,3147.5
tsn2,tai50_20_10,50x20,MOR,23,3134.0
tsn2,tai50_20_10,50x20,MOR,24,3157.0
tsn2,tai50_20_10,50x20,MOR,25,3137.0
tsn2,tai50_20_10,50x20,MOR,26,3122.0
tsn2,tai50_20_10,50x20,MOR,27,3118.5
tsn2,tai50_20_10,50x20,MOR,28,3125.0
tsn2,tai50_20_10,50x20,MOR,29,3146.5
tsn2,tai50_20_10,50x20,MOR,30,3121.5
tsn2,tai50_20_10,50x20,GT,1,3121.5
tsn2,tai50_20_10,50x20,GT,2,3146.0
tsn2,tai50_20_10,50x20,GT,3,3140.0
tsn2,tai50_20_10,50x20,GT,4,3163.5
tsn2,tai50_20_10,50x20,GT,5,3153.5
tsn2,tai50_20_10,50x20,GT,6,3163.0
tsn2,tai50_20_10,50x20,GT,7,3186.5
tsn2,tai50_20_10,50x20,GT,8,3161.0
tsn2,tai50_20_10,50x20,GT,9,3142.5
tsn2,tai50_20_10,50x20,GT,10,3151.5
tsn2,tai50_20_10,50x20,GT,11,3135.5
tsn2,tai50_20_10,50x20,GT,12,3144.5
tsn2,tai50_20_10,50x20,GT,13,3159.5
tsn2,tai50_20_10,50x20,GT,14,3155.0
tsn2,tai50_20_10,50x20,GT,15,3141.0
tsn2,tai50_20_10,50x20,GT,16,3153.5
tsn2,tai50_20_10,50x20,GT,17,3150.5
tsn2,tai50_20_10,50x20,GT,18,3135.0
tsn2,tai50_20_10,50x20,GT,19,3169.5
tsn2,tai50_20_10,50x20,GT,20,3168.0
tsn2,tai50_20_10,50x20,GT,21,3190.5
tsn2,tai50_20_10,50x20,GT,22,3155.0
tsn2,tai50_20_10,50x20,GT,23,3135.0
tsn2,tai50_20_10,50x20,GT,24,3149.0
tsn2,tai50_20_10,50x20,GT,25,3138.0
tsn2,tai50_20_10,50x20,GT,26,3136.5
tsn2,tai50_20_10,50x20,GT,27,3150.0
tsn2,tai50_20_10,50x20,GT,28,3150.5
tsn2,tai50_20_10,50x20,GT,29,3160.5
tsn2,tai50_20_10,50x20,GT,30,3149.0
tsn2,tai50_20_10,50x20,GP,1,3157.0
tsn2,tai50_20_10,50x20,GP,2,3160.5
tsn2,tai50_20_10,50x20,GP,3,3176.5
tsn2,tai50_20_10,50x20,GP,4,3168.0
tsn2,tai50_20_10,50x20,GP,5,3166.5
tsn2,tai50_20_10,50x20,GP,6,3155.5
tsn2,tai50_20_10,50x20,GP,7,3139.5
tsn2,tai50_20_10,50x20,GP,8,3158.0
tsn2,tai50_20_10,50x20,GP,9,3182.0
tsn2,tai50_20_10,50x20,GP,10,3178.5
tsn2,tai50_20_10,50x20,GP,11,3161.5
tsn2,tai50_20_10,50x20,GP,12,3134.5
tsn2,tai50_20_10,50x20,GP,13,3142.5
tsn2,tai50_20_10,50x20,GP,14,3163.0
tsn2,tai50_20_10,50x20,GP,15,3167.0
tsn2,tai50_20_10,50x20,GP,16,3141.0
tsn2,tai50_20_10,50x20,GP,17,3132.5
tsn2,tai50_20_10,50x20,GP,18,3160.0
tsn2,tai50_20_10,50x20,GP,19,3157.0
tsn2,tai50_20_10,50x20,GP,20,3152.0
tsn2,tai50_20_10,50x20,GP,21,3172.0
tsn2,tai50_20_10,50x20,GP,22,3144.0
tsn2,tai50_20_10,50x20,GP,23,3159.5
tsn2,tai50_20_10,50x20,GP,24,3161.5
tsn2,tai50_20_10,50x20,GP,25,3182.0
tsn2,tai50_20_10,50x20,GP,26,3165.0
tsn2,tai50_20_10,50x20,GP,27,3154.5
tsn2,tai50_20_10,50x20,GP,28,3147.0
tsn2,tai50_20_10,50x20,GP,29,3180.5
tsn2,tai50_20_10,50x20,GP,30,3160.5
tsn2,tai50_20_10,50x20,MIX,1,3139.5
tsn2,tai50_20_10,50x20,MIX,2,3116.5
tsn2,tai50_20_10,50x20,MIX,3,3149.0
tsn2,tai50_20_10,50x20,MIX,4,3128.0
tsn2,tai50_20_10,50x20,MIX,5,3118.0
tsn2,tai50_20_10,50x20,MIX,6,3141.5
tsn2,tai50_20_10,50x20,MIX,7,3132.5
tsn2,tai50_20_10,50x20,MIX,8,3153.0
tsn2,tai50_20_10,50x20,MIX,9,3157.0
tsn2,tai50_20_10,50x20,MIX,10,3128.0
tsn2,tai50_20_10,50x20,MIX,11,3132.0
tsn2,tai50_20_10,50x20,MIX,12,3137.5
tsn2,tai50_20_10,50x20,MIX,13,3157.0
tsn2,tai50_20_10,50x20,MIX,14,3115.0
tsn2,tai50_20_10,50x20,MIX,15,3163.5
tsn2,tai50_20_10,50x20,MIX,16,3159.5
tsn2,tai50_20_10,50x20,MIX,17,3133.5
tsn2,tai50_20_10,50x20,MIX,18,3157.5
tsn2,tai50_20_10,50x20,MIX,19,3131.0
tsn2,tai50_20_10,50x20,MIX,20,3138.0
tsn2,tai50_20_10,50x20,MIX,21,3113.5
tsn2,tai50_20_10,50x20,MIX,22,3137.0
tsn2,tai50_20_10,50x20,MIX,23,3152.5
tsn2,tai50_20_10,50x20,MIX,24,3147.5
tsn2,tai50_20_10,50x20,MIX,25,3128.0
tsn2,tai50_20_10,50x20,MIX,26,3160.5
tsn2,tai50_20_10,50x20,MIX,27,3156.5
tsn2,tai50_20_10,50x20,MIX,28,3169.5
tsn2,tai50_20_10,50x20,MIX,29,3146.0
tsn2,tai50_20_10,50x20,MIX,30,3138.0
tsn2,tai50_20_10,50x20,MIXH,1,3114.0
tsn2,tai50_20_10,50x20,MIXH,2,3135.5
tsn2,tai50_20_10,50x20,MIXH,3,3134.5
tsn2,tai50_20_10,50x20,MIXH,4,3134.5
tsn2,tai50_20_10,50x20,MIXH,5,3139.0
tsn2,tai50_20_10,50x20,MIXH,6,3114.5
tsn2,tai50_20_10,50x20,MIXH,7,3133.0
tsn2,tai50_20_10,50x20,MIXH,8,3136.5
tsn2,tai50_20_10,50x20,MIXH,9,3131.5
tsn2,tai50_20_10,50x20,MIXH,10,3151.5
tsn2,tai50_20_10,50x20,MIXH,11,3132.0
tsn2,tai50_20_10,50x20,MIXH,12,3151.5
tsn2,tai50_20_10,50x20,MIXH,13,3140.5
tsn2,tai50_20_10,50x20,MIXH,14,3138.5
tsn2,tai50_20_10,50x20,MIXH,15,3114.0
tsn2,tai50_20_10,50x20,MIXH,16,3162.5
tsn2,tai50_20_10,50x20,MIXH,17,3094.5
tsn2,tai50_20_10,50x20,MIXH,18,3161.0
tsn2,tai50_20_10,50x20,MIXH,19,3129.0
tsn2,tai50_20_10,50x20,MIXH,20,3102.5
tsn2,tai50_20_10,50x20,MIXH,21,3137.0
tsn2,tai50_20_10,50x20,MIXH,22,3146.5
tsn2,tai50_20_10,50x20,MIXH,23,3124.0
tsn2,tai50_20_10,50x20,MIXH,24,3143.5
tsn2,tai50_20_10,50x20,MIXH,25,3120.0
tsn2,tai50_20_10,50x20,MIXH,26,3130.5
tsn2,tai50_20_10,50x20,MIXH,27,3154.5
tsn2,tai50_20_10,50x20,MIXH,28,3100.0
tsn2,tai50_20_10,50x20,MIXH,29,3134.5
tsn2,tai50_20_10,50x20,MIXH,30,3139.0
