config,neigh,instance,run,makespan
n1_HC,n1,F0.15.0.abz7_06,1,689
n1_HC,n1,F0.15.0.abz7_06,2,687
n1_HC,n1,F0.15.0.abz7_06,3,698
n1_HC,n1,F0.15.0.abz7_06,4,682
n1_HC,n1,F0.15.0.abz7_06,5,687
n1_HC,n1,F0.15.0.abz7_06,6,694
n1_HC,n1,F0.15.0.abz7_06,7,693
n1_HC,n1,F0.15.0.abz7_06,8,694
n1_HC,n1,F0.15.0.abz7_06,9,683
n1_HC,n1,F0.15.0.abz7_06,10,689
n1_HC,n1,F0.15.0.abz7_06,11,685
n1_HC,n1,F0.15.0.abz7_06,12,692
n1_HC,n1,F0.15.0.abz7_06,13,686
n1_HC,n1,F0.15.0.abz7_06,14,684
n1_HC,n1,F0.15.0.abz7_06,15,698
n1_HC,n1,F0.15.0.abz7_06,16,690
n1_HC,n1,F0.15.0.abz7_06,17,688
n1_HC,n1,F0.15.0.abz7_06,18,698
n1_HC,n1,F0.15.0.abz7_06,19,674
n1_HC,n1,F0.15.0.abz7_06,20,687
n1_HC,n1,F0.15.0.abz7_06,21,682
n1_HC,n1,F0.15.0.abz7_06,22,687
n1_HC,n1,F0.15.0.abz7_06,23,674
n1_HC,n1,F0.15.0.abz7_06,24,688
n1_HC,n1,F0.15.0.abz7_06,25,680
n1_HC,n1,F0.15.0.abz7_06,26,695
n1_HC,n1,F0.15.0.abz7_06,27,689
n1_HC,n1,F0.15.0.abz7_06,28,679
n1_HC,n1,F0.15.0.abz7_06,29,688
n1_HC,n1,F0.15.0.abz7_06,30,687
n1_HC,n1,F0.15.0.abz8_05,1,705
n1_HC,n1,F0.15.0.abz8_05,2,702
n1_HC,n1,F0.15.0.abz8_05,3,696
n1_HC,n1,F0.15.0.abz8_05,4,698
n1_HC,n1,F0.15.0.abz8_05,5,712
n1_HC,n1,F0.15.0.abz8_05,6,703
n1_HC,n1,F0.15.0.abz8_05,7,690
n1_HC,n1,F0.15.0.abz8_05,8,694
n1_HC,n1,F0.15.0.abz8_05,9,698
n1_HC,n1,F0.15.0.abz8_05,10,690
n1_HC,n1,F0.15.0.abz8_05,11,699
n1_HC,n1,F0.15.0.abz8_05,12,687
n1_HC,n1,F0.15.0.abz8_05,13,698
n1_HC,n1,F0.15.0.abz8_05,14,706
n1_HC,n1,F0.15.0.abz8_05,15,699
n1_HC,n1,F0.15.0.abz8_05,16,705
n1_HC,n1,F0.15.0.abz8_05,17,688
n1_HC,n1,F0.15.0.abz8_05,18,708
n1_HC,n1,F0.15.0.abz8_05,19,696
n1_HC,n1,F0.15.0.abz8_05,20,703
n1_HC,n1,F0.15.0.abz8_05,21,705
n1_HC,n1,F0.15.0.abz8_05,22,695
n1_HC,n1,F0.15.0.abz8_05,23,698
n1_HC,n1,F0.15.0.abz8_05,24,706
n1_HC,n1,F0.15.0.abz8_05,25,693
n1_HC,n1,F0.15.0.abz8_05,26,709
n1_HC,n1,F0.15.0.abz8_05,27,707
n1_HC,n1,F0.15.0.abz8_05,28,707
n1_HC,n1,F0.15.0.abz8_05,29,696
n1_HC,n1,F0.15.0.abz8_05,30,699
n1_HC,n1,F0.15.0.abz9_10,1,727
n1_HC,n1,F0.15.0.abz9_10,2,734
n1_HC,n1,F0.15.0.abz9_10,3,715
n1_HC,n1,F0.15.0.abz9_10,4,732
n1_HC,n1,F0.15.0.abz9_10,5,730
n1_HC,n1,F0.15.0.abz9_10,6,738
n1_HC,n1,F0.15.0.abz9_10,7,727
n1_HC,n1,F0.15.0.abz9_10,8,730
n1_HC,n1,F0.15.0.abz9_10,9,730
n1_HC,n1,F0.15.0.abz9_10,10,725
n1_HC,n1,F0.15.0.abz9_10,11,716
n1_HC,n1,F0.15.0.abz9_10,12,734
n1_HC,n1,F0.15.0.abz9_10,13,720
n1_HC,n1,F0.15.0.abz9_10,14,715
n1_HC,n1,F0.15.0.abz9_10,15,737
n1_HC,n1,F0.15.0.abz9_10,16,713
n1_HC,n1,F0.15.0.abz9_10,17,710
n1_HC,n1,F0.15.0.abz9_10,18,726
n1_HC,n1,F0.15.0.abz9_10,19,717
n1_HC,n1,F0.15.0.abz9_10,20,716
n1_HC,n1,F0.15.0.abz9_10,21,719
n1_HC,n1,F0.15.0.abz9_10,22,721
n1_HC,n1,F0.15.0.abz9_10,23,729
n1_HC,n1,F0.15.0.abz9_10,24,715
n1_HC,n1,F0.15.0.abz9_10,25,725
n1_HC,n1,F0.15.0.abz9_10,26,719
n1_HC,n1,F0.15.0.abz9_10,27,727
n1_HC,n1,F0.15.0.abz9_10,28,731
n1_HC,n1,F0.15.0.abz9_10,29,708
n1_HC,n1,F0.15.0.abz9_10,30,740
n1_HC,n1,F0.15.0.ft10_10,1,956
n1_HC,n1,F0.15.0.ft10_10,2,967
n1_HC,n1,F0.15.0.ft10_10,3,967
n1_HC,n1,F0.15.0.ft10_10,4,955
n1_HC,n1,F0.15.0.ft10_10,5,951
n1_HC,n1,F0.15.0.ft10_10,6,975
n1_HC,n1,F0.15.0.ft10_10,7,937
n1_HC,n1,F0.15.0.ft10_10,8,952
n1_HC,n1,F0.15.0.ft10_10,9,930
n1_HC,n1,F0.15.0.ft10_10,10,930
n1_HC,n1,F0.15.0.ft10_10,11,967
n1_HC,n1,F0.15.0.ft10_10,12,958
n1_HC,n1,F0.15.0.ft10_10,13,936
n1_HC,n1,F0.15.0.ft10_10,14,943
n1_HC,n1,F0.15.0.ft10_10,15,943
n1_HC,n1,F0.15.0.ft10_10,16,951
n1_HC,n1,F0.15.0.ft10_10,17,967
n1_HC,n1,F0.15.0.ft10_10,18,949
n1_HC,n1,F0.15.0.ft10_10,19,967
n1_HC,n1,F0.15.0.ft10_10,20,967
n1_HC,n1,F0.15.0.ft10_10,21,955
n1_HC,n1,F0.15.0.ft10_10,22,967
n1_HC,n1,F0.15.0.ft10_10,23,938
n1_HC,n1,F0.15.0.ft10_10,24,943
n1_HC,n1,F0.15.0.ft10_10,25,936
n1_HC,n1,F0.15.0.ft10_10,26,935
n1_HC,n1,F0.15.0.ft10_10,27,967
n1_HC,n1,F0.15.0.ft10_10,28,930
n1_HC,n1,F0.15.0.ft10_10,29,971
n1_HC,n1,F0.15.0.ft10_10,30,967
n1_HC,n1,F0.15.0.ft20_05,1,1176
n1_HC,n1,F0.15.0.ft20_05,2,1190
n1_HC,n1,F0.15.0.ft20_05,3,1173
n1_HC,n1,F0.15.0.ft20_05,4,1180
n1_HC,n1,F0.15.0.ft20_05,5,1199
n1_HC,n1,F0.15.0.ft20_05,6,1175
n1_HC,n1,F0.15.0.ft20_05,7,1178
n1_HC,n1,F0.15.0.ft20_05,8,1192
n1_HC,n1,F0.15.0.ft20_05,9,1173
n1_HC,n1,F0.15.0.ft20_05,10,1178
n1_HC,n1,F0.15.0.ft20_05,11,1180
n1_HC,n1,F0.15.0.ft20_05,12,1180
n1_HC,n1,F0.15.0.ft20_05,13,1178
n1_HC,n1,F0.15.0.ft20_05,14,1180
n1_HC,n1,F0.15.0.ft20_05,15,1174
n1_HC,n1,F0.15.0.ft20_05,16,1173
n1_HC,n1,F0.15.0.ft20_05,17,1192
n1_HC,n1,F0.15.0.ft20_05,18,1178
n1_HC,n1,F0.15.0.ft20_05,19,1184
n1_HC,n1,F0.15.0.ft20_05,20,1180
n1_HC,n1,F0.15.0.ft20_05,21,1182
n1_HC,n1,F0.15.0.ft20_05,22,1182
n1_HC,n1,F0.15.0.ft20_05,23,1178
n1_HC,n1,F0.15.0.ft20_05,24,1192
n1_HC,n1,F0.15.0.ft20_05,25,1178
n1_HC,n1,F0.15.0.ft20_05,26,1178
n1_HC,n1,F0.15.0.ft20_05,27,1182
n1_HC,n1,F0.15.0.ft20_05,28,1178
n1_HC,n1,F0.15.0.ft20_05,29,1178
n1_HC,n1,F0.15.0.ft20_05,30,1178
n1_HC,n1,F0.15.0.la21_04,1,1064
n1_HC,n1,F0.15.0.la21_04,2,1059
n1_HC,n1,F0.15.0.la21_04,3,1057
n1_HC,n1,F0.15.0.la21_04,4,1078
n1_HC,n1,F0.15.0.la21_04,5,1069
n1_HC,n1,F0.15.0.la21_04,6,1061
n1_HC,n1,F0.15.0.la21_04,7,1065
n1_HC,n1,F0.15.0.la21_04,8,1060
n1_HC,n1,F0.15.0.la21_04,9,1063
n1_HC,n1,F0.15.0.la21_04,10,1078
n1_HC,n1,F0.15.0.la21_04,11,1091
n1_HC,n1,F0.15.0.la21_04,12,1085
n1_HC,n1,F0.15.0.la21_04,13,1057
n1_HC,n1,F0.15.0.la21_04,14,1068
n1_HC,n1,F0.15.0.la21_04,15,1057
n1_HC,n1,F0.15.0.la21_04,16,1095
n1_HC,n1,F0.15.0.la21_04,17,1097
n1_HC,n1,F0.15.0.la21_04,18,1073
n1_HC,n1,F0.15.0.la21_04,19,1057
n1_HC,n1,F0.15.0.la21_04,20,1087
n1_HC,n1,F0.15.0.la21_04,21,1077
n1_HC,n1,F0.15.0.la21_04,22,1071
n1_HC,n1,F0.15.0.la21_04,23,1070
n1_HC,n1,F0.15.0.la21_04,24,1061
n1_HC,n1,F0.15.0.la21_04,25,1077
n1_HC,n1,F0.15.0.la21_04,26,1076
n1_HC,n1,F0.15.0.la21_04,27,1082
n1_HC,n1,F0.15.0.la21_04,28,1062
n1_HC,n1,F0.15.0.la21_04,29,1055
n1_HC,n1,F0.15.0.la21_04,30,1058
n1_HC,n1,F0.15.0.la24_03,1,949
n1_HC,n1,F0.15.0.la24_03,2,973
n1_HC,n1,F0.15.0.la24_03,3,967
n1_HC,n1,F0.15.0.la24_03,4,946
n1_HC,n1,F0.15.0.la24_03,5,956
n1_HC,n1,F0.15.0.la24_03,6,947
n1_HC,n1,F0.15.0.la24_03,7,971
n1_HC,n1,F0.15.0.la24_03,8,939
n1_HC,n1,F0.15.0.la24_03,9,943
n1_HC,n1,F0.15.0.la24_03,10,956
n1_HC,n1,F0.15.0.la24_03,11,958
n1_HC,n1,F0.15.0.la24_03,12,946
n1_HC,n1,F0.15.0.la24_03,13,941
n1_HC,n1,F0.15.0.la24_03,14,967
n1_HC,n1,F0.15.0.la24_03,15,956
n1_HC,n1,F0.15.0.la24_03,16,949
n1_HC,n1,F0.15.0.la24_03,17,973
n1_HC,n1,F0.15.0.la24_03,18,956
n1_HC,n1,F0.15.0.la24_03,19,965
n1_HC,n1,F0.15.0.la24_03,20,954
n1_HC,n1,F0.15.0.la24_03,21,948
n1_HC,n1,F0.15.0.la24_03,22,956
n1_HC,n1,F0.15.0.la24_03,23,941
n1_HC,n1,F0.15.0.la24_03,24,941
n1_HC,n1,F0.15.0.la24_03,25,947
n1_HC,n1,F0.15.0.la24_03,26,960
n1_HC,n1,F0.15.0.la24_03,27,956
n1_HC,n1,F0.15.0.la24_03,28,967
n1_HC,n1,F0.15.0.la24_03,29,956
n1_HC,n1,F0.15.0.la24_03,30,943
n1_HC,n1,F0.15.0.la25_04,1,1004
n1_HC,n1,F0.15.0.la25_04,2,1006
n1_HC,n1,F0.15.0.la25_04,3,986
n1_HC,n1,F0.15.0.la25_04,4,1003
n1_HC,n1,F0.15.0.la25_04,5,1001
n1_HC,n1,F0.15.0.la25_04,6,992
n1_HC,n1,F0.15.0.la25_04,7,1012
n1_HC,n1,F0.15.0.la25_04,8,991
n1_HC,n1,F0.15.0.la25_04,9,984
n1_HC,n1,F0.15.0.la25_04,10,986
n1_HC,n1,F0.15.0.la25_04,11,1011
n1_HC,n1,F0.15.0.la25_04,12,989
n1_HC,n1,F0.15.0.la25_04,13,996
n1_HC,n1,F0.15.0.la25_04,14,984
n1_HC,n1,F0.15.0.la25_04,15,1021
n1_HC,n1,F0.15.0.la25_04,16,997
n1_HC,n1,F0.15.0.la25_04,17,988
n1_HC,n1,F0.15.0.la25_04,18,1003
n1_HC,n1,F0.15.0.la25_04,19,1006
n1_HC,n1,F0.15.0.la25_04,20,994
n1_HC,n1,F0.15.0.la25_04,21,984
n1_HC,n1,F0.15.0.la25_04,22,1006
n1_HC,n1,F0.15.0.la25_04,23,1011
n1_HC,n1,F0.15.0.la25_04,24,992
n1_HC,n1,F0.15.0.la25_04,25,997
n1_HC,n1,F0.15.0.la25_04,26,986
n1_HC,n1,F0.15.0.la25_04,27,984
n1_HC,n1,F0.15.0.la25_04,28,1011
n1_HC,n1,F0.15.0.la25_04,29,984
n1_HC,n1,F0.15.0.la25_04,30,984
n1_HC,n1,F0.15.0.la27_09,1,1269
n1_HC,n1,F0.15.0.la27_09,2,1269
n1_HC,n1,F0.15.0.la27_09,3,1269
n1_HC,n1,F0.15.0.la27_09,4,1269
n1_HC,n1,F0.15.0.la27_09,5,1284
n1_HC,n1,F0.15.0.la27_09,6,1269
n1_HC,n1,F0.15.0.la27_09,7,1287
n1_HC,n1,F0.15.0.la27_09,8,1269
n1_HC,n1,F0.15.0.la27_09,9,1269
n1_HC,n1,F0.15.0.la27_09,10,1270
n1_HC,n1,F0.15.0.la27_09,11,1269
n1_HC,n1,F0.15.0.la27_09,12,1269
n1_HC,n1,F0.15.0.la27_09,13,1269
n1_HC,n1,F0.15.0.la27_09,14,1289
n1_HC,n1,F0.15.0.la27_09,15,1269
n1_HC,n1,F0.15.0.la27_09,16,1277
n1_HC,n1,F0.15.0.la27_09,17,1269
n1_HC,n1,F0.15.0.la27_09,18,1277
n1_HC,n1,F0.15.0.la27_09,19,1277
n1_HC,n1,F0.15.0.la27_09,20,1266
n1_HC,n1,F0.15.0.la27_09,21,1269
n1_HC,n1,F0.15.0.la27_09,22,1269
n1_HC,n1,F0.15.0.la27_09,23,1269
n1_HC,n1,F0.15.0.la27_09,24,1269
n1_HC,n1,F0.15.0.la27_09,25,1269
n1_HC,n1,F0.15.0.la27_09,26,1269
n1_HC,n1,F0.15.0.la27_09,27,1269
n1_HC,n1,F0.15.0.la27_09,28,1269
n1_HC,n1,F0.15.0.la27_09,29,1250
n1_HC,n1,F0.15.0.la27_09,30,1269
n1_HC,n1,F0.15.0.la29_03,1,1197
n1_HC,n1,F0.15.0.la29_03,2,1236
n1_HC,n1,F0.15.0.la29_03,3,1221
n1_HC,n1,F0.15.0.la29_03,4,1220
n1_HC,n1,F0.15.0.la29_03,5,1221
n1_HC,n1,F0.15.0.la29_03,6,1186
n1_HC,n1,F0.15.0.la29_03,7,1242
n1_HC,n1,F0.15.0.la29_03,8,1203
n1_HC,n1,F0.15.0.la29_03,9,1231
n1_HC,n1,F0.15.0.la29_03,10,1241
n1_HC,n1,F0.15.0.la29_03,11,1216
n1_HC,n1,F0.15.0.la29_03,12,1217
n1_HC,n1,F0.15.0.la29_03,13,1220
n1_HC,n1,F0.15.0.la29_03,14,1221
n1_HC,n1,F0.15.0.la29_03,15,1214
n1_HC,n1,F0.15.0.la29_03,16,1232
n1_HC,n1,F0.15.0.la29_03,17,1219
n1_HC,n1,F0.15.0.la29_03,18,1194
n1_HC,n1,F0.15.0.la29_03,19,1236
n1_HC,n1,F0.15.0.la29_03,20,1234
n1_HC,n1,F0.15.0.la29_03,21,1214
n1_HC,n1,F0.15.0.la29_03,22,1224
n1_HC,n1,F0.15.0.la29_03,23,1211
n1_HC,n1,F0.15.0.la29_03,24,1206
n1_HC,n1,F0.15.0.la29_03,25,1228
n1_HC,n1,F0.15.0.la29_03,26,1223
n1_HC,n1,F0.15.0.la29_03,27,1250
n1_HC,n1,F0.15.0.la29_03,28,1219
n1_HC,n1,F0.15.0.la29_03,29,1219
n1_HC,n1,F0.15.0.la29_03,30,1214
n1_HC,n1,F0.15.0.la38_06,1,1254
n1_HC,n1,F0.15.0.la38_06,2,1258
n1_HC,n1,F0.15.0.la38_06,3,1240
n1_HC,n1,F0.15.0.la38_06,4,1239
n1_HC,n1,F0.15.0.la38_06,5,1249
n1_HC,n1,F0.15.0.la38_06,6,1246
n1_HC,n1,F0.15.0.la38_06,7,1268
n1_HC,n1,F0.15.0.la38_06,8,1231
n1_HC,n1,F0.15.0.la38_06,9,1230
n1_HC,n1,F0.15.0.la38_06,10,1230
n1_HC,n1,F0.15.0.la38_06,11,1255
n1_HC,n1,F0.15.0.la38_06,12,1249
n1_HC,n1,F0.15.0.la38_06,13,1230
n1_HC,n1,F0.15.0.la38_06,14,1247
n1_HC,n1,F0.15.0.la38_06,15,1247
n1_HC,n1,F0.15.0.la38_06,16,1259
n1_HC,n1,F0.15.0.la38_06,17,1253
n1_HC,n1,F0.15.0.la38_06,18,1239
n1_HC,n1,F0.15.0.la38_06,19,1256
n1_HC,n1,F0.15.0.la38_06,20,1230
n1_HC,n1,F0.15.0.la38_06,21,1236
n1_HC,n1,F0.15.0.la38_06,22,1237
n1_HC,n1,F0.15.0.la38_06,23,1234
n1_HC,n1,F0.15.0.la38_06,24,1269
n1_HC,n1,F0.15.0.la38_06,25,1250
n1_HC,n1,F0.15.0.la38_06,26,1259
n1_HC,n1,F0.15.0.la38_06,27,1252
n1_HC,n1,F0.15.0.la38_06,28,1239
n1_HC,n1,F0.15.0.la38_06,29,1230
n1_HC,n1,F0.15.0.la38_06,30,1250
n1_HC,n1,F0.15.0.la40_05,1,1248
n1_HC,n1,F0.15.0.la40_05,2,1252
n1_HC,n1,F0.15.0.la40_05,3,1252
n1_HC,n1,F0.15.0.la40_05,4,1252
n1_HC,n1,F0.15.0.la40_05,5,1246
n1_HC,n1,F0.15.0.la40_05,6,1248
n1_HC,n1,F0.15.0.la40_05,7,1252
n1_HC,n1,F0.15.0.la40_05,8,1234
n1_HC,n1,F0.15.0.la40_05,9,1252
n1_HC,n1,F0.15.0.la40_05,10,1244
n1_HC,n1,F0.15.0.la40_05,11,1252
n1_HC,n1,F0.15.0.la40_05,12,1269
n1_HC,n1,F0.15.0.la40_05,13,1252
n1_HC,n1,F0.15.0.la40_05,14,1252
n1_HC,n1,F0.15.0.la40_05,15,1240
n1_HC,n1,F0.15.0.la40_05,16,1247
n1_HC,n1,F0.15.0.la40_05,17,1254
n1_HC,n1,F0.15.0.la40_05,18,1251
n1_HC,n1,F0.15.0.la40_05,19,1240
n1_HC,n1,F0.15.0.la40_05,20,1267
n1_HC,n1,F0.15.0.la40_05,21,1252
n1_HC,n1,F0.15.0.la40_05,22,1252
n1_HC,n1,F0.15.0.la40_05,23,1252
n1_HC,n1,F0.15.0.la40_05,24,1269
n1_HC,n1,F0.15.0.la40_05,25,1252
n1_HC,n1,F0.15.0.la40_05,26,1252
n1_HC,n1,F0.15.0.la40_05,27,1269
n1_HC,n1,F0.15.0.la40_05,28,1278
n1_HC,n1,F0.15.0.la40_05,29,1242
n1_HC,n1,F0.15.0.la40_05,30,1252
n1_HC,n1,tai15_15_01.F.15_01,1,1288
n1_HC,n1,tai15_15_01.F.15_01,2,1286
n1_HC,n1,tai15_15_01.F.15_01,3,1265
n1_HC,n1,tai15_15_01.F.15_01,4,1260
n1_HC,n1,tai15_15_01.F.15_01,5,1278
n1_HC,n1,tai15_15_01.F.15_01,6,1263
n1_HC,n1,tai15_15_01.F.15_01,7,1288
n1_HC,n1,tai15_15_01.F.15_01,8,1307
n1_HC,n1,tai15_15_01.F.15_01,9,1291
n1_HC,n1,tai15_15_01.F.15_01,10,1260
n1_HC,n1,tai15_15_01.F.15_01,11,1260
n1_HC,n1,tai15_15_01.F.15_01,12,1286
n1_HC,n1,tai15_15_01.F.15_01,13,1286
n1_HC,n1,tai15_15_01.F.15_01,14,1288
n1_HC,n1,tai15_15_01.F.15_01,15,1288
n1_HC,n1,tai15_15_01.F.15_01,16,1286
n1_HC,n1,tai15_15_01.F.15_01,17,1288
n1_HC,n1,tai15_15_01.F.15_01,18,1278
n1_HC,n1,tai15_15_01.F.15_01,19,1260
n1_HC,n1,tai15_15_01.F.15_01,20,1286
n1_HC,n1,tai15_15_01.F.15_01,21,1262
n1_HC,n1,tai15_15_01.F.15_01,22,1286
n1_HC,n1,tai15_15_01.F.15_01,23,1260
n1_HC,n1,tai15_15_01.F.15_01,24,1265
n1_HC,n1,tai15_15_01.F.15_01,25,1288
n1_HC,n1,tai15_15_01.F.15_01,26,1286
n1_HC,n1,tai15_15_01.F.15_01,27,1286
n1_HC,n1,tai15_15_01.F.15_01,28,1288
n1_HC,n1,tai15_15_01.F.15_01,29,1292
n1_HC,n1,tai15_15_01.F.15_01,30,1288
n1_HC,n1,tai15_15_02.F.15_01,1,1272
n1_HC,n1,tai15_15_02.F.15_01,2,1278
n1_HC,n1,tai15_15_02.F.15_01,3,1272
n1_HC,n1,tai15_15_02.F.15_01,4,1278
n1_HC,n1,tai15_15_02.F.15_01,5,1269
n1_HC,n1,tai15_15_02.F.15_01,6,1269
n1_HC,n1,tai15_15_02.F.15_01,7,1278
n1_HC,n1,tai15_15_02.F.15_01,8,1278
n1_HC,n1,tai15_15_02.F.15_01,9,1272
n1_HC,n1,tai15_15_02.F.15_01,10,1269
n1_HC,n1,tai15_15_02.F.15_01,11,1269
n1_HC,n1,tai15_15_02.F.15_01,12,1271
n1_HC,n1,tai15_15_02.F.15_01,13,1277
n1_HC,n1,tai15_15_02.F.15_01,14,1272
n1_HC,n1,tai15_15_02.F.15_01,15,1278
n1_HC,n1,tai15_15_02.F.15_01,16,1269
n1_HC,n1,tai15_15_02.F.15_01,17,1272
n1_HC,n1,tai15_15_02.F.15_01,18,1283
n1_HC,n1,tai15_15_02.F.15_01,19,1269
n1_HC,n1,tai15_15_02.F.15_01,20,1281
n1_HC,n1,tai15_15_02.F.15_01,21,1285
n1_HC,n1,tai15_15_02.F.15_01,22,1278
n1_HC,n1,tai15_15_02.F.15_01,23,1269
n1_HC,n1,tai15_15_02.F.15_01,24,1263
n1_HC,n1,tai15_15_02.F.15_01,25,1269
n1_HC,n1,tai15_15_02.F.15_01,26,1269
n1_HC,n1,tai15_15_02.F.15_01,27,1283
n1_HC,n1,tai15_15_02.F.15_01,28,1269
n1_HC,n1,tai15_15_02.F.15_01,29,1269
n1_HC,n1,tai15_15_02.F.15_01,30,1278
n1_HC,n1,tai15_15_03.F.15_01,1,1263
n1_HC,n1,tai15_15_03.F.15_01,2,1270
n1_HC,n1,tai15_15_03.F.15_01,3,1267
n1_HC,n1,tai15_15_03.F.15_01,4,1270
n1_HC,n1,tai15_15_03.F.15_01,5,1272
n1_HC,n1,tai15_15_03.F.15_01,6,1247
n1_HC,n1,tai15_15_03.F.15_01,7,1234
n1_HC,n1,tai15_15_03.F.15_01,8,1232
n1_HC,n1,tai15_15_03.F.15_01,9,1242
n1_HC,n1,tai15_15_03.F.15_01,10,1262
n1_HC,n1,tai15_15_03.F.15_01,11,1273
n1_HC,n1,tai15_15_03.F.15_01,12,1256
n1_HC,n1,tai15_15_03.F.15_01,13,1254
n1_HC,n1,tai15_15_03.F.15_01,14,1251
n1_HC,n1,tai15_15_03.F.15_01,15,1248
n1_HC,n1,tai15_15_03.F.15_01,16,1250
n1_HC,n1,tai15_15_03.F.15_01,17,1255
n1_HC,n1,tai15_15_03.F.15_01,18,1252
n1_HC,n1,tai15_15_03.F.15_01,19,1253
n1_HC,n1,tai15_15_03.F.15_01,20,1249
n1_HC,n1,tai15_15_03.F.15_01,21,1258
n1_HC,n1,tai15_15_03.F.15_01,22,1219
n1_HC,n1,tai15_15_03.F.15_01,23,1264
n1_HC,n1,tai15_15_03.F.15_01,24,1251
n1_HC,n1,tai15_15_03.F.15_01,25,1267
n1_HC,n1,tai15_15_03.F.15_01,26,1225
n1_HC,n1,tai15_15_03.F.15_01,27,1261
n1_HC,n1,tai15_15_03.F.15_01,28,1271
n1_HC,n1,tai15_15_03.F.15_01,29,1244
n1_HC,n1,tai15_15_03.F.15_01,30,1252
n1_HC,n1,tai15_15_04.F.15_01,1,1208
n1_HC,n1,tai15_15_04.F.15_01,2,1215
n1_HC,n1,tai15_15_04.F.15_01,3,1250
n1_HC,n1,tai15_15_04.F.15_01,4,1223
n1_HC,n1,tai15_15_04.F.15_01,5,1222
n1_HC,n1,tai15_15_04.F.15_01,6,1220
n1_HC,n1,tai15_15_04.F.15_01,7,1191
n1_HC,n1,tai15_15_04.F.15_01,8,1229
n1_HC,n1,tai15_15_04.F.15_01,9,1213
n1_HC,n1,tai15_15_04.F.15_01,10,1229
n1_HC,n1,tai15_15_04.F.15_01,11,1211
n1_HC,n1,tai15_15_04.F.15_01,12,1215
n1_HC,n1,tai15_15_04.F.15_01,13,1193
n1_HC,n1,tai15_15_04.F.15_01,14,1232
n1_HC,n1,tai15_15_04.F.15_01,15,1234
n1_HC,n1,tai15_15_04.F.15_01,16,1207
n1_HC,n1,tai15_15_04.F.15_01,17,1191
n1_HC,n1,tai15_15_04.F.15_01,18,1209
n1_HC,n1,tai15_15_04.F.15_01,19,1217
n1_HC,n1,tai15_15_04.F.15_01,20,1231
n1_HC,n1,tai15_15_04.F.15_01,21,1190
n1_HC,n1,tai15_15_04.F.15_01,22,1219
n1_HC,n1,tai15_15_04.F.15_01,23,1195
n1_HC,n1,tai15_15_04.F.15_01,24,1218
n1_HC,n1,tai15_15_04.F.15_01,25,1216
n1_HC,n1,tai15_15_04.F.15_01,26,1223
n1_HC,n1,tai15_15_04.F.15_01,27,1198
n1_HC,n1,tai15_15_04.F.15_01,28,1229
n1_HC,n1,tai15_15_04.F.15_01,29,1207
n1_HC,n1,tai15_15_04.F.15_01,30,1224
n1_HC,n1,tai15_15_05.F.15_01,1,1259
n1_HC,n1,tai15_15_05.F.15_01,2,1271
n1_HC,n1,tai15_15_05.F.15_01,3,1256
n1_HC,n1,tai15_15_05.F.15_01,4,1238
n1_HC,n1,tai15_15_05.F.15_01,5,1253
n1_HC,n1,tai15_15_05.F.15_01,6,1250
n1_HC,n1,tai15_15_05.F.15_01,7,1262
n1_HC,n1,tai15_15_05.F.15_01,8,1248
n1_HC,n1,tai15_15_05.F.15_01,9,1257
n1_HC,n1,tai15_15_05.F.15_01,10,1252
n1_HC,n1,tai15_15_05.F.15_01,11,1242
n1_HC,n1,tai15_15_05.F.15_01,12,1252
n1_HC,n1,tai15_15_05.F.15_01,13,1256
n1_HC,n1,tai15_15_05.F.15_01,14,1271
n1_HC,n1,tai15_15_05.F.15_01,15,1269
n1_HC,n1,tai15_15_05.F.15_01,16,1272
n1_HC,n1,tai15_15_05.F.15_01,17,1262
n1_HC,n1,tai15_15_05.F.15_01,18,1254
n1_HC,n1,tai15_15_05.F.15_01,19,1260
n1_HC,n1,tai15_15_05.F.15_01,20,1245
n1_HC,n1,tai15_15_05.F.15_01,21,1254
n1_HC,n1,tai15_15_05.F.15_01,22,1253
n1_HC,n1,tai15_15_05.F.15_01,23,1249
n1_HC,n1,tai15_15_05.F.15_01,24,1265
n1_HC,n1,tai15_15_05.F.15_01,25,1251
n1_HC,n1,tai15_15_05.F.15_01,26,1246
n1_HC,n1,tai15_15_05.F.15_01,27,1258
n1_HC,n1,tai15_15_05.F.15_01,28,1262
n1_HC,n1,tai15_15_05.F.15_01,29,1248
n1_HC,n1,tai15_15_05.F.15_01,30,1244
n1_HC,n1,tai15_15_06.F.15_01,1,1290
n1_HC,n1,tai15_15_06.F.15_01,2,1265
n1_HC,n1,tai15_15_06.F.15_01,3,1274
n1_HC,n1,tai15_15_06.F.15_01,4,1268
n1_HC,n1,tai15_15_06.F.15_01,5,1282
n1_HC,n1,tai15_15_06.F.15_01,6,1270
n1_HC,n1,tai15_15_06.F.15_01,7,1279
n1_HC,n1,tai15_15_06.F.15_01,8,1273
n1_HC,n1,tai15_15_06.F.15_01,9,1273
n1_HC,n1,tai15_15_06.F.15_01,10,1261
n1_HC,n1,tai15_15_06.F.15_01,11,1279
n1_HC,n1,tai15_15_06.F.15_01,12,1282
n1_HC,n1,tai15_15_06.F.15_01,13,1270
n1_HC,n1,tai15_15_06.F.15_01,14,1268
n1_HC,n1,tai15_15_06.F.15_01,15,1271
n1_HC,n1,tai15_15_06.F.15_01,16,1283
n1_HC,n1,tai15_15_06.F.15_01,17,1273
n1_HC,n1,tai15_15_06.F.15_01,18,1296
n1_HC,n1,tai15_15_06.F.15_01,19,1273
n1_HC,n1,tai15_15_06.F.15_01,20,1282
n1_HC,n1,tai15_15_06.F.15_01,21,1269
n1_HC,n1,tai15_15_06.F.15_01,22,1270
n1_HC,n1,tai15_15_06.F.15_01,23,1274
n1_HC,n1,tai15_15_06.F.15_01,24,1274
n1_HC,n1,tai15_15_06.F.15_01,25,1248
n1_HC,n1,tai15_15_06.F.15_01,26,1273
n1_HC,n1,tai15_15_06.F.15_01,27,1262
n1_HC,n1,tai15_15_06.F.15_01,28,1269
n1_HC,n1,tai15_15_06.F.15_01,29,1268
n1_HC,n1,tai15_15_06.F.15_01,30,1291
n1_HC,n1,tai15_15_07.F.15_01,1,1260
n1_HC,n1,tai15_15_07.F.15_01,2,1259
n1_HC,n1,tai15_15_07.F.15_01,3,1250
n1_HC,n1,tai15_15_07.F.15_01,4,1253
n1_HC,n1,tai15_15_07.F.15_01,5,1249
n1_HC,n1,tai15_15_07.F.15_01,6,1249
n1_HC,n1,tai15_15_07.F.15_01,7,1249
n1_HC,n1,tai15_15_07.F.15_01,8,1255
n1_HC,n1,tai15_15_07.F.15_01,9,1251
n1_HC,n1,tai15_15_07.F.15_01,10,1255
n1_HC,n1,tai15_15_07.F.15_01,11,1259
n1_HC,n1,tai15_15_07.F.15_01,12,1275
n1_HC,n1,tai15_15_07.F.15_01,13,1247
n1_HC,n1,tai15_15_07.F.15_01,14,1261
n1_HC,n1,tai15_15_07.F.15_01,15,1257
n1_HC,n1,tai15_15_07.F.15_01,16,1264
n1_HC,n1,tai15_15_07.F.15_01,17,1258
n1_HC,n1,tai15_15_07.F.15_01,18,1251
n1_HC,n1,tai15_15_07.F.15_01,19,1253
n1_HC,n1,tai15_15_07.F.15_01,20,1279
n1_HC,n1,tai15_15_07.F.15_01,21,1258
n1_HC,n1,tai15_15_07.F.15_01,22,1251
n1_HC,n1,tai15_15_07.F.15_01,23,1279
n1_HC,n1,tai15_15_07.F.15_01,24,1269
n1_HC,n1,tai15_15_07.F.15_01,25,1279
n1_HC,n1,tai15_15_07.F.15_01,26,1255
n1_HC,n1,tai15_15_07.F.15_01,27,1259
n1_HC,n1,tai15_15_07.F.15_01,28,1256
n1_HC,n1,tai15_15_07.F.15_01,29,1251
n1_HC,n1,tai15_15_07.F.15_01,30,1252
n1_HC,n1,tai15_15_08.F.15_01,1,1268
n1_HC,n1,tai15_15_08.F.15_01,2,1268
n1_HC,n1,tai15_15_08.F.15_01,3,1245
n1_HC,n1,tai15_15_08.F.15_01,4,1270
n1_HC,n1,tai15_15_08.F.15_01,5,1245
n1_HC,n1,tai15_15_08.F.15_01,6,1239
n1_HC,n1,tai15_15_08.F.15_01,7,1239
n1_HC,n1,tai15_15_08.F.15_01,8,1253
n1_HC,n1,tai15_15_08.F.15_01,9,1241
n1_HC,n1,tai15_15_08.F.15_01,10,1236
n1_HC,n1,tai15_15_08.F.15_01,11,1239
n1_HC,n1,tai15_15_08.F.15_01,12,1268
n1_HC,n1,tai15_15_08.F.15_01,13,1245
n1_HC,n1,tai15_15_08.F.15_01,14,1268
n1_HC,n1,tai15_15_08.F.15_01,15,1218
n1_HC,n1,tai15_15_08.F.15_01,16,1250
n1_HC,n1,tai15_15_08.F.15_01,17,1227
n1_HC,n1,tai15_15_08.F.15_01,18,1227
n1_HC,n1,tai15_15_08.F.15_01,19,1222
n1_HC,n1,tai15_15_08.F.15_01,20,1227
n1_HC,n1,tai15_15_08.F.15_01,21,1245
n1_HC,n1,tai15_15_08.F.15_01,22,1229
n1_HC,n1,tai15_15_08.F.15_01,23,1221
n1_HC,n1,tai15_15_08.F.15_01,24,1236
n1_HC,n1,tai15_15_08.F.15_01,25,1260
n1_HC,n1,tai15_15_08.F.15_01,26,1268
n1_HC,n1,tai15_15_08.F.15_01,27,1263
n1_HC,n1,tai15_15_08.F.15_01,28,1241
n1_HC,n1,tai15_15_08.F.15_01,29,1229
n1_HC,n1,tai15_15_08.F.15_01,30,1229
n1_HC,n1,tai15_15_09.F.15_01,1,1321
n1_HC,n1,tai15_15_09.F.15_01,2,1333
n1_HC,n1,tai15_15_09.F.15_01,3,1329
n1_HC,n1,tai15_15_09.F.15_01,4,1326
n1_HC,n1,tai15_15_09.F.15_01,5,1333
n1_HC,n1,tai15_15_09.F.15_01,6,1338
n1_HC,n1,tai15_15_09.F.15_01,7,1329
n1_HC,n1,tai15_15_09.F.15_01,8,1359
n1_HC,n1,tai15_15_09.F.15_01,9,1341
n1_HC,n1,tai15_15_09.F.15_01,10,1309
n1_HC,n1,tai15_15_09.F.15_01,11,1326
n1_HC,n1,tai15_15_09.F.15_01,12,1326
n1_HC,n1,tai15_15_09.F.15_01,13,1326
n1_HC,n1,tai15_15_09.F.15_01,14,1348
n1_HC,n1,tai15_15_09.F.15_01,15,1329
n1_HC,n1,tai15_15_09.F.15_01,16,1329
n1_HC,n1,tai15_15_09.F.15_01,17,1329
n1_HC,n1,tai15_15_09.F.15_01,18,1316
n1_HC,n1,tai15_15_09.F.15_01,19,1313
n1_HC,n1,tai15_15_09.F.15_01,20,1371
n1_HC,n1,tai15_15_09.F.15_01,21,1320
n1_HC,n1,tai15_15_09.F.15_01,22,1305
n1_HC,n1,tai15_15_09.F.15_01,23,1329
n1_HC,n1,tai15_15_09.F.15_01,24,1378
n1_HC,n1,tai15_15_09.F.15_01,25,1310
n1_HC,n1,tai15_15_09.F.15_01,26,1324
n1_HC,n1,tai15_15_09.F.15_01,27,1343
n1_HC,n1,tai15_15_09.F.15_01,28,1379
n1_HC,n1,tai15_15_09.F.15_01,29,1349
n1_HC,n1,tai15_15_09.F.15_01,30,1343
n1_HC,n1,tai15_15_10.F.15_01,1,1309
n1_HC,n1,tai15_15_10.F.15_01,2,1299
n1_HC,n1,tai15_15_10.F.15_01,3,1271
n1_HC,n1,tai15_15_10.F.15_01,4,1302
n1_HC,n1,tai15_15_10.F.15_01,5,1264
n1_HC,n1,tai15_15_10.F.15_01,6,1296
n1_HC,n1,tai15_15_10.F.15_01,7,1306
n1_HC,n1,tai15_15_10.F.15_01,8,1293
n1_HC,n1,tai15_15_10.F.15_01,9,1296
n1_HC,n1,tai15_15_10.F.15_01,10,1289
n1_HC,n1,tai15_15_10.F.15_01,11,1260
n1_HC,n1,tai15_15_10.F.15_01,12,1293
n1_HC,n1,tai15_15_10.F.15_01,13,1307
n1_HC,n1,tai15_15_10.F.15_01,14,1304
n1_HC,n1,tai15_15_10.F.15_01,15,1299
n1_HC,n1,tai15_15_10.F.15_01,16,1287
n1_HC,n1,tai15_15_10.F.15_01,17,1299
n1_HC,n1,tai15_15_10.F.15_01,18,1310
n1_HC,n1,tai15_15_10.F.15_01,19,1287
n1_HC,n1,tai15_15_10.F.15_01,20,1285
n1_HC,n1,tai15_15_10.F.15_01,21,1266
n1_HC,n1,tai15_15_10.F.15_01,22,1271
n1_HC,n1,tai15_15_10.F.15_01,23,1292
n1_HC,n1,tai15_15_10.F.15_01,24,1295
n1_HC,n1,tai15_15_10.F.15_01,25,1306
n1_HC,n1,tai15_15_10.F.15_01,26,1283
n1_HC,n1,tai15_15_10.F.15_01,27,1270
n1_HC,n1,tai15_15_10.F.15_01,28,1296
n1_HC,n1,tai15_15_10.F.15_01,29,1310
n1_HC,n1,tai15_15_10.F.15_01,30,1306
n1_HC,n1,tai20_15_01.F.15_01,1,1426
n1_HC,n1,tai20_15_01.F.15_01,2,1417
n1_HC,n1,tai20_15_01.F.15_01,3,1445
n1_HC,n1,tai20_15_01.F.15_01,4,1454
n1_HC,n1,tai20_15_01.F.15_01,5,1441
n1_HC,n1,tai20_15_01.F.15_01,6,1417
n1_HC,n1,tai20_15_01.F.15_01,7,1454
n1_HC,n1,tai20_15_01.F.15_01,8,1428
n1_HC,n1,tai20_15_01.F.15_01,9,1440
n1_HC,n1,tai20_15_01.F.15_01,10,1445
n1_HC,n1,tai20_15_01.F.15_01,11,1413
n1_HC,n1,tai20_15_01.F.15_01,12,1439
n1_HC,n1,tai20_15_01.F.15_01,13,1440
n1_HC,n1,tai20_15_01.F.15_01,14,1436
n1_HC,n1,tai20_15_01.F.15_01,15,1463
n1_HC,n1,tai20_15_01.F.15_01,16,1435
n1_HC,n1,tai20_15_01.F.15_01,17,1474
n1_HC,n1,tai20_15_01.F.15_01,18,1435
n1_HC,n1,tai20_15_01.F.15_01,19,1428
n1_HC,n1,tai20_15_01.F.15_01,20,1441
n1_HC,n1,tai20_15_01.F.15_01,21,1439
n1_HC,n1,tai20_15_01.F.15_01,22,1444
n1_HC,n1,tai20_15_01.F.15_01,23,1445
n1_HC,n1,tai20_15_01.F.15_01,24,1431
n1_HC,n1,tai20_15_01.F.15_01,25,1440
n1_HC,n1,tai20_15_01.F.15_01,26,1460
n1_HC,n1,tai20_15_01.F.15_01,27,1463
n1_HC,n1,tai20_15_01.F.15_01,28,1448
n1_HC,n1,tai20_15_01.F.15_01,29,1446
n1_HC,n1,tai20_15_01.F.15_01,30,1425
n1_HC,n1,tai20_15_02.F.15_01,1,1421
n1_HC,n1,tai20_15_02.F.15_01,2,1413
n1_HC,n1,tai20_15_02.F.15_01,3,1434
n1_HC,n1,tai20_15_02.F.15_01,4,1431
n1_HC,n1,tai20_15_02.F.15_01,5,1412
n1_HC,n1,tai20_15_02.F.15_01,6,1428
n1_HC,n1,tai20_15_02.F.15_01,7,1415
n1_HC,n1,tai20_15_02.F.15_01,8,1432
n1_HC,n1,tai20_15_02.F.15_01,9,1424
n1_HC,n1,tai20_15_02.F.15_01,10,1434
n1_HC,n1,tai20_15_02.F.15_01,11,1429
n1_HC,n1,tai20_15_02.F.15_01,12,1407
n1_HC,n1,tai20_15_02.F.15_01,13,1399
n1_HC,n1,tai20_15_02.F.15_01,14,1431
n1_HC,n1,tai20_15_02.F.15_01,15,1429
n1_HC,n1,tai20_15_02.F.15_01,16,1429
n1_HC,n1,tai20_15_02.F.15_01,17,1435
n1_HC,n1,tai20_15_02.F.15_01,18,1395
n1_HC,n1,tai20_15_02.F.15_01,19,1424
n1_HC,n1,tai20_15_02.F.15_01,20,1454
n1_HC,n1,tai20_15_02.F.15_01,21,1429
n1_HC,n1,tai20_15_02.F.15_01,22,1424
n1_HC,n1,tai20_15_02.F.15_01,23,1401
n1_HC,n1,tai20_15_02.F.15_01,24,1424
n1_HC,n1,tai20_15_02.F.15_01,25,1437
n1_HC,n1,tai20_15_02.F.15_01,26,1429
n1_HC,n1,tai20_15_02.F.15_01,27,1425
n1_HC,n1,tai20_15_02.F.15_01,28,1412
n1_HC,n1,tai20_15_02.F.15_01,29,1414
n1_HC,n1,tai20_15_02.F.15_01,30,1442
n1_HC,n1,tai20_15_03.F.15_01,1,1384
n1_HC,n1,tai20_15_03.F.15_01,2,1408
n1_HC,n1,tai20_15_03.F.15_01,3,1410
n1_HC,n1,tai20_15_03.F.15_01,4,1414
n1_HC,n1,tai20_15_03.F.15_01,5,1413
n1_HC,n1,tai20_15_03.F.15_01,6,1438
n1_HC,n1,tai20_15_03.F.15_01,7,1406
n1_HC,n1,tai20_15_03.F.15_01,8,1429
n1_HC,n1,tai20_15_03.F.15_01,9,1428
n1_HC,n1,tai20_15_03.F.15_01,10,1417
n1_HC,n1,tai20_15_03.F.15_01,11,1423
n1_HC,n1,tai20_15_03.F.15_01,12,1418
n1_HC,n1,tai20_15_03.F.15_01,13,1410
n1_HC,n1,tai20_15_03.F.15_01,14,1411
n1_HC,n1,tai20_15_03.F.15_01,15,1411
n1_HC,n1,tai20_15_03.F.15_01,16,1409
n1_HC,n1,tai20_15_03.F.15_01,17,1432
n1_HC,n1,tai20_15_03.F.15_01,18,1436
n1_HC,n1,tai20_15_03.F.15_01,19,1413
n1_HC,n1,tai20_15_03.F.15_01,20,1462
n1_HC,n1,tai20_15_03.F.15_01,21,1415
n1_HC,n1,tai20_15_03.F.15_01,22,1412
n1_HC,n1,tai20_15_03.F.15_01,23,1413
n1_HC,n1,tai20_15_03.F.15_01,24,1437
n1_HC,n1,tai20_15_03.F.15_01,25,1391
n1_HC,n1,tai20_15_03.F.15_01,26,1414
n1_HC,n1,tai20_15_03.F.15_01,27,1426
n1_HC,n1,tai20_15_03.F.15_01,28,1406
n1_HC,n1,tai20_15_03.F.15_01,29,1407
n1_HC,n1,tai20_15_03.F.15_01,30,1416
n1_HC,n1,tai20_15_04.F.15_01,1,1367
n1_HC,n1,tai20_15_04.F.15_01,2,1397
n1_HC,n1,tai20_15_04.F.15_01,3,1365
n1_HC,n1,tai20_15_04.F.15_01,4,1418
n1_HC,n1,tai20_15_04.F.15_01,5,1365
n1_HC,n1,tai20_15_04.F.15_01,6,1383
n1_HC,n1,tai20_15_04.F.15_01,7,1390
n1_HC,n1,tai20_15_04.F.15_01,8,1383
n1_HC,n1,tai20_15_04.F.15_01,9,1376
n1_HC,n1,tai20_15_04.F.15_01,10,1368
n1_HC,n1,tai20_15_04.F.15_01,11,1387
n1_HC,n1,tai20_15_04.F.15_01,12,1370
n1_HC,n1,tai20_15_04.F.15_01,13,1379
n1_HC,n1,tai20_15_04.F.15_01,14,1365
n1_HC,n1,tai20_15_04.F.15_01,15,1395
n1_HC,n1,tai20_15_04.F.15_01,16,1389
n1_HC,n1,tai20_15_04.F.15_01,17,1372
n1_HC,n1,tai20_15_04.F.15_01,18,1366
n1_HC,n1,tai20_15_04.F.15_01,19,1377
n1_HC,n1,tai20_15_04.F.15_01,20,1370
n1_HC,n1,tai20_15_04.F.15_01,21,1378
n1_HC,n1,tai20_15_04.F.15_01,22,1365
n1_HC,n1,tai20_15_04.F.15_01,23,1370
n1_HC,n1,tai20_15_04.F.15_01,24,1367
n1_HC,n1,tai20_15_04.F.15_01,25,1369
n1_HC,n1,tai20_15_04.F.15_01,26,1390
n1_HC,n1,tai20_15_04.F.15_01,27,1365
n1_HC,n1,tai20_15_04.F.15_01,28,1384
n1_HC,n1,tai20_15_04.F.15_01,29,1395
n1_HC,n1,tai20_15_04.F.15_01,30,1379
n1_HC,n1,tai20_15_05.F.15_01,1,1438
n1_HC,n1,tai20_15_05.F.15_01,2,1454
n1_HC,n1,tai20_15_05.F.15_01,3,1411
n1_HC,n1,tai20_15_05.F.15_01,4,1401
n1_HC,n1,tai20_15_05.F.15_01,5,1415
n1_HC,n1,tai20_15_05.F.15_01,6,1409
n1_HC,n1,tai20_15_05.F.15_01,7,1411
n1_HC,n1,tai20_15_05.F.15_01,8,1398
n1_HC,n1,tai20_15_05.F.15_01,9,1455
n1_HC,n1,tai20_15_05.F.15_01,10,1394
n1_HC,n1,tai20_15_05.F.15_01,11,1404
n1_HC,n1,tai20_15_05.F.15_01,12,1394
n1_HC,n1,tai20_15_05.F.15_01,13,1395
n1_HC,n1,tai20_15_05.F.15_01,14,1415
n1_HC,n1,tai20_15_05.F.15_01,15,1395
n1_HC,n1,tai20_15_05.F.15_01,16,1387
n1_HC,n1,tai20_15_05.F.15_01,17,1433
n1_HC,n1,tai20_15_05.F.15_01,18,1406
n1_HC,n1,tai20_15_05.F.15_01,19,1398
n1_HC,n1,tai20_15_05.F.15_01,20,1412
n1_HC,n1,tai20_15_05.F.15_01,21,1394
n1_HC,n1,tai20_15_05.F.15_01,22,1402
n1_HC,n1,tai20_15_05.F.15_01,23,1409
n1_HC,n1,tai20_15_05.F.15_01,24,1404
n1_HC,n1,tai20_15_05.F.15_01,25,1415
n1_HC,n1,tai20_15_05.F.15_01,26,1437
n1_HC,n1,tai20_15_05.F.15_01,27,1393
n1_HC,n1,tai20_15_05.F.15_01,28,1411
n1_HC,n1,tai20_15_05.F.15_01,29,1421
n1_HC,n1,tai20_15_05.F.15_01,30,1406
n1_HC,n1,tai20_15_06.F.15_01,1,1461
n1_HC,n1,tai20_15_06.F.15_01,2,1407
n1_HC,n1,tai20_15_06.F.15_01,3,1416
n1_HC,n1,tai20_15_06.F.15_01,4,1429
n1_HC,n1,tai20_15_06.F.15_01,5,1454
n1_HC,n1,tai20_15_06.F.15_01,6,1438
n1_HC,n1,tai20_15_06.F.15_01,7,1450
n1_HC,n1,tai20_15_06.F.15_01,8,1445
n1_HC,n1,tai20_15_06.F.15_01,9,1445
n1_HC,n1,tai20_15_06.F.15_01,10,1450
n1_HC,n1,tai20_15_06.F.15_01,11,1434
n1_HC,n1,tai20_15_06.F.15_01,12,1441
n1_HC,n1,tai20_15_06.F.15_01,13,1437
n1_HC,n1,tai20_15_06.F.15_01,14,1412
n1_HC,n1,tai20_15_06.F.15_01,15,1437
n1_HC,n1,tai20_15_06.F.15_01,16,1457
n1_HC,n1,tai20_15_06.F.15_01,17,1431
n1_HC,n1,tai20_15_06.F.15_01,18,1441
n1_HC,n1,tai20_15_06.F.15_01,19,1431
n1_HC,n1,tai20_15_06.F.15_01,20,1464
n1_HC,n1,tai20_15_06.F.15_01,21,1439
n1_HC,n1,tai20_15_06.F.15_01,22,1448
n1_HC,n1,tai20_15_06.F.15_01,23,1462
n1_HC,n1,tai20_15_06.F.15_01,24,1466
n1_HC,n1,tai20_15_06.F.15_01,25,1451
n1_HC,n1,tai20_15_06.F.15_01,26,1452
n1_HC,n1,tai20_15_06.F.15_01,27,1437
n1_HC,n1,tai20_15_06.F.15_01,28,1457
n1_HC,n1,tai20_15_06.F.15_01,29,1432
n1_HC,n1,tai20_15_06.F.15_01,30,1441
n1_HC,n1,tai20_15_07.F.15_01,1,1574
n1_HC,n1,tai20_15_07.F.15_01,2,1595
n1_HC,n1,tai20_15_07.F.15_01,3,1531
n1_HC,n1,tai20_15_07.F.15_01,4,1527
n1_HC,n1,tai20_15_07.F.15_01,5,1522
n1_HC,n1,tai20_15_07.F.15_01,6,1573
n1_HC,n1,tai20_15_07.F.15_01,7,1518
n1_HC,n1,tai20_15_07.F.15_01,8,1576
n1_HC,n1,tai20_15_07.F.15_01,9,1550
n1_HC,n1,tai20_15_07.F.15_01,10,1568
n1_HC,n1,tai20_15_07.F.15_01,11,1538
n1_HC,n1,tai20_15_07.F.15_01,12,1545
n1_HC,n1,tai20_15_07.F.15_01,13,1577
n1_HC,n1,tai20_15_07.F.15_01,14,1573
n1_HC,n1,tai20_15_07.F.15_01,15,1514
n1_HC,n1,tai20_15_07.F.15_01,16,1545
n1_HC,n1,tai20_15_07.F.15_01,17,1571
n1_HC,n1,tai20_15_07.F.15_01,18,1530
n1_HC,n1,tai20_15_07.F.15_01,19,1542
n1_HC,n1,tai20_15_07.F.15_01,20,1565
n1_HC,n1,tai20_15_07.F.15_01,21,1568
n1_HC,n1,tai20_15_07.F.15_01,22,1551
n1_HC,n1,tai20_15_07.F.15_01,23,1530
n1_HC,n1,tai20_15_07.F.15_01,24,1563
n1_HC,n1,tai20_15_07.F.15_01,25,1556
n1_HC,n1,tai20_15_07.F.15_01,26,1529
n1_HC,n1,tai20_15_07.F.15_01,27,1516
n1_HC,n1,tai20_15_07.F.15_01,28,1567
n1_HC,n1,tai20_15_07.F.15_01,29,1548
n1_HC,n1,tai20_15_07.F.15_01,30,1551
n1_HC,n1,tai20_15_08.F.15_01,1,1495
n1_HC,n1,tai20_15_08.F.15_01,2,1486
n1_HC,n1,tai20_15_08.F.15_01,3,1512
n1_HC,n1,tai20_15_08.F.15_01,4,1480
n1_HC,n1,tai20_15_08.F.15_01,5,1496
n1_HC,n1,tai20_15_08.F.15_01,6,1516
n1_HC,n1,tai20_15_08.F.15_01,7,1500
n1_HC,n1,tai20_15_08.F.15_01,8,1470
n1_HC,n1,tai20_15_08.F.15_01,9,1510
n1_HC,n1,tai20_15_08.F.15_01,10,1491
n1_HC,n1,tai20_15_08.F.15_01,11,1497
n1_HC,n1,tai20_15_08.F.15_01,12,1491
n1_HC,n1,tai20_15_08.F.15_01,13,1502
n1_HC,n1,tai20_15_08.F.15_01,14,1518
n1_HC,n1,tai20_15_08.F.15_01,15,1509
n1_HC,n1,tai20_15_08.F.15_01,16,1496
n1_HC,n1,tai20_15_08.F.15_01,17,1498
n1_HC,n1,tai20_15_08.F.15_01,18,1474
n1_HC,n1,tai20_15_08.F.15_01,19,1537
n1_HC,n1,tai20_15_08.F.15_01,20,1480
n1_HC,n1,tai20_15_08.F.15_01,21,1504
n1_HC,n1,tai20_15_08.F.15_01,22,1481
n1_HC,n1,tai20_15_08.F.15_01,23,1496
n1_HC,n1,tai20_15_08.F.15_01,24,1491
n1_HC,n1,tai20_15_08.F.15_01,25,1526
n1_HC,n1,tai20_15_08.F.15_01,26,1494
n1_HC,n1,tai20_15_08.F.15_01,27,1481
n1_HC,n1,tai20_15_08.F.15_01,28,1498
n1_HC,n1,tai20_15_08.F.15_01,29,1504
n1_HC,n1,tai20_15_08.F.15_01,30,1488
n1_HC,n1,tai20_15_09.F.15_01,1,1437
n1_HC,n1,tai20_15_09.F.15_01,2,1469
n1_HC,n1,tai20_15_09.F.15_01,3,1423
n1_HC,n1,tai20_15_09.F.15_01,4,1431
n1_HC,n1,tai20_15_09.F.15_01,5,1442
n1_HC,n1,tai20_15_09.F.15_01,6,1423
n1_HC,n1,tai20_15_09.F.15_01,7,1419
n1_HC,n1,tai20_15_09.F.15_01,8,1467
n1_HC,n1,tai20_15_09.F.15_01,9,1451
n1_HC,n1,tai20_15_09.F.15_01,10,1433
n1_HC,n1,tai20_15_09.F.15_01,11,1441
n1_HC,n1,tai20_15_09.F.15_01,12,1447
n1_HC,n1,tai20_15_09.F.15_01,13,1449
n1_HC,n1,tai20_15_09.F.15_01,14,1478
n1_HC,n1,tai20_15_09.F.15_01,15,1473
n1_HC,n1,tai20_15_09.F.15_01,16,1432
n1_HC,n1,tai20_15_09.F.15_01,17,1436
n1_HC,n1,tai20_15_09.F.15_01,18,1426
n1_HC,n1,tai20_15_09.F.15_01,19,1425
n1_HC,n1,tai20_15_09.F.15_01,20,1437
n1_HC,n1,tai20_15_09.F.15_01,21,1417
n1_HC,n1,tai20_15_09.F.15_01,22,1440
n1_HC,n1,tai20_15_09.F.15_01,23,1439
n1_HC,n1,tai20_15_09.F.15_01,24,1436
n1_HC,n1,tai20_15_09.F.15_01,25,1440
n1_HC,n1,tai20_15_09.F.15_01,26,1431
n1_HC,n1,tai20_15_09.F.15_01,27,1464
n1_HC,n1,tai20_15_09.F.15_01,28,1445
n1_HC,n1,tai20_15_09.F.15_01,29,1414
n1_HC,n1,tai20_15_09.F.15_01,30,1409
n1_HC,n1,tai20_15_10.F.15_01,1,1408
n1_HC,n1,tai20_15_10.F.15_01,2,1403
n1_HC,n1,tai20_15_10.F.15_01,3,1424
n1_HC,n1,tai20_15_10.F.15_01,4,1385
n1_HC,n1,tai20_15_10.F.15_01,5,1418
n1_HC,n1,tai20_15_10.F.15_01,6,1415
n1_HC,n1,tai20_15_10.F.15_01,7,1416
n1_HC,n1,tai20_15_10.F.15_01,8,1424
n1_HC,n1,tai20_15_10.F.15_01,9,1419
n1_HC,n1,tai20_15_10.F.15_01,10,1404
n1_HC,n1,tai20_15_10.F.15_01,11,1414
n1_HC,n1,tai20_15_10.F.15_01,12,1424
n1_HC,n1,tai20_15_10.F.15_01,13,1425
n1_HC,n1,tai20_15_10.F.15_01,14,1451
n1_HC,n1,tai20_15_10.F.15_01,15,1396
n1_HC,n1,tai20_15_10.F.15_01,16,1400
n1_HC,n1,tai20_15_10.F.15_01,17,1421
n1_HC,n1,tai20_15_10.F.15_01,18,1400
n1_HC,n1,tai20_15_10.F.15_01,19,1428
n1_HC,n1,tai20_15_10.F.15_01,20,1408
n1_HC,n1,tai20_15_10.F.15_01,21,1412
n1_HC,n1,tai20_15_10.F.15_01,22,1417
n1_HC,n1,tai20_15_10.F.15_01,23,1401
n1_HC,n1,tai20_15_10.F.15_01,24,1406
n1_HC,n1,tai20_15_10.F.15_01,25,1417
n1_HC,n1,tai20_15_10.F.15_01,26,1400
n1_HC,n1,tai20_15_10.F.15_01,27,1438
n1_HC,n1,tai20_15_10.F.15_01,28,1405
n1_HC,n1,tai20_15_10.F.15_01,29,1410
n1_HC,n1,tai20_15_10.F.15_01,30,1395
n1_HC,n1,tai20_20_01.F.15_01,1,1700
n1_HC,n1,tai20_20_01.F.15_01,2,1737
n1_HC,n1,tai20_20_01.F.15_01,3,1725
n1_HC,n1,tai20_20_01.F.15_01,4,1717
n1_HC,n1,tai20_20_01.F.15_01,5,1719
n1_HC,n1,tai20_20_01.F.15_01,6,1716
n1_HC,n1,tai20_20_01.F.15_01,7,1753
n1_HC,n1,tai20_20_01.F.15_01,8,1731
n1_HC,n1,tai20_20_01.F.15_01,9,1719
n1_HC,n1,tai20_20_01.F.15_01,10,1731
n1_HC,n1,tai20_20_01.F.15_01,11,1763
n1_HC,n1,tai20_20_01.F.15_01,12,1726
n1_HC,n1,tai20_20_01.F.15_01,13,1728
n1_HC,n1,tai20_20_01.F.15_01,14,1702
n1_HC,n1,tai20_20_01.F.15_01,15,1717
n1_HC,n1,tai20_20_01.F.15_01,16,1712
n1_HC,n1,tai20_20_01.F.15_01,17,1749
n1_HC,n1,tai20_20_01.F.15_01,18,1707
n1_HC,n1,tai20_20_01.F.15_01,19,1726
n1_HC,n1,tai20_20_01.F.15_01,20,1726
n1_HC,n1,tai20_20_01.F.15_01,21,1759
n1_HC,n1,tai20_20_01.F.15_01,22,1731
n1_HC,n1,tai20_20_01.F.15_01,23,1728
n1_HC,n1,tai20_20_01.F.15_01,24,1728
n1_HC,n1,tai20_20_01.F.15_01,25,1734
n1_HC,n1,tai20_20_01.F.15_01,26,1728
n1_HC,n1,tai20_20_01.F.15_01,27,1739
n1_HC,n1,tai20_20_01.F.15_01,28,1698
n1_HC,n1,tai20_20_01.F.15_01,29,1712
n1_HC,n1,tai20_20_01.F.15_01,30,1721
n1_HC,n1,tai20_20_02.F.15_01,1,1665
n1_HC,n1,tai20_20_02.F.15_01,2,1715
n1_HC,n1,tai20_20_02.F.15_01,3,1673
n1_HC,n1,tai20_20_02.F.15_01,4,1665
n1_HC,n1,tai20_20_02.F.15_01,5,1676
n1_HC,n1,tai20_20_02.F.15_01,6,1669
n1_HC,n1,tai20_20_02.F.15_01,7,1671
n1_HC,n1,tai20_20_02.F.15_01,8,1704
n1_HC,n1,tai20_20_02.F.15_01,9,1680
n1_HC,n1,tai20_20_02.F.15_01,10,1677
n1_HC,n1,tai20_20_02.F.15_01,11,1685
n1_HC,n1,tai20_20_02.F.15_01,12,1677
n1_HC,n1,tai20_20_02.F.15_01,13,1679
n1_HC,n1,tai20_20_02.F.15_01,14,1690
n1_HC,n1,tai20_20_02.F.15_01,15,1668
n1_HC,n1,tai20_20_02.F.15_01,16,1692
n1_HC,n1,tai20_20_02.F.15_01,17,1698
n1_HC,n1,tai20_20_02.F.15_01,18,1715
n1_HC,n1,tai20_20_02.F.15_01,19,1642
n1_HC,n1,tai20_20_02.F.15_01,20,1662
n1_HC,n1,tai20_20_02.F.15_01,21,1675
n1_HC,n1,tai20_20_02.F.15_01,22,1653
n1_HC,n1,tai20_20_02.F.15_01,23,1675
n1_HC,n1,tai20_20_02.F.15_01,24,1687
n1_HC,n1,tai20_20_02.F.15_01,25,1665
n1_HC,n1,tai20_20_02.F.15_01,26,1646
n1_HC,n1,tai20_20_02.F.15_01,27,1681
n1_HC,n1,tai20_20_02.F.15_01,28,1678
n1_HC,n1,tai20_20_02.F.15_01,29,1666
n1_HC,n1,tai20_20_02.F.15_01,30,1670
n1_HC,n1,tai20_20_03.F.15_01,1,1676
n1_HC,n1,tai20_20_03.F.15_01,2,1626
n1_HC,n1,tai20_20_03.F.15_01,3,1630
n1_HC,n1,tai20_20_03.F.15_01,4,1644
n1_HC,n1,tai20_20_03.F.15_01,5,1661
n1_HC,n1,tai20_20_03.F.15_01,6,1603
n1_HC,n1,tai20_20_03.F.15_01,7,1651
n1_HC,n1,tai20_20_03.F.15_01,8,1643
n1_HC,n1,tai20_20_03.F.15_01,9,1684
n1_HC,n1,tai20_20_03.F.15_01,10,1626
n1_HC,n1,tai20_20_03.F.15_01,11,1650
n1_HC,n1,tai20_20_03.F.15_01,12,1622
n1_HC,n1,tai20_20_03.F.15_01,13,1631
n1_HC,n1,tai20_20_03.F.15_01,14,1644
n1_HC,n1,tai20_20_03.F.15_01,15,1648
n1_HC,n1,tai20_20_03.F.15_01,16,1604
n1_HC,n1,tai20_20_03.F.15_01,17,1660
n1_HC,n1,tai20_20_03.F.15_01,18,1659
n1_HC,n1,tai20_20_03.F.15_01,19,1623
n1_HC,n1,tai20_20_03.F.15_01,20,1662
n1_HC,n1,tai20_20_03.F.15_01,21,1640
n1_HC,n1,tai20_20_03.F.15_01,22,1648
n1_HC,n1,tai20_20_03.F.15_01,23,1660
n1_HC,n1,tai20_20_03.F.15_01,24,1630
n1_HC,n1,tai20_20_03.F.15_01,25,1664
n1_HC,n1,tai20_20_03.F.15_01,26,1641
n1_HC,n1,tai20_20_03.F.15_01,27,1646
n1_HC,n1,tai20_20_03.F.15_01,28,1660
n1_HC,n1,tai20_20_03.F.15_01,29,1619
n1_HC,n1,tai20_20_03.F.15_01,30,1641
n1_HC,n1,tai20_20_04.F.15_01,1,1744
n1_HC,n1,tai20_20_04.F.15_01,2,1720
n1_HC,n1,tai20_20_04.F.15_01,3,1710
n1_HC,n1,tai20_20_04.F.15_01,4,1727
n1_HC,n1,tai20_20_04.F.15_01,5,1710
n1_HC,n1,tai20_20_04.F.15_01,6,1716
n1_HC,n1,tai20_20_04.F.15_01,7,1716
n1_HC,n1,tai20_20_04.F.15_01,8,1724
n1_HC,n1,tai20_20_04.F.15_01,9,1743
n1_HC,n1,tai20_20_04.F.15_01,10,1713
n1_HC,n1,tai20_20_04.F.15_01,11,1713
n1_HC,n1,tai20_20_04.F.15_01,12,1727
n1_HC,n1,tai20_20_04.F.15_01,13,1713
n1_HC,n1,tai20_20_04.F.15_01,14,1718
n1_HC,n1,tai20_20_04.F.15_01,15,1767
n1_HC,n1,tai20_20_04.F.15_01,16,1710
n1_HC,n1,tai20_20_04.F.15_01,17,1709
n1_HC,n1,tai20_20_04.F.15_01,18,1697
n1_HC,n1,tai20_20_04.F.15_01,19,1710
n1_HC,n1,tai20_20_04.F.15_01,20,1748
n1_HC,n1,tai20_20_04.F.15_01,21,1718
n1_HC,n1,tai20_20_04.F.15_01,22,1740
n1_HC,n1,tai20_20_04.F.15_01,23,1740
n1_HC,n1,tai20_20_04.F.15_01,24,1726
n1_HC,n1,tai20_20_04.F.15_01,25,1732
n1_HC,n1,tai20_20_04.F.15_01,26,1725
n1_HC,n1,tai20_20_04.F.15_01,27,1732
n1_HC,n1,tai20_20_04.F.15_01,28,1688
n1_HC,n1,tai20_20_04.F.15_01,29,1718
n1_HC,n1,tai20_20_04.F.15_01,30,1752
n1_HC,n1,tai20_20_05.F.15_01,1,1693
n1_HC,n1,tai20_20_05.F.15_01,2,1660
n1_HC,n1,tai20_20_05.F.15_01,3,1695
n1_HC,n1,tai20_20_05.F.15_01,4,1675
n1_HC,n1,tai20_20_05.F.15_01,5,1677
n1_HC,n1,tai20_20_05.F.15_01,6,1678
n1_HC,n1,tai20_20_05.F.15_01,7,1683
n1_HC,n1,tai20_20_05.F.15_01,8,1690
n1_HC,n1,tai20_20_05.F.15_01,9,1699
n1_HC,n1,tai20_20_05.F.15_01,10,1687
n1_HC,n1,tai20_20_05.F.15_01,11,1659
n1_HC,n1,tai20_20_05.F.15_01,12,1684
n1_HC,n1,tai20_20_05.F.15_01,13,1682
n1_HC,n1,tai20_20_05.F.15_01,14,1711
n1_HC,n1,tai20_20_05.F.15_01,15,1670
n1_HC,n1,tai20_20_05.F.15_01,16,1685
n1_HC,n1,tai20_20_05.F.15_01,17,1687
n1_HC,n1,tai20_20_05.F.15_01,18,1676
n1_HC,n1,tai20_20_05.F.15_01,19,1671
n1_HC,n1,tai20_20_05.F.15_01,20,1708
n1_HC,n1,tai20_20_05.F.15_01,21,1665
n1_HC,n1,tai20_20_05.F.15_01,22,1706
n1_HC,n1,tai20_20_05.F.15_01,23,1678
n1_HC,n1,tai20_20_05.F.15_01,24,1687
n1_HC,n1,tai20_20_05.F.15_01,25,1691
n1_HC,n1,tai20_20_05.F.15_01,26,1689
n1_HC,n1,tai20_20_05.F.15_01,27,1685
n1_HC,n1,tai20_20_05.F.15_01,28,1711
n1_HC,n1,tai20_20_05.F.15_01,29,1703
n1_HC,n1,tai20_20_05.F.15_01,30,1683
n1_HC,n1,tai20_20_06.F.15_01,1,1742
n1_HC,n1,tai20_20_06.F.15_01,2,1754
n1_HC,n1,tai20_20_06.F.15_01,3,1734
n1_HC,n1,tai20_20_06.F.15_01,4,1732
n1_HC,n1,tai20_20_06.F.15_01,5,1739
n1_HC,n1,tai20_20_06.F.15_01,6,1721
n1_HC,n1,tai20_20_06.F.15_01,7,1763
n1_HC,n1,tai20_20_06.F.15_01,8,1743
n1_HC,n1,tai20_20_06.F.15_01,9,1749
n1_HC,n1,tai20_20_06.F.15_01,10,1770
n1_HC,n1,tai20_20_06.F.15_01,11,1760
n1_HC,n1,tai20_20_06.F.15_01,12,1733
n1_HC,n1,tai20_20_06.F.15_01,13,1722
n1_HC,n1,tai20_20_06.F.15_01,14,1749
n1_HC,n1,tai20_20_06.F.15_01,15,1742
n1_HC,n1,tai20_20_06.F.15_01,16,1751
n1_HC,n1,tai20_20_06.F.15_01,17,1731
n1_HC,n1,tai20_20_06.F.15_01,18,1748
n1_HC,n1,tai20_20_06.F.15_01,19,1758
n1_HC,n1,tai20_20_06.F.15_01,20,1759
n1_HC,n1,tai20_20_06.F.15_01,21,1730
n1_HC,n1,tai20_20_06.F.15_01,22,1722
n1_HC,n1,tai20_20_06.F.15_01,23,1738
n1_HC,n1,tai20_20_06.F.15_01,24,1722
n1_HC,n1,tai20_20_06.F.15_01,25,1744
n1_HC,n1,tai20_20_06.F.15_01,26,1732
n1_HC,n1,tai20_20_06.F.15_01,27,1738
n1_HC,n1,tai20_20_06.F.15_01,28,1732
n1_HC,n1,tai20_20_06.F.15_01,29,1726
n1_HC,n1,tai20_20_06.F.15_01,30,1750
n1_HC,n1,tai20_20_07.F.15_01,1,1764
n1_HC,n1,tai20_20_07.F.15_01,2,1769
n1_HC,n1,tai20_20_07.F.15_01,3,1758
n1_HC,n1,tai20_20_07.F.15_01,4,1783
n1_HC,n1,tai20_20_07.F.15_01,5,1798
n1_HC,n1,tai20_20_07.F.15_01,6,1785
n1_HC,n1,tai20_20_07.F.15_01,7,1790
n1_HC,n1,tai20_20_07.F.15_01,8,1758
n1_HC,n1,tai20_20_07.F.15_01,9,1757
n1_HC,n1,tai20_20_07.F.15_01,10,1776
n1_HC,n1,tai20_20_07.F.15_01,11,1784
n1_HC,n1,tai20_20_07.F.15_01,12,1781
n1_HC,n1,tai20_20_07.F.15_01,13,1755
n1_HC,n1,tai20_20_07.F.15_01,14,1783
n1_HC,n1,tai20_20_07.F.15_01,15,1751
n1_HC,n1,tai20_20_07.F.15_01,16,1803
n1_HC,n1,tai20_20_07.F.15_01,17,1783
n1_HC,n1,tai20_20_07.F.15_01,18,1779
n1_HC,n1,tai20_20_07.F.15_01,19,1780
n1_HC,n1,tai20_20_07.F.15_01,20,1770
n1_HC,n1,tai20_20_07.F.15_01,21,1782
n1_HC,n1,tai20_20_07.F.15_01,22,1782
n1_HC,n1,tai20_20_07.F.15_01,23,1778
n1_HC,n1,tai20_20_07.F.15_01,24,1788
n1_HC,n1,tai20_20_07.F.15_01,25,1768
n1_HC,n1,tai20_20_07.F.15_01,26,1771
n1_HC,n1,tai20_20_07.F.15_01,27,1792
n1_HC,n1,tai20_20_07.F.15_01,28,1778
n1_HC,n1,tai20_20_07.F.15_01,29,1787
n1_HC,n1,tai20_20_07.F.15_01,30,1792
n1_HC,n1,tai20_20_08.F.15_01,1,1696
n1_HC,n1,tai20_20_08.F.15_01,2,1666
n1_HC,n1,tai20_20_08.F.15_01,3,1716
n1_HC,n1,tai20_20_08.F.15_01,4,1676
n1_HC,n1,tai20_20_08.F.15_01,5,1662
n1_HC,n1,tai20_20_08.F.15_01,6,1673
n1_HC,n1,tai20_20_08.F.15_01,7,1677
n1_HC,n1,tai20_20_08.F.15_01,8,1664
n1_HC,n1,tai20_20_08.F.15_01,9,1679
n1_HC,n1,tai20_20_08.F.15_01,10,1689
n1_HC,n1,tai20_20_08.F.15_01,11,1682
n1_HC,n1,tai20_20_08.F.15_01,12,1693
n1_HC,n1,tai20_20_08.F.15_01,13,1677
n1_HC,n1,tai20_20_08.F.15_01,14,1667
n1_HC,n1,tai20_20_08.F.15_01,15,1676
n1_HC,n1,tai20_20_08.F.15_01,16,1684
n1_HC,n1,tai20_20_08.F.15_01,17,1675
n1_HC,n1,tai20_20_08.F.15_01,18,1656
n1_HC,n1,tai20_20_08.F.15_01,19,1675
n1_HC,n1,tai20_20_08.F.15_01,20,1651
n1_HC,n1,tai20_20_08.F.15_01,21,1677
n1_HC,n1,tai20_20_08.F.15_01,22,1700
n1_HC,n1,tai20_20_08.F.15_01,23,1676
n1_HC,n1,tai20_20_08.F.15_01,24,1695
n1_HC,n1,tai20_20_08.F.15_01,25,1677
n1_HC,n1,tai20_20_08.F.15_01,26,1697
n1_HC,n1,tai20_20_08.F.15_01,27,1690
n1_HC,n1,tai20_20_08.F.15_01,28,1664
n1_HC,n1,tai20_20_08.F.15_01,29,1661
n1_HC,n1,tai20_20_08.F.15_01,30,1695
n1_HC,n1,tai20_20_09.F.15_01,1,1665
n1_HC,n1,tai20_20_09.F.15_01,2,1688
n1_HC,n1,tai20_20_09.F.15_01,3,1712
n1_HC,n1,tai20_20_09.F.15_01,4,1691
n1_HC,n1,tai20_20_09.F.15_01,5,1701
n1_HC,n1,tai20_20_09.F.15_01,6,1696
n1_HC,n1,tai20_20_09.F.15_01,7,1689
n1_HC,n1,tai20_20_09.F.15_01,8,1659
n1_HC,n1,tai20_20_09.F.15_01,9,1695
n1_HC,n1,tai20_20_09.F.15_01,10,1678
n1_HC,n1,tai20_20_09.F.15_01,11,1666
n1_HC,n1,tai20_20_09.F.15_01,12,1701
n1_HC,n1,tai20_20_09.F.15_01,13,1684
n1_HC,n1,tai20_20_09.F.15_01,14,1692
n1_HC,n1,tai20_20_09.F.15_01,15,1681
n1_HC,n1,tai20_20_09.F.15_01,16,1701
n1_HC,n1,tai20_20_09.F.15_01,17,1674
n1_HC,n1,tai20_20_09.F.15_01,18,1687
n1_HC,n1,tai20_20_09.F.15_01,19,1677
n1_HC,n1,tai20_20_09.F.15_01,20,1691
n1_HC,n1,tai20_20_09.F.15_01,21,1675
n1_HC,n1,tai20_20_09.F.15_01,22,1678
n1_HC,n1,tai20_20_09.F.15_01,23,1667
n1_HC,n1,tai20_20_09.F.15_01,24,1676
n1_HC,n1,tai20_20_09.F.15_01,25,1685
n1_HC,n1,tai20_20_09.F.15_01,26,1669
n1_HC,n1,tai20_20_09.F.15_01,27,1672
n1_HC,n1,tai20_20_09.F.15_01,28,1669
n1_HC,n1,tai20_20_09.F.15_01,29,1691
n1_HC,n1,tai20_20_09.F.15_01,30,1688
n1_HC,n1,tai20_20_10.F.15_01,1,1647
n1_HC,n1,tai20_20_10.F.15_01,2,1647
n1_HC,n1,tai20_20_10.F.15_01,3,1697
n1_HC,n1,tai20_20_10.F.15_01,4,1660
n1_HC,n1,tai20_20_10.F.15_01,5,1654
n1_HC,n1,tai20_20_10.F.15_01,6,1681
n1_HC,n1,tai20_20_10.F.15_01,7,1648
n1_HC,n1,tai20_20_10.F.15_01,8,1663
n1_HC,n1,tai20_20_10.F.15_01,9,1657
n1_HC,n1,tai20_20_10.F.15_01,10,1673
n1_HC,n1,tai20_20_10.F.15_01,11,1680
n1_HC,n1,tai20_20_10.F.15_01,12,1662
n1_HC,n1,tai20_20_10.F.15_01,13,1639
n1_HC,n1,tai20_20_10.F.15_01,14,1675
n1_HC,n1,tai20_20_10.F.15_01,15,1646
n1_HC,n1,tai20_20_10.F.15_01,16,1650
n1_HC,n1,tai20_20_10.F.15_01,17,1645
n1_HC,n1,tai20_20_10.F.15_01,18,1673
n1_HC,n1,tai20_20_10.F.15_01,19,1671
n1_HC,n1,tai20_20_10.F.15_01,20,1678
n1_HC,n1,tai20_20_10.F.15_01,21,1666
n1_HC,n1,tai20_20_10.F.15_01,22,1678
n1_HC,n1,tai20_20_10.F.15_01,23,1679
n1_HC,n1,tai20_20_10.F.15_01,24,1673
n1_HC,n1,tai20_20_10.F.15_01,25,1684
n1_HC,n1,tai20_20_10.F.15_01,26,1671
n1_HC,n1,tai20_20_10.F.15_01,27,1650
n1_HC,n1,tai20_20_10.F.15_01,28,1678
n1_HC,n1,tai20_20_10.F.15_01,29,1662
n1_HC,n1,tai20_20_10.F.15_01,30,1660
n1_HC,n1,tai30_15_01.F.15_01,1,1889
n1_HC,n1,tai30_15_01.F.15_01,2,1863
n1_HC,n1,tai30_15_01.F.15_01,3,1837
n1_HC,n1,tai30_15_01.F.15_01,4,1872
n1_HC,n1,tai30_15_01.F.15_01,5,1849
n1_HC,n1,tai30_15_01.F.15_01,6,1848
n1_HC,n1,tai30_15_01.F.15_01,7,1866
n1_HC,n1,tai30_15_01.F.15_01,8,1830
n1_HC,n1,tai30_15_01.F.15_01,9,1844
n1_HC,n1,tai30_15_01.F.15_01,10,1836
n1_HC,n1,tai30_15_01.F.15_01,11,1839
n1_HC,n1,tai30_15_01.F.15_01,12,1909
n1_HC,n1,tai30_15_01.F.15_01,13,1865
n1_HC,n1,tai30_15_01.F.15_01,14,1870
n1_HC,n1,tai30_15_01.F.15_01,15,1882
n1_HC,n1,tai30_15_01.F.15_01,16,1849
n1_HC,n1,tai30_15_01.F.15_01,17,1859
n1_HC,n1,tai30_15_01.F.15_01,18,1885
n1_HC,n1,tai30_15_01.F.15_01,19,1864
n1_HC,n1,tai30_15_01.F.15_01,20,1859
n1_HC,n1,tai30_15_01.F.15_01,21,1859
n1_HC,n1,tai30_15_01.F.15_01,22,1857
n1_HC,n1,tai30_15_01.F.15_01,23,1853
n1_HC,n1,tai30_15_01.F.15_01,24,1883
n1_HC,n1,tai30_15_01.F.15_01,25,1852
n1_HC,n1,tai30_15_01.F.15_01,26,1848
n1_HC,n1,tai30_15_01.F.15_01,27,1858
n1_HC,n1,tai30_15_01.F.15_01,28,1838
n1_HC,n1,tai30_15_01.F.15_01,29,1884
n1_HC,n1,tai30_15_01.F.15_01,30,1870
n1_HC,n1,tai30_15_02.F.15_01,1,1949
n1_HC,n1,tai30_15_02.F.15_01,2,1979
n1_HC,n1,tai30_15_02.F.15_01,3,1909
n1_HC,n1,tai30_15_02.F.15_01,4,1952
n1_HC,n1,tai30_15_02.F.15_01,5,1938
n1_HC,n1,tai30_15_02.F.15_01,6,1912
n1_HC,n1,tai30_15_02.F.15_01,7,1935
n1_HC,n1,tai30_15_02.F.15_01,8,1967
n1_HC,n1,tai30_15_02.F.15_01,9,1935
n1_HC,n1,tai30_15_02.F.15_01,10,1943
n1_HC,n1,tai30_15_02.F.15_01,11,1957
n1_HC,n1,tai30_15_02.F.15_01,12,1997
n1_HC,n1,tai30_15_02.F.15_01,13,1967
n1_HC,n1,tai30_15_02.F.15_01,14,1968
n1_HC,n1,tai30_15_02.F.15_01,15,1979
n1_HC,n1,tai30_15_02.F.15_01,16,1937
n1_HC,n1,tai30_15_02.F.15_01,17,1929
n1_HC,n1,tai30_15_02.F.15_01,18,1931
n1_HC,n1,tai30_15_02.F.15_01,19,1951
n1_HC,n1,tai30_15_02.F.15_01,20,1951
n1_HC,n1,tai30_15_02.F.15_01,21,1915
n1_HC,n1,tai30_15_02.F.15_01,22,1938
n1_HC,n1,tai30_15_02.F.15_01,23,1952
n1_HC,n1,tai30_15_02.F.15_01,24,1911
n1_HC,n1,tai30_15_02.F.15_01,25,1962
n1_HC,n1,tai30_15_02.F.15_01,26,1935
n1_HC,n1,tai30_15_02.F.15_01,27,1960
n1_HC,n1,tai30_15_02.F.15_01,28,1953
n1_HC,n1,tai30_15_02.F.15_01,29,2016
n1_HC,n1,tai30_15_02.F.15_01,30,1950
n1_HC,n1,tai30_15_03.F.15_01,1,1954
n1_HC,n1,tai30_15_03.F.15_01,2,1925
n1_HC,n1,tai30_15_03.F.15_01,3,1948
n1_HC,n1,tai30_15_03.F.15_01,4,1925
n1_HC,n1,tai30_15_03.F.15_01,5,1903
n1_HC,n1,tai30_15_03.F.15_01,6,1895
n1_HC,n1,tai30_15_03.F.15_01,7,1948
n1_HC,n1,tai30_15_03.F.15_01,8,1970
n1_HC,n1,tai30_15_03.F.15_01,9,1927
n1_HC,n1,tai30_15_03.F.15_01,10,1924
n1_HC,n1,tai30_15_03.F.15_01,11,1924
n1_HC,n1,tai30_15_03.F.15_01,12,1940
n1_HC,n1,tai30_15_03.F.15_01,13,1931
n1_HC,n1,tai30_15_03.F.15_01,14,1921
n1_HC,n1,tai30_15_03.F.15_01,15,1898
n1_HC,n1,tai30_15_03.F.15_01,16,1948
n1_HC,n1,tai30_15_03.F.15_01,17,1903
n1_HC,n1,tai30_15_03.F.15_01,18,1929
n1_HC,n1,tai30_15_03.F.15_01,19,1912
n1_HC,n1,tai30_15_03.F.15_01,20,1910
n1_HC,n1,tai30_15_03.F.15_01,21,1918
n1_HC,n1,tai30_15_03.F.15_01,22,1921
n1_HC,n1,tai30_15_03.F.15_01,23,1951
n1_HC,n1,tai30_15_03.F.15_01,24,1955
n1_HC,n1,tai30_15_03.F.15_01,25,1943
n1_HC,n1,tai30_15_03.F.15_01,26,1923
n1_HC,n1,tai30_15_03.F.15_01,27,1887
n1_HC,n1,tai30_15_03.F.15_01,28,1924
n1_HC,n1,tai30_15_03.F.15_01,29,1985
n1_HC,n1,tai30_15_03.F.15_01,30,1937
n1_HC,n1,tai30_15_04.F.15_01,1,1954
n1_HC,n1,tai30_15_04.F.15_01,2,1961
n1_HC,n1,tai30_15_04.F.15_01,3,1939
n1_HC,n1,tai30_15_04.F.15_01,4,1942
n1_HC,n1,tai30_15_04.F.15_01,5,1968
n1_HC,n1,tai30_15_04.F.15_01,6,1955
n1_HC,n1,tai30_15_04.F.15_01,7,1952
n1_HC,n1,tai30_15_04.F.15_01,8,1968
n1_HC,n1,tai30_15_04.F.15_01,9,1971
n1_HC,n1,tai30_15_04.F.15_01,10,1963
n1_HC,n1,tai30_15_04.F.15_01,11,1936
n1_HC,n1,tai30_15_04.F.15_01,12,1982
n1_HC,n1,tai30_15_04.F.15_01,13,1944
n1_HC,n1,tai30_15_04.F.15_01,14,1937
n1_HC,n1,tai30_15_04.F.15_01,15,1964
n1_HC,n1,tai30_15_04.F.15_01,16,1970
n1_HC,n1,tai30_15_04.F.15_01,17,1989
n1_HC,n1,tai30_15_04.F.15_01,18,1937
n1_HC,n1,tai30_15_04.F.15_01,19,1953
n1_HC,n1,tai30_15_04.F.15_01,20,1951
n1_HC,n1,tai30_15_04.F.15_01,21,1967
n1_HC,n1,tai30_15_04.F.15_01,22,1953
n1_HC,n1,tai30_15_04.F.15_01,23,1948
n1_HC,n1,tai30_15_04.F.15_01,24,1939
n1_HC,n1,tai30_15_04.F.15_01,25,1987
n1_HC,n1,tai30_15_04.F.15_01,26,1979
n1_HC,n1,tai30_15_04.F.15_01,27,1944
n1_HC,n1,tai30_15_04.F.15_01,28,1987
n1_HC,n1,tai30_15_04.F.15_01,29,1974
n1_HC,n1,tai30_15_04.F.15_01,30,1948
n1_HC,n1,tai30_15_05.F.15_01,1,2033
n1_HC,n1,tai30_15_05.F.15_01,2,2033
n1_HC,n1,tai30_15_05.F.15_01,3,2047
n1_HC,n1,tai30_15_05.F.15_01,4,2097
n1_HC,n1,tai30_15_05.F.15_01,5,2047
n1_HC,n1,tai30_15_05.F.15_01,6,2033
n1_HC,n1,tai30_15_05.F.15_01,7,2062
n1_HC,n1,tai30_15_05.F.15_01,8,2041
n1_HC,n1,tai30_15_05.F.15_01,9,2063
n1_HC,n1,tai30_15_05.F.15_01,10,2029
n1_HC,n1,tai30_15_05.F.15_01,11,2078
n1_HC,n1,tai30_15_05.F.15_01,12,2045
n1_HC,n1,tai30_15_05.F.15_01,13,2049
n1_HC,n1,tai30_15_05.F.15_01,14,2032
n1_HC,n1,tai30_15_05.F.15_01,15,2033
n1_HC,n1,tai30_15_05.F.15_01,16,2058
n1_HC,n1,tai30_15_05.F.15_01,17,2046
n1_HC,n1,tai30_15_05.F.15_01,18,2029
n1_HC,n1,tai30_15_05.F.15_01,19,2041
n1_HC,n1,tai30_15_05.F.15_01,20,2048
n1_HC,n1,tai30_15_05.F.15_01,21,2024
n1_HC,n1,tai30_15_05.F.15_01,22,2041
n1_HC,n1,tai30_15_05.F.15_01,23,2048
n1_HC,n1,tai30_15_05.F.15_01,24,2048
n1_HC,n1,tai30_15_05.F.15_01,25,2083
n1_HC,n1,tai30_15_05.F.15_01,26,2040
n1_HC,n1,tai30_15_05.F.15_01,27,2060
n1_HC,n1,tai30_15_05.F.15_01,28,2029
n1_HC,n1,tai30_15_05.F.15_01,29,2047
n1_HC,n1,tai30_15_05.F.15_01,30,2078
n1_HC,n1,tai30_15_06.F.15_01,1,1905
n1_HC,n1,tai30_15_06.F.15_01,2,1929
n1_HC,n1,tai30_15_06.F.15_01,3,1939
n1_HC,n1,tai30_15_06.F.15_01,4,1970
n1_HC,n1,tai30_15_06.F.15_01,5,1944
n1_HC,n1,tai30_15_06.F.15_01,6,1974
n1_HC,n1,tai30_15_06.F.15_01,7,1924
n1_HC,n1,tai30_15_06.F.15_01,8,1954
n1_HC,n1,tai30_15_06.F.15_01,9,1955
n1_HC,n1,tai30_15_06.F.15_01,10,1945
n1_HC,n1,tai30_15_06.F.15_01,11,1964
n1_HC,n1,tai30_15_06.F.15_01,12,1933
n1_HC,n1,tai30_15_06.F.15_01,13,1969
n1_HC,n1,tai30_15_06.F.15_01,14,1905
n1_HC,n1,tai30_15_06.F.15_01,15,1934
n1_HC,n1,tai30_15_06.F.15_01,16,1914
n1_HC,n1,tai30_15_06.F.15_01,17,1922
n1_HC,n1,tai30_15_06.F.15_01,18,1929
n1_HC,n1,tai30_15_06.F.15_01,19,1933
n1_HC,n1,tai30_15_06.F.15_01,20,1944
n1_HC,n1,tai30_15_06.F.15_01,21,1955
n1_HC,n1,tai30_15_06.F.15_01,22,1971
n1_HC,n1,tai30_15_06.F.15_01,23,1913
n1_HC,n1,tai30_15_06.F.15_01,24,1922
n1_HC,n1,tai30_15_06.F.15_01,25,1984
n1_HC,n1,tai30_15_06.F.15_01,26,1929
n1_HC,n1,tai30_15_06.F.15_01,27,1983
n1_HC,n1,tai30_15_06.F.15_01,28,1904
n1_HC,n1,tai30_15_06.F.15_01,29,1929
n1_HC,n1,tai30_15_06.F.15_01,30,1938
n1_HC,n1,tai30_15_07.F.15_01,1,1891
n1_HC,n1,tai30_15_07.F.15_01,2,1890
n1_HC,n1,tai30_15_07.F.15_01,3,1863
n1_HC,n1,tai30_15_07.F.15_01,4,1905
n1_HC,n1,tai30_15_07.F.15_01,5,1909
n1_HC,n1,tai30_15_07.F.15_01,6,1949
n1_HC,n1,tai30_15_07.F.15_01,7,1885
n1_HC,n1,tai30_15_07.F.15_01,8,1888
n1_HC,n1,tai30_15_07.F.15_01,9,1855
n1_HC,n1,tai30_15_07.F.15_01,10,1915
n1_HC,n1,tai30_15_07.F.15_01,11,1894
n1_HC,n1,tai30_15_07.F.15_01,12,1901
n1_HC,n1,tai30_15_07.F.15_01,13,1875
n1_HC,n1,tai30_15_07.F.15_01,14,1899
n1_HC,n1,tai30_15_07.F.15_01,15,1881
n1_HC,n1,tai30_15_07.F.15_01,16,1877
n1_HC,n1,tai30_15_07.F.15_01,17,1900
n1_HC,n1,tai30_15_07.F.15_01,18,1901
n1_HC,n1,tai30_15_07.F.15_01,19,1863
n1_HC,n1,tai30_15_07.F.15_01,20,1906
n1_HC,n1,tai30_15_07.F.15_01,21,1942
n1_HC,n1,tai30_15_07.F.15_01,22,1869
n1_HC,n1,tai30_15_07.F.15_01,23,1914
n1_HC,n1,tai30_15_07.F.15_01,24,1918
n1_HC,n1,tai30_15_07.F.15_01,25,1889
n1_HC,n1,tai30_15_07.F.15_01,26,1889
n1_HC,n1,tai30_15_07.F.15_01,27,1885
n1_HC,n1,tai30_15_07.F.15_01,28,1893
n1_HC,n1,tai30_15_07.F.15_01,29,1893
n1_HC,n1,tai30_15_07.F.15_01,30,1870
n1_HC,n1,tai30_15_08.F.15_01,1,1788
n1_HC,n1,tai30_15_08.F.15_01,2,1781
n1_HC,n1,tai30_15_08.F.15_01,3,1819
n1_HC,n1,tai30_15_08.F.15_01,4,1808
n1_HC,n1,tai30_15_08.F.15_01,5,1767
n1_HC,n1,tai30_15_08.F.15_01,6,1781
n1_HC,n1,tai30_15_08.F.15_01,7,1795
n1_HC,n1,tai30_15_08.F.15_01,8,1802
n1_HC,n1,tai30_15_08.F.15_01,9,1816
n1_HC,n1,tai30_15_08.F.15_01,10,1784
n1_HC,n1,tai30_15_08.F.15_01,11,1788
n1_HC,n1,tai30_15_08.F.15_01,12,1766
n1_HC,n1,tai30_15_08.F.15_01,13,1778
n1_HC,n1,tai30_15_08.F.15_01,14,1807
n1_HC,n1,tai30_15_08.F.15_01,15,1777
n1_HC,n1,tai30_15_08.F.15_01,16,1778
n1_HC,n1,tai30_15_08.F.15_01,17,1768
n1_HC,n1,tai30_15_08.F.15_01,18,1793
n1_HC,n1,tai30_15_08.F.15_01,19,1797
n1_HC,n1,tai30_15_08.F.15_01,20,1772
n1_HC,n1,tai30_15_08.F.15_01,21,1776
n1_HC,n1,tai30_15_08.F.15_01,22,1788
n1_HC,n1,tai30_15_08.F.15_01,23,1785
n1_HC,n1,tai30_15_08.F.15_01,24,1783
n1_HC,n1,tai30_15_08.F.15_01,25,1786
n1_HC,n1,tai30_15_08.F.15_01,26,1814
n1_HC,n1,tai30_15_08.F.15_01,27,1793
n1_HC,n1,tai30_15_08.F.15_01,28,1824
n1_HC,n1,tai30_15_08.F.15_01,29,1779
n1_HC,n1,tai30_15_08.F.15_01,30,1820
n1_HC,n1,tai30_15_09.F.15_01,1,1881
n1_HC,n1,tai30_15_09.F.15_01,2,1897
n1_HC,n1,tai30_15_09.F.15_01,3,1890
n1_HC,n1,tai30_15_09.F.15_01,4,1913
n1_HC,n1,tai30_15_09.F.15_01,5,1909
n1_HC,n1,tai30_15_09.F.15_01,6,1896
n1_HC,n1,tai30_15_09.F.15_01,7,1916
n1_HC,n1,tai30_15_09.F.15_01,8,1897
n1_HC,n1,tai30_15_09.F.15_01,9,1888
n1_HC,n1,tai30_15_09.F.15_01,10,1926
n1_HC,n1,tai30_15_09.F.15_01,11,1886
n1_HC,n1,tai30_15_09.F.15_01,12,1919
n1_HC,n1,tai30_15_09.F.15_01,13,1895
n1_HC,n1,tai30_15_09.F.15_01,14,1909
n1_HC,n1,tai30_15_09.F.15_01,15,1889
n1_HC,n1,tai30_15_09.F.15_01,16,1877
n1_HC,n1,tai30_15_09.F.15_01,17,1903
n1_HC,n1,tai30_15_09.F.15_01,18,1914
n1_HC,n1,tai30_15_09.F.15_01,19,1877
n1_HC,n1,tai30_15_09.F.15_01,20,1933
n1_HC,n1,tai30_15_09.F.15_01,21,1935
n1_HC,n1,tai30_15_09.F.15_01,22,1896
n1_HC,n1,tai30_15_09.F.15_01,23,1920
n1_HC,n1,tai30_15_09.F.15_01,24,1862
n1_HC,n1,tai30_15_09.F.15_01,25,1918
n1_HC,n1,tai30_15_09.F.15_01,26,1870
n1_HC,n1,tai30_15_09.F.15_01,27,1893
n1_HC,n1,tai30_15_09.F.15_01,28,1880
n1_HC,n1,tai30_15_09.F.15_01,29,1898
n1_HC,n1,tai30_15_09.F.15_01,30,1912
n1_HC,n1,tai30_15_10.F.15_01,1,1830
n1_HC,n1,tai30_15_10.F.15_01,2,1822
n1_HC,n1,tai30_15_10.F.15_01,3,1814
n1_HC,n1,tai30_15_10.F.15_01,4,1817
n1_HC,n1,tai30_15_10.F.15_01,5,1841
n1_HC,n1,tai30_15_10.F.15_01,6,1809
n1_HC,n1,tai30_15_10.F.15_01,7,1811
n1_HC,n1,tai30_15_10.F.15_01,8,1813
n1_HC,n1,tai30_15_10.F.15_01,9,1830
n1_HC,n1,tai30_15_10.F.15_01,10,1817
n1_HC,n1,tai30_15_10.F.15_01,11,1798
n1_HC,n1,tai30_15_10.F.15_01,12,1818
n1_HC,n1,tai30_15_10.F.15_01,13,1843
n1_HC,n1,tai30_15_10.F.15_01,14,1797
n1_HC,n1,tai30_15_10.F.15_01,15,1796
n1_HC,n1,tai30_15_10.F.15_01,16,1803
n1_HC,n1,tai30_15_10.F.15_01,17,1793
n1_HC,n1,tai30_15_10.F.15_01,18,1835
n1_HC,n1,tai30_15_10.F.15_01,19,1801
n1_HC,n1,tai30_15_10.F.15_01,20,1799
n1_HC,n1,tai30_15_10.F.15_01,21,1813
n1_HC,n1,tai30_15_10.F.15_01,22,1827
n1_HC,n1,tai30_15_10.F.15_01,23,1810
n1_HC,n1,tai30_15_10.F.15_01,24,1860
n1_HC,n1,tai30_15_10.F.15_01,25,1807
n1_HC,n1,tai30_15_10.F.15_01,26,1826
n1_HC,n1,tai30_15_10.F.15_01,27,1810
n1_HC,n1,tai30_15_10.F.15_01,28,1841
n1_HC,n1,tai30_15_10.F.15_01,29,1823
n1_HC,n1,tai30_15_10.F.15_01,30,1804
n1_HC,n1,tai30_20_01.F.15_01,1,2215
n1_HC,n1,tai30_20_01.F.15_01,2,2215
n1_HC,n1,tai30_20_01.F.15_01,3,2183
n1_HC,n1,tai30_20_01.F.15_01,4,2213
n1_HC,n1,tai30_20_01.F.15_01,5,2180
n1_HC,n1,tai30_20_01.F.15_01,6,2212
n1_HC,n1,tai30_20_01.F.15_01,7,2227
n1_HC,n1,tai30_20_01.F.15_01,8,2277
n1_HC,n1,tai30_20_01.F.15_01,9,2208
n1_HC,n1,tai30_20_01.F.15_01,10,2256
n1_HC,n1,tai30_20_01.F.15_01,11,2223
n1_HC,n1,tai30_20_01.F.15_01,12,2257
n1_HC,n1,tai30_20_01.F.15_01,13,2243
n1_HC,n1,tai30_20_01.F.15_01,14,2222
n1_HC,n1,tai30_20_01.F.15_01,15,2241
n1_HC,n1,tai30_20_01.F.15_01,16,2216
n1_HC,n1,tai30_20_01.F.15_01,17,2207
n1_HC,n1,tai30_20_01.F.15_01,18,2210
n1_HC,n1,tai30_20_01.F.15_01,19,2216
n1_HC,n1,tai30_20_01.F.15_01,20,2272
n1_HC,n1,tai30_20_01.F.15_01,21,2256
n1_HC,n1,tai30_20_01.F.15_01,22,2267
n1_HC,n1,tai30_20_01.F.15_01,23,2205
n1_HC,n1,tai30_20_01.F.15_01,24,2208
n1_HC,n1,tai30_20_01.F.15_01,25,2259
n1_HC,n1,tai30_20_01.F.15_01,26,2202
n1_HC,n1,tai30_20_01.F.15_01,27,2260
n1_HC,n1,tai30_20_01.F.15_01,28,2223
n1_HC,n1,tai30_20_01.F.15_01,29,2238
n1_HC,n1,tai30_20_01.F.15_01,30,2188
n1_HC,n1,tai30_20_02.F.15_01,1,2166
n1_HC,n1,tai30_20_02.F.15_01,2,2195
n1_HC,n1,tai30_20_02.F.15_01,3,2116
n1_HC,n1,tai30_20_02.F.15_01,4,2084
n1_HC,n1,tai30_20_02.F.15_01,5,2124
n1_HC,n1,tai30_20_02.F.15_01,6,2152
n1_HC,n1,tai30_20_02.F.15_01,7,2101
n1_HC,n1,tai30_20_02.F.15_01,8,2108
n1_HC,n1,tai30_20_02.F.15_01,9,2167
n1_HC,n1,tai30_20_02.F.15_01,10,2124
n1_HC,n1,tai30_20_02.F.15_01,11,2168
n1_HC,n1,tai30_20_02.F.15_01,12,2109
n1_HC,n1,tai30_20_02.F.15_01,13,2115
n1_HC,n1,tai30_20_02.F.15_01,14,2139
n1_HC,n1,tai30_20_02.F.15_01,15,2156
n1_HC,n1,tai30_20_02.F.15_01,16,2111
n1_HC,n1,tai30_20_02.F.15_01,17,2123
n1_HC,n1,tai30_20_02.F.15_01,18,2103
n1_HC,n1,tai30_20_02.F.15_01,19,2171
n1_HC,n1,tai30_20_02.F.15_01,20,2110
n1_HC,n1,tai30_20_02.F.15_01,21,2107
n1_HC,n1,tai30_20_02.F.15_01,22,2143
n1_HC,n1,tai30_20_02.F.15_01,23,2170
n1_HC,n1,tai30_20_02.F.15_01,24,2167
n1_HC,n1,tai30_20_02.F.15_01,25,2134
n1_HC,n1,tai30_20_02.F.15_01,26,2157
n1_HC,n1,tai30_20_02.F.15_01,27,2105
n1_HC,n1,tai30_20_02.F.15_01,28,2145
n1_HC,n1,tai30_20_02.F.15_01,29,2150
n1_HC,n1,tai30_20_02.F.15_01,30,2115
n1_HC,n1,tai30_20_03.F.15_01,1,2114
n1_HC,n1,tai30_20_03.F.15_01,2,2065
n1_HC,n1,tai30_20_03.F.15_01,3,2026
n1_HC,n1,tai30_20_03.F.15_01,4,2086
n1_HC,n1,tai30_20_03.F.15_01,5,2016
n1_HC,n1,tai30_20_03.F.15_01,6,2099
n1_HC,n1,tai30_20_03.F.15_01,7,2073
n1_HC,n1,tai30_20_03.F.15_01,8,2071
n1_HC,n1,tai30_20_03.F.15_01,9,2038
n1_HC,n1,tai30_20_03.F.15_01,10,2044
n1_HC,n1,tai30_20_03.F.15_01,11,2068
n1_HC,n1,tai30_20_03.F.15_01,12,2064
n1_HC,n1,tai30_20_03.F.15_01,13,2034
n1_HC,n1,tai30_20_03.F.15_01,14,2064
n1_HC,n1,tai30_20_03.F.15_01,15,2067
n1_HC,n1,tai30_20_03.F.15_01,16,1992
n1_HC,n1,tai30_20_03.F.15_01,17,2098
n1_HC,n1,tai30_20_03.F.15_01,18,2074
n1_HC,n1,tai30_20_03.F.15_01,19,2047
n1_HC,n1,tai30_20_03.F.15_01,20,2060
n1_HC,n1,tai30_20_03.F.15_01,21,2066
n1_HC,n1,tai30_20_03.F.15_01,22,2083
n1_HC,n1,tai30_20_03.F.15_01,23,2119
n1_HC,n1,tai30_20_03.F.15_01,24,2003
n1_HC,n1,tai30_20_03.F.15_01,25,2000
n1_HC,n1,tai30_20_03.F.15_01,26,2082
n1_HC,n1,tai30_20_03.F.15_01,27,2095
n1_HC,n1,tai30_20_03.F.15_01,28,2038
n1_HC,n1,tai30_20_03.F.15_01,29,2114
n1_HC,n1,tai30_20_03.F.15_01,30,2061
n1_HC,n1,tai30_20_04.F.15_01,1,2137
n1_HC,n1,tai30_20_04.F.15_01,2,2204
n1_HC,n1,tai30_20_04.F.15_01,3,2185
n1_HC,n1,tai30_20_04.F.15_01,4,2219
n1_HC,n1,tai30_20_04.F.15_01,5,2137
n1_HC,n1,tai30_20_04.F.15_01,6,2167
n1_HC,n1,tai30_20_04.F.15_01,7,2133
n1_HC,n1,tai30_20_04.F.15_01,8,2174
n1_HC,n1,tai30_20_04.F.15_01,9,2192
n1_HC,n1,tai30_20_04.F.15_01,10,2180
n1_HC,n1,tai30_20_04.F.15_01,11,2135
n1_HC,n1,tai30_20_04.F.15_01,12,2173
n1_HC,n1,tai30_20_04.F.15_01,13,2120
n1_HC,n1,tai30_20_04.F.15_01,14,2182
n1_HC,n1,tai30_20_04.F.15_01,15,2219
n1_HC,n1,tai30_20_04.F.15_01,16,2189
n1_HC,n1,tai30_20_04.F.15_01,17,2168
n1_HC,n1,tai30_20_04.F.15_01,18,2164
n1_HC,n1,tai30_20_04.F.15_01,19,2124
n1_HC,n1,tai30_20_04.F.15_01,20,2163
n1_HC,n1,tai30_20_04.F.15_01,21,2175
n1_HC,n1,tai30_20_04.F.15_01,22,2139
n1_HC,n1,tai30_20_04.F.15_01,23,2131
n1_HC,n1,tai30_20_04.F.15_01,24,2135
n1_HC,n1,tai30_20_04.F.15_01,25,2204
n1_HC,n1,tai30_20_04.F.15_01,26,2198
n1_HC,n1,tai30_20_04.F.15_01,27,2123
n1_HC,n1,tai30_20_04.F.15_01,28,2164
n1_HC,n1,tai30_20_04.F.15_01,29,2168
n1_HC,n1,tai30_20_04.F.15_01,30,2169
n1_HC,n1,tai30_20_05.F.15_01,1,2154
n1_HC,n1,tai30_20_05.F.15_01,2,2103
n1_HC,n1,tai30_20_05.F.15_01,3,2160
n1_HC,n1,tai30_20_05.F.15_01,4,2114
n1_HC,n1,tai30_20_05.F.15_01,5,2152
n1_HC,n1,tai30_20_05.F.15_01,6,2124
n1_HC,n1,tai30_20_05.F.15_01,7,2152
n1_HC,n1,tai30_20_05.F.15_01,8,2099
n1_HC,n1,tai30_20_05.F.15_01,9,2119
n1_HC,n1,tai30_20_05.F.15_01,10,2126
n1_HC,n1,tai30_20_05.F.15_01,11,2118
n1_HC,n1,tai30_20_05.F.15_01,12,2126
n1_HC,n1,tai30_20_05.F.15_01,13,2145
n1_HC,n1,tai30_20_05.F.15_01,14,2113
n1_HC,n1,tai30_20_05.F.15_01,15,2139
n1_HC,n1,tai30_20_05.F.15_01,16,2141
n1_HC,n1,tai30_20_05.F.15_01,17,2114
n1_HC,n1,tai30_20_05.F.15_01,18,2071
n1_HC,n1,tai30_20_05.F.15_01,19,2108
n1_HC,n1,tai30_20_05.F.15_01,20,2097
n1_HC,n1,tai30_20_05.F.15_01,21,2155
n1_HC,n1,tai30_20_05.F.15_01,22,2130
n1_HC,n1,tai30_20_05.F.15_01,23,2115
n1_HC,n1,tai30_20_05.F.15_01,24,2129
n1_HC,n1,tai30_20_05.F.15_01,25,2109
n1_HC,n1,tai30_20_05.F.15_01,26,2133
n1_HC,n1,tai30_20_05.F.15_01,27,2123
n1_HC,n1,tai30_20_05.F.15_01,28,2150
n1_HC,n1,tai30_20_05.F.15_01,29,2119
n1_HC,n1,tai30_20_05.F.15_01,30,2125
n1_HC,n1,tai30_20_06.F.15_01,1,2193
n1_HC,n1,tai30_20_06.F.15_01,2,2177
n1_HC,n1,tai30_20_06.F.15_01,3,2198
n1_HC,n1,tai30_20_06.F.15_01,4,2173
n1_HC,n1,tai30_20_06.F.15_01,5,2220
n1_HC,n1,tai30_20_06.F.15_01,6,2183
n1_HC,n1,tai30_20_06.F.15_01,7,2204
n1_HC,n1,tai30_20_06.F.15_01,8,2163
n1_HC,n1,tai30_20_06.F.15_01,9,2231
n1_HC,n1,tai30_20_06.F.15_01,10,2197
n1_HC,n1,tai30_20_06.F.15_01,11,2215
n1_HC,n1,tai30_20_06.F.15_01,12,2225
n1_HC,n1,tai30_20_06.F.15_01,13,2203
n1_HC,n1,tai30_20_06.F.15_01,14,2192
n1_HC,n1,tai30_20_06.F.15_01,15,2230
n1_HC,n1,tai30_20_06.F.15_01,16,2209
n1_HC,n1,tai30_20_06.F.15_01,17,2219
n1_HC,n1,tai30_20_06.F.15_01,18,2210
n1_HC,n1,tai30_20_06.F.15_01,19,2255
n1_HC,n1,tai30_20_06.F.15_01,20,2197
n1_HC,n1,tai30_20_06.F.15_01,21,2277
n1_HC,n1,tai30_20_06.F.15_01,22,2197
n1_HC,n1,tai30_20_06.F.15_01,23,2171
n1_HC,n1,tai30_20_06.F.15_01,24,2216
n1_HC,n1,tai30_20_06.F.15_01,25,2217
n1_HC,n1,tai30_20_06.F.15_01,26,2224
n1_HC,n1,tai30_20_06.F.15_01,27,2193
n1_HC,n1,tai30_20_06.F.15_01,28,2184
n1_HC,n1,tai30_20_06.F.15_01,29,2192
n1_HC,n1,tai30_20_06.F.15_01,30,2231
n1_HC,n1,tai30_20_07.F.15_01,1,2104
n1_HC,n1,tai30_20_07.F.15_01,2,2119
n1_HC,n1,tai30_20_07.F.15_01,3,2062
n1_HC,n1,tai30_20_07.F.15_01,4,2163
n1_HC,n1,tai30_20_07.F.15_01,5,2076
n1_HC,n1,tai30_20_07.F.15_01,6,2083
n1_HC,n1,tai30_20_07.F.15_01,7,2106
n1_HC,n1,tai30_20_07.F.15_01,8,2120
n1_HC,n1,tai30_20_07.F.15_01,9,2144
n1_HC,n1,tai30_20_07.F.15_01,10,2102
n1_HC,n1,tai30_20_07.F.15_01,11,2087
n1_HC,n1,tai30_20_07.F.15_01,12,2096
n1_HC,n1,tai30_20_07.F.15_01,13,2157
n1_HC,n1,tai30_20_07.F.15_01,14,2101
n1_HC,n1,tai30_20_07.F.15_01,15,2096
n1_HC,n1,tai30_20_07.F.15_01,16,2107
n1_HC,n1,tai30_20_07.F.15_01,17,2125
n1_HC,n1,tai30_20_07.F.15_01,18,2082
n1_HC,n1,tai30_20_07.F.15_01,19,2146
n1_HC,n1,tai30_20_07.F.15_01,20,2094
n1_HC,n1,tai30_20_07.F.15_01,21,2107
n1_HC,n1,tai30_20_07.F.15_01,22,2111
n1_HC,n1,tai30_20_07.F.15_01,23,2154
n1_HC,n1,tai30_20_07.F.15_01,24,2111
n1_HC,n1,tai30_20_07.F.15_01,25,2151
n1_HC,n1,tai30_20_07.F.15_01,26,2136
n1_HC,n1,tai30_20_07.F.15_01,27,2106
n1_HC,n1,tai30_20_07.F.15_01,28,2110
n1_HC,n1,tai30_20_07.F.15_01,29,2090
n1_HC,n1,tai30_20_07.F.15_01,30,2099
n1_HC,n1,tai30_20_08.F.15_01,1,2080
n1_HC,n1,tai30_20_08.F.15_01,2,2114
n1_HC,n1,tai30_20_08.F.15_01,3,2073
n1_HC,n1,tai30_20_08.F.15_01,4,2146
n1_HC,n1,tai30_20_08.F.15_01,5,2113
n1_HC,n1,tai30_20_08.F.15_01,6,2090
n1_HC,n1,tai30_20_08.F.15_01,7,2122
n1_HC,n1,tai30_20_08.F.15_01,8,2127
n1_HC,n1,tai30_20_08.F.15_01,9,2134
n1_HC,n1,tai30_20_08.F.15_01,10,2100
n1_HC,n1,tai30_20_08.F.15_01,11,2087
n1_HC,n1,tai30_20_08.F.15_01,12,2082
n1_HC,n1,tai30_20_08.F.15_01,13,2096
n1_HC,n1,tai30_20_08.F.15_01,14,2105
n1_HC,n1,tai30_20_08.F.15_01,15,2139
n1_HC,n1,tai30_20_08.F.15_01,16,2095
n1_HC,n1,tai30_20_08.F.15_01,17,2182
n1_HC,n1,tai30_20_08.F.15_01,18,2107
n1_HC,n1,tai30_20_08.F.15_01,19,2124
n1_HC,n1,tai30_20_08.F.15_01,20,2191
n1_HC,n1,tai30_20_08.F.15_01,21,2085
n1_HC,n1,tai30_20_08.F.15_01,22,2106
n1_HC,n1,tai30_20_08.F.15_01,23,2094
n1_HC,n1,tai30_20_08.F.15_01,24,2100
n1_HC,n1,tai30_20_08.F.15_01,25,2175
n1_HC,n1,tai30_20_08.F.15_01,26,2119
n1_HC,n1,tai30_20_08.F.15_01,27,2112
n1_HC,n1,tai30_20_08.F.15_01,28,2129
n1_HC,n1,tai30_20_08.F.15_01,29,2104
n1_HC,n1,tai30_20_08.F.15_01,30,2108
n1_HC,n1,tai30_20_09.F.15_01,1,2087
n1_HC,n1,tai30_20_09.F.15_01,2,2130
n1_HC,n1,tai30_20_09.F.15_01,3,2087
n1_HC,n1,tai30_20_09.F.15_01,4,2109
n1_HC,n1,tai30_20_09.F.15_01,5,2077
n1_HC,n1,tai30_20_09.F.15_01,6,2139
n1_HC,n1,tai30_20_09.F.15_01,7,2093
n1_HC,n1,tai30_20_09.F.15_01,8,2095
n1_HC,n1,tai30_20_09.F.15_01,9,2121
n1_HC,n1,tai30_20_09.F.15_01,10,2133
n1_HC,n1,tai30_20_09.F.15_01,11,2102
n1_HC,n1,tai30_20_09.F.15_01,12,2137
n1_HC,n1,tai30_20_09.F.15_01,13,2181
n1_HC,n1,tai30_20_09.F.15_01,14,2088
n1_HC,n1,tai30_20_09.F.15_01,15,2127
n1_HC,n1,tai30_20_09.F.15_01,16,2143
n1_HC,n1,tai30_20_09.F.15_01,17,2161
n1_HC,n1,tai30_20_09.F.15_01,18,2094
n1_HC,n1,tai30_20_09.F.15_01,19,2125
n1_HC,n1,tai30_20_09.F.15_01,20,2143
n1_HC,n1,tai30_20_09.F.15_01,21,2125
n1_HC,n1,tai30_20_09.F.15_01,22,2097
n1_HC,n1,tai30_20_09.F.15_01,23,2113
n1_HC,n1,tai30_20_09.F.15_01,24,2093
n1_HC,n1,tai30_20_09.F.15_01,25,2131
n1_HC,n1,tai30_20_09.F.15_01,26,2158
n1_HC,n1,tai30_20_09.F.15_01,27,2097
n1_HC,n1,tai30_20_09.F.15_01,28,2144
n1_HC,n1,tai30_20_09.F.15_01,29,2097
n1_HC,n1,tai30_20_09.F.15_01,30,2097
n1_HC,n1,tai30_20_10.F.15_01,1,2180
n1_HC,n1,tai30_20_10.F.15_01,2,2136
n1_HC,n1,tai30_20_10.F.15_01,3,2104
n1_HC,n1,tai30_20_10.F.15_01,4,2096
n1_HC,n1,tai30_20_10.F.15_01,5,2110
n1_HC,n1,tai30_20_10.F.15_01,6,2103
n1_HC,n1,tai30_20_10.F.15_01,7,2109
n1_HC,n1,tai30_20_10.F.15_01,8,2093
n1_HC,n1,tai30_20_10.F.15_01,9,2132
n1_HC,n1,tai30_20_10.F.15_01,10,2136
n1_HC,n1,tai30_20_10.F.15_01,11,2110
n1_HC,n1,tai30_20_10.F.15_01,12,2120
n1_HC,n1,tai30_20_10.F.15_01,13,2072
n1_HC,n1,tai30_20_10.F.15_01,14,2175
n1_HC,n1,tai30_20_10.F.15_01,15,2128
n1_HC,n1,tai30_20_10.F.15_01,16,2082
n1_HC,n1,tai30_20_10.F.15_01,17,2147
n1_HC,n1,tai30_20_10.F.15_01,18,2131
n1_HC,n1,tai30_20_10.F.15_01,19,2186
n1_HC,n1,tai30_20_10.F.15_01,20,2137
n1_HC,n1,tai30_20_10.F.15_01,21,2109
n1_HC,n1,tai30_20_10.F.15_01,22,2121
n1_HC,n1,tai30_20_10.F.15_01,23,2144
n1_HC,n1,tai30_20_10.F.15_01,24,2130
n1_HC,n1,tai30_20_10.F.15_01,25,2134
n1_HC,n1,tai30_20_10.F.15_01,26,2098
n1_HC,n1,tai30_20_10.F.15_01,27,2108
n1_HC,n1,tai30_20_10.F.15_01,28,2115
n1_HC,n1,tai30_20_10.F.15_01,29,2134
n1_HC,n1,tai30_20_10.F.15_01,30,2122
n1_HC,n1,tai50_15_01.F.15_01,1,2913
n1_HC,n1,tai50_15_01.F.15_01,2,2941
n1_HC,n1,tai50_15_01.F.15_01,3,2893
n1_HC,n1,tai50_15_01.F.15_01,4,2786
n1_HC,n1,tai50_15_01.F.15_01,5,2842
n1_HC,n1,tai50_15_01.F.15_01,6,2846
n1_HC,n1,tai50_15_01.F.15_01,7,2891
n1_HC,n1,tai50_15_01.F.15_01,8,2883
n1_HC,n1,tai50_15_01.F.15_01,9,2874
n1_HC,n1,tai50_15_01.F.15_01,10,2928
n1_HC,n1,tai50_15_01.F.15_01,11,2849
n1_HC,n1,tai50_15_01.F.15_01,12,2880
n1_HC,n1,tai50_15_01.F.15_01,13,2807
n1_HC,n1,tai50_15_01.F.15_01,14,2950
n1_HC,n1,tai50_15_01.F.15_01,15,2993
n1_HC,n1,tai50_15_01.F.15_01,16,2861
n1_HC,n1,tai50_15_01.F.15_01,17,2830
n1_HC,n1,tai50_15_01.F.15_01,18,2873
n1_HC,n1,tai50_15_01.F.15_01,19,2927
n1_HC,n1,tai50_15_01.F.15_01,20,2852
n1_HC,n1,tai50_15_01.F.15_01,21,2928
n1_HC,n1,tai50_15_01.F.15_01,22,2848
n1_HC,n1,tai50_15_01.F.15_01,23,2832
n1_HC,n1,tai50_15_01.F.15_01,24,2837
n1_HC,n1,tai50_15_01.F.15_01,25,2840
n1_HC,n1,tai50_15_01.F.15_01,26,2875
n1_HC,n1,tai50_15_01.F.15_01,27,3019
n1_HC,n1,tai50_15_01.F.15_01,28,2902
n1_HC,n1,tai50_15_01.F.15_01,29,2896
n1_HC,n1,tai50_15_01.F.15_01,30,2838
n1_HC,n1,tai50_15_02.F.15_01,1,2834
n1_HC,n1,tai50_15_02.F.15_01,2,2859
n1_HC,n1,tai50_15_02.F.15_01,3,2847
n1_HC,n1,tai50_15_02.F.15_01,4,2837
n1_HC,n1,tai50_15_02.F.15_01,5,2869
n1_HC,n1,tai50_15_02.F.15_01,6,2858
n1_HC,n1,tai50_15_02.F.15_01,7,2841
n1_HC,n1,tai50_15_02.F.15_01,8,2891
n1_HC,n1,tai50_15_02.F.15_01,9,2859
n1_HC,n1,tai50_15_02.F.15_01,10,2779
n1_HC,n1,tai50_15_02.F.15_01,11,2843
n1_HC,n1,tai50_15_02.F.15_01,12,2857
n1_HC,n1,tai50_15_02.F.15_01,13,2824
n1_HC,n1,tai50_15_02.F.15_01,14,2837
n1_HC,n1,tai50_15_02.F.15_01,15,2854
n1_HC,n1,tai50_15_02.F.15_01,16,2869
n1_HC,n1,tai50_15_02.F.15_01,17,2819
n1_HC,n1,tai50_15_02.F.15_01,18,2834
n1_HC,n1,tai50_15_02.F.15_01,19,2830
n1_HC,n1,tai50_15_02.F.15_01,20,2795
n1_HC,n1,tai50_15_02.F.15_01,21,2835
n1_HC,n1,tai50_15_02.F.15_01,22,2854
n1_HC,n1,tai50_15_02.F.15_01,23,2849
n1_HC,n1,tai50_15_02.F.15_01,24,2819
n1_HC,n1,tai50_15_02.F.15_01,25,2870
n1_HC,n1,tai50_15_02.F.15_01,26,2852
n1_HC,n1,tai50_15_02.F.15_01,27,2891
n1_HC,n1,tai50_15_02.F.15_01,28,2841
n1_HC,n1,tai50_15_02.F.15_01,29,2838
n1_HC,n1,tai50_15_02.F.15_01,30,2889
n1_HC,n1,tai50_15_03.F.15_01,1,2773
n1_HC,n1,tai50_15_03.F.15_01,2,2813
n1_HC,n1,tai50_15_03.F.15_01,3,2772
n1_HC,n1,tai50_15_03.F.15_01,4,2761
n1_HC,n1,tai50_15_03.F.15_01,5,2746
n1_HC,n1,tai50_15_03.F.15_01,6,2797
n1_HC,n1,tai50_15_03.F.15_01,7,2781
n1_HC,n1,tai50_15_03.F.15_01,8,2764
n1_HC,n1,tai50_15_03.F.15_01,9,2779
n1_HC,n1,tai50_15_03.F.15_01,10,2770
n1_HC,n1,tai50_15_03.F.15_01,11,2778
n1_HC,n1,tai50_15_03.F.15_01,12,2775
n1_HC,n1,tai50_15_03.F.15_01,13,2819
n1_HC,n1,tai50_15_03.F.15_01,14,2843
n1_HC,n1,tai50_15_03.F.15_01,15,2805
n1_HC,n1,tai50_15_03.F.15_01,16,2857
n1_HC,n1,tai50_15_03.F.15_01,17,2798
n1_HC,n1,tai50_15_03.F.15_01,18,2767
n1_HC,n1,tai50_15_03.F.15_01,19,2768
n1_HC,n1,tai50_15_03.F.15_01,20,2815
n1_HC,n1,tai50_15_03.F.15_01,21,2797
n1_HC,n1,tai50_15_03.F.15_01,22,2806
n1_HC,n1,tai50_15_03.F.15_01,23,2802
n1_HC,n1,tai50_15_03.F.15_01,24,2814
n1_HC,n1,tai50_15_03.F.15_01,25,2761
n1_HC,n1,tai50_15_03.F.15_01,26,2776
n1_HC,n1,tai50_15_03.F.15_01,27,2784
n1_HC,n1,tai50_15_03.F.15_01,28,2770
n1_HC,n1,tai50_15_03.F.15_01,29,2815
n1_HC,n1,tai50_15_03.F.15_01,30,2825
n1_HC,n1,tai50_15_04.F.15_01,1,2873
n1_HC,n1,tai50_15_04.F.15_01,2,2883
n1_HC,n1,tai50_15_04.F.15_01,3,2863
n1_HC,n1,tai50_15_04.F.15_01,4,2895
n1_HC,n1,tai50_15_04.F.15_01,5,2848
n1_HC,n1,tai50_15_04.F.15_01,6,2854
n1_HC,n1,tai50_15_04.F.15_01,7,2846
n1_HC,n1,tai50_15_04.F.15_01,8,2875
n1_HC,n1,tai50_15_04.F.15_01,9,2888
n1_HC,n1,tai50_15_04.F.15_01,10,2873
n1_HC,n1,tai50_15_04.F.15_01,11,2898
n1_HC,n1,tai50_15_04.F.15_01,12,2873
n1_HC,n1,tai50_15_04.F.15_01,13,2839
n1_HC,n1,tai50_15_04.F.15_01,14,2889
n1_HC,n1,tai50_15_04.F.15_01,15,2866
n1_HC,n1,tai50_15_04.F.15_01,16,2839
n1_HC,n1,tai50_15_04.F.15_01,17,2872
n1_HC,n1,tai50_15_04.F.15_01,18,2863
n1_HC,n1,tai50_15_04.F.15_01,19,2872
n1_HC,n1,tai50_15_04.F.15_01,20,2854
n1_HC,n1,tai50_15_04.F.15_01,21,2881
n1_HC,n1,tai50_15_04.F.15_01,22,2858
n1_HC,n1,tai50_15_04.F.15_01,23,2899
n1_HC,n1,tai50_15_04.F.15_01,24,2854
n1_HC,n1,tai50_15_04.F.15_01,25,2863
n1_HC,n1,tai50_15_04.F.15_01,26,2917
n1_HC,n1,tai50_15_04.F.15_01,27,2846
n1_HC,n1,tai50_15_04.F.15_01,28,2842
n1_HC,n1,tai50_15_04.F.15_01,29,2847
n1_HC,n1,tai50_15_04.F.15_01,30,2858
n1_HC,n1,tai50_15_05.F.15_01,1,2887
n1_HC,n1,tai50_15_05.F.15_01,2,2841
n1_HC,n1,tai50_15_05.F.15_01,3,2873
n1_HC,n1,tai50_15_05.F.15_01,4,2862
n1_HC,n1,tai50_15_05.F.15_01,5,2833
n1_HC,n1,tai50_15_05.F.15_01,6,2818
n1_HC,n1,tai50_15_05.F.15_01,7,2873
n1_HC,n1,tai50_15_05.F.15_01,8,2814
n1_HC,n1,tai50_15_05.F.15_01,9,2835
n1_HC,n1,tai50_15_05.F.15_01,10,2888
n1_HC,n1,tai50_15_05.F.15_01,11,2788
n1_HC,n1,tai50_15_05.F.15_01,12,2812
n1_HC,n1,tai50_15_05.F.15_01,13,2837
n1_HC,n1,tai50_15_05.F.15_01,14,2822
n1_HC,n1,tai50_15_05.F.15_01,15,2840
n1_HC,n1,tai50_15_05.F.15_01,16,2830
n1_HC,n1,tai50_15_05.F.15_01,17,2799
n1_HC,n1,tai50_15_05.F.15_01,18,2801
n1_HC,n1,tai50_15_05.F.15_01,19,2806
n1_HC,n1,tai50_15_05.F.15_01,20,2841
n1_HC,n1,tai50_15_05.F.15_01,21,2891
n1_HC,n1,tai50_15_05.F.15_01,22,2821
n1_HC,n1,tai50_15_05.F.15_01,23,2814
n1_HC,n1,tai50_15_05.F.15_01,24,2833
n1_HC,n1,tai50_15_05.F.15_01,25,2822
n1_HC,n1,tai50_15_05.F.15_01,26,2778
n1_HC,n1,tai50_15_05.F.15_01,27,2851
n1_HC,n1,tai50_15_05.F.15_01,28,2838
n1_HC,n1,tai50_15_05.F.15_01,29,2791
n1_HC,n1,tai50_15_05.F.15_01,30,2794
n1_HC,n1,tai50_15_06.F.15_01,1,2781
n1_HC,n1,tai50_15_06.F.15_01,2,2861
n1_HC,n1,tai50_15_06.F.15_01,3,2831
n1_HC,n1,tai50_15_06.F.15_01,4,2877
n1_HC,n1,tai50_15_06.F.15_01,5,2884
n1_HC,n1,tai50_15_06.F.15_01,6,2864
n1_HC,n1,tai50_15_06.F.15_01,7,2809
n1_HC,n1,tai50_15_06.F.15_01,8,2883
n1_HC,n1,tai50_15_06.F.15_01,9,2835
n1_HC,n1,tai50_15_06.F.15_01,10,2858
n1_HC,n1,tai50_15_06.F.15_01,11,2861
n1_HC,n1,tai50_15_06.F.15_01,12,2846
n1_HC,n1,tai50_15_06.F.15_01,13,2824
n1_HC,n1,tai50_15_06.F.15_01,14,2878
n1_HC,n1,tai50_15_06.F.15_01,15,2873
n1_HC,n1,tai50_15_06.F.15_01,16,2818
n1_HC,n1,tai50_15_06.F.15_01,17,2870
n1_HC,n1,tai50_15_06.F.15_01,18,2873
n1_HC,n1,tai50_15_06.F.15_01,19,2844
n1_HC,n1,tai50_15_06.F.15_01,20,2846
n1_HC,n1,tai50_15_06.F.15_01,21,2845
n1_HC,n1,tai50_15_06.F.15_01,22,2838
n1_HC,n1,tai50_15_06.F.15_01,23,2867
n1_HC,n1,tai50_15_06.F.15_01,24,2868
n1_HC,n1,tai50_15_06.F.15_01,25,2865
n1_HC,n1,tai50_15_06.F.15_01,26,2832
n1_HC,n1,tai50_15_06.F.15_01,27,2814
n1_HC,n1,tai50_15_06.F.15_01,28,2843
n1_HC,n1,tai50_15_06.F.15_01,29,2854
n1_HC,n1,tai50_15_06.F.15_01,30,2891
n1_HC,n1,tai50_15_07.F.15_01,1,2948
n1_HC,n1,tai50_15_07.F.15_01,2,2951
n1_HC,n1,tai50_15_07.F.15_01,3,2995
n1_HC,n1,tai50_15_07.F.15_01,4,2986
n1_HC,n1,tai50_15_07.F.15_01,5,3020
n1_HC,n1,tai50_15_07.F.15_01,6,2943
n1_HC,n1,tai50_15_07.F.15_01,7,2981
n1_HC,n1,tai50_15_07.F.15_01,8,2952
n1_HC,n1,tai50_15_07.F.15_01,9,3023
n1_HC,n1,tai50_15_07.F.15_01,10,2981
n1_HC,n1,tai50_15_07.F.15_01,11,2957
n1_HC,n1,tai50_15_07.F.15_01,12,3000
n1_HC,n1,tai50_15_07.F.15_01,13,3015
n1_HC,n1,tai50_15_07.F.15_01,14,2970
n1_HC,n1,tai50_15_07.F.15_01,15,2992
n1_HC,n1,tai50_15_07.F.15_01,16,2975
n1_HC,n1,tai50_15_07.F.15_01,17,2943
n1_HC,n1,tai50_15_07.F.15_01,18,2981
n1_HC,n1,tai50_15_07.F.15_01,19,2943
n1_HC,n1,tai50_15_07.F.15_01,20,2989
n1_HC,n1,tai50_15_07.F.15_01,21,2948
n1_HC,n1,tai50_15_07.F.15_01,22,3027
n1_HC,n1,tai50_15_07.F.15_01,23,2987
n1_HC,n1,tai50_15_07.F.15_01,24,2988
n1_HC,n1,tai50_15_07.F.15_01,25,3008
n1_HC,n1,tai50_15_07.F.15_01,26,2991
n1_HC,n1,tai50_15_07.F.15_01,27,3021
n1_HC,n1,tai50_15_07.F.15_01,28,2945
n1_HC,n1,tai50_15_07.F.15_01,29,2943
n1_HC,n1,tai50_15_07.F.15_01,30,2952
n1_HC,n1,tai50_15_08.F.15_01,1,2939
n1_HC,n1,tai50_15_08.F.15_01,2,2970
n1_HC,n1,tai50_15_08.F.15_01,3,2898
n1_HC,n1,tai50_15_08.F.15_01,4,2988
n1_HC,n1,tai50_15_08.F.15_01,5,2993
n1_HC,n1,tai50_15_08.F.15_01,6,2931
n1_HC,n1,tai50_15_08.F.15_01,7,2893
n1_HC,n1,tai50_15_08.F.15_01,8,2935
n1_HC,n1,tai50_15_08.F.15_01,9,2889
n1_HC,n1,tai50_15_08.F.15_01,10,2962
n1_HC,n1,tai50_15_08.F.15_01,11,2921
n1_HC,n1,tai50_15_08.F.15_01,12,2934
n1_HC,n1,tai50_15_08.F.15_01,13,2904
n1_HC,n1,tai50_15_08.F.15_01,14,2939
n1_HC,n1,tai50_15_08.F.15_01,15,2959
n1_HC,n1,tai50_15_08.F.15_01,16,2932
n1_HC,n1,tai50_15_08.F.15_01,17,2897
n1_HC,n1,tai50_15_08.F.15_01,18,2977
n1_HC,n1,tai50_15_08.F.15_01,19,2938
n1_HC,n1,tai50_15_08.F.15_01,20,2944
n1_HC,n1,tai50_15_08.F.15_01,21,2907
n1_HC,n1,tai50_15_08.F.15_01,22,2894
n1_HC,n1,tai50_15_08.F.15_01,23,2976
n1_HC,n1,tai50_15_08.F.15_01,24,2890
n1_HC,n1,tai50_15_08.F.15_01,25,2897
n1_HC,n1,tai50_15_08.F.15_01,26,2966
n1_HC,n1,tai50_15_08.F.15_01,27,2970
n1_HC,n1,tai50_15_08.F.15_01,28,2982
n1_HC,n1,tai50_15_08.F.15_01,29,2896
n1_HC,n1,tai50_15_08.F.15_01,30,2986
n1_HC,n1,tai50_15_09.F.15_01,1,2813
n1_HC,n1,tai50_15_09.F.15_01,2,2729
n1_HC,n1,tai50_15_09.F.15_01,3,2791
n1_HC,n1,tai50_15_09.F.15_01,4,2748
n1_HC,n1,tai50_15_09.F.15_01,5,2801
n1_HC,n1,tai50_15_09.F.15_01,6,2729
n1_HC,n1,tai50_15_09.F.15_01,7,2812
n1_HC,n1,tai50_15_09.F.15_01,8,2803
n1_HC,n1,tai50_15_09.F.15_01,9,2746
n1_HC,n1,tai50_15_09.F.15_01,10,2754
n1_HC,n1,tai50_15_09.F.15_01,11,2762
n1_HC,n1,tai50_15_09.F.15_01,12,2776
n1_HC,n1,tai50_15_09.F.15_01,13,2774
n1_HC,n1,tai50_15_09.F.15_01,14,2760
n1_HC,n1,tai50_15_09.F.15_01,15,2784
n1_HC,n1,tai50_15_09.F.15_01,16,2781
n1_HC,n1,tai50_15_09.F.15_01,17,2759
n1_HC,n1,tai50_15_09.F.15_01,18,2735
n1_HC,n1,tai50_15_09.F.15_01,19,2806
n1_HC,n1,tai50_15_09.F.15_01,20,2780
n1_HC,n1,tai50_15_09.F.15_01,21,2778
n1_HC,n1,tai50_15_09.F.15_01,22,2787
n1_HC,n1,tai50_15_09.F.15_01,23,2795
n1_HC,n1,tai50_15_09.F.15_01,24,2768
n1_HC,n1,tai50_15_09.F.15_01,25,2725
n1_HC,n1,tai50_15_09.F.15_01,26,2810
n1_HC,n1,tai50_15_09.F.15_01,27,2744
n1_HC,n1,tai50_15_09.F.15_01,28,2750
n1_HC,n1,tai50_15_09.F.15_01,29,2802
n1_HC,n1,tai50_15_09.F.15_01,30,2771
n1_HC,n1,tai50_15_10.F.15_01,1,2797
n1_HC,n1,tai50_15_10.F.15_01,2,2776
n1_HC,n1,tai50_15_10.F.15_01,3,2845
n1_HC,n1,tai50_15_10.F.15_01,4,2799
n1_HC,n1,tai50_15_10.F.15_01,5,2815
n1_HC,n1,tai50_15_10.F.15_01,6,2781
n1_HC,n1,tai50_15_10.F.15_01,7,2811
n1_HC,n1,tai50_15_10.F.15_01,8,2756
n1_HC,n1,tai50_15_10.F.15_01,9,2835
n1_HC,n1,tai50_15_10.F.15_01,10,2790
n1_HC,n1,tai50_15_10.F.15_01,11,2845
n1_HC,n1,tai50_15_10.F.15_01,12,2806
n1_HC,n1,tai50_15_10.F.15_01,13,2817
n1_HC,n1,tai50_15_10.F.15_01,14,2859
n1_HC,n1,tai50_15_10.F.15_01,15,2807
n1_HC,n1,tai50_15_10.F.15_01,16,2819
n1_HC,n1,tai50_15_10.F.15_01,17,2805
n1_HC,n1,tai50_15_10.F.15_01,18,2795
n1_HC,n1,tai50_15_10.F.15_01,19,2799
n1_HC,n1,tai50_15_10.F.15_01,20,2816
n1_HC,n1,tai50_15_10.F.15_01,21,2799
n1_HC,n1,tai50_15_10.F.15_01,22,2800
n1_HC,n1,tai50_15_10.F.15_01,23,2840
n1_HC,n1,tai50_15_10.F.15_01,24,2796
n1_HC,n1,tai50_15_10.F.15_01,25,2867
n1_HC,n1,tai50_15_10.F.15_01,26,2806
n1_HC,n1,tai50_15_10.F.15_01,27,2770
n1_HC,n1,tai50_15_10.F.15_01,28,2815
n1_HC,n1,tai50_15_10.F.15_01,29,2815
n1_HC,n1,tai50_15_10.F.15_01,30,2855
n1_HC,n1,tai50_20_01.F.15_01,1,3033
n1_HC,n1,tai50_20_01.F.15_01,2,3033
n1_HC,n1,tai50_20_01.F.15_01,3,3060
n1_HC,n1,tai50_20_01.F.15_01,4,3001
n1_HC,n1,tai50_20_01.F.15_01,5,2988
n1_HC,n1,tai50_20_01.F.15_01,6,3039
n1_HC,n1,tai50_20_01.F.15_01,7,3035
n1_HC,n1,tai50_20_01.F.15_01,8,3072
n1_HC,n1,tai50_20_01.F.15_01,9,2969
n1_HC,n1,tai50_20_01.F.15_01,10,3007
n1_HC,n1,tai50_20_01.F.15_01,11,3058
n1_HC,n1,tai50_20_01.F.15_01,12,3016
n1_HC,n1,tai50_20_01.F.15_01,13,3015
n1_HC,n1,tai50_20_01.F.15_01,14,2967
n1_HC,n1,tai50_20_01.F.15_01,15,3044
n1_HC,n1,tai50_20_01.F.15_01,16,3024
n1_HC,n1,tai50_20_01.F.15_01,17,3072
n1_HC,n1,tai50_20_01.F.15_01,18,2974
n1_HC,n1,tai50_20_01.F.15_01,19,3065
n1_HC,n1,tai50_20_01.F.15_01,20,2999
n1_HC,n1,tai50_20_01.F.15_01,21,3015
n1_HC,n1,tai50_20_01.F.15_01,22,3023
n1_HC,n1,tai50_20_01.F.15_01,23,3014
n1_HC,n1,tai50_20_01.F.15_01,24,3052
n1_HC,n1,tai50_20_01.F.15_01,25,3119
n1_HC,n1,tai50_20_01.F.15_01,26,3017
n1_HC,n1,tai50_20_01.F.15_01,27,2983
n1_HC,n1,tai50_20_01.F.15_01,28,3004
n1_HC,n1,tai50_20_01.F.15_01,29,3067
n1_HC,n1,tai50_20_01.F.15_01,30,3023
n1_HC,n1,tai50_20_02.F.15_01,1,3133
n1_HC,n1,tai50_20_02.F.15_01,2,3088
n1_HC,n1,tai50_20_02.F.15_01,3,3108
n1_HC,n1,tai50_20_02.F.15_01,4,3115
n1_HC,n1,tai50_20_02.F.15_01,5,3129
n1_HC,n1,tai50_20_02.F.15_01,6,3095
n1_HC,n1,tai50_20_02.F.15_01,7,3185
n1_HC,n1,tai50_20_02.F.15_01,8,3116
n1_HC,n1,tai50_20_02.F.15_01,9,3135
n1_HC,n1,tai50_20_02.F.15_01,10,3155
n1_HC,n1,tai50_20_02.F.15_01,11,3096
n1_HC,n1,tai50_20_02.F.15_01,12,3090
n1_HC,n1,tai50_20_02.F.15_01,13,3128
n1_HC,n1,tai50_20_02.F.15_01,14,3144
n1_HC,n1,tai50_20_02.F.15_01,15,3099
n1_HC,n1,tai50_20_02.F.15_01,16,3106
n1_HC,n1,tai50_20_02.F.15_01,17,3122
n1_HC,n1,tai50_20_02.F.15_01,18,3118
n1_HC,n1,tai50_20_02.F.15_01,19,3108
n1_HC,n1,tai50_20_02.F.15_01,20,3094
n1_HC,n1,tai50_20_02.F.15_01,21,3112
n1_HC,n1,tai50_20_02.F.15_01,22,3091
n1_HC,n1,tai50_20_02.F.15_01,23,3144
n1_HC,n1,tai50_20_02.F.15_01,24,3113
n1_HC,n1,tai50_20_02.F.15_01,25,3139
n1_HC,n1,tai50_20_02.F.15_01,26,3118
n1_HC,n1,tai50_20_02.F.15_01,27,3108
n1_HC,n1,tai50_20_02.F.15_01,28,3075
n1_HC,n1,tai50_20_02.F.15_01,29,3107
n1_HC,n1,tai50_20_02.F.15_01,30,3133
n1_HC,n1,tai50_20_03.F.15_01,1,2903
n1_HC,n1,tai50_20_03.F.15_01,2,2909
n1_HC,n1,tai50_20_03.F.15_01,3,2863
n1_HC,n1,tai50_20_03.F.15_01,4,2898
n1_HC,n1,tai50_20_03.F.15_01,5,2957
n1_HC,n1,tai50_20_03.F.15_01,6,2932
n1_HC,n1,tai50_20_03.F.15_01,7,2962
n1_HC,n1,tai50_20_03.F.15_01,8,2919
n1_HC,n1,tai50_20_03.F.15_01,9,2873
n1_HC,n1,tai50_20_03.F.15_01,10,2937
n1_HC,n1,tai50_20_03.F.15_01,11,2970
n1_HC,n1,tai50_20_03.F.15_01,12,2920
n1_HC,n1,tai50_20_03.F.15_01,13,2921
n1_HC,n1,tai50_20_03.F.15_01,14,2938
n1_HC,n1,tai50_20_03.F.15_01,15,2949
n1_HC,n1,tai50_20_03.F.15_01,16,2950
n1_HC,n1,tai50_20_03.F.15_01,17,2881
n1_HC,n1,tai50_20_03.F.15_01,18,2916
n1_HC,n1,tai50_20_03.F.15_01,19,2919
n1_HC,n1,tai50_20_03.F.15_01,20,2951
n1_HC,n1,tai50_20_03.F.15_01,21,2932
n1_HC,n1,tai50_20_03.F.15_01,22,2893
n1_HC,n1,tai50_20_03.F.15_01,23,2925
n1_HC,n1,tai50_20_03.F.15_01,24,2898
n1_HC,n1,tai50_20_03.F.15_01,25,2934
n1_HC,n1,tai50_20_03.F.15_01,26,2984
n1_HC,n1,tai50_20_03.F.15_01,27,2898
n1_HC,n1,tai50_20_03.F.15_01,28,2934
n1_HC,n1,tai50_20_03.F.15_01,29,2902
n1_HC,n1,tai50_20_03.F.15_01,30,2913
n1_HC,n1,tai50_20_04.F.15_01,1,2844
n1_HC,n1,tai50_20_04.F.15_01,2,2833
n1_HC,n1,tai50_20_04.F.15_01,3,2859
n1_HC,n1,tai50_20_04.F.15_01,4,2854
n1_HC,n1,tai50_20_04.F.15_01,5,2840
n1_HC,n1,tai50_20_04.F.15_01,6,2825
n1_HC,n1,tai50_20_04.F.15_01,7,2868
n1_HC,n1,tai50_20_04.F.15_01,8,2829
n1_HC,n1,tai50_20_04.F.15_01,9,2870
n1_HC,n1,tai50_20_04.F.15_01,10,2818
n1_HC,n1,tai50_20_04.F.15_01,11,2780
n1_HC,n1,tai50_20_04.F.15_01,12,2811
n1_HC,n1,tai50_20_04.F.15_01,13,2771
n1_HC,n1,tai50_20_04.F.15_01,14,2835
n1_HC,n1,tai50_20_04.F.15_01,15,2809
n1_HC,n1,tai50_20_04.F.15_01,16,2858
n1_HC,n1,tai50_20_04.F.15_01,17,2838
n1_HC,n1,tai50_20_04.F.15_01,18,2825
n1_HC,n1,tai50_20_04.F.15_01,19,2811
n1_HC,n1,tai50_20_04.F.15_01,20,2845
n1_HC,n1,tai50_20_04.F.15_01,21,2817
n1_HC,n1,tai50_20_04.F.15_01,22,2875
n1_HC,n1,tai50_20_04.F.15_01,23,2874
n1_HC,n1,tai50_20_04.F.15_01,24,2842
n1_HC,n1,tai50_20_04.F.15_01,25,2808
n1_HC,n1,tai50_20_04.F.15_01,26,2848
n1_HC,n1,tai50_20_04.F.15_01,27,2832
n1_HC,n1,tai50_20_04.F.15_01,28,2831
n1_HC,n1,tai50_20_04.F.15_01,29,2793
n1_HC,n1,tai50_20_04.F.15_01,30,2824
n1_HC,n1,tai50_20_05.F.15_01,1,2886
n1_HC,n1,tai50_20_05.F.15_01,2,2908
n1_HC,n1,tai50_20_05.F.15_01,3,2876
n1_HC,n1,tai50_20_05.F.15_01,4,2870
n1_HC,n1,tai50_20_05.F.15_01,5,2917
n1_HC,n1,tai50_20_05.F.15_01,6,2877
n1_HC,n1,tai50_20_05.F.15_01,7,2916
n1_HC,n1,tai50_20_05.F.15_01,8,2932
n1_HC,n1,tai50_20_05.F.15_01,9,2884
n1_HC,n1,tai50_20_05.F.15_01,10,2920
n1_HC,n1,tai50_20_05.F.15_01,11,2870
n1_HC,n1,tai50_20_05.F.15_01,12,2878
n1_HC,n1,tai50_20_05.F.15_01,13,2880
n1_HC,n1,tai50_20_05.F.15_01,14,2946
n1_HC,n1,tai50_20_05.F.15_01,15,2912
n1_HC,n1,tai50_20_05.F.15_01,16,2905
n1_HC,n1,tai50_20_05.F.15_01,17,2917
n1_HC,n1,tai50_20_05.F.15_01,18,2899
n1_HC,n1,tai50_20_05.F.15_01,19,2913
n1_HC,n1,tai50_20_05.F.15_01,20,2895
n1_HC,n1,tai50_20_05.F.15_01,21,2918
n1_HC,n1,tai50_20_05.F.15_01,22,2905
n1_HC,n1,tai50_20_05.F.15_01,23,2970
n1_HC,n1,tai50_20_05.F.15_01,24,2880
n1_HC,n1,tai50_20_05.F.15_01,25,2880
n1_HC,n1,tai50_20_05.F.15_01,26,2940
n1_HC,n1,tai50_20_05.F.15_01,27,2885
n1_HC,n1,tai50_20_05.F.15_01,28,2884
n1_HC,n1,tai50_20_05.F.15_01,29,2938
n1_HC,n1,tai50_20_05.F.15_01,30,2890
n1_HC,n1,tai50_20_06.F.15_01,1,3016
n1_HC,n1,tai50_20_06.F.15_01,2,2996
n1_HC,n1,tai50_20_06.F.15_01,3,3022
n1_HC,n1,tai50_20_06.F.15_01,4,3008
n1_HC,n1,tai50_20_06.F.15_01,5,3040
n1_HC,n1,tai50_20_06.F.15_01,6,3009
n1_HC,n1,tai50_20_06.F.15_01,7,3000
n1_HC,n1,tai50_20_06.F.15_01,8,3023
n1_HC,n1,tai50_20_06.F.15_01,9,2997
n1_HC,n1,tai50_20_06.F.15_01,10,2994
n1_HC,n1,tai50_20_06.F.15_01,11,3042
n1_HC,n1,tai50_20_06.F.15_01,12,3020
n1_HC,n1,tai50_20_06.F.15_01,13,2991
n1_HC,n1,tai50_20_06.F.15_01,14,3039
n1_HC,n1,tai50_20_06.F.15_01,15,3004
n1_HC,n1,tai50_20_06.F.15_01,16,3009
n1_HC,n1,tai50_20_06.F.15_01,17,2999
n1_HC,n1,tai50_20_06.F.15_01,18,2978
n1_HC,n1,tai50_20_06.F.15_01,19,3008
n1_HC,n1,tai50_20_06.F.15_01,20,2968
n1_HC,n1,tai50_20_06.F.15_01,21,2990
n1_HC,n1,tai50_20_06.F.15_01,22,3019
n1_HC,n1,tai50_20_06.F.15_01,23,2983
n1_HC,n1,tai50_20_06.F.15_01,24,2987
n1_HC,n1,tai50_20_06.F.15_01,25,3023
n1_HC,n1,tai50_20_06.F.15_01,26,2953
n1_HC,n1,tai50_20_06.F.15_01,27,3041
n1_HC,n1,tai50_20_06.F.15_01,28,3016
n1_HC,n1,tai50_20_06.F.15_01,29,2988
n1_HC,n1,tai50_20_06.F.15_01,30,3066
n1_HC,n1,tai50_20_07.F.15_01,1,2986
n1_HC,n1,tai50_20_07.F.15_01,2,2982
n1_HC,n1,tai50_20_07.F.15_01,3,2985
n1_HC,n1,tai50_20_07.F.15_01,4,3005
n1_HC,n1,tai50_20_07.F.15_01,5,3044
n1_HC,n1,tai50_20_07.F.15_01,6,3008
n1_HC,n1,tai50_20_07.F.15_01,7,2970
n1_HC,n1,tai50_20_07.F.15_01,8,2958
n1_HC,n1,tai50_20_07.F.15_01,9,2955
n1_HC,n1,tai50_20_07.F.15_01,10,3027
n1_HC,n1,tai50_20_07.F.15_01,11,2977
n1_HC,n1,tai50_20_07.F.15_01,12,3065
n1_HC,n1,tai50_20_07.F.15_01,13,2952
n1_HC,n1,tai50_20_07.F.15_01,14,3024
n1_HC,n1,tai50_20_07.F.15_01,15,3048
n1_HC,n1,tai50_20_07.F.15_01,16,3007
n1_HC,n1,tai50_20_07.F.15_01,17,2963
n1_HC,n1,tai50_20_07.F.15_01,18,3008
n1_HC,n1,tai50_20_07.F.15_01,19,3021
n1_HC,n1,tai50_20_07.F.15_01,20,2988
n1_HC,n1,tai50_20_07.F.15_01,21,3039
n1_HC,n1,tai50_20_07.F.15_01,22,3008
n1_HC,n1,tai50_20_07.F.15_01,23,2943
n1_HC,n1,tai50_20_07.F.15_01,24,3013
n1_HC,n1,tai50_20_07.F.15_01,25,2965
n1_HC,n1,tai50_20_07.F.15_01,26,2960
n1_HC,n1,tai50_20_07.F.15_01,27,2944
n1_HC,n1,tai50_20_07.F.15_01,28,3021
n1_HC,n1,tai50_20_07.F.15_01,29,2960
n1_HC,n1,tai50_20_07.F.15_01,30,2992
n1_HC,n1,tai50_20_08.F.15_01,1,2939
n1_HC,n1,tai50_20_08.F.15_01,2,2919
n1_HC,n1,tai50_20_08.F.15_01,3,2932
n1_HC,n1,tai50_20_08.F.15_01,4,2916
n1_HC,n1,tai50_20_08.F.15_01,5,2906
n1_HC,n1,tai50_20_08.F.15_01,6,2920
n1_HC,n1,tai50_20_08.F.15_01,7,2901
n1_HC,n1,tai50_20_08.F.15_01,8,2927
n1_HC,n1,tai50_20_08.F.15_01,9,2896
n1_HC,n1,tai50_20_08.F.15_01,10,2905
n1_HC,n1,tai50_20_08.F.15_01,11,2888
n1_HC,n1,tai50_20_08.F.15_01,12,2888
n1_HC,n1,tai50_20_08.F.15_01,13,2913
n1_HC,n1,tai50_20_08.F.15_01,14,2935
n1_HC,n1,tai50_20_08.F.15_01,15,2902
n1_HC,n1,tai50_20_08.F.15_01,16,2904
n1_HC,n1,tai50_20_08.F.15_01,17,2951
n1_HC,n1,tai50_20_08.F.15_01,18,2906
n1_HC,n1,tai50_20_08.F.15_01,19,2895
n1_HC,n1,tai50_20_08.F.15_01,20,2920
n1_HC,n1,tai50_20_08.F.15_01,21,2910
n1_HC,n1,tai50_20_08.F.15_01,22,2899
n1_HC,n1,tai50_20_08.F.15_01,23,3003
n1_HC,n1,tai50_20_08.F.15_01,24,2883
n1_HC,n1,tai50_20_08.F.15_01,25,2912
n1_HC,n1,tai50_20_08.F.15_01,26,2886
n1_HC,n1,tai50_20_08.F.15_01,27,2910
n1_HC,n1,tai50_20_08.F.15_01,28,2924
n1_HC,n1,tai50_20_08.F.15_01,29,2936
n1_HC,n1,tai50_20_08.F.15_01,30,2918
n1_HC,n1,tai50_20_09.F.15_01,1,3166
n1_HC,n1,tai50_20_09.F.15_01,2,3197
n1_HC,n1,tai50_20_09.F.15_01,3,3213
n1_HC,n1,tai50_20_09.F.15_01,4,3192
n1_HC,n1,tai50_20_09.F.15_01,5,3216
n1_HC,n1,tai50_20_09.F.15_01,6,3186
n1_HC,n1,tai50_20_09.F.15_01,7,3205
n1_HC,n1,tai50_20_09.F.15_01,8,3160
n1_HC,n1,tai50_20_09.F.15_01,9,3211
n1_HC,n1,tai50_20_09.F.15_01,10,3142
n1_HC,n1,tai50_20_09.F.15_01,11,3159
n1_HC,n1,tai50_20_09.F.15_01,12,3196
n1_HC,n1,tai50_20_09.F.15_01,13,3191
n1_HC,n1,tai50_20_09.F.15_01,14,3216
n1_HC,n1,tai50_20_09.F.15_01,15,3183
n1_HC,n1,tai50_20_09.F.15_01,16,3177
n1_HC,n1,tai50_20_09.F.15_01,17,3204
n1_HC,n1,tai50_20_09.F.15_01,18,3250
n1_HC,n1,tai50_20_09.F.15_01,19,3164
n1_HC,n1,tai50_20_09.F.15_01,20,3226
n1_HC,n1,tai50_20_09.F.15_01,21,3161
n1_HC,n1,tai50_20_09.F.15_01,22,3223
n1_HC,n1,tai50_20_09.F.15_01,23,3217
n1_HC,n1,tai50_20_09.F.15_01,24,3219
n1_HC,n1,tai50_20_09.F.15_01,25,3191
n1_HC,n1,tai50_20_09.F.15_01,26,3207
n1_HC,n1,tai50_20_09.F.15_01,27,3193
n1_HC,n1,tai50_20_09.F.15_01,28,3220
n1_HC,n1,tai50_20_09.F.15_01,29,3253
n1_HC,n1,tai50_20_09.F.15_01,30,3163
n1_HC,n1,tai50_20_10.F.15_01,1,3187
n1_HC,n1,tai50_20_10.F.15_01,2,3162
n1_HC,n1,tai50_20_10.F.15_01,3,3178
n1_HC,n1,tai50_20_10.F.15_01,4,3191
n1_HC,n1,tai50_20_10.F.15_01,5,3202
n1_HC,n1,tai50_20_10.F.15_01,6,3181
n1_HC,n1,tai50_20_10.F.15_01,7,3192
n1_HC,n1,tai50_20_10.F.15_01,8,3181
n1_HC,n1,tai50_20_10.F.15_01,9,3204
n1_HC,n1,tai50_20_10.F.15_01,10,3166
n1_HC,n1,tai50_20_10.F.15_01,11,3253
n1_HC,n1,tai50_20_10.F.15_01,12,3212
n1_HC,n1,tai50_20_10.F.15_01,13,3156
n1_HC,n1,tai50_20_10.F.15_01,14,3207
n1_HC,n1,tai50_20_10.F.15_01,15,3229
n1_HC,n1,tai50_20_10.F.15_01,16,3201
n1_HC,n1,tai50_20_10.F.15_01,17,3186
n1_HC,n1,tai50_20_10.F.15_01,18,3187
n1_HC,n1,tai50_20_10.F.15_01,19,3172
n1_HC,n1,tai50_20_10.F.15_01,20,3164
n1_HC,n1,tai50_20_10.F.15_01,21,3184
n1_HC,n1,tai50_20_10.F.15_01,22,3207
n1_HC,n1,tai50_20_10.F.15_01,23,3213
n1_HC,n1,tai50_20_10.F.15_01,24,3201
n1_HC,n1,tai50_20_10.F.15_01,25,3183
n1_HC,n1,tai50_20_10.F.15_01,26,3193
n1_HC,n1,tai50_20_10.F.15_01,27,3201
n1_HC,n1,tai50_20_10.F.15_01,28,3148
n1_HC,n1,tai50_20_10.F.15_01,29,3179
n1_HC,n1,tai50_20_10.F.15_01,30,3257
n2_HC,n2,F0.15.0.abz7_06,1,686
n2_HC,n2,F0.15.0.abz7_06,2,679
n2_HC,n2,F0.15.0.abz7_06,3,682
n2_HC,n2,F0.15.0.abz7_06,4,685
n2_HC,n2,F0.15.0.abz7_06,5,693
n2_HC,n2,F0.15.0.abz7_06,6,690
n2_HC,n2,F0.15.0.abz7_06,7,690
n2_HC,n2,F0.15.0.abz7_06,8,684
n2_HC,n2,F0.15.0.abz7_06,9,694
n2_HC,n2,F0.15.0.abz7_06,10,680
n2_HC,n2,F0.15.0.abz7_06,11,691
n2_HC,n2,F0.15.0.abz7_06,12,697
n2_HC,n2,F0.15.0.abz7_06,13,697
n2_HC,n2,F0.15.0.abz7_06,14,693
n2_HC,n2,F0.15.0.abz7_06,15,686
n2_HC,n2,F0.15.0.abz7_06,16,690
n2_HC,n2,F0.15.0.abz7_06,17,687
n2_HC,n2,F0.15.0.abz7_06,18,697
n2_HC,n2,F0.15.0.abz7_06,19,690
n2_HC,n2,F0.15.0.abz7_06,20,689
n2_HC,n2,F0.15.0.abz7_06,21,704
n2_HC,n2,F0.15.0.abz7_06,22,690
n2_HC,n2,F0.15.0.abz7_06,23,687
n2_HC,n2,F0.15.0.abz7_06,24,689
n2_HC,n2,F0.15.0.abz7_06,25,696
n2_HC,n2,F0.15.0.abz7_06,26,696
n2_HC,n2,F0.15.0.abz7_06,27,691
n2_HC,n2,F0.15.0.abz7_06,28,682
n2_HC,n2,F0.15.0.abz7_06,29,696
n2_HC,n2,F0.15.0.abz7_06,30,698
n2_HC,n2,F0.15.0.abz8_05,1,705
n2_HC,n2,F0.15.0.abz8_05,2,702
n2_HC,n2,F0.15.0.abz8_05,3,707
n2_HC,n2,F0.15.0.abz8_05,4,710
n2_HC,n2,F0.15.0.abz8_05,5,700
n2_HC,n2,F0.15.0.abz8_05,6,698
n2_HC,n2,F0.15.0.abz8_05,7,692
n2_HC,n2,F0.15.0.abz8_05,8,705
n2_HC,n2,F0.15.0.abz8_05,9,707
n2_HC,n2,F0.15.0.abz8_05,10,699
n2_HC,n2,F0.15.0.abz8_05,11,698
n2_HC,n2,F0.15.0.abz8_05,12,699
n2_HC,n2,F0.15.0.abz8_05,13,706
n2_HC,n2,F0.15.0.abz8_05,14,705
n2_HC,n2,F0.15.0.abz8_05,15,700
n2_HC,n2,F0.15.0.abz8_05,16,701
n2_HC,n2,F0.15.0.abz8_05,17,715
n2_HC,n2,F0.15.0.abz8_05,18,707
n2_HC,n2,F0.15.0.abz8_05,19,714
n2_HC,n2,F0.15.0.abz8_05,20,705
n2_HC,n2,F0.15.0.abz8_05,21,705
n2_HC,n2,F0.15.0.abz8_05,22,700
n2_HC,n2,F0.15.0.abz8_05,23,705
n2_HC,n2,F0.15.0.abz8_05,24,695
n2_HC,n2,F0.15.0.abz8_05,25,712
n2_HC,n2,F0.15.0.abz8_05,26,723
n2_HC,n2,F0.15.0.abz8_05,27,695
n2_HC,n2,F0.15.0.abz8_05,28,696
n2_HC,n2,F0.15.0.abz8_05,29,700
n2_HC,n2,F0.15.0.abz8_05,30,706
n2_HC,n2,F0.15.0.abz9_10,1,734
n2_HC,n2,F0.15.0.abz9_10,2,712
n2_HC,n2,F0.15.0.abz9_10,3,726
n2_HC,n2,F0.15.0.abz9_10,4,727
n2_HC,n2,F0.15.0.abz9_10,5,730
n2_HC,n2,F0.15.0.abz9_10,6,722
n2_HC,n2,F0.15.0.abz9_10,7,733
n2_HC,n2,F0.15.0.abz9_10,8,736
n2_HC,n2,F0.15.0.abz9_10,9,730
n2_HC,n2,F0.15.0.abz9_10,10,718
n2_HC,n2,F0.15.0.abz9_10,11,738
n2_HC,n2,F0.15.0.abz9_10,12,718
n2_HC,n2,F0.15.0.abz9_10,13,730
n2_HC,n2,F0.15.0.abz9_10,14,719
n2_HC,n2,F0.15.0.abz9_10,15,726
n2_HC,n2,F0.15.0.abz9_10,16,721
n2_HC,n2,F0.15.0.abz9_10,17,727
n2_HC,n2,F0.15.0.abz9_10,18,731
n2_HC,n2,F0.15.0.abz9_10,19,751
n2_HC,n2,F0.15.0.abz9_10,20,719
n2_HC,n2,F0.15.0.abz9_10,21,738
n2_HC,n2,F0.15.0.abz9_10,22,716
n2_HC,n2,F0.15.0.abz9_10,23,723
n2_HC,n2,F0.15.0.abz9_10,24,732
n2_HC,n2,F0.15.0.abz9_10,25,723
n2_HC,n2,F0.15.0.abz9_10,26,721
n2_HC,n2,F0.15.0.abz9_10,27,730
n2_HC,n2,F0.15.0.abz9_10,28,734
n2_HC,n2,F0.15.0.abz9_10,29,709
n2_HC,n2,F0.15.0.abz9_10,30,723
n2_HC,n2,F0.15.0.ft10_10,1,937
n2_HC,n2,F0.15.0.ft10_10,2,967
n2_HC,n2,F0.15.0.ft10_10,3,967
n2_HC,n2,F0.15.0.ft10_10,4,967
n2_HC,n2,F0.15.0.ft10_10,5,938
n2_HC,n2,F0.15.0.ft10_10,6,967
n2_HC,n2,F0.15.0.ft10_10,7,930
n2_HC,n2,F0.15.0.ft10_10,8,944
n2_HC,n2,F0.15.0.ft10_10,9,951
n2_HC,n2,F0.15.0.ft10_10,10,949
n2_HC,n2,F0.15.0.ft10_10,11,945
n2_HC,n2,F0.15.0.ft10_10,12,955
n2_HC,n2,F0.15.0.ft10_10,13,968
n2_HC,n2,F0.15.0.ft10_10,14,967
n2_HC,n2,F0.15.0.ft10_10,15,949
n2_HC,n2,F0.15.0.ft10_10,16,937
n2_HC,n2,F0.15.0.ft10_10,17,937
n2_HC,n2,F0.15.0.ft10_10,18,938
n2_HC,n2,F0.15.0.ft10_10,19,938
n2_HC,n2,F0.15.0.ft10_10,20,937
n2_HC,n2,F0.15.0.ft10_10,21,945
n2_HC,n2,F0.15.0.ft10_10,22,943
n2_HC,n2,F0.15.0.ft10_10,23,945
n2_HC,n2,F0.15.0.ft10_10,24,936
n2_HC,n2,F0.15.0.ft10_10,25,930
n2_HC,n2,F0.15.0.ft10_10,26,955
n2_HC,n2,F0.15.0.ft10_10,27,967
n2_HC,n2,F0.15.0.ft10_10,28,951
n2_HC,n2,F0.15.0.ft10_10,29,949
n2_HC,n2,F0.15.0.ft10_10,30,938
n2_HC,n2,F0.15.0.ft20_05,1,1178
n2_HC,n2,F0.15.0.ft20_05,2,1178
n2_HC,n2,F0.15.0.ft20_05,3,1173
n2_HC,n2,F0.15.0.ft20_05,4,1180
n2_HC,n2,F0.15.0.ft20_05,5,1189
n2_HC,n2,F0.15.0.ft20_05,6,1184
n2_HC,n2,F0.15.0.ft20_05,7,1178
n2_HC,n2,F0.15.0.ft20_05,8,1178
n2_HC,n2,F0.15.0.ft20_05,9,1184
n2_HC,n2,F0.15.0.ft20_05,10,1192
n2_HC,n2,F0.15.0.ft20_05,11,1192
n2_HC,n2,F0.15.0.ft20_05,12,1180
n2_HC,n2,F0.15.0.ft20_05,13,1180
n2_HC,n2,F0.15.0.ft20_05,14,1173
n2_HC,n2,F0.15.0.ft20_05,15,1178
n2_HC,n2,F0.15.0.ft20_05,16,1192
n2_HC,n2,F0.15.0.ft20_05,17,1173
n2_HC,n2,F0.15.0.ft20_05,18,1180
n2_HC,n2,F0.15.0.ft20_05,19,1191
n2_HC,n2,F0.15.0.ft20_05,20,1178
n2_HC,n2,F0.15.0.ft20_05,21,1178
n2_HC,n2,F0.15.0.ft20_05,22,1182
n2_HC,n2,F0.15.0.ft20_05,23,1178
n2_HC,n2,F0.15.0.ft20_05,24,1192
n2_HC,n2,F0.15.0.ft20_05,25,1180
n2_HC,n2,F0.15.0.ft20_05,26,1178
n2_HC,n2,F0.15.0.ft20_05,27,1178
n2_HC,n2,F0.15.0.ft20_05,28,1178
n2_HC,n2,F0.15.0.ft20_05,29,1182
n2_HC,n2,F0.15.0.ft20_05,30,1178
n2_HC,n2,F0.15.0.la21_04,1,1066
n2_HC,n2,F0.15.0.la21_04,2,1065
n2_HC,n2,F0.15.0.la21_04,3,1075
n2_HC,n2,F0.15.0.la21_04,4,1064
n2_HC,n2,F0.15.0.la21_04,5,1079
n2_HC,n2,F0.15.0.la21_04,6,1062
n2_HC,n2,F0.15.0.la21_04,7,1065
n2_HC,n2,F0.15.0.la21_04,8,1056
n2_HC,n2,F0.15.0.la21_04,9,1061
n2_HC,n2,F0.15.0.la21_04,10,1090
n2_HC,n2,F0.15.0.la21_04,11,1064
n2_HC,n2,F0.15.0.la21_04,12,1052
n2_HC,n2,F0.15.0.la21_04,13,1087
n2_HC,n2,F0.15.0.la21_04,14,1069
n2_HC,n2,F0.15.0.la21_04,15,1062
n2_HC,n2,F0.15.0.la21_04,16,1084
n2_HC,n2,F0.15.0.la21_04,17,1066
n2_HC,n2,F0.15.0.la21_04,18,1055
n2_HC,n2,F0.15.0.la21_04,19,1066
n2_HC,n2,F0.15.0.la21_04,20,1058
n2_HC,n2,F0.15.0.la21_04,21,1083
n2_HC,n2,F0.15.0.la21_04,22,1064
n2_HC,n2,F0.15.0.la21_04,23,1055
n2_HC,n2,F0.15.0.la21_04,24,1083
n2_HC,n2,F0.15.0.la21_04,25,1075
n2_HC,n2,F0.15.0.la21_04,26,1083
n2_HC,n2,F0.15.0.la21_04,27,1076
n2_HC,n2,F0.15.0.la21_04,28,1075
n2_HC,n2,F0.15.0.la21_04,29,1064
n2_HC,n2,F0.15.0.la21_04,30,1081
n2_HC,n2,F0.15.0.la24_03,1,956
n2_HC,n2,F0.15.0.la24_03,2,950
n2_HC,n2,F0.15.0.la24_03,3,967
n2_HC,n2,F0.15.0.la24_03,4,959
n2_HC,n2,F0.15.0.la24_03,5,956
n2_HC,n2,F0.15.0.la24_03,6,973
n2_HC,n2,F0.15.0.la24_03,7,944
n2_HC,n2,F0.15.0.la24_03,8,946
n2_HC,n2,F0.15.0.la24_03,9,953
n2_HC,n2,F0.15.0.la24_03,10,952
n2_HC,n2,F0.15.0.la24_03,11,977
n2_HC,n2,F0.15.0.la24_03,12,943
n2_HC,n2,F0.15.0.la24_03,13,957
n2_HC,n2,F0.15.0.la24_03,14,967
n2_HC,n2,F0.15.0.la24_03,15,967
n2_HC,n2,F0.15.0.la24_03,16,941
n2_HC,n2,F0.15.0.la24_03,17,970
n2_HC,n2,F0.15.0.la24_03,18,973
n2_HC,n2,F0.15.0.la24_03,19,960
n2_HC,n2,F0.15.0.la24_03,20,941
n2_HC,n2,F0.15.0.la24_03,21,957
n2_HC,n2,F0.15.0.la24_03,22,955
n2_HC,n2,F0.15.0.la24_03,23,948
n2_HC,n2,F0.15.0.la24_03,24,977
n2_HC,n2,F0.15.0.la24_03,25,978
n2_HC,n2,F0.15.0.la24_03,26,977
n2_HC,n2,F0.15.0.la24_03,27,970
n2_HC,n2,F0.15.0.la24_03,28,953
n2_HC,n2,F0.15.0.la24_03,29,969
n2_HC,n2,F0.15.0.la24_03,30,951
n2_HC,n2,F0.15.0.la25_04,1,1001
n2_HC,n2,F0.15.0.la25_04,2,1023
n2_HC,n2,F0.15.0.la25_04,3,997
n2_HC,n2,F0.15.0.la25_04,4,984
n2_HC,n2,F0.15.0.la25_04,5,1003
n2_HC,n2,F0.15.0.la25_04,6,984
n2_HC,n2,F0.15.0.la25_04,7,1004
n2_HC,n2,F0.15.0.la25_04,8,998
n2_HC,n2,F0.15.0.la25_04,9,990
n2_HC,n2,F0.15.0.la25_04,10,984
n2_HC,n2,F0.15.0.la25_04,11,994
n2_HC,n2,F0.15.0.la25_04,12,991
n2_HC,n2,F0.15.0.la25_04,13,1012
n2_HC,n2,F0.15.0.la25_04,14,1005
n2_HC,n2,F0.15.0.la25_04,15,1006
n2_HC,n2,F0.15.0.la25_04,16,986
n2_HC,n2,F0.15.0.la25_04,17,1025
n2_HC,n2,F0.15.0.la25_04,18,1011
n2_HC,n2,F0.15.0.la25_04,19,992
n2_HC,n2,F0.15.0.la25_04,20,989
n2_HC,n2,F0.15.0.la25_04,21,1001
n2_HC,n2,F0.15.0.la25_04,22,999
n2_HC,n2,F0.15.0.la25_04,23,986
n2_HC,n2,F0.15.0.la25_04,24,1011
n2_HC,n2,F0.15.0.la25_04,25,1005
n2_HC,n2,F0.15.0.la25_04,26,986
n2_HC,n2,F0.15.0.la25_04,27,993
n2_HC,n2,F0.15.0.la25_04,28,1008
n2_HC,n2,F0.15.0.la25_04,29,1007
n2_HC,n2,F0.15.0.la25_04,30,993
n2_HC,n2,F0.15.0.la27_09,1,1269
n2_HC,n2,F0.15.0.la27_09,2,1269
n2_HC,n2,F0.15.0.la27_09,3,1275
n2_HC,n2,F0.15.0.la27_09,4,1274
n2_HC,n2,F0.15.0.la27_09,5,1269
n2_HC,n2,F0.15.0.la27_09,6,1256
n2_HC,n2,F0.15.0.la27_09,7,1269
n2_HC,n2,F0.15.0.la27_09,8,1281
n2_HC,n2,F0.15.0.la27_09,9,1269
n2_HC,n2,F0.15.0.la27_09,10,1270
n2_HC,n2,F0.15.0.la27_09,11,1269
n2_HC,n2,F0.15.0.la27_09,12,1277
n2_HC,n2,F0.15.0.la27_09,13,1269
n2_HC,n2,F0.15.0.la27_09,14,1262
n2_HC,n2,F0.15.0.la27_09,15,1269
n2_HC,n2,F0.15.0.la27_09,16,1276
n2_HC,n2,F0.15.0.la27_09,17,1287
n2_HC,n2,F0.15.0.la27_09,18,1286
n2_HC,n2,F0.15.0.la27_09,19,1261
n2_HC,n2,F0.15.0.la27_09,20,1282
n2_HC,n2,F0.15.0.la27_09,21,1269
n2_HC,n2,F0.15.0.la27_09,22,1260
n2_HC,n2,F0.15.0.la27_09,23,1269
n2_HC,n2,F0.15.0.la27_09,24,1269
n2_HC,n2,F0.15.0.la27_09,25,1266
n2_HC,n2,F0.15.0.la27_09,26,1269
n2_HC,n2,F0.15.0.la27_09,27,1269
n2_HC,n2,F0.15.0.la27_09,28,1256
n2_HC,n2,F0.15.0.la27_09,29,1283
n2_HC,n2,F0.15.0.la27_09,30,1269
n2_HC,n2,F0.15.0.la29_03,1,1235
n2_HC,n2,F0.15.0.la29_03,2,1237
n2_HC,n2,F0.15.0.la29_03,3,1219
n2_HC,n2,F0.15.0.la29_03,4,1214
n2_HC,n2,F0.15.0.la29_03,5,1234
n2_HC,n2,F0.15.0.la29_03,6,1217
n2_HC,n2,F0.15.0.la29_03,7,1197
n2_HC,n2,F0.15.0.la29_03,8,1204
n2_HC,n2,F0.15.0.la29_03,9,1212
n2_HC,n2,F0.15.0.la29_03,10,1210
n2_HC,n2,F0.15.0.la29_03,11,1216
n2_HC,n2,F0.15.0.la29_03,12,1201
n2_HC,n2,F0.15.0.la29_03,13,1235
n2_HC,n2,F0.15.0.la29_03,14,1234
n2_HC,n2,F0.15.0.la29_03,15,1226
n2_HC,n2,F0.15.0.la29_03,16,1237
n2_HC,n2,F0.15.0.la29_03,17,1260
n2_HC,n2,F0.15.0.la29_03,18,1223
n2_HC,n2,F0.15.0.la29_03,19,1242
n2_HC,n2,F0.15.0.la29_03,20,1239
n2_HC,n2,F0.15.0.la29_03,21,1209
n2_HC,n2,F0.15.0.la29_03,22,1220
n2_HC,n2,F0.15.0.la29_03,23,1206
n2_HC,n2,F0.15.0.la29_03,24,1203
n2_HC,n2,F0.15.0.la29_03,25,1219
n2_HC,n2,F0.15.0.la29_03,26,1201
n2_HC,n2,F0.15.0.la29_03,27,1205
n2_HC,n2,F0.15.0.la29_03,28,1226
n2_HC,n2,F0.15.0.la29_03,29,1196
n2_HC,n2,F0.15.0.la29_03,30,1236
n2_HC,n2,F0.15.0.la38_06,1,1237
n2_HC,n2,F0.15.0.la38_06,2,1255
n2_HC,n2,F0.15.0.la38_06,3,1243
n2_HC,n2,F0.15.0.la38_06,4,1226
n2_HC,n2,F0.15.0.la38_06,5,1279
n2_HC,n2,F0.15.0.la38_06,6,1245
n2_HC,n2,F0.15.0.la38_06,7,1251
n2_HC,n2,F0.15.0.la38_06,8,1254
n2_HC,n2,F0.15.0.la38_06,9,1239
n2_HC,n2,F0.15.0.la38_06,10,1219
n2_HC,n2,F0.15.0.la38_06,11,1243
n2_HC,n2,F0.15.0.la38_06,12,1251
n2_HC,n2,F0.15.0.la38_06,13,1250
n2_HC,n2,F0.15.0.la38_06,14,1265
n2_HC,n2,F0.15.0.la38_06,15,1267
n2_HC,n2,F0.15.0.la38_06,16,1266
n2_HC,n2,F0.15.0.la38_06,17,1259
n2_HC,n2,F0.15.0.la38_06,18,1233
n2_HC,n2,F0.15.0.la38_06,19,1228
n2_HC,n2,F0.15.0.la38_06,20,1251
n2_HC,n2,F0.15.0.la38_06,21,1260
n2_HC,n2,F0.15.0.la38_06,22,1240
n2_HC,n2,F0.15.0.la38_06,23,1234
n2_HC,n2,F0.15.0.la38_06,24,1246
n2_HC,n2,F0.15.0.la38_06,25,1272
n2_HC,n2,F0.15.0.la38_06,26,1267
n2_HC,n2,F0.15.0.la38_06,27,1239
n2_HC,n2,F0.15.0.la38_06,28,1253
n2_HC,n2,F0.15.0.la38_06,29,1239
n2_HC,n2,F0.15.0.la38_06,30,1263
n2_HC,n2,F0.15.0.la40_05,1,1252
n2_HC,n2,F0.15.0.la40_05,2,1269
n2_HC,n2,F0.15.0.la40_05,3,1252
n2_HC,n2,F0.15.0.la40_05,4,1239
n2_HC,n2,F0.15.0.la40_05,5,1256
n2_HC,n2,F0.15.0.la40_05,6,1252
n2_HC,n2,F0.15.0.la40_05,7,1252
n2_HC,n2,F0.15.0.la40_05,8,1252
n2_HC,n2,F0.15.0.la40_05,9,1252
n2_HC,n2,F0.15.0.la40_05,10,1267
n2_HC,n2,F0.15.0.la40_05,11,1266
n2_HC,n2,F0.15.0.la40_05,12,1252
n2_HC,n2,F0.15.0.la40_05,13,1269
n2_HC,n2,F0.15.0.la40_05,14,1246
n2_HC,n2,F0.15.0.la40_05,15,1252
n2_HC,n2,F0.15.0.la40_05,16,1252
n2_HC,n2,F0.15.0.la40_05,17,1269
n2_HC,n2,F0.15.0.la40_05,18,1241
n2_HC,n2,F0.15.0.la40_05,19,1245
n2_HC,n2,F0.15.0.la40_05,20,1269
n2_HC,n2,F0.15.0.la40_05,21,1269
n2_HC,n2,F0.15.0.la40_05,22,1252
n2_HC,n2,F0.15.0.la40_05,23,1252
n2_HC,n2,F0.15.0.la40_05,24,1250
n2_HC,n2,F0.15.0.la40_05,25,1260
n2_HC,n2,F0.15.0.la40_05,26,1246
n2_HC,n2,F0.15.0.la40_05,27,1269
n2_HC,n2,F0.15.0.la40_05,28,1252
n2_HC,n2,F0.15.0.la40_05,29,1249
n2_HC,n2,F0.15.0.la40_05,30,1269
n2_HC,n2,tai15_15_01.F.15_01,1,1258
n2_HC,n2,tai15_15_01.F.15_01,2,1286
n2_HC,n2,tai15_15_01.F.15_01,3,1282
n2_HC,n2,tai15_15_01.F.15_01,4,1263
n2_HC,n2,tai15_15_01.F.15_01,5,1303
n2_HC,n2,tai15_15_01.F.15_01,6,1274
n2_HC,n2,tai15_15_01.F.15_01,7,1288
n2_HC,n2,tai15_15_01.F.15_01,8,1286
n2_HC,n2,tai15_15_01.F.15_01,9,1283
n2_HC,n2,tai15_15_01.F.15_01,10,1260
n2_HC,n2,tai15_15_01.F.15_01,11,1282
n2_HC,n2,tai15_15_01.F.15_01,12,1262
n2_HC,n2,tai15_15_01.F.15_01,13,1283
n2_HC,n2,tai15_15_01.F.15_01,14,1286
n2_HC,n2,tai15_15_01.F.15_01,15,1254
n2_HC,n2,tai15_15_01.F.15_01,16,1264
n2_HC,n2,tai15_15_01.F.15_01,17,1280
n2_HC,n2,tai15_15_01.F.15_01,18,1288
n2_HC,n2,tai15_15_01.F.15_01,19,1281
n2_HC,n2,tai15_15_01.F.15_01,20,1282
n2_HC,n2,tai15_15_01.F.15_01,21,1262
n2_HC,n2,tai15_15_01.F.15_01,22,1286
n2_HC,n2,tai15_15_01.F.15_01,23,1291
n2_HC,n2,tai15_15_01.F.15_01,24,1288
n2_HC,n2,tai15_15_01.F.15_01,25,1289
n2_HC,n2,tai15_15_01.F.15_01,26,1295
n2_HC,n2,tai15_15_01.F.15_01,27,1262
n2_HC,n2,tai15_15_01.F.15_01,28,1288
n2_HC,n2,tai15_15_01.F.15_01,29,1288
n2_HC,n2,tai15_15_01.F.15_01,30,1286
n2_HC,n2,tai15_15_02.F.15_01,1,1274
n2_HC,n2,tai15_15_02.F.15_01,2,1278
n2_HC,n2,tai15_15_02.F.15_01,3,1267
n2_HC,n2,tai15_15_02.F.15_01,4,1269
n2_HC,n2,tai15_15_02.F.15_01,5,1270
n2_HC,n2,tai15_15_02.F.15_01,6,1261
n2_HC,n2,tai15_15_02.F.15_01,7,1270
n2_HC,n2,tai15_15_02.F.15_01,8,1280
n2_HC,n2,tai15_15_02.F.15_01,9,1269
n2_HC,n2,tai15_15_02.F.15_01,10,1269
n2_HC,n2,tai15_15_02.F.15_01,11,1283
n2_HC,n2,tai15_15_02.F.15_01,12,1277
n2_HC,n2,tai15_15_02.F.15_01,13,1278
n2_HC,n2,tai15_15_02.F.15_01,14,1278
n2_HC,n2,tai15_15_02.F.15_01,15,1262
n2_HC,n2,tai15_15_02.F.15_01,16,1269
n2_HC,n2,tai15_15_02.F.15_01,17,1272
n2_HC,n2,tai15_15_02.F.15_01,18,1272
n2_HC,n2,tai15_15_02.F.15_01,19,1278
n2_HC,n2,tai15_15_02.F.15_01,20,1276
n2_HC,n2,tai15_15_02.F.15_01,21,1281
n2_HC,n2,tai15_15_02.F.15_01,22,1278
n2_HC,n2,tai15_15_02.F.15_01,23,1270
n2_HC,n2,tai15_15_02.F.15_01,24,1278
n2_HC,n2,tai15_15_02.F.15_01,25,1271
n2_HC,n2,tai15_15_02.F.15_01,26,1269
n2_HC,n2,tai15_15_02.F.15_01,27,1269
n2_HC,n2,tai15_15_02.F.15_01,28,1278
n2_HC,n2,tai15_15_02.F.15_01,29,1269
n2_HC,n2,tai15_15_02.F.15_01,30,1278
n2_HC,n2,tai15_15_03.F.15_01,1,1265
n2_HC,n2,tai15_15_03.F.15_01,2,1248
n2_HC,n2,tai15_15_03.F.15_01,3,1247
n2_HC,n2,tai15_15_03.F.15_01,4,1251
n2_HC,n2,tai15_15_03.F.15_01,5,1264
n2_HC,n2,tai15_15_03.F.15_01,6,1253
n2_HC,n2,tai15_15_03.F.15_01,7,1259
n2_HC,n2,tai15_15_03.F.15_01,8,1267
n2_HC,n2,tai15_15_03.F.15_01,9,1253
n2_HC,n2,tai15_15_03.F.15_01,10,1259
n2_HC,n2,tai15_15_03.F.15_01,11,1235
n2_HC,n2,tai15_15_03.F.15_01,12,1266
n2_HC,n2,tai15_15_03.F.15_01,13,1287
n2_HC,n2,tai15_15_03.F.15_01,14,1269
n2_HC,n2,tai15_15_03.F.15_01,15,1270
n2_HC,n2,tai15_15_03.F.15_01,16,1246
n2_HC,n2,tai15_15_03.F.15_01,17,1262
n2_HC,n2,tai15_15_03.F.15_01,18,1269
n2_HC,n2,tai15_15_03.F.15_01,19,1260
n2_HC,n2,tai15_15_03.F.15_01,20,1252
n2_HC,n2,tai15_15_03.F.15_01,21,1268
n2_HC,n2,tai15_15_03.F.15_01,22,1271
n2_HC,n2,tai15_15_03.F.15_01,23,1262
n2_HC,n2,tai15_15_03.F.15_01,24,1257
n2_HC,n2,tai15_15_03.F.15_01,25,1254
n2_HC,n2,tai15_15_03.F.15_01,26,1252
n2_HC,n2,tai15_15_03.F.15_01,27,1262
n2_HC,n2,tai15_15_03.F.15_01,28,1272
n2_HC,n2,tai15_15_03.F.15_01,29,1273
n2_HC,n2,tai15_15_03.F.15_01,30,1254
n2_HC,n2,tai15_15_04.F.15_01,1,1236
n2_HC,n2,tai15_15_04.F.15_01,2,1232
n2_HC,n2,tai15_15_04.F.15_01,3,1232
n2_HC,n2,tai15_15_04.F.15_01,4,1209
n2_HC,n2,tai15_15_04.F.15_01,5,1222
n2_HC,n2,tai15_15_04.F.15_01,6,1239
n2_HC,n2,tai15_15_04.F.15_01,7,1221
n2_HC,n2,tai15_15_04.F.15_01,8,1234
n2_HC,n2,tai15_15_04.F.15_01,9,1232
n2_HC,n2,tai15_15_04.F.15_01,10,1225
n2_HC,n2,tai15_15_04.F.15_01,11,1227
n2_HC,n2,tai15_15_04.F.15_01,12,1208
n2_HC,n2,tai15_15_04.F.15_01,13,1233
n2_HC,n2,tai15_15_04.F.15_01,14,1205
n2_HC,n2,tai15_15_04.F.15_01,15,1219
n2_HC,n2,tai15_15_04.F.15_01,16,1221
n2_HC,n2,tai15_15_04.F.15_01,17,1189
n2_HC,n2,tai15_15_04.F.15_01,18,1212
n2_HC,n2,tai15_15_04.F.15_01,19,1224
n2_HC,n2,tai15_15_04.F.15_01,20,1242
n2_HC,n2,tai15_15_04.F.15_01,21,1211
n2_HC,n2,tai15_15_04.F.15_01,22,1234
n2_HC,n2,tai15_15_04.F.15_01,23,1224
n2_HC,n2,tai15_15_04.F.15_01,24,1222
n2_HC,n2,tai15_15_04.F.15_01,25,1207
n2_HC,n2,tai15_15_04.F.15_01,26,1203
n2_HC,n2,tai15_15_04.F.15_01,27,1230
n2_HC,n2,tai15_15_04.F.15_01,28,1194
n2_HC,n2,tai15_15_04.F.15_01,29,1221
n2_HC,n2,tai15_15_04.F.15_01,30,1195
n2_HC,n2,tai15_15_05.F.15_01,1,1264
n2_HC,n2,tai15_15_05.F.15_01,2,1268
n2_HC,n2,tai15_15_05.F.15_01,3,1257
n2_HC,n2,tai15_15_05.F.15_01,4,1242
n2_HC,n2,tai15_15_05.F.15_01,5,1253
n2_HC,n2,tai15_15_05.F.15_01,6,1254
n2_HC,n2,tai15_15_05.F.15_01,7,1269
n2_HC,n2,tai15_15_05.F.15_01,8,1269
n2_HC,n2,tai15_15_05.F.15_01,9,1254
n2_HC,n2,tai15_15_05.F.15_01,10,1244
n2_HC,n2,tai15_15_05.F.15_01,11,1246
n2_HC,n2,tai15_15_05.F.15_01,12,1254
n2_HC,n2,tai15_15_05.F.15_01,13,1269
n2_HC,n2,tai15_15_05.F.15_01,14,1245
n2_HC,n2,tai15_15_05.F.15_01,15,1266
n2_HC,n2,tai15_15_05.F.15_01,16,1248
n2_HC,n2,tai15_15_05.F.15_01,17,1269
n2_HC,n2,tai15_15_05.F.15_01,18,1257
n2_HC,n2,tai15_15_05.F.15_01,19,1251
n2_HC,n2,tai15_15_05.F.15_01,20,1248
n2_HC,n2,tai15_15_05.F.15_01,21,1257
n2_HC,n2,tai15_15_05.F.15_01,22,1262
n2_HC,n2,tai15_15_05.F.15_01,23,1263
n2_HC,n2,tai15_15_05.F.15_01,24,1254
n2_HC,n2,tai15_15_05.F.15_01,25,1269
n2_HC,n2,tai15_15_05.F.15_01,26,1259
n2_HC,n2,tai15_15_05.F.15_01,27,1246
n2_HC,n2,tai15_15_05.F.15_01,28,1271
n2_HC,n2,tai15_15_05.F.15_01,29,1245
n2_HC,n2,tai15_15_05.F.15_01,30,1244
n2_HC,n2,tai15_15_06.F.15_01,1,1271
n2_HC,n2,tai15_15_06.F.15_01,2,1273
n2_HC,n2,tai15_15_06.F.15_01,3,1265
n2_HC,n2,tai15_15_06.F.15_01,4,1293
n2_HC,n2,tai15_15_06.F.15_01,5,1282
n2_HC,n2,tai15_15_06.F.15_01,6,1278
n2_HC,n2,tai15_15_06.F.15_01,7,1273
n2_HC,n2,tai15_15_06.F.15_01,8,1273
n2_HC,n2,tai15_15_06.F.15_01,9,1273
n2_HC,n2,tai15_15_06.F.15_01,10,1273
n2_HC,n2,tai15_15_06.F.15_01,11,1277
n2_HC,n2,tai15_15_06.F.15_01,12,1284
n2_HC,n2,tai15_15_06.F.15_01,13,1297
n2_HC,n2,tai15_15_06.F.15_01,14,1285
n2_HC,n2,tai15_15_06.F.15_01,15,1265
n2_HC,n2,tai15_15_06.F.15_01,16,1268
n2_HC,n2,tai15_15_06.F.15_01,17,1274
n2_HC,n2,tai15_15_06.F.15_01,18,1288
n2_HC,n2,tai15_15_06.F.15_01,19,1281
n2_HC,n2,tai15_15_06.F.15_01,20,1274
n2_HC,n2,tai15_15_06.F.15_01,21,1278
n2_HC,n2,tai15_15_06.F.15_01,22,1283
n2_HC,n2,tai15_15_06.F.15_01,23,1272
n2_HC,n2,tai15_15_06.F.15_01,24,1275
n2_HC,n2,tai15_15_06.F.15_01,25,1279
n2_HC,n2,tai15_15_06.F.15_01,26,1284
n2_HC,n2,tai15_15_06.F.15_01,27,1273
n2_HC,n2,tai15_15_06.F.15_01,28,1273
n2_HC,n2,tai15_15_06.F.15_01,29,1286
n2_HC,n2,tai15_15_06.F.15_01,30,1273
n2_HC,n2,tai15_15_07.F.15_01,1,1258
n2_HC,n2,tai15_15_07.F.15_01,2,1253
n2_HC,n2,tai15_15_07.F.15_01,3,1298
n2_HC,n2,tai15_15_07.F.15_01,4,1259
n2_HC,n2,tai15_15_07.F.15_01,5,1279
n2_HC,n2,tai15_15_07.F.15_01,6,1253
n2_HC,n2,tai15_15_07.F.15_01,7,1250
n2_HC,n2,tai15_15_07.F.15_01,8,1259
n2_HC,n2,tai15_15_07.F.15_01,9,1259
n2_HC,n2,tai15_15_07.F.15_01,10,1270
n2_HC,n2,tai15_15_07.F.15_01,11,1249
n2_HC,n2,tai15_15_07.F.15_01,12,1270
n2_HC,n2,tai15_15_07.F.15_01,13,1259
n2_HC,n2,tai15_15_07.F.15_01,14,1258
n2_HC,n2,tai15_15_07.F.15_01,15,1265
n2_HC,n2,tai15_15_07.F.15_01,16,1261
n2_HC,n2,tai15_15_07.F.15_01,17,1269
n2_HC,n2,tai15_15_07.F.15_01,18,1253
n2_HC,n2,tai15_15_07.F.15_01,19,1249
n2_HC,n2,tai15_15_07.F.15_01,20,1249
n2_HC,n2,tai15_15_07.F.15_01,21,1256
n2_HC,n2,tai15_15_07.F.15_01,22,1266
n2_HC,n2,tai15_15_07.F.15_01,23,1260
n2_HC,n2,tai15_15_07.F.15_01,24,1251
n2_HC,n2,tai15_15_07.F.15_01,25,1260
n2_HC,n2,tai15_15_07.F.15_01,26,1254
n2_HC,n2,tai15_15_07.F.15_01,27,1249
n2_HC,n2,tai15_15_07.F.15_01,28,1256
n2_HC,n2,tai15_15_07.F.15_01,29,1256
n2_HC,n2,tai15_15_07.F.15_01,30,1265
n2_HC,n2,tai15_15_08.F.15_01,1,1230
n2_HC,n2,tai15_15_08.F.15_01,2,1245
n2_HC,n2,tai15_15_08.F.15_01,3,1229
n2_HC,n2,tai15_15_08.F.15_01,4,1222
n2_HC,n2,tai15_15_08.F.15_01,5,1227
n2_HC,n2,tai15_15_08.F.15_01,6,1222
n2_HC,n2,tai15_15_08.F.15_01,7,1259
n2_HC,n2,tai15_15_08.F.15_01,8,1229
n2_HC,n2,tai15_15_08.F.15_01,9,1246
n2_HC,n2,tai15_15_08.F.15_01,10,1218
n2_HC,n2,tai15_15_08.F.15_01,11,1229
n2_HC,n2,tai15_15_08.F.15_01,12,1218
n2_HC,n2,tai15_15_08.F.15_01,13,1238
n2_HC,n2,tai15_15_08.F.15_01,14,1229
n2_HC,n2,tai15_15_08.F.15_01,15,1218
n2_HC,n2,tai15_15_08.F.15_01,16,1222
n2_HC,n2,tai15_15_08.F.15_01,17,1273
n2_HC,n2,tai15_15_08.F.15_01,18,1268
n2_HC,n2,tai15_15_08.F.15_01,19,1239
n2_HC,n2,tai15_15_08.F.15_01,20,1230
n2_HC,n2,tai15_15_08.F.15_01,21,1250
n2_HC,n2,tai15_15_08.F.15_01,22,1229
n2_HC,n2,tai15_15_08.F.15_01,23,1263
n2_HC,n2,tai15_15_08.F.15_01,24,1234
n2_HC,n2,tai15_15_08.F.15_01,25,1240
n2_HC,n2,tai15_15_08.F.15_01,26,1270
n2_HC,n2,tai15_15_08.F.15_01,27,1241
n2_HC,n2,tai15_15_08.F.15_01,28,1227
n2_HC,n2,tai15_15_08.F.15_01,29,1229
n2_HC,n2,tai15_15_08.F.15_01,30,1218
n2_HC,n2,tai15_15_09.F.15_01,1,1327
n2_HC,n2,tai15_15_09.F.15_01,2,1345
n2_HC,n2,tai15_15_09.F.15_01,3,1322
n2_HC,n2,tai15_15_09.F.15_01,4,1340
n2_HC,n2,tai15_15_09.F.15_01,5,1324
n2_HC,n2,tai15_15_09.F.15_01,6,1320
n2_HC,n2,tai15_15_09.F.15_01,7,1308
n2_HC,n2,tai15_15_09.F.15_01,8,1322
n2_HC,n2,tai15_15_09.F.15_01,9,1343
n2_HC,n2,tai15_15_09.F.15_01,10,1385
n2_HC,n2,tai15_15_09.F.15_01,11,1326
n2_HC,n2,tai15_15_09.F.15_01,12,1306
n2_HC,n2,tai15_15_09.F.15_01,13,1329
n2_HC,n2,tai15_15_09.F.15_01,14,1329
n2_HC,n2,tai15_15_09.F.15_01,15,1320
n2_HC,n2,tai15_15_09.F.15_01,16,1305
n2_HC,n2,tai15_15_09.F.15_01,17,1319
n2_HC,n2,tai15_15_09.F.15_01,18,1305
n2_HC,n2,tai15_15_09.F.15_01,19,1342
n2_HC,n2,tai15_15_09.F.15_01,20,1327
n2_HC,n2,tai15_15_09.F.15_01,21,1305
n2_HC,n2,tai15_15_09.F.15_01,22,1305
n2_HC,n2,tai15_15_09.F.15_01,23,1344
n2_HC,n2,tai15_15_09.F.15_01,24,1305
n2_HC,n2,tai15_15_09.F.15_01,25,1338
n2_HC,n2,tai15_15_09.F.15_01,26,1320
n2_HC,n2,tai15_15_09.F.15_01,27,1305
n2_HC,n2,tai15_15_09.F.15_01,28,1347
n2_HC,n2,tai15_15_09.F.15_01,29,1344
n2_HC,n2,tai15_15_09.F.15_01,30,1331
n2_HC,n2,tai15_15_10.F.15_01,1,1289
n2_HC,n2,tai15_15_10.F.15_01,2,1299
n2_HC,n2,tai15_15_10.F.15_01,3,1279
n2_HC,n2,tai15_15_10.F.15_01,4,1299
n2_HC,n2,tai15_15_10.F.15_01,5,1294
n2_HC,n2,tai15_15_10.F.15_01,6,1293
n2_HC,n2,tai15_15_10.F.15_01,7,1282
n2_HC,n2,tai15_15_10.F.15_01,8,1304
n2_HC,n2,tai15_15_10.F.15_01,9,1306
n2_HC,n2,tai15_15_10.F.15_01,10,1295
n2_HC,n2,tai15_15_10.F.15_01,11,1279
n2_HC,n2,tai15_15_10.F.15_01,12,1295
n2_HC,n2,tai15_15_10.F.15_01,13,1282
n2_HC,n2,tai15_15_10.F.15_01,14,1313
n2_HC,n2,tai15_15_10.F.15_01,15,1291
n2_HC,n2,tai15_15_10.F.15_01,16,1299
n2_HC,n2,tai15_15_10.F.15_01,17,1302
n2_HC,n2,tai15_15_10.F.15_01,18,1289
n2_HC,n2,tai15_15_10.F.15_01,19,1294
n2_HC,n2,tai15_15_10.F.15_01,20,1307
n2_HC,n2,tai15_15_10.F.15_01,21,1311
n2_HC,n2,tai15_15_10.F.15_01,22,1302
n2_HC,n2,tai15_15_10.F.15_01,23,1298
n2_HC,n2,tai15_15_10.F.15_01,24,1297
n2_HC,n2,tai15_15_10.F.15_01,25,1291
n2_HC,n2,tai15_15_10.F.15_01,26,1295
n2_HC,n2,tai15_15_10.F.15_01,27,1297
n2_HC,n2,tai15_15_10.F.15_01,28,1282
n2_HC,n2,tai15_15_10.F.15_01,29,1299
n2_HC,n2,tai15_15_10.F.15_01,30,1308
n2_HC,n2,tai20_15_01.F.15_01,1,1426
n2_HC,n2,tai20_15_01.F.15_01,2,1476
n2_HC,n2,tai20_15_01.F.15_01,3,1449
n2_HC,n2,tai20_15_01.F.15_01,4,1434
n2_HC,n2,tai20_15_01.F.15_01,5,1437
n2_HC,n2,tai20_15_01.F.15_01,6,1419
n2_HC,n2,tai20_15_01.F.15_01,7,1438
n2_HC,n2,tai20_15_01.F.15_01,8,1451
n2_HC,n2,tai20_15_01.F.15_01,9,1441
n2_HC,n2,tai20_15_01.F.15_01,10,1433
n2_HC,n2,tai20_15_01.F.15_01,11,1431
n2_HC,n2,tai20_15_01.F.15_01,12,1427
n2_HC,n2,tai20_15_01.F.15_01,13,1420
n2_HC,n2,tai20_15_01.F.15_01,14,1454
n2_HC,n2,tai20_15_01.F.15_01,15,1437
n2_HC,n2,tai20_15_01.F.15_01,16,1412
n2_HC,n2,tai20_15_01.F.15_01,17,1420
n2_HC,n2,tai20_15_01.F.15_01,18,1467
n2_HC,n2,tai20_15_01.F.15_01,19,1413
n2_HC,n2,tai20_15_01.F.15_01,20,1468
n2_HC,n2,tai20_15_01.F.15_01,21,1445
n2_HC,n2,tai20_15_01.F.15_01,22,1444
n2_HC,n2,tai20_15_01.F.15_01,23,1430
n2_HC,n2,tai20_15_01.F.15_01,24,1410
n2_HC,n2,tai20_15_01.F.15_01,25,1455
n2_HC,n2,tai20_15_01.F.15_01,26,1472
n2_HC,n2,tai20_15_01.F.15_01,27,1456
n2_HC,n2,tai20_15_01.F.15_01,28,1430
n2_HC,n2,tai20_15_01.F.15_01,29,1466
n2_HC,n2,tai20_15_01.F.15_01,30,1456
n2_HC,n2,tai20_15_02.F.15_01,1,1393
n2_HC,n2,tai20_15_02.F.15_01,2,1411
n2_HC,n2,tai20_15_02.F.15_01,3,1429
n2_HC,n2,tai20_15_02.F.15_01,4,1424
n2_HC,n2,tai20_15_02.F.15_01,5,1423
n2_HC,n2,tai20_15_02.F.15_01,6,1429
n2_HC,n2,tai20_15_02.F.15_01,7,1412
n2_HC,n2,tai20_15_02.F.15_01,8,1429
n2_HC,n2,tai20_15_02.F.15_01,9,1414
n2_HC,n2,tai20_15_02.F.15_01,10,1392
n2_HC,n2,tai20_15_02.F.15_01,11,1437
n2_HC,n2,tai20_15_02.F.15_01,12,1418
n2_HC,n2,tai20_15_02.F.15_01,13,1412
n2_HC,n2,tai20_15_02.F.15_01,14,1435
n2_HC,n2,tai20_15_02.F.15_01,15,1394
n2_HC,n2,tai20_15_02.F.15_01,16,1409
n2_HC,n2,tai20_15_02.F.15_01,17,1436
n2_HC,n2,tai20_15_02.F.15_01,18,1426
n2_HC,n2,tai20_15_02.F.15_01,19,1409
n2_HC,n2,tai20_15_02.F.15_01,20,1431
n2_HC,n2,tai20_15_02.F.15_01,21,1423
n2_HC,n2,tai20_15_02.F.15_01,22,1413
n2_HC,n2,tai20_15_02.F.15_01,23,1409
n2_HC,n2,tai20_15_02.F.15_01,24,1424
n2_HC,n2,tai20_15_02.F.15_01,25,1432
n2_HC,n2,tai20_15_02.F.15_01,26,1435
n2_HC,n2,tai20_15_02.F.15_01,27,1399
n2_HC,n2,tai20_15_02.F.15_01,28,1431
n2_HC,n2,tai20_15_02.F.15_01,29,1437
n2_HC,n2,tai20_15_02.F.15_01,30,1406
n2_HC,n2,tai20_15_03.F.15_01,1,1413
n2_HC,n2,tai20_15_03.F.15_01,2,1419
n2_HC,n2,tai20_15_03.F.15_01,3,1457
n2_HC,n2,tai20_15_03.F.15_01,4,1429
n2_HC,n2,tai20_15_03.F.15_01,5,1397
n2_HC,n2,tai20_15_03.F.15_01,6,1409
n2_HC,n2,tai20_15_03.F.15_01,7,1420
n2_HC,n2,tai20_15_03.F.15_01,8,1425
n2_HC,n2,tai20_15_03.F.15_01,9,1417
n2_HC,n2,tai20_15_03.F.15_01,10,1423
n2_HC,n2,tai20_15_03.F.15_01,11,1423
n2_HC,n2,tai20_15_03.F.15_01,12,1420
n2_HC,n2,tai20_15_03.F.15_01,13,1420
n2_HC,n2,tai20_15_03.F.15_01,14,1418
n2_HC,n2,tai20_15_03.F.15_01,15,1404
n2_HC,n2,tai20_15_03.F.15_01,16,1449
n2_HC,n2,tai20_15_03.F.15_01,17,1405
n2_HC,n2,tai20_15_03.F.15_01,18,1426
n2_HC,n2,tai20_15_03.F.15_01,19,1423
n2_HC,n2,tai20_15_03.F.15_01,20,1427
n2_HC,n2,tai20_15_03.F.15_01,21,1428
n2_HC,n2,tai20_15_03.F.15_01,22,1418
n2_HC,n2,tai20_15_03.F.15_01,23,1415
n2_HC,n2,tai20_15_03.F.15_01,24,1422
n2_HC,n2,tai20_15_03.F.15_01,25,1425
n2_HC,n2,tai20_15_03.F.15_01,26,1432
n2_HC,n2,tai20_15_03.F.15_01,27,1422
n2_HC,n2,tai20_15_03.F.15_01,28,1424
n2_HC,n2,tai20_15_03.F.15_01,29,1404
n2_HC,n2,tai20_15_03.F.15_01,30,1454
n2_HC,n2,tai20_15_04.F.15_01,1,1372
n2_HC,n2,tai20_15_04.F.15_01,2,1390
n2_HC,n2,tai20_15_04.F.15_01,3,1383
n2_HC,n2,tai20_15_04.F.15_01,4,1373
n2_HC,n2,tai20_15_04.F.15_01,5,1365
n2_HC,n2,tai20_15_04.F.15_01,6,1376
n2_HC,n2,tai20_15_04.F.15_01,7,1366
n2_HC,n2,tai20_15_04.F.15_01,8,1372
n2_HC,n2,tai20_15_04.F.15_01,9,1379
n2_HC,n2,tai20_15_04.F.15_01,10,1395
n2_HC,n2,tai20_15_04.F.15_01,11,1370
n2_HC,n2,tai20_15_04.F.15_01,12,1373
n2_HC,n2,tai20_15_04.F.15_01,13,1370
n2_HC,n2,tai20_15_04.F.15_01,14,1390
n2_HC,n2,tai20_15_04.F.15_01,15,1390
n2_HC,n2,tai20_15_04.F.15_01,16,1370
n2_HC,n2,tai20_15_04.F.15_01,17,1390
n2_HC,n2,tai20_15_04.F.15_01,18,1374
n2_HC,n2,tai20_15_04.F.15_01,19,1366
n2_HC,n2,tai20_15_04.F.15_01,20,1389
n2_HC,n2,tai20_15_04.F.15_01,21,1365
n2_HC,n2,tai20_15_04.F.15_01,22,1365
n2_HC,n2,tai20_15_04.F.15_01,23,1368
n2_HC,n2,tai20_15_04.F.15_01,24,1389
n2_HC,n2,tai20_15_04.F.15_01,25,1390
n2_HC,n2,tai20_15_04.F.15_01,26,1397
n2_HC,n2,tai20_15_04.F.15_01,27,1365
n2_HC,n2,tai20_15_04.F.15_01,28,1380
n2_HC,n2,tai20_15_04.F.15_01,29,1403
n2_HC,n2,tai20_15_04.F.15_01,30,1370
n2_HC,n2,tai20_15_05.F.15_01,1,1411
n2_HC,n2,tai20_15_05.F.15_01,2,1420
n2_HC,n2,tai20_15_05.F.15_01,3,1394
n2_HC,n2,tai20_15_05.F.15_01,4,1402
n2_HC,n2,tai20_15_05.F.15_01,5,1432
n2_HC,n2,tai20_15_05.F.15_01,6,1397
n2_HC,n2,tai20_15_05.F.15_01,7,1411
n2_HC,n2,tai20_15_05.F.15_01,8,1417
n2_HC,n2,tai20_15_05.F.15_01,9,1411
n2_HC,n2,tai20_15_05.F.15_01,10,1402
n2_HC,n2,tai20_15_05.F.15_01,11,1411
n2_HC,n2,tai20_15_05.F.15_01,12,1401
n2_HC,n2,tai20_15_05.F.15_01,13,1414
n2_HC,n2,tai20_15_05.F.15_01,14,1435
n2_HC,n2,tai20_15_05.F.15_01,15,1452
n2_HC,n2,tai20_15_05.F.15_01,16,1432
n2_HC,n2,tai20_15_05.F.15_01,17,1394
n2_HC,n2,tai20_15_05.F.15_01,18,1389
n2_HC,n2,tai20_15_05.F.15_01,19,1417
n2_HC,n2,tai20_15_05.F.15_01,20,1399
n2_HC,n2,tai20_15_05.F.15_01,21,1397
n2_HC,n2,tai20_15_05.F.15_01,22,1405
n2_HC,n2,tai20_15_05.F.15_01,23,1402
n2_HC,n2,tai20_15_05.F.15_01,24,1413
n2_HC,n2,tai20_15_05.F.15_01,25,1394
n2_HC,n2,tai20_15_05.F.15_01,26,1416
n2_HC,n2,tai20_15_05.F.15_01,27,1415
n2_HC,n2,tai20_15_05.F.15_01,28,1437
n2_HC,n2,tai20_15_05.F.15_01,29,1417
n2_HC,n2,tai20_15_05.F.15_01,30,1395
n2_HC,n2,tai20_15_06.F.15_01,1,1454
n2_HC,n2,tai20_15_06.F.15_01,2,1447
n2_HC,n2,tai20_15_06.F.15_01,3,1436
n2_HC,n2,tai20_15_06.F.15_01,4,1450
n2_HC,n2,tai20_15_06.F.15_01,5,1464
n2_HC,n2,tai20_15_06.F.15_01,6,1427
n2_HC,n2,tai20_15_06.F.15_01,7,1403
n2_HC,n2,tai20_15_06.F.15_01,8,1466
n2_HC,n2,tai20_15_06.F.15_01,9,1438
n2_HC,n2,tai20_15_06.F.15_01,10,1443
n2_HC,n2,tai20_15_06.F.15_01,11,1449
n2_HC,n2,tai20_15_06.F.15_01,12,1438
n2_HC,n2,tai20_15_06.F.15_01,13,1474
n2_HC,n2,tai20_15_06.F.15_01,14,1450
n2_HC,n2,tai20_15_06.F.15_01,15,1414
n2_HC,n2,tai20_15_06.F.15_01,16,1420
n2_HC,n2,tai20_15_06.F.15_01,17,1454
n2_HC,n2,tai20_15_06.F.15_01,18,1439
n2_HC,n2,tai20_15_06.F.15_01,19,1461
n2_HC,n2,tai20_15_06.F.15_01,20,1438
n2_HC,n2,tai20_15_06.F.15_01,21,1455
n2_HC,n2,tai20_15_06.F.15_01,22,1442
n2_HC,n2,tai20_15_06.F.15_01,23,1458
n2_HC,n2,tai20_15_06.F.15_01,24,1478
n2_HC,n2,tai20_15_06.F.15_01,25,1431
n2_HC,n2,tai20_15_06.F.15_01,26,1458
n2_HC,n2,tai20_15_06.F.15_01,27,1445
n2_HC,n2,tai20_15_06.F.15_01,28,1424
n2_HC,n2,tai20_15_06.F.15_01,29,1425
n2_HC,n2,tai20_15_06.F.15_01,30,1442
n2_HC,n2,tai20_15_07.F.15_01,1,1585
n2_HC,n2,tai20_15_07.F.15_01,2,1526
n2_HC,n2,tai20_15_07.F.15_01,3,1522
n2_HC,n2,tai20_15_07.F.15_01,4,1566
n2_HC,n2,tai20_15_07.F.15_01,5,1545
n2_HC,n2,tai20_15_07.F.15_01,6,1557
n2_HC,n2,tai20_15_07.F.15_01,7,1518
n2_HC,n2,tai20_15_07.F.15_01,8,1532
n2_HC,n2,tai20_15_07.F.15_01,9,1536
n2_HC,n2,tai20_15_07.F.15_01,10,1565
n2_HC,n2,tai20_15_07.F.15_01,11,1572
n2_HC,n2,tai20_15_07.F.15_01,12,1570
n2_HC,n2,tai20_15_07.F.15_01,13,1537
n2_HC,n2,tai20_15_07.F.15_01,14,1532
n2_HC,n2,tai20_15_07.F.15_01,15,1537
n2_HC,n2,tai20_15_07.F.15_01,16,1566
n2_HC,n2,tai20_15_07.F.15_01,17,1567
n2_HC,n2,tai20_15_07.F.15_01,18,1553
n2_HC,n2,tai20_15_07.F.15_01,19,1545
n2_HC,n2,tai20_15_07.F.15_01,20,1494
n2_HC,n2,tai20_15_07.F.15_01,21,1588
n2_HC,n2,tai20_15_07.F.15_01,22,1531
n2_HC,n2,tai20_15_07.F.15_01,23,1531
n2_HC,n2,tai20_15_07.F.15_01,24,1568
n2_HC,n2,tai20_15_07.F.15_01,25,1534
n2_HC,n2,tai20_15_07.F.15_01,26,1516
n2_HC,n2,tai20_15_07.F.15_01,27,1569
n2_HC,n2,tai20_15_07.F.15_01,28,1554
n2_HC,n2,tai20_15_07.F.15_01,29,1537
n2_HC,n2,tai20_15_07.F.15_01,30,1567
n2_HC,n2,tai20_15_08.F.15_01,1,1497
n2_HC,n2,tai20_15_08.F.15_01,2,1467
n2_HC,n2,tai20_15_08.F.15_01,3,1507
n2_HC,n2,tai20_15_08.F.15_01,4,1488
n2_HC,n2,tai20_15_08.F.15_01,5,1492
n2_HC,n2,tai20_15_08.F.15_01,6,1533
n2_HC,n2,tai20_15_08.F.15_01,7,1484
n2_HC,n2,tai20_15_08.F.15_01,8,1469
n2_HC,n2,tai20_15_08.F.15_01,9,1502
n2_HC,n2,tai20_15_08.F.15_01,10,1515
n2_HC,n2,tai20_15_08.F.15_01,11,1486
n2_HC,n2,tai20_15_08.F.15_01,12,1491
n2_HC,n2,tai20_15_08.F.15_01,13,1497
n2_HC,n2,tai20_15_08.F.15_01,14,1489
n2_HC,n2,tai20_15_08.F.15_01,15,1505
n2_HC,n2,tai20_15_08.F.15_01,16,1530
n2_HC,n2,tai20_15_08.F.15_01,17,1542
n2_HC,n2,tai20_15_08.F.15_01,18,1519
n2_HC,n2,tai20_15_08.F.15_01,19,1508
n2_HC,n2,tai20_15_08.F.15_01,20,1497
n2_HC,n2,tai20_15_08.F.15_01,21,1487
n2_HC,n2,tai20_15_08.F.15_01,22,1542
n2_HC,n2,tai20_15_08.F.15_01,23,1490
n2_HC,n2,tai20_15_08.F.15_01,24,1517
n2_HC,n2,tai20_15_08.F.15_01,25,1498
n2_HC,n2,tai20_15_08.F.15_01,26,1492
n2_HC,n2,tai20_15_08.F.15_01,27,1494
n2_HC,n2,tai20_15_08.F.15_01,28,1490
n2_HC,n2,tai20_15_08.F.15_01,29,1501
n2_HC,n2,tai20_15_08.F.15_01,30,1486
n2_HC,n2,tai20_15_09.F.15_01,1,1423
n2_HC,n2,tai20_15_09.F.15_01,2,1452
n2_HC,n2,tai20_15_09.F.15_01,3,1417
n2_HC,n2,tai20_15_09.F.15_01,4,1419
n2_HC,n2,tai20_15_09.F.15_01,5,1418
n2_HC,n2,tai20_15_09.F.15_01,6,1405
n2_HC,n2,tai20_15_09.F.15_01,7,1425
n2_HC,n2,tai20_15_09.F.15_01,8,1428
n2_HC,n2,tai20_15_09.F.15_01,9,1459
n2_HC,n2,tai20_15_09.F.15_01,10,1438
n2_HC,n2,tai20_15_09.F.15_01,11,1436
n2_HC,n2,tai20_15_09.F.15_01,12,1457
n2_HC,n2,tai20_15_09.F.15_01,13,1439
n2_HC,n2,tai20_15_09.F.15_01,14,1451
n2_HC,n2,tai20_15_09.F.15_01,15,1418
n2_HC,n2,tai20_15_09.F.15_01,16,1445
n2_HC,n2,tai20_15_09.F.15_01,17,1458
n2_HC,n2,tai20_15_09.F.15_01,18,1433
n2_HC,n2,tai20_15_09.F.15_01,19,1419
n2_HC,n2,tai20_15_09.F.15_01,20,1456
n2_HC,n2,tai20_15_09.F.15_01,21,1446
n2_HC,n2,tai20_15_09.F.15_01,22,1427
n2_HC,n2,tai20_15_09.F.15_01,23,1436
n2_HC,n2,tai20_15_09.F.15_01,24,1441
n2_HC,n2,tai20_15_09.F.15_01,25,1451
n2_HC,n2,tai20_15_09.F.15_01,26,1460
n2_HC,n2,tai20_15_09.F.15_01,27,1445
n2_HC,n2,tai20_15_09.F.15_01,28,1443
n2_HC,n2,tai20_15_09.F.15_01,29,1441
n2_HC,n2,tai20_15_09.F.15_01,30,1456
n2_HC,n2,tai20_15_10.F.15_01,1,1405
n2_HC,n2,tai20_15_10.F.15_01,2,1425
n2_HC,n2,tai20_15_10.F.15_01,3,1413
n2_HC,n2,tai20_15_10.F.15_01,4,1415
n2_HC,n2,tai20_15_10.F.15_01,5,1420
n2_HC,n2,tai20_15_10.F.15_01,6,1419
n2_HC,n2,tai20_15_10.F.15_01,7,1399
n2_HC,n2,tai20_15_10.F.15_01,8,1429
n2_HC,n2,tai20_15_10.F.15_01,9,1415
n2_HC,n2,tai20_15_10.F.15_01,10,1422
n2_HC,n2,tai20_15_10.F.15_01,11,1398
n2_HC,n2,tai20_15_10.F.15_01,12,1412
n2_HC,n2,tai20_15_10.F.15_01,13,1438
n2_HC,n2,tai20_15_10.F.15_01,14,1416
n2_HC,n2,tai20_15_10.F.15_01,15,1431
n2_HC,n2,tai20_15_10.F.15_01,16,1399
n2_HC,n2,tai20_15_10.F.15_01,17,1431
n2_HC,n2,tai20_15_10.F.15_01,18,1408
n2_HC,n2,tai20_15_10.F.15_01,19,1422
n2_HC,n2,tai20_15_10.F.15_01,20,1415
n2_HC,n2,tai20_15_10.F.15_01,21,1422
n2_HC,n2,tai20_15_10.F.15_01,22,1423
n2_HC,n2,tai20_15_10.F.15_01,23,1419
n2_HC,n2,tai20_15_10.F.15_01,24,1449
n2_HC,n2,tai20_15_10.F.15_01,25,1418
n2_HC,n2,tai20_15_10.F.15_01,26,1414
n2_HC,n2,tai20_15_10.F.15_01,27,1416
n2_HC,n2,tai20_15_10.F.15_01,28,1427
n2_HC,n2,tai20_15_10.F.15_01,29,1401
n2_HC,n2,tai20_15_10.F.15_01,30,1408
n2_HC,n2,tai20_20_01.F.15_01,1,1780
n2_HC,n2,tai20_20_01.F.15_01,2,1734
n2_HC,n2,tai20_20_01.F.15_01,3,1757
n2_HC,n2,tai20_20_01.F.15_01,4,1712
n2_HC,n2,tai20_20_01.F.15_01,5,1779
n2_HC,n2,tai20_20_01.F.15_01,6,1721
n2_HC,n2,tai20_20_01.F.15_01,7,1725
n2_HC,n2,tai20_20_01.F.15_01,8,1717
n2_HC,n2,tai20_20_01.F.15_01,9,1738
n2_HC,n2,tai20_20_01.F.15_01,10,1719
n2_HC,n2,tai20_20_01.F.15_01,11,1735
n2_HC,n2,tai20_20_01.F.15_01,12,1719
n2_HC,n2,tai20_20_01.F.15_01,13,1732
n2_HC,n2,tai20_20_01.F.15_01,14,1737
n2_HC,n2,tai20_20_01.F.15_01,15,1731
n2_HC,n2,tai20_20_01.F.15_01,16,1720
n2_HC,n2,tai20_20_01.F.15_01,17,1723
n2_HC,n2,tai20_20_01.F.15_01,18,1731
n2_HC,n2,tai20_20_01.F.15_01,19,1743
n2_HC,n2,tai20_20_01.F.15_01,20,1744
n2_HC,n2,tai20_20_01.F.15_01,21,1749
n2_HC,n2,tai20_20_01.F.15_01,22,1743
n2_HC,n2,tai20_20_01.F.15_01,23,1702
n2_HC,n2,tai20_20_01.F.15_01,24,1721
n2_HC,n2,tai20_20_01.F.15_01,25,1730
n2_HC,n2,tai20_20_01.F.15_01,26,1760
n2_HC,n2,tai20_20_01.F.15_01,27,1744
n2_HC,n2,tai20_20_01.F.15_01,28,1741
n2_HC,n2,tai20_20_01.F.15_01,29,1763
n2_HC,n2,tai20_20_01.F.15_01,30,1737
n2_HC,n2,tai20_20_02.F.15_01,1,1670
n2_HC,n2,tai20_20_02.F.15_01,2,1710
n2_HC,n2,tai20_20_02.F.15_01,3,1675
n2_HC,n2,tai20_20_02.F.15_01,4,1666
n2_HC,n2,tai20_20_02.F.15_01,5,1679
n2_HC,n2,tai20_20_02.F.15_01,6,1678
n2_HC,n2,tai20_20_02.F.15_01,7,1663
n2_HC,n2,tai20_20_02.F.15_01,8,1687
n2_HC,n2,tai20_20_02.F.15_01,9,1669
n2_HC,n2,tai20_20_02.F.15_01,10,1686
n2_HC,n2,tai20_20_02.F.15_01,11,1686
n2_HC,n2,tai20_20_02.F.15_01,12,1678
n2_HC,n2,tai20_20_02.F.15_01,13,1658
n2_HC,n2,tai20_20_02.F.15_01,14,1672
n2_HC,n2,tai20_20_02.F.15_01,15,1690
n2_HC,n2,tai20_20_02.F.15_01,16,1679
n2_HC,n2,tai20_20_02.F.15_01,17,1688
n2_HC,n2,tai20_20_02.F.15_01,18,1652
n2_HC,n2,tai20_20_02.F.15_01,19,1672
n2_HC,n2,tai20_20_02.F.15_01,20,1680
n2_HC,n2,tai20_20_02.F.15_01,21,1689
n2_HC,n2,tai20_20_02.F.15_01,22,1677
n2_HC,n2,tai20_20_02.F.15_01,23,1655
n2_HC,n2,tai20_20_02.F.15_01,24,1683
n2_HC,n2,tai20_20_02.F.15_01,25,1663
n2_HC,n2,tai20_20_02.F.15_01,26,1673
n2_HC,n2,tai20_20_02.F.15_01,27,1670
n2_HC,n2,tai20_20_02.F.15_01,28,1656
n2_HC,n2,tai20_20_02.F.15_01,29,1707
n2_HC,n2,tai20_20_02.F.15_01,30,1688
n2_HC,n2,tai20_20_03.F.15_01,1,1666
n2_HC,n2,tai20_20_03.F.15_01,2,1648
n2_HC,n2,tai20_20_03.F.15_01,3,1640
n2_HC,n2,tai20_20_03.F.15_01,4,1653
n2_HC,n2,tai20_20_03.F.15_01,5,1639
n2_HC,n2,tai20_20_03.F.15_01,6,1667
n2_HC,n2,tai20_20_03.F.15_01,7,1675
n2_HC,n2,tai20_20_03.F.15_01,8,1666
n2_HC,n2,tai20_20_03.F.15_01,9,1656
n2_HC,n2,tai20_20_03.F.15_01,10,1636
n2_HC,n2,tai20_20_03.F.15_01,11,1665
n2_HC,n2,tai20_20_03.F.15_01,12,1640
n2_HC,n2,tai20_20_03.F.15_01,13,1631
n2_HC,n2,tai20_20_03.F.15_01,14,1642
n2_HC,n2,tai20_20_03.F.15_01,15,1657
n2_HC,n2,tai20_20_03.F.15_01,16,1632
n2_HC,n2,tai20_20_03.F.15_01,17,1646
n2_HC,n2,tai20_20_03.F.15_01,18,1668
n2_HC,n2,tai20_20_03.F.15_01,19,1680
n2_HC,n2,tai20_20_03.F.15_01,20,1629
n2_HC,n2,tai20_20_03.F.15_01,21,1658
n2_HC,n2,tai20_20_03.F.15_01,22,1658
n2_HC,n2,tai20_20_03.F.15_01,23,1646
n2_HC,n2,tai20_20_03.F.15_01,24,1631
n2_HC,n2,tai20_20_03.F.15_01,25,1621
n2_HC,n2,tai20_20_03.F.15_01,26,1646
n2_HC,n2,tai20_20_03.F.15_01,27,1639
n2_HC,n2,tai20_20_03.F.15_01,28,1640
n2_HC,n2,tai20_20_03.F.15_01,29,1657
n2_HC,n2,tai20_20_03.F.15_01,30,1634
n2_HC,n2,tai20_20_04.F.15_01,1,1734
n2_HC,n2,tai20_20_04.F.15_01,2,1711
n2_HC,n2,tai20_20_04.F.15_01,3,1752
n2_HC,n2,tai20_20_04.F.15_01,4,1718
n2_HC,n2,tai20_20_04.F.15_01,5,1713
n2_HC,n2,tai20_20_04.F.15_01,6,1743
n2_HC,n2,tai20_20_04.F.15_01,7,1778
n2_HC,n2,tai20_20_04.F.15_01,8,1727
n2_HC,n2,tai20_20_04.F.15_01,9,1727
n2_HC,n2,tai20_20_04.F.15_01,10,1720
n2_HC,n2,tai20_20_04.F.15_01,11,1724
n2_HC,n2,tai20_20_04.F.15_01,12,1710
n2_HC,n2,tai20_20_04.F.15_01,13,1745
n2_HC,n2,tai20_20_04.F.15_01,14,1693
n2_HC,n2,tai20_20_04.F.15_01,15,1727
n2_HC,n2,tai20_20_04.F.15_01,16,1751
n2_HC,n2,tai20_20_04.F.15_01,17,1754
n2_HC,n2,tai20_20_04.F.15_01,18,1744
n2_HC,n2,tai20_20_04.F.15_01,19,1710
n2_HC,n2,tai20_20_04.F.15_01,20,1777
n2_HC,n2,tai20_20_04.F.15_01,21,1718
n2_HC,n2,tai20_20_04.F.15_01,22,1733
n2_HC,n2,tai20_20_04.F.15_01,23,1753
n2_HC,n2,tai20_20_04.F.15_01,24,1757
n2_HC,n2,tai20_20_04.F.15_01,25,1749
n2_HC,n2,tai20_20_04.F.15_01,26,1744
n2_HC,n2,tai20_20_04.F.15_01,27,1726
n2_HC,n2,tai20_20_04.F.15_01,28,1739
n2_HC,n2,tai20_20_04.F.15_01,29,1718
n2_HC,n2,tai20_20_04.F.15_01,30,1705
n2_HC,n2,tai20_20_05.F.15_01,1,1683
n2_HC,n2,tai20_20_05.F.15_01,2,1697
n2_HC,n2,tai20_20_05.F.15_01,3,1698
n2_HC,n2,tai20_20_05.F.15_01,4,1715
n2_HC,n2,tai20_20_05.F.15_01,5,1670
n2_HC,n2,tai20_20_05.F.15_01,6,1688
n2_HC,n2,tai20_20_05.F.15_01,7,1666
n2_HC,n2,tai20_20_05.F.15_01,8,1673
n2_HC,n2,tai20_20_05.F.15_01,9,1694
n2_HC,n2,tai20_20_05.F.15_01,10,1703
n2_HC,n2,tai20_20_05.F.15_01,11,1680
n2_HC,n2,tai20_20_05.F.15_01,12,1692
n2_HC,n2,tai20_20_05.F.15_01,13,1688
n2_HC,n2,tai20_20_05.F.15_01,14,1675
n2_HC,n2,tai20_20_05.F.15_01,15,1690
n2_HC,n2,tai20_20_05.F.15_01,16,1668
n2_HC,n2,tai20_20_05.F.15_01,17,1707
n2_HC,n2,tai20_20_05.F.15_01,18,1673
n2_HC,n2,tai20_20_05.F.15_01,19,1692
n2_HC,n2,tai20_20_05.F.15_01,20,1699
n2_HC,n2,tai20_20_05.F.15_01,21,1661
n2_HC,n2,tai20_20_05.F.15_01,22,1677
n2_HC,n2,tai20_20_05.F.15_01,23,1654
n2_HC,n2,tai20_20_05.F.15_01,24,1695
n2_HC,n2,tai20_20_05.F.15_01,25,1691
n2_HC,n2,tai20_20_05.F.15_01,26,1708
n2_HC,n2,tai20_20_05.F.15_01,27,1672
n2_HC,n2,tai20_20_05.F.15_01,28,1663
n2_HC,n2,tai20_20_05.F.15_01,29,1657
n2_HC,n2,tai20_20_05.F.15_01,30,1686
n2_HC,n2,tai20_20_06.F.15_01,1,1741
n2_HC,n2,tai20_20_06.F.15_01,2,1740
n2_HC,n2,tai20_20_06.F.15_01,3,1734
n2_HC,n2,tai20_20_06.F.15_01,4,1780
n2_HC,n2,tai20_20_06.F.15_01,5,1737
n2_HC,n2,tai20_20_06.F.15_01,6,1731
n2_HC,n2,tai20_20_06.F.15_01,7,1760
n2_HC,n2,tai20_20_06.F.15_01,8,1729
n2_HC,n2,tai20_20_06.F.15_01,9,1737
n2_HC,n2,tai20_20_06.F.15_01,10,1756
n2_HC,n2,tai20_20_06.F.15_01,11,1750
n2_HC,n2,tai20_20_06.F.15_01,12,1723
n2_HC,n2,tai20_20_06.F.15_01,13,1755
n2_HC,n2,tai20_20_06.F.15_01,14,1726
n2_HC,n2,tai20_20_06.F.15_01,15,1745
n2_HC,n2,tai20_20_06.F.15_01,16,1752
n2_HC,n2,tai20_20_06.F.15_01,17,1738
n2_HC,n2,tai20_20_06.F.15_01,18,1720
n2_HC,n2,tai20_20_06.F.15_01,19,1748
n2_HC,n2,tai20_20_06.F.15_01,20,1740
n2_HC,n2,tai20_20_06.F.15_01,21,1747
n2_HC,n2,tai20_20_06.F.15_01,22,1742
n2_HC,n2,tai20_20_06.F.15_01,23,1760
n2_HC,n2,tai20_20_06.F.15_01,24,1743
n2_HC,n2,tai20_20_06.F.15_01,25,1712
n2_HC,n2,tai20_20_06.F.15_01,26,1743
n2_HC,n2,tai20_20_06.F.15_01,27,1736
n2_HC,n2,tai20_20_06.F.15_01,28,1745
n2_HC,n2,tai20_20_06.F.15_01,29,1735
n2_HC,n2,tai20_20_06.F.15_01,30,1710
n2_HC,n2,tai20_20_07.F.15_01,1,1774
n2_HC,n2,tai20_20_07.F.15_01,2,1741
n2_HC,n2,tai20_20_07.F.15_01,3,1792
n2_HC,n2,tai20_20_07.F.15_01,4,1764
n2_HC,n2,tai20_20_07.F.15_01,5,1787
n2_HC,n2,tai20_20_07.F.15_01,6,1757
n2_HC,n2,tai20_20_07.F.15_01,7,1802
n2_HC,n2,tai20_20_07.F.15_01,8,1792
n2_HC,n2,tai20_20_07.F.15_01,9,1808
n2_HC,n2,tai20_20_07.F.15_01,10,1747
n2_HC,n2,tai20_20_07.F.15_01,11,1752
n2_HC,n2,tai20_20_07.F.15_01,12,1787
n2_HC,n2,tai20_20_07.F.15_01,13,1772
n2_HC,n2,tai20_20_07.F.15_01,14,1795
n2_HC,n2,tai20_20_07.F.15_01,15,1738
n2_HC,n2,tai20_20_07.F.15_01,16,1777
n2_HC,n2,tai20_20_07.F.15_01,17,1790
n2_HC,n2,tai20_20_07.F.15_01,18,1795
n2_HC,n2,tai20_20_07.F.15_01,19,1800
n2_HC,n2,tai20_20_07.F.15_01,20,1784
n2_HC,n2,tai20_20_07.F.15_01,21,1762
n2_HC,n2,tai20_20_07.F.15_01,22,1821
n2_HC,n2,tai20_20_07.F.15_01,23,1810
n2_HC,n2,tai20_20_07.F.15_01,24,1756
n2_HC,n2,tai20_20_07.F.15_01,25,1827
n2_HC,n2,tai20_20_07.F.15_01,26,1822
n2_HC,n2,tai20_20_07.F.15_01,27,1766
n2_HC,n2,tai20_20_07.F.15_01,28,1802
n2_HC,n2,tai20_20_07.F.15_01,29,1798
n2_HC,n2,tai20_20_07.F.15_01,30,1761
n2_HC,n2,tai20_20_08.F.15_01,1,1672
n2_HC,n2,tai20_20_08.F.15_01,2,1705
n2_HC,n2,tai20_20_08.F.15_01,3,1692
n2_HC,n2,tai20_20_08.F.15_01,4,1698
n2_HC,n2,tai20_20_08.F.15_01,5,1667
n2_HC,n2,tai20_20_08.F.15_01,6,1653
n2_HC,n2,tai20_20_08.F.15_01,7,1665
n2_HC,n2,tai20_20_08.F.15_01,8,1695
n2_HC,n2,tai20_20_08.F.15_01,9,1692
n2_HC,n2,tai20_20_08.F.15_01,10,1677
n2_HC,n2,tai20_20_08.F.15_01,11,1661
n2_HC,n2,tai20_20_08.F.15_01,12,1693
n2_HC,n2,tai20_20_08.F.15_01,13,1688
n2_HC,n2,tai20_20_08.F.15_01,14,1678
n2_HC,n2,tai20_20_08.F.15_01,15,1697
n2_HC,n2,tai20_20_08.F.15_01,16,1673
n2_HC,n2,tai20_20_08.F.15_01,17,1650
n2_HC,n2,tai20_20_08.F.15_01,18,1690
n2_HC,n2,tai20_20_08.F.15_01,19,1665
n2_HC,n2,tai20_20_08.F.15_01,20,1688
n2_HC,n2,tai20_20_08.F.15_01,21,1693
n2_HC,n2,tai20_20_08.F.15_01,22,1676
n2_HC,n2,tai20_20_08.F.15_01,23,1670
n2_HC,n2,tai20_20_08.F.15_01,24,1698
n2_HC,n2,tai20_20_08.F.15_01,25,1691
n2_HC,n2,tai20_20_08.F.15_01,26,1690
n2_HC,n2,tai20_20_08.F.15_01,27,1693
n2_HC,n2,tai20_20_08.F.15_01,28,1717
n2_HC,n2,tai20_20_08.F.15_01,29,1672
n2_HC,n2,tai20_20_08.F.15_01,30,1684
n2_HC,n2,tai20_20_09.F.15_01,1,1687
n2_HC,n2,tai20_20_09.F.15_01,2,1669
n2_HC,n2,tai20_20_09.F.15_01,3,1706
n2_HC,n2,tai20_20_09.F.15_01,4,1686
n2_HC,n2,tai20_20_09.F.15_01,5,1673
n2_HC,n2,tai20_20_09.F.15_01,6,1661
n2_HC,n2,tai20_20_09.F.15_01,7,1690
n2_HC,n2,tai20_20_09.F.15_01,8,1673
n2_HC,n2,tai20_20_09.F.15_01,9,1702
n2_HC,n2,tai20_20_09.F.15_01,10,1678
n2_HC,n2,tai20_20_09.F.15_01,11,1688
n2_HC,n2,tai20_20_09.F.15_01,12,1667
n2_HC,n2,tai20_20_09.F.15_01,13,1677
n2_HC,n2,tai20_20_09.F.15_01,14,1653
n2_HC,n2,tai20_20_09.F.15_01,15,1685
n2_HC,n2,tai20_20_09.F.15_01,16,1683
n2_HC,n2,tai20_20_09.F.15_01,17,1688
n2_HC,n2,tai20_20_09.F.15_01,18,1684
n2_HC,n2,tai20_20_09.F.15_01,19,1699
n2_HC,n2,tai20_20_09.F.15_01,20,1675
n2_HC,n2,tai20_20_09.F.15_01,21,1716
n2_HC,n2,tai20_20_09.F.15_01,22,1704
n2_HC,n2,tai20_20_09.F.15_01,23,1666
n2_HC,n2,tai20_20_09.F.15_01,24,1692
n2_HC,n2,tai20_20_09.F.15_01,25,1661
n2_HC,n2,tai20_20_09.F.15_01,26,1686
n2_HC,n2,tai20_20_09.F.15_01,27,1696
n2_HC,n2,tai20_20_09.F.15_01,28,1700
n2_HC,n2,tai20_20_09.F.15_01,29,1652
n2_HC,n2,tai20_20_09.F.15_01,30,1708
n2_HC,n2,tai20_20_10.F.15_01,1,1684
n2_HC,n2,tai20_20_10.F.15_01,2,1648
n2_HC,n2,tai20_20_10.F.15_01,3,1666
n2_HC,n2,tai20_20_10.F.15_01,4,1668
n2_HC,n2,tai20_20_10.F.15_01,5,1663
n2_HC,n2,tai20_20_10.F.15_01,6,1665
n2_HC,n2,tai20_20_10.F.15_01,7,1677
n2_HC,n2,tai20_20_10.F.15_01,8,1669
n2_HC,n2,tai20_20_10.F.15_01,9,1665
n2_HC,n2,tai20_20_10.F.15_01,10,1676
n2_HC,n2,tai20_20_10.F.15_01,11,1682
n2_HC,n2,tai20_20_10.F.15_01,12,1662
n2_HC,n2,tai20_20_10.F.15_01,13,1669
n2_HC,n2,tai20_20_10.F.15_01,14,1659
n2_HC,n2,tai20_20_10.F.15_01,15,1652
n2_HC,n2,tai20_20_10.F.15_01,16,1632
n2_HC,n2,tai20_20_10.F.15_01,17,1694
n2_HC,n2,tai20_20_10.F.15_01,18,1671
n2_HC,n2,tai20_20_10.F.15_01,19,1654
n2_HC,n2,tai20_20_10.F.15_01,20,1643
n2_HC,n2,tai20_20_10.F.15_01,21,1667
n2_HC,n2,tai20_20_10.F.15_01,22,1682
n2_HC,n2,tai20_20_10.F.15_01,23,1671
n2_HC,n2,tai20_20_10.F.15_01,24,1659
n2_HC,n2,tai20_20_10.F.15_01,25,1679
n2_HC,n2,tai20_20_10.F.15_01,26,1689
n2_HC,n2,tai20_20_10.F.15_01,27,1683
n2_HC,n2,tai20_20_10.F.15_01,28,1661
n2_HC,n2,tai20_20_10.F.15_01,29,1631
n2_HC,n2,tai20_20_10.F.15_01,30,1649
n2_HC,n2,tai30_15_01.F.15_01,1,1825
n2_HC,n2,tai30_15_01.F.15_01,2,1845
n2_HC,n2,tai30_15_01.F.15_01,3,1830
n2_HC,n2,tai30_15_01.F.15_01,4,1918
n2_HC,n2,tai30_15_01.F.15_01,5,1841
n2_HC,n2,tai30_15_01.F.15_01,6,1833
n2_HC,n2,tai30_15_01.F.15_01,7,1849
n2_HC,n2,tai30_15_01.F.15_01,8,1848
n2_HC,n2,tai30_15_01.F.15_01,9,1854
n2_HC,n2,tai30_15_01.F.15_01,10,1870
n2_HC,n2,tai30_15_01.F.15_01,11,1912
n2_HC,n2,tai30_15_01.F.15_01,12,1862
n2_HC,n2,tai30_15_01.F.15_01,13,1848
n2_HC,n2,tai30_15_01.F.15_01,14,1894
n2_HC,n2,tai30_15_01.F.15_01,15,1846
n2_HC,n2,tai30_15_01.F.15_01,16,1850
n2_HC,n2,tai30_15_01.F.15_01,17,1849
n2_HC,n2,tai30_15_01.F.15_01,18,1849
n2_HC,n2,tai30_15_01.F.15_01,19,1821
n2_HC,n2,tai30_15_01.F.15_01,20,1849
n2_HC,n2,tai30_15_01.F.15_01,21,1855
n2_HC,n2,tai30_15_01.F.15_01,22,1850
n2_HC,n2,tai30_15_01.F.15_01,23,1846
n2_HC,n2,tai30_15_01.F.15_01,24,1885
n2_HC,n2,tai30_15_01.F.15_01,25,1838
n2_HC,n2,tai30_15_01.F.15_01,26,1839
n2_HC,n2,tai30_15_01.F.15_01,27,1841
n2_HC,n2,tai30_15_01.F.15_01,28,1839
n2_HC,n2,tai30_15_01.F.15_01,29,1848
n2_HC,n2,tai30_15_01.F.15_01,30,1859
n2_HC,n2,tai30_15_02.F.15_01,1,1942
n2_HC,n2,tai30_15_02.F.15_01,2,1933
n2_HC,n2,tai30_15_02.F.15_01,3,1953
n2_HC,n2,tai30_15_02.F.15_01,4,1949
n2_HC,n2,tai30_15_02.F.15_01,5,1963
n2_HC,n2,tai30_15_02.F.15_01,6,1940
n2_HC,n2,tai30_15_02.F.15_01,7,1931
n2_HC,n2,tai30_15_02.F.15_01,8,1894
n2_HC,n2,tai30_15_02.F.15_01,9,1911
n2_HC,n2,tai30_15_02.F.15_01,10,1947
n2_HC,n2,tai30_15_02.F.15_01,11,1981
n2_HC,n2,tai30_15_02.F.15_01,12,1922
n2_HC,n2,tai30_15_02.F.15_01,13,1966
n2_HC,n2,tai30_15_02.F.15_01,14,1937
n2_HC,n2,tai30_15_02.F.15_01,15,1938
n2_HC,n2,tai30_15_02.F.15_01,16,1951
n2_HC,n2,tai30_15_02.F.15_01,17,1933
n2_HC,n2,tai30_15_02.F.15_01,18,1956
n2_HC,n2,tai30_15_02.F.15_01,19,1914
n2_HC,n2,tai30_15_02.F.15_01,20,1969
n2_HC,n2,tai30_15_02.F.15_01,21,1929
n2_HC,n2,tai30_15_02.F.15_01,22,1950
n2_HC,n2,tai30_15_02.F.15_01,23,1978
n2_HC,n2,tai30_15_02.F.15_01,24,1953
n2_HC,n2,tai30_15_02.F.15_01,25,1971
n2_HC,n2,tai30_15_02.F.15_01,26,1984
n2_HC,n2,tai30_15_02.F.15_01,27,1994
n2_HC,n2,tai30_15_02.F.15_01,28,1945
n2_HC,n2,tai30_15_02.F.15_01,29,1945
n2_HC,n2,tai30_15_02.F.15_01,30,1929
n2_HC,n2,tai30_15_03.F.15_01,1,1954
n2_HC,n2,tai30_15_03.F.15_01,2,1949
n2_HC,n2,tai30_15_03.F.15_01,3,1923
n2_HC,n2,tai30_15_03.F.15_01,4,1967
n2_HC,n2,tai30_15_03.F.15_01,5,1969
n2_HC,n2,tai30_15_03.F.15_01,6,1946
n2_HC,n2,tai30_15_03.F.15_01,7,1945
n2_HC,n2,tai30_15_03.F.15_01,8,1958
n2_HC,n2,tai30_15_03.F.15_01,9,1939
n2_HC,n2,tai30_15_03.F.15_01,10,1937
n2_HC,n2,tai30_15_03.F.15_01,11,1916
n2_HC,n2,tai30_15_03.F.15_01,12,1975
n2_HC,n2,tai30_15_03.F.15_01,13,1942
n2_HC,n2,tai30_15_03.F.15_01,14,1895
n2_HC,n2,tai30_15_03.F.15_01,15,1947
n2_HC,n2,tai30_15_03.F.15_01,16,1927
n2_HC,n2,tai30_15_03.F.15_01,17,1931
n2_HC,n2,tai30_15_03.F.15_01,18,1950
n2_HC,n2,tai30_15_03.F.15_01,19,1957
n2_HC,n2,tai30_15_03.F.15_01,20,1938
n2_HC,n2,tai30_15_03.F.15_01,21,1963
n2_HC,n2,tai30_15_03.F.15_01,22,1918
n2_HC,n2,tai30_15_03.F.15_01,23,1895
n2_HC,n2,tai30_15_03.F.15_01,24,1925
n2_HC,n2,tai30_15_03.F.15_01,25,1903
n2_HC,n2,tai30_15_03.F.15_01,26,1903
n2_HC,n2,tai30_15_03.F.15_01,27,1914
n2_HC,n2,tai30_15_03.F.15_01,28,1945
n2_HC,n2,tai30_15_03.F.15_01,29,1916
n2_HC,n2,tai30_15_03.F.15_01,30,1910
n2_HC,n2,tai30_15_04.F.15_01,1,1928
n2_HC,n2,tai30_15_04.F.15_01,2,1950
n2_HC,n2,tai30_15_04.F.15_01,3,1968
n2_HC,n2,tai30_15_04.F.15_01,4,1975
n2_HC,n2,tai30_15_04.F.15_01,5,1974
n2_HC,n2,tai30_15_04.F.15_01,6,1961
n2_HC,n2,tai30_15_04.F.15_01,7,1933
n2_HC,n2,tai30_15_04.F.15_01,8,1937
n2_HC,n2,tai30_15_04.F.15_01,9,1960
n2_HC,n2,tai30_15_04.F.15_01,10,1940
n2_HC,n2,tai30_15_04.F.15_01,11,1968
n2_HC,n2,tai30_15_04.F.15_01,12,1962
n2_HC,n2,tai30_15_04.F.15_01,13,1933
n2_HC,n2,tai30_15_04.F.15_01,14,1980
n2_HC,n2,tai30_15_04.F.15_01,15,1970
n2_HC,n2,tai30_15_04.F.15_01,16,1994
n2_HC,n2,tai30_15_04.F.15_01,17,1956
n2_HC,n2,tai30_15_04.F.15_01,18,1992
n2_HC,n2,tai30_15_04.F.15_01,19,1940
n2_HC,n2,tai30_15_04.F.15_01,20,1937
n2_HC,n2,tai30_15_04.F.15_01,21,1939
n2_HC,n2,tai30_15_04.F.15_01,22,1948
n2_HC,n2,tai30_15_04.F.15_01,23,1977
n2_HC,n2,tai30_15_04.F.15_01,24,1966
n2_HC,n2,tai30_15_04.F.15_01,25,1964
n2_HC,n2,tai30_15_04.F.15_01,26,1969
n2_HC,n2,tai30_15_04.F.15_01,27,1985
n2_HC,n2,tai30_15_04.F.15_01,28,1946
n2_HC,n2,tai30_15_04.F.15_01,29,1936
n2_HC,n2,tai30_15_04.F.15_01,30,1942
n2_HC,n2,tai30_15_05.F.15_01,1,2039
n2_HC,n2,tai30_15_05.F.15_01,2,2069
n2_HC,n2,tai30_15_05.F.15_01,3,2058
n2_HC,n2,tai30_15_05.F.15_01,4,2054
n2_HC,n2,tai30_15_05.F.15_01,5,2078
n2_HC,n2,tai30_15_05.F.15_01,6,2056
n2_HC,n2,tai30_15_05.F.15_01,7,2033
n2_HC,n2,tai30_15_05.F.15_01,8,2039
n2_HC,n2,tai30_15_05.F.15_01,9,2047
n2_HC,n2,tai30_15_05.F.15_01,10,2029
n2_HC,n2,tai30_15_05.F.15_01,11,2095
n2_HC,n2,tai30_15_05.F.15_01,12,2029
n2_HC,n2,tai30_15_05.F.15_01,13,2056
n2_HC,n2,tai30_15_05.F.15_01,14,2010
n2_HC,n2,tai30_15_05.F.15_01,15,2027
n2_HC,n2,tai30_15_05.F.15_01,16,2061
n2_HC,n2,tai30_15_05.F.15_01,17,2047
n2_HC,n2,tai30_15_05.F.15_01,18,2029
n2_HC,n2,tai30_15_05.F.15_01,19,2101
n2_HC,n2,tai30_15_05.F.15_01,20,2050
n2_HC,n2,tai30_15_05.F.15_01,21,2078
n2_HC,n2,tai30_15_05.F.15_01,22,2046
n2_HC,n2,tai30_15_05.F.15_01,23,2038
n2_HC,n2,tai30_15_05.F.15_01,24,2060
n2_HC,n2,tai30_15_05.F.15_01,25,2039
n2_HC,n2,tai30_15_05.F.15_01,26,2039
n2_HC,n2,tai30_15_05.F.15_01,27,2048
n2_HC,n2,tai30_15_05.F.15_01,28,2029
n2_HC,n2,tai30_15_05.F.15_01,29,2063
n2_HC,n2,tai30_15_05.F.15_01,30,2012
n2_HC,n2,tai30_15_06.F.15_01,1,1983
n2_HC,n2,tai30_15_06.F.15_01,2,1946
n2_HC,n2,tai30_15_06.F.15_01,3,1939
n2_HC,n2,tai30_15_06.F.15_01,4,1951
n2_HC,n2,tai30_15_06.F.15_01,5,1938
n2_HC,n2,tai30_15_06.F.15_01,6,1933
n2_HC,n2,tai30_15_06.F.15_01,7,1929
n2_HC,n2,tai30_15_06.F.15_01,8,1933
n2_HC,n2,tai30_15_06.F.15_01,9,1908
n2_HC,n2,tai30_15_06.F.15_01,10,1920
n2_HC,n2,tai30_15_06.F.15_01,11,1950
n2_HC,n2,tai30_15_06.F.15_01,12,1968
n2_HC,n2,tai30_15_06.F.15_01,13,1966
n2_HC,n2,tai30_15_06.F.15_01,14,1935
n2_HC,n2,tai30_15_06.F.15_01,15,2002
n2_HC,n2,tai30_15_06.F.15_01,16,1914
n2_HC,n2,tai30_15_06.F.15_01,17,1921
n2_HC,n2,tai30_15_06.F.15_01,18,1916
n2_HC,n2,tai30_15_06.F.15_01,19,1988
n2_HC,n2,tai30_15_06.F.15_01,20,1968
n2_HC,n2,tai30_15_06.F.15_01,21,1949
n2_HC,n2,tai30_15_06.F.15_01,22,1910
n2_HC,n2,tai30_15_06.F.15_01,23,1891
n2_HC,n2,tai30_15_06.F.15_01,24,1941
n2_HC,n2,tai30_15_06.F.15_01,25,1962
n2_HC,n2,tai30_15_06.F.15_01,26,1940
n2_HC,n2,tai30_15_06.F.15_01,27,1925
n2_HC,n2,tai30_15_06.F.15_01,28,1966
n2_HC,n2,tai30_15_06.F.15_01,29,1944
n2_HC,n2,tai30_15_06.F.15_01,30,1937
n2_HC,n2,tai30_15_07.F.15_01,1,1917
n2_HC,n2,tai30_15_07.F.15_01,2,1893
n2_HC,n2,tai30_15_07.F.15_01,3,1892
n2_HC,n2,tai30_15_07.F.15_01,4,1882
n2_HC,n2,tai30_15_07.F.15_01,5,1862
n2_HC,n2,tai30_15_07.F.15_01,6,1900
n2_HC,n2,tai30_15_07.F.15_01,7,1857
n2_HC,n2,tai30_15_07.F.15_01,8,1909
n2_HC,n2,tai30_15_07.F.15_01,9,1901
n2_HC,n2,tai30_15_07.F.15_01,10,1884
n2_HC,n2,tai30_15_07.F.15_01,11,1893
n2_HC,n2,tai30_15_07.F.15_01,12,1890
n2_HC,n2,tai30_15_07.F.15_01,13,1889
n2_HC,n2,tai30_15_07.F.15_01,14,1906
n2_HC,n2,tai30_15_07.F.15_01,15,1908
n2_HC,n2,tai30_15_07.F.15_01,16,1896
n2_HC,n2,tai30_15_07.F.15_01,17,1844
n2_HC,n2,tai30_15_07.F.15_01,18,1878
n2_HC,n2,tai30_15_07.F.15_01,19,1873
n2_HC,n2,tai30_15_07.F.15_01,20,1877
n2_HC,n2,tai30_15_07.F.15_01,21,1889
n2_HC,n2,tai30_15_07.F.15_01,22,1914
n2_HC,n2,tai30_15_07.F.15_01,23,1897
n2_HC,n2,tai30_15_07.F.15_01,24,1893
n2_HC,n2,tai30_15_07.F.15_01,25,1926
n2_HC,n2,tai30_15_07.F.15_01,26,1913
n2_HC,n2,tai30_15_07.F.15_01,27,1880
n2_HC,n2,tai30_15_07.F.15_01,28,1861
n2_HC,n2,tai30_15_07.F.15_01,29,1895
n2_HC,n2,tai30_15_07.F.15_01,30,1891
n2_HC,n2,tai30_15_08.F.15_01,1,1835
n2_HC,n2,tai30_15_08.F.15_01,2,1822
n2_HC,n2,tai30_15_08.F.15_01,3,1771
n2_HC,n2,tai30_15_08.F.15_01,4,1804
n2_HC,n2,tai30_15_08.F.15_01,5,1814
n2_HC,n2,tai30_15_08.F.15_01,6,1807
n2_HC,n2,tai30_15_08.F.15_01,7,1769
n2_HC,n2,tai30_15_08.F.15_01,8,1797
n2_HC,n2,tai30_15_08.F.15_01,9,1789
n2_HC,n2,tai30_15_08.F.15_01,10,1806
n2_HC,n2,tai30_15_08.F.15_01,11,1779
n2_HC,n2,tai30_15_08.F.15_01,12,1807
n2_HC,n2,tai30_15_08.F.15_01,13,1817
n2_HC,n2,tai30_15_08.F.15_01,14,1777
n2_HC,n2,tai30_15_08.F.15_01,15,1809
n2_HC,n2,tai30_15_08.F.15_01,16,1790
n2_HC,n2,tai30_15_08.F.15_01,17,1796
n2_HC,n2,tai30_15_08.F.15_01,18,1842
n2_HC,n2,tai30_15_08.F.15_01,19,1784
n2_HC,n2,tai30_15_08.F.15_01,20,1819
n2_HC,n2,tai30_15_08.F.15_01,21,1824
n2_HC,n2,tai30_15_08.F.15_01,22,1776
n2_HC,n2,tai30_15_08.F.15_01,23,1768
n2_HC,n2,tai30_15_08.F.15_01,24,1766
n2_HC,n2,tai30_15_08.F.15_01,25,1775
n2_HC,n2,tai30_15_08.F.15_01,26,1808
n2_HC,n2,tai30_15_08.F.15_01,27,1796
n2_HC,n2,tai30_15_08.F.15_01,28,1777
n2_HC,n2,tai30_15_08.F.15_01,29,1800
n2_HC,n2,tai30_15_08.F.15_01,30,1805
n2_HC,n2,tai30_15_09.F.15_01,1,1885
n2_HC,n2,tai30_15_09.F.15_01,2,1896
n2_HC,n2,tai30_15_09.F.15_01,3,1895
n2_HC,n2,tai30_15_09.F.15_01,4,1895
n2_HC,n2,tai30_15_09.F.15_01,5,1959
n2_HC,n2,tai30_15_09.F.15_01,6,1925
n2_HC,n2,tai30_15_09.F.15_01,7,1884
n2_HC,n2,tai30_15_09.F.15_01,8,1873
n2_HC,n2,tai30_15_09.F.15_01,9,1908
n2_HC,n2,tai30_15_09.F.15_01,10,1948
n2_HC,n2,tai30_15_09.F.15_01,11,1910
n2_HC,n2,tai30_15_09.F.15_01,12,1892
n2_HC,n2,tai30_15_09.F.15_01,13,1875
n2_HC,n2,tai30_15_09.F.15_01,14,1886
n2_HC,n2,tai30_15_09.F.15_01,15,1884
n2_HC,n2,tai30_15_09.F.15_01,16,1886
n2_HC,n2,tai30_15_09.F.15_01,17,1882
n2_HC,n2,tai30_15_09.F.15_01,18,1869
n2_HC,n2,tai30_15_09.F.15_01,19,1835
n2_HC,n2,tai30_15_09.F.15_01,20,1858
n2_HC,n2,tai30_15_09.F.15_01,21,1900
n2_HC,n2,tai30_15_09.F.15_01,22,1893
n2_HC,n2,tai30_15_09.F.15_01,23,1897
n2_HC,n2,tai30_15_09.F.15_01,24,1895
n2_HC,n2,tai30_15_09.F.15_01,25,1935
n2_HC,n2,tai30_15_09.F.15_01,26,1917
n2_HC,n2,tai30_15_09.F.15_01,27,1881
n2_HC,n2,tai30_15_09.F.15_01,28,1872
n2_HC,n2,tai30_15_09.F.15_01,29,1862
n2_HC,n2,tai30_15_09.F.15_01,30,1909
n2_HC,n2,tai30_15_10.F.15_01,1,1808
n2_HC,n2,tai30_15_10.F.15_01,2,1860
n2_HC,n2,tai30_15_10.F.15_01,3,1830
n2_HC,n2,tai30_15_10.F.15_01,4,1812
n2_HC,n2,tai30_15_10.F.15_01,5,1815
n2_HC,n2,tai30_15_10.F.15_01,6,1786
n2_HC,n2,tai30_15_10.F.15_01,7,1824
n2_HC,n2,tai30_15_10.F.15_01,8,1879
n2_HC,n2,tai30_15_10.F.15_01,9,1853
n2_HC,n2,tai30_15_10.F.15_01,10,1803
n2_HC,n2,tai30_15_10.F.15_01,11,1829
n2_HC,n2,tai30_15_10.F.15_01,12,1811
n2_HC,n2,tai30_15_10.F.15_01,13,1809
n2_HC,n2,tai30_15_10.F.15_01,14,1801
n2_HC,n2,tai30_15_10.F.15_01,15,1823
n2_HC,n2,tai30_15_10.F.15_01,16,1814
n2_HC,n2,tai30_15_10.F.15_01,17,1797
n2_HC,n2,tai30_15_10.F.15_01,18,1803
n2_HC,n2,tai30_15_10.F.15_01,19,1807
n2_HC,n2,tai30_15_10.F.15_01,20,1812
n2_HC,n2,tai30_15_10.F.15_01,21,1817
n2_HC,n2,tai30_15_10.F.15_01,22,1817
n2_HC,n2,tai30_15_10.F.15_01,23,1854
n2_HC,n2,tai30_15_10.F.15_01,24,1817
n2_HC,n2,tai30_15_10.F.15_01,25,1815
n2_HC,n2,tai30_15_10.F.15_01,26,1796
n2_HC,n2,tai30_15_10.F.15_01,27,1845
n2_HC,n2,tai30_15_10.F.15_01,28,1829
n2_HC,n2,tai30_15_10.F.15_01,29,1836
n2_HC,n2,tai30_15_10.F.15_01,30,1834
n2_HC,n2,tai30_20_01.F.15_01,1,2185
n2_HC,n2,tai30_20_01.F.15_01,2,2255
n2_HC,n2,tai30_20_01.F.15_01,3,2246
n2_HC,n2,tai30_20_01.F.15_01,4,2236
n2_HC,n2,tai30_20_01.F.15_01,5,2237
n2_HC,n2,tai30_20_01.F.15_01,6,2195
n2_HC,n2,tai30_20_01.F.15_01,7,2216
n2_HC,n2,tai30_20_01.F.15_01,8,2291
n2_HC,n2,tai30_20_01.F.15_01,9,2272
n2_HC,n2,tai30_20_01.F.15_01,10,2233
n2_HC,n2,tai30_20_01.F.15_01,11,2241
n2_HC,n2,tai30_20_01.F.15_01,12,2244
n2_HC,n2,tai30_20_01.F.15_01,13,2247
n2_HC,n2,tai30_20_01.F.15_01,14,2215
n2_HC,n2,tai30_20_01.F.15_01,15,2250
n2_HC,n2,tai30_20_01.F.15_01,16,2275
n2_HC,n2,tai30_20_01.F.15_01,17,2205
n2_HC,n2,tai30_20_01.F.15_01,18,2176
n2_HC,n2,tai30_20_01.F.15_01,19,2225
n2_HC,n2,tai30_20_01.F.15_01,20,2287
n2_HC,n2,tai30_20_01.F.15_01,21,2248
n2_HC,n2,tai30_20_01.F.15_01,22,2206
n2_HC,n2,tai30_20_01.F.15_01,23,2200
n2_HC,n2,tai30_20_01.F.15_01,24,2211
n2_HC,n2,tai30_20_01.F.15_01,25,2259
n2_HC,n2,tai30_20_01.F.15_01,26,2234
n2_HC,n2,tai30_20_01.F.15_01,27,2199
n2_HC,n2,tai30_20_01.F.15_01,28,2262
n2_HC,n2,tai30_20_01.F.15_01,29,2172
n2_HC,n2,tai30_20_01.F.15_01,30,2193
n2_HC,n2,tai30_20_02.F.15_01,1,2112
n2_HC,n2,tai30_20_02.F.15_01,2,2179
n2_HC,n2,tai30_20_02.F.15_01,3,2159
n2_HC,n2,tai30_20_02.F.15_01,4,2159
n2_HC,n2,tai30_20_02.F.15_01,5,2111
n2_HC,n2,tai30_20_02.F.15_01,6,2127
n2_HC,n2,tai30_20_02.F.15_01,7,2175
n2_HC,n2,tai30_20_02.F.15_01,8,2187
n2_HC,n2,tai30_20_02.F.15_01,9,2161
n2_HC,n2,tai30_20_02.F.15_01,10,2136
n2_HC,n2,tai30_20_02.F.15_01,11,2086
n2_HC,n2,tai30_20_02.F.15_01,12,2138
n2_HC,n2,tai30_20_02.F.15_01,13,2136
n2_HC,n2,tai30_20_02.F.15_01,14,2102
n2_HC,n2,tai30_20_02.F.15_01,15,2160
n2_HC,n2,tai30_20_02.F.15_01,16,2187
n2_HC,n2,tai30_20_02.F.15_01,17,2136
n2_HC,n2,tai30_20_02.F.15_01,18,2120
n2_HC,n2,tai30_20_02.F.15_01,19,2223
n2_HC,n2,tai30_20_02.F.15_01,20,2165
n2_HC,n2,tai30_20_02.F.15_01,21,2165
n2_HC,n2,tai30_20_02.F.15_01,22,2133
n2_HC,n2,tai30_20_02.F.15_01,23,2124
n2_HC,n2,tai30_20_02.F.15_01,24,2173
n2_HC,n2,tai30_20_02.F.15_01,25,2136
n2_HC,n2,tai30_20_02.F.15_01,26,2145
n2_HC,n2,tai30_20_02.F.15_01,27,2227
n2_HC,n2,tai30_20_02.F.15_01,28,2121
n2_HC,n2,tai30_20_02.F.15_01,29,2158
n2_HC,n2,tai30_20_02.F.15_01,30,2114
n2_HC,n2,tai30_20_03.F.15_01,1,2075
n2_HC,n2,tai30_20_03.F.15_01,2,2046
n2_HC,n2,tai30_20_03.F.15_01,3,2080
n2_HC,n2,tai30_20_03.F.15_01,4,2057
n2_HC,n2,tai30_20_03.F.15_01,5,2050
n2_HC,n2,tai30_20_03.F.15_01,6,2096
n2_HC,n2,tai30_20_03.F.15_01,7,2040
n2_HC,n2,tai30_20_03.F.15_01,8,2110
n2_HC,n2,tai30_20_03.F.15_01,9,2048
n2_HC,n2,tai30_20_03.F.15_01,10,2080
n2_HC,n2,tai30_20_03.F.15_01,11,2026
n2_HC,n2,tai30_20_03.F.15_01,12,2073
n2_HC,n2,tai30_20_03.F.15_01,13,2046
n2_HC,n2,tai30_20_03.F.15_01,14,2066
n2_HC,n2,tai30_20_03.F.15_01,15,2074
n2_HC,n2,tai30_20_03.F.15_01,16,2104
n2_HC,n2,tai30_20_03.F.15_01,17,2050
n2_HC,n2,tai30_20_03.F.15_01,18,2130
n2_HC,n2,tai30_20_03.F.15_01,19,2044
n2_HC,n2,tai30_20_03.F.15_01,20,2123
n2_HC,n2,tai30_20_03.F.15_01,21,2045
n2_HC,n2,tai30_20_03.F.15_01,22,2076
n2_HC,n2,tai30_20_03.F.15_01,23,2059
n2_HC,n2,tai30_20_03.F.15_01,24,2068
n2_HC,n2,tai30_20_03.F.15_01,25,2088
n2_HC,n2,tai30_20_03.F.15_01,26,2082
n2_HC,n2,tai30_20_03.F.15_01,27,2051
n2_HC,n2,tai30_20_03.F.15_01,28,2084
n2_HC,n2,tai30_20_03.F.15_01,29,2091
n2_HC,n2,tai30_20_03.F.15_01,30,2039
n2_HC,n2,tai30_20_04.F.15_01,1,2198
n2_HC,n2,tai30_20_04.F.15_01,2,2166
n2_HC,n2,tai30_20_04.F.15_01,3,2243
n2_HC,n2,tai30_20_04.F.15_01,4,2189
n2_HC,n2,tai30_20_04.F.15_01,5,2163
n2_HC,n2,tai30_20_04.F.15_01,6,2163
n2_HC,n2,tai30_20_04.F.15_01,7,2191
n2_HC,n2,tai30_20_04.F.15_01,8,2183
n2_HC,n2,tai30_20_04.F.15_01,9,2125
n2_HC,n2,tai30_20_04.F.15_01,10,2191
n2_HC,n2,tai30_20_04.F.15_01,11,2213
n2_HC,n2,tai30_20_04.F.15_01,12,2131
n2_HC,n2,tai30_20_04.F.15_01,13,2183
n2_HC,n2,tai30_20_04.F.15_01,14,2110
n2_HC,n2,tai30_20_04.F.15_01,15,2175
n2_HC,n2,tai30_20_04.F.15_01,16,2135
n2_HC,n2,tai30_20_04.F.15_01,17,2235
n2_HC,n2,tai30_20_04.F.15_01,18,2097
n2_HC,n2,tai30_20_04.F.15_01,19,2155
n2_HC,n2,tai30_20_04.F.15_01,20,2151
n2_HC,n2,tai30_20_04.F.15_01,21,2162
n2_HC,n2,tai30_20_04.F.15_01,22,2199
n2_HC,n2,tai30_20_04.F.15_01,23,2193
n2_HC,n2,tai30_20_04.F.15_01,24,2152
n2_HC,n2,tai30_20_04.F.15_01,25,2137
n2_HC,n2,tai30_20_04.F.15_01,26,2187
n2_HC,n2,tai30_20_04.F.15_01,27,2205
n2_HC,n2,tai30_20_04.F.15_01,28,2143
n2_HC,n2,tai30_20_04.F.15_01,29,2186
n2_HC,n2,tai30_20_04.F.15_01,30,2139
n2_HC,n2,tai30_20_05.F.15_01,1,2146
n2_HC,n2,tai30_20_05.F.15_01,2,2162
n2_HC,n2,tai30_20_05.F.15_01,3,2107
n2_HC,n2,tai30_20_05.F.15_01,4,2148
n2_HC,n2,tai30_20_05.F.15_01,5,2122
n2_HC,n2,tai30_20_05.F.15_01,6,2110
n2_HC,n2,tai30_20_05.F.15_01,7,2097
n2_HC,n2,tai30_20_05.F.15_01,8,2128
n2_HC,n2,tai30_20_05.F.15_01,9,2145
n2_HC,n2,tai30_20_05.F.15_01,10,2145
n2_HC,n2,tai30_20_05.F.15_01,11,2141
n2_HC,n2,tai30_20_05.F.15_01,12,2094
n2_HC,n2,tai30_20_05.F.15_01,13,2129
n2_HC,n2,tai30_20_05.F.15_01,14,2114
n2_HC,n2,tai30_20_05.F.15_01,15,2123
n2_HC,n2,tai30_20_05.F.15_01,16,2154
n2_HC,n2,tai30_20_05.F.15_01,17,2119
n2_HC,n2,tai30_20_05.F.15_01,18,2145
n2_HC,n2,tai30_20_05.F.15_01,19,2123
n2_HC,n2,tai30_20_05.F.15_01,20,2140
n2_HC,n2,tai30_20_05.F.15_01,21,2114
n2_HC,n2,tai30_20_05.F.15_01,22,2116
n2_HC,n2,tai30_20_05.F.15_01,23,2121
n2_HC,n2,tai30_20_05.F.15_01,24,2113
n2_HC,n2,tai30_20_05.F.15_01,25,2126
n2_HC,n2,tai30_20_05.F.15_01,26,2129
n2_HC,n2,tai30_20_05.F.15_01,27,2138
n2_HC,n2,tai30_20_05.F.15_01,28,2121
n2_HC,n2,tai30_20_05.F.15_01,29,2140
n2_HC,n2,tai30_20_05.F.15_01,30,2083
n2_HC,n2,tai30_20_06.F.15_01,1,2206
n2_HC,n2,tai30_20_06.F.15_01,2,2254
n2_HC,n2,tai30_20_06.F.15_01,3,2187
n2_HC,n2,tai30_20_06.F.15_01,4,2230
n2_HC,n2,tai30_20_06.F.15_01,5,2273
n2_HC,n2,tai30_20_06.F.15_01,6,2245
n2_HC,n2,tai30_20_06.F.15_01,7,2215
n2_HC,n2,tai30_20_06.F.15_01,8,2237
n2_HC,n2,tai30_20_06.F.15_01,9,2197
n2_HC,n2,tai30_20_06.F.15_01,10,2223
n2_HC,n2,tai30_20_06.F.15_01,11,2188
n2_HC,n2,tai30_20_06.F.15_01,12,2191
n2_HC,n2,tai30_20_06.F.15_01,13,2190
n2_HC,n2,tai30_20_06.F.15_01,14,2200
n2_HC,n2,tai30_20_06.F.15_01,15,2198
n2_HC,n2,tai30_20_06.F.15_01,16,2220
n2_HC,n2,tai30_20_06.F.15_01,17,2233
n2_HC,n2,tai30_20_06.F.15_01,18,2217
n2_HC,n2,tai30_20_06.F.15_01,19,2223
n2_HC,n2,tai30_20_06.F.15_01,20,2209
n2_HC,n2,tai30_20_06.F.15_01,21,2193
n2_HC,n2,tai30_20_06.F.15_01,22,2207
n2_HC,n2,tai30_20_06.F.15_01,23,2238
n2_HC,n2,tai30_20_06.F.15_01,24,2210
n2_HC,n2,tai30_20_06.F.15_01,25,2209
n2_HC,n2,tai30_20_06.F.15_01,26,2227
n2_HC,n2,tai30_20_06.F.15_01,27,2229
n2_HC,n2,tai30_20_06.F.15_01,28,2211
n2_HC,n2,tai30_20_06.F.15_01,29,2199
n2_HC,n2,tai30_20_06.F.15_01,30,2162
n2_HC,n2,tai30_20_07.F.15_01,1,2092
n2_HC,n2,tai30_20_07.F.15_01,2,2134
n2_HC,n2,tai30_20_07.F.15_01,3,2085
n2_HC,n2,tai30_20_07.F.15_01,4,2107
n2_HC,n2,tai30_20_07.F.15_01,5,2106
n2_HC,n2,tai30_20_07.F.15_01,6,2136
n2_HC,n2,tai30_20_07.F.15_01,7,2112
n2_HC,n2,tai30_20_07.F.15_01,8,2125
n2_HC,n2,tai30_20_07.F.15_01,9,2125
n2_HC,n2,tai30_20_07.F.15_01,10,2066
n2_HC,n2,tai30_20_07.F.15_01,11,2107
n2_HC,n2,tai30_20_07.F.15_01,12,2102
n2_HC,n2,tai30_20_07.F.15_01,13,2102
n2_HC,n2,tai30_20_07.F.15_01,14,2120
n2_HC,n2,tai30_20_07.F.15_01,15,2058
n2_HC,n2,tai30_20_07.F.15_01,16,2099
n2_HC,n2,tai30_20_07.F.15_01,17,2097
n2_HC,n2,tai30_20_07.F.15_01,18,2111
n2_HC,n2,tai30_20_07.F.15_01,19,2098
n2_HC,n2,tai30_20_07.F.15_01,20,2103
n2_HC,n2,tai30_20_07.F.15_01,21,2129
n2_HC,n2,tai30_20_07.F.15_01,22,2179
n2_HC,n2,tai30_20_07.F.15_01,23,2148
n2_HC,n2,tai30_20_07.F.15_01,24,2113
n2_HC,n2,tai30_20_07.F.15_01,25,2133
n2_HC,n2,tai30_20_07.F.15_01,26,2089
n2_HC,n2,tai30_20_07.F.15_01,27,2111
n2_HC,n2,tai30_20_07.F.15_01,28,2156
n2_HC,n2,tai30_20_07.F.15_01,29,2105
n2_HC,n2,tai30_20_07.F.15_01,30,2153
n2_HC,n2,tai30_20_08.F.15_01,1,2117
n2_HC,n2,tai30_20_08.F.15_01,2,2107
n2_HC,n2,tai30_20_08.F.15_01,3,2088
n2_HC,n2,tai30_20_08.F.15_01,4,2115
n2_HC,n2,tai30_20_08.F.15_01,5,2107
n2_HC,n2,tai30_20_08.F.15_01,6,2120
n2_HC,n2,tai30_20_08.F.15_01,7,2113
n2_HC,n2,tai30_20_08.F.15_01,8,2082
n2_HC,n2,tai30_20_08.F.15_01,9,2143
n2_HC,n2,tai30_20_08.F.15_01,10,2143
n2_HC,n2,tai30_20_08.F.15_01,11,2120
n2_HC,n2,tai30_20_08.F.15_01,12,2102
n2_HC,n2,tai30_20_08.F.15_01,13,2108
n2_HC,n2,tai30_20_08.F.15_01,14,2131
n2_HC,n2,tai30_20_08.F.15_01,15,2074
n2_HC,n2,tai30_20_08.F.15_01,16,2123
n2_HC,n2,tai30_20_08.F.15_01,17,2074
n2_HC,n2,tai30_20_08.F.15_01,18,2151
n2_HC,n2,tai30_20_08.F.15_01,19,2110
n2_HC,n2,tai30_20_08.F.15_01,20,2113
n2_HC,n2,tai30_20_08.F.15_01,21,2132
n2_HC,n2,tai30_20_08.F.15_01,22,2077
n2_HC,n2,tai30_20_08.F.15_01,23,2130
n2_HC,n2,tai30_20_08.F.15_01,24,2111
n2_HC,n2,tai30_20_08.F.15_01,25,2094
n2_HC,n2,tai30_20_08.F.15_01,26,2103
n2_HC,n2,tai30_20_08.F.15_01,27,2108
n2_HC,n2,tai30_20_08.F.15_01,28,2151
n2_HC,n2,tai30_20_08.F.15_01,29,2082
n2_HC,n2,tai30_20_08.F.15_01,30,2112
n2_HC,n2,tai30_20_09.F.15_01,1,2089
n2_HC,n2,tai30_20_09.F.15_01,2,2124
n2_HC,n2,tai30_20_09.F.15_01,3,2146
n2_HC,n2,tai30_20_09.F.15_01,4,2149
n2_HC,n2,tai30_20_09.F.15_01,5,2113
n2_HC,n2,tai30_20_09.F.15_01,6,2113
n2_HC,n2,tai30_20_09.F.15_01,7,2073
n2_HC,n2,tai30_20_09.F.15_01,8,2164
n2_HC,n2,tai30_20_09.F.15_01,9,2125
n2_HC,n2,tai30_20_09.F.15_01,10,2173
n2_HC,n2,tai30_20_09.F.15_01,11,2115
n2_HC,n2,tai30_20_09.F.15_01,12,2102
n2_HC,n2,tai30_20_09.F.15_01,13,2124
n2_HC,n2,tai30_20_09.F.15_01,14,2105
n2_HC,n2,tai30_20_09.F.15_01,15,2166
n2_HC,n2,tai30_20_09.F.15_01,16,2115
n2_HC,n2,tai30_20_09.F.15_01,17,2140
n2_HC,n2,tai30_20_09.F.15_01,18,2081
n2_HC,n2,tai30_20_09.F.15_01,19,2094
n2_HC,n2,tai30_20_09.F.15_01,20,2132
n2_HC,n2,tai30_20_09.F.15_01,21,2134
n2_HC,n2,tai30_20_09.F.15_01,22,2121
n2_HC,n2,tai30_20_09.F.15_01,23,2109
n2_HC,n2,tai30_20_09.F.15_01,24,2135
n2_HC,n2,tai30_20_09.F.15_01,25,2129
n2_HC,n2,tai30_20_09.F.15_01,26,2137
n2_HC,n2,tai30_20_09.F.15_01,27,2124
n2_HC,n2,tai30_20_09.F.15_01,28,2102
n2_HC,n2,tai30_20_09.F.15_01,29,2137
n2_HC,n2,tai30_20_09.F.15_01,30,2140
n2_HC,n2,tai30_20_10.F.15_01,1,2146
n2_HC,n2,tai30_20_10.F.15_01,2,2150
n2_HC,n2,tai30_20_10.F.15_01,3,2174
n2_HC,n2,tai30_20_10.F.15_01,4,2171
n2_HC,n2,tai30_20_10.F.15_01,5,2202
n2_HC,n2,tai30_20_10.F.15_01,6,2143
n2_HC,n2,tai30_20_10.F.15_01,7,2146
n2_HC,n2,tai30_20_10.F.15_01,8,2125
n2_HC,n2,tai30_20_10.F.15_01,9,2139
n2_HC,n2,tai30_20_10.F.15_01,10,2102
n2_HC,n2,tai30_20_10.F.15_01,11,2168
n2_HC,n2,tai30_20_10.F.15_01,12,2142
n2_HC,n2,tai30_20_10.F.15_01,13,2156
n2_HC,n2,tai30_20_10.F.15_01,14,2135
n2_HC,n2,tai30_20_10.F.15_01,15,2172
n2_HC,n2,tai30_20_10.F.15_01,16,2111
n2_HC,n2,tai30_20_10.F.15_01,17,2105
n2_HC,n2,tai30_20_10.F.15_01,18,2095
n2_HC,n2,tai30_20_10.F.15_01,19,2179
n2_HC,n2,tai30_20_10.F.15_01,20,2125
n2_HC,n2,tai30_20_10.F.15_01,21,2127
n2_HC,n2,tai30_20_10.F.15_01,22,2143
n2_HC,n2,tai30_20_10.F.15_01,23,2126
n2_HC,n2,tai30_20_10.F.15_01,24,2113
n2_HC,n2,tai30_20_10.F.15_01,25,2146
n2_HC,n2,tai30_20_10.F.15_01,26,2122
n2_HC,n2,tai30_20_10.F.15_01,27,2154
n2_HC,n2,tai30_20_10.F.15_01,28,2134
n2_HC,n2,tai30_20_10.F.15_01,29,2099
n2_HC,n2,tai30_20_10.F.15_01,30,2136
n2_HC,n2,tai50_15_01.F.15_01,1,2886
n2_HC,n2,tai50_15_01.F.15_01,2,2988
n2_HC,n2,tai50_15_01.F.15_01,3,2878
n2_HC,n2,tai50_15_01.F.15_01,4,2851
n2_HC,n2,tai50_15_01.F.15_01,5,2823
n2_HC,n2,tai50_15_01.F.15_01,6,2909
n2_HC,n2,tai50_15_01.F.15_01,7,2904
n2_HC,n2,tai50_15_01.F.15_01,8,2819
n2_HC,n2,tai50_15_01.F.15_01,9,2886
n2_HC,n2,tai50_15_01.F.15_01,10,2901
n2_HC,n2,tai50_15_01.F.15_01,11,2915
n2_HC,n2,tai50_15_01.F.15_01,12,2898
n2_HC,n2,tai50_15_01.F.15_01,13,2896
n2_HC,n2,tai50_15_01.F.15_01,14,2838
n2_HC,n2,tai50_15_01.F.15_01,15,2909
n2_HC,n2,tai50_15_01.F.15_01,16,2893
n2_HC,n2,tai50_15_01.F.15_01,17,2890
n2_HC,n2,tai50_15_01.F.15_01,18,2812
n2_HC,n2,tai50_15_01.F.15_01,19,2957
n2_HC,n2,tai50_15_01.F.15_01,20,2803
n2_HC,n2,tai50_15_01.F.15_01,21,2889
n2_HC,n2,tai50_15_01.F.15_01,22,2818
n2_HC,n2,tai50_15_01.F.15_01,23,2904
n2_HC,n2,tai50_15_01.F.15_01,24,2904
n2_HC,n2,tai50_15_01.F.15_01,25,2888
n2_HC,n2,tai50_15_01.F.15_01,26,2896
n2_HC,n2,tai50_15_01.F.15_01,27,2860
n2_HC,n2,tai50_15_01.F.15_01,28,2897
n2_HC,n2,tai50_15_01.F.15_01,29,2881
n2_HC,n2,tai50_15_01.F.15_01,30,2850
n2_HC,n2,tai50_15_02.F.15_01,1,2836
n2_HC,n2,tai50_15_02.F.15_01,2,2808
n2_HC,n2,tai50_15_02.F.15_01,3,2935
n2_HC,n2,tai50_15_02.F.15_01,4,2846
n2_HC,n2,tai50_15_02.F.15_01,5,2853
n2_HC,n2,tai50_15_02.F.15_01,6,2841
n2_HC,n2,tai50_15_02.F.15_01,7,2831
n2_HC,n2,tai50_15_02.F.15_01,8,2806
n2_HC,n2,tai50_15_02.F.15_01,9,2886
n2_HC,n2,tai50_15_02.F.15_01,10,2826
n2_HC,n2,tai50_15_02.F.15_01,11,2820
n2_HC,n2,tai50_15_02.F.15_01,12,2772
n2_HC,n2,tai50_15_02.F.15_01,13,2851
n2_HC,n2,tai50_15_02.F.15_01,14,2831
n2_HC,n2,tai50_15_02.F.15_01,15,2835
n2_HC,n2,tai50_15_02.F.15_01,16,2857
n2_HC,n2,tai50_15_02.F.15_01,17,2804
n2_HC,n2,tai50_15_02.F.15_01,18,2845
n2_HC,n2,tai50_15_02.F.15_01,19,2848
n2_HC,n2,tai50_15_02.F.15_01,20,2839
n2_HC,n2,tai50_15_02.F.15_01,21,2792
n2_HC,n2,tai50_15_02.F.15_01,22,2910
n2_HC,n2,tai50_15_02.F.15_01,23,2798
n2_HC,n2,tai50_15_02.F.15_01,24,2865
n2_HC,n2,tai50_15_02.F.15_01,25,2846
n2_HC,n2,tai50_15_02.F.15_01,26,2838
n2_HC,n2,tai50_15_02.F.15_01,27,2824
n2_HC,n2,tai50_15_02.F.15_01,28,2820
n2_HC,n2,tai50_15_02.F.15_01,29,2876
n2_HC,n2,tai50_15_02.F.15_01,30,2844
n2_HC,n2,tai50_15_03.F.15_01,1,2804
n2_HC,n2,tai50_15_03.F.15_01,2,2803
n2_HC,n2,tai50_15_03.F.15_01,3,2840
n2_HC,n2,tai50_15_03.F.15_01,4,2767
n2_HC,n2,tai50_15_03.F.15_01,5,2806
n2_HC,n2,tai50_15_03.F.15_01,6,2793
n2_HC,n2,tai50_15_03.F.15_01,7,2803
n2_HC,n2,tai50_15_03.F.15_01,8,2757
n2_HC,n2,tai50_15_03.F.15_01,9,2807
n2_HC,n2,tai50_15_03.F.15_01,10,2774
n2_HC,n2,tai50_15_03.F.15_01,11,2864
n2_HC,n2,tai50_15_03.F.15_01,12,2824
n2_HC,n2,tai50_15_03.F.15_01,13,2757
n2_HC,n2,tai50_15_03.F.15_01,14,2766
n2_HC,n2,tai50_15_03.F.15_01,15,2771
n2_HC,n2,tai50_15_03.F.15_01,16,2776
n2_HC,n2,tai50_15_03.F.15_01,17,2757
n2_HC,n2,tai50_15_03.F.15_01,18,2773
n2_HC,n2,tai50_15_03.F.15_01,19,2773
n2_HC,n2,tai50_15_03.F.15_01,20,2804
n2_HC,n2,tai50_15_03.F.15_01,21,2764
n2_HC,n2,tai50_15_03.F.15_01,22,2783
n2_HC,n2,tai50_15_03.F.15_01,23,2771
n2_HC,n2,tai50_15_03.F.15_01,24,2789
n2_HC,n2,tai50_15_03.F.15_01,25,2768
n2_HC,n2,tai50_15_03.F.15_01,26,2824
n2_HC,n2,tai50_15_03.F.15_01,27,2789
n2_HC,n2,tai50_15_03.F.15_01,28,2758
n2_HC,n2,tai50_15_03.F.15_01,29,2750
n2_HC,n2,tai50_15_03.F.15_01,30,2765
n2_HC,n2,tai50_15_04.F.15_01,1,2911
n2_HC,n2,tai50_15_04.F.15_01,2,2839
n2_HC,n2,tai50_15_04.F.15_01,3,2872
n2_HC,n2,tai50_15_04.F.15_01,4,2897
n2_HC,n2,tai50_15_04.F.15_01,5,2839
n2_HC,n2,tai50_15_04.F.15_01,6,2858
n2_HC,n2,tai50_15_04.F.15_01,7,2958
n2_HC,n2,tai50_15_04.F.15_01,8,2857
n2_HC,n2,tai50_15_04.F.15_01,9,2847
n2_HC,n2,tai50_15_04.F.15_01,10,2845
n2_HC,n2,tai50_15_04.F.15_01,11,2869
n2_HC,n2,tai50_15_04.F.15_01,12,2874
n2_HC,n2,tai50_15_04.F.15_01,13,2873
n2_HC,n2,tai50_15_04.F.15_01,14,2860
n2_HC,n2,tai50_15_04.F.15_01,15,2854
n2_HC,n2,tai50_15_04.F.15_01,16,2848
n2_HC,n2,tai50_15_04.F.15_01,17,2873
n2_HC,n2,tai50_15_04.F.15_01,18,2863
n2_HC,n2,tai50_15_04.F.15_01,19,2854
n2_HC,n2,tai50_15_04.F.15_01,20,2854
n2_HC,n2,tai50_15_04.F.15_01,21,2873
n2_HC,n2,tai50_15_04.F.15_01,22,2854
n2_HC,n2,tai50_15_04.F.15_01,23,2874
n2_HC,n2,tai50_15_04.F.15_01,24,2858
n2_HC,n2,tai50_15_04.F.15_01,25,2839
n2_HC,n2,tai50_15_04.F.15_01,26,2854
n2_HC,n2,tai50_15_04.F.15_01,27,2863
n2_HC,n2,tai50_15_04.F.15_01,28,2863
n2_HC,n2,tai50_15_04.F.15_01,29,2848
n2_HC,n2,tai50_15_04.F.15_01,30,2846
n2_HC,n2,tai50_15_05.F.15_01,1,2848
n2_HC,n2,tai50_15_05.F.15_01,2,2827
n2_HC,n2,tai50_15_05.F.15_01,3,2806
n2_HC,n2,tai50_15_05.F.15_01,4,2873
n2_HC,n2,tai50_15_05.F.15_01,5,2789
n2_HC,n2,tai50_15_05.F.15_01,6,2897
n2_HC,n2,tai50_15_05.F.15_01,7,2871
n2_HC,n2,tai50_15_05.F.15_01,8,2861
n2_HC,n2,tai50_15_05.F.15_01,9,2832
n2_HC,n2,tai50_15_05.F.15_01,10,2829
n2_HC,n2,tai50_15_05.F.15_01,11,2832
n2_HC,n2,tai50_15_05.F.15_01,12,2869
n2_HC,n2,tai50_15_05.F.15_01,13,2798
n2_HC,n2,tai50_15_05.F.15_01,14,2844
n2_HC,n2,tai50_15_05.F.15_01,15,2826
n2_HC,n2,tai50_15_05.F.15_01,16,2813
n2_HC,n2,tai50_15_05.F.15_01,17,2835
n2_HC,n2,tai50_15_05.F.15_01,18,2750
n2_HC,n2,tai50_15_05.F.15_01,19,2775
n2_HC,n2,tai50_15_05.F.15_01,20,2822
n2_HC,n2,tai50_15_05.F.15_01,21,2823
n2_HC,n2,tai50_15_05.F.15_01,22,2793
n2_HC,n2,tai50_15_05.F.15_01,23,2890
n2_HC,n2,tai50_15_05.F.15_01,24,2805
n2_HC,n2,tai50_15_05.F.15_01,25,2800
n2_HC,n2,tai50_15_05.F.15_01,26,2853
n2_HC,n2,tai50_15_05.F.15_01,27,2877
n2_HC,n2,tai50_15_05.F.15_01,28,2820
n2_HC,n2,tai50_15_05.F.15_01,29,2795
n2_HC,n2,tai50_15_05.F.15_01,30,2836
n2_HC,n2,tai50_15_06.F.15_01,1,2827
n2_HC,n2,tai50_15_06.F.15_01,2,2815
n2_HC,n2,tai50_15_06.F.15_01,3,2834
n2_HC,n2,tai50_15_06.F.15_01,4,2822
n2_HC,n2,tai50_15_06.F.15_01,5,2839
n2_HC,n2,tai50_15_06.F.15_01,6,2860
n2_HC,n2,tai50_15_06.F.15_01,7,2883
n2_HC,n2,tai50_15_06.F.15_01,8,2851
n2_HC,n2,tai50_15_06.F.15_01,9,2878
n2_HC,n2,tai50_15_06.F.15_01,10,2848
n2_HC,n2,tai50_15_06.F.15_01,11,2834
n2_HC,n2,tai50_15_06.F.15_01,12,2868
n2_HC,n2,tai50_15_06.F.15_01,13,2819
n2_HC,n2,tai50_15_06.F.15_01,14,2885
n2_HC,n2,tai50_15_06.F.15_01,15,2898
n2_HC,n2,tai50_15_06.F.15_01,16,2836
n2_HC,n2,tai50_15_06.F.15_01,17,2848
n2_HC,n2,tai50_15_06.F.15_01,18,2904
n2_HC,n2,tai50_15_06.F.15_01,19,2821
n2_HC,n2,tai50_15_06.F.15_01,20,2840
n2_HC,n2,tai50_15_06.F.15_01,21,2826
n2_HC,n2,tai50_15_06.F.15_01,22,2841
n2_HC,n2,tai50_15_06.F.15_01,23,2825
n2_HC,n2,tai50_15_06.F.15_01,24,2802
n2_HC,n2,tai50_15_06.F.15_01,25,2848
n2_HC,n2,tai50_15_06.F.15_01,26,2824
n2_HC,n2,tai50_15_06.F.15_01,27,2913
n2_HC,n2,tai50_15_06.F.15_01,28,2878
n2_HC,n2,tai50_15_06.F.15_01,29,2884
n2_HC,n2,tai50_15_06.F.15_01,30,2822
n2_HC,n2,tai50_15_07.F.15_01,1,2950
n2_HC,n2,tai50_15_07.F.15_01,2,3001
n2_HC,n2,tai50_15_07.F.15_01,3,2987
n2_HC,n2,tai50_15_07.F.15_01,4,2987
n2_HC,n2,tai50_15_07.F.15_01,5,2943
n2_HC,n2,tai50_15_07.F.15_01,6,2983
n2_HC,n2,tai50_15_07.F.15_01,7,3036
n2_HC,n2,tai50_15_07.F.15_01,8,2977
n2_HC,n2,tai50_15_07.F.15_01,9,3033
n2_HC,n2,tai50_15_07.F.15_01,10,2960
n2_HC,n2,tai50_15_07.F.15_01,11,2970
n2_HC,n2,tai50_15_07.F.15_01,12,2994
n2_HC,n2,tai50_15_07.F.15_01,13,2988
n2_HC,n2,tai50_15_07.F.15_01,14,3041
n2_HC,n2,tai50_15_07.F.15_01,15,2943
n2_HC,n2,tai50_15_07.F.15_01,16,2972
n2_HC,n2,tai50_15_07.F.15_01,17,3003
n2_HC,n2,tai50_15_07.F.15_01,18,2975
n2_HC,n2,tai50_15_07.F.15_01,19,3017
n2_HC,n2,tai50_15_07.F.15_01,20,3002
n2_HC,n2,tai50_15_07.F.15_01,21,3051
n2_HC,n2,tai50_15_07.F.15_01,22,2969
n2_HC,n2,tai50_15_07.F.15_01,23,2988
n2_HC,n2,tai50_15_07.F.15_01,24,3033
n2_HC,n2,tai50_15_07.F.15_01,25,2970
n2_HC,n2,tai50_15_07.F.15_01,26,3008
n2_HC,n2,tai50_15_07.F.15_01,27,2943
n2_HC,n2,tai50_15_07.F.15_01,28,2947
n2_HC,n2,tai50_15_07.F.15_01,29,2984
n2_HC,n2,tai50_15_07.F.15_01,30,2969
n2_HC,n2,tai50_15_08.F.15_01,1,2925
n2_HC,n2,tai50_15_08.F.15_01,2,2922
n2_HC,n2,tai50_15_08.F.15_01,3,2955
n2_HC,n2,tai50_15_08.F.15_01,4,2910
n2_HC,n2,tai50_15_08.F.15_01,5,2919
n2_HC,n2,tai50_15_08.F.15_01,6,2899
n2_HC,n2,tai50_15_08.F.15_01,7,2902
n2_HC,n2,tai50_15_08.F.15_01,8,2914
n2_HC,n2,tai50_15_08.F.15_01,9,2956
n2_HC,n2,tai50_15_08.F.15_01,10,2894
n2_HC,n2,tai50_15_08.F.15_01,11,2986
n2_HC,n2,tai50_15_08.F.15_01,12,2983
n2_HC,n2,tai50_15_08.F.15_01,13,2934
n2_HC,n2,tai50_15_08.F.15_01,14,2957
n2_HC,n2,tai50_15_08.F.15_01,15,2971
n2_HC,n2,tai50_15_08.F.15_01,16,2990
n2_HC,n2,tai50_15_08.F.15_01,17,2959
n2_HC,n2,tai50_15_08.F.15_01,18,2965
n2_HC,n2,tai50_15_08.F.15_01,19,2885
n2_HC,n2,tai50_15_08.F.15_01,20,2887
n2_HC,n2,tai50_15_08.F.15_01,21,2944
n2_HC,n2,tai50_15_08.F.15_01,22,2966
n2_HC,n2,tai50_15_08.F.15_01,23,2930
n2_HC,n2,tai50_15_08.F.15_01,24,2939
n2_HC,n2,tai50_15_08.F.15_01,25,2980
n2_HC,n2,tai50_15_08.F.15_01,26,2966
n2_HC,n2,tai50_15_08.F.15_01,27,2906
n2_HC,n2,tai50_15_08.F.15_01,28,2938
n2_HC,n2,tai50_15_08.F.15_01,29,2964
n2_HC,n2,tai50_15_08.F.15_01,30,2893
n2_HC,n2,tai50_15_09.F.15_01,1,2795
n2_HC,n2,tai50_15_09.F.15_01,2,2826
n2_HC,n2,tai50_15_09.F.15_01,3,2812
n2_HC,n2,tai50_15_09.F.15_01,4,2805
n2_HC,n2,tai50_15_09.F.15_01,5,2745
n2_HC,n2,tai50_15_09.F.15_01,6,2822
n2_HC,n2,tai50_15_09.F.15_01,7,2774
n2_HC,n2,tai50_15_09.F.15_01,8,2749
n2_HC,n2,tai50_15_09.F.15_01,9,2768
n2_HC,n2,tai50_15_09.F.15_01,10,2753
n2_HC,n2,tai50_15_09.F.15_01,11,2756
n2_HC,n2,tai50_15_09.F.15_01,12,2790
n2_HC,n2,tai50_15_09.F.15_01,13,2807
n2_HC,n2,tai50_15_09.F.15_01,14,2762
n2_HC,n2,tai50_15_09.F.15_01,15,2714
n2_HC,n2,tai50_15_09.F.15_01,16,2762
n2_HC,n2,tai50_15_09.F.15_01,17,2775
n2_HC,n2,tai50_15_09.F.15_01,18,2770
n2_HC,n2,tai50_15_09.F.15_01,19,2755
n2_HC,n2,tai50_15_09.F.15_01,20,2798
n2_HC,n2,tai50_15_09.F.15_01,21,2793
n2_HC,n2,tai50_15_09.F.15_01,22,2809
n2_HC,n2,tai50_15_09.F.15_01,23,2792
n2_HC,n2,tai50_15_09.F.15_01,24,2795
n2_HC,n2,tai50_15_09.F.15_01,25,2770
n2_HC,n2,tai50_15_09.F.15_01,26,2757
n2_HC,n2,tai50_15_09.F.15_01,27,2762
n2_HC,n2,tai50_15_09.F.15_01,28,2804
n2_HC,n2,tai50_15_09.F.15_01,29,2796
n2_HC,n2,tai50_15_09.F.15_01,30,2813
n2_HC,n2,tai50_15_10.F.15_01,1,2789
n2_HC,n2,tai50_15_10.F.15_01,2,2790
n2_HC,n2,tai50_15_10.F.15_01,3,2797
n2_HC,n2,tai50_15_10.F.15_01,4,2838
n2_HC,n2,tai50_15_10.F.15_01,5,2843
n2_HC,n2,tai50_15_10.F.15_01,6,2820
n2_HC,n2,tai50_15_10.F.15_01,7,2816
n2_HC,n2,tai50_15_10.F.15_01,8,2783
n2_HC,n2,tai50_15_10.F.15_01,9,2814
n2_HC,n2,tai50_15_10.F.15_01,10,2834
n2_HC,n2,tai50_15_10.F.15_01,11,2803
n2_HC,n2,tai50_15_10.F.15_01,12,2817
n2_HC,n2,tai50_15_10.F.15_01,13,2836
n2_HC,n2,tai50_15_10.F.15_01,14,2796
n2_HC,n2,tai50_15_10.F.15_01,15,2832
n2_HC,n2,tai50_15_10.F.15_01,16,2864
n2_HC,n2,tai50_15_10.F.15_01,17,2800
n2_HC,n2,tai50_15_10.F.15_01,18,2816
n2_HC,n2,tai50_15_10.F.15_01,19,2832
n2_HC,n2,tai50_15_10.F.15_01,20,2753
n2_HC,n2,tai50_15_10.F.15_01,21,2816
n2_HC,n2,tai50_15_10.F.15_01,22,2801
n2_HC,n2,tai50_15_10.F.15_01,23,2816
n2_HC,n2,tai50_15_10.F.15_01,24,2799
n2_HC,n2,tai50_15_10.F.15_01,25,2832
n2_HC,n2,tai50_15_10.F.15_01,26,2796
n2_HC,n2,tai50_15_10.F.15_01,27,2796
n2_HC,n2,tai50_15_10.F.15_01,28,2790
n2_HC,n2,tai50_15_10.F.15_01,29,2801
n2_HC,n2,tai50_15_10.F.15_01,30,2834
n2_HC,n2,tai50_20_01.F.15_01,1,3031
n2_HC,n2,tai50_20_01.F.15_01,2,3021
n2_HC,n2,tai50_20_01.F.15_01,3,3062
n2_HC,n2,tai50_20_01.F.15_01,4,3090
n2_HC,n2,tai50_20_01.F.15_01,5,3023
n2_HC,n2,tai50_20_01.F.15_01,6,3001
n2_HC,n2,tai50_20_01.F.15_01,7,3017
n2_HC,n2,tai50_20_01.F.15_01,8,3061
n2_HC,n2,tai50_20_01.F.15_01,9,3004
n2_HC,n2,tai50_20_01.F.15_01,10,3047
n2_HC,n2,tai50_20_01.F.15_01,11,3086
n2_HC,n2,tai50_20_01.F.15_01,12,3074
n2_HC,n2,tai50_20_01.F.15_01,13,3083
n2_HC,n2,tai50_20_01.F.15_01,14,3030
n2_HC,n2,tai50_20_01.F.15_01,15,3034
n2_HC,n2,tai50_20_01.F.15_01,16,3021
n2_HC,n2,tai50_20_01.F.15_01,17,2982
n2_HC,n2,tai50_20_01.F.15_01,18,2988
n2_HC,n2,tai50_20_01.F.15_01,19,3090
n2_HC,n2,tai50_20_01.F.15_01,20,3047
n2_HC,n2,tai50_20_01.F.15_01,21,3010
n2_HC,n2,tai50_20_01.F.15_01,22,3001
n2_HC,n2,tai50_20_01.F.15_01,23,3060
n2_HC,n2,tai50_20_01.F.15_01,24,3043
n2_HC,n2,tai50_20_01.F.15_01,25,3052
n2_HC,n2,tai50_20_01.F.15_01,26,2987
n2_HC,n2,tai50_20_01.F.15_01,27,3045
n2_HC,n2,tai50_20_01.F.15_01,28,3052
n2_HC,n2,tai50_20_01.F.15_01,29,3081
n2_HC,n2,tai50_20_01.F.15_01,30,3061
n2_HC,n2,tai50_20_02.F.15_01,1,3090
n2_HC,n2,tai50_20_02.F.15_01,2,3066
n2_HC,n2,tai50_20_02.F.15_01,3,3156
n2_HC,n2,tai50_20_02.F.15_01,4,3147
n2_HC,n2,tai50_20_02.F.15_01,5,3102
n2_HC,n2,tai50_20_02.F.15_01,6,3100
n2_HC,n2,tai50_20_02.F.15_01,7,3150
n2_HC,n2,tai50_20_02.F.15_01,8,3108
n2_HC,n2,tai50_20_02.F.15_01,9,3145
n2_HC,n2,tai50_20_02.F.15_01,10,3119
n2_HC,n2,tai50_20_02.F.15_01,11,3091
n2_HC,n2,tai50_20_02.F.15_01,12,3155
n2_HC,n2,tai50_20_02.F.15_01,13,3166
n2_HC,n2,tai50_20_02.F.15_01,14,3152
n2_HC,n2,tai50_20_02.F.15_01,15,3156
n2_HC,n2,tai50_20_02.F.15_01,16,3102
n2_HC,n2,tai50_20_02.F.15_01,17,3134
n2_HC,n2,tai50_20_02.F.15_01,18,3136
n2_HC,n2,tai50_20_02.F.15_01,19,3158
n2_HC,n2,tai50_20_02.F.15_01,20,3140
n2_HC,n2,tai50_20_02.F.15_01,21,3156
n2_HC,n2,tai50_20_02.F.15_01,22,3128
n2_HC,n2,tai50_20_02.F.15_01,23,3171
n2_HC,n2,tai50_20_02.F.15_01,24,3125
n2_HC,n2,tai50_20_02.F.15_01,25,3148
n2_HC,n2,tai50_20_02.F.15_01,26,3130
n2_HC,n2,tai50_20_02.F.15_01,27,3089
n2_HC,n2,tai50_20_02.F.15_01,28,3115
n2_HC,n2,tai50_20_02.F.15_01,29,3137
n2_HC,n2,tai50_20_02.F.15_01,30,3120
n2_HC,n2,tai50_20_03.F.15_01,1,2991
n2_HC,n2,tai50_20_03.F.15_01,2,2915
n2_HC,n2,tai50_20_03.F.15_01,3,2948
n2_HC,n2,tai50_20_03.F.15_01,4,2931
n2_HC,n2,tai50_20_03.F.15_01,5,2912
n2_HC,n2,tai50_20_03.F.15_01,6,2946
n2_HC,n2,tai50_20_03.F.15_01,7,2927
n2_HC,n2,tai50_20_03.F.15_01,8,2872
n2_HC,n2,tai50_20_03.F.15_01,9,2884
n2_HC,n2,tai50_20_03.F.15_01,10,2953
n2_HC,n2,tai50_20_03.F.15_01,11,2960
n2_HC,n2,tai50_20_03.F.15_01,12,2935
n2_HC,n2,tai50_20_03.F.15_01,13,2910
n2_HC,n2,tai50_20_03.F.15_01,14,2908
n2_HC,n2,tai50_20_03.F.15_01,15,2944
n2_HC,n2,tai50_20_03.F.15_01,16,2954
n2_HC,n2,tai50_20_03.F.15_01,17,2910
n2_HC,n2,tai50_20_03.F.15_01,18,2884
n2_HC,n2,tai50_20_03.F.15_01,19,2956
n2_HC,n2,tai50_20_03.F.15_01,20,2986
n2_HC,n2,tai50_20_03.F.15_01,21,2967
n2_HC,n2,tai50_20_03.F.15_01,22,3051
n2_HC,n2,tai50_20_03.F.15_01,23,2927
n2_HC,n2,tai50_20_03.F.15_01,24,2951
n2_HC,n2,tai50_20_03.F.15_01,25,2967
n2_HC,n2,tai50_20_03.F.15_01,26,2935
n2_HC,n2,tai50_20_03.F.15_01,27,2982
n2_HC,n2,tai50_20_03.F.15_01,28,3002
n2_HC,n2,tai50_20_03.F.15_01,29,2892
n2_HC,n2,tai50_20_03.F.15_01,30,2953
n2_HC,n2,tai50_20_04.F.15_01,1,2835
n2_HC,n2,tai50_20_04.F.15_01,2,2800
n2_HC,n2,tai50_20_04.F.15_01,3,2839
n2_HC,n2,tai50_20_04.F.15_01,4,2824
n2_HC,n2,tai50_20_04.F.15_01,5,2818
n2_HC,n2,tai50_20_04.F.15_01,6,2812
n2_HC,n2,tai50_20_04.F.15_01,7,2863
n2_HC,n2,tai50_20_04.F.15_01,8,2839
n2_HC,n2,tai50_20_04.F.15_01,9,2881
n2_HC,n2,tai50_20_04.F.15_01,10,2846
n2_HC,n2,tai50_20_04.F.15_01,11,2824
n2_HC,n2,tai50_20_04.F.15_01,12,2919
n2_HC,n2,tai50_20_04.F.15_01,13,2843
n2_HC,n2,tai50_20_04.F.15_01,14,2806
n2_HC,n2,tai50_20_04.F.15_01,15,2830
n2_HC,n2,tai50_20_04.F.15_01,16,2816
n2_HC,n2,tai50_20_04.F.15_01,17,2833
n2_HC,n2,tai50_20_04.F.15_01,18,2846
n2_HC,n2,tai50_20_04.F.15_01,19,2788
n2_HC,n2,tai50_20_04.F.15_01,20,2806
n2_HC,n2,tai50_20_04.F.15_01,21,2904
n2_HC,n2,tai50_20_04.F.15_01,22,2854
n2_HC,n2,tai50_20_04.F.15_01,23,2848
n2_HC,n2,tai50_20_04.F.15_01,24,2787
n2_HC,n2,tai50_20_04.F.15_01,25,2869
n2_HC,n2,tai50_20_04.F.15_01,26,2883
n2_HC,n2,tai50_20_04.F.15_01,27,2856
n2_HC,n2,tai50_20_04.F.15_01,28,2814
n2_HC,n2,tai50_20_04.F.15_01,29,2894
n2_HC,n2,tai50_20_04.F.15_01,30,2862
n2_HC,n2,tai50_20_05.F.15_01,1,2925
n2_HC,n2,tai50_20_05.F.15_01,2,2915
n2_HC,n2,tai50_20_05.F.15_01,3,2895
n2_HC,n2,tai50_20_05.F.15_01,4,2955
n2_HC,n2,tai50_20_05.F.15_01,5,2901
n2_HC,n2,tai50_20_05.F.15_01,6,2884
n2_HC,n2,tai50_20_05.F.15_01,7,2926
n2_HC,n2,tai50_20_05.F.15_01,8,2897
n2_HC,n2,tai50_20_05.F.15_01,9,2901
n2_HC,n2,tai50_20_05.F.15_01,10,2944
n2_HC,n2,tai50_20_05.F.15_01,11,2926
n2_HC,n2,tai50_20_05.F.15_01,12,2927
n2_HC,n2,tai50_20_05.F.15_01,13,2956
n2_HC,n2,tai50_20_05.F.15_01,14,2926
n2_HC,n2,tai50_20_05.F.15_01,15,2908
n2_HC,n2,tai50_20_05.F.15_01,16,2885
n2_HC,n2,tai50_20_05.F.15_01,17,2936
n2_HC,n2,tai50_20_05.F.15_01,18,2915
n2_HC,n2,tai50_20_05.F.15_01,19,2909
n2_HC,n2,tai50_20_05.F.15_01,20,2956
n2_HC,n2,tai50_20_05.F.15_01,21,2891
n2_HC,n2,tai50_20_05.F.15_01,22,2928
n2_HC,n2,tai50_20_05.F.15_01,23,2905
n2_HC,n2,tai50_20_05.F.15_01,24,2953
n2_HC,n2,tai50_20_05.F.15_01,25,2905
n2_HC,n2,tai50_20_05.F.15_01,26,2879
n2_HC,n2,tai50_20_05.F.15_01,27,2965
n2_HC,n2,tai50_20_05.F.15_01,28,2904
n2_HC,n2,tai50_20_05.F.15_01,29,2911
n2_HC,n2,tai50_20_05.F.15_01,30,2853
n2_HC,n2,tai50_20_06.F.15_01,1,3008
n2_HC,n2,tai50_20_06.F.15_01,2,3007
n2_HC,n2,tai50_20_06.F.15_01,3,3020
n2_HC,n2,tai50_20_06.F.15_01,4,3038
n2_HC,n2,tai50_20_06.F.15_01,5,3032
n2_HC,n2,tai50_20_06.F.15_01,6,3021
n2_HC,n2,tai50_20_06.F.15_01,7,2988
n2_HC,n2,tai50_20_06.F.15_01,8,3039
n2_HC,n2,tai50_20_06.F.15_01,9,3004
n2_HC,n2,tai50_20_06.F.15_01,10,2966
n2_HC,n2,tai50_20_06.F.15_01,11,2983
n2_HC,n2,tai50_20_06.F.15_01,12,3035
n2_HC,n2,tai50_20_06.F.15_01,13,2974
n2_HC,n2,tai50_20_06.F.15_01,14,2999
n2_HC,n2,tai50_20_06.F.15_01,15,3082
n2_HC,n2,tai50_20_06.F.15_01,16,3010
n2_HC,n2,tai50_20_06.F.15_01,17,3074
n2_HC,n2,tai50_20_06.F.15_01,18,3004
n2_HC,n2,tai50_20_06.F.15_01,19,2994
n2_HC,n2,tai50_20_06.F.15_01,20,2994
n2_HC,n2,tai50_20_06.F.15_01,21,2977
n2_HC,n2,tai50_20_06.F.15_01,22,2991
n2_HC,n2,tai50_20_06.F.15_01,23,2976
n2_HC,n2,tai50_20_06.F.15_01,24,3046
n2_HC,n2,tai50_20_06.F.15_01,25,2983
n2_HC,n2,tai50_20_06.F.15_01,26,3008
n2_HC,n2,tai50_20_06.F.15_01,27,3039
n2_HC,n2,tai50_20_06.F.15_01,28,3033
n2_HC,n2,tai50_20_06.F.15_01,29,3076
n2_HC,n2,tai50_20_06.F.15_01,30,3089
n2_HC,n2,tai50_20_07.F.15_01,1,3020
n2_HC,n2,tai50_20_07.F.15_01,2,3001
n2_HC,n2,tai50_20_07.F.15_01,3,3035
n2_HC,n2,tai50_20_07.F.15_01,4,3038
n2_HC,n2,tai50_20_07.F.15_01,5,3056
n2_HC,n2,tai50_20_07.F.15_01,6,3004
n2_HC,n2,tai50_20_07.F.15_01,7,3004
n2_HC,n2,tai50_20_07.F.15_01,8,2983
n2_HC,n2,tai50_20_07.F.15_01,9,3008
n2_HC,n2,tai50_20_07.F.15_01,10,2966
n2_HC,n2,tai50_20_07.F.15_01,11,2972
n2_HC,n2,tai50_20_07.F.15_01,12,2997
n2_HC,n2,tai50_20_07.F.15_01,13,2967
n2_HC,n2,tai50_20_07.F.15_01,14,3003
n2_HC,n2,tai50_20_07.F.15_01,15,2963
n2_HC,n2,tai50_20_07.F.15_01,16,3018
n2_HC,n2,tai50_20_07.F.15_01,17,3040
n2_HC,n2,tai50_20_07.F.15_01,18,2968
n2_HC,n2,tai50_20_07.F.15_01,19,3054
n2_HC,n2,tai50_20_07.F.15_01,20,3035
n2_HC,n2,tai50_20_07.F.15_01,21,3042
n2_HC,n2,tai50_20_07.F.15_01,22,3017
n2_HC,n2,tai50_20_07.F.15_01,23,2996
n2_HC,n2,tai50_20_07.F.15_01,24,3023
n2_HC,n2,tai50_20_07.F.15_01,25,3040
n2_HC,n2,tai50_20_07.F.15_01,26,3010
n2_HC,n2,tai50_20_07.F.15_01,27,3047
n2_HC,n2,tai50_20_07.F.15_01,28,3008
n2_HC,n2,tai50_20_07.F.15_01,29,3022
n2_HC,n2,tai50_20_07.F.15_01,30,2973
n2_HC,n2,tai50_20_08.F.15_01,1,2922
n2_HC,n2,tai50_20_08.F.15_01,2,2935
n2_HC,n2,tai50_20_08.F.15_01,3,2946
n2_HC,n2,tai50_20_08.F.15_01,4,2917
n2_HC,n2,tai50_20_08.F.15_01,5,2923
n2_HC,n2,tai50_20_08.F.15_01,6,2924
n2_HC,n2,tai50_20_08.F.15_01,7,2949
n2_HC,n2,tai50_20_08.F.15_01,8,2929
n2_HC,n2,tai50_20_08.F.15_01,9,2906
n2_HC,n2,tai50_20_08.F.15_01,10,2882
n2_HC,n2,tai50_20_08.F.15_01,11,2914
n2_HC,n2,tai50_20_08.F.15_01,12,2921
n2_HC,n2,tai50_20_08.F.15_01,13,2957
n2_HC,n2,tai50_20_08.F.15_01,14,2931
n2_HC,n2,tai50_20_08.F.15_01,15,2889
n2_HC,n2,tai50_20_08.F.15_01,16,2869
n2_HC,n2,tai50_20_08.F.15_01,17,2913
n2_HC,n2,tai50_20_08.F.15_01,18,2892
n2_HC,n2,tai50_20_08.F.15_01,19,2969
n2_HC,n2,tai50_20_08.F.15_01,20,2917
n2_HC,n2,tai50_20_08.F.15_01,21,2931
n2_HC,n2,tai50_20_08.F.15_01,22,2910
n2_HC,n2,tai50_20_08.F.15_01,23,2913
n2_HC,n2,tai50_20_08.F.15_01,24,2903
n2_HC,n2,tai50_20_08.F.15_01,25,2984
n2_HC,n2,tai50_20_08.F.15_01,26,2953
n2_HC,n2,tai50_20_08.F.15_01,27,2918
n2_HC,n2,tai50_20_08.F.15_01,28,2889
n2_HC,n2,tai50_20_08.F.15_01,29,2927
n2_HC,n2,tai50_20_08.F.15_01,30,2929
n2_HC,n2,tai50_20_09.F.15_01,1,3190
n2_HC,n2,tai50_20_09.F.15_01,2,3191
n2_HC,n2,tai50_20_09.F.15_01,3,3226
n2_HC,n2,tai50_20_09.F.15_01,4,3226
n2_HC,n2,tai50_20_09.F.15_01,5,3122
n2_HC,n2,tai50_20_09.F.15_01,6,3199
n2_HC,n2,tai50_20_09.F.15_01,7,3172
n2_HC,n2,tai50_20_09.F.15_01,8,3177
n2_HC,n2,tai50_20_09.F.15_01,9,3238
n2_HC,n2,tai50_20_09.F.15_01,10,3179
n2_HC,n2,tai50_20_09.F.15_01,11,3211
n2_HC,n2,tai50_20_09.F.15_01,12,3174
n2_HC,n2,tai50_20_09.F.15_01,13,3228
n2_HC,n2,tai50_20_09.F.15_01,14,3143
n2_HC,n2,tai50_20_09.F.15_01,15,3208
n2_HC,n2,tai50_20_09.F.15_01,16,3226
n2_HC,n2,tai50_20_09.F.15_01,17,3225
n2_HC,n2,tai50_20_09.F.15_01,18,3143
n2_HC,n2,tai50_20_09.F.15_01,19,3226
n2_HC,n2,tai50_20_09.F.15_01,20,3243
n2_HC,n2,tai50_20_09.F.15_01,21,3192
n2_HC,n2,tai50_20_09.F.15_01,22,3152
n2_HC,n2,tai50_20_09.F.15_01,23,3187
n2_HC,n2,tai50_20_09.F.15_01,24,3160
n2_HC,n2,tai50_20_09.F.15_01,25,3216
n2_HC,n2,tai50_20_09.F.15_01,26,3195
n2_HC,n2,tai50_20_09.F.15_01,27,3202
n2_HC,n2,tai50_20_09.F.15_01,28,3161
n2_HC,n2,tai50_20_09.F.15_01,29,3258
n2_HC,n2,tai50_20_09.F.15_01,30,3170
n2_HC,n2,tai50_20_10.F.15_01,1,3195
n2_HC,n2,tai50_20_10.F.15_01,2,3225
n2_HC,n2,tai50_20_10.F.15_01,3,3217
n2_HC,n2,tai50_20_10.F.15_01,4,3261
n2_HC,n2,tai50_20_10.F.15_01,5,3221
n2_HC,n2,tai50_20_10.F.15_01,6,3220
n2_HC,n2,tai50_20_10.F.15_01,7,3185
n2_HC,n2,tai50_20_10.F.15_01,8,3224
n2_HC,n2,tai50_20_10.F.15_01,9,3258
n2_HC,n2,tai50_20_10.F.15_01,10,3269
n2_HC,n2,tai50_20_10.F.15_01,11,3199
n2_HC,n2,tai50_20_10.F.15_01,12,3177
n2_HC,n2,tai50_20_10.F.15_01,13,3181
n2_HC,n2,tai50_20_10.F.15_01,14,3264
n2_HC,n2,tai50_20_10.F.15_01,15,3199
n2_HC,n2,tai50_20_10.F.15_01,16,3203
n2_HC,n2,tai50_20_10.F.15_01,17,3205
n2_HC,n2,tai50_20_10.F.15_01,18,3237
n2_HC,n2,tai50_20_10.F.15_01,19,3208
n2_HC,n2,tai50_20_10.F.15_01,20,3155
n2_HC,n2,tai50_20_10.F.15_01,21,3227
n2_HC,n2,tai50_20_10.F.15_01,22,3212
n2_HC,n2,tai50_20_10.F.15_01,23,3124
n2_HC,n2,tai50_20_10.F.15_01,24,3227
n2_HC,n2,tai50_20_10.F.15_01,25,3225
n2_HC,n2,tai50_20_10.F.15_01,26,3199
n2_HC,n2,tai50_20_10.F.15_01,27,3205
n2_HC,n2,tai50_20_10.F.15_01,28,3208
n2_HC,n2,tai50_20_10.F.15_01,29,3238
n2_HC,n2,tai50_20_10.F.15_01,30,3186
n3_HC,n3,F0.15.0.abz7_06,1,682
n3_HC,n3,F0.15.0.abz7_06,2,687
n3_HC,n3,F0.15.0.abz7_06,3,685
n3_HC,n3,F0.15.0.abz7_06,4,709
n3_HC,n3,F0.15.0.abz7_06,5,687
n3_HC,n3,F0.15.0.abz7_06,6,696
n3_HC,n3,F0.15.0.abz7_06,7,701
n3_HC,n3,F0.15.0.abz7_06,8,704
n3_HC,n3,F0.15.0.abz7_06,9,700
n3_HC,n3,F0.15.0.abz7_06,10,697
n3_HC,n3,F0.15.0.abz7_06,11,699
n3_HC,n3,F0.15.0.abz7_06,12,686
n3_HC,n3,F0.15.0.abz7_06,13,692
n3_HC,n3,F0.15.0.abz7_06,14,700
n3_HC,n3,F0.15.0.abz7_06,15,685
n3_HC,n3,F0.15.0.abz7_06,16,678
n3_HC,n3,F0.15.0.abz7_06,17,689
n3_HC,n3,F0.15.0.abz7_06,18,676
n3_HC,n3,F0.15.0.abz7_06,19,682
n3_HC,n3,F0.15.0.abz7_06,20,695
n3_HC,n3,F0.15.0.abz7_06,21,703
n3_HC,n3,F0.15.0.abz7_06,22,685
n3_HC,n3,F0.15.0.abz7_06,23,689
n3_HC,n3,F0.15.0.abz7_06,24,691
n3_HC,n3,F0.15.0.abz7_06,25,695
n3_HC,n3,F0.15.0.abz7_06,26,699
n3_HC,n3,F0.15.0.abz7_06,27,688
n3_HC,n3,F0.15.0.abz7_06,28,707
n3_HC,n3,F0.15.0.abz7_06,29,701
n3_HC,n3,F0.15.0.abz7_06,30,682
n3_HC,n3,F0.15.0.abz8_05,1,701
n3_HC,n3,F0.15.0.abz8_05,2,704
n3_HC,n3,F0.15.0.abz8_05,3,711
n3_HC,n3,F0.15.0.abz8_05,4,716
n3_HC,n3,F0.15.0.abz8_05,5,704
n3_HC,n3,F0.15.0.abz8_05,6,704
n3_HC,n3,F0.15.0.abz8_05,7,698
n3_HC,n3,F0.15.0.abz8_05,8,725
n3_HC,n3,F0.15.0.abz8_05,9,707
n3_HC,n3,F0.15.0.abz8_05,10,713
n3_HC,n3,F0.15.0.abz8_05,11,701
n3_HC,n3,F0.15.0.abz8_05,12,709
n3_HC,n3,F0.15.0.abz8_05,13,711
n3_HC,n3,F0.15.0.abz8_05,14,704
n3_HC,n3,F0.15.0.abz8_05,15,712
n3_HC,n3,F0.15.0.abz8_05,16,697
n3_HC,n3,F0.15.0.abz8_05,17,708
n3_HC,n3,F0.15.0.abz8_05,18,706
n3_HC,n3,F0.15.0.abz8_05,19,722
n3_HC,n3,F0.15.0.abz8_05,20,699
n3_HC,n3,F0.15.0.abz8_05,21,709
n3_HC,n3,F0.15.0.abz8_05,22,717
n3_HC,n3,F0.15.0.abz8_05,23,712
n3_HC,n3,F0.15.0.abz8_05,24,704
n3_HC,n3,F0.15.0.abz8_05,25,700
n3_HC,n3,F0.15.0.abz8_05,26,706
n3_HC,n3,F0.15.0.abz8_05,27,714
n3_HC,n3,F0.15.0.abz8_05,28,705
n3_HC,n3,F0.15.0.abz8_05,29,703
n3_HC,n3,F0.15.0.abz8_05,30,715
n3_HC,n3,F0.15.0.abz9_10,1,740
n3_HC,n3,F0.15.0.abz9_10,2,741
n3_HC,n3,F0.15.0.abz9_10,3,713
n3_HC,n3,F0.15.0.abz9_10,4,720
n3_HC,n3,F0.15.0.abz9_10,5,740
n3_HC,n3,F0.15.0.abz9_10,6,731
n3_HC,n3,F0.15.0.abz9_10,7,741
n3_HC,n3,F0.15.0.abz9_10,8,726
n3_HC,n3,F0.15.0.abz9_10,9,750
n3_HC,n3,F0.15.0.abz9_10,10,737
n3_HC,n3,F0.15.0.abz9_10,11,716
n3_HC,n3,F0.15.0.abz9_10,12,723
n3_HC,n3,F0.15.0.abz9_10,13,737
n3_HC,n3,F0.15.0.abz9_10,14,710
n3_HC,n3,F0.15.0.abz9_10,15,720
n3_HC,n3,F0.15.0.abz9_10,16,750
n3_HC,n3,F0.15.0.abz9_10,17,720
n3_HC,n3,F0.15.0.abz9_10,18,744
n3_HC,n3,F0.15.0.abz9_10,19,715
n3_HC,n3,F0.15.0.abz9_10,20,745
n3_HC,n3,F0.15.0.abz9_10,21,723
n3_HC,n3,F0.15.0.abz9_10,22,729
n3_HC,n3,F0.15.0.abz9_10,23,731
n3_HC,n3,F0.15.0.abz9_10,24,745
n3_HC,n3,F0.15.0.abz9_10,25,719
n3_HC,n3,F0.15.0.abz9_10,26,742
n3_HC,n3,F0.15.0.abz9_10,27,725
n3_HC,n3,F0.15.0.abz9_10,28,734
n3_HC,n3,F0.15.0.abz9_10,29,733
n3_HC,n3,F0.15.0.abz9_10,30,736
n3_HC,n3,F0.15.0.ft10_10,1,967
n3_HC,n3,F0.15.0.ft10_10,2,959
n3_HC,n3,F0.15.0.ft10_10,3,967
n3_HC,n3,F0.15.0.ft10_10,4,965
n3_HC,n3,F0.15.0.ft10_10,5,960
n3_HC,n3,F0.15.0.ft10_10,6,946
n3_HC,n3,F0.15.0.ft10_10,7,956
n3_HC,n3,F0.15.0.ft10_10,8,971
n3_HC,n3,F0.15.0.ft10_10,9,967
n3_HC,n3,F0.15.0.ft10_10,10,955
n3_HC,n3,F0.15.0.ft10_10,11,962
n3_HC,n3,F0.15.0.ft10_10,12,967
n3_HC,n3,F0.15.0.ft10_10,13,951
n3_HC,n3,F0.15.0.ft10_10,14,945
n3_HC,n3,F0.15.0.ft10_10,15,951
n3_HC,n3,F0.15.0.ft10_10,16,960
n3_HC,n3,F0.15.0.ft10_10,17,959
n3_HC,n3,F0.15.0.ft10_10,18,936
n3_HC,n3,F0.15.0.ft10_10,19,946
n3_HC,n3,F0.15.0.ft10_10,20,951
n3_HC,n3,F0.15.0.ft10_10,21,951
n3_HC,n3,F0.15.0.ft10_10,22,930
n3_HC,n3,F0.15.0.ft10_10,23,955
n3_HC,n3,F0.15.0.ft10_10,24,970
n3_HC,n3,F0.15.0.ft10_10,25,951
n3_HC,n3,F0.15.0.ft10_10,26,982
n3_HC,n3,F0.15.0.ft10_10,27,958
n3_HC,n3,F0.15.0.ft10_10,28,956
n3_HC,n3,F0.15.0.ft10_10,29,930
n3_HC,n3,F0.15.0.ft10_10,30,968
n3_HC,n3,F0.15.0.ft20_05,1,1178
n3_HC,n3,F0.15.0.ft20_05,2,1196
n3_HC,n3,F0.15.0.ft20_05,3,1178
n3_HC,n3,F0.15.0.ft20_05,4,1185
n3_HC,n3,F0.15.0.ft20_05,5,1175
n3_HC,n3,F0.15.0.ft20_05,6,1192
n3_HC,n3,F0.15.0.ft20_05,7,1178
n3_HC,n3,F0.15.0.ft20_05,8,1185
n3_HC,n3,F0.15.0.ft20_05,9,1180
n3_HC,n3,F0.15.0.ft20_05,10,1180
n3_HC,n3,F0.15.0.ft20_05,11,1178
n3_HC,n3,F0.15.0.ft20_05,12,1180
n3_HC,n3,F0.15.0.ft20_05,13,1165
n3_HC,n3,F0.15.0.ft20_05,14,1173
n3_HC,n3,F0.15.0.ft20_05,15,1184
n3_HC,n3,F0.15.0.ft20_05,16,1173
n3_HC,n3,F0.15.0.ft20_05,17,1180
n3_HC,n3,F0.15.0.ft20_05,18,1180
n3_HC,n3,F0.15.0.ft20_05,19,1178
n3_HC,n3,F0.15.0.ft20_05,20,1180
n3_HC,n3,F0.15.0.ft20_05,21,1182
n3_HC,n3,F0.15.0.ft20_05,22,1180
n3_HC,n3,F0.15.0.ft20_05,23,1180
n3_HC,n3,F0.15.0.ft20_05,24,1173
n3_HC,n3,F0.15.0.ft20_05,25,1180
n3_HC,n3,F0.15.0.ft20_05,26,1178
n3_HC,n3,F0.15.0.ft20_05,27,1180
n3_HC,n3,F0.15.0.ft20_05,28,1178
n3_HC,n3,F0.15.0.ft20_05,29,1192
n3_HC,n3,F0.15.0.ft20_05,30,1183
n3_HC,n3,F0.15.0.la21_04,1,1064
n3_HC,n3,F0.15.0.la21_04,2,1095
n3_HC,n3,F0.15.0.la21_04,3,1078
n3_HC,n3,F0.15.0.la21_04,4,1084
n3_HC,n3,F0.15.0.la21_04,5,1067
n3_HC,n3,F0.15.0.la21_04,6,1078
n3_HC,n3,F0.15.0.la21_04,7,1081
n3_HC,n3,F0.15.0.la21_04,8,1092
n3_HC,n3,F0.15.0.la21_04,9,1060
n3_HC,n3,F0.15.0.la21_04,10,1061
n3_HC,n3,F0.15.0.la21_04,11,1062
n3_HC,n3,F0.15.0.la21_04,12,1069
n3_HC,n3,F0.15.0.la21_04,13,1073
n3_HC,n3,F0.15.0.la21_04,14,1065
n3_HC,n3,F0.15.0.la21_04,15,1077
n3_HC,n3,F0.15.0.la21_04,16,1058
n3_HC,n3,F0.15.0.la21_04,17,1079
n3_HC,n3,F0.15.0.la21_04,18,1078
n3_HC,n3,F0.15.0.la21_04,19,1083
n3_HC,n3,F0.15.0.la21_04,20,1101
n3_HC,n3,F0.15.0.la21_04,21,1062
n3_HC,n3,F0.15.0.la21_04,22,1070
n3_HC,n3,F0.15.0.la21_04,23,1069
n3_HC,n3,F0.15.0.la21_04,24,1078
n3_HC,n3,F0.15.0.la21_04,25,1079
n3_HC,n3,F0.15.0.la21_04,26,1077
n3_HC,n3,F0.15.0.la21_04,27,1065
n3_HC,n3,F0.15.0.la21_04,28,1085
n3_HC,n3,F0.15.0.la21_04,29,1063
n3_HC,n3,F0.15.0.la21_04,30,1065
n3_HC,n3,F0.15.0.la24_03,1,958
n3_HC,n3,F0.15.0.la24_03,2,957
n3_HC,n3,F0.15.0.la24_03,3,956
n3_HC,n3,F0.15.0.la24_03,4,946
n3_HC,n3,F0.15.0.la24_03,5,967
n3_HC,n3,F0.15.0.la24_03,6,956
n3_HC,n3,F0.15.0.la24_03,7,977
n3_HC,n3,F0.15.0.la24_03,8,957
n3_HC,n3,F0.15.0.la24_03,9,941
n3_HC,n3,F0.15.0.la24_03,10,946
n3_HC,n3,F0.15.0.la24_03,11,963
n3_HC,n3,F0.15.0.la24_03,12,970
n3_HC,n3,F0.15.0.la24_03,13,967
n3_HC,n3,F0.15.0.la24_03,14,968
n3_HC,n3,F0.15.0.la24_03,15,954
n3_HC,n3,F0.15.0.la24_03,16,952
n3_HC,n3,F0.15.0.la24_03,17,948
n3_HC,n3,F0.15.0.la24_03,18,970
n3_HC,n3,F0.15.0.la24_03,19,957
n3_HC,n3,F0.15.0.la24_03,20,970
n3_HC,n3,F0.15.0.la24_03,21,954
n3_HC,n3,F0.15.0.la24_03,22,974
n3_HC,n3,F0.15.0.la24_03,23,967
n3_HC,n3,F0.15.0.la24_03,24,949
n3_HC,n3,F0.15.0.la24_03,25,963
n3_HC,n3,F0.15.0.la24_03,26,956
n3_HC,n3,F0.15.0.la24_03,27,967
n3_HC,n3,F0.15.0.la24_03,28,941
n3_HC,n3,F0.15.0.la24_03,29,971
n3_HC,n3,F0.15.0.la24_03,30,973
n3_HC,n3,F0.15.0.la25_04,1,986
n3_HC,n3,F0.15.0.la25_04,2,1016
n3_HC,n3,F0.15.0.la25_04,3,1000
n3_HC,n3,F0.15.0.la25_04,4,1001
n3_HC,n3,F0.15.0.la25_04,5,996
n3_HC,n3,F0.15.0.la25_04,6,1004
n3_HC,n3,F0.15.0.la25_04,7,1012
n3_HC,n3,F0.15.0.la25_04,8,1006
n3_HC,n3,F0.15.0.la25_04,9,1029
n3_HC,n3,F0.15.0.la25_04,10,1011
n3_HC,n3,F0.15.0.la25_04,11,997
n3_HC,n3,F0.15.0.la25_04,12,993
n3_HC,n3,F0.15.0.la25_04,13,1016
n3_HC,n3,F0.15.0.la25_04,14,1009
n3_HC,n3,F0.15.0.la25_04,15,1023
n3_HC,n3,F0.15.0.la25_04,16,991
n3_HC,n3,F0.15.0.la25_04,17,992
n3_HC,n3,F0.15.0.la25_04,18,1016
n3_HC,n3,F0.15.0.la25_04,19,997
n3_HC,n3,F0.15.0.la25_04,20,984
n3_HC,n3,F0.15.0.la25_04,21,993
n3_HC,n3,F0.15.0.la25_04,22,988
n3_HC,n3,F0.15.0.la25_04,23,1016
n3_HC,n3,F0.15.0.la25_04,24,984
n3_HC,n3,F0.15.0.la25_04,25,993
n3_HC,n3,F0.15.0.la25_04,26,991
n3_HC,n3,F0.15.0.la25_04,27,1016
n3_HC,n3,F0.15.0.la25_04,28,1006
n3_HC,n3,F0.15.0.la25_04,29,1000
n3_HC,n3,F0.15.0.la25_04,30,993
n3_HC,n3,F0.15.0.la27_09,1,1269
n3_HC,n3,F0.15.0.la27_09,2,1281
n3_HC,n3,F0.15.0.la27_09,3,1287
n3_HC,n3,F0.15.0.la27_09,4,1269
n3_HC,n3,F0.15.0.la27_09,5,1269
n3_HC,n3,F0.15.0.la27_09,6,1272
n3_HC,n3,F0.15.0.la27_09,7,1299
n3_HC,n3,F0.15.0.la27_09,8,1269
n3_HC,n3,F0.15.0.la27_09,9,1269
n3_HC,n3,F0.15.0.la27_09,10,1269
n3_HC,n3,F0.15.0.la27_09,11,1269
n3_HC,n3,F0.15.0.la27_09,12,1269
n3_HC,n3,F0.15.0.la27_09,13,1287
n3_HC,n3,F0.15.0.la27_09,14,1283
n3_HC,n3,F0.15.0.la27_09,15,1269
n3_HC,n3,F0.15.0.la27_09,16,1279
n3_HC,n3,F0.15.0.la27_09,17,1281
n3_HC,n3,F0.15.0.la27_09,18,1269
n3_HC,n3,F0.15.0.la27_09,19,1270
n3_HC,n3,F0.15.0.la27_09,20,1285
n3_HC,n3,F0.15.0.la27_09,21,1277
n3_HC,n3,F0.15.0.la27_09,22,1296
n3_HC,n3,F0.15.0.la27_09,23,1279
n3_HC,n3,F0.15.0.la27_09,24,1272
n3_HC,n3,F0.15.0.la27_09,25,1269
n3_HC,n3,F0.15.0.la27_09,26,1287
n3_HC,n3,F0.15.0.la27_09,27,1272
n3_HC,n3,F0.15.0.la27_09,28,1269
n3_HC,n3,F0.15.0.la27_09,29,1280
n3_HC,n3,F0.15.0.la27_09,30,1269
n3_HC,n3,F0.15.0.la29_03,1,1237
n3_HC,n3,F0.15.0.la29_03,2,1221
n3_HC,n3,F0.15.0.la29_03,3,1237
n3_HC,n3,F0.15.0.la29_03,4,1216
n3_HC,n3,F0.15.0.la29_03,5,1219
n3_HC,n3,F0.15.0.la29_03,6,1224
n3_HC,n3,F0.15.0.la29_03,7,1236
n3_HC,n3,F0.15.0.la29_03,8,1212
n3_HC,n3,F0.15.0.la29_03,9,1224
n3_HC,n3,F0.15.0.la29_03,10,1243
n3_HC,n3,F0.15.0.la29_03,11,1230
n3_HC,n3,F0.15.0.la29_03,12,1221
n3_HC,n3,F0.15.0.la29_03,13,1209
n3_HC,n3,F0.15.0.la29_03,14,1220
n3_HC,n3,F0.15.0.la29_03,15,1226
n3_HC,n3,F0.15.0.la29_03,16,1219
n3_HC,n3,F0.15.0.la29_03,17,1237
n3_HC,n3,F0.15.0.la29_03,18,1212
n3_HC,n3,F0.15.0.la29_03,19,1220
n3_HC,n3,F0.15.0.la29_03,20,1222
n3_HC,n3,F0.15.0.la29_03,21,1244
n3_HC,n3,F0.15.0.la29_03,22,1231
n3_HC,n3,F0.15.0.la29_03,23,1225
n3_HC,n3,F0.15.0.la29_03,24,1239
n3_HC,n3,F0.15.0.la29_03,25,1200
n3_HC,n3,F0.15.0.la29_03,26,1234
n3_HC,n3,F0.15.0.la29_03,27,1231
n3_HC,n3,F0.15.0.la29_03,28,1223
n3_HC,n3,F0.15.0.la29_03,29,1202
n3_HC,n3,F0.15.0.la29_03,30,1241
n3_HC,n3,F0.15.0.la38_06,1,1240
n3_HC,n3,F0.15.0.la38_06,2,1248
n3_HC,n3,F0.15.0.la38_06,3,1244
n3_HC,n3,F0.15.0.la38_06,4,1251
n3_HC,n3,F0.15.0.la38_06,5,1263
n3_HC,n3,F0.15.0.la38_06,6,1249
n3_HC,n3,F0.15.0.la38_06,7,1259
n3_HC,n3,F0.15.0.la38_06,8,1269
n3_HC,n3,F0.15.0.la38_06,9,1243
n3_HC,n3,F0.15.0.la38_06,10,1265
n3_HC,n3,F0.15.0.la38_06,11,1252
n3_HC,n3,F0.15.0.la38_06,12,1270
n3_HC,n3,F0.15.0.la38_06,13,1280
n3_HC,n3,F0.15.0.la38_06,14,1274
n3_HC,n3,F0.15.0.la38_06,15,1252
n3_HC,n3,F0.15.0.la38_06,16,1268
n3_HC,n3,F0.15.0.la38_06,17,1246
n3_HC,n3,F0.15.0.la38_06,18,1259
n3_HC,n3,F0.15.0.la38_06,19,1236
n3_HC,n3,F0.15.0.la38_06,20,1233
n3_HC,n3,F0.15.0.la38_06,21,1233
n3_HC,n3,F0.15.0.la38_06,22,1268
n3_HC,n3,F0.15.0.la38_06,23,1244
n3_HC,n3,F0.15.0.la38_06,24,1239
n3_HC,n3,F0.15.0.la38_06,25,1233
n3_HC,n3,F0.15.0.la38_06,26,1259
n3_HC,n3,F0.15.0.la38_06,27,1277
n3_HC,n3,F0.15.0.la38_06,28,1277
n3_HC,n3,F0.15.0.la38_06,29,1251
n3_HC,n3,F0.15.0.la38_06,30,1251
n3_HC,n3,F0.15.0.la40_05,1,1246
n3_HC,n3,F0.15.0.la40_05,2,1269
n3_HC,n3,F0.15.0.la40_05,3,1252
n3_HC,n3,F0.15.0.la40_05,4,1252
n3_HC,n3,F0.15.0.la40_05,5,1246
n3_HC,n3,F0.15.0.la40_05,6,1248
n3_HC,n3,F0.15.0.la40_05,7,1248
n3_HC,n3,F0.15.0.la40_05,8,1252
n3_HC,n3,F0.15.0.la40_05,9,1252
n3_HC,n3,F0.15.0.la40_05,10,1252
n3_HC,n3,F0.15.0.la40_05,11,1252
n3_HC,n3,F0.15.0.la40_05,12,1252
n3_HC,n3,F0.15.0.la40_05,13,1252
n3_HC,n3,F0.15.0.la40_05,14,1252
n3_HC,n3,F0.15.0.la40_05,15,1252
n3_HC,n3,F0.15.0.la40_05,16,1269
n3_HC,n3,F0.15.0.la40_05,17,1256
n3_HC,n3,F0.15.0.la40_05,18,1252
n3_HC,n3,F0.15.0.la40_05,19,1252
n3_HC,n3,F0.15.0.la40_05,20,1269
n3_HC,n3,F0.15.0.la40_05,21,1252
n3_HC,n3,F0.15.0.la40_05,22,1266
n3_HC,n3,F0.15.0.la40_05,23,1252
n3_HC,n3,F0.15.0.la40_05,24,1244
n3_HC,n3,F0.15.0.la40_05,25,1247
n3_HC,n3,F0.15.0.la40_05,26,1248
n3_HC,n3,F0.15.0.la40_05,27,1242
n3_HC,n3,F0.15.0.la40_05,28,1251
n3_HC,n3,F0.15.0.la40_05,29,1252
n3_HC,n3,F0.15.0.la40_05,30,1252
n3_HC,n3,tai15_15_01.F.15_01,1,1294
n3_HC,n3,tai15_15_01.F.15_01,2,1294
n3_HC,n3,tai15_15_01.F.15_01,3,1254
n3_HC,n3,tai15_15_01.F.15_01,4,1289
n3_HC,n3,tai15_15_01.F.15_01,5,1260
n3_HC,n3,tai15_15_01.F.15_01,6,1282
n3_HC,n3,tai15_15_01.F.15_01,7,1290
n3_HC,n3,tai15_15_01.F.15_01,8,1306
n3_HC,n3,tai15_15_01.F.15_01,9,1291
n3_HC,n3,tai15_15_01.F.15_01,10,1278
n3_HC,n3,tai15_15_01.F.15_01,11,1297
n3_HC,n3,tai15_15_01.F.15_01,12,1283
n3_HC,n3,tai15_15_01.F.15_01,13,1285
n3_HC,n3,tai15_15_01.F.15_01,14,1294
n3_HC,n3,tai15_15_01.F.15_01,15,1286
n3_HC,n3,tai15_15_01.F.15_01,16,1291
n3_HC,n3,tai15_15_01.F.15_01,17,1293
n3_HC,n3,tai15_15_01.F.15_01,18,1292
n3_HC,n3,tai15_15_01.F.15_01,19,1267
n3_HC,n3,tai15_15_01.F.15_01,20,1290
n3_HC,n3,tai15_15_01.F.15_01,21,1283
n3_HC,n3,tai15_15_01.F.15_01,22,1261
n3_HC,n3,tai15_15_01.F.15_01,23,1272
n3_HC,n3,tai15_15_01.F.15_01,24,1292
n3_HC,n3,tai15_15_01.F.15_01,25,1296
n3_HC,n3,tai15_15_01.F.15_01,26,1283
n3_HC,n3,tai15_15_01.F.15_01,27,1286
n3_HC,n3,tai15_15_01.F.15_01,28,1292
n3_HC,n3,tai15_15_01.F.15_01,29,1288
n3_HC,n3,tai15_15_01.F.15_01,30,1299
n3_HC,n3,tai15_15_02.F.15_01,1,1269
n3_HC,n3,tai15_15_02.F.15_01,2,1269
n3_HC,n3,tai15_15_02.F.15_01,3,1269
n3_HC,n3,tai15_15_02.F.15_01,4,1295
n3_HC,n3,tai15_15_02.F.15_01,5,1269
n3_HC,n3,tai15_15_02.F.15_01,6,1254
n3_HC,n3,tai15_15_02.F.15_01,7,1269
n3_HC,n3,tai15_15_02.F.15_01,8,1278
n3_HC,n3,tai15_15_02.F.15_01,9,1269
n3_HC,n3,tai15_15_02.F.15_01,10,1279
n3_HC,n3,tai15_15_02.F.15_01,11,1278
n3_HC,n3,tai15_15_02.F.15_01,12,1285
n3_HC,n3,tai15_15_02.F.15_01,13,1281
n3_HC,n3,tai15_15_02.F.15_01,14,1271
n3_HC,n3,tai15_15_02.F.15_01,15,1269
n3_HC,n3,tai15_15_02.F.15_01,16,1269
n3_HC,n3,tai15_15_02.F.15_01,17,1283
n3_HC,n3,tai15_15_02.F.15_01,18,1269
n3_HC,n3,tai15_15_02.F.15_01,19,1269
n3_HC,n3,tai15_15_02.F.15_01,20,1271
n3_HC,n3,tai15_15_02.F.15_01,21,1285
n3_HC,n3,tai15_15_02.F.15_01,22,1278
n3_HC,n3,tai15_15_02.F.15_01,23,1281
n3_HC,n3,tai15_15_02.F.15_01,24,1270
n3_HC,n3,tai15_15_02.F.15_01,25,1269
n3_HC,n3,tai15_15_02.F.15_01,26,1281
n3_HC,n3,tai15_15_02.F.15_01,27,1281
n3_HC,n3,tai15_15_02.F.15_01,28,1269
n3_HC,n3,tai15_15_02.F.15_01,29,1304
n3_HC,n3,tai15_15_02.F.15_01,30,1280
n3_HC,n3,tai15_15_03.F.15_01,1,1270
n3_HC,n3,tai15_15_03.F.15_01,2,1244
n3_HC,n3,tai15_15_03.F.15_01,3,1269
n3_HC,n3,tai15_15_03.F.15_01,4,1270
n3_HC,n3,tai15_15_03.F.15_01,5,1281
n3_HC,n3,tai15_15_03.F.15_01,6,1250
n3_HC,n3,tai15_15_03.F.15_01,7,1258
n3_HC,n3,tai15_15_03.F.15_01,8,1259
n3_HC,n3,tai15_15_03.F.15_01,9,1260
n3_HC,n3,tai15_15_03.F.15_01,10,1251
n3_HC,n3,tai15_15_03.F.15_01,11,1237
n3_HC,n3,tai15_15_03.F.15_01,12,1273
n3_HC,n3,tai15_15_03.F.15_01,13,1264
n3_HC,n3,tai15_15_03.F.15_01,14,1250
n3_HC,n3,tai15_15_03.F.15_01,15,1259
n3_HC,n3,tai15_15_03.F.15_01,16,1257
n3_HC,n3,tai15_15_03.F.15_01,17,1265
n3_HC,n3,tai15_15_03.F.15_01,18,1242
n3_HC,n3,tai15_15_03.F.15_01,19,1290
n3_HC,n3,tai15_15_03.F.15_01,20,1248
n3_HC,n3,tai15_15_03.F.15_01,21,1256
n3_HC,n3,tai15_15_03.F.15_01,22,1271
n3_HC,n3,tai15_15_03.F.15_01,23,1268
n3_HC,n3,tai15_15_03.F.15_01,24,1259
n3_HC,n3,tai15_15_03.F.15_01,25,1261
n3_HC,n3,tai15_15_03.F.15_01,26,1257
n3_HC,n3,tai15_15_03.F.15_01,27,1265
n3_HC,n3,tai15_15_03.F.15_01,28,1249
n3_HC,n3,tai15_15_03.F.15_01,29,1257
n3_HC,n3,tai15_15_03.F.15_01,30,1252
n3_HC,n3,tai15_15_04.F.15_01,1,1232
n3_HC,n3,tai15_15_04.F.15_01,2,1218
n3_HC,n3,tai15_15_04.F.15_01,3,1227
n3_HC,n3,tai15_15_04.F.15_01,4,1234
n3_HC,n3,tai15_15_04.F.15_01,5,1238
n3_HC,n3,tai15_15_04.F.15_01,6,1215
n3_HC,n3,tai15_15_04.F.15_01,7,1231
n3_HC,n3,tai15_15_04.F.15_01,8,1225
n3_HC,n3,tai15_15_04.F.15_01,9,1191
n3_HC,n3,tai15_15_04.F.15_01,10,1227
n3_HC,n3,tai15_15_04.F.15_01,11,1224
n3_HC,n3,tai15_15_04.F.15_01,12,1199
n3_HC,n3,tai15_15_04.F.15_01,13,1215
n3_HC,n3,tai15_15_04.F.15_01,14,1207
n3_HC,n3,tai15_15_04.F.15_01,15,1217
n3_HC,n3,tai15_15_04.F.15_01,16,1225
n3_HC,n3,tai15_15_04.F.15_01,17,1240
n3_HC,n3,tai15_15_04.F.15_01,18,1231
n3_HC,n3,tai15_15_04.F.15_01,19,1232
n3_HC,n3,tai15_15_04.F.15_01,20,1220
n3_HC,n3,tai15_15_04.F.15_01,21,1233
n3_HC,n3,tai15_15_04.F.15_01,22,1192
n3_HC,n3,tai15_15_04.F.15_01,23,1208
n3_HC,n3,tai15_15_04.F.15_01,24,1223
n3_HC,n3,tai15_15_04.F.15_01,25,1221
n3_HC,n3,tai15_15_04.F.15_01,26,1247
n3_HC,n3,tai15_15_04.F.15_01,27,1208
n3_HC,n3,tai15_15_04.F.15_01,28,1230
n3_HC,n3,tai15_15_04.F.15_01,29,1199
n3_HC,n3,tai15_15_04.F.15_01,30,1209
n3_HC,n3,tai15_15_05.F.15_01,1,1265
n3_HC,n3,tai15_15_05.F.15_01,2,1256
n3_HC,n3,tai15_15_05.F.15_01,3,1249
n3_HC,n3,tai15_15_05.F.15_01,4,1249
n3_HC,n3,tai15_15_05.F.15_01,5,1251
n3_HC,n3,tai15_15_05.F.15_01,6,1274
n3_HC,n3,tai15_15_05.F.15_01,7,1263
n3_HC,n3,tai15_15_05.F.15_01,8,1260
n3_HC,n3,tai15_15_05.F.15_01,9,1255
n3_HC,n3,tai15_15_05.F.15_01,10,1262
n3_HC,n3,tai15_15_05.F.15_01,11,1269
n3_HC,n3,tai15_15_05.F.15_01,12,1242
n3_HC,n3,tai15_15_05.F.15_01,13,1278
n3_HC,n3,tai15_15_05.F.15_01,14,1262
n3_HC,n3,tai15_15_05.F.15_01,15,1250
n3_HC,n3,tai15_15_05.F.15_01,16,1252
n3_HC,n3,tai15_15_05.F.15_01,17,1271
n3_HC,n3,tai15_15_05.F.15_01,18,1246
n3_HC,n3,tai15_15_05.F.15_01,19,1256
n3_HC,n3,tai15_15_05.F.15_01,20,1254
n3_HC,n3,tai15_15_05.F.15_01,21,1258
n3_HC,n3,tai15_15_05.F.15_01,22,1254
n3_HC,n3,tai15_15_05.F.15_01,23,1242
n3_HC,n3,tai15_15_05.F.15_01,24,1249
n3_HC,n3,tai15_15_05.F.15_01,25,1269
n3_HC,n3,tai15_15_05.F.15_01,26,1248
n3_HC,n3,tai15_15_05.F.15_01,27,1261
n3_HC,n3,tai15_15_05.F.15_01,28,1252
n3_HC,n3,tai15_15_05.F.15_01,29,1245
n3_HC,n3,tai15_15_05.F.15_01,30,1269
n3_HC,n3,tai15_15_06.F.15_01,1,1273
n3_HC,n3,tai15_15_06.F.15_01,2,1278
n3_HC,n3,tai15_15_06.F.15_01,3,1276
n3_HC,n3,tai15_15_06.F.15_01,4,1289
n3_HC,n3,tai15_15_06.F.15_01,5,1277
n3_HC,n3,tai15_15_06.F.15_01,6,1312
n3_HC,n3,tai15_15_06.F.15_01,7,1272
n3_HC,n3,tai15_15_06.F.15_01,8,1266
n3_HC,n3,tai15_15_06.F.15_01,9,1276
n3_HC,n3,tai15_15_06.F.15_01,10,1278
n3_HC,n3,tai15_15_06.F.15_01,11,1288
n3_HC,n3,tai15_15_06.F.15_01,12,1271
n3_HC,n3,tai15_15_06.F.15_01,13,1287
n3_HC,n3,tai15_15_06.F.15_01,14,1293
n3_HC,n3,tai15_15_06.F.15_01,15,1266
n3_HC,n3,tai15_15_06.F.15_01,16,1280
n3_HC,n3,tai15_15_06.F.15_01,17,1266
n3_HC,n3,tai15_15_06.F.15_01,18,1274
n3_HC,n3,tai15_15_06.F.15_01,19,1276
n3_HC,n3,tai15_15_06.F.15_01,20,1282
n3_HC,n3,tai15_15_06.F.15_01,21,1295
n3_HC,n3,tai15_15_06.F.15_01,22,1256
n3_HC,n3,tai15_15_06.F.15_01,23,1270
n3_HC,n3,tai15_15_06.F.15_01,24,1257
n3_HC,n3,tai15_15_06.F.15_01,25,1273
n3_HC,n3,tai15_15_06.F.15_01,26,1274
n3_HC,n3,tai15_15_06.F.15_01,27,1283
n3_HC,n3,tai15_15_06.F.15_01,28,1274
n3_HC,n3,tai15_15_06.F.15_01,29,1269
n3_HC,n3,tai15_15_06.F.15_01,30,1279
n3_HC,n3,tai15_15_07.F.15_01,1,1264
n3_HC,n3,tai15_15_07.F.15_01,2,1252
n3_HC,n3,tai15_15_07.F.15_01,3,1249
n3_HC,n3,tai15_15_07.F.15_01,4,1267
n3_HC,n3,tai15_15_07.F.15_01,5,1259
n3_HC,n3,tai15_15_07.F.15_01,6,1253
n3_HC,n3,tai15_15_07.F.15_01,7,1249
n3_HC,n3,tai15_15_07.F.15_01,8,1277
n3_HC,n3,tai15_15_07.F.15_01,9,1259
n3_HC,n3,tai15_15_07.F.15_01,10,1259
n3_HC,n3,tai15_15_07.F.15_01,11,1265
n3_HC,n3,tai15_15_07.F.15_01,12,1253
n3_HC,n3,tai15_15_07.F.15_01,13,1271
n3_HC,n3,tai15_15_07.F.15_01,14,1259
n3_HC,n3,tai15_15_07.F.15_01,15,1284
n3_HC,n3,tai15_15_07.F.15_01,16,1265
n3_HC,n3,tai15_15_07.F.15_01,17,1270
n3_HC,n3,tai15_15_07.F.15_01,18,1259
n3_HC,n3,tai15_15_07.F.15_01,19,1264
n3_HC,n3,tai15_15_07.F.15_01,20,1259
n3_HC,n3,tai15_15_07.F.15_01,21,1259
n3_HC,n3,tai15_15_07.F.15_01,22,1264
n3_HC,n3,tai15_15_07.F.15_01,23,1269
n3_HC,n3,tai15_15_07.F.15_01,24,1254
n3_HC,n3,tai15_15_07.F.15_01,25,1265
n3_HC,n3,tai15_15_07.F.15_01,26,1249
n3_HC,n3,tai15_15_07.F.15_01,27,1240
n3_HC,n3,tai15_15_07.F.15_01,28,1253
n3_HC,n3,tai15_15_07.F.15_01,29,1262
n3_HC,n3,tai15_15_07.F.15_01,30,1263
n3_HC,n3,tai15_15_08.F.15_01,1,1230
n3_HC,n3,tai15_15_08.F.15_01,2,1268
n3_HC,n3,tai15_15_08.F.15_01,3,1268
n3_HC,n3,tai15_15_08.F.15_01,4,1257
n3_HC,n3,tai15_15_08.F.15_01,5,1258
n3_HC,n3,tai15_15_08.F.15_01,6,1243
n3_HC,n3,tai15_15_08.F.15_01,7,1245
n3_HC,n3,tai15_15_08.F.15_01,8,1218
n3_HC,n3,tai15_15_08.F.15_01,9,1245
n3_HC,n3,tai15_15_08.F.15_01,10,1268
n3_HC,n3,tai15_15_08.F.15_01,11,1254
n3_HC,n3,tai15_15_08.F.15_01,12,1268
n3_HC,n3,tai15_15_08.F.15_01,13,1253
n3_HC,n3,tai15_15_08.F.15_01,14,1259
n3_HC,n3,tai15_15_08.F.15_01,15,1263
n3_HC,n3,tai15_15_08.F.15_01,16,1257
n3_HC,n3,tai15_15_08.F.15_01,17,1251
n3_HC,n3,tai15_15_08.F.15_01,18,1262
n3_HC,n3,tai15_15_08.F.15_01,19,1259
n3_HC,n3,tai15_15_08.F.15_01,20,1241
n3_HC,n3,tai15_15_08.F.15_01,21,1262
n3_HC,n3,tai15_15_08.F.15_01,22,1244
n3_HC,n3,tai15_15_08.F.15_01,23,1253
n3_HC,n3,tai15_15_08.F.15_01,24,1245
n3_HC,n3,tai15_15_08.F.15_01,25,1241
n3_HC,n3,tai15_15_08.F.15_01,26,1259
n3_HC,n3,tai15_15_08.F.15_01,27,1263
n3_HC,n3,tai15_15_08.F.15_01,28,1271
n3_HC,n3,tai15_15_08.F.15_01,29,1239
n3_HC,n3,tai15_15_08.F.15_01,30,1254
n3_HC,n3,tai15_15_09.F.15_01,1,1320
n3_HC,n3,tai15_15_09.F.15_01,2,1333
n3_HC,n3,tai15_15_09.F.15_01,3,1344
n3_HC,n3,tai15_15_09.F.15_01,4,1340
n3_HC,n3,tai15_15_09.F.15_01,5,1378
n3_HC,n3,tai15_15_09.F.15_01,6,1330
n3_HC,n3,tai15_15_09.F.15_01,7,1320
n3_HC,n3,tai15_15_09.F.15_01,8,1344
n3_HC,n3,tai15_15_09.F.15_01,9,1332
n3_HC,n3,tai15_15_09.F.15_01,10,1342
n3_HC,n3,tai15_15_09.F.15_01,11,1340
n3_HC,n3,tai15_15_09.F.15_01,12,1315
n3_HC,n3,tai15_15_09.F.15_01,13,1342
n3_HC,n3,tai15_15_09.F.15_01,14,1368
n3_HC,n3,tai15_15_09.F.15_01,15,1342
n3_HC,n3,tai15_15_09.F.15_01,16,1333
n3_HC,n3,tai15_15_09.F.15_01,17,1367
n3_HC,n3,tai15_15_09.F.15_01,18,1320
n3_HC,n3,tai15_15_09.F.15_01,19,1345
n3_HC,n3,tai15_15_09.F.15_01,20,1329
n3_HC,n3,tai15_15_09.F.15_01,21,1345
n3_HC,n3,tai15_15_09.F.15_01,22,1315
n3_HC,n3,tai15_15_09.F.15_01,23,1305
n3_HC,n3,tai15_15_09.F.15_01,24,1381
n3_HC,n3,tai15_15_09.F.15_01,25,1345
n3_HC,n3,tai15_15_09.F.15_01,26,1317
n3_HC,n3,tai15_15_09.F.15_01,27,1329
n3_HC,n3,tai15_15_09.F.15_01,28,1349
n3_HC,n3,tai15_15_09.F.15_01,29,1320
n3_HC,n3,tai15_15_09.F.15_01,30,1320
n3_HC,n3,tai15_15_10.F.15_01,1,1263
n3_HC,n3,tai15_15_10.F.15_01,2,1299
n3_HC,n3,tai15_15_10.F.15_01,3,1303
n3_HC,n3,tai15_15_10.F.15_01,4,1307
n3_HC,n3,tai15_15_10.F.15_01,5,1297
n3_HC,n3,tai15_15_10.F.15_01,6,1291
n3_HC,n3,tai15_15_10.F.15_01,7,1287
n3_HC,n3,tai15_15_10.F.15_01,8,1307
n3_HC,n3,tai15_15_10.F.15_01,9,1295
n3_HC,n3,tai15_15_10.F.15_01,10,1299
n3_HC,n3,tai15_15_10.F.15_01,11,1305
n3_HC,n3,tai15_15_10.F.15_01,12,1306
n3_HC,n3,tai15_15_10.F.15_01,13,1307
n3_HC,n3,tai15_15_10.F.15_01,14,1302
n3_HC,n3,tai15_15_10.F.15_01,15,1288
n3_HC,n3,tai15_15_10.F.15_01,16,1284
n3_HC,n3,tai15_15_10.F.15_01,17,1288
n3_HC,n3,tai15_15_10.F.15_01,18,1279
n3_HC,n3,tai15_15_10.F.15_01,19,1278
n3_HC,n3,tai15_15_10.F.15_01,20,1305
n3_HC,n3,tai15_15_10.F.15_01,21,1292
n3_HC,n3,tai15_15_10.F.15_01,22,1278
n3_HC,n3,tai15_15_10.F.15_01,23,1285
n3_HC,n3,tai15_15_10.F.15_01,24,1299
n3_HC,n3,tai15_15_10.F.15_01,25,1297
n3_HC,n3,tai15_15_10.F.15_01,26,1295
n3_HC,n3,tai15_15_10.F.15_01,27,1288
n3_HC,n3,tai15_15_10.F.15_01,28,1276
n3_HC,n3,tai15_15_10.F.15_01,29,1293
n3_HC,n3,tai15_15_10.F.15_01,30,1289
n3_HC,n3,tai20_15_01.F.15_01,1,1477
n3_HC,n3,tai20_15_01.F.15_01,2,1468
n3_HC,n3,tai20_15_01.F.15_01,3,1449
n3_HC,n3,tai20_15_01.F.15_01,4,1459
n3_HC,n3,tai20_15_01.F.15_01,5,1424
n3_HC,n3,tai20_15_01.F.15_01,6,1445
n3_HC,n3,tai20_15_01.F.15_01,7,1455
n3_HC,n3,tai20_15_01.F.15_01,8,1431
n3_HC,n3,tai20_15_01.F.15_01,9,1426
n3_HC,n3,tai20_15_01.F.15_01,10,1427
n3_HC,n3,tai20_15_01.F.15_01,11,1454
n3_HC,n3,tai20_15_01.F.15_01,12,1428
n3_HC,n3,tai20_15_01.F.15_01,13,1455
n3_HC,n3,tai20_15_01.F.15_01,14,1448
n3_HC,n3,tai20_15_01.F.15_01,15,1445
n3_HC,n3,tai20_15_01.F.15_01,16,1474
n3_HC,n3,tai20_15_01.F.15_01,17,1450
n3_HC,n3,tai20_15_01.F.15_01,18,1437
n3_HC,n3,tai20_15_01.F.15_01,19,1455
n3_HC,n3,tai20_15_01.F.15_01,20,1472
n3_HC,n3,tai20_15_01.F.15_01,21,1429
n3_HC,n3,tai20_15_01.F.15_01,22,1443
n3_HC,n3,tai20_15_01.F.15_01,23,1446
n3_HC,n3,tai20_15_01.F.15_01,24,1439
n3_HC,n3,tai20_15_01.F.15_01,25,1445
n3_HC,n3,tai20_15_01.F.15_01,26,1471
n3_HC,n3,tai20_15_01.F.15_01,27,1450
n3_HC,n3,tai20_15_01.F.15_01,28,1445
n3_HC,n3,tai20_15_01.F.15_01,29,1466
n3_HC,n3,tai20_15_01.F.15_01,30,1445
n3_HC,n3,tai20_15_02.F.15_01,1,1425
n3_HC,n3,tai20_15_02.F.15_01,2,1447
n3_HC,n3,tai20_15_02.F.15_01,3,1426
n3_HC,n3,tai20_15_02.F.15_01,4,1410
n3_HC,n3,tai20_15_02.F.15_01,5,1442
n3_HC,n3,tai20_15_02.F.15_01,6,1439
n3_HC,n3,tai20_15_02.F.15_01,7,1411
n3_HC,n3,tai20_15_02.F.15_01,8,1393
n3_HC,n3,tai20_15_02.F.15_01,9,1429
n3_HC,n3,tai20_15_02.F.15_01,10,1426
n3_HC,n3,tai20_15_02.F.15_01,11,1406
n3_HC,n3,tai20_15_02.F.15_01,12,1442
n3_HC,n3,tai20_15_02.F.15_01,13,1412
n3_HC,n3,tai20_15_02.F.15_01,14,1435
n3_HC,n3,tai20_15_02.F.15_01,15,1399
n3_HC,n3,tai20_15_02.F.15_01,16,1407
n3_HC,n3,tai20_15_02.F.15_01,17,1442
n3_HC,n3,tai20_15_02.F.15_01,18,1429
n3_HC,n3,tai20_15_02.F.15_01,19,1442
n3_HC,n3,tai20_15_02.F.15_01,20,1437
n3_HC,n3,tai20_15_02.F.15_01,21,1420
n3_HC,n3,tai20_15_02.F.15_01,22,1429
n3_HC,n3,tai20_15_02.F.15_01,23,1427
n3_HC,n3,tai20_15_02.F.15_01,24,1437
n3_HC,n3,tai20_15_02.F.15_01,25,1399
n3_HC,n3,tai20_15_02.F.15_01,26,1442
n3_HC,n3,tai20_15_02.F.15_01,27,1442
n3_HC,n3,tai20_15_02.F.15_01,28,1435
n3_HC,n3,tai20_15_02.F.15_01,29,1432
n3_HC,n3,tai20_15_02.F.15_01,30,1435
n3_HC,n3,tai20_15_03.F.15_01,1,1426
n3_HC,n3,tai20_15_03.F.15_01,2,1415
n3_HC,n3,tai20_15_03.F.15_01,3,1445
n3_HC,n3,tai20_15_03.F.15_01,4,1420
n3_HC,n3,tai20_15_03.F.15_01,5,1413
n3_HC,n3,tai20_15_03.F.15_01,6,1432
n3_HC,n3,tai20_15_03.F.15_01,7,1409
n3_HC,n3,tai20_15_03.F.15_01,8,1429
n3_HC,n3,tai20_15_03.F.15_01,9,1447
n3_HC,n3,tai20_15_03.F.15_01,10,1479
n3_HC,n3,tai20_15_03.F.15_01,11,1403
n3_HC,n3,tai20_15_03.F.15_01,12,1415
n3_HC,n3,tai20_15_03.F.15_01,13,1426
n3_HC,n3,tai20_15_03.F.15_01,14,1425
n3_HC,n3,tai20_15_03.F.15_01,15,1435
n3_HC,n3,tai20_15_03.F.15_01,16,1414
n3_HC,n3,tai20_15_03.F.15_01,17,1420
n3_HC,n3,tai20_15_03.F.15_01,18,1403
n3_HC,n3,tai20_15_03.F.15_01,19,1446
n3_HC,n3,tai20_15_03.F.15_01,20,1426
n3_HC,n3,tai20_15_03.F.15_01,21,1424
n3_HC,n3,tai20_15_03.F.15_01,22,1405
n3_HC,n3,tai20_15_03.F.15_01,23,1415
n3_HC,n3,tai20_15_03.F.15_01,24,1430
n3_HC,n3,tai20_15_03.F.15_01,25,1427
n3_HC,n3,tai20_15_03.F.15_01,26,1415
n3_HC,n3,tai20_15_03.F.15_01,27,1380
n3_HC,n3,tai20_15_03.F.15_01,28,1456
n3_HC,n3,tai20_15_03.F.15_01,29,1394
n3_HC,n3,tai20_15_03.F.15_01,30,1399
n3_HC,n3,tai20_15_04.F.15_01,1,1370
n3_HC,n3,tai20_15_04.F.15_01,2,1390
n3_HC,n3,tai20_15_04.F.15_01,3,1379
n3_HC,n3,tai20_15_04.F.15_01,4,1391
n3_HC,n3,tai20_15_04.F.15_01,5,1366
n3_HC,n3,tai20_15_04.F.15_01,6,1365
n3_HC,n3,tai20_15_04.F.15_01,7,1390
n3_HC,n3,tai20_15_04.F.15_01,8,1406
n3_HC,n3,tai20_15_04.F.15_01,9,1375
n3_HC,n3,tai20_15_04.F.15_01,10,1379
n3_HC,n3,tai20_15_04.F.15_01,11,1390
n3_HC,n3,tai20_15_04.F.15_01,12,1403
n3_HC,n3,tai20_15_04.F.15_01,13,1385
n3_HC,n3,tai20_15_04.F.15_01,14,1389
n3_HC,n3,tai20_15_04.F.15_01,15,1379
n3_HC,n3,tai20_15_04.F.15_01,16,1399
n3_HC,n3,tai20_15_04.F.15_01,17,1370
n3_HC,n3,tai20_15_04.F.15_01,18,1387
n3_HC,n3,tai20_15_04.F.15_01,19,1407
n3_HC,n3,tai20_15_04.F.15_01,20,1388
n3_HC,n3,tai20_15_04.F.15_01,21,1373
n3_HC,n3,tai20_15_04.F.15_01,22,1389
n3_HC,n3,tai20_15_04.F.15_01,23,1403
n3_HC,n3,tai20_15_04.F.15_01,24,1365
n3_HC,n3,tai20_15_04.F.15_01,25,1382
n3_HC,n3,tai20_15_04.F.15_01,26,1390
n3_HC,n3,tai20_15_04.F.15_01,27,1378
n3_HC,n3,tai20_15_04.F.15_01,28,1396
n3_HC,n3,tai20_15_04.F.15_01,29,1379
n3_HC,n3,tai20_15_04.F.15_01,30,1399
n3_HC,n3,tai20_15_05.F.15_01,1,1456
n3_HC,n3,tai20_15_05.F.15_01,2,1443
n3_HC,n3,tai20_15_05.F.15_01,3,1417
n3_HC,n3,tai20_15_05.F.15_01,4,1429
n3_HC,n3,tai20_15_05.F.15_01,5,1389
n3_HC,n3,tai20_15_05.F.15_01,6,1411
n3_HC,n3,tai20_15_05.F.15_01,7,1445
n3_HC,n3,tai20_15_05.F.15_01,8,1443
n3_HC,n3,tai20_15_05.F.15_01,9,1450
n3_HC,n3,tai20_15_05.F.15_01,10,1446
n3_HC,n3,tai20_15_05.F.15_01,11,1413
n3_HC,n3,tai20_15_05.F.15_01,12,1402
n3_HC,n3,tai20_15_05.F.15_01,13,1429
n3_HC,n3,tai20_15_05.F.15_01,14,1411
n3_HC,n3,tai20_15_05.F.15_01,15,1411
n3_HC,n3,tai20_15_05.F.15_01,16,1411
n3_HC,n3,tai20_15_05.F.15_01,17,1446
n3_HC,n3,tai20_15_05.F.15_01,18,1409
n3_HC,n3,tai20_15_05.F.15_01,19,1402
n3_HC,n3,tai20_15_05.F.15_01,20,1454
n3_HC,n3,tai20_15_05.F.15_01,21,1432
n3_HC,n3,tai20_15_05.F.15_01,22,1394
n3_HC,n3,tai20_15_05.F.15_01,23,1409
n3_HC,n3,tai20_15_05.F.15_01,24,1451
n3_HC,n3,tai20_15_05.F.15_01,25,1413
n3_HC,n3,tai20_15_05.F.15_01,26,1394
n3_HC,n3,tai20_15_05.F.15_01,27,1408
n3_HC,n3,tai20_15_05.F.15_01,28,1426
n3_HC,n3,tai20_15_05.F.15_01,29,1416
n3_HC,n3,tai20_15_05.F.15_01,30,1403
n3_HC,n3,tai20_15_06.F.15_01,1,1421
n3_HC,n3,tai20_15_06.F.15_01,2,1451
n3_HC,n3,tai20_15_06.F.15_01,3,1452
n3_HC,n3,tai20_15_06.F.15_01,4,1431
n3_HC,n3,tai20_15_06.F.15_01,5,1468
n3_HC,n3,tai20_15_06.F.15_01,6,1463
n3_HC,n3,tai20_15_06.F.15_01,7,1457
n3_HC,n3,tai20_15_06.F.15_01,8,1469
n3_HC,n3,tai20_15_06.F.15_01,9,1456
n3_HC,n3,tai20_15_06.F.15_01,10,1434
n3_HC,n3,tai20_15_06.F.15_01,11,1447
n3_HC,n3,tai20_15_06.F.15_01,12,1469
n3_HC,n3,tai20_15_06.F.15_01,13,1449
n3_HC,n3,tai20_15_06.F.15_01,14,1425
n3_HC,n3,tai20_15_06.F.15_01,15,1462
n3_HC,n3,tai20_15_06.F.15_01,16,1454
n3_HC,n3,tai20_15_06.F.15_01,17,1424
n3_HC,n3,tai20_15_06.F.15_01,18,1440
n3_HC,n3,tai20_15_06.F.15_01,19,1440
n3_HC,n3,tai20_15_06.F.15_01,20,1446
n3_HC,n3,tai20_15_06.F.15_01,21,1489
n3_HC,n3,tai20_15_06.F.15_01,22,1447
n3_HC,n3,tai20_15_06.F.15_01,23,1461
n3_HC,n3,tai20_15_06.F.15_01,24,1432
n3_HC,n3,tai20_15_06.F.15_01,25,1448
n3_HC,n3,tai20_15_06.F.15_01,26,1460
n3_HC,n3,tai20_15_06.F.15_01,27,1442
n3_HC,n3,tai20_15_06.F.15_01,28,1452
n3_HC,n3,tai20_15_06.F.15_01,29,1433
n3_HC,n3,tai20_15_06.F.15_01,30,1444
n3_HC,n3,tai20_15_07.F.15_01,1,1570
n3_HC,n3,tai20_15_07.F.15_01,2,1545
n3_HC,n3,tai20_15_07.F.15_01,3,1557
n3_HC,n3,tai20_15_07.F.15_01,4,1519
n3_HC,n3,tai20_15_07.F.15_01,5,1523
n3_HC,n3,tai20_15_07.F.15_01,6,1571
n3_HC,n3,tai20_15_07.F.15_01,7,1575
n3_HC,n3,tai20_15_07.F.15_01,8,1518
n3_HC,n3,tai20_15_07.F.15_01,9,1537
n3_HC,n3,tai20_15_07.F.15_01,10,1498
n3_HC,n3,tai20_15_07.F.15_01,11,1531
n3_HC,n3,tai20_15_07.F.15_01,12,1565
n3_HC,n3,tai20_15_07.F.15_01,13,1553
n3_HC,n3,tai20_15_07.F.15_01,14,1549
n3_HC,n3,tai20_15_07.F.15_01,15,1545
n3_HC,n3,tai20_15_07.F.15_01,16,1612
n3_HC,n3,tai20_15_07.F.15_01,17,1532
n3_HC,n3,tai20_15_07.F.15_01,18,1527
n3_HC,n3,tai20_15_07.F.15_01,19,1546
n3_HC,n3,tai20_15_07.F.15_01,20,1545
n3_HC,n3,tai20_15_07.F.15_01,21,1549
n3_HC,n3,tai20_15_07.F.15_01,22,1565
n3_HC,n3,tai20_15_07.F.15_01,23,1551
n3_HC,n3,tai20_15_07.F.15_01,24,1551
n3_HC,n3,tai20_15_07.F.15_01,25,1565
n3_HC,n3,tai20_15_07.F.15_01,26,1586
n3_HC,n3,tai20_15_07.F.15_01,27,1571
n3_HC,n3,tai20_15_07.F.15_01,28,1526
n3_HC,n3,tai20_15_07.F.15_01,29,1544
n3_HC,n3,tai20_15_07.F.15_01,30,1570
n3_HC,n3,tai20_15_08.F.15_01,1,1480
n3_HC,n3,tai20_15_08.F.15_01,2,1522
n3_HC,n3,tai20_15_08.F.15_01,3,1494
n3_HC,n3,tai20_15_08.F.15_01,4,1506
n3_HC,n3,tai20_15_08.F.15_01,5,1515
n3_HC,n3,tai20_15_08.F.15_01,6,1494
n3_HC,n3,tai20_15_08.F.15_01,7,1515
n3_HC,n3,tai20_15_08.F.15_01,8,1488
n3_HC,n3,tai20_15_08.F.15_01,9,1492
n3_HC,n3,tai20_15_08.F.15_01,10,1501
n3_HC,n3,tai20_15_08.F.15_01,11,1491
n3_HC,n3,tai20_15_08.F.15_01,12,1501
n3_HC,n3,tai20_15_08.F.15_01,13,1524
n3_HC,n3,tai20_15_08.F.15_01,14,1512
n3_HC,n3,tai20_15_08.F.15_01,15,1514
n3_HC,n3,tai20_15_08.F.15_01,16,1518
n3_HC,n3,tai20_15_08.F.15_01,17,1499
n3_HC,n3,tai20_15_08.F.15_01,18,1515
n3_HC,n3,tai20_15_08.F.15_01,19,1498
n3_HC,n3,tai20_15_08.F.15_01,20,1496
n3_HC,n3,tai20_15_08.F.15_01,21,1506
n3_HC,n3,tai20_15_08.F.15_01,22,1505
n3_HC,n3,tai20_15_08.F.15_01,23,1490
n3_HC,n3,tai20_15_08.F.15_01,24,1492
n3_HC,n3,tai20_15_08.F.15_01,25,1481
n3_HC,n3,tai20_15_08.F.15_01,26,1520
n3_HC,n3,tai20_15_08.F.15_01,27,1472
n3_HC,n3,tai20_15_08.F.15_01,28,1521
n3_HC,n3,tai20_15_08.F.15_01,29,1516
n3_HC,n3,tai20_15_08.F.15_01,30,1545
n3_HC,n3,tai20_15_09.F.15_01,1,1443
n3_HC,n3,tai20_15_09.F.15_01,2,1456
n3_HC,n3,tai20_15_09.F.15_01,3,1408
n3_HC,n3,tai20_15_09.F.15_01,4,1438
n3_HC,n3,tai20_15_09.F.15_01,5,1431
n3_HC,n3,tai20_15_09.F.15_01,6,1417
n3_HC,n3,tai20_15_09.F.15_01,7,1441
n3_HC,n3,tai20_15_09.F.15_01,8,1456
n3_HC,n3,tai20_15_09.F.15_01,9,1445
n3_HC,n3,tai20_15_09.F.15_01,10,1440
n3_HC,n3,tai20_15_09.F.15_01,11,1440
n3_HC,n3,tai20_15_09.F.15_01,12,1445
n3_HC,n3,tai20_15_09.F.15_01,13,1455
n3_HC,n3,tai20_15_09.F.15_01,14,1455
n3_HC,n3,tai20_15_09.F.15_01,15,1431
n3_HC,n3,tai20_15_09.F.15_01,16,1460
n3_HC,n3,tai20_15_09.F.15_01,17,1427
n3_HC,n3,tai20_15_09.F.15_01,18,1446
n3_HC,n3,tai20_15_09.F.15_01,19,1418
n3_HC,n3,tai20_15_09.F.15_01,20,1431
n3_HC,n3,tai20_15_09.F.15_01,21,1457
n3_HC,n3,tai20_15_09.F.15_01,22,1440
n3_HC,n3,tai20_15_09.F.15_01,23,1453
n3_HC,n3,tai20_15_09.F.15_01,24,1489
n3_HC,n3,tai20_15_09.F.15_01,25,1414
n3_HC,n3,tai20_15_09.F.15_01,26,1459
n3_HC,n3,tai20_15_09.F.15_01,27,1425
n3_HC,n3,tai20_15_09.F.15_01,28,1445
n3_HC,n3,tai20_15_09.F.15_01,29,1457
n3_HC,n3,tai20_15_09.F.15_01,30,1416
n3_HC,n3,tai20_15_10.F.15_01,1,1451
n3_HC,n3,tai20_15_10.F.15_01,2,1434
n3_HC,n3,tai20_15_10.F.15_01,3,1411
n3_HC,n3,tai20_15_10.F.15_01,4,1405
n3_HC,n3,tai20_15_10.F.15_01,5,1399
n3_HC,n3,tai20_15_10.F.15_01,6,1412
n3_HC,n3,tai20_15_10.F.15_01,7,1412
n3_HC,n3,tai20_15_10.F.15_01,8,1420
n3_HC,n3,tai20_15_10.F.15_01,9,1415
n3_HC,n3,tai20_15_10.F.15_01,10,1431
n3_HC,n3,tai20_15_10.F.15_01,11,1408
n3_HC,n3,tai20_15_10.F.15_01,12,1443
n3_HC,n3,tai20_15_10.F.15_01,13,1416
n3_HC,n3,tai20_15_10.F.15_01,14,1412
n3_HC,n3,tai20_15_10.F.15_01,15,1399
n3_HC,n3,tai20_15_10.F.15_01,16,1406
n3_HC,n3,tai20_15_10.F.15_01,17,1413
n3_HC,n3,tai20_15_10.F.15_01,18,1434
n3_HC,n3,tai20_15_10.F.15_01,19,1428
n3_HC,n3,tai20_15_10.F.15_01,20,1420
n3_HC,n3,tai20_15_10.F.15_01,21,1444
n3_HC,n3,tai20_15_10.F.15_01,22,1420
n3_HC,n3,tai20_15_10.F.15_01,23,1429
n3_HC,n3,tai20_15_10.F.15_01,24,1416
n3_HC,n3,tai20_15_10.F.15_01,25,1389
n3_HC,n3,tai20_15_10.F.15_01,26,1424
n3_HC,n3,tai20_15_10.F.15_01,27,1450
n3_HC,n3,tai20_15_10.F.15_01,28,1430
n3_HC,n3,tai20_15_10.F.15_01,29,1412
n3_HC,n3,tai20_15_10.F.15_01,30,1426
n3_HC,n3,tai20_20_01.F.15_01,1,1763
n3_HC,n3,tai20_20_01.F.15_01,2,1713
n3_HC,n3,tai20_20_01.F.15_01,3,1737
n3_HC,n3,tai20_20_01.F.15_01,4,1749
n3_HC,n3,tai20_20_01.F.15_01,5,1714
n3_HC,n3,tai20_20_01.F.15_01,6,1750
n3_HC,n3,tai20_20_01.F.15_01,7,1724
n3_HC,n3,tai20_20_01.F.15_01,8,1736
n3_HC,n3,tai20_20_01.F.15_01,9,1739
n3_HC,n3,tai20_20_01.F.15_01,10,1742
n3_HC,n3,tai20_20_01.F.15_01,11,1732
n3_HC,n3,tai20_20_01.F.15_01,12,1747
n3_HC,n3,tai20_20_01.F.15_01,13,1762
n3_HC,n3,tai20_20_01.F.15_01,14,1736
n3_HC,n3,tai20_20_01.F.15_01,15,1742
n3_HC,n3,tai20_20_01.F.15_01,16,1718
n3_HC,n3,tai20_20_01.F.15_01,17,1781
n3_HC,n3,tai20_20_01.F.15_01,18,1711
n3_HC,n3,tai20_20_01.F.15_01,19,1725
n3_HC,n3,tai20_20_01.F.15_01,20,1744
n3_HC,n3,tai20_20_01.F.15_01,21,1732
n3_HC,n3,tai20_20_01.F.15_01,22,1738
n3_HC,n3,tai20_20_01.F.15_01,23,1707
n3_HC,n3,tai20_20_01.F.15_01,24,1733
n3_HC,n3,tai20_20_01.F.15_01,25,1724
n3_HC,n3,tai20_20_01.F.15_01,26,1711
n3_HC,n3,tai20_20_01.F.15_01,27,1754
n3_HC,n3,tai20_20_01.F.15_01,28,1733
n3_HC,n3,tai20_20_01.F.15_01,29,1712
n3_HC,n3,tai20_20_01.F.15_01,30,1748
n3_HC,n3,tai20_20_02.F.15_01,1,1665
n3_HC,n3,tai20_20_02.F.15_01,2,1707
n3_HC,n3,tai20_20_02.F.15_01,3,1669
n3_HC,n3,tai20_20_02.F.15_01,4,1670
n3_HC,n3,tai20_20_02.F.15_01,5,1698
n3_HC,n3,tai20_20_02.F.15_01,6,1695
n3_HC,n3,tai20_20_02.F.15_01,7,1699
n3_HC,n3,tai20_20_02.F.15_01,8,1654
n3_HC,n3,tai20_20_02.F.15_01,9,1698
n3_HC,n3,tai20_20_02.F.15_01,10,1672
n3_HC,n3,tai20_20_02.F.15_01,11,1667
n3_HC,n3,tai20_20_02.F.15_01,12,1673
n3_HC,n3,tai20_20_02.F.15_01,13,1680
n3_HC,n3,tai20_20_02.F.15_01,14,1688
n3_HC,n3,tai20_20_02.F.15_01,15,1668
n3_HC,n3,tai20_20_02.F.15_01,16,1670
n3_HC,n3,tai20_20_02.F.15_01,17,1703
n3_HC,n3,tai20_20_02.F.15_01,18,1672
n3_HC,n3,tai20_20_02.F.15_01,19,1647
n3_HC,n3,tai20_20_02.F.15_01,20,1680
n3_HC,n3,tai20_20_02.F.15_01,21,1686
n3_HC,n3,tai20_20_02.F.15_01,22,1668
n3_HC,n3,tai20_20_02.F.15_01,23,1678
n3_HC,n3,tai20_20_02.F.15_01,24,1695
n3_HC,n3,tai20_20_02.F.15_01,25,1717
n3_HC,n3,tai20_20_02.F.15_01,26,1686
n3_HC,n3,tai20_20_02.F.15_01,27,1670
n3_HC,n3,tai20_20_02.F.15_01,28,1656
n3_HC,n3,tai20_20_02.F.15_01,29,1671
n3_HC,n3,tai20_20_02.F.15_01,30,1688
n3_HC,n3,tai20_20_03.F.15_01,1,1633
n3_HC,n3,tai20_20_03.F.15_01,2,1648
n3_HC,n3,tai20_20_03.F.15_01,3,1652
n3_HC,n3,tai20_20_03.F.15_01,4,1663
n3_HC,n3,tai20_20_03.F.15_01,5,1661
n3_HC,n3,tai20_20_03.F.15_01,6,1651
n3_HC,n3,tai20_20_03.F.15_01,7,1655
n3_HC,n3,tai20_20_03.F.15_01,8,1651
n3_HC,n3,tai20_20_03.F.15_01,9,1649
n3_HC,n3,tai20_20_03.F.15_01,10,1649
n3_HC,n3,tai20_20_03.F.15_01,11,1663
n3_HC,n3,tai20_20_03.F.15_01,12,1640
n3_HC,n3,tai20_20_03.F.15_01,13,1630
n3_HC,n3,tai20_20_03.F.15_01,14,1664
n3_HC,n3,tai20_20_03.F.15_01,15,1664
n3_HC,n3,tai20_20_03.F.15_01,16,1650
n3_HC,n3,tai20_20_03.F.15_01,17,1639
n3_HC,n3,tai20_20_03.F.15_01,18,1674
n3_HC,n3,tai20_20_03.F.15_01,19,1608
n3_HC,n3,tai20_20_03.F.15_01,20,1682
n3_HC,n3,tai20_20_03.F.15_01,21,1641
n3_HC,n3,tai20_20_03.F.15_01,22,1664
n3_HC,n3,tai20_20_03.F.15_01,23,1656
n3_HC,n3,tai20_20_03.F.15_01,24,1638
n3_HC,n3,tai20_20_03.F.15_01,25,1638
n3_HC,n3,tai20_20_03.F.15_01,26,1635
n3_HC,n3,tai20_20_03.F.15_01,27,1660
n3_HC,n3,tai20_20_03.F.15_01,28,1640
n3_HC,n3,tai20_20_03.F.15_01,29,1638
n3_HC,n3,tai20_20_03.F.15_01,30,1673
n3_HC,n3,tai20_20_04.F.15_01,1,1723
n3_HC,n3,tai20_20_04.F.15_01,2,1724
n3_HC,n3,tai20_20_04.F.15_01,3,1698
n3_HC,n3,tai20_20_04.F.15_01,4,1749
n3_HC,n3,tai20_20_04.F.15_01,5,1782
n3_HC,n3,tai20_20_04.F.15_01,6,1765
n3_HC,n3,tai20_20_04.F.15_01,7,1718
n3_HC,n3,tai20_20_04.F.15_01,8,1740
n3_HC,n3,tai20_20_04.F.15_01,9,1711
n3_HC,n3,tai20_20_04.F.15_01,10,1739
n3_HC,n3,tai20_20_04.F.15_01,11,1718
n3_HC,n3,tai20_20_04.F.15_01,12,1718
n3_HC,n3,tai20_20_04.F.15_01,13,1688
n3_HC,n3,tai20_20_04.F.15_01,14,1740
n3_HC,n3,tai20_20_04.F.15_01,15,1729
n3_HC,n3,tai20_20_04.F.15_01,16,1713
n3_HC,n3,tai20_20_04.F.15_01,17,1727
n3_HC,n3,tai20_20_04.F.15_01,18,1730
n3_HC,n3,tai20_20_04.F.15_01,19,1718
n3_HC,n3,tai20_20_04.F.15_01,20,1704
n3_HC,n3,tai20_20_04.F.15_01,21,1754
n3_HC,n3,tai20_20_04.F.15_01,22,1749
n3_HC,n3,tai20_20_04.F.15_01,23,1688
n3_HC,n3,tai20_20_04.F.15_01,24,1732
n3_HC,n3,tai20_20_04.F.15_01,25,1749
n3_HC,n3,tai20_20_04.F.15_01,26,1766
n3_HC,n3,tai20_20_04.F.15_01,27,1747
n3_HC,n3,tai20_20_04.F.15_01,28,1720
n3_HC,n3,tai20_20_04.F.15_01,29,1790
n3_HC,n3,tai20_20_04.F.15_01,30,1727
n3_HC,n3,tai20_20_05.F.15_01,1,1753
n3_HC,n3,tai20_20_05.F.15_01,2,1677
n3_HC,n3,tai20_20_05.F.15_01,3,1706
n3_HC,n3,tai20_20_05.F.15_01,4,1718
n3_HC,n3,tai20_20_05.F.15_01,5,1689
n3_HC,n3,tai20_20_05.F.15_01,6,1683
n3_HC,n3,tai20_20_05.F.15_01,7,1672
n3_HC,n3,tai20_20_05.F.15_01,8,1684
n3_HC,n3,tai20_20_05.F.15_01,9,1683
n3_HC,n3,tai20_20_05.F.15_01,10,1666
n3_HC,n3,tai20_20_05.F.15_01,11,1693
n3_HC,n3,tai20_20_05.F.15_01,12,1683
n3_HC,n3,tai20_20_05.F.15_01,13,1697
n3_HC,n3,tai20_20_05.F.15_01,14,1704
n3_HC,n3,tai20_20_05.F.15_01,15,1674
n3_HC,n3,tai20_20_05.F.15_01,16,1731
n3_HC,n3,tai20_20_05.F.15_01,17,1711
n3_HC,n3,tai20_20_05.F.15_01,18,1678
n3_HC,n3,tai20_20_05.F.15_01,19,1661
n3_HC,n3,tai20_20_05.F.15_01,20,1689
n3_HC,n3,tai20_20_05.F.15_01,21,1704
n3_HC,n3,tai20_20_05.F.15_01,22,1704
n3_HC,n3,tai20_20_05.F.15_01,23,1702
n3_HC,n3,tai20_20_05.F.15_01,24,1710
n3_HC,n3,tai20_20_05.F.15_01,25,1683
n3_HC,n3,tai20_20_05.F.15_01,26,1684
n3_HC,n3,tai20_20_05.F.15_01,27,1714
n3_HC,n3,tai20_20_05.F.15_01,28,1667
n3_HC,n3,tai20_20_05.F.15_01,29,1685
n3_HC,n3,tai20_20_05.F.15_01,30,1705
n3_HC,n3,tai20_20_06.F.15_01,1,1735
n3_HC,n3,tai20_20_06.F.15_01,2,1751
n3_HC,n3,tai20_20_06.F.15_01,3,1740
n3_HC,n3,tai20_20_06.F.15_01,4,1753
n3_HC,n3,tai20_20_06.F.15_01,5,1742
n3_HC,n3,tai20_20_06.F.15_01,6,1745
n3_HC,n3,tai20_20_06.F.15_01,7,1750
n3_HC,n3,tai20_20_06.F.15_01,8,1730
n3_HC,n3,tai20_20_06.F.15_01,9,1725
n3_HC,n3,tai20_20_06.F.15_01,10,1759
n3_HC,n3,tai20_20_06.F.15_01,11,1759
n3_HC,n3,tai20_20_06.F.15_01,12,1748
n3_HC,n3,tai20_20_06.F.15_01,13,1726
n3_HC,n3,tai20_20_06.F.15_01,14,1743
n3_HC,n3,tai20_20_06.F.15_01,15,1763
n3_HC,n3,tai20_20_06.F.15_01,16,1713
n3_HC,n3,tai20_20_06.F.15_01,17,1757
n3_HC,n3,tai20_20_06.F.15_01,18,1741
n3_HC,n3,tai20_20_06.F.15_01,19,1758
n3_HC,n3,tai20_20_06.F.15_01,20,1779
n3_HC,n3,tai20_20_06.F.15_01,21,1724
n3_HC,n3,tai20_20_06.F.15_01,22,1756
n3_HC,n3,tai20_20_06.F.15_01,23,1759
n3_HC,n3,tai20_20_06.F.15_01,24,1783
n3_HC,n3,tai20_20_06.F.15_01,25,1772
n3_HC,n3,tai20_20_06.F.15_01,26,1752
n3_HC,n3,tai20_20_06.F.15_01,27,1764
n3_HC,n3,tai20_20_06.F.15_01,28,1765
n3_HC,n3,tai20_20_06.F.15_01,29,1744
n3_HC,n3,tai20_20_06.F.15_01,30,1757
n3_HC,n3,tai20_20_07.F.15_01,1,1766
n3_HC,n3,tai20_20_07.F.15_01,2,1806
n3_HC,n3,tai20_20_07.F.15_01,3,1792
n3_HC,n3,tai20_20_07.F.15_01,4,1785
n3_HC,n3,tai20_20_07.F.15_01,5,1783
n3_HC,n3,tai20_20_07.F.15_01,6,1791
n3_HC,n3,tai20_20_07.F.15_01,7,1771
n3_HC,n3,tai20_20_07.F.15_01,8,1808
n3_HC,n3,tai20_20_07.F.15_01,9,1726
n3_HC,n3,tai20_20_07.F.15_01,10,1800
n3_HC,n3,tai20_20_07.F.15_01,11,1793
n3_HC,n3,tai20_20_07.F.15_01,12,1791
n3_HC,n3,tai20_20_07.F.15_01,13,1802
n3_HC,n3,tai20_20_07.F.15_01,14,1748
n3_HC,n3,tai20_20_07.F.15_01,15,1796
n3_HC,n3,tai20_20_07.F.15_01,16,1789
n3_HC,n3,tai20_20_07.F.15_01,17,1796
n3_HC,n3,tai20_20_07.F.15_01,18,1747
n3_HC,n3,tai20_20_07.F.15_01,19,1793
n3_HC,n3,tai20_20_07.F.15_01,20,1770
n3_HC,n3,tai20_20_07.F.15_01,21,1784
n3_HC,n3,tai20_20_07.F.15_01,22,1773
n3_HC,n3,tai20_20_07.F.15_01,23,1797
n3_HC,n3,tai20_20_07.F.15_01,24,1815
n3_HC,n3,tai20_20_07.F.15_01,25,1739
n3_HC,n3,tai20_20_07.F.15_01,26,1819
n3_HC,n3,tai20_20_07.F.15_01,27,1760
n3_HC,n3,tai20_20_07.F.15_01,28,1788
n3_HC,n3,tai20_20_07.F.15_01,29,1777
n3_HC,n3,tai20_20_07.F.15_01,30,1789
n3_HC,n3,tai20_20_08.F.15_01,1,1666
n3_HC,n3,tai20_20_08.F.15_01,2,1681
n3_HC,n3,tai20_20_08.F.15_01,3,1696
n3_HC,n3,tai20_20_08.F.15_01,4,1664
n3_HC,n3,tai20_20_08.F.15_01,5,1689
n3_HC,n3,tai20_20_08.F.15_01,6,1682
n3_HC,n3,tai20_20_08.F.15_01,7,1689
n3_HC,n3,tai20_20_08.F.15_01,8,1672
n3_HC,n3,tai20_20_08.F.15_01,9,1686
n3_HC,n3,tai20_20_08.F.15_01,10,1686
n3_HC,n3,tai20_20_08.F.15_01,11,1712
n3_HC,n3,tai20_20_08.F.15_01,12,1700
n3_HC,n3,tai20_20_08.F.15_01,13,1667
n3_HC,n3,tai20_20_08.F.15_01,14,1690
n3_HC,n3,tai20_20_08.F.15_01,15,1689
n3_HC,n3,tai20_20_08.F.15_01,16,1671
n3_HC,n3,tai20_20_08.F.15_01,17,1686
n3_HC,n3,tai20_20_08.F.15_01,18,1697
n3_HC,n3,tai20_20_08.F.15_01,19,1686
n3_HC,n3,tai20_20_08.F.15_01,20,1661
n3_HC,n3,tai20_20_08.F.15_01,21,1705
n3_HC,n3,tai20_20_08.F.15_01,22,1694
n3_HC,n3,tai20_20_08.F.15_01,23,1671
n3_HC,n3,tai20_20_08.F.15_01,24,1679
n3_HC,n3,tai20_20_08.F.15_01,25,1680
n3_HC,n3,tai20_20_08.F.15_01,26,1684
n3_HC,n3,tai20_20_08.F.15_01,27,1671
n3_HC,n3,tai20_20_08.F.15_01,28,1701
n3_HC,n3,tai20_20_08.F.15_01,29,1704
n3_HC,n3,tai20_20_08.F.15_01,30,1685
n3_HC,n3,tai20_20_09.F.15_01,1,1696
n3_HC,n3,tai20_20_09.F.15_01,2,1690
n3_HC,n3,tai20_20_09.F.15_01,3,1688
n3_HC,n3,tai20_20_09.F.15_01,4,1681
n3_HC,n3,tai20_20_09.F.15_01,5,1672
n3_HC,n3,tai20_20_09.F.15_01,6,1712
n3_HC,n3,tai20_20_09.F.15_01,7,1693
n3_HC,n3,tai20_20_09.F.15_01,8,1734
n3_HC,n3,tai20_20_09.F.15_01,9,1683
n3_HC,n3,tai20_20_09.F.15_01,10,1652
n3_HC,n3,tai20_20_09.F.15_01,11,1677
n3_HC,n3,tai20_20_09.F.15_01,12,1693
n3_HC,n3,tai20_20_09.F.15_01,13,1688
n3_HC,n3,tai20_20_09.F.15_01,14,1729
n3_HC,n3,tai20_20_09.F.15_01,15,1679
n3_HC,n3,tai20_20_09.F.15_01,16,1688
n3_HC,n3,tai20_20_09.F.15_01,17,1675
n3_HC,n3,tai20_20_09.F.15_01,18,1714
n3_HC,n3,tai20_20_09.F.15_01,19,1698
n3_HC,n3,tai20_20_09.F.15_01,20,1684
n3_HC,n3,tai20_20_09.F.15_01,21,1701
n3_HC,n3,tai20_20_09.F.15_01,22,1672
n3_HC,n3,tai20_20_09.F.15_01,23,1678
n3_HC,n3,tai20_20_09.F.15_01,24,1677
n3_HC,n3,tai20_20_09.F.15_01,25,1738
n3_HC,n3,tai20_20_09.F.15_01,26,1684
n3_HC,n3,tai20_20_09.F.15_01,27,1681
n3_HC,n3,tai20_20_09.F.15_01,28,1670
n3_HC,n3,tai20_20_09.F.15_01,29,1674
n3_HC,n3,tai20_20_09.F.15_01,30,1678
n3_HC,n3,tai20_20_10.F.15_01,1,1649
n3_HC,n3,tai20_20_10.F.15_01,2,1647
n3_HC,n3,tai20_20_10.F.15_01,3,1680
n3_HC,n3,tai20_20_10.F.15_01,4,1656
n3_HC,n3,tai20_20_10.F.15_01,5,1664
n3_HC,n3,tai20_20_10.F.15_01,6,1662
n3_HC,n3,tai20_20_10.F.15_01,7,1657
n3_HC,n3,tai20_20_10.F.15_01,8,1680
n3_HC,n3,tai20_20_10.F.15_01,9,1673
n3_HC,n3,tai20_20_10.F.15_01,10,1668
n3_HC,n3,tai20_20_10.F.15_01,11,1677
n3_HC,n3,tai20_20_10.F.15_01,12,1701
n3_HC,n3,tai20_20_10.F.15_01,13,1659
n3_HC,n3,tai20_20_10.F.15_01,14,1702
n3_HC,n3,tai20_20_10.F.15_01,15,1688
n3_HC,n3,tai20_20_10.F.15_01,16,1665
n3_HC,n3,tai20_20_10.F.15_01,17,1668
n3_HC,n3,tai20_20_10.F.15_01,18,1674
n3_HC,n3,tai20_20_10.F.15_01,19,1675
n3_HC,n3,tai20_20_10.F.15_01,20,1666
n3_HC,n3,tai20_20_10.F.15_01,21,1671
n3_HC,n3,tai20_20_10.F.15_01,22,1643
n3_HC,n3,tai20_20_10.F.15_01,23,1696
n3_HC,n3,tai20_20_10.F.15_01,24,1658
n3_HC,n3,tai20_20_10.F.15_01,25,1659
n3_HC,n3,tai20_20_10.F.15_01,26,1686
n3_HC,n3,tai20_20_10.F.15_01,27,1665
n3_HC,n3,tai20_20_10.F.15_01,28,1655
n3_HC,n3,tai20_20_10.F.15_01,29,1674
n3_HC,n3,tai20_20_10.F.15_01,30,1660
n3_HC,n3,tai30_15_01.F.15_01,1,1888
n3_HC,n3,tai30_15_01.F.15_01,2,1861
n3_HC,n3,tai30_15_01.F.15_01,3,1869
n3_HC,n3,tai30_15_01.F.15_01,4,1832
n3_HC,n3,tai30_15_01.F.15_01,5,1872
n3_HC,n3,tai30_15_01.F.15_01,6,1870
n3_HC,n3,tai30_15_01.F.15_01,7,1851
n3_HC,n3,tai30_15_01.F.15_01,8,1850
n3_HC,n3,tai30_15_01.F.15_01,9,1852
n3_HC,n3,tai30_15_01.F.15_01,10,1860
n3_HC,n3,tai30_15_01.F.15_01,11,1853
n3_HC,n3,tai30_15_01.F.15_01,12,1836
n3_HC,n3,tai30_15_01.F.15_01,13,1850
n3_HC,n3,tai30_15_01.F.15_01,14,1864
n3_HC,n3,tai30_15_01.F.15_01,15,1875
n3_HC,n3,tai30_15_01.F.15_01,16,1870
n3_HC,n3,tai30_15_01.F.15_01,17,1871
n3_HC,n3,tai30_15_01.F.15_01,18,1850
n3_HC,n3,tai30_15_01.F.15_01,19,1895
n3_HC,n3,tai30_15_01.F.15_01,20,1881
n3_HC,n3,tai30_15_01.F.15_01,21,1898
n3_HC,n3,tai30_15_01.F.15_01,22,1882
n3_HC,n3,tai30_15_01.F.15_01,23,1860
n3_HC,n3,tai30_15_01.F.15_01,24,1887
n3_HC,n3,tai30_15_01.F.15_01,25,1880
n3_HC,n3,tai30_15_01.F.15_01,26,1865
n3_HC,n3,tai30_15_01.F.15_01,27,1862
n3_HC,n3,tai30_15_01.F.15_01,28,1856
n3_HC,n3,tai30_15_01.F.15_01,29,1897
n3_HC,n3,tai30_15_01.F.15_01,30,1889
n3_HC,n3,tai30_15_02.F.15_01,1,1945
n3_HC,n3,tai30_15_02.F.15_01,2,1971
n3_HC,n3,tai30_15_02.F.15_01,3,1952
n3_HC,n3,tai30_15_02.F.15_01,4,1932
n3_HC,n3,tai30_15_02.F.15_01,5,1980
n3_HC,n3,tai30_15_02.F.15_01,6,1974
n3_HC,n3,tai30_15_02.F.15_01,7,1932
n3_HC,n3,tai30_15_02.F.15_01,8,1986
n3_HC,n3,tai30_15_02.F.15_01,9,1974
n3_HC,n3,tai30_15_02.F.15_01,10,1929
n3_HC,n3,tai30_15_02.F.15_01,11,1928
n3_HC,n3,tai30_15_02.F.15_01,12,1987
n3_HC,n3,tai30_15_02.F.15_01,13,1945
n3_HC,n3,tai30_15_02.F.15_01,14,1929
n3_HC,n3,tai30_15_02.F.15_01,15,1962
n3_HC,n3,tai30_15_02.F.15_01,16,1937
n3_HC,n3,tai30_15_02.F.15_01,17,1984
n3_HC,n3,tai30_15_02.F.15_01,18,1973
n3_HC,n3,tai30_15_02.F.15_01,19,1963
n3_HC,n3,tai30_15_02.F.15_01,20,1960
n3_HC,n3,tai30_15_02.F.15_01,21,1962
n3_HC,n3,tai30_15_02.F.15_01,22,1957
n3_HC,n3,tai30_15_02.F.15_01,23,1962
n3_HC,n3,tai30_15_02.F.15_01,24,1941
n3_HC,n3,tai30_15_02.F.15_01,25,1947
n3_HC,n3,tai30_15_02.F.15_01,26,1950
n3_HC,n3,tai30_15_02.F.15_01,27,1982
n3_HC,n3,tai30_15_02.F.15_01,28,1940
n3_HC,n3,tai30_15_02.F.15_01,29,1952
n3_HC,n3,tai30_15_02.F.15_01,30,1981
n3_HC,n3,tai30_15_03.F.15_01,1,1937
n3_HC,n3,tai30_15_03.F.15_01,2,1976
n3_HC,n3,tai30_15_03.F.15_01,3,1920
n3_HC,n3,tai30_15_03.F.15_01,4,1961
n3_HC,n3,tai30_15_03.F.15_01,5,1961
n3_HC,n3,tai30_15_03.F.15_01,6,1933
n3_HC,n3,tai30_15_03.F.15_01,7,1941
n3_HC,n3,tai30_15_03.F.15_01,8,2000
n3_HC,n3,tai30_15_03.F.15_01,9,1981
n3_HC,n3,tai30_15_03.F.15_01,10,1977
n3_HC,n3,tai30_15_03.F.15_01,11,1922
n3_HC,n3,tai30_15_03.F.15_01,12,1949
n3_HC,n3,tai30_15_03.F.15_01,13,1954
n3_HC,n3,tai30_15_03.F.15_01,14,1981
n3_HC,n3,tai30_15_03.F.15_01,15,1954
n3_HC,n3,tai30_15_03.F.15_01,16,1958
n3_HC,n3,tai30_15_03.F.15_01,17,1953
n3_HC,n3,tai30_15_03.F.15_01,18,1967
n3_HC,n3,tai30_15_03.F.15_01,19,1939
n3_HC,n3,tai30_15_03.F.15_01,20,1959
n3_HC,n3,tai30_15_03.F.15_01,21,1936
n3_HC,n3,tai30_15_03.F.15_01,22,1935
n3_HC,n3,tai30_15_03.F.15_01,23,1953
n3_HC,n3,tai30_15_03.F.15_01,24,1936
n3_HC,n3,tai30_15_03.F.15_01,25,1960
n3_HC,n3,tai30_15_03.F.15_01,26,1951
n3_HC,n3,tai30_15_03.F.15_01,27,1942
n3_HC,n3,tai30_15_03.F.15_01,28,1943
n3_HC,n3,tai30_15_03.F.15_01,29,1969
n3_HC,n3,tai30_15_03.F.15_01,30,2010
n3_HC,n3,tai30_15_04.F.15_01,1,1964
n3_HC,n3,tai30_15_04.F.15_01,2,1969
n3_HC,n3,tai30_15_04.F.15_01,3,1940
n3_HC,n3,tai30_15_04.F.15_01,4,1973
n3_HC,n3,tai30_15_04.F.15_01,5,1959
n3_HC,n3,tai30_15_04.F.15_01,6,1990
n3_HC,n3,tai30_15_04.F.15_01,7,1957
n3_HC,n3,tai30_15_04.F.15_01,8,2004
n3_HC,n3,tai30_15_04.F.15_01,9,1974
n3_HC,n3,tai30_15_04.F.15_01,10,1948
n3_HC,n3,tai30_15_04.F.15_01,11,1979
n3_HC,n3,tai30_15_04.F.15_01,12,1955
n3_HC,n3,tai30_15_04.F.15_01,13,1975
n3_HC,n3,tai30_15_04.F.15_01,14,1995
n3_HC,n3,tai30_15_04.F.15_01,15,1967
n3_HC,n3,tai30_15_04.F.15_01,16,1954
n3_HC,n3,tai30_15_04.F.15_01,17,1981
n3_HC,n3,tai30_15_04.F.15_01,18,1977
n3_HC,n3,tai30_15_04.F.15_01,19,1980
n3_HC,n3,tai30_15_04.F.15_01,20,1976
n3_HC,n3,tai30_15_04.F.15_01,21,2001
n3_HC,n3,tai30_15_04.F.15_01,22,1975
n3_HC,n3,tai30_15_04.F.15_01,23,1945
n3_HC,n3,tai30_15_04.F.15_01,24,1952
n3_HC,n3,tai30_15_04.F.15_01,25,1977
n3_HC,n3,tai30_15_04.F.15_01,26,1954
n3_HC,n3,tai30_15_04.F.15_01,27,1958
n3_HC,n3,tai30_15_04.F.15_01,28,1960
n3_HC,n3,tai30_15_04.F.15_01,29,1940
n3_HC,n3,tai30_15_04.F.15_01,30,1984
n3_HC,n3,tai30_15_05.F.15_01,1,2009
n3_HC,n3,tai30_15_05.F.15_01,2,2062
n3_HC,n3,tai30_15_05.F.15_01,3,2022
n3_HC,n3,tai30_15_05.F.15_01,4,2052
n3_HC,n3,tai30_15_05.F.15_01,5,2078
n3_HC,n3,tai30_15_05.F.15_01,6,2033
n3_HC,n3,tai30_15_05.F.15_01,7,2053
n3_HC,n3,tai30_15_05.F.15_01,8,2065
n3_HC,n3,tai30_15_05.F.15_01,9,2032
n3_HC,n3,tai30_15_05.F.15_01,10,2007
n3_HC,n3,tai30_15_05.F.15_01,11,2124
n3_HC,n3,tai30_15_05.F.15_01,12,2038
n3_HC,n3,tai30_15_05.F.15_01,13,2045
n3_HC,n3,tai30_15_05.F.15_01,14,2029
n3_HC,n3,tai30_15_05.F.15_01,15,2033
n3_HC,n3,tai30_15_05.F.15_01,16,2041
n3_HC,n3,tai30_15_05.F.15_01,17,2032
n3_HC,n3,tai30_15_05.F.15_01,18,2040
n3_HC,n3,tai30_15_05.F.15_01,19,2070
n3_HC,n3,tai30_15_05.F.15_01,20,2100
n3_HC,n3,tai30_15_05.F.15_01,21,2038
n3_HC,n3,tai30_15_05.F.15_01,22,2029
n3_HC,n3,tai30_15_05.F.15_01,23,2069
n3_HC,n3,tai30_15_05.F.15_01,24,2020
n3_HC,n3,tai30_15_05.F.15_01,25,2044
n3_HC,n3,tai30_15_05.F.15_01,26,2034
n3_HC,n3,tai30_15_05.F.15_01,27,2056
n3_HC,n3,tai30_15_05.F.15_01,28,2083
n3_HC,n3,tai30_15_05.F.15_01,29,2038
n3_HC,n3,tai30_15_05.F.15_01,30,2097
n3_HC,n3,tai30_15_06.F.15_01,1,2019
n3_HC,n3,tai30_15_06.F.15_01,2,1965
n3_HC,n3,tai30_15_06.F.15_01,3,1958
n3_HC,n3,tai30_15_06.F.15_01,4,1948
n3_HC,n3,tai30_15_06.F.15_01,5,1963
n3_HC,n3,tai30_15_06.F.15_01,6,1963
n3_HC,n3,tai30_15_06.F.15_01,7,1961
n3_HC,n3,tai30_15_06.F.15_01,8,1950
n3_HC,n3,tai30_15_06.F.15_01,9,1944
n3_HC,n3,tai30_15_06.F.15_01,10,1987
n3_HC,n3,tai30_15_06.F.15_01,11,1916
n3_HC,n3,tai30_15_06.F.15_01,12,1989
n3_HC,n3,tai30_15_06.F.15_01,13,1996
n3_HC,n3,tai30_15_06.F.15_01,14,1949
n3_HC,n3,tai30_15_06.F.15_01,15,1965
n3_HC,n3,tai30_15_06.F.15_01,16,1958
n3_HC,n3,tai30_15_06.F.15_01,17,1979
n3_HC,n3,tai30_15_06.F.15_01,18,1952
n3_HC,n3,tai30_15_06.F.15_01,19,1956
n3_HC,n3,tai30_15_06.F.15_01,20,1975
n3_HC,n3,tai30_15_06.F.15_01,21,1965
n3_HC,n3,tai30_15_06.F.15_01,22,1948
n3_HC,n3,tai30_15_06.F.15_01,23,1997
n3_HC,n3,tai30_15_06.F.15_01,24,1922
n3_HC,n3,tai30_15_06.F.15_01,25,1900
n3_HC,n3,tai30_15_06.F.15_01,26,1982
n3_HC,n3,tai30_15_06.F.15_01,27,1932
n3_HC,n3,tai30_15_06.F.15_01,28,1955
n3_HC,n3,tai30_15_06.F.15_01,29,1966
n3_HC,n3,tai30_15_06.F.15_01,30,1966
n3_HC,n3,tai30_15_07.F.15_01,1,1882
n3_HC,n3,tai30_15_07.F.15_01,2,1911
n3_HC,n3,tai30_15_07.F.15_01,3,1905
n3_HC,n3,tai30_15_07.F.15_01,4,1885
n3_HC,n3,tai30_15_07.F.15_01,5,1882
n3_HC,n3,tai30_15_07.F.15_01,6,1909
n3_HC,n3,tai30_15_07.F.15_01,7,1909
n3_HC,n3,tai30_15_07.F.15_01,8,1893
n3_HC,n3,tai30_15_07.F.15_01,9,1889
n3_HC,n3,tai30_15_07.F.15_01,10,1924
n3_HC,n3,tai30_15_07.F.15_01,11,1896
n3_HC,n3,tai30_15_07.F.15_01,12,1913
n3_HC,n3,tai30_15_07.F.15_01,13,1921
n3_HC,n3,tai30_15_07.F.15_01,14,1889
n3_HC,n3,tai30_15_07.F.15_01,15,1873
n3_HC,n3,tai30_15_07.F.15_01,16,1906
n3_HC,n3,tai30_15_07.F.15_01,17,1904
n3_HC,n3,tai30_15_07.F.15_01,18,1897
n3_HC,n3,tai30_15_07.F.15_01,19,1899
n3_HC,n3,tai30_15_07.F.15_01,20,1921
n3_HC,n3,tai30_15_07.F.15_01,21,1900
n3_HC,n3,tai30_15_07.F.15_01,22,1882
n3_HC,n3,tai30_15_07.F.15_01,23,1893
n3_HC,n3,tai30_15_07.F.15_01,24,1893
n3_HC,n3,tai30_15_07.F.15_01,25,1912
n3_HC,n3,tai30_15_07.F.15_01,26,1940
n3_HC,n3,tai30_15_07.F.15_01,27,1933
n3_HC,n3,tai30_15_07.F.15_01,28,1916
n3_HC,n3,tai30_15_07.F.15_01,29,1936
n3_HC,n3,tai30_15_07.F.15_01,30,1867
n3_HC,n3,tai30_15_08.F.15_01,1,1808
n3_HC,n3,tai30_15_08.F.15_01,2,1790
n3_HC,n3,tai30_15_08.F.15_01,3,1814
n3_HC,n3,tai30_15_08.F.15_01,4,1806
n3_HC,n3,tai30_15_08.F.15_01,5,1815
n3_HC,n3,tai30_15_08.F.15_01,6,1811
n3_HC,n3,tai30_15_08.F.15_01,7,1827
n3_HC,n3,tai30_15_08.F.15_01,8,1797
n3_HC,n3,tai30_15_08.F.15_01,9,1830
n3_HC,n3,tai30_15_08.F.15_01,10,1836
n3_HC,n3,tai30_15_08.F.15_01,11,1819
n3_HC,n3,tai30_15_08.F.15_01,12,1805
n3_HC,n3,tai30_15_08.F.15_01,13,1845
n3_HC,n3,tai30_15_08.F.15_01,14,1806
n3_HC,n3,tai30_15_08.F.15_01,15,1802
n3_HC,n3,tai30_15_08.F.15_01,16,1823
n3_HC,n3,tai30_15_08.F.15_01,17,1838
n3_HC,n3,tai30_15_08.F.15_01,18,1820
n3_HC,n3,tai30_15_08.F.15_01,19,1831
n3_HC,n3,tai30_15_08.F.15_01,20,1786
n3_HC,n3,tai30_15_08.F.15_01,21,1844
n3_HC,n3,tai30_15_08.F.15_01,22,1843
n3_HC,n3,tai30_15_08.F.15_01,23,1787
n3_HC,n3,tai30_15_08.F.15_01,24,1813
n3_HC,n3,tai30_15_08.F.15_01,25,1818
n3_HC,n3,tai30_15_08.F.15_01,26,1803
n3_HC,n3,tai30_15_08.F.15_01,27,1821
n3_HC,n3,tai30_15_08.F.15_01,28,1818
n3_HC,n3,tai30_15_08.F.15_01,29,1799
n3_HC,n3,tai30_15_08.F.15_01,30,1805
n3_HC,n3,tai30_15_09.F.15_01,1,1935
n3_HC,n3,tai30_15_09.F.15_01,2,1916
n3_HC,n3,tai30_15_09.F.15_01,3,1909
n3_HC,n3,tai30_15_09.F.15_01,4,1883
n3_HC,n3,tai30_15_09.F.15_01,5,1938
n3_HC,n3,tai30_15_09.F.15_01,6,1937
n3_HC,n3,tai30_15_09.F.15_01,7,1898
n3_HC,n3,tai30_15_09.F.15_01,8,1890
n3_HC,n3,tai30_15_09.F.15_01,9,1929
n3_HC,n3,tai30_15_09.F.15_01,10,1875
n3_HC,n3,tai30_15_09.F.15_01,11,1929
n3_HC,n3,tai30_15_09.F.15_01,12,1962
n3_HC,n3,tai30_15_09.F.15_01,13,1912
n3_HC,n3,tai30_15_09.F.15_01,14,1870
n3_HC,n3,tai30_15_09.F.15_01,15,1933
n3_HC,n3,tai30_15_09.F.15_01,16,1918
n3_HC,n3,tai30_15_09.F.15_01,17,1917
n3_HC,n3,tai30_15_09.F.15_01,18,1906
n3_HC,n3,tai30_15_09.F.15_01,19,1897
n3_HC,n3,tai30_15_09.F.15_01,20,1903
n3_HC,n3,tai30_15_09.F.15_01,21,1869
n3_HC,n3,tai30_15_09.F.15_01,22,1896
n3_HC,n3,tai30_15_09.F.15_01,23,1951
n3_HC,n3,tai30_15_09.F.15_01,24,1896
n3_HC,n3,tai30_15_09.F.15_01,25,1880
n3_HC,n3,tai30_15_09.F.15_01,26,1892
n3_HC,n3,tai30_15_09.F.15_01,27,1905
n3_HC,n3,tai30_15_09.F.15_01,28,1890
n3_HC,n3,tai30_15_09.F.15_01,29,1898
n3_HC,n3,tai30_15_09.F.15_01,30,1915
n3_HC,n3,tai30_15_10.F.15_01,1,1854
n3_HC,n3,tai30_15_10.F.15_01,2,1868
n3_HC,n3,tai30_15_10.F.15_01,3,1824
n3_HC,n3,tai30_15_10.F.15_01,4,1841
n3_HC,n3,tai30_15_10.F.15_01,5,1829
n3_HC,n3,tai30_15_10.F.15_01,6,1829
n3_HC,n3,tai30_15_10.F.15_01,7,1888
n3_HC,n3,tai30_15_10.F.15_01,8,1844
n3_HC,n3,tai30_15_10.F.15_01,9,1806
n3_HC,n3,tai30_15_10.F.15_01,10,1846
n3_HC,n3,tai30_15_10.F.15_01,11,1817
n3_HC,n3,tai30_15_10.F.15_01,12,1833
n3_HC,n3,tai30_15_10.F.15_01,13,1821
n3_HC,n3,tai30_15_10.F.15_01,14,1828
n3_HC,n3,tai30_15_10.F.15_01,15,1848
n3_HC,n3,tai30_15_10.F.15_01,16,1861
n3_HC,n3,tai30_15_10.F.15_01,17,1784
n3_HC,n3,tai30_15_10.F.15_01,18,1811
n3_HC,n3,tai30_15_10.F.15_01,19,1847
n3_HC,n3,tai30_15_10.F.15_01,20,1829
n3_HC,n3,tai30_15_10.F.15_01,21,1807
n3_HC,n3,tai30_15_10.F.15_01,22,1840
n3_HC,n3,tai30_15_10.F.15_01,23,1839
n3_HC,n3,tai30_15_10.F.15_01,24,1839
n3_HC,n3,tai30_15_10.F.15_01,25,1870
n3_HC,n3,tai30_15_10.F.15_01,26,1848
n3_HC,n3,tai30_15_10.F.15_01,27,1825
n3_HC,n3,tai30_15_10.F.15_01,28,1838
n3_HC,n3,tai30_15_10.F.15_01,29,1868
n3_HC,n3,tai30_15_10.F.15_01,30,1825
n3_HC,n3,tai30_20_01.F.15_01,1,2255
n3_HC,n3,tai30_20_01.F.15_01,2,2249
n3_HC,n3,tai30_20_01.F.15_01,3,2186
n3_HC,n3,tai30_20_01.F.15_01,4,2271
n3_HC,n3,tai30_20_01.F.15_01,5,2237
n3_HC,n3,tai30_20_01.F.15_01,6,2221
n3_HC,n3,tai30_20_01.F.15_01,7,2226
n3_HC,n3,tai30_20_01.F.15_01,8,2192
n3_HC,n3,tai30_20_01.F.15_01,9,2225
n3_HC,n3,tai30_20_01.F.15_01,10,2266
n3_HC,n3,tai30_20_01.F.15_01,11,2278
n3_HC,n3,tai30_20_01.F.15_01,12,2240
n3_HC,n3,tai30_20_01.F.15_01,13,2256
n3_HC,n3,tai30_20_01.F.15_01,14,2256
n3_HC,n3,tai30_20_01.F.15_01,15,2277
n3_HC,n3,tai30_20_01.F.15_01,16,2243
n3_HC,n3,tai30_20_01.F.15_01,17,2259
n3_HC,n3,tai30_20_01.F.15_01,18,2262
n3_HC,n3,tai30_20_01.F.15_01,19,2246
n3_HC,n3,tai30_20_01.F.15_01,20,2245
n3_HC,n3,tai30_20_01.F.15_01,21,2227
n3_HC,n3,tai30_20_01.F.15_01,22,2220
n3_HC,n3,tai30_20_01.F.15_01,23,2245
n3_HC,n3,tai30_20_01.F.15_01,24,2273
n3_HC,n3,tai30_20_01.F.15_01,25,2186
n3_HC,n3,tai30_20_01.F.15_01,26,2282
n3_HC,n3,tai30_20_01.F.15_01,27,2250
n3_HC,n3,tai30_20_01.F.15_01,28,2270
n3_HC,n3,tai30_20_01.F.15_01,29,2222
n3_HC,n3,tai30_20_01.F.15_01,30,2236
n3_HC,n3,tai30_20_02.F.15_01,1,2175
n3_HC,n3,tai30_20_02.F.15_01,2,2192
n3_HC,n3,tai30_20_02.F.15_01,3,2145
n3_HC,n3,tai30_20_02.F.15_01,4,2190
n3_HC,n3,tai30_20_02.F.15_01,5,2197
n3_HC,n3,tai30_20_02.F.15_01,6,2140
n3_HC,n3,tai30_20_02.F.15_01,7,2141
n3_HC,n3,tai30_20_02.F.15_01,8,2181
n3_HC,n3,tai30_20_02.F.15_01,9,2161
n3_HC,n3,tai30_20_02.F.15_01,10,2166
n3_HC,n3,tai30_20_02.F.15_01,11,2188
n3_HC,n3,tai30_20_02.F.15_01,12,2198
n3_HC,n3,tai30_20_02.F.15_01,13,2158
n3_HC,n3,tai30_20_02.F.15_01,14,2144
n3_HC,n3,tai30_20_02.F.15_01,15,2195
n3_HC,n3,tai30_20_02.F.15_01,16,2123
n3_HC,n3,tai30_20_02.F.15_01,17,2130
n3_HC,n3,tai30_20_02.F.15_01,18,2144
n3_HC,n3,tai30_20_02.F.15_01,19,2147
n3_HC,n3,tai30_20_02.F.15_01,20,2117
n3_HC,n3,tai30_20_02.F.15_01,21,2139
n3_HC,n3,tai30_20_02.F.15_01,22,2152
n3_HC,n3,tai30_20_02.F.15_01,23,2166
n3_HC,n3,tai30_20_02.F.15_01,24,2123
n3_HC,n3,tai30_20_02.F.15_01,25,2114
n3_HC,n3,tai30_20_02.F.15_01,26,2133
n3_HC,n3,tai30_20_02.F.15_01,27,2166
n3_HC,n3,tai30_20_02.F.15_01,28,2154
n3_HC,n3,tai30_20_02.F.15_01,29,2155
n3_HC,n3,tai30_20_02.F.15_01,30,2110
n3_HC,n3,tai30_20_03.F.15_01,1,2104
n3_HC,n3,tai30_20_03.F.15_01,2,2107
n3_HC,n3,tai30_20_03.F.15_01,3,2108
n3_HC,n3,tai30_20_03.F.15_01,4,2061
n3_HC,n3,tai30_20_03.F.15_01,5,2088
n3_HC,n3,tai30_20_03.F.15_01,6,2086
n3_HC,n3,tai30_20_03.F.15_01,7,2079
n3_HC,n3,tai30_20_03.F.15_01,8,2056
n3_HC,n3,tai30_20_03.F.15_01,9,2062
n3_HC,n3,tai30_20_03.F.15_01,10,2116
n3_HC,n3,tai30_20_03.F.15_01,11,2047
n3_HC,n3,tai30_20_03.F.15_01,12,2066
n3_HC,n3,tai30_20_03.F.15_01,13,2084
n3_HC,n3,tai30_20_03.F.15_01,14,2086
n3_HC,n3,tai30_20_03.F.15_01,15,2076
n3_HC,n3,tai30_20_03.F.15_01,16,2051
n3_HC,n3,tai30_20_03.F.15_01,17,2158
n3_HC,n3,tai30_20_03.F.15_01,18,2115
n3_HC,n3,tai30_20_03.F.15_01,19,2079
n3_HC,n3,tai30_20_03.F.15_01,20,2113
n3_HC,n3,tai30_20_03.F.15_01,21,2087
n3_HC,n3,tai30_20_03.F.15_01,22,2059
n3_HC,n3,tai30_20_03.F.15_01,23,2090
n3_HC,n3,tai30_20_03.F.15_01,24,2055
n3_HC,n3,tai30_20_03.F.15_01,25,2088
n3_HC,n3,tai30_20_03.F.15_01,26,2088
n3_HC,n3,tai30_20_03.F.15_01,27,2105
n3_HC,n3,tai30_20_03.F.15_01,28,2033
n3_HC,n3,tai30_20_03.F.15_01,29,2072
n3_HC,n3,tai30_20_03.F.15_01,30,2085
n3_HC,n3,tai30_20_04.F.15_01,1,2232
n3_HC,n3,tai30_20_04.F.15_01,2,2159
n3_HC,n3,tai30_20_04.F.15_01,3,2197
n3_HC,n3,tai30_20_04.F.15_01,4,2112
n3_HC,n3,tai30_20_04.F.15_01,5,2166
n3_HC,n3,tai30_20_04.F.15_01,6,2188
n3_HC,n3,tai30_20_04.F.15_01,7,2232
n3_HC,n3,tai30_20_04.F.15_01,8,2234
n3_HC,n3,tai30_20_04.F.15_01,9,2183
n3_HC,n3,tai30_20_04.F.15_01,10,2161
n3_HC,n3,tai30_20_04.F.15_01,11,2209
n3_HC,n3,tai30_20_04.F.15_01,12,2217
n3_HC,n3,tai30_20_04.F.15_01,13,2184
n3_HC,n3,tai30_20_04.F.15_01,14,2188
n3_HC,n3,tai30_20_04.F.15_01,15,2169
n3_HC,n3,tai30_20_04.F.15_01,16,2210
n3_HC,n3,tai30_20_04.F.15_01,17,2144
n3_HC,n3,tai30_20_04.F.15_01,18,2209
n3_HC,n3,tai30_20_04.F.15_01,19,2167
n3_HC,n3,tai30_20_04.F.15_01,20,2194
n3_HC,n3,tai30_20_04.F.15_01,21,2209
n3_HC,n3,tai30_20_04.F.15_01,22,2189
n3_HC,n3,tai30_20_04.F.15_01,23,2137
n3_HC,n3,tai30_20_04.F.15_01,24,2140
n3_HC,n3,tai30_20_04.F.15_01,25,2192
n3_HC,n3,tai30_20_04.F.15_01,26,2225
n3_HC,n3,tai30_20_04.F.15_01,27,2214
n3_HC,n3,tai30_20_04.F.15_01,28,2188
n3_HC,n3,tai30_20_04.F.15_01,29,2191
n3_HC,n3,tai30_20_04.F.15_01,30,2205
n3_HC,n3,tai30_20_05.F.15_01,1,2112
n3_HC,n3,tai30_20_05.F.15_01,2,2144
n3_HC,n3,tai30_20_05.F.15_01,3,2124
n3_HC,n3,tai30_20_05.F.15_01,4,2124
n3_HC,n3,tai30_20_05.F.15_01,5,2119
n3_HC,n3,tai30_20_05.F.15_01,6,2132
n3_HC,n3,tai30_20_05.F.15_01,7,2176
n3_HC,n3,tai30_20_05.F.15_01,8,2146
n3_HC,n3,tai30_20_05.F.15_01,9,2152
n3_HC,n3,tai30_20_05.F.15_01,10,2135
n3_HC,n3,tai30_20_05.F.15_01,11,2150
n3_HC,n3,tai30_20_05.F.15_01,12,2121
n3_HC,n3,tai30_20_05.F.15_01,13,2167
n3_HC,n3,tai30_20_05.F.15_01,14,2153
n3_HC,n3,tai30_20_05.F.15_01,15,2160
n3_HC,n3,tai30_20_05.F.15_01,16,2159
n3_HC,n3,tai30_20_05.F.15_01,17,2137
n3_HC,n3,tai30_20_05.F.15_01,18,2134
n3_HC,n3,tai30_20_05.F.15_01,19,2161
n3_HC,n3,tai30_20_05.F.15_01,20,2191
n3_HC,n3,tai30_20_05.F.15_01,21,2157
n3_HC,n3,tai30_20_05.F.15_01,22,2128
n3_HC,n3,tai30_20_05.F.15_01,23,2116
n3_HC,n3,tai30_20_05.F.15_01,24,2158
n3_HC,n3,tai30_20_05.F.15_01,25,2132
n3_HC,n3,tai30_20_05.F.15_01,26,2114
n3_HC,n3,tai30_20_05.F.15_01,27,2128
n3_HC,n3,tai30_20_05.F.15_01,28,2151
n3_HC,n3,tai30_20_05.F.15_01,29,2153
n3_HC,n3,tai30_20_05.F.15_01,30,2180
n3_HC,n3,tai30_20_06.F.15_01,1,2169
n3_HC,n3,tai30_20_06.F.15_01,2,2233
n3_HC,n3,tai30_20_06.F.15_01,3,2260
n3_HC,n3,tai30_20_06.F.15_01,4,2278
n3_HC,n3,tai30_20_06.F.15_01,5,2221
n3_HC,n3,tai30_20_06.F.15_01,6,2222
n3_HC,n3,tai30_20_06.F.15_01,7,2263
n3_HC,n3,tai30_20_06.F.15_01,8,2235
n3_HC,n3,tai30_20_06.F.15_01,9,2215
n3_HC,n3,tai30_20_06.F.15_01,10,2219
n3_HC,n3,tai30_20_06.F.15_01,11,2251
n3_HC,n3,tai30_20_06.F.15_01,12,2208
n3_HC,n3,tai30_20_06.F.15_01,13,2255
n3_HC,n3,tai30_20_06.F.15_01,14,2277
n3_HC,n3,tai30_20_06.F.15_01,15,2206
n3_HC,n3,tai30_20_06.F.15_01,16,2221
n3_HC,n3,tai30_20_06.F.15_01,17,2171
n3_HC,n3,tai30_20_06.F.15_01,18,2235
n3_HC,n3,tai30_20_06.F.15_01,19,2216
n3_HC,n3,tai30_20_06.F.15_01,20,2227
n3_HC,n3,tai30_20_06.F.15_01,21,2259
n3_HC,n3,tai30_20_06.F.15_01,22,2255
n3_HC,n3,tai30_20_06.F.15_01,23,2242
n3_HC,n3,tai30_20_06.F.15_01,24,2236
n3_HC,n3,tai30_20_06.F.15_01,25,2229
n3_HC,n3,tai30_20_06.F.15_01,26,2236
n3_HC,n3,tai30_20_06.F.15_01,27,2242
n3_HC,n3,tai30_20_06.F.15_01,28,2181
n3_HC,n3,tai30_20_06.F.15_01,29,2252
n3_HC,n3,tai30_20_06.F.15_01,30,2258
n3_HC,n3,tai30_20_07.F.15_01,1,2103
n3_HC,n3,tai30_20_07.F.15_01,2,2171
n3_HC,n3,tai30_20_07.F.15_01,3,2121
n3_HC,n3,tai30_20_07.F.15_01,4,2114
n3_HC,n3,tai30_20_07.F.15_01,5,2133
n3_HC,n3,tai30_20_07.F.15_01,6,2117
n3_HC,n3,tai30_20_07.F.15_01,7,2142
n3_HC,n3,tai30_20_07.F.15_01,8,2164
n3_HC,n3,tai30_20_07.F.15_01,9,2082
n3_HC,n3,tai30_20_07.F.15_01,10,2098
n3_HC,n3,tai30_20_07.F.15_01,11,2060
n3_HC,n3,tai30_20_07.F.15_01,12,2162
n3_HC,n3,tai30_20_07.F.15_01,13,2131
n3_HC,n3,tai30_20_07.F.15_01,14,2085
n3_HC,n3,tai30_20_07.F.15_01,15,2107
n3_HC,n3,tai30_20_07.F.15_01,16,2109
n3_HC,n3,tai30_20_07.F.15_01,17,2136
n3_HC,n3,tai30_20_07.F.15_01,18,2148
n3_HC,n3,tai30_20_07.F.15_01,19,2121
n3_HC,n3,tai30_20_07.F.15_01,20,2133
n3_HC,n3,tai30_20_07.F.15_01,21,2146
n3_HC,n3,tai30_20_07.F.15_01,22,2136
n3_HC,n3,tai30_20_07.F.15_01,23,2146
n3_HC,n3,tai30_20_07.F.15_01,24,2155
n3_HC,n3,tai30_20_07.F.15_01,25,2103
n3_HC,n3,tai30_20_07.F.15_01,26,2100
n3_HC,n3,tai30_20_07.F.15_01,27,2122
n3_HC,n3,tai30_20_07.F.15_01,28,2115
n3_HC,n3,tai30_20_07.F.15_01,29,2126
n3_HC,n3,tai30_20_07.F.15_01,30,2086
n3_HC,n3,tai30_20_08.F.15_01,1,2129
n3_HC,n3,tai30_20_08.F.15_01,2,2126
n3_HC,n3,tai30_20_08.F.15_01,3,2118
n3_HC,n3,tai30_20_08.F.15_01,4,2145
n3_HC,n3,tai30_20_08.F.15_01,5,2128
n3_HC,n3,tai30_20_08.F.15_01,6,2137
n3_HC,n3,tai30_20_08.F.15_01,7,2100
n3_HC,n3,tai30_20_08.F.15_01,8,2154
n3_HC,n3,tai30_20_08.F.15_01,9,2075
n3_HC,n3,tai30_20_08.F.15_01,10,2113
n3_HC,n3,tai30_20_08.F.15_01,11,2104
n3_HC,n3,tai30_20_08.F.15_01,12,2157
n3_HC,n3,tai30_20_08.F.15_01,13,2126
n3_HC,n3,tai30_20_08.F.15_01,14,2136
n3_HC,n3,tai30_20_08.F.15_01,15,2127
n3_HC,n3,tai30_20_08.F.15_01,16,2126
n3_HC,n3,tai30_20_08.F.15_01,17,2115
n3_HC,n3,tai30_20_08.F.15_01,18,2165
n3_HC,n3,tai30_20_08.F.15_01,19,2144
n3_HC,n3,tai30_20_08.F.15_01,20,2160
n3_HC,n3,tai30_20_08.F.15_01,21,2135
n3_HC,n3,tai30_20_08.F.15_01,22,2135
n3_HC,n3,tai30_20_08.F.15_01,23,2157
n3_HC,n3,tai30_20_08.F.15_01,24,2137
n3_HC,n3,tai30_20_08.F.15_01,25,2106
n3_HC,n3,tai30_20_08.F.15_01,26,2134
n3_HC,n3,tai30_20_08.F.15_01,27,2122
n3_HC,n3,tai30_20_08.F.15_01,28,2105
n3_HC,n3,tai30_20_08.F.15_01,29,2076
n3_HC,n3,tai30_20_08.F.15_01,30,2148
n3_HC,n3,tai30_20_09.F.15_01,1,2120
n3_HC,n3,tai30_20_09.F.15_01,2,2120
n3_HC,n3,tai30_20_09.F.15_01,3,2103
n3_HC,n3,tai30_20_09.F.15_01,4,2121
n3_HC,n3,tai30_20_09.F.15_01,5,2147
n3_HC,n3,tai30_20_09.F.15_01,6,2167
n3_HC,n3,tai30_20_09.F.15_01,7,2150
n3_HC,n3,tai30_20_09.F.15_01,8,2136
n3_HC,n3,tai30_20_09.F.15_01,9,2128
n3_HC,n3,tai30_20_09.F.15_01,10,2124
n3_HC,n3,tai30_20_09.F.15_01,11,2126
n3_HC,n3,tai30_20_09.F.15_01,12,2133
n3_HC,n3,tai30_20_09.F.15_01,13,2116
n3_HC,n3,tai30_20_09.F.15_01,14,2172
n3_HC,n3,tai30_20_09.F.15_01,15,2167
n3_HC,n3,tai30_20_09.F.15_01,16,2161
n3_HC,n3,tai30_20_09.F.15_01,17,2143
n3_HC,n3,tai30_20_09.F.15_01,18,2129
n3_HC,n3,tai30_20_09.F.15_01,19,2161
n3_HC,n3,tai30_20_09.F.15_01,20,2130
n3_HC,n3,tai30_20_09.F.15_01,21,2187
n3_HC,n3,tai30_20_09.F.15_01,22,2122
n3_HC,n3,tai30_20_09.F.15_01,23,2149
n3_HC,n3,tai30_20_09.F.15_01,24,2191
n3_HC,n3,tai30_20_09.F.15_01,25,2124
n3_HC,n3,tai30_20_09.F.15_01,26,2130
n3_HC,n3,tai30_20_09.F.15_01,27,2104
n3_HC,n3,tai30_20_09.F.15_01,28,2119
n3_HC,n3,tai30_20_09.F.15_01,29,2174
n3_HC,n3,tai30_20_09.F.15_01,30,2140
n3_HC,n3,tai30_20_10.F.15_01,1,2117
n3_HC,n3,tai30_20_10.F.15_01,2,2152
n3_HC,n3,tai30_20_10.F.15_01,3,2131
n3_HC,n3,tai30_20_10.F.15_01,4,2168
n3_HC,n3,tai30_20_10.F.15_01,5,2136
n3_HC,n3,tai30_20_10.F.15_01,6,2159
n3_HC,n3,tai30_20_10.F.15_01,7,2136
n3_HC,n3,tai30_20_10.F.15_01,8,2173
n3_HC,n3,tai30_20_10.F.15_01,9,2128
n3_HC,n3,tai30_20_10.F.15_01,10,2117
n3_HC,n3,tai30_20_10.F.15_01,11,2167
n3_HC,n3,tai30_20_10.F.15_01,12,2146
n3_HC,n3,tai30_20_10.F.15_01,13,2179
n3_HC,n3,tai30_20_10.F.15_01,14,2114
n3_HC,n3,tai30_20_10.F.15_01,15,2128
n3_HC,n3,tai30_20_10.F.15_01,16,2174
n3_HC,n3,tai30_20_10.F.15_01,17,2142
n3_HC,n3,tai30_20_10.F.15_01,18,2179
n3_HC,n3,tai30_20_10.F.15_01,19,2196
n3_HC,n3,tai30_20_10.F.15_01,20,2155
n3_HC,n3,tai30_20_10.F.15_01,21,2154
n3_HC,n3,tai30_20_10.F.15_01,22,2160
n3_HC,n3,tai30_20_10.F.15_01,23,2145
n3_HC,n3,tai30_20_10.F.15_01,24,2149
n3_HC,n3,tai30_20_10.F.15_01,25,2141
n3_HC,n3,tai30_20_10.F.15_01,26,2151
n3_HC,n3,tai30_20_10.F.15_01,27,2135
n3_HC,n3,tai30_20_10.F.15_01,28,2147
n3_HC,n3,tai30_20_10.F.15_01,29,2171
n3_HC,n3,tai30_20_10.F.15_01,30,2151
n3_HC,n3,tai50_15_01.F.15_01,1,2912
n3_HC,n3,tai50_15_01.F.15_01,2,2918
n3_HC,n3,tai50_15_01.F.15_01,3,2903
n3_HC,n3,tai50_15_01.F.15_01,4,2922
n3_HC,n3,tai50_15_01.F.15_01,5,2962
n3_HC,n3,tai50_15_01.F.15_01,6,2899
n3_HC,n3,tai50_15_01.F.15_01,7,2924
n3_HC,n3,tai50_15_01.F.15_01,8,2880
n3_HC,n3,tai50_15_01.F.15_01,9,2904
n3_HC,n3,tai50_15_01.F.15_01,10,2915
n3_HC,n3,tai50_15_01.F.15_01,11,2921
n3_HC,n3,tai50_15_01.F.15_01,12,2888
n3_HC,n3,tai50_15_01.F.15_01,13,2893
n3_HC,n3,tai50_15_01.F.15_01,14,2969
n3_HC,n3,tai50_15_01.F.15_01,15,2945
n3_HC,n3,tai50_15_01.F.15_01,16,2891
n3_HC,n3,tai50_15_01.F.15_01,17,2932
n3_HC,n3,tai50_15_01.F.15_01,18,2842
n3_HC,n3,tai50_15_01.F.15_01,19,2940
n3_HC,n3,tai50_15_01.F.15_01,20,2853
n3_HC,n3,tai50_15_01.F.15_01,21,2935
n3_HC,n3,tai50_15_01.F.15_01,22,2911
n3_HC,n3,tai50_15_01.F.15_01,23,2929
n3_HC,n3,tai50_15_01.F.15_01,24,2888
n3_HC,n3,tai50_15_01.F.15_01,25,2938
n3_HC,n3,tai50_15_01.F.15_01,26,2920
n3_HC,n3,tai50_15_01.F.15_01,27,2921
n3_HC,n3,tai50_15_01.F.15_01,28,2926
n3_HC,n3,tai50_15_01.F.15_01,29,2969
n3_HC,n3,tai50_15_01.F.15_01,30,3015
n3_HC,n3,tai50_15_02.F.15_01,1,2880
n3_HC,n3,tai50_15_02.F.15_01,2,2900
n3_HC,n3,tai50_15_02.F.15_01,3,2871
n3_HC,n3,tai50_15_02.F.15_01,4,2896
n3_HC,n3,tai50_15_02.F.15_01,5,2912
n3_HC,n3,tai50_15_02.F.15_01,6,2955
n3_HC,n3,tai50_15_02.F.15_01,7,2826
n3_HC,n3,tai50_15_02.F.15_01,8,2853
n3_HC,n3,tai50_15_02.F.15_01,9,2872
n3_HC,n3,tai50_15_02.F.15_01,10,2916
n3_HC,n3,tai50_15_02.F.15_01,11,2823
n3_HC,n3,tai50_15_02.F.15_01,12,2821
n3_HC,n3,tai50_15_02.F.15_01,13,2855
n3_HC,n3,tai50_15_02.F.15_01,14,2877
n3_HC,n3,tai50_15_02.F.15_01,15,2850
n3_HC,n3,tai50_15_02.F.15_01,16,2893
n3_HC,n3,tai50_15_02.F.15_01,17,2872
n3_HC,n3,tai50_15_02.F.15_01,18,2801
n3_HC,n3,tai50_15_02.F.15_01,19,2847
n3_HC,n3,tai50_15_02.F.15_01,20,2824
n3_HC,n3,tai50_15_02.F.15_01,21,2841
n3_HC,n3,tai50_15_02.F.15_01,22,2878
n3_HC,n3,tai50_15_02.F.15_01,23,2888
n3_HC,n3,tai50_15_02.F.15_01,24,2906
n3_HC,n3,tai50_15_02.F.15_01,25,2866
n3_HC,n3,tai50_15_02.F.15_01,26,2863
n3_HC,n3,tai50_15_02.F.15_01,27,2841
n3_HC,n3,tai50_15_02.F.15_01,28,2881
n3_HC,n3,tai50_15_02.F.15_01,29,2842
n3_HC,n3,tai50_15_02.F.15_01,30,2918
n3_HC,n3,tai50_15_03.F.15_01,1,2854
n3_HC,n3,tai50_15_03.F.15_01,2,2783
n3_HC,n3,tai50_15_03.F.15_01,3,2821
n3_HC,n3,tai50_15_03.F.15_01,4,2794
n3_HC,n3,tai50_15_03.F.15_01,5,2783
n3_HC,n3,tai50_15_03.F.15_01,6,2792
n3_HC,n3,tai50_15_03.F.15_01,7,2830
n3_HC,n3,tai50_15_03.F.15_01,8,2807
n3_HC,n3,tai50_15_03.F.15_01,9,2867
n3_HC,n3,tai50_15_03.F.15_01,10,2762
n3_HC,n3,tai50_15_03.F.15_01,11,2825
n3_HC,n3,tai50_15_03.F.15_01,12,2802
n3_HC,n3,tai50_15_03.F.15_01,13,2771
n3_HC,n3,tai50_15_03.F.15_01,14,2833
n3_HC,n3,tai50_15_03.F.15_01,15,2790
n3_HC,n3,tai50_15_03.F.15_01,16,2829
n3_HC,n3,tai50_15_03.F.15_01,17,2758
n3_HC,n3,tai50_15_03.F.15_01,18,2789
n3_HC,n3,tai50_15_03.F.15_01,19,2838
n3_HC,n3,tai50_15_03.F.15_01,20,2843
n3_HC,n3,tai50_15_03.F.15_01,21,2760
n3_HC,n3,tai50_15_03.F.15_01,22,2823
n3_HC,n3,tai50_15_03.F.15_01,23,2794
n3_HC,n3,tai50_15_03.F.15_01,24,2756
n3_HC,n3,tai50_15_03.F.15_01,25,2844
n3_HC,n3,tai50_15_03.F.15_01,26,2863
n3_HC,n3,tai50_15_03.F.15_01,27,2824
n3_HC,n3,tai50_15_03.F.15_01,28,2818
n3_HC,n3,tai50_15_03.F.15_01,29,2798
n3_HC,n3,tai50_15_03.F.15_01,30,2760
n3_HC,n3,tai50_15_04.F.15_01,1,2885
n3_HC,n3,tai50_15_04.F.15_01,2,2860
n3_HC,n3,tai50_15_04.F.15_01,3,2885
n3_HC,n3,tai50_15_04.F.15_01,4,2848
n3_HC,n3,tai50_15_04.F.15_01,5,2839
n3_HC,n3,tai50_15_04.F.15_01,6,2839
n3_HC,n3,tai50_15_04.F.15_01,7,2873
n3_HC,n3,tai50_15_04.F.15_01,8,2847
n3_HC,n3,tai50_15_04.F.15_01,9,2848
n3_HC,n3,tai50_15_04.F.15_01,10,2873
n3_HC,n3,tai50_15_04.F.15_01,11,2854
n3_HC,n3,tai50_15_04.F.15_01,12,2877
n3_HC,n3,tai50_15_04.F.15_01,13,2873
n3_HC,n3,tai50_15_04.F.15_01,14,2854
n3_HC,n3,tai50_15_04.F.15_01,15,2858
n3_HC,n3,tai50_15_04.F.15_01,16,2858
n3_HC,n3,tai50_15_04.F.15_01,17,2874
n3_HC,n3,tai50_15_04.F.15_01,18,2839
n3_HC,n3,tai50_15_04.F.15_01,19,2933
n3_HC,n3,tai50_15_04.F.15_01,20,2916
n3_HC,n3,tai50_15_04.F.15_01,21,2854
n3_HC,n3,tai50_15_04.F.15_01,22,2949
n3_HC,n3,tai50_15_04.F.15_01,23,2913
n3_HC,n3,tai50_15_04.F.15_01,24,2870
n3_HC,n3,tai50_15_04.F.15_01,25,2895
n3_HC,n3,tai50_15_04.F.15_01,26,2888
n3_HC,n3,tai50_15_04.F.15_01,27,2862
n3_HC,n3,tai50_15_04.F.15_01,28,2879
n3_HC,n3,tai50_15_04.F.15_01,29,2864
n3_HC,n3,tai50_15_04.F.15_01,30,2885
n3_HC,n3,tai50_15_05.F.15_01,1,2813
n3_HC,n3,tai50_15_05.F.15_01,2,2865
n3_HC,n3,tai50_15_05.F.15_01,3,2853
n3_HC,n3,tai50_15_05.F.15_01,4,2863
n3_HC,n3,tai50_15_05.F.15_01,5,2880
n3_HC,n3,tai50_15_05.F.15_01,6,2833
n3_HC,n3,tai50_15_05.F.15_01,7,2901
n3_HC,n3,tai50_15_05.F.15_01,8,2900
n3_HC,n3,tai50_15_05.F.15_01,9,2805
n3_HC,n3,tai50_15_05.F.15_01,10,2903
n3_HC,n3,tai50_15_05.F.15_01,11,2806
n3_HC,n3,tai50_15_05.F.15_01,12,2859
n3_HC,n3,tai50_15_05.F.15_01,13,2844
n3_HC,n3,tai50_15_05.F.15_01,14,2848
n3_HC,n3,tai50_15_05.F.15_01,15,2878
n3_HC,n3,tai50_15_05.F.15_01,16,2858
n3_HC,n3,tai50_15_05.F.15_01,17,2850
n3_HC,n3,tai50_15_05.F.15_01,18,2935
n3_HC,n3,tai50_15_05.F.15_01,19,2857
n3_HC,n3,tai50_15_05.F.15_01,20,2872
n3_HC,n3,tai50_15_05.F.15_01,21,2830
n3_HC,n3,tai50_15_05.F.15_01,22,2877
n3_HC,n3,tai50_15_05.F.15_01,23,2853
n3_HC,n3,tai50_15_05.F.15_01,24,2859
n3_HC,n3,tai50_15_05.F.15_01,25,2849
n3_HC,n3,tai50_15_05.F.15_01,26,2893
n3_HC,n3,tai50_15_05.F.15_01,27,2839
n3_HC,n3,tai50_15_05.F.15_01,28,2833
n3_HC,n3,tai50_15_05.F.15_01,29,2859
n3_HC,n3,tai50_15_05.F.15_01,30,2855
n3_HC,n3,tai50_15_06.F.15_01,1,2872
n3_HC,n3,tai50_15_06.F.15_01,2,2897
n3_HC,n3,tai50_15_06.F.15_01,3,2832
n3_HC,n3,tai50_15_06.F.15_01,4,2860
n3_HC,n3,tai50_15_06.F.15_01,5,2900
n3_HC,n3,tai50_15_06.F.15_01,6,2876
n3_HC,n3,tai50_15_06.F.15_01,7,2836
n3_HC,n3,tai50_15_06.F.15_01,8,2898
n3_HC,n3,tai50_15_06.F.15_01,9,2877
n3_HC,n3,tai50_15_06.F.15_01,10,2845
n3_HC,n3,tai50_15_06.F.15_01,11,2870
n3_HC,n3,tai50_15_06.F.15_01,12,2901
n3_HC,n3,tai50_15_06.F.15_01,13,2871
n3_HC,n3,tai50_15_06.F.15_01,14,2871
n3_HC,n3,tai50_15_06.F.15_01,15,2873
n3_HC,n3,tai50_15_06.F.15_01,16,2822
n3_HC,n3,tai50_15_06.F.15_01,17,2849
n3_HC,n3,tai50_15_06.F.15_01,18,2900
n3_HC,n3,tai50_15_06.F.15_01,19,2930
n3_HC,n3,tai50_15_06.F.15_01,20,2919
n3_HC,n3,tai50_15_06.F.15_01,21,2844
n3_HC,n3,tai50_15_06.F.15_01,22,2886
n3_HC,n3,tai50_15_06.F.15_01,23,2863
n3_HC,n3,tai50_15_06.F.15_01,24,2846
n3_HC,n3,tai50_15_06.F.15_01,25,2898
n3_HC,n3,tai50_15_06.F.15_01,26,2868
n3_HC,n3,tai50_15_06.F.15_01,27,2900
n3_HC,n3,tai50_15_06.F.15_01,28,2835
n3_HC,n3,tai50_15_06.F.15_01,29,2850
n3_HC,n3,tai50_15_06.F.15_01,30,2897
n3_HC,n3,tai50_15_07.F.15_01,1,2968
n3_HC,n3,tai50_15_07.F.15_01,2,3038
n3_HC,n3,tai50_15_07.F.15_01,3,3049
n3_HC,n3,tai50_15_07.F.15_01,4,3079
n3_HC,n3,tai50_15_07.F.15_01,5,2974
n3_HC,n3,tai50_15_07.F.15_01,6,3006
n3_HC,n3,tai50_15_07.F.15_01,7,3057
n3_HC,n3,tai50_15_07.F.15_01,8,3041
n3_HC,n3,tai50_15_07.F.15_01,9,3055
n3_HC,n3,tai50_15_07.F.15_01,10,2989
n3_HC,n3,tai50_15_07.F.15_01,11,2980
n3_HC,n3,tai50_15_07.F.15_01,12,3012
n3_HC,n3,tai50_15_07.F.15_01,13,3056
n3_HC,n3,tai50_15_07.F.15_01,14,2998
n3_HC,n3,tai50_15_07.F.15_01,15,2995
n3_HC,n3,tai50_15_07.F.15_01,16,2948
n3_HC,n3,tai50_15_07.F.15_01,17,2986
n3_HC,n3,tai50_15_07.F.15_01,18,3013
n3_HC,n3,tai50_15_07.F.15_01,19,2978
n3_HC,n3,tai50_15_07.F.15_01,20,2993
n3_HC,n3,tai50_15_07.F.15_01,21,2994
n3_HC,n3,tai50_15_07.F.15_01,22,3044
n3_HC,n3,tai50_15_07.F.15_01,23,2972
n3_HC,n3,tai50_15_07.F.15_01,24,2977
n3_HC,n3,tai50_15_07.F.15_01,25,3025
n3_HC,n3,tai50_15_07.F.15_01,26,3020
n3_HC,n3,tai50_15_07.F.15_01,27,3017
n3_HC,n3,tai50_15_07.F.15_01,28,2958
n3_HC,n3,tai50_15_07.F.15_01,29,3034
n3_HC,n3,tai50_15_07.F.15_01,30,3020
n3_HC,n3,tai50_15_08.F.15_01,1,2942
n3_HC,n3,tai50_15_08.F.15_01,2,2975
n3_HC,n3,tai50_15_08.F.15_01,3,2954
n3_HC,n3,tai50_15_08.F.15_01,4,3024
n3_HC,n3,tai50_15_08.F.15_01,5,3006
n3_HC,n3,tai50_15_08.F.15_01,6,2944
n3_HC,n3,tai50_15_08.F.15_01,7,2953
n3_HC,n3,tai50_15_08.F.15_01,8,2948
n3_HC,n3,tai50_15_08.F.15_01,9,2998
n3_HC,n3,tai50_15_08.F.15_01,10,2966
n3_HC,n3,tai50_15_08.F.15_01,11,2917
n3_HC,n3,tai50_15_08.F.15_01,12,3010
n3_HC,n3,tai50_15_08.F.15_01,13,2953
n3_HC,n3,tai50_15_08.F.15_01,14,2950
n3_HC,n3,tai50_15_08.F.15_01,15,2991
n3_HC,n3,tai50_15_08.F.15_01,16,2938
n3_HC,n3,tai50_15_08.F.15_01,17,2989
n3_HC,n3,tai50_15_08.F.15_01,18,2976
n3_HC,n3,tai50_15_08.F.15_01,19,3040
n3_HC,n3,tai50_15_08.F.15_01,20,3056
n3_HC,n3,tai50_15_08.F.15_01,21,2964
n3_HC,n3,tai50_15_08.F.15_01,22,2991
n3_HC,n3,tai50_15_08.F.15_01,23,2989
n3_HC,n3,tai50_15_08.F.15_01,24,2984
n3_HC,n3,tai50_15_08.F.15_01,25,2966
n3_HC,n3,tai50_15_08.F.15_01,26,2977
n3_HC,n3,tai50_15_08.F.15_01,27,2931
n3_HC,n3,tai50_15_08.F.15_01,28,2994
n3_HC,n3,tai50_15_08.F.15_01,29,2975
n3_HC,n3,tai50_15_08.F.15_01,30,3019
n3_HC,n3,tai50_15_09.F.15_01,1,2831
n3_HC,n3,tai50_15_09.F.15_01,2,2766
n3_HC,n3,tai50_15_09.F.15_01,3,2832
n3_HC,n3,tai50_15_09.F.15_01,4,2838
n3_HC,n3,tai50_15_09.F.15_01,5,2765
n3_HC,n3,tai50_15_09.F.15_01,6,2836
n3_HC,n3,tai50_15_09.F.15_01,7,2782
n3_HC,n3,tai50_15_09.F.15_01,8,2838
n3_HC,n3,tai50_15_09.F.15_01,9,2804
n3_HC,n3,tai50_15_09.F.15_01,10,2797
n3_HC,n3,tai50_15_09.F.15_01,11,2784
n3_HC,n3,tai50_15_09.F.15_01,12,2810
n3_HC,n3,tai50_15_09.F.15_01,13,2811
n3_HC,n3,tai50_15_09.F.15_01,14,2781
n3_HC,n3,tai50_15_09.F.15_01,15,2792
n3_HC,n3,tai50_15_09.F.15_01,16,2789
n3_HC,n3,tai50_15_09.F.15_01,17,2809
n3_HC,n3,tai50_15_09.F.15_01,18,2801
n3_HC,n3,tai50_15_09.F.15_01,19,2820
n3_HC,n3,tai50_15_09.F.15_01,20,2772
n3_HC,n3,tai50_15_09.F.15_01,21,2762
n3_HC,n3,tai50_15_09.F.15_01,22,2771
n3_HC,n3,tai50_15_09.F.15_01,23,2849
n3_HC,n3,tai50_15_09.F.15_01,24,2767
n3_HC,n3,tai50_15_09.F.15_01,25,2766
n3_HC,n3,tai50_15_09.F.15_01,26,2826
n3_HC,n3,tai50_15_09.F.15_01,27,2761
n3_HC,n3,tai50_15_09.F.15_01,28,2902
n3_HC,n3,tai50_15_09.F.15_01,29,2799
n3_HC,n3,tai50_15_09.F.15_01,30,2844
n3_HC,n3,tai50_15_10.F.15_01,1,2805
n3_HC,n3,tai50_15_10.F.15_01,2,2829
n3_HC,n3,tai50_15_10.F.15_01,3,2855
n3_HC,n3,tai50_15_10.F.15_01,4,2805
n3_HC,n3,tai50_15_10.F.15_01,5,2787
n3_HC,n3,tai50_15_10.F.15_01,6,2870
n3_HC,n3,tai50_15_10.F.15_01,7,2824
n3_HC,n3,tai50_15_10.F.15_01,8,2840
n3_HC,n3,tai50_15_10.F.15_01,9,2796
n3_HC,n3,tai50_15_10.F.15_01,10,2812
n3_HC,n3,tai50_15_10.F.15_01,11,2853
n3_HC,n3,tai50_15_10.F.15_01,12,2820
n3_HC,n3,tai50_15_10.F.15_01,13,2856
n3_HC,n3,tai50_15_10.F.15_01,14,2835
n3_HC,n3,tai50_15_10.F.15_01,15,2824
n3_HC,n3,tai50_15_10.F.15_01,16,2795
n3_HC,n3,tai50_15_10.F.15_01,17,2822
n3_HC,n3,tai50_15_10.F.15_01,18,2811
n3_HC,n3,tai50_15_10.F.15_01,19,2787
n3_HC,n3,tai50_15_10.F.15_01,20,2816
n3_HC,n3,tai50_15_10.F.15_01,21,2820
n3_HC,n3,tai50_15_10.F.15_01,22,2841
n3_HC,n3,tai50_15_10.F.15_01,23,2824
n3_HC,n3,tai50_15_10.F.15_01,24,2829
n3_HC,n3,tai50_15_10.F.15_01,25,2860
n3_HC,n3,tai50_15_10.F.15_01,26,2805
n3_HC,n3,tai50_15_10.F.15_01,27,2852
n3_HC,n3,tai50_15_10.F.15_01,28,2830
n3_HC,n3,tai50_15_10.F.15_01,29,2838
n3_HC,n3,tai50_15_10.F.15_01,30,2815
n3_HC,n3,tai50_20_01.F.15_01,1,3009
n3_HC,n3,tai50_20_01.F.15_01,2,3057
n3_HC,n3,tai50_20_01.F.15_01,3,3038
n3_HC,n3,tai50_20_01.F.15_01,4,3038
n3_HC,n3,tai50_20_01.F.15_01,5,3029
n3_HC,n3,tai50_20_01.F.15_01,6,3063
n3_HC,n3,tai50_20_01.F.15_01,7,3019
n3_HC,n3,tai50_20_01.F.15_01,8,3041
n3_HC,n3,tai50_20_01.F.15_01,9,3037
n3_HC,n3,tai50_20_01.F.15_01,10,3072
n3_HC,n3,tai50_20_01.F.15_01,11,3070
n3_HC,n3,tai50_20_01.F.15_01,12,3094
n3_HC,n3,tai50_20_01.F.15_01,13,3011
n3_HC,n3,tai50_20_01.F.15_01,14,3066
n3_HC,n3,tai50_20_01.F.15_01,15,3009
n3_HC,n3,tai50_20_01.F.15_01,16,3043
n3_HC,n3,tai50_20_01.F.15_01,17,3046
n3_HC,n3,tai50_20_01.F.15_01,18,3037
n3_HC,n3,tai50_20_01.F.15_01,19,3070
n3_HC,n3,tai50_20_01.F.15_01,20,3068
n3_HC,n3,tai50_20_01.F.15_01,21,3077
n3_HC,n3,tai50_20_01.F.15_01,22,3013
n3_HC,n3,tai50_20_01.F.15_01,23,3100
n3_HC,n3,tai50_20_01.F.15_01,24,3104
n3_HC,n3,tai50_20_01.F.15_01,25,3116
n3_HC,n3,tai50_20_01.F.15_01,26,3081
n3_HC,n3,tai50_20_01.F.15_01,27,3050
n3_HC,n3,tai50_20_01.F.15_01,28,3077
n3_HC,n3,tai50_20_01.F.15_01,29,3049
n3_HC,n3,tai50_20_01.F.15_01,30,3059
n3_HC,n3,tai50_20_02.F.15_01,1,3160
n3_HC,n3,tai50_20_02.F.15_01,2,3138
n3_HC,n3,tai50_20_02.F.15_01,3,3118
n3_HC,n3,tai50_20_02.F.15_01,4,3129
n3_HC,n3,tai50_20_02.F.15_01,5,3145
n3_HC,n3,tai50_20_02.F.15_01,6,3186
n3_HC,n3,tai50_20_02.F.15_01,7,3108
n3_HC,n3,tai50_20_02.F.15_01,8,3148
n3_HC,n3,tai50_20_02.F.15_01,9,3137
n3_HC,n3,tai50_20_02.F.15_01,10,3159
n3_HC,n3,tai50_20_02.F.15_01,11,3132
n3_HC,n3,tai50_20_02.F.15_01,12,3144
n3_HC,n3,tai50_20_02.F.15_01,13,3118
n3_HC,n3,tai50_20_02.F.15_01,14,3133
n3_HC,n3,tai50_20_02.F.15_01,15,3162
n3_HC,n3,tai50_20_02.F.15_01,16,3137
n3_HC,n3,tai50_20_02.F.15_01,17,3105
n3_HC,n3,tai50_20_02.F.15_01,18,3172
n3_HC,n3,tai50_20_02.F.15_01,19,3175
n3_HC,n3,tai50_20_02.F.15_01,20,3145
n3_HC,n3,tai50_20_02.F.15_01,21,3137
n3_HC,n3,tai50_20_02.F.15_01,22,3138
n3_HC,n3,tai50_20_02.F.15_01,23,3157
n3_HC,n3,tai50_20_02.F.15_01,24,3155
n3_HC,n3,tai50_20_02.F.15_01,25,3189
n3_HC,n3,tai50_20_02.F.15_01,26,3156
n3_HC,n3,tai50_20_02.F.15_01,27,3179
n3_HC,n3,tai50_20_02.F.15_01,28,3157
n3_HC,n3,tai50_20_02.F.15_01,29,3089
n3_HC,n3,tai50_20_02.F.15_01,30,3172
n3_HC,n3,tai50_20_03.F.15_01,1,2948
n3_HC,n3,tai50_20_03.F.15_01,2,2939
n3_HC,n3,tai50_20_03.F.15_01,3,2936
n3_HC,n3,tai50_20_03.F.15_01,4,2949
n3_HC,n3,tai50_20_03.F.15_01,5,2909
n3_HC,n3,tai50_20_03.F.15_01,6,2927
n3_HC,n3,tai50_20_03.F.15_01,7,2936
n3_HC,n3,tai50_20_03.F.15_01,8,2882
n3_HC,n3,tai50_20_03.F.15_01,9,2977
n3_HC,n3,tai50_20_03.F.15_01,10,2910
n3_HC,n3,tai50_20_03.F.15_01,11,2979
n3_HC,n3,tai50_20_03.F.15_01,12,2975
n3_HC,n3,tai50_20_03.F.15_01,13,3013
n3_HC,n3,tai50_20_03.F.15_01,14,2929
n3_HC,n3,tai50_20_03.F.15_01,15,2892
n3_HC,n3,tai50_20_03.F.15_01,16,2945
n3_HC,n3,tai50_20_03.F.15_01,17,2970
n3_HC,n3,tai50_20_03.F.15_01,18,2957
n3_HC,n3,tai50_20_03.F.15_01,19,2921
n3_HC,n3,tai50_20_03.F.15_01,20,2940
n3_HC,n3,tai50_20_03.F.15_01,21,2944
n3_HC,n3,tai50_20_03.F.15_01,22,2890
n3_HC,n3,tai50_20_03.F.15_01,23,2931
n3_HC,n3,tai50_20_03.F.15_01,24,2943
n3_HC,n3,tai50_20_03.F.15_01,25,2946
n3_HC,n3,tai50_20_03.F.15_01,26,2926
n3_HC,n3,tai50_20_03.F.15_01,27,2926
n3_HC,n3,tai50_20_03.F.15_01,28,2978
n3_HC,n3,tai50_20_03.F.15_01,29,2951
n3_HC,n3,tai50_20_03.F.15_01,30,2922
n3_HC,n3,tai50_20_04.F.15_01,1,2862
n3_HC,n3,tai50_20_04.F.15_01,2,2893
n3_HC,n3,tai50_20_04.F.15_01,3,2829
n3_HC,n3,tai50_20_04.F.15_01,4,2884
n3_HC,n3,tai50_20_04.F.15_01,5,2861
n3_HC,n3,tai50_20_04.F.15_01,6,2890
n3_HC,n3,tai50_20_04.F.15_01,7,2900
n3_HC,n3,tai50_20_04.F.15_01,8,2848
n3_HC,n3,tai50_20_04.F.15_01,9,2865
n3_HC,n3,tai50_20_04.F.15_01,10,2835
n3_HC,n3,tai50_20_04.F.15_01,11,2866
n3_HC,n3,tai50_20_04.F.15_01,12,2874
n3_HC,n3,tai50_20_04.F.15_01,13,2878
n3_HC,n3,tai50_20_04.F.15_01,14,2859
n3_HC,n3,tai50_20_04.F.15_01,15,2894
n3_HC,n3,tai50_20_04.F.15_01,16,2873
n3_HC,n3,tai50_20_04.F.15_01,17,2855
n3_HC,n3,tai50_20_04.F.15_01,18,2868
n3_HC,n3,tai50_20_04.F.15_01,19,2850
n3_HC,n3,tai50_20_04.F.15_01,20,2852
n3_HC,n3,tai50_20_04.F.15_01,21,2862
n3_HC,n3,tai50_20_04.F.15_01,22,2843
n3_HC,n3,tai50_20_04.F.15_01,23,2836
n3_HC,n3,tai50_20_04.F.15_01,24,2891
n3_HC,n3,tai50_20_04.F.15_01,25,2873
n3_HC,n3,tai50_20_04.F.15_01,26,2860
n3_HC,n3,tai50_20_04.F.15_01,27,2859
n3_HC,n3,tai50_20_04.F.15_01,28,2876
n3_HC,n3,tai50_20_04.F.15_01,29,2858
n3_HC,n3,tai50_20_04.F.15_01,30,2846
n3_HC,n3,tai50_20_05.F.15_01,1,2941
n3_HC,n3,tai50_20_05.F.15_01,2,2917
n3_HC,n3,tai50_20_05.F.15_01,3,2925
n3_HC,n3,tai50_20_05.F.15_01,4,2880
n3_HC,n3,tai50_20_05.F.15_01,5,2839
n3_HC,n3,tai50_20_05.F.15_01,6,2940
n3_HC,n3,tai50_20_05.F.15_01,7,2890
n3_HC,n3,tai50_20_05.F.15_01,8,2922
n3_HC,n3,tai50_20_05.F.15_01,9,2923
n3_HC,n3,tai50_20_05.F.15_01,10,2900
n3_HC,n3,tai50_20_05.F.15_01,11,2962
n3_HC,n3,tai50_20_05.F.15_01,12,2939
n3_HC,n3,tai50_20_05.F.15_01,13,2934
n3_HC,n3,tai50_20_05.F.15_01,14,2899
n3_HC,n3,tai50_20_05.F.15_01,15,2982
n3_HC,n3,tai50_20_05.F.15_01,16,2943
n3_HC,n3,tai50_20_05.F.15_01,17,2924
n3_HC,n3,tai50_20_05.F.15_01,18,2903
n3_HC,n3,tai50_20_05.F.15_01,19,2926
n3_HC,n3,tai50_20_05.F.15_01,20,2954
n3_HC,n3,tai50_20_05.F.15_01,21,2893
n3_HC,n3,tai50_20_05.F.15_01,22,2977
n3_HC,n3,tai50_20_05.F.15_01,23,2943
n3_HC,n3,tai50_20_05.F.15_01,24,2889
n3_HC,n3,tai50_20_05.F.15_01,25,2920
n3_HC,n3,tai50_20_05.F.15_01,26,2892
n3_HC,n3,tai50_20_05.F.15_01,27,2931
n3_HC,n3,tai50_20_05.F.15_01,28,2960
n3_HC,n3,tai50_20_05.F.15_01,29,2913
n3_HC,n3,tai50_20_05.F.15_01,30,2934
n3_HC,n3,tai50_20_06.F.15_01,1,3064
n3_HC,n3,tai50_20_06.F.15_01,2,3017
n3_HC,n3,tai50_20_06.F.15_01,3,3034
n3_HC,n3,tai50_20_06.F.15_01,4,3026
n3_HC,n3,tai50_20_06.F.15_01,5,3058
n3_HC,n3,tai50_20_06.F.15_01,6,3052
n3_HC,n3,tai50_20_06.F.15_01,7,3064
n3_HC,n3,tai50_20_06.F.15_01,8,2992
n3_HC,n3,tai50_20_06.F.15_01,9,3008
n3_HC,n3,tai50_20_06.F.15_01,10,2996
n3_HC,n3,tai50_20_06.F.15_01,11,3014
n3_HC,n3,tai50_20_06.F.15_01,12,3003
n3_HC,n3,tai50_20_06.F.15_01,13,3022
n3_HC,n3,tai50_20_06.F.15_01,14,3042
n3_HC,n3,tai50_20_06.F.15_01,15,3018
n3_HC,n3,tai50_20_06.F.15_01,16,2977
n3_HC,n3,tai50_20_06.F.15_01,17,3034
n3_HC,n3,tai50_20_06.F.15_01,18,3016
n3_HC,n3,tai50_20_06.F.15_01,19,3034
n3_HC,n3,tai50_20_06.F.15_01,20,3056
n3_HC,n3,tai50_20_06.F.15_01,21,3040
n3_HC,n3,tai50_20_06.F.15_01,22,3029
n3_HC,n3,tai50_20_06.F.15_01,23,2985
n3_HC,n3,tai50_20_06.F.15_01,24,3045
n3_HC,n3,tai50_20_06.F.15_01,25,3029
n3_HC,n3,tai50_20_06.F.15_01,26,3060
n3_HC,n3,tai50_20_06.F.15_01,27,3054
n3_HC,n3,tai50_20_06.F.15_01,28,3032
n3_HC,n3,tai50_20_06.F.15_01,29,3011
n3_HC,n3,tai50_20_06.F.15_01,30,3024
n3_HC,n3,tai50_20_07.F.15_01,1,3032
n3_HC,n3,tai50_20_07.F.15_01,2,3041
n3_HC,n3,tai50_20_07.F.15_01,3,3016
n3_HC,n3,tai50_20_07.F.15_01,4,3056
n3_HC,n3,tai50_20_07.F.15_01,5,3016
n3_HC,n3,tai50_20_07.F.15_01,6,3062
n3_HC,n3,tai50_20_07.F.15_01,7,3025
n3_HC,n3,tai50_20_07.F.15_01,8,3002
n3_HC,n3,tai50_20_07.F.15_01,9,3023
n3_HC,n3,tai50_20_07.F.15_01,10,3031
n3_HC,n3,tai50_20_07.F.15_01,11,3041
n3_HC,n3,tai50_20_07.F.15_01,12,3060
n3_HC,n3,tai50_20_07.F.15_01,13,3058
n3_HC,n3,tai50_20_07.F.15_01,14,3021
n3_HC,n3,tai50_20_07.F.15_01,15,3047
n3_HC,n3,tai50_20_07.F.15_01,16,3053
n3_HC,n3,tai50_20_07.F.15_01,17,2992
n3_HC,n3,tai50_20_07.F.15_01,18,3017
n3_HC,n3,tai50_20_07.F.15_01,19,2940
n3_HC,n3,tai50_20_07.F.15_01,20,3024
n3_HC,n3,tai50_20_07.F.15_01,21,2990
n3_HC,n3,tai50_20_07.F.15_01,22,3013
n3_HC,n3,tai50_20_07.F.15_01,23,2995
n3_HC,n3,tai50_20_07.F.15_01,24,3005
n3_HC,n3,tai50_20_07.F.15_01,25,3037
n3_HC,n3,tai50_20_07.F.15_01,26,3013
n3_HC,n3,tai50_20_07.F.15_01,27,3028
n3_HC,n3,tai50_20_07.F.15_01,28,3052
n3_HC,n3,tai50_20_07.F.15_01,29,3052
n3_HC,n3,tai50_20_07.F.15_01,30,3013
n3_HC,n3,tai50_20_08.F.15_01,1,2943
n3_HC,n3,tai50_20_08.F.15_01,2,2942
n3_HC,n3,tai50_20_08.F.15_01,3,2925
n3_HC,n3,tai50_20_08.F.15_01,4,2938
n3_HC,n3,tai50_20_08.F.15_01,5,2926
n3_HC,n3,tai50_20_08.F.15_01,6,2954
n3_HC,n3,tai50_20_08.F.15_01,7,2964
n3_HC,n3,tai50_20_08.F.15_01,8,2943
n3_HC,n3,tai50_20_08.F.15_01,9,2915
n3_HC,n3,tai50_20_08.F.15_01,10,2952
n3_HC,n3,tai50_20_08.F.15_01,11,2945
n3_HC,n3,tai50_20_08.F.15_01,12,2896
n3_HC,n3,tai50_20_08.F.15_01,13,2947
n3_HC,n3,tai50_20_08.F.15_01,14,2943
n3_HC,n3,tai50_20_08.F.15_01,15,2940
n3_HC,n3,tai50_20_08.F.15_01,16,2934
n3_HC,n3,tai50_20_08.F.15_01,17,2960
n3_HC,n3,tai50_20_08.F.15_01,18,2948
n3_HC,n3,tai50_20_08.F.15_01,19,2938
n3_HC,n3,tai50_20_08.F.15_01,20,2916
n3_HC,n3,tai50_20_08.F.15_01,21,2904
n3_HC,n3,tai50_20_08.F.15_01,22,3000
n3_HC,n3,tai50_20_08.F.15_01,23,2955
n3_HC,n3,tai50_20_08.F.15_01,24,2964
n3_HC,n3,tai50_20_08.F.15_01,25,2948
n3_HC,n3,tai50_20_08.F.15_01,26,2964
n3_HC,n3,tai50_20_08.F.15_01,27,2943
n3_HC,n3,tai50_20_08.F.15_01,28,2919
n3_HC,n3,tai50_20_08.F.15_01,29,2918
n3_HC,n3,tai50_20_08.F.15_01,30,2944
n3_HC,n3,tai50_20_09.F.15_01,1,3201
n3_HC,n3,tai50_20_09.F.15_01,2,3193
n3_HC,n3,tai50_20_09.F.15_01,3,3215
n3_HC,n3,tai50_20_09.F.15_01,4,3210
n3_HC,n3,tai50_20_09.F.15_01,5,3184
n3_HC,n3,tai50_20_09.F.15_01,6,3229
n3_HC,n3,tai50_20_09.F.15_01,7,3248
n3_HC,n3,tai50_20_09.F.15_01,8,3240
n3_HC,n3,tai50_20_09.F.15_01,9,3243
n3_HC,n3,tai50_20_09.F.15_01,10,3268
n3_HC,n3,tai50_20_09.F.15_01,11,3207
n3_HC,n3,tai50_20_09.F.15_01,12,3220
n3_HC,n3,tai50_20_09.F.15_01,13,3232
n3_HC,n3,tai50_20_09.F.15_01,14,3201
n3_HC,n3,tai50_20_09.F.15_01,15,3161
n3_HC,n3,tai50_20_09.F.15_01,16,3246
n3_HC,n3,tai50_20_09.F.15_01,17,3199
n3_HC,n3,tai50_20_09.F.15_01,18,3219
n3_HC,n3,tai50_20_09.F.15_01,19,3175
n3_HC,n3,tai50_20_09.F.15_01,20,3224
n3_HC,n3,tai50_20_09.F.15_01,21,3247
n3_HC,n3,tai50_20_09.F.15_01,22,3199
n3_HC,n3,tai50_20_09.F.15_01,23,3211
n3_HC,n3,tai50_20_09.F.15_01,24,3272
n3_HC,n3,tai50_20_09.F.15_01,25,3234
n3_HC,n3,tai50_20_09.F.15_01,26,3166
n3_HC,n3,tai50_20_09.F.15_01,27,3214
n3_HC,n3,tai50_20_09.F.15_01,28,3250
n3_HC,n3,tai50_20_09.F.15_01,29,3190
n3_HC,n3,tai50_20_09.F.15_01,30,3254
n3_HC,n3,tai50_20_10.F.15_01,1,3249
n3_HC,n3,tai50_20_10.F.15_01,2,3184
n3_HC,n3,tai50_20_10.F.15_01,3,3181
n3_HC,n3,tai50_20_10.F.15_01,4,3220
n3_HC,n3,tai50_20_10.F.15_01,5,3264
n3_HC,n3,tai50_20_10.F.15_01,6,3201
n3_HC,n3,tai50_20_10.F.15_01,7,3222
n3_HC,n3,tai50_20_10.F.15_01,8,3220
n3_HC,n3,tai50_20_10.F.15_01,9,3226
n3_HC,n3,tai50_20_10.F.15_01,10,3189
n3_HC,n3,tai50_20_10.F.15_01,11,3259
n3_HC,n3,tai50_20_10.F.15_01,12,3226
n3_HC,n3,tai50_20_10.F.15_01,13,3214
n3_HC,n3,tai50_20_10.F.15_01,14,3247
n3_HC,n3,tai50_20_10.F.15_01,15,3240
n3_HC,n3,tai50_20_10.F.15_01,16,3252
n3_HC,n3,tai50_20_10.F.15_01,17,3236
n3_HC,n3,tai50_20_10.F.15_01,18,3218
n3_HC,n3,tai50_20_10.F.15_01,19,3196
n3_HC,n3,tai50_20_10.F.15_01,20,3262
n3_HC,n3,tai50_20_10.F.15_01,21,3196
n3_HC,n3,tai50_20_10.F.15_01,22,3250
n3_HC,n3,tai50_20_10.F.15_01,23,3261
n3_HC,n3,tai50_20_10.F.15_01,24,3229
n3_HC,n3,tai50_20_10.F.15_01,25,3217
n3_HC,n3,tai50_20_10.F.15_01,26,3202
n3_HC,n3,tai50_20_10.F.15_01,27,3202
n3_HC,n3,tai50_20_10.F.15_01,28,3238
n3_HC,n3,tai50_20_10.F.15_01,29,3300
n3_HC,n3,tai50_20_10.F.15_01,30,3246
next_HC,next,F0.15.0.abz7_06,1,702
next_HC,next,F0.15.0.abz7_06,2,685
next_HC,next,F0.15.0.abz7_06,3,682
next_HC,next,F0.15.0.abz7_06,4,690
next_HC,next,F0.15.0.abz7_06,5,690
next_HC,next,F0.15.0.abz7_06,6,687
next_HC,next,F0.15.0.abz7_06,7,679
next_HC,next,F0.15.0.abz7_06,8,686
next_HC,next,F0.15.0.abz7_06,9,678
next_HC,next,F0.15.0.abz7_06,10,682
next_HC,next,F0.15.0.abz7_06,11,682
next_HC,next,F0.15.0.abz7_06,12,688
next_HC,next,F0.15.0.abz7_06,13,678
next_HC,next,F0.15.0.abz7_06,14,689
next_HC,next,F0.15.0.abz7_06,15,701
next_HC,next,F0.15.0.abz7_06,16,691
next_HC,next,F0.15.0.abz7_06,17,690
next_HC,next,F0.15.0.abz7_06,18,682
next_HC,next,F0.15.0.abz7_06,19,701
next_HC,next,F0.15.0.abz7_06,20,679
next_HC,next,F0.15.0.abz7_06,21,682
next_HC,next,F0.15.0.abz7_06,22,684
next_HC,next,F0.15.0.abz7_06,23,695
next_HC,next,F0.15.0.abz7_06,24,675
next_HC,next,F0.15.0.abz7_06,25,682
next_HC,next,F0.15.0.abz7_06,26,695
next_HC,next,F0.15.0.abz7_06,27,699
next_HC,next,F0.15.0.abz7_06,28,680
next_HC,next,F0.15.0.abz7_06,29,687
next_HC,next,F0.15.0.abz7_06,30,683
next_HC,next,F0.15.0.abz8_05,1,697
next_HC,next,F0.15.0.abz8_05,2,700
next_HC,next,F0.15.0.abz8_05,3,718
next_HC,next,F0.15.0.abz8_05,4,689
next_HC,next,F0.15.0.abz8_05,5,703
next_HC,next,F0.15.0.abz8_05,6,703
next_HC,next,F0.15.0.abz8_05,7,711
next_HC,next,F0.15.0.abz8_05,8,693
next_HC,next,F0.15.0.abz8_05,9,705
next_HC,next,F0.15.0.abz8_05,10,705
next_HC,next,F0.15.0.abz8_05,11,692
next_HC,next,F0.15.0.abz8_05,12,700
next_HC,next,F0.15.0.abz8_05,13,709
next_HC,next,F0.15.0.abz8_05,14,704
next_HC,next,F0.15.0.abz8_05,15,702
next_HC,next,F0.15.0.abz8_05,16,704
next_HC,next,F0.15.0.abz8_05,17,704
next_HC,next,F0.15.0.abz8_05,18,697
next_HC,next,F0.15.0.abz8_05,19,708
next_HC,next,F0.15.0.abz8_05,20,684
next_HC,next,F0.15.0.abz8_05,21,702
next_HC,next,F0.15.0.abz8_05,22,703
next_HC,next,F0.15.0.abz8_05,23,698
next_HC,next,F0.15.0.abz8_05,24,708
next_HC,next,F0.15.0.abz8_05,25,695
next_HC,next,F0.15.0.abz8_05,26,703
next_HC,next,F0.15.0.abz8_05,27,706
next_HC,next,F0.15.0.abz8_05,28,710
next_HC,next,F0.15.0.abz8_05,29,699
next_HC,next,F0.15.0.abz8_05,30,711
next_HC,next,F0.15.0.abz9_10,1,720
next_HC,next,F0.15.0.abz9_10,2,750
next_HC,next,F0.15.0.abz9_10,3,699
next_HC,next,F0.15.0.abz9_10,4,724
next_HC,next,F0.15.0.abz9_10,5,719
next_HC,next,F0.15.0.abz9_10,6,725
next_HC,next,F0.15.0.abz9_10,7,721
next_HC,next,F0.15.0.abz9_10,8,720
next_HC,next,F0.15.0.abz9_10,9,749
next_HC,next,F0.15.0.abz9_10,10,711
next_HC,next,F0.15.0.abz9_10,11,729
next_HC,next,F0.15.0.abz9_10,12,742
next_HC,next,F0.15.0.abz9_10,13,718
next_HC,next,F0.15.0.abz9_10,14,708
next_HC,next,F0.15.0.abz9_10,15,721
next_HC,next,F0.15.0.abz9_10,16,717
next_HC,next,F0.15.0.abz9_10,17,710
next_HC,next,F0.15.0.abz9_10,18,704
next_HC,next,F0.15.0.abz9_10,19,719
next_HC,next,F0.15.0.abz9_10,20,712
next_HC,next,F0.15.0.abz9_10,21,704
next_HC,next,F0.15.0.abz9_10,22,710
next_HC,next,F0.15.0.abz9_10,23,723
next_HC,next,F0.15.0.abz9_10,24,723
next_HC,next,F0.15.0.abz9_10,25,723
next_HC,next,F0.15.0.abz9_10,26,719
next_HC,next,F0.15.0.abz9_10,27,719
next_HC,next,F0.15.0.abz9_10,28,732
next_HC,next,F0.15.0.abz9_10,29,719
next_HC,next,F0.15.0.abz9_10,30,714
next_HC,next,F0.15.0.ft10_10,1,938
next_HC,next,F0.15.0.ft10_10,2,938
next_HC,next,F0.15.0.ft10_10,3,938
next_HC,next,F0.15.0.ft10_10,4,930
next_HC,next,F0.15.0.ft10_10,5,938
next_HC,next,F0.15.0.ft10_10,6,930
next_HC,next,F0.15.0.ft10_10,7,930
next_HC,next,F0.15.0.ft10_10,8,945
next_HC,next,F0.15.0.ft10_10,9,930
next_HC,next,F0.15.0.ft10_10,10,938
next_HC,next,F0.15.0.ft10_10,11,937
next_HC,next,F0.15.0.ft10_10,12,938
next_HC,next,F0.15.0.ft10_10,13,941
next_HC,next,F0.15.0.ft10_10,14,930
next_HC,next,F0.15.0.ft10_10,15,945
next_HC,next,F0.15.0.ft10_10,16,938
next_HC,next,F0.15.0.ft10_10,17,930
next_HC,next,F0.15.0.ft10_10,18,938
next_HC,next,F0.15.0.ft10_10,19,937
next_HC,next,F0.15.0.ft10_10,20,930
next_HC,next,F0.15.0.ft10_10,21,938
next_HC,next,F0.15.0.ft10_10,22,946
next_HC,next,F0.15.0.ft10_10,23,936
next_HC,next,F0.15.0.ft10_10,24,945
next_HC,next,F0.15.0.ft10_10,25,951
next_HC,next,F0.15.0.ft10_10,26,930
next_HC,next,F0.15.0.ft10_10,27,944
next_HC,next,F0.15.0.ft10_10,28,930
next_HC,next,F0.15.0.ft10_10,29,930
next_HC,next,F0.15.0.ft10_10,30,936
next_HC,next,F0.15.0.ft20_05,1,1182
next_HC,next,F0.15.0.ft20_05,2,1178
next_HC,next,F0.15.0.ft20_05,3,1165
next_HC,next,F0.15.0.ft20_05,4,1180
next_HC,next,F0.15.0.ft20_05,5,1180
next_HC,next,F0.15.0.ft20_05,6,1180
next_HC,next,F0.15.0.ft20_05,7,1178
next_HC,next,F0.15.0.ft20_05,8,1180
next_HC,next,F0.15.0.ft20_05,9,1178
next_HC,next,F0.15.0.ft20_05,10,1178
next_HC,next,F0.15.0.ft20_05,11,1180
next_HC,next,F0.15.0.ft20_05,12,1178
next_HC,next,F0.15.0.ft20_05,13,1180
next_HC,next,F0.15.0.ft20_05,14,1173
next_HC,next,F0.15.0.ft20_05,15,1173
next_HC,next,F0.15.0.ft20_05,16,1180
next_HC,next,F0.15.0.ft20_05,17,1180
next_HC,next,F0.15.0.ft20_05,18,1182
next_HC,next,F0.15.0.ft20_05,19,1178
next_HC,next,F0.15.0.ft20_05,20,1180
next_HC,next,F0.15.0.ft20_05,21,1178
next_HC,next,F0.15.0.ft20_05,22,1180
next_HC,next,F0.15.0.ft20_05,23,1178
next_HC,next,F0.15.0.ft20_05,24,1180
next_HC,next,F0.15.0.ft20_05,25,1178
next_HC,next,F0.15.0.ft20_05,26,1173
next_HC,next,F0.15.0.ft20_05,27,1180
next_HC,next,F0.15.0.ft20_05,28,1180
next_HC,next,F0.15.0.ft20_05,29,1178
next_HC,next,F0.15.0.ft20_05,30,1178
next_HC,next,F0.15.0.la21_04,1,1055
next_HC,next,F0.15.0.la21_04,2,1079
next_HC,next,F0.15.0.la21_04,3,1055
next_HC,next,F0.15.0.la21_04,4,1052
next_HC,next,F0.15.0.la21_04,5,1074
next_HC,next,F0.15.0.la21_04,6,1053
next_HC,next,F0.15.0.la21_04,7,1066
next_HC,next,F0.15.0.la21_04,8,1071
next_HC,next,F0.15.0.la21_04,9,1061
next_HC,next,F0.15.0.la21_04,10,1062
next_HC,next,F0.15.0.la21_04,11,1062
next_HC,next,F0.15.0.la21_04,12,1062
next_HC,next,F0.15.0.la21_04,13,1069
next_HC,next,F0.15.0.la21_04,14,1084
next_HC,next,F0.15.0.la21_04,15,1061
next_HC,next,F0.15.0.la21_04,16,1065
next_HC,next,F0.15.0.la21_04,17,1058
next_HC,next,F0.15.0.la21_04,18,1056
next_HC,next,F0.15.0.la21_04,19,1074
next_HC,next,F0.15.0.la21_04,20,1056
next_HC,next,F0.15.0.la21_04,21,1069
next_HC,next,F0.15.0.la21_04,22,1057
next_HC,next,F0.15.0.la21_04,23,1068
next_HC,next,F0.15.0.la21_04,24,1069
next_HC,next,F0.15.0.la21_04,25,1055
next_HC,next,F0.15.0.la21_04,26,1060
next_HC,next,F0.15.0.la21_04,27,1061
next_HC,next,F0.15.0.la21_04,28,1079
next_HC,next,F0.15.0.la21_04,29,1056
next_HC,next,F0.15.0.la21_04,30,1071
next_HC,next,F0.15.0.la24_03,1,955
next_HC,next,F0.15.0.la24_03,2,955
next_HC,next,F0.15.0.la24_03,3,967
next_HC,next,F0.15.0.la24_03,4,944
next_HC,next,F0.15.0.la24_03,5,961
next_HC,next,F0.15.0.la24_03,6,955
next_HC,next,F0.15.0.la24_03,7,955
next_HC,next,F0.15.0.la24_03,8,967
next_HC,next,F0.15.0.la24_03,9,947
next_HC,next,F0.15.0.la24_03,10,951
next_HC,next,F0.15.0.la24_03,11,962
next_HC,next,F0.15.0.la24_03,12,948
next_HC,next,F0.15.0.la24_03,13,967
next_HC,next,F0.15.0.la24_03,14,967
next_HC,next,F0.15.0.la24_03,15,944
next_HC,next,F0.15.0.la24_03,16,952
next_HC,next,F0.15.0.la24_03,17,957
next_HC,next,F0.15.0.la24_03,18,967
next_HC,next,F0.15.0.la24_03,19,967
next_HC,next,F0.15.0.la24_03,20,971
next_HC,next,F0.15.0.la24_03,21,957
next_HC,next,F0.15.0.la24_03,22,971
next_HC,next,F0.15.0.la24_03,23,971
next_HC,next,F0.15.0.la24_03,24,967
next_HC,next,F0.15.0.la24_03,25,955
next_HC,next,F0.15.0.la24_03,26,964
next_HC,next,F0.15.0.la24_03,27,944
next_HC,next,F0.15.0.la24_03,28,958
next_HC,next,F0.15.0.la24_03,29,954
next_HC,next,F0.15.0.la24_03,30,971
next_HC,next,F0.15.0.la25_04,1,992
next_HC,next,F0.15.0.la25_04,2,986
next_HC,next,F0.15.0.la25_04,3,989
next_HC,next,F0.15.0.la25_04,4,984
next_HC,next,F0.15.0.la25_04,5,984
next_HC,next,F0.15.0.la25_04,6,1000
next_HC,next,F0.15.0.la25_04,7,989
next_HC,next,F0.15.0.la25_04,8,993
next_HC,next,F0.15.0.la25_04,9,986
next_HC,next,F0.15.0.la25_04,10,989
next_HC,next,F0.15.0.la25_04,11,984
next_HC,next,F0.15.0.la25_04,12,984
next_HC,next,F0.15.0.la25_04,13,989
next_HC,next,F0.15.0.la25_04,14,986
next_HC,next,F0.15.0.la25_04,15,984
next_HC,next,F0.15.0.la25_04,16,993
next_HC,next,F0.15.0.la25_04,17,984
next_HC,next,F0.15.0.la25_04,18,984
next_HC,next,F0.15.0.la25_04,19,984
next_HC,next,F0.15.0.la25_04,20,990
next_HC,next,F0.15.0.la25_04,21,986
next_HC,next,F0.15.0.la25_04,22,986
next_HC,next,F0.15.0.la25_04,23,989
next_HC,next,F0.15.0.la25_04,24,982
next_HC,next,F0.15.0.la25_04,25,984
next_HC,next,F0.15.0.la25_04,26,990
next_HC,next,F0.15.0.la25_04,27,986
next_HC,next,F0.15.0.la25_04,28,989
next_HC,next,F0.15.0.la25_04,29,979
next_HC,next,F0.15.0.la25_04,30,986
next_HC,next,F0.15.0.la27_09,1,1274
next_HC,next,F0.15.0.la27_09,2,1270
next_HC,next,F0.15.0.la27_09,3,1269
next_HC,next,F0.15.0.la27_09,4,1269
next_HC,next,F0.15.0.la27_09,5,1269
next_HC,next,F0.15.0.la27_09,6,1269
next_HC,next,F0.15.0.la27_09,7,1269
next_HC,next,F0.15.0.la27_09,8,1269
next_HC,next,F0.15.0.la27_09,9,1256
next_HC,next,F0.15.0.la27_09,10,1269
next_HC,next,F0.15.0.la27_09,11,1256
next_HC,next,F0.15.0.la27_09,12,1269
next_HC,next,F0.15.0.la27_09,13,1264
next_HC,next,F0.15.0.la27_09,14,1281
next_HC,next,F0.15.0.la27_09,15,1269
next_HC,next,F0.15.0.la27_09,16,1277
next_HC,next,F0.15.0.la27_09,17,1283
next_HC,next,F0.15.0.la27_09,18,1256
next_HC,next,F0.15.0.la27_09,19,1264
next_HC,next,F0.15.0.la27_09,20,1264
next_HC,next,F0.15.0.la27_09,21,1274
next_HC,next,F0.15.0.la27_09,22,1261
next_HC,next,F0.15.0.la27_09,23,1269
next_HC,next,F0.15.0.la27_09,24,1256
next_HC,next,F0.15.0.la27_09,25,1269
next_HC,next,F0.15.0.la27_09,26,1269
next_HC,next,F0.15.0.la27_09,27,1267
next_HC,next,F0.15.0.la27_09,28,1266
next_HC,next,F0.15.0.la27_09,29,1238
next_HC,next,F0.15.0.la27_09,30,1269
next_HC,next,F0.15.0.la29_03,1,1206
next_HC,next,F0.15.0.la29_03,2,1204
next_HC,next,F0.15.0.la29_03,3,1222
next_HC,next,F0.15.0.la29_03,4,1193
next_HC,next,F0.15.0.la29_03,5,1220
next_HC,next,F0.15.0.la29_03,6,1232
next_HC,next,F0.15.0.la29_03,7,1191
next_HC,next,F0.15.0.la29_03,8,1209
next_HC,next,F0.15.0.la29_03,9,1209
next_HC,next,F0.15.0.la29_03,10,1206
next_HC,next,F0.15.0.la29_03,11,1202
next_HC,next,F0.15.0.la29_03,12,1195
next_HC,next,F0.15.0.la29_03,13,1167
next_HC,next,F0.15.0.la29_03,14,1199
next_HC,next,F0.15.0.la29_03,15,1217
next_HC,next,F0.15.0.la29_03,16,1214
next_HC,next,F0.15.0.la29_03,17,1204
next_HC,next,F0.15.0.la29_03,18,1193
next_HC,next,F0.15.0.la29_03,19,1201
next_HC,next,F0.15.0.la29_03,20,1193
next_HC,next,F0.15.0.la29_03,21,1194
next_HC,next,F0.15.0.la29_03,22,1188
next_HC,next,F0.15.0.la29_03,23,1210
next_HC,next,F0.15.0.la29_03,24,1226
next_HC,next,F0.15.0.la29_03,25,1208
next_HC,next,F0.15.0.la29_03,26,1195
next_HC,next,F0.15.0.la29_03,27,1201
next_HC,next,F0.15.0.la29_03,28,1204
next_HC,next,F0.15.0.la29_03,29,1202
next_HC,next,F0.15.0.la29_03,30,1193
next_HC,next,F0.15.0.la38_06,1,1228
next_HC,next,F0.15.0.la38_06,2,1246
next_HC,next,F0.15.0.la38_06,3,1240
next_HC,next,F0.15.0.la38_06,4,1216
next_HC,next,F0.15.0.la38_06,5,1260
next_HC,next,F0.15.0.la38_06,6,1240
next_HC,next,F0.15.0.la38_06,7,1216
next_HC,next,F0.15.0.la38_06,8,1251
next_HC,next,F0.15.0.la38_06,9,1256
next_HC,next,F0.15.0.la38_06,10,1239
next_HC,next,F0.15.0.la38_06,11,1239
next_HC,next,F0.15.0.la38_06,12,1233
next_HC,next,F0.15.0.la38_06,13,1239
next_HC,next,F0.15.0.la38_06,14,1260
next_HC,next,F0.15.0.la38_06,15,1251
next_HC,next,F0.15.0.la38_06,16,1219
next_HC,next,F0.15.0.la38_06,17,1244
next_HC,next,F0.15.0.la38_06,18,1228
next_HC,next,F0.15.0.la38_06,19,1228
next_HC,next,F0.15.0.la38_06,20,1239
next_HC,next,F0.15.0.la38_06,21,1215
next_HC,next,F0.15.0.la38_06,22,1228
next_HC,next,F0.15.0.la38_06,23,1240
next_HC,next,F0.15.0.la38_06,24,1230
next_HC,next,F0.15.0.la38_06,25,1263
next_HC,next,F0.15.0.la38_06,26,1218
next_HC,next,F0.15.0.la38_06,27,1268
next_HC,next,F0.15.0.la38_06,28,1240
next_HC,next,F0.15.0.la38_06,29,1240
next_HC,next,F0.15.0.la38_06,30,1255
next_HC,next,F0.15.0.la40_05,1,1251
next_HC,next,F0.15.0.la40_05,2,1269
next_HC,next,F0.15.0.la40_05,3,1242
next_HC,next,F0.15.0.la40_05,4,1252
next_HC,next,F0.15.0.la40_05,5,1269
next_HC,next,F0.15.0.la40_05,6,1252
next_HC,next,F0.15.0.la40_05,7,1252
next_HC,next,F0.15.0.la40_05,8,1254
next_HC,next,F0.15.0.la40_05,9,1252
next_HC,next,F0.15.0.la40_05,10,1252
next_HC,next,F0.15.0.la40_05,11,1252
next_HC,next,F0.15.0.la40_05,12,1248
next_HC,next,F0.15.0.la40_05,13,1252
next_HC,next,F0.15.0.la40_05,14,1252
next_HC,next,F0.15.0.la40_05,15,1251
next_HC,next,F0.15.0.la40_05,16,1252
next_HC,next,F0.15.0.la40_05,17,1269
next_HC,next,F0.15.0.la40_05,18,1252
next_HC,next,F0.15.0.la40_05,19,1252
next_HC,next,F0.15.0.la40_05,20,1252
next_HC,next,F0.15.0.la40_05,21,1240
next_HC,next,F0.15.0.la40_05,22,1252
next_HC,next,F0.15.0.la40_05,23,1248
next_HC,next,F0.15.0.la40_05,24,1243
next_HC,next,F0.15.0.la40_05,25,1252
next_HC,next,F0.15.0.la40_05,26,1251
next_HC,next,F0.15.0.la40_05,27,1252
next_HC,next,F0.15.0.la40_05,28,1242
next_HC,next,F0.15.0.la40_05,29,1242
next_HC,next,F0.15.0.la40_05,30,1269
next_HC,next,tai15_15_01.F.15_01,1,1278
next_HC,next,tai15_15_01.F.15_01,2,1262
next_HC,next,tai15_15_01.F.15_01,3,1268
next_HC,next,tai15_15_01.F.15_01,4,1256
next_HC,next,tai15_15_01.F.15_01,5,1265
next_HC,next,tai15_15_01.F.15_01,6,1267
next_HC,next,tai15_15_01.F.15_01,7,1283
next_HC,next,tai15_15_01.F.15_01,8,1275
next_HC,next,tai15_15_01.F.15_01,9,1254
next_HC,next,tai15_15_01.F.15_01,10,1280
next_HC,next,tai15_15_01.F.15_01,11,1268
next_HC,next,tai15_15_01.F.15_01,12,1282
next_HC,next,tai15_15_01.F.15_01,13,1256
next_HC,next,tai15_15_01.F.15_01,14,1262
next_HC,next,tai15_15_01.F.15_01,15,1278
next_HC,next,tai15_15_01.F.15_01,16,1256
next_HC,next,tai15_15_01.F.15_01,17,1266
next_HC,next,tai15_15_01.F.15_01,18,1278
next_HC,next,tai15_15_01.F.15_01,19,1273
next_HC,next,tai15_15_01.F.15_01,20,1292
next_HC,next,tai15_15_01.F.15_01,21,1285
next_HC,next,tai15_15_01.F.15_01,22,1291
next_HC,next,tai15_15_01.F.15_01,23,1286
next_HC,next,tai15_15_01.F.15_01,24,1264
next_HC,next,tai15_15_01.F.15_01,25,1271
next_HC,next,tai15_15_01.F.15_01,26,1292
next_HC,next,tai15_15_01.F.15_01,27,1292
next_HC,next,tai15_15_01.F.15_01,28,1286
next_HC,next,tai15_15_01.F.15_01,29,1265
next_HC,next,tai15_15_01.F.15_01,30,1282
next_HC,next,tai15_15_02.F.15_01,1,1273
next_HC,next,tai15_15_02.F.15_01,2,1269
next_HC,next,tai15_15_02.F.15_01,3,1272
next_HC,next,tai15_15_02.F.15_01,4,1269
next_HC,next,tai15_15_02.F.15_01,5,1258
next_HC,next,tai15_15_02.F.15_01,6,1268
next_HC,next,tai15_15_02.F.15_01,7,1268
next_HC,next,tai15_15_02.F.15_01,8,1269
next_HC,next,tai15_15_02.F.15_01,9,1278
next_HC,next,tai15_15_02.F.15_01,10,1268
next_HC,next,tai15_15_02.F.15_01,11,1269
next_HC,next,tai15_15_02.F.15_01,12,1278
next_HC,next,tai15_15_02.F.15_01,13,1272
next_HC,next,tai15_15_02.F.15_01,14,1278
next_HC,next,tai15_15_02.F.15_01,15,1278
next_HC,next,tai15_15_02.F.15_01,16,1275
next_HC,next,tai15_15_02.F.15_01,17,1278
next_HC,next,tai15_15_02.F.15_01,18,1274
next_HC,next,tai15_15_02.F.15_01,19,1271
next_HC,next,tai15_15_02.F.15_01,20,1271
next_HC,next,tai15_15_02.F.15_01,21,1275
next_HC,next,tai15_15_02.F.15_01,22,1273
next_HC,next,tai15_15_02.F.15_01,23,1272
next_HC,next,tai15_15_02.F.15_01,24,1273
next_HC,next,tai15_15_02.F.15_01,25,1269
next_HC,next,tai15_15_02.F.15_01,26,1271
next_HC,next,tai15_15_02.F.15_01,27,1269
next_HC,next,tai15_15_02.F.15_01,28,1280
next_HC,next,tai15_15_02.F.15_01,29,1269
next_HC,next,tai15_15_02.F.15_01,30,1271
next_HC,next,tai15_15_03.F.15_01,1,1239
next_HC,next,tai15_15_03.F.15_01,2,1264
next_HC,next,tai15_15_03.F.15_01,3,1271
next_HC,next,tai15_15_03.F.15_01,4,1251
next_HC,next,tai15_15_03.F.15_01,5,1259
next_HC,next,tai15_15_03.F.15_01,6,1271
next_HC,next,tai15_15_03.F.15_01,7,1257
next_HC,next,tai15_15_03.F.15_01,8,1234
next_HC,next,tai15_15_03.F.15_01,9,1261
next_HC,next,tai15_15_03.F.15_01,10,1250
next_HC,next,tai15_15_03.F.15_01,11,1264
next_HC,next,tai15_15_03.F.15_01,12,1257
next_HC,next,tai15_15_03.F.15_01,13,1253
next_HC,next,tai15_15_03.F.15_01,14,1259
next_HC,next,tai15_15_03.F.15_01,15,1234
next_HC,next,tai15_15_03.F.15_01,16,1250
next_HC,next,tai15_15_03.F.15_01,17,1260
next_HC,next,tai15_15_03.F.15_01,18,1250
next_HC,next,tai15_15_03.F.15_01,19,1259
next_HC,next,tai15_15_03.F.15_01,20,1275
next_HC,next,tai15_15_03.F.15_01,21,1263
next_HC,next,tai15_15_03.F.15_01,22,1270
next_HC,next,tai15_15_03.F.15_01,23,1248
next_HC,next,tai15_15_03.F.15_01,24,1255
next_HC,next,tai15_15_03.F.15_01,25,1274
next_HC,next,tai15_15_03.F.15_01,26,1239
next_HC,next,tai15_15_03.F.15_01,27,1244
next_HC,next,tai15_15_03.F.15_01,28,1262
next_HC,next,tai15_15_03.F.15_01,29,1259
next_HC,next,tai15_15_03.F.15_01,30,1271
next_HC,next,tai15_15_04.F.15_01,1,1206
next_HC,next,tai15_15_04.F.15_01,2,1218
next_HC,next,tai15_15_04.F.15_01,3,1193
next_HC,next,tai15_15_04.F.15_01,4,1193
next_HC,next,tai15_15_04.F.15_01,5,1206
next_HC,next,tai15_15_04.F.15_01,6,1198
next_HC,next,tai15_15_04.F.15_01,7,1223
next_HC,next,tai15_15_04.F.15_01,8,1191
next_HC,next,tai15_15_04.F.15_01,9,1221
next_HC,next,tai15_15_04.F.15_01,10,1223
next_HC,next,tai15_15_04.F.15_01,11,1196
next_HC,next,tai15_15_04.F.15_01,12,1224
next_HC,next,tai15_15_04.F.15_01,13,1199
next_HC,next,tai15_15_04.F.15_01,14,1192
next_HC,next,tai15_15_04.F.15_01,15,1225
next_HC,next,tai15_15_04.F.15_01,16,1223
next_HC,next,tai15_15_04.F.15_01,17,1193
next_HC,next,tai15_15_04.F.15_01,18,1205
next_HC,next,tai15_15_04.F.15_01,19,1199
next_HC,next,tai15_15_04.F.15_01,20,1209
next_HC,next,tai15_15_04.F.15_01,21,1192
next_HC,next,tai15_15_04.F.15_01,22,1198
next_HC,next,tai15_15_04.F.15_01,23,1196
next_HC,next,tai15_15_04.F.15_01,24,1215
next_HC,next,tai15_15_04.F.15_01,25,1209
next_HC,next,tai15_15_04.F.15_01,26,1217
next_HC,next,tai15_15_04.F.15_01,27,1198
next_HC,next,tai15_15_04.F.15_01,28,1195
next_HC,next,tai15_15_04.F.15_01,29,1188
next_HC,next,tai15_15_04.F.15_01,30,1211
next_HC,next,tai15_15_05.F.15_01,1,1253
next_HC,next,tai15_15_05.F.15_01,2,1251
next_HC,next,tai15_15_05.F.15_01,3,1274
next_HC,next,tai15_15_05.F.15_01,4,1244
next_HC,next,tai15_15_05.F.15_01,5,1247
next_HC,next,tai15_15_05.F.15_01,6,1244
next_HC,next,tai15_15_05.F.15_01,7,1269
next_HC,next,tai15_15_05.F.15_01,8,1237
next_HC,next,tai15_15_05.F.15_01,9,1269
next_HC,next,tai15_15_05.F.15_01,10,1246
next_HC,next,tai15_15_05.F.15_01,11,1261
next_HC,next,tai15_15_05.F.15_01,12,1248
next_HC,next,tai15_15_05.F.15_01,13,1269
next_HC,next,tai15_15_05.F.15_01,14,1243
next_HC,next,tai15_15_05.F.15_01,15,1244
next_HC,next,tai15_15_05.F.15_01,16,1253
next_HC,next,tai15_15_05.F.15_01,17,1251
next_HC,next,tai15_15_05.F.15_01,18,1241
next_HC,next,tai15_15_05.F.15_01,19,1246
next_HC,next,tai15_15_05.F.15_01,20,1246
next_HC,next,tai15_15_05.F.15_01,21,1257
next_HC,next,tai15_15_05.F.15_01,22,1268
next_HC,next,tai15_15_05.F.15_01,23,1269
next_HC,next,tai15_15_05.F.15_01,24,1244
next_HC,next,tai15_15_05.F.15_01,25,1276
next_HC,next,tai15_15_05.F.15_01,26,1244
next_HC,next,tai15_15_05.F.15_01,27,1249
next_HC,next,tai15_15_05.F.15_01,28,1258
next_HC,next,tai15_15_05.F.15_01,29,1252
next_HC,next,tai15_15_05.F.15_01,30,1252
next_HC,next,tai15_15_06.F.15_01,1,1267
next_HC,next,tai15_15_06.F.15_01,2,1265
next_HC,next,tai15_15_06.F.15_01,3,1255
next_HC,next,tai15_15_06.F.15_01,4,1271
next_HC,next,tai15_15_06.F.15_01,5,1275
next_HC,next,tai15_15_06.F.15_01,6,1270
next_HC,next,tai15_15_06.F.15_01,7,1273
next_HC,next,tai15_15_06.F.15_01,8,1272
next_HC,next,tai15_15_06.F.15_01,9,1272
next_HC,next,tai15_15_06.F.15_01,10,1263
next_HC,next,tai15_15_06.F.15_01,11,1272
next_HC,next,tai15_15_06.F.15_01,12,1273
next_HC,next,tai15_15_06.F.15_01,13,1255
next_HC,next,tai15_15_06.F.15_01,14,1271
next_HC,next,tai15_15_06.F.15_01,15,1268
next_HC,next,tai15_15_06.F.15_01,16,1264
next_HC,next,tai15_15_06.F.15_01,17,1263
next_HC,next,tai15_15_06.F.15_01,18,1272
next_HC,next,tai15_15_06.F.15_01,19,1265
next_HC,next,tai15_15_06.F.15_01,20,1267
next_HC,next,tai15_15_06.F.15_01,21,1277
next_HC,next,tai15_15_06.F.15_01,22,1255
next_HC,next,tai15_15_06.F.15_01,23,1272
next_HC,next,tai15_15_06.F.15_01,24,1271
next_HC,next,tai15_15_06.F.15_01,25,1274
next_HC,next,tai15_15_06.F.15_01,26,1290
next_HC,next,tai15_15_06.F.15_01,27,1271
next_HC,next,tai15_15_06.F.15_01,28,1282
next_HC,next,tai15_15_06.F.15_01,29,1272
next_HC,next,tai15_15_06.F.15_01,30,1264
next_HC,next,tai15_15_07.F.15_01,1,1249
next_HC,next,tai15_15_07.F.15_01,2,1243
next_HC,next,tai15_15_07.F.15_01,3,1249
next_HC,next,tai15_15_07.F.15_01,4,1263
next_HC,next,tai15_15_07.F.15_01,5,1253
next_HC,next,tai15_15_07.F.15_01,6,1255
next_HC,next,tai15_15_07.F.15_01,7,1253
next_HC,next,tai15_15_07.F.15_01,8,1249
next_HC,next,tai15_15_07.F.15_01,9,1242
next_HC,next,tai15_15_07.F.15_01,10,1259
next_HC,next,tai15_15_07.F.15_01,11,1251
next_HC,next,tai15_15_07.F.15_01,12,1255
next_HC,next,tai15_15_07.F.15_01,13,1259
next_HC,next,tai15_15_07.F.15_01,14,1253
next_HC,next,tai15_15_07.F.15_01,15,1259
next_HC,next,tai15_15_07.F.15_01,16,1258
next_HC,next,tai15_15_07.F.15_01,17,1242
next_HC,next,tai15_15_07.F.15_01,18,1251
next_HC,next,tai15_15_07.F.15_01,19,1260
next_HC,next,tai15_15_07.F.15_01,20,1242
next_HC,next,tai15_15_07.F.15_01,21,1254
next_HC,next,tai15_15_07.F.15_01,22,1255
next_HC,next,tai15_15_07.F.15_01,23,1259
next_HC,next,tai15_15_07.F.15_01,24,1249
next_HC,next,tai15_15_07.F.15_01,25,1250
next_HC,next,tai15_15_07.F.15_01,26,1257
next_HC,next,tai15_15_07.F.15_01,27,1248
next_HC,next,tai15_15_07.F.15_01,28,1249
next_HC,next,tai15_15_07.F.15_01,29,1253
next_HC,next,tai15_15_07.F.15_01,30,1249
next_HC,next,tai15_15_08.F.15_01,1,1243
next_HC,next,tai15_15_08.F.15_01,2,1260
next_HC,next,tai15_15_08.F.15_01,3,1246
next_HC,next,tai15_15_08.F.15_01,4,1250
next_HC,next,tai15_15_08.F.15_01,5,1269
next_HC,next,tai15_15_08.F.15_01,6,1230
next_HC,next,tai15_15_08.F.15_01,7,1221
next_HC,next,tai15_15_08.F.15_01,8,1230
next_HC,next,tai15_15_08.F.15_01,9,1243
next_HC,next,tai15_15_08.F.15_01,10,1256
next_HC,next,tai15_15_08.F.15_01,11,1244
next_HC,next,tai15_15_08.F.15_01,12,1250
next_HC,next,tai15_15_08.F.15_01,13,1229
next_HC,next,tai15_15_08.F.15_01,14,1230
next_HC,next,tai15_15_08.F.15_01,15,1230
next_HC,next,tai15_15_08.F.15_01,16,1257
next_HC,next,tai15_15_08.F.15_01,17,1262
next_HC,next,tai15_15_08.F.15_01,18,1244
next_HC,next,tai15_15_08.F.15_01,19,1246
next_HC,next,tai15_15_08.F.15_01,20,1229
next_HC,next,tai15_15_08.F.15_01,21,1268
next_HC,next,tai15_15_08.F.15_01,22,1260
next_HC,next,tai15_15_08.F.15_01,23,1268
next_HC,next,tai15_15_08.F.15_01,24,1257
next_HC,next,tai15_15_08.F.15_01,25,1270
next_HC,next,tai15_15_08.F.15_01,26,1249
next_HC,next,tai15_15_08.F.15_01,27,1254
next_HC,next,tai15_15_08.F.15_01,28,1238
next_HC,next,tai15_15_08.F.15_01,29,1234
next_HC,next,tai15_15_08.F.15_01,30,1236
next_HC,next,tai15_15_09.F.15_01,1,1306
next_HC,next,tai15_15_09.F.15_01,2,1320
next_HC,next,tai15_15_09.F.15_01,3,1340
next_HC,next,tai15_15_09.F.15_01,4,1305
next_HC,next,tai15_15_09.F.15_01,5,1305
next_HC,next,tai15_15_09.F.15_01,6,1301
next_HC,next,tai15_15_09.F.15_01,7,1305
next_HC,next,tai15_15_09.F.15_01,8,1337
next_HC,next,tai15_15_09.F.15_01,9,1320
next_HC,next,tai15_15_09.F.15_01,10,1321
next_HC,next,tai15_15_09.F.15_01,11,1330
next_HC,next,tai15_15_09.F.15_01,12,1305
next_HC,next,tai15_15_09.F.15_01,13,1320
next_HC,next,tai15_15_09.F.15_01,14,1305
next_HC,next,tai15_15_09.F.15_01,15,1338
next_HC,next,tai15_15_09.F.15_01,16,1301
next_HC,next,tai15_15_09.F.15_01,17,1343
next_HC,next,tai15_15_09.F.15_01,18,1326
next_HC,next,tai15_15_09.F.15_01,19,1331
next_HC,next,tai15_15_09.F.15_01,20,1305
next_HC,next,tai15_15_09.F.15_01,21,1338
next_HC,next,tai15_15_09.F.15_01,22,1305
next_HC,next,tai15_15_09.F.15_01,23,1318
next_HC,next,tai15_15_09.F.15_01,24,1320
next_HC,next,tai15_15_09.F.15_01,25,1305
next_HC,next,tai15_15_09.F.15_01,26,1329
next_HC,next,tai15_15_09.F.15_01,27,1356
next_HC,next,tai15_15_09.F.15_01,28,1322
next_HC,next,tai15_15_09.F.15_01,29,1324
next_HC,next,tai15_15_09.F.15_01,30,1355
next_HC,next,tai15_15_10.F.15_01,1,1263
next_HC,next,tai15_15_10.F.15_01,2,1272
next_HC,next,tai15_15_10.F.15_01,3,1302
next_HC,next,tai15_15_10.F.15_01,4,1292
next_HC,next,tai15_15_10.F.15_01,5,1302
next_HC,next,tai15_15_10.F.15_01,6,1292
next_HC,next,tai15_15_10.F.15_01,7,1302
next_HC,next,tai15_15_10.F.15_01,8,1263
next_HC,next,tai15_15_10.F.15_01,9,1243
next_HC,next,tai15_15_10.F.15_01,10,1279
next_HC,next,tai15_15_10.F.15_01,11,1295
next_HC,next,tai15_15_10.F.15_01,12,1295
next_HC,next,tai15_15_10.F.15_01,13,1302
next_HC,next,tai15_15_10.F.15_01,14,1265
next_HC,next,tai15_15_10.F.15_01,15,1243
next_HC,next,tai15_15_10.F.15_01,16,1302
next_HC,next,tai15_15_10.F.15_01,17,1292
next_HC,next,tai15_15_10.F.15_01,18,1292
next_HC,next,tai15_15_10.F.15_01,19,1302
next_HC,next,tai15_15_10.F.15_01,20,1301
next_HC,next,tai15_15_10.F.15_01,21,1264
next_HC,next,tai15_15_10.F.15_01,22,1279
next_HC,next,tai15_15_10.F.15_01,23,1294
next_HC,next,tai15_15_10.F.15_01,24,1305
next_HC,next,tai15_15_10.F.15_01,25,1279
next_HC,next,tai15_15_10.F.15_01,26,1297
next_HC,next,tai15_15_10.F.15_01,27,1302
next_HC,next,tai15_15_10.F.15_01,28,1305
next_HC,next,tai15_15_10.F.15_01,29,1302
next_HC,next,tai15_15_10.F.15_01,30,1302
next_HC,next,tai20_15_01.F.15_01,1,1432
next_HC,next,tai20_15_01.F.15_01,2,1437
next_HC,next,tai20_15_01.F.15_01,3,1439
next_HC,next,tai20_15_01.F.15_01,4,1422
next_HC,next,tai20_15_01.F.15_01,5,1420
next_HC,next,tai20_15_01.F.15_01,6,1460
next_HC,next,tai20_15_01.F.15_01,7,1414
next_HC,next,tai20_15_01.F.15_01,8,1409
next_HC,next,tai20_15_01.F.15_01,9,1432
next_HC,next,tai20_15_01.F.15_01,10,1454
next_HC,next,tai20_15_01.F.15_01,11,1433
next_HC,next,tai20_15_01.F.15_01,12,1446
next_HC,next,tai20_15_01.F.15_01,13,1435
next_HC,next,tai20_15_01.F.15_01,14,1427
next_HC,next,tai20_15_01.F.15_01,15,1420
next_HC,next,tai20_15_01.F.15_01,16,1431
next_HC,next,tai20_15_01.F.15_01,17,1422
next_HC,next,tai20_15_01.F.15_01,18,1406
next_HC,next,tai20_15_01.F.15_01,19,1418
next_HC,next,tai20_15_01.F.15_01,20,1426
next_HC,next,tai20_15_01.F.15_01,21,1436
next_HC,next,tai20_15_01.F.15_01,22,1414
next_HC,next,tai20_15_01.F.15_01,23,1444
next_HC,next,tai20_15_01.F.15_01,24,1416
next_HC,next,tai20_15_01.F.15_01,25,1432
next_HC,next,tai20_15_01.F.15_01,26,1442
next_HC,next,tai20_15_01.F.15_01,27,1448
next_HC,next,tai20_15_01.F.15_01,28,1434
next_HC,next,tai20_15_01.F.15_01,29,1454
next_HC,next,tai20_15_01.F.15_01,30,1429
next_HC,next,tai20_15_02.F.15_01,1,1390
next_HC,next,tai20_15_02.F.15_01,2,1429
next_HC,next,tai20_15_02.F.15_01,3,1435
next_HC,next,tai20_15_02.F.15_01,4,1429
next_HC,next,tai20_15_02.F.15_01,5,1399
next_HC,next,tai20_15_02.F.15_01,6,1424
next_HC,next,tai20_15_02.F.15_01,7,1424
next_HC,next,tai20_15_02.F.15_01,8,1424
next_HC,next,tai20_15_02.F.15_01,9,1442
next_HC,next,tai20_15_02.F.15_01,10,1429
next_HC,next,tai20_15_02.F.15_01,11,1415
next_HC,next,tai20_15_02.F.15_01,12,1403
next_HC,next,tai20_15_02.F.15_01,13,1411
next_HC,next,tai20_15_02.F.15_01,14,1407
next_HC,next,tai20_15_02.F.15_01,15,1407
next_HC,next,tai20_15_02.F.15_01,16,1429
next_HC,next,tai20_15_02.F.15_01,17,1425
next_HC,next,tai20_15_02.F.15_01,18,1414
next_HC,next,tai20_15_02.F.15_01,19,1392
next_HC,next,tai20_15_02.F.15_01,20,1408
next_HC,next,tai20_15_02.F.15_01,21,1405
next_HC,next,tai20_15_02.F.15_01,22,1434
next_HC,next,tai20_15_02.F.15_01,23,1390
next_HC,next,tai20_15_02.F.15_01,24,1429
next_HC,next,tai20_15_02.F.15_01,25,1406
next_HC,next,tai20_15_02.F.15_01,26,1436
next_HC,next,tai20_15_02.F.15_01,27,1412
next_HC,next,tai20_15_02.F.15_01,28,1435
next_HC,next,tai20_15_02.F.15_01,29,1440
next_HC,next,tai20_15_02.F.15_01,30,1414
next_HC,next,tai20_15_03.F.15_01,1,1418
next_HC,next,tai20_15_03.F.15_01,2,1398
next_HC,next,tai20_15_03.F.15_01,3,1418
next_HC,next,tai20_15_03.F.15_01,4,1403
next_HC,next,tai20_15_03.F.15_01,5,1409
next_HC,next,tai20_15_03.F.15_01,6,1406
next_HC,next,tai20_15_03.F.15_01,7,1409
next_HC,next,tai20_15_03.F.15_01,8,1415
next_HC,next,tai20_15_03.F.15_01,9,1406
next_HC,next,tai20_15_03.F.15_01,10,1425
next_HC,next,tai20_15_03.F.15_01,11,1426
next_HC,next,tai20_15_03.F.15_01,12,1419
next_HC,next,tai20_15_03.F.15_01,13,1414
next_HC,next,tai20_15_03.F.15_01,14,1411
next_HC,next,tai20_15_03.F.15_01,15,1401
next_HC,next,tai20_15_03.F.15_01,16,1407
next_HC,next,tai20_15_03.F.15_01,17,1424
next_HC,next,tai20_15_03.F.15_01,18,1439
next_HC,next,tai20_15_03.F.15_01,19,1396
next_HC,next,tai20_15_03.F.15_01,20,1403
next_HC,next,tai20_15_03.F.15_01,21,1423
next_HC,next,tai20_15_03.F.15_01,22,1410
next_HC,next,tai20_15_03.F.15_01,23,1441
next_HC,next,tai20_15_03.F.15_01,24,1424
next_HC,next,tai20_15_03.F.15_01,25,1417
next_HC,next,tai20_15_03.F.15_01,26,1412
next_HC,next,tai20_15_03.F.15_01,27,1400
next_HC,next,tai20_15_03.F.15_01,28,1433
next_HC,next,tai20_15_03.F.15_01,29,1435
next_HC,next,tai20_15_03.F.15_01,30,1424
next_HC,next,tai20_15_04.F.15_01,1,1365
next_HC,next,tai20_15_04.F.15_01,2,1391
next_HC,next,tai20_15_04.F.15_01,3,1370
next_HC,next,tai20_15_04.F.15_01,4,1380
next_HC,next,tai20_15_04.F.15_01,5,1381
next_HC,next,tai20_15_04.F.15_01,6,1390
next_HC,next,tai20_15_04.F.15_01,7,1388
next_HC,next,tai20_15_04.F.15_01,8,1366
next_HC,next,tai20_15_04.F.15_01,9,1370
next_HC,next,tai20_15_04.F.15_01,10,1395
next_HC,next,tai20_15_04.F.15_01,11,1401
next_HC,next,tai20_15_04.F.15_01,12,1379
next_HC,next,tai20_15_04.F.15_01,13,1377
next_HC,next,tai20_15_04.F.15_01,14,1367
next_HC,next,tai20_15_04.F.15_01,15,1376
next_HC,next,tai20_15_04.F.15_01,16,1369
next_HC,next,tai20_15_04.F.15_01,17,1374
next_HC,next,tai20_15_04.F.15_01,18,1369
next_HC,next,tai20_15_04.F.15_01,19,1384
next_HC,next,tai20_15_04.F.15_01,20,1377
next_HC,next,tai20_15_04.F.15_01,21,1376
next_HC,next,tai20_15_04.F.15_01,22,1390
next_HC,next,tai20_15_04.F.15_01,23,1369
next_HC,next,tai20_15_04.F.15_01,24,1389
next_HC,next,tai20_15_04.F.15_01,25,1377
next_HC,next,tai20_15_04.F.15_01,26,1370
next_HC,next,tai20_15_04.F.15_01,27,1390
next_HC,next,tai20_15_04.F.15_01,28,1390
next_HC,next,tai20_15_04.F.15_01,29,1389
next_HC,next,tai20_15_04.F.15_01,30,1384
next_HC,next,tai20_15_05.F.15_01,1,1413
next_HC,next,tai20_15_05.F.15_01,2,1391
next_HC,next,tai20_15_05.F.15_01,3,1432
next_HC,next,tai20_15_05.F.15_01,4,1434
next_HC,next,tai20_15_05.F.15_01,5,1398
next_HC,next,tai20_15_05.F.15_01,6,1418
next_HC,next,tai20_15_05.F.15_01,7,1406
next_HC,next,tai20_15_05.F.15_01,8,1400
next_HC,next,tai20_15_05.F.15_01,9,1398
next_HC,next,tai20_15_05.F.15_01,10,1417
next_HC,next,tai20_15_05.F.15_01,11,1411
next_HC,next,tai20_15_05.F.15_01,12,1423
next_HC,next,tai20_15_05.F.15_01,13,1406
next_HC,next,tai20_15_05.F.15_01,14,1396
next_HC,next,tai20_15_05.F.15_01,15,1387
next_HC,next,tai20_15_05.F.15_01,16,1417
next_HC,next,tai20_15_05.F.15_01,17,1398
next_HC,next,tai20_15_05.F.15_01,18,1401
next_HC,next,tai20_15_05.F.15_01,19,1411
next_HC,next,tai20_15_05.F.15_01,20,1383
next_HC,next,tai20_15_05.F.15_01,21,1395
next_HC,next,tai20_15_05.F.15_01,22,1394
next_HC,next,tai20_15_05.F.15_01,23,1395
next_HC,next,tai20_15_05.F.15_01,24,1389
next_HC,next,tai20_15_05.F.15_01,25,1409
next_HC,next,tai20_15_05.F.15_01,26,1402
next_HC,next,tai20_15_05.F.15_01,27,1426
next_HC,next,tai20_15_05.F.15_01,28,1399
next_HC,next,tai20_15_05.F.15_01,29,1431
next_HC,next,tai20_15_05.F.15_01,30,1398
next_HC,next,tai20_15_06.F.15_01,1,1413
next_HC,next,tai20_15_06.F.15_01,2,1459
next_HC,next,tai20_15_06.F.15_01,3,1422
next_HC,next,tai20_15_06.F.15_01,4,1433
next_HC,next,tai20_15_06.F.15_01,5,1425
next_HC,next,tai20_15_06.F.15_01,6,1417
next_HC,next,tai20_15_06.F.15_01,7,1477
next_HC,next,tai20_15_06.F.15_01,8,1453
next_HC,next,tai20_15_06.F.15_01,9,1422
next_HC,next,tai20_15_06.F.15_01,10,1436
next_HC,next,tai20_15_06.F.15_01,11,1426
next_HC,next,tai20_15_06.F.15_01,12,1438
next_HC,next,tai20_15_06.F.15_01,13,1444
next_HC,next,tai20_15_06.F.15_01,14,1442
next_HC,next,tai20_15_06.F.15_01,15,1439
next_HC,next,tai20_15_06.F.15_01,16,1448
next_HC,next,tai20_15_06.F.15_01,17,1411
next_HC,next,tai20_15_06.F.15_01,18,1424
next_HC,next,tai20_15_06.F.15_01,19,1409
next_HC,next,tai20_15_06.F.15_01,20,1442
next_HC,next,tai20_15_06.F.15_01,21,1446
next_HC,next,tai20_15_06.F.15_01,22,1475
next_HC,next,tai20_15_06.F.15_01,23,1448
next_HC,next,tai20_15_06.F.15_01,24,1479
next_HC,next,tai20_15_06.F.15_01,25,1404
next_HC,next,tai20_15_06.F.15_01,26,1445
next_HC,next,tai20_15_06.F.15_01,27,1423
next_HC,next,tai20_15_06.F.15_01,28,1456
next_HC,next,tai20_15_06.F.15_01,29,1464
next_HC,next,tai20_15_06.F.15_01,30,1414
next_HC,next,tai20_15_07.F.15_01,1,1545
next_HC,next,tai20_15_07.F.15_01,2,1554
next_HC,next,tai20_15_07.F.15_01,3,1518
next_HC,next,tai20_15_07.F.15_01,4,1562
next_HC,next,tai20_15_07.F.15_01,5,1508
next_HC,next,tai20_15_07.F.15_01,6,1518
next_HC,next,tai20_15_07.F.15_01,7,1535
next_HC,next,tai20_15_07.F.15_01,8,1551
next_HC,next,tai20_15_07.F.15_01,9,1562
next_HC,next,tai20_15_07.F.15_01,10,1518
next_HC,next,tai20_15_07.F.15_01,11,1535
next_HC,next,tai20_15_07.F.15_01,12,1518
next_HC,next,tai20_15_07.F.15_01,13,1538
next_HC,next,tai20_15_07.F.15_01,14,1556
next_HC,next,tai20_15_07.F.15_01,15,1565
next_HC,next,tai20_15_07.F.15_01,16,1520
next_HC,next,tai20_15_07.F.15_01,17,1524
next_HC,next,tai20_15_07.F.15_01,18,1549
next_HC,next,tai20_15_07.F.15_01,19,1498
next_HC,next,tai20_15_07.F.15_01,20,1519
next_HC,next,tai20_15_07.F.15_01,21,1534
next_HC,next,tai20_15_07.F.15_01,22,1550
next_HC,next,tai20_15_07.F.15_01,23,1503
next_HC,next,tai20_15_07.F.15_01,24,1535
next_HC,next,tai20_15_07.F.15_01,25,1545
next_HC,next,tai20_15_07.F.15_01,26,1530
next_HC,next,tai20_15_07.F.15_01,27,1534
next_HC,next,tai20_15_07.F.15_01,28,1520
next_HC,next,tai20_15_07.F.15_01,29,1532
next_HC,next,tai20_15_07.F.15_01,30,1545
next_HC,next,tai20_15_08.F.15_01,1,1496
next_HC,next,tai20_15_08.F.15_01,2,1488
next_HC,next,tai20_15_08.F.15_01,3,1492
next_HC,next,tai20_15_08.F.15_01,4,1471
next_HC,next,tai20_15_08.F.15_01,5,1514
next_HC,next,tai20_15_08.F.15_01,6,1490
next_HC,next,tai20_15_08.F.15_01,7,1498
next_HC,next,tai20_15_08.F.15_01,8,1493
next_HC,next,tai20_15_08.F.15_01,9,1442
next_HC,next,tai20_15_08.F.15_01,10,1464
next_HC,next,tai20_15_08.F.15_01,11,1474
next_HC,next,tai20_15_08.F.15_01,12,1491
next_HC,next,tai20_15_08.F.15_01,13,1505
next_HC,next,tai20_15_08.F.15_01,14,1493
next_HC,next,tai20_15_08.F.15_01,15,1477
next_HC,next,tai20_15_08.F.15_01,16,1490
next_HC,next,tai20_15_08.F.15_01,17,1497
next_HC,next,tai20_15_08.F.15_01,18,1479
next_HC,next,tai20_15_08.F.15_01,19,1472
next_HC,next,tai20_15_08.F.15_01,20,1479
next_HC,next,tai20_15_08.F.15_01,21,1505
next_HC,next,tai20_15_08.F.15_01,22,1486
next_HC,next,tai20_15_08.F.15_01,23,1483
next_HC,next,tai20_15_08.F.15_01,24,1495
next_HC,next,tai20_15_08.F.15_01,25,1499
next_HC,next,tai20_15_08.F.15_01,26,1485
next_HC,next,tai20_15_08.F.15_01,27,1488
next_HC,next,tai20_15_08.F.15_01,28,1504
next_HC,next,tai20_15_08.F.15_01,29,1495
next_HC,next,tai20_15_08.F.15_01,30,1472
next_HC,next,tai20_15_09.F.15_01,1,1446
next_HC,next,tai20_15_09.F.15_01,2,1397
next_HC,next,tai20_15_09.F.15_01,3,1413
next_HC,next,tai20_15_09.F.15_01,4,1442
next_HC,next,tai20_15_09.F.15_01,5,1423
next_HC,next,tai20_15_09.F.15_01,6,1432
next_HC,next,tai20_15_09.F.15_01,7,1421
next_HC,next,tai20_15_09.F.15_01,8,1429
next_HC,next,tai20_15_09.F.15_01,9,1418
next_HC,next,tai20_15_09.F.15_01,10,1404
next_HC,next,tai20_15_09.F.15_01,11,1441
next_HC,next,tai20_15_09.F.15_01,12,1419
next_HC,next,tai20_15_09.F.15_01,13,1422
next_HC,next,tai20_15_09.F.15_01,14,1394
next_HC,next,tai20_15_09.F.15_01,15,1410
next_HC,next,tai20_15_09.F.15_01,16,1417
next_HC,next,tai20_15_09.F.15_01,17,1420
next_HC,next,tai20_15_09.F.15_01,18,1383
next_HC,next,tai20_15_09.F.15_01,19,1429
next_HC,next,tai20_15_09.F.15_01,20,1427
next_HC,next,tai20_15_09.F.15_01,21,1414
next_HC,next,tai20_15_09.F.15_01,22,1434
next_HC,next,tai20_15_09.F.15_01,23,1414
next_HC,next,tai20_15_09.F.15_01,24,1421
next_HC,next,tai20_15_09.F.15_01,25,1441
next_HC,next,tai20_15_09.F.15_01,26,1431
next_HC,next,tai20_15_09.F.15_01,27,1438
next_HC,next,tai20_15_09.F.15_01,28,1417
next_HC,next,tai20_15_09.F.15_01,29,1410
next_HC,next,tai20_15_09.F.15_01,30,1400
next_HC,next,tai20_15_10.F.15_01,1,1417
next_HC,next,tai20_15_10.F.15_01,2,1427
next_HC,next,tai20_15_10.F.15_01,3,1447
next_HC,next,tai20_15_10.F.15_01,4,1420
next_HC,next,tai20_15_10.F.15_01,5,1406
next_HC,next,tai20_15_10.F.15_01,6,1428
next_HC,next,tai20_15_10.F.15_01,7,1415
next_HC,next,tai20_15_10.F.15_01,8,1431
next_HC,next,tai20_15_10.F.15_01,9,1415
next_HC,next,tai20_15_10.F.15_01,10,1396
next_HC,next,tai20_15_10.F.15_01,11,1418
next_HC,next,tai20_15_10.F.15_01,12,1427
next_HC,next,tai20_15_10.F.15_01,13,1414
next_HC,next,tai20_15_10.F.15_01,14,1456
next_HC,next,tai20_15_10.F.15_01,15,1413
next_HC,next,tai20_15_10.F.15_01,16,1415
next_HC,next,tai20_15_10.F.15_01,17,1433
next_HC,next,tai20_15_10.F.15_01,18,1433
next_HC,next,tai20_15_10.F.15_01,19,1425
next_HC,next,tai20_15_10.F.15_01,20,1406
next_HC,next,tai20_15_10.F.15_01,21,1425
next_HC,next,tai20_15_10.F.15_01,22,1404
next_HC,next,tai20_15_10.F.15_01,23,1425
next_HC,next,tai20_15_10.F.15_01,24,1424
next_HC,next,tai20_15_10.F.15_01,25,1417
next_HC,next,tai20_15_10.F.15_01,26,1424
next_HC,next,tai20_15_10.F.15_01,27,1400
next_HC,next,tai20_15_10.F.15_01,28,1418
next_HC,next,tai20_15_10.F.15_01,29,1427
next_HC,next,tai20_15_10.F.15_01,30,1401
next_HC,next,tai20_20_01.F.15_01,1,1699
next_HC,next,tai20_20_01.F.15_01,2,1716
next_HC,next,tai20_20_01.F.15_01,3,1691
next_HC,next,tai20_20_01.F.15_01,4,1712
next_HC,next,tai20_20_01.F.15_01,5,1732
next_HC,next,tai20_20_01.F.15_01,6,1782
next_HC,next,tai20_20_01.F.15_01,7,1724
next_HC,next,tai20_20_01.F.15_01,8,1696
next_HC,next,tai20_20_01.F.15_01,9,1738
next_HC,next,tai20_20_01.F.15_01,10,1689
next_HC,next,tai20_20_01.F.15_01,11,1709
next_HC,next,tai20_20_01.F.15_01,12,1719
next_HC,next,tai20_20_01.F.15_01,13,1702
next_HC,next,tai20_20_01.F.15_01,14,1727
next_HC,next,tai20_20_01.F.15_01,15,1713
next_HC,next,tai20_20_01.F.15_01,16,1715
next_HC,next,tai20_20_01.F.15_01,17,1711
next_HC,next,tai20_20_01.F.15_01,18,1749
next_HC,next,tai20_20_01.F.15_01,19,1699
next_HC,next,tai20_20_01.F.15_01,20,1732
next_HC,next,tai20_20_01.F.15_01,21,1709
next_HC,next,tai20_20_01.F.15_01,22,1709
next_HC,next,tai20_20_01.F.15_01,23,1744
next_HC,next,tai20_20_01.F.15_01,24,1740
next_HC,next,tai20_20_01.F.15_01,25,1724
next_HC,next,tai20_20_01.F.15_01,26,1725
next_HC,next,tai20_20_01.F.15_01,27,1719
next_HC,next,tai20_20_01.F.15_01,28,1713
next_HC,next,tai20_20_01.F.15_01,29,1707
next_HC,next,tai20_20_01.F.15_01,30,1721
next_HC,next,tai20_20_02.F.15_01,1,1676
next_HC,next,tai20_20_02.F.15_01,2,1665
next_HC,next,tai20_20_02.F.15_01,3,1681
next_HC,next,tai20_20_02.F.15_01,4,1663
next_HC,next,tai20_20_02.F.15_01,5,1683
next_HC,next,tai20_20_02.F.15_01,6,1655
next_HC,next,tai20_20_02.F.15_01,7,1700
next_HC,next,tai20_20_02.F.15_01,8,1658
next_HC,next,tai20_20_02.F.15_01,9,1698
next_HC,next,tai20_20_02.F.15_01,10,1673
next_HC,next,tai20_20_02.F.15_01,11,1696
next_HC,next,tai20_20_02.F.15_01,12,1691
next_HC,next,tai20_20_02.F.15_01,13,1707
next_HC,next,tai20_20_02.F.15_01,14,1655
next_HC,next,tai20_20_02.F.15_01,15,1691
next_HC,next,tai20_20_02.F.15_01,16,1671
next_HC,next,tai20_20_02.F.15_01,17,1675
next_HC,next,tai20_20_02.F.15_01,18,1667
next_HC,next,tai20_20_02.F.15_01,19,1679
next_HC,next,tai20_20_02.F.15_01,20,1651
next_HC,next,tai20_20_02.F.15_01,21,1658
next_HC,next,tai20_20_02.F.15_01,22,1684
next_HC,next,tai20_20_02.F.15_01,23,1662
next_HC,next,tai20_20_02.F.15_01,24,1673
next_HC,next,tai20_20_02.F.15_01,25,1701
next_HC,next,tai20_20_02.F.15_01,26,1669
next_HC,next,tai20_20_02.F.15_01,27,1664
next_HC,next,tai20_20_02.F.15_01,28,1685
next_HC,next,tai20_20_02.F.15_01,29,1670
next_HC,next,tai20_20_02.F.15_01,30,1689
next_HC,next,tai20_20_03.F.15_01,1,1642
next_HC,next,tai20_20_03.F.15_01,2,1616
next_HC,next,tai20_20_03.F.15_01,3,1665
next_HC,next,tai20_20_03.F.15_01,4,1628
next_HC,next,tai20_20_03.F.15_01,5,1616
next_HC,next,tai20_20_03.F.15_01,6,1651
next_HC,next,tai20_20_03.F.15_01,7,1622
next_HC,next,tai20_20_03.F.15_01,8,1617
next_HC,next,tai20_20_03.F.15_01,9,1678
next_HC,next,tai20_20_03.F.15_01,10,1640
next_HC,next,tai20_20_03.F.15_01,11,1664
next_HC,next,tai20_20_03.F.15_01,12,1665
next_HC,next,tai20_20_03.F.15_01,13,1638
next_HC,next,tai20_20_03.F.15_01,14,1664
next_HC,next,tai20_20_03.F.15_01,15,1662
next_HC,next,tai20_20_03.F.15_01,16,1653
next_HC,next,tai20_20_03.F.15_01,17,1640
next_HC,next,tai20_20_03.F.15_01,18,1640
next_HC,next,tai20_20_03.F.15_01,19,1636
next_HC,next,tai20_20_03.F.15_01,20,1686
next_HC,next,tai20_20_03.F.15_01,21,1679
next_HC,next,tai20_20_03.F.15_01,22,1653
next_HC,next,tai20_20_03.F.15_01,23,1646
next_HC,next,tai20_20_03.F.15_01,24,1660
next_HC,next,tai20_20_03.F.15_01,25,1659
next_HC,next,tai20_20_03.F.15_01,26,1645
next_HC,next,tai20_20_03.F.15_01,27,1625
next_HC,next,tai20_20_03.F.15_01,28,1645
next_HC,next,tai20_20_03.F.15_01,29,1674
next_HC,next,tai20_20_03.F.15_01,30,1640
next_HC,next,tai20_20_04.F.15_01,1,1731
next_HC,next,tai20_20_04.F.15_01,2,1757
next_HC,next,tai20_20_04.F.15_01,3,1737
next_HC,next,tai20_20_04.F.15_01,4,1735
next_HC,next,tai20_20_04.F.15_01,5,1746
next_HC,next,tai20_20_04.F.15_01,6,1746
next_HC,next,tai20_20_04.F.15_01,7,1728
next_HC,next,tai20_20_04.F.15_01,8,1688
next_HC,next,tai20_20_04.F.15_01,9,1718
next_HC,next,tai20_20_04.F.15_01,10,1732
next_HC,next,tai20_20_04.F.15_01,11,1727
next_HC,next,tai20_20_04.F.15_01,12,1736
next_HC,next,tai20_20_04.F.15_01,13,1791
next_HC,next,tai20_20_04.F.15_01,14,1749
next_HC,next,tai20_20_04.F.15_01,15,1698
next_HC,next,tai20_20_04.F.15_01,16,1749
next_HC,next,tai20_20_04.F.15_01,17,1768
next_HC,next,tai20_20_04.F.15_01,18,1740
next_HC,next,tai20_20_04.F.15_01,19,1731
next_HC,next,tai20_20_04.F.15_01,20,1710
next_HC,next,tai20_20_04.F.15_01,21,1758
next_HC,next,tai20_20_04.F.15_01,22,1743
next_HC,next,tai20_20_04.F.15_01,23,1725
next_HC,next,tai20_20_04.F.15_01,24,1710
next_HC,next,tai20_20_04.F.15_01,25,1710
next_HC,next,tai20_20_04.F.15_01,26,1761
next_HC,next,tai20_20_04.F.15_01,27,1746
next_HC,next,tai20_20_04.F.15_01,28,1739
next_HC,next,tai20_20_04.F.15_01,29,1757
next_HC,next,tai20_20_04.F.15_01,30,1689
next_HC,next,tai20_20_05.F.15_01,1,1700
next_HC,next,tai20_20_05.F.15_01,2,1667
next_HC,next,tai20_20_05.F.15_01,3,1678
next_HC,next,tai20_20_05.F.15_01,4,1697
next_HC,next,tai20_20_05.F.15_01,5,1666
next_HC,next,tai20_20_05.F.15_01,6,1652
next_HC,next,tai20_20_05.F.15_01,7,1665
next_HC,next,tai20_20_05.F.15_01,8,1692
next_HC,next,tai20_20_05.F.15_01,9,1693
next_HC,next,tai20_20_05.F.15_01,10,1710
next_HC,next,tai20_20_05.F.15_01,11,1720
next_HC,next,tai20_20_05.F.15_01,12,1710
next_HC,next,tai20_20_05.F.15_01,13,1719
next_HC,next,tai20_20_05.F.15_01,14,1748
next_HC,next,tai20_20_05.F.15_01,15,1685
next_HC,next,tai20_20_05.F.15_01,16,1671
next_HC,next,tai20_20_05.F.15_01,17,1687
next_HC,next,tai20_20_05.F.15_01,18,1708
next_HC,next,tai20_20_05.F.15_01,19,1677
next_HC,next,tai20_20_05.F.15_01,20,1643
next_HC,next,tai20_20_05.F.15_01,21,1687
next_HC,next,tai20_20_05.F.15_01,22,1712
next_HC,next,tai20_20_05.F.15_01,23,1674
next_HC,next,tai20_20_05.F.15_01,24,1672
next_HC,next,tai20_20_05.F.15_01,25,1689
next_HC,next,tai20_20_05.F.15_01,26,1676
next_HC,next,tai20_20_05.F.15_01,27,1702
next_HC,next,tai20_20_05.F.15_01,28,1680
next_HC,next,tai20_20_05.F.15_01,29,1673
next_HC,next,tai20_20_05.F.15_01,30,1701
next_HC,next,tai20_20_06.F.15_01,1,1744
next_HC,next,tai20_20_06.F.15_01,2,1720
next_HC,next,tai20_20_06.F.15_01,3,1734
next_HC,next,tai20_20_06.F.15_01,4,1723
next_HC,next,tai20_20_06.F.15_01,5,1729
next_HC,next,tai20_20_06.F.15_01,6,1725
next_HC,next,tai20_20_06.F.15_01,7,1704
next_HC,next,tai20_20_06.F.15_01,8,1731
next_HC,next,tai20_20_06.F.15_01,9,1697
next_HC,next,tai20_20_06.F.15_01,10,1716
next_HC,next,tai20_20_06.F.15_01,11,1740
next_HC,next,tai20_20_06.F.15_01,12,1723
next_HC,next,tai20_20_06.F.15_01,13,1726
next_HC,next,tai20_20_06.F.15_01,14,1725
next_HC,next,tai20_20_06.F.15_01,15,1730
next_HC,next,tai20_20_06.F.15_01,16,1731
next_HC,next,tai20_20_06.F.15_01,17,1711
next_HC,next,tai20_20_06.F.15_01,18,1738
next_HC,next,tai20_20_06.F.15_01,19,1728
next_HC,next,tai20_20_06.F.15_01,20,1740
next_HC,next,tai20_20_06.F.15_01,21,1703
next_HC,next,tai20_20_06.F.15_01,22,1763
next_HC,next,tai20_20_06.F.15_01,23,1774
next_HC,next,tai20_20_06.F.15_01,24,1740
next_HC,next,tai20_20_06.F.15_01,25,1732
next_HC,next,tai20_20_06.F.15_01,26,1763
next_HC,next,tai20_20_06.F.15_01,27,1719
next_HC,next,tai20_20_06.F.15_01,28,1733
next_HC,next,tai20_20_06.F.15_01,29,1716
next_HC,next,tai20_20_06.F.15_01,30,1728
next_HC,next,tai20_20_07.F.15_01,1,1780
next_HC,next,tai20_20_07.F.15_01,2,1738
next_HC,next,tai20_20_07.F.15_01,3,1763
next_HC,next,tai20_20_07.F.15_01,4,1766
next_HC,next,tai20_20_07.F.15_01,5,1752
next_HC,next,tai20_20_07.F.15_01,6,1757
next_HC,next,tai20_20_07.F.15_01,7,1747
next_HC,next,tai20_20_07.F.15_01,8,1801
next_HC,next,tai20_20_07.F.15_01,9,1752
next_HC,next,tai20_20_07.F.15_01,10,1738
next_HC,next,tai20_20_07.F.15_01,11,1737
next_HC,next,tai20_20_07.F.15_01,12,1768
next_HC,next,tai20_20_07.F.15_01,13,1746
next_HC,next,tai20_20_07.F.15_01,14,1770
next_HC,next,tai20_20_07.F.15_01,15,1764
next_HC,next,tai20_20_07.F.15_01,16,1753
next_HC,next,tai20_20_07.F.15_01,17,1753
next_HC,next,tai20_20_07.F.15_01,18,1754
next_HC,next,tai20_20_07.F.15_01,19,1771
next_HC,next,tai20_20_07.F.15_01,20,1742
next_HC,next,tai20_20_07.F.15_01,21,1816
next_HC,next,tai20_20_07.F.15_01,22,1761
next_HC,next,tai20_20_07.F.15_01,23,1770
next_HC,next,tai20_20_07.F.15_01,24,1796
next_HC,next,tai20_20_07.F.15_01,25,1738
next_HC,next,tai20_20_07.F.15_01,26,1783
next_HC,next,tai20_20_07.F.15_01,27,1767
next_HC,next,tai20_20_07.F.15_01,28,1783
next_HC,next,tai20_20_07.F.15_01,29,1760
next_HC,next,tai20_20_07.F.15_01,30,1733
next_HC,next,tai20_20_08.F.15_01,1,1644
next_HC,next,tai20_20_08.F.15_01,2,1695
next_HC,next,tai20_20_08.F.15_01,3,1678
next_HC,next,tai20_20_08.F.15_01,4,1683
next_HC,next,tai20_20_08.F.15_01,5,1664
next_HC,next,tai20_20_08.F.15_01,6,1681
next_HC,next,tai20_20_08.F.15_01,7,1671
next_HC,next,tai20_20_08.F.15_01,8,1690
next_HC,next,tai20_20_08.F.15_01,9,1682
next_HC,next,tai20_20_08.F.15_01,10,1679
next_HC,next,tai20_20_08.F.15_01,11,1668
next_HC,next,tai20_20_08.F.15_01,12,1656
next_HC,next,tai20_20_08.F.15_01,13,1698
next_HC,next,tai20_20_08.F.15_01,14,1680
next_HC,next,tai20_20_08.F.15_01,15,1699
next_HC,next,tai20_20_08.F.15_01,16,1668
next_HC,next,tai20_20_08.F.15_01,17,1686
next_HC,next,tai20_20_08.F.15_01,18,1650
next_HC,next,tai20_20_08.F.15_01,19,1676
next_HC,next,tai20_20_08.F.15_01,20,1695
next_HC,next,tai20_20_08.F.15_01,21,1682
next_HC,next,tai20_20_08.F.15_01,22,1669
next_HC,next,tai20_20_08.F.15_01,23,1644
next_HC,next,tai20_20_08.F.15_01,24,1692
next_HC,next,tai20_20_08.F.15_01,25,1675
next_HC,next,tai20_20_08.F.15_01,26,1685
next_HC,next,tai20_20_08.F.15_01,27,1663
next_HC,next,tai20_20_08.F.15_01,28,1692
next_HC,next,tai20_20_08.F.15_01,29,1686
next_HC,next,tai20_20_08.F.15_01,30,1658
next_HC,next,tai20_20_09.F.15_01,1,1683
next_HC,next,tai20_20_09.F.15_01,2,1665
next_HC,next,tai20_20_09.F.15_01,3,1681
next_HC,next,tai20_20_09.F.15_01,4,1668
next_HC,next,tai20_20_09.F.15_01,5,1692
next_HC,next,tai20_20_09.F.15_01,6,1653
next_HC,next,tai20_20_09.F.15_01,7,1656
next_HC,next,tai20_20_09.F.15_01,8,1676
next_HC,next,tai20_20_09.F.15_01,9,1656
next_HC,next,tai20_20_09.F.15_01,10,1695
next_HC,next,tai20_20_09.F.15_01,11,1678
next_HC,next,tai20_20_09.F.15_01,12,1696
next_HC,next,tai20_20_09.F.15_01,13,1687
next_HC,next,tai20_20_09.F.15_01,14,1700
next_HC,next,tai20_20_09.F.15_01,15,1706
next_HC,next,tai20_20_09.F.15_01,16,1687
next_HC,next,tai20_20_09.F.15_01,17,1669
next_HC,next,tai20_20_09.F.15_01,18,1671
next_HC,next,tai20_20_09.F.15_01,19,1691
next_HC,next,tai20_20_09.F.15_01,20,1677
next_HC,next,tai20_20_09.F.15_01,21,1678
next_HC,next,tai20_20_09.F.15_01,22,1669
next_HC,next,tai20_20_09.F.15_01,23,1669
next_HC,next,tai20_20_09.F.15_01,24,1682
next_HC,next,tai20_20_09.F.15_01,25,1683
next_HC,next,tai20_20_09.F.15_01,26,1676
next_HC,next,tai20_20_09.F.15_01,27,1724
next_HC,next,tai20_20_09.F.15_01,28,1702
next_HC,next,tai20_20_09.F.15_01,29,1679
next_HC,next,tai20_20_09.F.15_01,30,1698
next_HC,next,tai20_20_10.F.15_01,1,1651
next_HC,next,tai20_20_10.F.15_01,2,1657
next_HC,next,tai20_20_10.F.15_01,3,1658
next_HC,next,tai20_20_10.F.15_01,4,1703
next_HC,next,tai20_20_10.F.15_01,5,1666
next_HC,next,tai20_20_10.F.15_01,6,1670
next_HC,next,tai20_20_10.F.15_01,7,1666
next_HC,next,tai20_20_10.F.15_01,8,1679
next_HC,next,tai20_20_10.F.15_01,9,1664
next_HC,next,tai20_20_10.F.15_01,10,1674
next_HC,next,tai20_20_10.F.15_01,11,1638
next_HC,next,tai20_20_10.F.15_01,12,1652
next_HC,next,tai20_20_10.F.15_01,13,1646
next_HC,next,tai20_20_10.F.15_01,14,1663
next_HC,next,tai20_20_10.F.15_01,15,1670
next_HC,next,tai20_20_10.F.15_01,16,1663
next_HC,next,tai20_20_10.F.15_01,17,1657
next_HC,next,tai20_20_10.F.15_01,18,1682
next_HC,next,tai20_20_10.F.15_01,19,1671
next_HC,next,tai20_20_10.F.15_01,20,1666
next_HC,next,tai20_20_10.F.15_01,21,1671
next_HC,next,tai20_20_10.F.15_01,22,1662
next_HC,next,tai20_20_10.F.15_01,23,1667
next_HC,next,tai20_20_10.F.15_01,24,1661
next_HC,next,tai20_20_10.F.15_01,25,1668
next_HC,next,tai20_20_10.F.15_01,26,1631
next_HC,next,tai20_20_10.F.15_01,27,1658
next_HC,next,tai20_20_10.F.15_01,28,1649
next_HC,next,tai20_20_10.F.15_01,29,1671
next_HC,next,tai20_20_10.F.15_01,30,1652
next_HC,next,tai30_15_01.F.15_01,1,1881
next_HC,next,tai30_15_01.F.15_01,2,1884
next_HC,next,tai30_15_01.F.15_01,3,1835
next_HC,next,tai30_15_01.F.15_01,4,1851
next_HC,next,tai30_15_01.F.15_01,5,1897
next_HC,next,tai30_15_01.F.15_01,6,1846
next_HC,next,tai30_15_01.F.15_01,7,1846
next_HC,next,tai30_15_01.F.15_01,8,1841
next_HC,next,tai30_15_01.F.15_01,9,1839
next_HC,next,tai30_15_01.F.15_01,10,1859
next_HC,next,tai30_15_01.F.15_01,11,1893
next_HC,next,tai30_15_01.F.15_01,12,1848
next_HC,next,tai30_15_01.F.15_01,13,1882
next_HC,next,tai30_15_01.F.15_01,14,1864
next_HC,next,tai30_15_01.F.15_01,15,1859
next_HC,next,tai30_15_01.F.15_01,16,1840
next_HC,next,tai30_15_01.F.15_01,17,1862
next_HC,next,tai30_15_01.F.15_01,18,1836
next_HC,next,tai30_15_01.F.15_01,19,1853
next_HC,next,tai30_15_01.F.15_01,20,1885
next_HC,next,tai30_15_01.F.15_01,21,1858
next_HC,next,tai30_15_01.F.15_01,22,1877
next_HC,next,tai30_15_01.F.15_01,23,1855
next_HC,next,tai30_15_01.F.15_01,24,1845
next_HC,next,tai30_15_01.F.15_01,25,1853
next_HC,next,tai30_15_01.F.15_01,26,1853
next_HC,next,tai30_15_01.F.15_01,27,1841
next_HC,next,tai30_15_01.F.15_01,28,1852
next_HC,next,tai30_15_01.F.15_01,29,1838
next_HC,next,tai30_15_01.F.15_01,30,1898
next_HC,next,tai30_15_02.F.15_01,1,1938
next_HC,next,tai30_15_02.F.15_01,2,1951
next_HC,next,tai30_15_02.F.15_01,3,1935
next_HC,next,tai30_15_02.F.15_01,4,1938
next_HC,next,tai30_15_02.F.15_01,5,2026
next_HC,next,tai30_15_02.F.15_01,6,1964
next_HC,next,tai30_15_02.F.15_01,7,1948
next_HC,next,tai30_15_02.F.15_01,8,1930
next_HC,next,tai30_15_02.F.15_01,9,1926
next_HC,next,tai30_15_02.F.15_01,10,1948
next_HC,next,tai30_15_02.F.15_01,11,1983
next_HC,next,tai30_15_02.F.15_01,12,1976
next_HC,next,tai30_15_02.F.15_01,13,1937
next_HC,next,tai30_15_02.F.15_01,14,1940
next_HC,next,tai30_15_02.F.15_01,15,1946
next_HC,next,tai30_15_02.F.15_01,16,1955
next_HC,next,tai30_15_02.F.15_01,17,1965
next_HC,next,tai30_15_02.F.15_01,18,1944
next_HC,next,tai30_15_02.F.15_01,19,1954
next_HC,next,tai30_15_02.F.15_01,20,1980
next_HC,next,tai30_15_02.F.15_01,21,1944
next_HC,next,tai30_15_02.F.15_01,22,1957
next_HC,next,tai30_15_02.F.15_01,23,1884
next_HC,next,tai30_15_02.F.15_01,24,1934
next_HC,next,tai30_15_02.F.15_01,25,1976
next_HC,next,tai30_15_02.F.15_01,26,1955
next_HC,next,tai30_15_02.F.15_01,27,1949
next_HC,next,tai30_15_02.F.15_01,28,1920
next_HC,next,tai30_15_02.F.15_01,29,1944
next_HC,next,tai30_15_02.F.15_01,30,1937
next_HC,next,tai30_15_03.F.15_01,1,1949
next_HC,next,tai30_15_03.F.15_01,2,1925
next_HC,next,tai30_15_03.F.15_01,3,1909
next_HC,next,tai30_15_03.F.15_01,4,1909
next_HC,next,tai30_15_03.F.15_01,5,1950
next_HC,next,tai30_15_03.F.15_01,6,1945
next_HC,next,tai30_15_03.F.15_01,7,1953
next_HC,next,tai30_15_03.F.15_01,8,1946
next_HC,next,tai30_15_03.F.15_01,9,1926
next_HC,next,tai30_15_03.F.15_01,10,1931
next_HC,next,tai30_15_03.F.15_01,11,1950
next_HC,next,tai30_15_03.F.15_01,12,1928
next_HC,next,tai30_15_03.F.15_01,13,1980
next_HC,next,tai30_15_03.F.15_01,14,1925
next_HC,next,tai30_15_03.F.15_01,15,1923
next_HC,next,tai30_15_03.F.15_01,16,1914
next_HC,next,tai30_15_03.F.15_01,17,1952
next_HC,next,tai30_15_03.F.15_01,18,1949
next_HC,next,tai30_15_03.F.15_01,19,1890
next_HC,next,tai30_15_03.F.15_01,20,1941
next_HC,next,tai30_15_03.F.15_01,21,1942
next_HC,next,tai30_15_03.F.15_01,22,1965
next_HC,next,tai30_15_03.F.15_01,23,1944
next_HC,next,tai30_15_03.F.15_01,24,1998
next_HC,next,tai30_15_03.F.15_01,25,1937
next_HC,next,tai30_15_03.F.15_01,26,1976
next_HC,next,tai30_15_03.F.15_01,27,1952
next_HC,next,tai30_15_03.F.15_01,28,1961
next_HC,next,tai30_15_03.F.15_01,29,1950
next_HC,next,tai30_15_03.F.15_01,30,1906
next_HC,next,tai30_15_04.F.15_01,1,1954
next_HC,next,tai30_15_04.F.15_01,2,1950
next_HC,next,tai30_15_04.F.15_01,3,1953
next_HC,next,tai30_15_04.F.15_01,4,1967
next_HC,next,tai30_15_04.F.15_01,5,1955
next_HC,next,tai30_15_04.F.15_01,6,1960
next_HC,next,tai30_15_04.F.15_01,7,1971
next_HC,next,tai30_15_04.F.15_01,8,1984
next_HC,next,tai30_15_04.F.15_01,9,1948
next_HC,next,tai30_15_04.F.15_01,10,1950
next_HC,next,tai30_15_04.F.15_01,11,1972
next_HC,next,tai30_15_04.F.15_01,12,1944
next_HC,next,tai30_15_04.F.15_01,13,1942
next_HC,next,tai30_15_04.F.15_01,14,1948
next_HC,next,tai30_15_04.F.15_01,15,1970
next_HC,next,tai30_15_04.F.15_01,16,1973
next_HC,next,tai30_15_04.F.15_01,17,1940
next_HC,next,tai30_15_04.F.15_01,18,1968
next_HC,next,tai30_15_04.F.15_01,19,1959
next_HC,next,tai30_15_04.F.15_01,20,1987
next_HC,next,tai30_15_04.F.15_01,21,1933
next_HC,next,tai30_15_04.F.15_01,22,1930
next_HC,next,tai30_15_04.F.15_01,23,1946
next_HC,next,tai30_15_04.F.15_01,24,1945
next_HC,next,tai30_15_04.F.15_01,25,1957
next_HC,next,tai30_15_04.F.15_01,26,1951
next_HC,next,tai30_15_04.F.15_01,27,1932
next_HC,next,tai30_15_04.F.15_01,28,1966
next_HC,next,tai30_15_04.F.15_01,29,1951
next_HC,next,tai30_15_04.F.15_01,30,1986
next_HC,next,tai30_15_05.F.15_01,1,2038
next_HC,next,tai30_15_05.F.15_01,2,2029
next_HC,next,tai30_15_05.F.15_01,3,2029
next_HC,next,tai30_15_05.F.15_01,4,2046
next_HC,next,tai30_15_05.F.15_01,5,2023
next_HC,next,tai30_15_05.F.15_01,6,2033
next_HC,next,tai30_15_05.F.15_01,7,2040
next_HC,next,tai30_15_05.F.15_01,8,2078
next_HC,next,tai30_15_05.F.15_01,9,2015
next_HC,next,tai30_15_05.F.15_01,10,2058
next_HC,next,tai30_15_05.F.15_01,11,2048
next_HC,next,tai30_15_05.F.15_01,12,2048
next_HC,next,tai30_15_05.F.15_01,13,2014
next_HC,next,tai30_15_05.F.15_01,14,2018
next_HC,next,tai30_15_05.F.15_01,15,2029
next_HC,next,tai30_15_05.F.15_01,16,2058
next_HC,next,tai30_15_05.F.15_01,17,2007
next_HC,next,tai30_15_05.F.15_01,18,2048
next_HC,next,tai30_15_05.F.15_01,19,2056
next_HC,next,tai30_15_05.F.15_01,20,2058
next_HC,next,tai30_15_05.F.15_01,21,2058
next_HC,next,tai30_15_05.F.15_01,22,2082
next_HC,next,tai30_15_05.F.15_01,23,2072
next_HC,next,tai30_15_05.F.15_01,24,2048
next_HC,next,tai30_15_05.F.15_01,25,2049
next_HC,next,tai30_15_05.F.15_01,26,2029
next_HC,next,tai30_15_05.F.15_01,27,2078
next_HC,next,tai30_15_05.F.15_01,28,2076
next_HC,next,tai30_15_05.F.15_01,29,2027
next_HC,next,tai30_15_05.F.15_01,30,2019
next_HC,next,tai30_15_06.F.15_01,1,1934
next_HC,next,tai30_15_06.F.15_01,2,1964
next_HC,next,tai30_15_06.F.15_01,3,1921
next_HC,next,tai30_15_06.F.15_01,4,1927
next_HC,next,tai30_15_06.F.15_01,5,1908
next_HC,next,tai30_15_06.F.15_01,6,1926
next_HC,next,tai30_15_06.F.15_01,7,1962
next_HC,next,tai30_15_06.F.15_01,8,1962
next_HC,next,tai30_15_06.F.15_01,9,1934
next_HC,next,tai30_15_06.F.15_01,10,1927
next_HC,next,tai30_15_06.F.15_01,11,1943
next_HC,next,tai30_15_06.F.15_01,12,1917
next_HC,next,tai30_15_06.F.15_01,13,1899
next_HC,next,tai30_15_06.F.15_01,14,1914
next_HC,next,tai30_15_06.F.15_01,15,1935
next_HC,next,tai30_15_06.F.15_01,16,1926
next_HC,next,tai30_15_06.F.15_01,17,1928
next_HC,next,tai30_15_06.F.15_01,18,1955
next_HC,next,tai30_15_06.F.15_01,19,1958
next_HC,next,tai30_15_06.F.15_01,20,1971
next_HC,next,tai30_15_06.F.15_01,21,1979
next_HC,next,tai30_15_06.F.15_01,22,1961
next_HC,next,tai30_15_06.F.15_01,23,1902
next_HC,next,tai30_15_06.F.15_01,24,1923
next_HC,next,tai30_15_06.F.15_01,25,1960
next_HC,next,tai30_15_06.F.15_01,26,1956
next_HC,next,tai30_15_06.F.15_01,27,1937
next_HC,next,tai30_15_06.F.15_01,28,1933
next_HC,next,tai30_15_06.F.15_01,29,1957
next_HC,next,tai30_15_06.F.15_01,30,1965
next_HC,next,tai30_15_07.F.15_01,1,1931
next_HC,next,tai30_15_07.F.15_01,2,1905
next_HC,next,tai30_15_07.F.15_01,3,1908
next_HC,next,tai30_15_07.F.15_01,4,1896
next_HC,next,tai30_15_07.F.15_01,5,1929
next_HC,next,tai30_15_07.F.15_01,6,1842
next_HC,next,tai30_15_07.F.15_01,7,1874
next_HC,next,tai30_15_07.F.15_01,8,1930
next_HC,next,tai30_15_07.F.15_01,9,1868
next_HC,next,tai30_15_07.F.15_01,10,1928
next_HC,next,tai30_15_07.F.15_01,11,1900
next_HC,next,tai30_15_07.F.15_01,12,1889
next_HC,next,tai30_15_07.F.15_01,13,1893
next_HC,next,tai30_15_07.F.15_01,14,1884
next_HC,next,tai30_15_07.F.15_01,15,1887
next_HC,next,tai30_15_07.F.15_01,16,1894
next_HC,next,tai30_15_07.F.15_01,17,1946
next_HC,next,tai30_15_07.F.15_01,18,1903
next_HC,next,tai30_15_07.F.15_01,19,1918
next_HC,next,tai30_15_07.F.15_01,20,1872
next_HC,next,tai30_15_07.F.15_01,21,1932
next_HC,next,tai30_15_07.F.15_01,22,1893
next_HC,next,tai30_15_07.F.15_01,23,1904
next_HC,next,tai30_15_07.F.15_01,24,1962
next_HC,next,tai30_15_07.F.15_01,25,1888
next_HC,next,tai30_15_07.F.15_01,26,1900
next_HC,next,tai30_15_07.F.15_01,27,1900
next_HC,next,tai30_15_07.F.15_01,28,1858
next_HC,next,tai30_15_07.F.15_01,29,1877
next_HC,next,tai30_15_07.F.15_01,30,1888
next_HC,next,tai30_15_08.F.15_01,1,1796
next_HC,next,tai30_15_08.F.15_01,2,1756
next_HC,next,tai30_15_08.F.15_01,3,1829
next_HC,next,tai30_15_08.F.15_01,4,1792
next_HC,next,tai30_15_08.F.15_01,5,1773
next_HC,next,tai30_15_08.F.15_01,6,1794
next_HC,next,tai30_15_08.F.15_01,7,1773
next_HC,next,tai30_15_08.F.15_01,8,1788
next_HC,next,tai30_15_08.F.15_01,9,1760
next_HC,next,tai30_15_08.F.15_01,10,1787
next_HC,next,tai30_15_08.F.15_01,11,1835
next_HC,next,tai30_15_08.F.15_01,12,1796
next_HC,next,tai30_15_08.F.15_01,13,1794
next_HC,next,tai30_15_08.F.15_01,14,1781
next_HC,next,tai30_15_08.F.15_01,15,1821
next_HC,next,tai30_15_08.F.15_01,16,1775
next_HC,next,tai30_15_08.F.15_01,17,1828
next_HC,next,tai30_15_08.F.15_01,18,1833
next_HC,next,tai30_15_08.F.15_01,19,1803
next_HC,next,tai30_15_08.F.15_01,20,1845
next_HC,next,tai30_15_08.F.15_01,21,1779
next_HC,next,tai30_15_08.F.15_01,22,1813
next_HC,next,tai30_15_08.F.15_01,23,1776
next_HC,next,tai30_15_08.F.15_01,24,1830
next_HC,next,tai30_15_08.F.15_01,25,1760
next_HC,next,tai30_15_08.F.15_01,26,1792
next_HC,next,tai30_15_08.F.15_01,27,1801
next_HC,next,tai30_15_08.F.15_01,28,1797
next_HC,next,tai30_15_08.F.15_01,29,1782
next_HC,next,tai30_15_08.F.15_01,30,1806
next_HC,next,tai30_15_09.F.15_01,1,1872
next_HC,next,tai30_15_09.F.15_01,2,1883
next_HC,next,tai30_15_09.F.15_01,3,1892
next_HC,next,tai30_15_09.F.15_01,4,1885
next_HC,next,tai30_15_09.F.15_01,5,1905
next_HC,next,tai30_15_09.F.15_01,6,1948
next_HC,next,tai30_15_09.F.15_01,7,1917
next_HC,next,tai30_15_09.F.15_01,8,1925
next_HC,next,tai30_15_09.F.15_01,9,1881
next_HC,next,tai30_15_09.F.15_01,10,1875
next_HC,next,tai30_15_09.F.15_01,11,1877
next_HC,next,tai30_15_09.F.15_01,12,1902
next_HC,next,tai30_15_09.F.15_01,13,1919
next_HC,next,tai30_15_09.F.15_01,14,1914
next_HC,next,tai30_15_09.F.15_01,15,1905
next_HC,next,tai30_15_09.F.15_01,16,1930
next_HC,next,tai30_15_09.F.15_01,17,1875
next_HC,next,tai30_15_09.F.15_01,18,1904
next_HC,next,tai30_15_09.F.15_01,19,1886
next_HC,next,tai30_15_09.F.15_01,20,1853
next_HC,next,tai30_15_09.F.15_01,21,1892
next_HC,next,tai30_15_09.F.15_01,22,1881
next_HC,next,tai30_15_09.F.15_01,23,1889
next_HC,next,tai30_15_09.F.15_01,24,1896
next_HC,next,tai30_15_09.F.15_01,25,1909
next_HC,next,tai30_15_09.F.15_01,26,1928
next_HC,next,tai30_15_09.F.15_01,27,1898
next_HC,next,tai30_15_09.F.15_01,28,1888
next_HC,next,tai30_15_09.F.15_01,29,1901
next_HC,next,tai30_15_09.F.15_01,30,1915
next_HC,next,tai30_15_10.F.15_01,1,1810
next_HC,next,tai30_15_10.F.15_01,2,1862
next_HC,next,tai30_15_10.F.15_01,3,1811
next_HC,next,tai30_15_10.F.15_01,4,1833
next_HC,next,tai30_15_10.F.15_01,5,1830
next_HC,next,tai30_15_10.F.15_01,6,1826
next_HC,next,tai30_15_10.F.15_01,7,1829
next_HC,next,tai30_15_10.F.15_01,8,1828
next_HC,next,tai30_15_10.F.15_01,9,1833
next_HC,next,tai30_15_10.F.15_01,10,1833
next_HC,next,tai30_15_10.F.15_01,11,1835
next_HC,next,tai30_15_10.F.15_01,12,1803
next_HC,next,tai30_15_10.F.15_01,13,1828
next_HC,next,tai30_15_10.F.15_01,14,1823
next_HC,next,tai30_15_10.F.15_01,15,1818
next_HC,next,tai30_15_10.F.15_01,16,1821
next_HC,next,tai30_15_10.F.15_01,17,1845
next_HC,next,tai30_15_10.F.15_01,18,1864
next_HC,next,tai30_15_10.F.15_01,19,1835
next_HC,next,tai30_15_10.F.15_01,20,1813
next_HC,next,tai30_15_10.F.15_01,21,1804
next_HC,next,tai30_15_10.F.15_01,22,1808
next_HC,next,tai30_15_10.F.15_01,23,1821
next_HC,next,tai30_15_10.F.15_01,24,1801
next_HC,next,tai30_15_10.F.15_01,25,1827
next_HC,next,tai30_15_10.F.15_01,26,1837
next_HC,next,tai30_15_10.F.15_01,27,1816
next_HC,next,tai30_15_10.F.15_01,28,1812
next_HC,next,tai30_15_10.F.15_01,29,1826
next_HC,next,tai30_15_10.F.15_01,30,1769
next_HC,next,tai30_20_01.F.15_01,1,2222
next_HC,next,tai30_20_01.F.15_01,2,2190
next_HC,next,tai30_20_01.F.15_01,3,2291
next_HC,next,tai30_20_01.F.15_01,4,2198
next_HC,next,tai30_20_01.F.15_01,5,2226
next_HC,next,tai30_20_01.F.15_01,6,2237
next_HC,next,tai30_20_01.F.15_01,7,2190
next_HC,next,tai30_20_01.F.15_01,8,2217
next_HC,next,tai30_20_01.F.15_01,9,2207
next_HC,next,tai30_20_01.F.15_01,10,2270
next_HC,next,tai30_20_01.F.15_01,11,2210
next_HC,next,tai30_20_01.F.15_01,12,2215
next_HC,next,tai30_20_01.F.15_01,13,2230
next_HC,next,tai30_20_01.F.15_01,14,2252
next_HC,next,tai30_20_01.F.15_01,15,2202
next_HC,next,tai30_20_01.F.15_01,16,2211
next_HC,next,tai30_20_01.F.15_01,17,2222
next_HC,next,tai30_20_01.F.15_01,18,2236
next_HC,next,tai30_20_01.F.15_01,19,2211
next_HC,next,tai30_20_01.F.15_01,20,2123
next_HC,next,tai30_20_01.F.15_01,21,2258
next_HC,next,tai30_20_01.F.15_01,22,2244
next_HC,next,tai30_20_01.F.15_01,23,2209
next_HC,next,tai30_20_01.F.15_01,24,2244
next_HC,next,tai30_20_01.F.15_01,25,2210
next_HC,next,tai30_20_01.F.15_01,26,2211
next_HC,next,tai30_20_01.F.15_01,27,2215
next_HC,next,tai30_20_01.F.15_01,28,2277
next_HC,next,tai30_20_01.F.15_01,29,2212
next_HC,next,tai30_20_01.F.15_01,30,2193
next_HC,next,tai30_20_02.F.15_01,1,2174
next_HC,next,tai30_20_02.F.15_01,2,2143
next_HC,next,tai30_20_02.F.15_01,3,2129
next_HC,next,tai30_20_02.F.15_01,4,2123
next_HC,next,tai30_20_02.F.15_01,5,2068
next_HC,next,tai30_20_02.F.15_01,6,2101
next_HC,next,tai30_20_02.F.15_01,7,2140
next_HC,next,tai30_20_02.F.15_01,8,2180
next_HC,next,tai30_20_02.F.15_01,9,2158
next_HC,next,tai30_20_02.F.15_01,10,2143
next_HC,next,tai30_20_02.F.15_01,11,2093
next_HC,next,tai30_20_02.F.15_01,12,2131
next_HC,next,tai30_20_02.F.15_01,13,2159
next_HC,next,tai30_20_02.F.15_01,14,2131
next_HC,next,tai30_20_02.F.15_01,15,2149
next_HC,next,tai30_20_02.F.15_01,16,2200
next_HC,next,tai30_20_02.F.15_01,17,2103
next_HC,next,tai30_20_02.F.15_01,18,2082
next_HC,next,tai30_20_02.F.15_01,19,2141
next_HC,next,tai30_20_02.F.15_01,20,2138
next_HC,next,tai30_20_02.F.15_01,21,2169
next_HC,next,tai30_20_02.F.15_01,22,2133
next_HC,next,tai30_20_02.F.15_01,23,2154
next_HC,next,tai30_20_02.F.15_01,24,2155
next_HC,next,tai30_20_02.F.15_01,25,2191
next_HC,next,tai30_20_02.F.15_01,26,2161
next_HC,next,tai30_20_02.F.15_01,27,2137
next_HC,next,tai30_20_02.F.15_01,28,2115
next_HC,next,tai30_20_02.F.15_01,29,2111
next_HC,next,tai30_20_02.F.15_01,30,2142
next_HC,next,tai30_20_03.F.15_01,1,2019
next_HC,next,tai30_20_03.F.15_01,2,2077
next_HC,next,tai30_20_03.F.15_01,3,2047
next_HC,next,tai30_20_03.F.15_01,4,2038
next_HC,next,tai30_20_03.F.15_01,5,2067
next_HC,next,tai30_20_03.F.15_01,6,2037
next_HC,next,tai30_20_03.F.15_01,7,2087
next_HC,next,tai30_20_03.F.15_01,8,2014
next_HC,next,tai30_20_03.F.15_01,9,2064
next_HC,next,tai30_20_03.F.15_01,10,2090
next_HC,next,tai30_20_03.F.15_01,11,2039
next_HC,next,tai30_20_03.F.15_01,12,2056
next_HC,next,tai30_20_03.F.15_01,13,2048
next_HC,next,tai30_20_03.F.15_01,14,2091
next_HC,next,tai30_20_03.F.15_01,15,2049
next_HC,next,tai30_20_03.F.15_01,16,2020
next_HC,next,tai30_20_03.F.15_01,17,2060
next_HC,next,tai30_20_03.F.15_01,18,2023
next_HC,next,tai30_20_03.F.15_01,19,2124
next_HC,next,tai30_20_03.F.15_01,20,2055
next_HC,next,tai30_20_03.F.15_01,21,2028
next_HC,next,tai30_20_03.F.15_01,22,2076
next_HC,next,tai30_20_03.F.15_01,23,2066
next_HC,next,tai30_20_03.F.15_01,24,2120
next_HC,next,tai30_20_03.F.15_01,25,2037
next_HC,next,tai30_20_03.F.15_01,26,2059
next_HC,next,tai30_20_03.F.15_01,27,2060
next_HC,next,tai30_20_03.F.15_01,28,2055
next_HC,next,tai30_20_03.F.15_01,29,2044
next_HC,next,tai30_20_03.F.15_01,30,2031
next_HC,next,tai30_20_04.F.15_01,1,2150
next_HC,next,tai30_20_04.F.15_01,2,2151
next_HC,next,tai30_20_04.F.15_01,3,2180
next_HC,next,tai30_20_04.F.15_01,4,2164
next_HC,next,tai30_20_04.F.15_01,5,2212
next_HC,next,tai30_20_04.F.15_01,6,2198
next_HC,next,tai30_20_04.F.15_01,7,2176
next_HC,next,tai30_20_04.F.15_01,8,2176
next_HC,next,tai30_20_04.F.15_01,9,2094
next_HC,next,tai30_20_04.F.15_01,10,2126
next_HC,next,tai30_20_04.F.15_01,11,2098
next_HC,next,tai30_20_04.F.15_01,12,2114
next_HC,next,tai30_20_04.F.15_01,13,2077
next_HC,next,tai30_20_04.F.15_01,14,2195
next_HC,next,tai30_20_04.F.15_01,15,2133
next_HC,next,tai30_20_04.F.15_01,16,2158
next_HC,next,tai30_20_04.F.15_01,17,2152
next_HC,next,tai30_20_04.F.15_01,18,2161
next_HC,next,tai30_20_04.F.15_01,19,2121
next_HC,next,tai30_20_04.F.15_01,20,2142
next_HC,next,tai30_20_04.F.15_01,21,2122
next_HC,next,tai30_20_04.F.15_01,22,2159
next_HC,next,tai30_20_04.F.15_01,23,2164
next_HC,next,tai30_20_04.F.15_01,24,2151
next_HC,next,tai30_20_04.F.15_01,25,2118
next_HC,next,tai30_20_04.F.15_01,26,2144
next_HC,next,tai30_20_04.F.15_01,27,2158
next_HC,next,tai30_20_04.F.15_01,28,2183
next_HC,next,tai30_20_04.F.15_01,29,2114
next_HC,next,tai30_20_04.F.15_01,30,2120
next_HC,next,tai30_20_05.F.15_01,1,2100
next_HC,next,tai30_20_05.F.15_01,2,2153
next_HC,next,tai30_20_05.F.15_01,3,2106
next_HC,next,tai30_20_05.F.15_01,4,2154
next_HC,next,tai30_20_05.F.15_01,5,2104
next_HC,next,tai30_20_05.F.15_01,6,2198
next_HC,next,tai30_20_05.F.15_01,7,2120
next_HC,next,tai30_20_05.F.15_01,8,2157
next_HC,next,tai30_20_05.F.15_01,9,2105
next_HC,next,tai30_20_05.F.15_01,10,2118
next_HC,next,tai30_20_05.F.15_01,11,2149
next_HC,next,tai30_20_05.F.15_01,12,2172
next_HC,next,tai30_20_05.F.15_01,13,2151
next_HC,next,tai30_20_05.F.15_01,14,2109
next_HC,next,tai30_20_05.F.15_01,15,2160
next_HC,next,tai30_20_05.F.15_01,16,2151
next_HC,next,tai30_20_05.F.15_01,17,2157
next_HC,next,tai30_20_05.F.15_01,18,2168
next_HC,next,tai30_20_05.F.15_01,19,2113
next_HC,next,tai30_20_05.F.15_01,20,2114
next_HC,next,tai30_20_05.F.15_01,21,2133
next_HC,next,tai30_20_05.F.15_01,22,2169
next_HC,next,tai30_20_05.F.15_01,23,2154
next_HC,next,tai30_20_05.F.15_01,24,2159
next_HC,next,tai30_20_05.F.15_01,25,2124
next_HC,next,tai30_20_05.F.15_01,26,2132
next_HC,next,tai30_20_05.F.15_01,27,2140
next_HC,next,tai30_20_05.F.15_01,28,2195
next_HC,next,tai30_20_05.F.15_01,29,2140
next_HC,next,tai30_20_05.F.15_01,30,2201
next_HC,next,tai30_20_06.F.15_01,1,2195
next_HC,next,tai30_20_06.F.15_01,2,2192
next_HC,next,tai30_20_06.F.15_01,3,2256
next_HC,next,tai30_20_06.F.15_01,4,2221
next_HC,next,tai30_20_06.F.15_01,5,2288
next_HC,next,tai30_20_06.F.15_01,6,2155
next_HC,next,tai30_20_06.F.15_01,7,2217
next_HC,next,tai30_20_06.F.15_01,8,2199
next_HC,next,tai30_20_06.F.15_01,9,2223
next_HC,next,tai30_20_06.F.15_01,10,2251
next_HC,next,tai30_20_06.F.15_01,11,2241
next_HC,next,tai30_20_06.F.15_01,12,2260
next_HC,next,tai30_20_06.F.15_01,13,2214
next_HC,next,tai30_20_06.F.15_01,14,2261
next_HC,next,tai30_20_06.F.15_01,15,2206
next_HC,next,tai30_20_06.F.15_01,16,2213
next_HC,next,tai30_20_06.F.15_01,17,2218
next_HC,next,tai30_20_06.F.15_01,18,2227
next_HC,next,tai30_20_06.F.15_01,19,2183
next_HC,next,tai30_20_06.F.15_01,20,2199
next_HC,next,tai30_20_06.F.15_01,21,2221
next_HC,next,tai30_20_06.F.15_01,22,2218
next_HC,next,tai30_20_06.F.15_01,23,2213
next_HC,next,tai30_20_06.F.15_01,24,2220
next_HC,next,tai30_20_06.F.15_01,25,2229
next_HC,next,tai30_20_06.F.15_01,26,2260
next_HC,next,tai30_20_06.F.15_01,27,2196
next_HC,next,tai30_20_06.F.15_01,28,2222
next_HC,next,tai30_20_06.F.15_01,29,2209
next_HC,next,tai30_20_06.F.15_01,30,2200
next_HC,next,tai30_20_07.F.15_01,1,2059
next_HC,next,tai30_20_07.F.15_01,2,2039
next_HC,next,tai30_20_07.F.15_01,3,2197
next_HC,next,tai30_20_07.F.15_01,4,2090
next_HC,next,tai30_20_07.F.15_01,5,2122
next_HC,next,tai30_20_07.F.15_01,6,2115
next_HC,next,tai30_20_07.F.15_01,7,2075
next_HC,next,tai30_20_07.F.15_01,8,2091
next_HC,next,tai30_20_07.F.15_01,9,2113
next_HC,next,tai30_20_07.F.15_01,10,2142
next_HC,next,tai30_20_07.F.15_01,11,2090
next_HC,next,tai30_20_07.F.15_01,12,2073
next_HC,next,tai30_20_07.F.15_01,13,2089
next_HC,next,tai30_20_07.F.15_01,14,2093
next_HC,next,tai30_20_07.F.15_01,15,2068
next_HC,next,tai30_20_07.F.15_01,16,2069
next_HC,next,tai30_20_07.F.15_01,17,2107
next_HC,next,tai30_20_07.F.15_01,18,2052
next_HC,next,tai30_20_07.F.15_01,19,2069
next_HC,next,tai30_20_07.F.15_01,20,2080
next_HC,next,tai30_20_07.F.15_01,21,2103
next_HC,next,tai30_20_07.F.15_01,22,2132
next_HC,next,tai30_20_07.F.15_01,23,2101
next_HC,next,tai30_20_07.F.15_01,24,2071
next_HC,next,tai30_20_07.F.15_01,25,2104
next_HC,next,tai30_20_07.F.15_01,26,2097
next_HC,next,tai30_20_07.F.15_01,27,2097
next_HC,next,tai30_20_07.F.15_01,28,2155
next_HC,next,tai30_20_07.F.15_01,29,2074
next_HC,next,tai30_20_07.F.15_01,30,2068
next_HC,next,tai30_20_08.F.15_01,1,2107
next_HC,next,tai30_20_08.F.15_01,2,2145
next_HC,next,tai30_20_08.F.15_01,3,2148
next_HC,next,tai30_20_08.F.15_01,4,2182
next_HC,next,tai30_20_08.F.15_01,5,2097
next_HC,next,tai30_20_08.F.15_01,6,2135
next_HC,next,tai30_20_08.F.15_01,7,2152
next_HC,next,tai30_20_08.F.15_01,8,2137
next_HC,next,tai30_20_08.F.15_01,9,2144
next_HC,next,tai30_20_08.F.15_01,10,2166
next_HC,next,tai30_20_08.F.15_01,11,2117
next_HC,next,tai30_20_08.F.15_01,12,2090
next_HC,next,tai30_20_08.F.15_01,13,2115
next_HC,next,tai30_20_08.F.15_01,14,2115
next_HC,next,tai30_20_08.F.15_01,15,2151
next_HC,next,tai30_20_08.F.15_01,16,2136
next_HC,next,tai30_20_08.F.15_01,17,2145
next_HC,next,tai30_20_08.F.15_01,18,2127
next_HC,next,tai30_20_08.F.15_01,19,2135
next_HC,next,tai30_20_08.F.15_01,20,2156
next_HC,next,tai30_20_08.F.15_01,21,2165
next_HC,next,tai30_20_08.F.15_01,22,2102
next_HC,next,tai30_20_08.F.15_01,23,2135
next_HC,next,tai30_20_08.F.15_01,24,2123
next_HC,next,tai30_20_08.F.15_01,25,2160
next_HC,next,tai30_20_08.F.15_01,26,2105
next_HC,next,tai30_20_08.F.15_01,27,2074
next_HC,next,tai30_20_08.F.15_01,28,2148
next_HC,next,tai30_20_08.F.15_01,29,2186
next_HC,next,tai30_20_08.F.15_01,30,2119
next_HC,next,tai30_20_09.F.15_01,1,2136
next_HC,next,tai30_20_09.F.15_01,2,2141
next_HC,next,tai30_20_09.F.15_01,3,2094
next_HC,next,tai30_20_09.F.15_01,4,2137
next_HC,next,tai30_20_09.F.15_01,5,2087
next_HC,next,tai30_20_09.F.15_01,6,2108
next_HC,next,tai30_20_09.F.15_01,7,2143
next_HC,next,tai30_20_09.F.15_01,8,2126
next_HC,next,tai30_20_09.F.15_01,9,2119
next_HC,next,tai30_20_09.F.15_01,10,2128
next_HC,next,tai30_20_09.F.15_01,11,2146
next_HC,next,tai30_20_09.F.15_01,12,2163
next_HC,next,tai30_20_09.F.15_01,13,2095
next_HC,next,tai30_20_09.F.15_01,14,2143
next_HC,next,tai30_20_09.F.15_01,15,2165
next_HC,next,tai30_20_09.F.15_01,16,2093
next_HC,next,tai30_20_09.F.15_01,17,2145
next_HC,next,tai30_20_09.F.15_01,18,2076
next_HC,next,tai30_20_09.F.15_01,19,2124
next_HC,next,tai30_20_09.F.15_01,20,2137
next_HC,next,tai30_20_09.F.15_01,21,2171
next_HC,next,tai30_20_09.F.15_01,22,2098
next_HC,next,tai30_20_09.F.15_01,23,2114
next_HC,next,tai30_20_09.F.15_01,24,2171
next_HC,next,tai30_20_09.F.15_01,25,2105
next_HC,next,tai30_20_09.F.15_01,26,2101
next_HC,next,tai30_20_09.F.15_01,27,2139
next_HC,next,tai30_20_09.F.15_01,28,2125
next_HC,next,tai30_20_09.F.15_01,29,2119
next_HC,next,tai30_20_09.F.15_01,30,2133
next_HC,next,tai30_20_10.F.15_01,1,2184
next_HC,next,tai30_20_10.F.15_01,2,2125
next_HC,next,tai30_20_10.F.15_01,3,2095
next_HC,next,tai30_20_10.F.15_01,4,2123
next_HC,next,tai30_20_10.F.15_01,5,2129
next_HC,next,tai30_20_10.F.15_01,6,2178
next_HC,next,tai30_20_10.F.15_01,7,2134
next_HC,next,tai30_20_10.F.15_01,8,2129
next_HC,next,tai30_20_10.F.15_01,9,2090
next_HC,next,tai30_20_10.F.15_01,10,2162
next_HC,next,tai30_20_10.F.15_01,11,2126
next_HC,next,tai30_20_10.F.15_01,12,2142
next_HC,next,tai30_20_10.F.15_01,13,2127
next_HC,next,tai30_20_10.F.15_01,14,2129
next_HC,next,tai30_20_10.F.15_01,15,2117
next_HC,next,tai30_20_10.F.15_01,16,2141
next_HC,next,tai30_20_10.F.15_01,17,2107
next_HC,next,tai30_20_10.F.15_01,18,2088
next_HC,next,tai30_20_10.F.15_01,19,2157
next_HC,next,tai30_20_10.F.15_01,20,2132
next_HC,next,tai30_20_10.F.15_01,21,2145
next_HC,next,tai30_20_10.F.15_01,22,2159
next_HC,next,tai30_20_10.F.15_01,23,2128
next_HC,next,tai30_20_10.F.15_01,24,2188
next_HC,next,tai30_20_10.F.15_01,25,2118
next_HC,next,tai30_20_10.F.15_01,26,2134
next_HC,next,tai30_20_10.F.15_01,27,2154
next_HC,next,tai30_20_10.F.15_01,28,2090
next_HC,next,tai30_20_10.F.15_01,29,2158
next_HC,next,tai30_20_10.F.15_01,30,2142
next_HC,next,tai50_15_01.F.15_01,1,2859
next_HC,next,tai50_15_01.F.15_01,2,2867
next_HC,next,tai50_15_01.F.15_01,3,2828
next_HC,next,tai50_15_01.F.15_01,4,2817
next_HC,next,tai50_15_01.F.15_01,5,2850
next_HC,next,tai50_15_01.F.15_01,6,2850
next_HC,next,tai50_15_01.F.15_01,7,2867
next_HC,next,tai50_15_01.F.15_01,8,2836
next_HC,next,tai50_15_01.F.15_01,9,2859
next_HC,next,tai50_15_01.F.15_01,10,2809
next_HC,next,tai50_15_01.F.15_01,11,2873
next_HC,next,tai50_15_01.F.15_01,12,2817
next_HC,next,tai50_15_01.F.15_01,13,2877
next_HC,next,tai50_15_01.F.15_01,14,2862
next_HC,next,tai50_15_01.F.15_01,15,2841
next_HC,next,tai50_15_01.F.15_01,16,2840
next_HC,next,tai50_15_01.F.15_01,17,2877
next_HC,next,tai50_15_01.F.15_01,18,2934
next_HC,next,tai50_15_01.F.15_01,19,2820
next_HC,next,tai50_15_01.F.15_01,20,2817
next_HC,next,tai50_15_01.F.15_01,21,2931
next_HC,next,tai50_15_01.F.15_01,22,2898
next_HC,next,tai50_15_01.F.15_01,23,2884
next_HC,next,tai50_15_01.F.15_01,24,2838
next_HC,next,tai50_15_01.F.15_01,25,2890
next_HC,next,tai50_15_01.F.15_01,26,2852
next_HC,next,tai50_15_01.F.15_01,27,2911
next_HC,next,tai50_15_01.F.15_01,28,2881
next_HC,next,tai50_15_01.F.15_01,29,2811
next_HC,next,tai50_15_01.F.15_01,30,2857
next_HC,next,tai50_15_02.F.15_01,1,2855
next_HC,next,tai50_15_02.F.15_01,2,2900
next_HC,next,tai50_15_02.F.15_01,3,2863
next_HC,next,tai50_15_02.F.15_01,4,2875
next_HC,next,tai50_15_02.F.15_01,5,2849
next_HC,next,tai50_15_02.F.15_01,6,2843
next_HC,next,tai50_15_02.F.15_01,7,2812
next_HC,next,tai50_15_02.F.15_01,8,2857
next_HC,next,tai50_15_02.F.15_01,9,2897
next_HC,next,tai50_15_02.F.15_01,10,2837
next_HC,next,tai50_15_02.F.15_01,11,2838
next_HC,next,tai50_15_02.F.15_01,12,2892
next_HC,next,tai50_15_02.F.15_01,13,2894
next_HC,next,tai50_15_02.F.15_01,14,2875
next_HC,next,tai50_15_02.F.15_01,15,2815
next_HC,next,tai50_15_02.F.15_01,16,2866
next_HC,next,tai50_15_02.F.15_01,17,2887
next_HC,next,tai50_15_02.F.15_01,18,2852
next_HC,next,tai50_15_02.F.15_01,19,2914
next_HC,next,tai50_15_02.F.15_01,20,2879
next_HC,next,tai50_15_02.F.15_01,21,2831
next_HC,next,tai50_15_02.F.15_01,22,2893
next_HC,next,tai50_15_02.F.15_01,23,2859
next_HC,next,tai50_15_02.F.15_01,24,2831
next_HC,next,tai50_15_02.F.15_01,25,2821
next_HC,next,tai50_15_02.F.15_01,26,2848
next_HC,next,tai50_15_02.F.15_01,27,2884
next_HC,next,tai50_15_02.F.15_01,28,2856
next_HC,next,tai50_15_02.F.15_01,29,2830
next_HC,next,tai50_15_02.F.15_01,30,2876
next_HC,next,tai50_15_03.F.15_01,1,2796
next_HC,next,tai50_15_03.F.15_01,2,2830
next_HC,next,tai50_15_03.F.15_01,3,2815
next_HC,next,tai50_15_03.F.15_01,4,2785
next_HC,next,tai50_15_03.F.15_01,5,2808
next_HC,next,tai50_15_03.F.15_01,6,2787
next_HC,next,tai50_15_03.F.15_01,7,2803
next_HC,next,tai50_15_03.F.15_01,8,2791
next_HC,next,tai50_15_03.F.15_01,9,2757
next_HC,next,tai50_15_03.F.15_01,10,2765
next_HC,next,tai50_15_03.F.15_01,11,2777
next_HC,next,tai50_15_03.F.15_01,12,2879
next_HC,next,tai50_15_03.F.15_01,13,2782
next_HC,next,tai50_15_03.F.15_01,14,2750
next_HC,next,tai50_15_03.F.15_01,15,2773
next_HC,next,tai50_15_03.F.15_01,16,2790
next_HC,next,tai50_15_03.F.15_01,17,2829
next_HC,next,tai50_15_03.F.15_01,18,2764
next_HC,next,tai50_15_03.F.15_01,19,2797
next_HC,next,tai50_15_03.F.15_01,20,2787
next_HC,next,tai50_15_03.F.15_01,21,2759
next_HC,next,tai50_15_03.F.15_01,22,2766
next_HC,next,tai50_15_03.F.15_01,23,2821
next_HC,next,tai50_15_03.F.15_01,24,2793
next_HC,next,tai50_15_03.F.15_01,25,2836
next_HC,next,tai50_15_03.F.15_01,26,2801
next_HC,next,tai50_15_03.F.15_01,27,2794
next_HC,next,tai50_15_03.F.15_01,28,2804
next_HC,next,tai50_15_03.F.15_01,29,2776
next_HC,next,tai50_15_03.F.15_01,30,2726
next_HC,next,tai50_15_04.F.15_01,1,2875
next_HC,next,tai50_15_04.F.15_01,2,2854
next_HC,next,tai50_15_04.F.15_01,3,2841
next_HC,next,tai50_15_04.F.15_01,4,2874
next_HC,next,tai50_15_04.F.15_01,5,2843
next_HC,next,tai50_15_04.F.15_01,6,2888
next_HC,next,tai50_15_04.F.15_01,7,2885
next_HC,next,tai50_15_04.F.15_01,8,2895
next_HC,next,tai50_15_04.F.15_01,9,2863
next_HC,next,tai50_15_04.F.15_01,10,2913
next_HC,next,tai50_15_04.F.15_01,11,2867
next_HC,next,tai50_15_04.F.15_01,12,2858
next_HC,next,tai50_15_04.F.15_01,13,2869
next_HC,next,tai50_15_04.F.15_01,14,2895
next_HC,next,tai50_15_04.F.15_01,15,2879
next_HC,next,tai50_15_04.F.15_01,16,2901
next_HC,next,tai50_15_04.F.15_01,17,2867
next_HC,next,tai50_15_04.F.15_01,18,2900
next_HC,next,tai50_15_04.F.15_01,19,2894
next_HC,next,tai50_15_04.F.15_01,20,2948
next_HC,next,tai50_15_04.F.15_01,21,2860
next_HC,next,tai50_15_04.F.15_01,22,2873
next_HC,next,tai50_15_04.F.15_01,23,2923
next_HC,next,tai50_15_04.F.15_01,24,2858
next_HC,next,tai50_15_04.F.15_01,25,2854
next_HC,next,tai50_15_04.F.15_01,26,2866
next_HC,next,tai50_15_04.F.15_01,27,2873
next_HC,next,tai50_15_04.F.15_01,28,2873
next_HC,next,tai50_15_04.F.15_01,29,2863
next_HC,next,tai50_15_04.F.15_01,30,2888
next_HC,next,tai50_15_05.F.15_01,1,2804
next_HC,next,tai50_15_05.F.15_01,2,2847
next_HC,next,tai50_15_05.F.15_01,3,2800
next_HC,next,tai50_15_05.F.15_01,4,2819
next_HC,next,tai50_15_05.F.15_01,5,2825
next_HC,next,tai50_15_05.F.15_01,6,2884
next_HC,next,tai50_15_05.F.15_01,7,2832
next_HC,next,tai50_15_05.F.15_01,8,2828
next_HC,next,tai50_15_05.F.15_01,9,2758
next_HC,next,tai50_15_05.F.15_01,10,2865
next_HC,next,tai50_15_05.F.15_01,11,2781
next_HC,next,tai50_15_05.F.15_01,12,2807
next_HC,next,tai50_15_05.F.15_01,13,2816
next_HC,next,tai50_15_05.F.15_01,14,2877
next_HC,next,tai50_15_05.F.15_01,15,2858
next_HC,next,tai50_15_05.F.15_01,16,2823
next_HC,next,tai50_15_05.F.15_01,17,2816
next_HC,next,tai50_15_05.F.15_01,18,2864
next_HC,next,tai50_15_05.F.15_01,19,2870
next_HC,next,tai50_15_05.F.15_01,20,2843
next_HC,next,tai50_15_05.F.15_01,21,2792
next_HC,next,tai50_15_05.F.15_01,22,2819
next_HC,next,tai50_15_05.F.15_01,23,2797
next_HC,next,tai50_15_05.F.15_01,24,2789
next_HC,next,tai50_15_05.F.15_01,25,2841
next_HC,next,tai50_15_05.F.15_01,26,2813
next_HC,next,tai50_15_05.F.15_01,27,2789
next_HC,next,tai50_15_05.F.15_01,28,2809
next_HC,next,tai50_15_05.F.15_01,29,2835
next_HC,next,tai50_15_05.F.15_01,30,2868
next_HC,next,tai50_15_06.F.15_01,1,2824
next_HC,next,tai50_15_06.F.15_01,2,2830
next_HC,next,tai50_15_06.F.15_01,3,2830
next_HC,next,tai50_15_06.F.15_01,4,2928
next_HC,next,tai50_15_06.F.15_01,5,2838
next_HC,next,tai50_15_06.F.15_01,6,2835
next_HC,next,tai50_15_06.F.15_01,7,2856
next_HC,next,tai50_15_06.F.15_01,8,2830
next_HC,next,tai50_15_06.F.15_01,9,2835
next_HC,next,tai50_15_06.F.15_01,10,2829
next_HC,next,tai50_15_06.F.15_01,11,2828
next_HC,next,tai50_15_06.F.15_01,12,2832
next_HC,next,tai50_15_06.F.15_01,13,2825
next_HC,next,tai50_15_06.F.15_01,14,2820
next_HC,next,tai50_15_06.F.15_01,15,2832
next_HC,next,tai50_15_06.F.15_01,16,2851
next_HC,next,tai50_15_06.F.15_01,17,2906
next_HC,next,tai50_15_06.F.15_01,18,2815
next_HC,next,tai50_15_06.F.15_01,19,2917
next_HC,next,tai50_15_06.F.15_01,20,2814
next_HC,next,tai50_15_06.F.15_01,21,2833
next_HC,next,tai50_15_06.F.15_01,22,2907
next_HC,next,tai50_15_06.F.15_01,23,2829
next_HC,next,tai50_15_06.F.15_01,24,2882
next_HC,next,tai50_15_06.F.15_01,25,2883
next_HC,next,tai50_15_06.F.15_01,26,2828
next_HC,next,tai50_15_06.F.15_01,27,2803
next_HC,next,tai50_15_06.F.15_01,28,2864
next_HC,next,tai50_15_06.F.15_01,29,2861
next_HC,next,tai50_15_06.F.15_01,30,2875
next_HC,next,tai50_15_07.F.15_01,1,2983
next_HC,next,tai50_15_07.F.15_01,2,2981
next_HC,next,tai50_15_07.F.15_01,3,2966
next_HC,next,tai50_15_07.F.15_01,4,2987
next_HC,next,tai50_15_07.F.15_01,5,3004
next_HC,next,tai50_15_07.F.15_01,6,3040
next_HC,next,tai50_15_07.F.15_01,7,2995
next_HC,next,tai50_15_07.F.15_01,8,2986
next_HC,next,tai50_15_07.F.15_01,9,2943
next_HC,next,tai50_15_07.F.15_01,10,3005
next_HC,next,tai50_15_07.F.15_01,11,3015
next_HC,next,tai50_15_07.F.15_01,12,3005
next_HC,next,tai50_15_07.F.15_01,13,3020
next_HC,next,tai50_15_07.F.15_01,14,2989
next_HC,next,tai50_15_07.F.15_01,15,3024
next_HC,next,tai50_15_07.F.15_01,16,2984
next_HC,next,tai50_15_07.F.15_01,17,3017
next_HC,next,tai50_15_07.F.15_01,18,3013
next_HC,next,tai50_15_07.F.15_01,19,2966
next_HC,next,tai50_15_07.F.15_01,20,2943
next_HC,next,tai50_15_07.F.15_01,21,3010
next_HC,next,tai50_15_07.F.15_01,22,3037
next_HC,next,tai50_15_07.F.15_01,23,3005
next_HC,next,tai50_15_07.F.15_01,24,2972
next_HC,next,tai50_15_07.F.15_01,25,3018
next_HC,next,tai50_15_07.F.15_01,26,3024
next_HC,next,tai50_15_07.F.15_01,27,2952
next_HC,next,tai50_15_07.F.15_01,28,3053
next_HC,next,tai50_15_07.F.15_01,29,3044
next_HC,next,tai50_15_07.F.15_01,30,3002
next_HC,next,tai50_15_08.F.15_01,1,2938
next_HC,next,tai50_15_08.F.15_01,2,2937
next_HC,next,tai50_15_08.F.15_01,3,2929
next_HC,next,tai50_15_08.F.15_01,4,2948
next_HC,next,tai50_15_08.F.15_01,5,2940
next_HC,next,tai50_15_08.F.15_01,6,2967
next_HC,next,tai50_15_08.F.15_01,7,2929
next_HC,next,tai50_15_08.F.15_01,8,2947
next_HC,next,tai50_15_08.F.15_01,9,3060
next_HC,next,tai50_15_08.F.15_01,10,2915
next_HC,next,tai50_15_08.F.15_01,11,2921
next_HC,next,tai50_15_08.F.15_01,12,2978
next_HC,next,tai50_15_08.F.15_01,13,2939
next_HC,next,tai50_15_08.F.15_01,14,2917
next_HC,next,tai50_15_08.F.15_01,15,2952
next_HC,next,tai50_15_08.F.15_01,16,2938
next_HC,next,tai50_15_08.F.15_01,17,2921
next_HC,next,tai50_15_08.F.15_01,18,2916
next_HC,next,tai50_15_08.F.15_01,19,2944
next_HC,next,tai50_15_08.F.15_01,20,2918
next_HC,next,tai50_15_08.F.15_01,21,2948
next_HC,next,tai50_15_08.F.15_01,22,2906
next_HC,next,tai50_15_08.F.15_01,23,2961
next_HC,next,tai50_15_08.F.15_01,24,2959
next_HC,next,tai50_15_08.F.15_01,25,2899
next_HC,next,tai50_15_08.F.15_01,26,3012
next_HC,next,tai50_15_08.F.15_01,27,2972
next_HC,next,tai50_15_08.F.15_01,28,2958
next_HC,next,tai50_15_08.F.15_01,29,2912
next_HC,next,tai50_15_08.F.15_01,30,2922
next_HC,next,tai50_15_09.F.15_01,1,2796
next_HC,next,tai50_15_09.F.15_01,2,2761
next_HC,next,tai50_15_09.F.15_01,3,2746
next_HC,next,tai50_15_09.F.15_01,4,2798
next_HC,next,tai50_15_09.F.15_01,5,2759
next_HC,next,tai50_15_09.F.15_01,6,2774
next_HC,next,tai50_15_09.F.15_01,7,2761
next_HC,next,tai50_15_09.F.15_01,8,2796
next_HC,next,tai50_15_09.F.15_01,9,2842
next_HC,next,tai50_15_09.F.15_01,10,2792
next_HC,next,tai50_15_09.F.15_01,11,2793
next_HC,next,tai50_15_09.F.15_01,12,2806
next_HC,next,tai50_15_09.F.15_01,13,2767
next_HC,next,tai50_15_09.F.15_01,14,2774
next_HC,next,tai50_15_09.F.15_01,15,2768
next_HC,next,tai50_15_09.F.15_01,16,2769
next_HC,next,tai50_15_09.F.15_01,17,2744
next_HC,next,tai50_15_09.F.15_01,18,2783
next_HC,next,tai50_15_09.F.15_01,19,2779
next_HC,next,tai50_15_09.F.15_01,20,2744
next_HC,next,tai50_15_09.F.15_01,21,2790
next_HC,next,tai50_15_09.F.15_01,22,2762
next_HC,next,tai50_15_09.F.15_01,23,2765
next_HC,next,tai50_15_09.F.15_01,24,2771
next_HC,next,tai50_15_09.F.15_01,25,2820
next_HC,next,tai50_15_09.F.15_01,26,2798
next_HC,next,tai50_15_09.F.15_01,27,2820
next_HC,next,tai50_15_09.F.15_01,28,2788
next_HC,next,tai50_15_09.F.15_01,29,2783
next_HC,next,tai50_15_09.F.15_01,30,2798
next_HC,next,tai50_15_10.F.15_01,1,2872
next_HC,next,tai50_15_10.F.15_01,2,2924
next_HC,next,tai50_15_10.F.15_01,3,2867
next_HC,next,tai50_15_10.F.15_01,4,2786
next_HC,next,tai50_15_10.F.15_01,5,2814
next_HC,next,tai50_15_10.F.15_01,6,2822
next_HC,next,tai50_15_10.F.15_01,7,2819
next_HC,next,tai50_15_10.F.15_01,8,2830
next_HC,next,tai50_15_10.F.15_01,9,2794
next_HC,next,tai50_15_10.F.15_01,10,2885
next_HC,next,tai50_15_10.F.15_01,11,2811
next_HC,next,tai50_15_10.F.15_01,12,2794
next_HC,next,tai50_15_10.F.15_01,13,2843
next_HC,next,tai50_15_10.F.15_01,14,2799
next_HC,next,tai50_15_10.F.15_01,15,2826
next_HC,next,tai50_15_10.F.15_01,16,2865
next_HC,next,tai50_15_10.F.15_01,17,2816
next_HC,next,tai50_15_10.F.15_01,18,2879
next_HC,next,tai50_15_10.F.15_01,19,2800
next_HC,next,tai50_15_10.F.15_01,20,2870
next_HC,next,tai50_15_10.F.15_01,21,2815
next_HC,next,tai50_15_10.F.15_01,22,2875
next_HC,next,tai50_15_10.F.15_01,23,2837
next_HC,next,tai50_15_10.F.15_01,24,2808
next_HC,next,tai50_15_10.F.15_01,25,2796
next_HC,next,tai50_15_10.F.15_01,26,2866
next_HC,next,tai50_15_10.F.15_01,27,2800
next_HC,next,tai50_15_10.F.15_01,28,2788
next_HC,next,tai50_15_10.F.15_01,29,2853
next_HC,next,tai50_15_10.F.15_01,30,2816
next_HC,next,tai50_20_01.F.15_01,1,3081
next_HC,next,tai50_20_01.F.15_01,2,3024
next_HC,next,tai50_20_01.F.15_01,3,3017
next_HC,next,tai50_20_01.F.15_01,4,3057
next_HC,next,tai50_20_01.F.15_01,5,3064
next_HC,next,tai50_20_01.F.15_01,6,3068
next_HC,next,tai50_20_01.F.15_01,7,3032
next_HC,next,tai50_20_01.F.15_01,8,3039
next_HC,next,tai50_20_01.F.15_01,9,3065
next_HC,next,tai50_20_01.F.15_01,10,3066
next_HC,next,tai50_20_01.F.15_01,11,3115
next_HC,next,tai50_20_01.F.15_01,12,3104
next_HC,next,tai50_20_01.F.15_01,13,3032
next_HC,next,tai50_20_01.F.15_01,14,3091
next_HC,next,tai50_20_01.F.15_01,15,3061
next_HC,next,tai50_20_01.F.15_01,16,3175
next_HC,next,tai50_20_01.F.15_01,17,3084
next_HC,next,tai50_20_01.F.15_01,18,3054
next_HC,next,tai50_20_01.F.15_01,19,3133
next_HC,next,tai50_20_01.F.15_01,20,3036
next_HC,next,tai50_20_01.F.15_01,21,3076
next_HC,next,tai50_20_01.F.15_01,22,3147
next_HC,next,tai50_20_01.F.15_01,23,3077
next_HC,next,tai50_20_01.F.15_01,24,3126
next_HC,next,tai50_20_01.F.15_01,25,3054
next_HC,next,tai50_20_01.F.15_01,26,3154
next_HC,next,tai50_20_01.F.15_01,27,3088
next_HC,next,tai50_20_01.F.15_01,28,3135
next_HC,next,tai50_20_01.F.15_01,29,3050
next_HC,next,tai50_20_01.F.15_01,30,3069
next_HC,next,tai50_20_02.F.15_01,1,3094
next_HC,next,tai50_20_02.F.15_01,2,3091
next_HC,next,tai50_20_02.F.15_01,3,3204
next_HC,next,tai50_20_02.F.15_01,4,3150
next_HC,next,tai50_20_02.F.15_01,5,3138
next_HC,next,tai50_20_02.F.15_01,6,3142
next_HC,next,tai50_20_02.F.15_01,7,3130
next_HC,next,tai50_20_02.F.15_01,8,3115
next_HC,next,tai50_20_02.F.15_01,9,3123
next_HC,next,tai50_20_02.F.15_01,10,3110
next_HC,next,tai50_20_02.F.15_01,11,3126
next_HC,next,tai50_20_02.F.15_01,12,3138
next_HC,next,tai50_20_02.F.15_01,13,3114
next_HC,next,tai50_20_02.F.15_01,14,3075
next_HC,next,tai50_20_02.F.15_01,15,3132
next_HC,next,tai50_20_02.F.15_01,16,3088
next_HC,next,tai50_20_02.F.15_01,17,3191
next_HC,next,tai50_20_02.F.15_01,18,3124
next_HC,next,tai50_20_02.F.15_01,19,3122
next_HC,next,tai50_20_02.F.15_01,20,3098
next_HC,next,tai50_20_02.F.15_01,21,3121
next_HC,next,tai50_20_02.F.15_01,22,3157
next_HC,next,tai50_20_02.F.15_01,23,3141
next_HC,next,tai50_20_02.F.15_01,24,3200
next_HC,next,tai50_20_02.F.15_01,25,3140
next_HC,next,tai50_20_02.F.15_01,26,3084
next_HC,next,tai50_20_02.F.15_01,27,3159
next_HC,next,tai50_20_02.F.15_01,28,3064
next_HC,next,tai50_20_02.F.15_01,29,3178
next_HC,next,tai50_20_02.F.15_01,30,3161
next_HC,next,tai50_20_03.F.15_01,1,2960
next_HC,next,tai50_20_03.F.15_01,2,2917
next_HC,next,tai50_20_03.F.15_01,3,2894
next_HC,next,tai50_20_03.F.15_01,4,2935
next_HC,next,tai50_20_03.F.15_01,5,2987
next_HC,next,tai50_20_03.F.15_01,6,3006
next_HC,next,tai50_20_03.F.15_01,7,3013
next_HC,next,tai50_20_03.F.15_01,8,2949
next_HC,next,tai50_20_03.F.15_01,9,2914
next_HC,next,tai50_20_03.F.15_01,10,2955
next_HC,next,tai50_20_03.F.15_01,11,2944
next_HC,next,tai50_20_03.F.15_01,12,2956
next_HC,next,tai50_20_03.F.15_01,13,2960
next_HC,next,tai50_20_03.F.15_01,14,3002
next_HC,next,tai50_20_03.F.15_01,15,2976
next_HC,next,tai50_20_03.F.15_01,16,2954
next_HC,next,tai50_20_03.F.15_01,17,2915
next_HC,next,tai50_20_03.F.15_01,18,2951
next_HC,next,tai50_20_03.F.15_01,19,2970
next_HC,next,tai50_20_03.F.15_01,20,2913
next_HC,next,tai50_20_03.F.15_01,21,2937
next_HC,next,tai50_20_03.F.15_01,22,2926
next_HC,next,tai50_20_03.F.15_01,23,2955
next_HC,next,tai50_20_03.F.15_01,24,2954
next_HC,next,tai50_20_03.F.15_01,25,2974
next_HC,next,tai50_20_03.F.15_01,26,2929
next_HC,next,tai50_20_03.F.15_01,27,2932
next_HC,next,tai50_20_03.F.15_01,28,2950
next_HC,next,tai50_20_03.F.15_01,29,2985
next_HC,next,tai50_20_03.F.15_01,30,2962
next_HC,next,tai50_20_04.F.15_01,1,2897
next_HC,next,tai50_20_04.F.15_01,2,2857
next_HC,next,tai50_20_04.F.15_01,3,2817
next_HC,next,tai50_20_04.F.15_01,4,2908
next_HC,next,tai50_20_04.F.15_01,5,2844
next_HC,next,tai50_20_04.F.15_01,6,2851
next_HC,next,tai50_20_04.F.15_01,7,2859
next_HC,next,tai50_20_04.F.15_01,8,2936
next_HC,next,tai50_20_04.F.15_01,9,2856
next_HC,next,tai50_20_04.F.15_01,10,2896
next_HC,next,tai50_20_04.F.15_01,11,2875
next_HC,next,tai50_20_04.F.15_01,12,2872
next_HC,next,tai50_20_04.F.15_01,13,2886
next_HC,next,tai50_20_04.F.15_01,14,2887
next_HC,next,tai50_20_04.F.15_01,15,2850
next_HC,next,tai50_20_04.F.15_01,16,2829
next_HC,next,tai50_20_04.F.15_01,17,2866
next_HC,next,tai50_20_04.F.15_01,18,2818
next_HC,next,tai50_20_04.F.15_01,19,2883
next_HC,next,tai50_20_04.F.15_01,20,2903
next_HC,next,tai50_20_04.F.15_01,21,2872
next_HC,next,tai50_20_04.F.15_01,22,2884
next_HC,next,tai50_20_04.F.15_01,23,2885
next_HC,next,tai50_20_04.F.15_01,24,2869
next_HC,next,tai50_20_04.F.15_01,25,2864
next_HC,next,tai50_20_04.F.15_01,26,2891
next_HC,next,tai50_20_04.F.15_01,27,2858
next_HC,next,tai50_20_04.F.15_01,28,2881
next_HC,next,tai50_20_04.F.15_01,29,2818
next_HC,next,tai50_20_04.F.15_01,30,2871
next_HC,next,tai50_20_05.F.15_01,1,2931
next_HC,next,tai50_20_05.F.15_01,2,2866
next_HC,next,tai50_20_05.F.15_01,3,2892
next_HC,next,tai50_20_05.F.15_01,4,2949
next_HC,next,tai50_20_05.F.15_01,5,2935
next_HC,next,tai50_20_05.F.15_01,6,2939
next_HC,next,tai50_20_05.F.15_01,7,2993
next_HC,next,tai50_20_05.F.15_01,8,2899
next_HC,next,tai50_20_05.F.15_01,9,2937
next_HC,next,tai50_20_05.F.15_01,10,2928
next_HC,next,tai50_20_05.F.15_01,11,2921
next_HC,next,tai50_20_05.F.15_01,12,3006
next_HC,next,tai50_20_05.F.15_01,13,2906
next_HC,next,tai50_20_05.F.15_01,14,2956
next_HC,next,tai50_20_05.F.15_01,15,2933
next_HC,next,tai50_20_05.F.15_01,16,2899
next_HC,next,tai50_20_05.F.15_01,17,2926
next_HC,next,tai50_20_05.F.15_01,18,2954
next_HC,next,tai50_20_05.F.15_01,19,2957
next_HC,next,tai50_20_05.F.15_01,20,2869
next_HC,next,tai50_20_05.F.15_01,21,3006
next_HC,next,tai50_20_05.F.15_01,22,2972
next_HC,next,tai50_20_05.F.15_01,23,2939
next_HC,next,tai50_20_05.F.15_01,24,2927
next_HC,next,tai50_20_05.F.15_01,25,2985
next_HC,next,tai50_20_05.F.15_01,26,2882
next_HC,next,tai50_20_05.F.15_01,27,2918
next_HC,next,tai50_20_05.F.15_01,28,2947
next_HC,next,tai50_20_05.F.15_01,29,2887
next_HC,next,tai50_20_05.F.15_01,30,2921
next_HC,next,tai50_20_06.F.15_01,1,3033
next_HC,next,tai50_20_06.F.15_01,2,3051
next_HC,next,tai50_20_06.F.15_01,3,2962
next_HC,next,tai50_20_06.F.15_01,4,3051
next_HC,next,tai50_20_06.F.15_01,5,3027
next_HC,next,tai50_20_06.F.15_01,6,2997
next_HC,next,tai50_20_06.F.15_01,7,3055
next_HC,next,tai50_20_06.F.15_01,8,3063
next_HC,next,tai50_20_06.F.15_01,9,3028
next_HC,next,tai50_20_06.F.15_01,10,3038
next_HC,next,tai50_20_06.F.15_01,11,3016
next_HC,next,tai50_20_06.F.15_01,12,3080
next_HC,next,tai50_20_06.F.15_01,13,3000
next_HC,next,tai50_20_06.F.15_01,14,3015
next_HC,next,tai50_20_06.F.15_01,15,3010
next_HC,next,tai50_20_06.F.15_01,16,3077
next_HC,next,tai50_20_06.F.15_01,17,3034
next_HC,next,tai50_20_06.F.15_01,18,3067
next_HC,next,tai50_20_06.F.15_01,19,2986
next_HC,next,tai50_20_06.F.15_01,20,3040
next_HC,next,tai50_20_06.F.15_01,21,3021
next_HC,next,tai50_20_06.F.15_01,22,3033
next_HC,next,tai50_20_06.F.15_01,23,3084
next_HC,next,tai50_20_06.F.15_01,24,3033
next_HC,next,tai50_20_06.F.15_01,25,3041
next_HC,next,tai50_20_06.F.15_01,26,3062
next_HC,next,tai50_20_06.F.15_01,27,2994
next_HC,next,tai50_20_06.F.15_01,28,3061
next_HC,next,tai50_20_06.F.15_01,29,3048
next_HC,next,tai50_20_06.F.15_01,30,3039
next_HC,next,tai50_20_07.F.15_01,1,3056
next_HC,next,tai50_20_07.F.15_01,2,3016
next_HC,next,tai50_20_07.F.15_01,3,3007
next_HC,next,tai50_20_07.F.15_01,4,2998
next_HC,next,tai50_20_07.F.15_01,5,3033
next_HC,next,tai50_20_07.F.15_01,6,2992
next_HC,next,tai50_20_07.F.15_01,7,2983
next_HC,next,tai50_20_07.F.15_01,8,3118
next_HC,next,tai50_20_07.F.15_01,9,3032
next_HC,next,tai50_20_07.F.15_01,10,3053
next_HC,next,tai50_20_07.F.15_01,11,3037
next_HC,next,tai50_20_07.F.15_01,12,3002
next_HC,next,tai50_20_07.F.15_01,13,3038
next_HC,next,tai50_20_07.F.15_01,14,3076
next_HC,next,tai50_20_07.F.15_01,15,2998
next_HC,next,tai50_20_07.F.15_01,16,3010
next_HC,next,tai50_20_07.F.15_01,17,3072
next_HC,next,tai50_20_07.F.15_01,18,2988
next_HC,next,tai50_20_07.F.15_01,19,3065
next_HC,next,tai50_20_07.F.15_01,20,2992
next_HC,next,tai50_20_07.F.15_01,21,3065
next_HC,next,tai50_20_07.F.15_01,22,2986
next_HC,next,tai50_20_07.F.15_01,23,2983
next_HC,next,tai50_20_07.F.15_01,24,3017
next_HC,next,tai50_20_07.F.15_01,25,2979
next_HC,next,tai50_20_07.F.15_01,26,3055
next_HC,next,tai50_20_07.F.15_01,27,3056
next_HC,next,tai50_20_07.F.15_01,28,3059
next_HC,next,tai50_20_07.F.15_01,29,3073
next_HC,next,tai50_20_07.F.15_01,30,3037
next_HC,next,tai50_20_08.F.15_01,1,2907
next_HC,next,tai50_20_08.F.15_01,2,2966
next_HC,next,tai50_20_08.F.15_01,3,2940
next_HC,next,tai50_20_08.F.15_01,4,2913
next_HC,next,tai50_20_08.F.15_01,5,3027
next_HC,next,tai50_20_08.F.15_01,6,2918
next_HC,next,tai50_20_08.F.15_01,7,2924
next_HC,next,tai50_20_08.F.15_01,8,2945
next_HC,next,tai50_20_08.F.15_01,9,2889
next_HC,next,tai50_20_08.F.15_01,10,2948
next_HC,next,tai50_20_08.F.15_01,11,2987
next_HC,next,tai50_20_08.F.15_01,12,2952
next_HC,next,tai50_20_08.F.15_01,13,2914
next_HC,next,tai50_20_08.F.15_01,14,2964
next_HC,next,tai50_20_08.F.15_01,15,2942
next_HC,next,tai50_20_08.F.15_01,16,2889
next_HC,next,tai50_20_08.F.15_01,17,3022
next_HC,next,tai50_20_08.F.15_01,18,2934
next_HC,next,tai50_20_08.F.15_01,19,2989
next_HC,next,tai50_20_08.F.15_01,20,2974
next_HC,next,tai50_20_08.F.15_01,21,2923
next_HC,next,tai50_20_08.F.15_01,22,2945
next_HC,next,tai50_20_08.F.15_01,23,2923
next_HC,next,tai50_20_08.F.15_01,24,2905
next_HC,next,tai50_20_08.F.15_01,25,2937
next_HC,next,tai50_20_08.F.15_01,26,2940
next_HC,next,tai50_20_08.F.15_01,27,2924
next_HC,next,tai50_20_08.F.15_01,28,2954
next_HC,next,tai50_20_08.F.15_01,29,2920
next_HC,next,tai50_20_08.F.15_01,30,2932
next_HC,next,tai50_20_09.F.15_01,1,3296
next_HC,next,tai50_20_09.F.15_01,2,3204
next_HC,next,tai50_20_09.F.15_01,3,3199
next_HC,next,tai50_20_09.F.15_01,4,3263
next_HC,next,tai50_20_09.F.15_01,5,3189
next_HC,next,tai50_20_09.F.15_01,6,3249
next_HC,next,tai50_20_09.F.15_01,7,3271
next_HC,next,tai50_20_09.F.15_01,8,3198
next_HC,next,tai50_20_09.F.15_01,9,3250
next_HC,next,tai50_20_09.F.15_01,10,3232
next_HC,next,tai50_20_09.F.15_01,11,3204
next_HC,next,tai50_20_09.F.15_01,12,3211
next_HC,next,tai50_20_09.F.15_01,13,3229
next_HC,next,tai50_20_09.F.15_01,14,3231
next_HC,next,tai50_20_09.F.15_01,15,3295
next_HC,next,tai50_20_09.F.15_01,16,3239
next_HC,next,tai50_20_09.F.15_01,17,3163
next_HC,next,tai50_20_09.F.15_01,18,3240
next_HC,next,tai50_20_09.F.15_01,19,3257
next_HC,next,tai50_20_09.F.15_01,20,3211
next_HC,next,tai50_20_09.F.15_01,21,3193
next_HC,next,tai50_20_09.F.15_01,22,3238
next_HC,next,tai50_20_09.F.15_01,23,3231
next_HC,next,tai50_20_09.F.15_01,24,3228
next_HC,next,tai50_20_09.F.15_01,25,3155
next_HC,next,tai50_20_09.F.15_01,26,3249
next_HC,next,tai50_20_09.F.15_01,27,3230
next_HC,next,tai50_20_09.F.15_01,28,3202
next_HC,next,tai50_20_09.F.15_01,29,3238
next_HC,next,tai50_20_09.F.15_01,30,3171
next_HC,next,tai50_20_10.F.15_01,1,3170
next_HC,next,tai50_20_10.F.15_01,2,3172
next_HC,next,tai50_20_10.F.15_01,3,3221
next_HC,next,tai50_20_10.F.15_01,4,3245
next_HC,next,tai50_20_10.F.15_01,5,3222
next_HC,next,tai50_20_10.F.15_01,6,3241
next_HC,next,tai50_20_10.F.15_01,7,3193
next_HC,next,tai50_20_10.F.15_01,8,3287
next_HC,next,tai50_20_10.F.15_01,9,3237
next_HC,next,tai50_20_10.F.15_01,10,3264
next_HC,next,tai50_20_10.F.15_01,11,3186
next_HC,next,tai50_20_10.F.15_01,12,3218
next_HC,next,tai50_20_10.F.15_01,13,3201
next_HC,next,tai50_20_10.F.15_01,14,3165
next_HC,next,tai50_20_10.F.15_01,15,3314
next_HC,next,tai50_20_10.F.15_01,16,3248
next_HC,next,tai50_20_10.F.15_01,17,3237
next_HC,next,tai50_20_10.F.15_01,18,3178
next_HC,next,tai50_20_10.F.15_01,19,3219
next_HC,next,tai50_20_10.F.15_01,20,3241
next_HC,next,tai50_20_10.F.15_01,21,3251
next_HC,next,tai50_20_10.F.15_01,22,3243
next_HC,next,tai50_20_10.F.15_01,23,3235
next_HC,next,tai50_20_10.F.15_01,24,3293
next_HC,next,tai50_20_10.F.15_01,25,3219
next_HC,next,tai50_20_10.F.15_01,26,3202
next_HC,next,tai50_20_10.F.15_01,27,3265
next_HC,next,tai50_20_10.F.15_01,28,3235
next_HC,next,tai50_20_10.F.15_01,29,3202
next_HC,next,tai50_20_10.F.15_01,30,3170
n8_HC,n8,F0.15.0.abz7_06,1,688
n8_HC,n8,F0.15.0.abz7_06,2,687
n8_HC,n8,F0.15.0.abz7_06,3,690
n8_HC,n8,F0.15.0.abz7_06,4,676
n8_HC,n8,F0.15.0.abz7_06,5,683
n8_HC,n8,F0.15.0.abz7_06,6,697
n8_HC,n8,F0.15.0.abz7_06,7,682
n8_HC,n8,F0.15.0.abz7_06,8,692
n8_HC,n8,F0.15.0.abz7_06,9,688
n8_HC,n8,F0.15.0.abz7_06,10,679
n8_HC,n8,F0.15.0.abz7_06,11,690
n8_HC,n8,F0.15.0.abz7_06,12,686
n8_HC,n8,F0.15.0.abz7_06,13,696
n8_HC,n8,F0.15.0.abz7_06,14,690
n8_HC,n8,F0.15.0.abz7_06,15,681
n8_HC,n8,F0.15.0.abz7_06,16,678
n8_HC,n8,F0.15.0.abz7_06,17,683
n8_HC,n8,F0.15.0.abz7_06,18,712
n8_HC,n8,F0.15.0.abz7_06,19,687
n8_HC,n8,F0.15.0.abz7_06,20,679
n8_HC,n8,F0.15.0.abz7_06,21,703
n8_HC,n8,F0.15.0.abz7_06,22,684
n8_HC,n8,F0.15.0.abz7_06,23,687
n8_HC,n8,F0.15.0.abz7_06,24,679
n8_HC,n8,F0.15.0.abz7_06,25,688
n8_HC,n8,F0.15.0.abz7_06,26,688
n8_HC,n8,F0.15.0.abz7_06,27,684
n8_HC,n8,F0.15.0.abz7_06,28,688
n8_HC,n8,F0.15.0.abz7_06,29,678
n8_HC,n8,F0.15.0.abz7_06,30,689
n8_HC,n8,F0.15.0.abz8_05,1,688
n8_HC,n8,F0.15.0.abz8_05,2,714
n8_HC,n8,F0.15.0.abz8_05,3,695
n8_HC,n8,F0.15.0.abz8_05,4,703
n8_HC,n8,F0.15.0.abz8_05,5,709
n8_HC,n8,F0.15.0.abz8_05,6,695
n8_HC,n8,F0.15.0.abz8_05,7,686
n8_HC,n8,F0.15.0.abz8_05,8,702
n8_HC,n8,F0.15.0.abz8_05,9,695
n8_HC,n8,F0.15.0.abz8_05,10,697
n8_HC,n8,F0.15.0.abz8_05,11,695
n8_HC,n8,F0.15.0.abz8_05,12,699
n8_HC,n8,F0.15.0.abz8_05,13,700
n8_HC,n8,F0.15.0.abz8_05,14,694
n8_HC,n8,F0.15.0.abz8_05,15,709
n8_HC,n8,F0.15.0.abz8_05,16,700
n8_HC,n8,F0.15.0.abz8_05,17,707
n8_HC,n8,F0.15.0.abz8_05,18,701
n8_HC,n8,F0.15.0.abz8_05,19,704
n8_HC,n8,F0.15.0.abz8_05,20,691
n8_HC,n8,F0.15.0.abz8_05,21,708
n8_HC,n8,F0.15.0.abz8_05,22,707
n8_HC,n8,F0.15.0.abz8_05,23,710
n8_HC,n8,F0.15.0.abz8_05,24,695
n8_HC,n8,F0.15.0.abz8_05,25,697
n8_HC,n8,F0.15.0.abz8_05,26,695
n8_HC,n8,F0.15.0.abz8_05,27,711
n8_HC,n8,F0.15.0.abz8_05,28,709
n8_HC,n8,F0.15.0.abz8_05,29,693
n8_HC,n8,F0.15.0.abz8_05,30,702
n8_HC,n8,F0.15.0.abz9_10,1,711
n8_HC,n8,F0.15.0.abz9_10,2,711
n8_HC,n8,F0.15.0.abz9_10,3,734
n8_HC,n8,F0.15.0.abz9_10,4,719
n8_HC,n8,F0.15.0.abz9_10,5,721
n8_HC,n8,F0.15.0.abz9_10,6,720
n8_HC,n8,F0.15.0.abz9_10,7,726
n8_HC,n8,F0.15.0.abz9_10,8,712
n8_HC,n8,F0.15.0.abz9_10,9,729
n8_HC,n8,F0.15.0.abz9_10,10,721
n8_HC,n8,F0.15.0.abz9_10,11,711
n8_HC,n8,F0.15.0.abz9_10,12,718
n8_HC,n8,F0.15.0.abz9_10,13,709
n8_HC,n8,F0.15.0.abz9_10,14,730
n8_HC,n8,F0.15.0.abz9_10,15,722
n8_HC,n8,F0.15.0.abz9_10,16,719
n8_HC,n8,F0.15.0.abz9_10,17,711
n8_HC,n8,F0.15.0.abz9_10,18,726
n8_HC,n8,F0.15.0.abz9_10,19,728
n8_HC,n8,F0.15.0.abz9_10,20,712
n8_HC,n8,F0.15.0.abz9_10,21,724
n8_HC,n8,F0.15.0.abz9_10,22,727
n8_HC,n8,F0.15.0.abz9_10,23,725
n8_HC,n8,F0.15.0.abz9_10,24,716
n8_HC,n8,F0.15.0.abz9_10,25,716
n8_HC,n8,F0.15.0.abz9_10,26,739
n8_HC,n8,F0.15.0.abz9_10,27,727
n8_HC,n8,F0.15.0.abz9_10,28,723
n8_HC,n8,F0.15.0.abz9_10,29,718
n8_HC,n8,F0.15.0.abz9_10,30,727
n8_HC,n8,F0.15.0.ft10_10,1,930
n8_HC,n8,F0.15.0.ft10_10,2,941
n8_HC,n8,F0.15.0.ft10_10,3,938
n8_HC,n8,F0.15.0.ft10_10,4,942
n8_HC,n8,F0.15.0.ft10_10,5,930
n8_HC,n8,F0.15.0.ft10_10,6,930
n8_HC,n8,F0.15.0.ft10_10,7,930
n8_HC,n8,F0.15.0.ft10_10,8,951
n8_HC,n8,F0.15.0.ft10_10,9,948
n8_HC,n8,F0.15.0.ft10_10,10,930
n8_HC,n8,F0.15.0.ft10_10,11,936
n8_HC,n8,F0.15.0.ft10_10,12,967
n8_HC,n8,F0.15.0.ft10_10,13,937
n8_HC,n8,F0.15.0.ft10_10,14,930
n8_HC,n8,F0.15.0.ft10_10,15,949
n8_HC,n8,F0.15.0.ft10_10,16,938
n8_HC,n8,F0.15.0.ft10_10,17,930
n8_HC,n8,F0.15.0.ft10_10,18,930
n8_HC,n8,F0.15.0.ft10_10,19,937
n8_HC,n8,F0.15.0.ft10_10,20,930
n8_HC,n8,F0.15.0.ft10_10,21,958
n8_HC,n8,F0.15.0.ft10_10,22,938
n8_HC,n8,F0.15.0.ft10_10,23,930
n8_HC,n8,F0.15.0.ft10_10,24,956
n8_HC,n8,F0.15.0.ft10_10,25,930
n8_HC,n8,F0.15.0.ft10_10,26,937
n8_HC,n8,F0.15.0.ft10_10,27,943
n8_HC,n8,F0.15.0.ft10_10,28,937
n8_HC,n8,F0.15.0.ft10_10,29,937
n8_HC,n8,F0.15.0.ft10_10,30,951
n8_HC,n8,F0.15.0.ft20_05,1,1192
n8_HC,n8,F0.15.0.ft20_05,2,1178
n8_HC,n8,F0.15.0.ft20_05,3,1173
n8_HC,n8,F0.15.0.ft20_05,4,1178
n8_HC,n8,F0.15.0.ft20_05,5,1165
n8_HC,n8,F0.15.0.ft20_05,6,1178
n8_HC,n8,F0.15.0.ft20_05,7,1180
n8_HC,n8,F0.15.0.ft20_05,8,1178
n8_HC,n8,F0.15.0.ft20_05,9,1175
n8_HC,n8,F0.15.0.ft20_05,10,1178
n8_HC,n8,F0.15.0.ft20_05,11,1178
n8_HC,n8,F0.15.0.ft20_05,12,1178
n8_HC,n8,F0.15.0.ft20_05,13,1180
n8_HC,n8,F0.15.0.ft20_05,14,1178
n8_HC,n8,F0.15.0.ft20_05,15,1173
n8_HC,n8,F0.15.0.ft20_05,16,1173
n8_HC,n8,F0.15.0.ft20_05,17,1178
n8_HC,n8,F0.15.0.ft20_05,18,1173
n8_HC,n8,F0.15.0.ft20_05,19,1182
n8_HC,n8,F0.15.0.ft20_05,20,1178
n8_HC,n8,F0.15.0.ft20_05,21,1178
n8_HC,n8,F0.15.0.ft20_05,22,1173
n8_HC,n8,F0.15.0.ft20_05,23,1178
n8_HC,n8,F0.15.0.ft20_05,24,1180
n8_HC,n8,F0.15.0.ft20_05,25,1180
n8_HC,n8,F0.15.0.ft20_05,26,1180
n8_HC,n8,F0.15.0.ft20_05,27,1178
n8_HC,n8,F0.15.0.ft20_05,28,1165
n8_HC,n8,F0.15.0.ft20_05,29,1182
n8_HC,n8,F0.15.0.ft20_05,30,1178
n8_HC,n8,F0.15.0.la21_04,1,1066
n8_HC,n8,F0.15.0.la21_04,2,1061
n8_HC,n8,F0.15.0.la21_04,3,1065
n8_HC,n8,F0.15.0.la21_04,4,1058
n8_HC,n8,F0.15.0.la21_04,5,1073
n8_HC,n8,F0.15.0.la21_04,6,1074
n8_HC,n8,F0.15.0.la21_04,7,1055
n8_HC,n8,F0.15.0.la21_04,8,1058
n8_HC,n8,F0.15.0.la21_04,9,1065
n8_HC,n8,F0.15.0.la21_04,10,1063
n8_HC,n8,F0.15.0.la21_04,11,1060
n8_HC,n8,F0.15.0.la21_04,12,1061
n8_HC,n8,F0.15.0.la21_04,13,1062
n8_HC,n8,F0.15.0.la21_04,14,1061
n8_HC,n8,F0.15.0.la21_04,15,1056
n8_HC,n8,F0.15.0.la21_04,16,1055
n8_HC,n8,F0.15.0.la21_04,17,1055
n8_HC,n8,F0.15.0.la21_04,18,1061
n8_HC,n8,F0.15.0.la21_04,19,1055
n8_HC,n8,F0.15.0.la21_04,20,1068
n8_HC,n8,F0.15.0.la21_04,21,1082
n8_HC,n8,F0.15.0.la21_04,22,1055
n8_HC,n8,F0.15.0.la21_04,23,1059
n8_HC,n8,F0.15.0.la21_04,24,1055
n8_HC,n8,F0.15.0.la21_04,25,1056
n8_HC,n8,F0.15.0.la21_04,26,1047
n8_HC,n8,F0.15.0.la21_04,27,1058
n8_HC,n8,F0.15.0.la21_04,28,1069
n8_HC,n8,F0.15.0.la21_04,29,1055
n8_HC,n8,F0.15.0.la21_04,30,1063
n8_HC,n8,F0.15.0.la24_03,1,959
n8_HC,n8,F0.15.0.la24_03,2,973
n8_HC,n8,F0.15.0.la24_03,3,962
n8_HC,n8,F0.15.0.la24_03,4,944
n8_HC,n8,F0.15.0.la24_03,5,958
n8_HC,n8,F0.15.0.la24_03,6,955
n8_HC,n8,F0.15.0.la24_03,7,967
n8_HC,n8,F0.15.0.la24_03,8,954
n8_HC,n8,F0.15.0.la24_03,9,947
n8_HC,n8,F0.15.0.la24_03,10,971
n8_HC,n8,F0.15.0.la24_03,11,943
n8_HC,n8,F0.15.0.la24_03,12,967
n8_HC,n8,F0.15.0.la24_03,13,953
n8_HC,n8,F0.15.0.la24_03,14,973
n8_HC,n8,F0.15.0.la24_03,15,967
n8_HC,n8,F0.15.0.la24_03,16,962
n8_HC,n8,F0.15.0.la24_03,17,955
n8_HC,n8,F0.15.0.la24_03,18,967
n8_HC,n8,F0.15.0.la24_03,19,954
n8_HC,n8,F0.15.0.la24_03,20,967
n8_HC,n8,F0.15.0.la24_03,21,955
n8_HC,n8,F0.15.0.la24_03,22,971
n8_HC,n8,F0.15.0.la24_03,23,955
n8_HC,n8,F0.15.0.la24_03,24,967
n8_HC,n8,F0.15.0.la24_03,25,967
n8_HC,n8,F0.15.0.la24_03,26,958
n8_HC,n8,F0.15.0.la24_03,27,955
n8_HC,n8,F0.15.0.la24_03,28,971
n8_HC,n8,F0.15.0.la24_03,29,971
n8_HC,n8,F0.15.0.la24_03,30,947
n8_HC,n8,F0.15.0.la25_04,1,986
n8_HC,n8,F0.15.0.la25_04,2,986
n8_HC,n8,F0.15.0.la25_04,3,984
n8_HC,n8,F0.15.0.la25_04,4,996
n8_HC,n8,F0.15.0.la25_04,5,984
n8_HC,n8,F0.15.0.la25_04,6,993
n8_HC,n8,F0.15.0.la25_04,7,1001
n8_HC,n8,F0.15.0.la25_04,8,986
n8_HC,n8,F0.15.0.la25_04,9,984
n8_HC,n8,F0.15.0.la25_04,10,992
n8_HC,n8,F0.15.0.la25_04,11,986
n8_HC,n8,F0.15.0.la25_04,12,986
n8_HC,n8,F0.15.0.la25_04,13,992
n8_HC,n8,F0.15.0.la25_04,14,990
n8_HC,n8,F0.15.0.la25_04,15,986
n8_HC,n8,F0.15.0.la25_04,16,996
n8_HC,n8,F0.15.0.la25_04,17,984
n8_HC,n8,F0.15.0.la25_04,18,992
n8_HC,n8,F0.15.0.la25_04,19,992
n8_HC,n8,F0.15.0.la25_04,20,1005
n8_HC,n8,F0.15.0.la25_04,21,989
n8_HC,n8,F0.15.0.la25_04,22,986
n8_HC,n8,F0.15.0.la25_04,23,984
n8_HC,n8,F0.15.0.la25_04,24,986
n8_HC,n8,F0.15.0.la25_04,25,984
n8_HC,n8,F0.15.0.la25_04,26,991
n8_HC,n8,F0.15.0.la25_04,27,984
n8_HC,n8,F0.15.0.la25_04,28,989
n8_HC,n8,F0.15.0.la25_04,29,988
n8_HC,n8,F0.15.0.la25_04,30,986
n8_HC,n8,F0.15.0.la27_09,1,1275
n8_HC,n8,F0.15.0.la27_09,2,1269
n8_HC,n8,F0.15.0.la27_09,3,1258
n8_HC,n8,F0.15.0.la27_09,4,1269
n8_HC,n8,F0.15.0.la27_09,5,1269
n8_HC,n8,F0.15.0.la27_09,6,1254
n8_HC,n8,F0.15.0.la27_09,7,1268
n8_HC,n8,F0.15.0.la27_09,8,1278
n8_HC,n8,F0.15.0.la27_09,9,1278
n8_HC,n8,F0.15.0.la27_09,10,1274
n8_HC,n8,F0.15.0.la27_09,11,1287
n8_HC,n8,F0.15.0.la27_09,12,1269
n8_HC,n8,F0.15.0.la27_09,13,1270
n8_HC,n8,F0.15.0.la27_09,14,1269
n8_HC,n8,F0.15.0.la27_09,15,1272
n8_HC,n8,F0.15.0.la27_09,16,1269
n8_HC,n8,F0.15.0.la27_09,17,1269
n8_HC,n8,F0.15.0.la27_09,18,1262
n8_HC,n8,F0.15.0.la27_09,19,1268
n8_HC,n8,F0.15.0.la27_09,20,1272
n8_HC,n8,F0.15.0.la27_09,21,1274
n8_HC,n8,F0.15.0.la27_09,22,1269
n8_HC,n8,F0.15.0.la27_09,23,1269
n8_HC,n8,F0.15.0.la27_09,24,1269
n8_HC,n8,F0.15.0.la27_09,25,1269
n8_HC,n8,F0.15.0.la27_09,26,1272
n8_HC,n8,F0.15.0.la27_09,27,1274
n8_HC,n8,F0.15.0.la27_09,28,1269
n8_HC,n8,F0.15.0.la27_09,29,1294
n8_HC,n8,F0.15.0.la27_09,30,1269
n8_HC,n8,F0.15.0.la29_03,1,1191
n8_HC,n8,F0.15.0.la29_03,2,1192
n8_HC,n8,F0.15.0.la29_03,3,1201
n8_HC,n8,F0.15.0.la29_03,4,1204
n8_HC,n8,F0.15.0.la29_03,5,1201
n8_HC,n8,F0.15.0.la29_03,6,1201
n8_HC,n8,F0.15.0.la29_03,7,1236
n8_HC,n8,F0.15.0.la29_03,8,1189
n8_HC,n8,F0.15.0.la29_03,9,1222
n8_HC,n8,F0.15.0.la29_03,10,1200
n8_HC,n8,F0.15.0.la29_03,11,1202
n8_HC,n8,F0.15.0.la29_03,12,1201
n8_HC,n8,F0.15.0.la29_03,13,1206
n8_HC,n8,F0.15.0.la29_03,14,1194
n8_HC,n8,F0.15.0.la29_03,15,1219
n8_HC,n8,F0.15.0.la29_03,16,1192
n8_HC,n8,F0.15.0.la29_03,17,1194
n8_HC,n8,F0.15.0.la29_03,18,1206
n8_HC,n8,F0.15.0.la29_03,19,1206
n8_HC,n8,F0.15.0.la29_03,20,1217
n8_HC,n8,F0.15.0.la29_03,21,1186
n8_HC,n8,F0.15.0.la29_03,22,1205
n8_HC,n8,F0.15.0.la29_03,23,1206
n8_HC,n8,F0.15.0.la29_03,24,1200
n8_HC,n8,F0.15.0.la29_03,25,1209
n8_HC,n8,F0.15.0.la29_03,26,1211
n8_HC,n8,F0.15.0.la29_03,27,1191
n8_HC,n8,F0.15.0.la29_03,28,1209
n8_HC,n8,F0.15.0.la29_03,29,1222
n8_HC,n8,F0.15.0.la29_03,30,1202
n8_HC,n8,F0.15.0.la38_06,1,1239
n8_HC,n8,F0.15.0.la38_06,2,1239
n8_HC,n8,F0.15.0.la38_06,3,1240
n8_HC,n8,F0.15.0.la38_06,4,1242
n8_HC,n8,F0.15.0.la38_06,5,1239
n8_HC,n8,F0.15.0.la38_06,6,1258
n8_HC,n8,F0.15.0.la38_06,7,1247
n8_HC,n8,F0.15.0.la38_06,8,1247
n8_HC,n8,F0.15.0.la38_06,9,1232
n8_HC,n8,F0.15.0.la38_06,10,1230
n8_HC,n8,F0.15.0.la38_06,11,1239
n8_HC,n8,F0.15.0.la38_06,12,1239
n8_HC,n8,F0.15.0.la38_06,13,1239
n8_HC,n8,F0.15.0.la38_06,14,1240
n8_HC,n8,F0.15.0.la38_06,15,1236
n8_HC,n8,F0.15.0.la38_06,16,1240
n8_HC,n8,F0.15.0.la38_06,17,1252
n8_HC,n8,F0.15.0.la38_06,18,1216
n8_HC,n8,F0.15.0.la38_06,19,1261
n8_HC,n8,F0.15.0.la38_06,20,1239
n8_HC,n8,F0.15.0.la38_06,21,1233
n8_HC,n8,F0.15.0.la38_06,22,1230
n8_HC,n8,F0.15.0.la38_06,23,1248
n8_HC,n8,F0.15.0.la38_06,24,1216
n8_HC,n8,F0.15.0.la38_06,25,1228
n8_HC,n8,F0.15.0.la38_06,26,1239
n8_HC,n8,F0.15.0.la38_06,27,1256
n8_HC,n8,F0.15.0.la38_06,28,1215
n8_HC,n8,F0.15.0.la38_06,29,1233
n8_HC,n8,F0.15.0.la38_06,30,1252
n8_HC,n8,F0.15.0.la40_05,1,1252
n8_HC,n8,F0.15.0.la40_05,2,1247
n8_HC,n8,F0.15.0.la40_05,3,1233
n8_HC,n8,F0.15.0.la40_05,4,1252
n8_HC,n8,F0.15.0.la40_05,5,1246
n8_HC,n8,F0.15.0.la40_05,6,1246
n8_HC,n8,F0.15.0.la40_05,7,1251
n8_HC,n8,F0.15.0.la40_05,8,1249
n8_HC,n8,F0.15.0.la40_05,9,1269
n8_HC,n8,F0.15.0.la40_05,10,1269
n8_HC,n8,F0.15.0.la40_05,11,1252
n8_HC,n8,F0.15.0.la40_05,12,1269
n8_HC,n8,F0.15.0.la40_05,13,1252
n8_HC,n8,F0.15.0.la40_05,14,1228
n8_HC,n8,F0.15.0.la40_05,15,1252
n8_HC,n8,F0.15.0.la40_05,16,1251
n8_HC,n8,F0.15.0.la40_05,17,1252
n8_HC,n8,F0.15.0.la40_05,18,1233
n8_HC,n8,F0.15.0.la40_05,19,1252
n8_HC,n8,F0.15.0.la40_05,20,1269
n8_HC,n8,F0.15.0.la40_05,21,1252
n8_HC,n8,F0.15.0.la40_05,22,1254
n8_HC,n8,F0.15.0.la40_05,23,1246
n8_HC,n8,F0.15.0.la40_05,24,1254
n8_HC,n8,F0.15.0.la40_05,25,1241
n8_HC,n8,F0.15.0.la40_05,26,1256
n8_HC,n8,F0.15.0.la40_05,27,1254
n8_HC,n8,F0.15.0.la40_05,28,1242
n8_HC,n8,F0.15.0.la40_05,29,1252
n8_HC,n8,F0.15.0.la40_05,30,1242
n8_HC,n8,tai15_15_01.F.15_01,1,1262
n8_HC,n8,tai15_15_01.F.15_01,2,1254
n8_HC,n8,tai15_15_01.F.15_01,3,1261
n8_HC,n8,tai15_15_01.F.15_01,4,1292
n8_HC,n8,tai15_15_01.F.15_01,5,1257
n8_HC,n8,tai15_15_01.F.15_01,6,1249
n8_HC,n8,tai15_15_01.F.15_01,7,1290
n8_HC,n8,tai15_15_01.F.15_01,8,1260
n8_HC,n8,tai15_15_01.F.15_01,9,1295
n8_HC,n8,tai15_15_01.F.15_01,10,1254
n8_HC,n8,tai15_15_01.F.15_01,11,1253
n8_HC,n8,tai15_15_01.F.15_01,12,1283
n8_HC,n8,tai15_15_01.F.15_01,13,1263
n8_HC,n8,tai15_15_01.F.15_01,14,1256
n8_HC,n8,tai15_15_01.F.15_01,15,1281
n8_HC,n8,tai15_15_01.F.15_01,16,1262
n8_HC,n8,tai15_15_01.F.15_01,17,1273
n8_HC,n8,tai15_15_01.F.15_01,18,1283
n8_HC,n8,tai15_15_01.F.15_01,19,1270
n8_HC,n8,tai15_15_01.F.15_01,20,1281
n8_HC,n8,tai15_15_01.F.15_01,21,1292
n8_HC,n8,tai15_15_01.F.15_01,22,1256
n8_HC,n8,tai15_15_01.F.15_01,23,1294
n8_HC,n8,tai15_15_01.F.15_01,24,1286
n8_HC,n8,tai15_15_01.F.15_01,25,1279
n8_HC,n8,tai15_15_01.F.15_01,26,1274
n8_HC,n8,tai15_15_01.F.15_01,27,1264
n8_HC,n8,tai15_15_01.F.15_01,28,1278
n8_HC,n8,tai15_15_01.F.15_01,29,1262
n8_HC,n8,tai15_15_01.F.15_01,30,1272
n8_HC,n8,tai15_15_02.F.15_01,1,1269
n8_HC,n8,tai15_15_02.F.15_01,2,1264
n8_HC,n8,tai15_15_02.F.15_01,3,1282
n8_HC,n8,tai15_15_02.F.15_01,4,1270
n8_HC,n8,tai15_15_02.F.15_01,5,1272
n8_HC,n8,tai15_15_02.F.15_01,6,1278
n8_HC,n8,tai15_15_02.F.15_01,7,1263
n8_HC,n8,tai15_15_02.F.15_01,8,1264
n8_HC,n8,tai15_15_02.F.15_01,9,1278
n8_HC,n8,tai15_15_02.F.15_01,10,1263
n8_HC,n8,tai15_15_02.F.15_01,11,1259
n8_HC,n8,tai15_15_02.F.15_01,12,1269
n8_HC,n8,tai15_15_02.F.15_01,13,1272
n8_HC,n8,tai15_15_02.F.15_01,14,1278
n8_HC,n8,tai15_15_02.F.15_01,15,1258
n8_HC,n8,tai15_15_02.F.15_01,16,1258
n8_HC,n8,tai15_15_02.F.15_01,17,1268
n8_HC,n8,tai15_15_02.F.15_01,18,1278
n8_HC,n8,tai15_15_02.F.15_01,19,1272
n8_HC,n8,tai15_15_02.F.15_01,20,1258
n8_HC,n8,tai15_15_02.F.15_01,21,1276
n8_HC,n8,tai15_15_02.F.15_01,22,1271
n8_HC,n8,tai15_15_02.F.15_01,23,1278
n8_HC,n8,tai15_15_02.F.15_01,24,1269
n8_HC,n8,tai15_15_02.F.15_01,25,1281
n8_HC,n8,tai15_15_02.F.15_01,26,1260
n8_HC,n8,tai15_15_02.F.15_01,27,1269
n8_HC,n8,tai15_15_02.F.15_01,28,1258
n8_HC,n8,tai15_15_02.F.15_01,29,1271
n8_HC,n8,tai15_15_02.F.15_01,30,1258
n8_HC,n8,tai15_15_03.F.15_01,1,1271
n8_HC,n8,tai15_15_03.F.15_01,2,1264
n8_HC,n8,tai15_15_03.F.15_01,3,1271
n8_HC,n8,tai15_15_03.F.15_01,4,1226
n8_HC,n8,tai15_15_03.F.15_01,5,1227
n8_HC,n8,tai15_15_03.F.15_01,6,1224
n8_HC,n8,tai15_15_03.F.15_01,7,1259
n8_HC,n8,tai15_15_03.F.15_01,8,1263
n8_HC,n8,tai15_15_03.F.15_01,9,1257
n8_HC,n8,tai15_15_03.F.15_01,10,1251
n8_HC,n8,tai15_15_03.F.15_01,11,1250
n8_HC,n8,tai15_15_03.F.15_01,12,1259
n8_HC,n8,tai15_15_03.F.15_01,13,1260
n8_HC,n8,tai15_15_03.F.15_01,14,1259
n8_HC,n8,tai15_15_03.F.15_01,15,1224
n8_HC,n8,tai15_15_03.F.15_01,16,1259
n8_HC,n8,tai15_15_03.F.15_01,17,1259
n8_HC,n8,tai15_15_03.F.15_01,18,1237
n8_HC,n8,tai15_15_03.F.15_01,19,1275
n8_HC,n8,tai15_15_03.F.15_01,20,1249
n8_HC,n8,tai15_15_03.F.15_01,21,1256
n8_HC,n8,tai15_15_03.F.15_01,22,1258
n8_HC,n8,tai15_15_03.F.15_01,23,1235
n8_HC,n8,tai15_15_03.F.15_01,24,1252
n8_HC,n8,tai15_15_03.F.15_01,25,1261
n8_HC,n8,tai15_15_03.F.15_01,26,1230
n8_HC,n8,tai15_15_03.F.15_01,27,1255
n8_HC,n8,tai15_15_03.F.15_01,28,1246
n8_HC,n8,tai15_15_03.F.15_01,29,1267
n8_HC,n8,tai15_15_03.F.15_01,30,1259
n8_HC,n8,tai15_15_04.F.15_01,1,1187
n8_HC,n8,tai15_15_04.F.15_01,2,1198
n8_HC,n8,tai15_15_04.F.15_01,3,1205
n8_HC,n8,tai15_15_04.F.15_01,4,1191
n8_HC,n8,tai15_15_04.F.15_01,5,1189
n8_HC,n8,tai15_15_04.F.15_01,6,1189
n8_HC,n8,tai15_15_04.F.15_01,7,1227
n8_HC,n8,tai15_15_04.F.15_01,8,1215
n8_HC,n8,tai15_15_04.F.15_01,9,1191
n8_HC,n8,tai15_15_04.F.15_01,10,1198
n8_HC,n8,tai15_15_04.F.15_01,11,1199
n8_HC,n8,tai15_15_04.F.15_01,12,1194
n8_HC,n8,tai15_15_04.F.15_01,13,1193
n8_HC,n8,tai15_15_04.F.15_01,14,1194
n8_HC,n8,tai15_15_04.F.15_01,15,1198
n8_HC,n8,tai15_15_04.F.15_01,16,1223
n8_HC,n8,tai15_15_04.F.15_01,17,1191
n8_HC,n8,tai15_15_04.F.15_01,18,1195
n8_HC,n8,tai15_15_04.F.15_01,19,1215
n8_HC,n8,tai15_15_04.F.15_01,20,1214
n8_HC,n8,tai15_15_04.F.15_01,21,1198
n8_HC,n8,tai15_15_04.F.15_01,22,1207
n8_HC,n8,tai15_15_04.F.15_01,23,1198
n8_HC,n8,tai15_15_04.F.15_01,24,1207
n8_HC,n8,tai15_15_04.F.15_01,25,1194
n8_HC,n8,tai15_15_04.F.15_01,26,1187
n8_HC,n8,tai15_15_04.F.15_01,27,1205
n8_HC,n8,tai15_15_04.F.15_01,28,1198
n8_HC,n8,tai15_15_04.F.15_01,29,1206
n8_HC,n8,tai15_15_04.F.15_01,30,1198
n8_HC,n8,tai15_15_05.F.15_01,1,1256
n8_HC,n8,tai15_15_05.F.15_01,2,1262
n8_HC,n8,tai15_15_05.F.15_01,3,1269
n8_HC,n8,tai15_15_05.F.15_01,4,1260
n8_HC,n8,tai15_15_05.F.15_01,5,1252
n8_HC,n8,tai15_15_05.F.15_01,6,1253
n8_HC,n8,tai15_15_05.F.15_01,7,1259
n8_HC,n8,tai15_15_05.F.15_01,8,1252
n8_HC,n8,tai15_15_05.F.15_01,9,1266
n8_HC,n8,tai15_15_05.F.15_01,10,1262
n8_HC,n8,tai15_15_05.F.15_01,11,1254
n8_HC,n8,tai15_15_05.F.15_01,12,1254
n8_HC,n8,tai15_15_05.F.15_01,13,1238
n8_HC,n8,tai15_15_05.F.15_01,14,1243
n8_HC,n8,tai15_15_05.F.15_01,15,1258
n8_HC,n8,tai15_15_05.F.15_01,16,1246
n8_HC,n8,tai15_15_05.F.15_01,17,1252
n8_HC,n8,tai15_15_05.F.15_01,18,1255
n8_HC,n8,tai15_15_05.F.15_01,19,1262
n8_HC,n8,tai15_15_05.F.15_01,20,1259
n8_HC,n8,tai15_15_05.F.15_01,21,1261
n8_HC,n8,tai15_15_05.F.15_01,22,1257
n8_HC,n8,tai15_15_05.F.15_01,23,1262
n8_HC,n8,tai15_15_05.F.15_01,24,1247
n8_HC,n8,tai15_15_05.F.15_01,25,1244
n8_HC,n8,tai15_15_05.F.15_01,26,1247
n8_HC,n8,tai15_15_05.F.15_01,27,1250
n8_HC,n8,tai15_15_05.F.15_01,28,1260
n8_HC,n8,tai15_15_05.F.15_01,29,1259
n8_HC,n8,tai15_15_05.F.15_01,30,1242
n8_HC,n8,tai15_15_06.F.15_01,1,1272
n8_HC,n8,tai15_15_06.F.15_01,2,1266
n8_HC,n8,tai15_15_06.F.15_01,3,1274
n8_HC,n8,tai15_15_06.F.15_01,4,1282
n8_HC,n8,tai15_15_06.F.15_01,5,1273
n8_HC,n8,tai15_15_06.F.15_01,6,1257
n8_HC,n8,tai15_15_06.F.15_01,7,1271
n8_HC,n8,tai15_15_06.F.15_01,8,1293
n8_HC,n8,tai15_15_06.F.15_01,9,1279
n8_HC,n8,tai15_15_06.F.15_01,10,1260
n8_HC,n8,tai15_15_06.F.15_01,11,1282
n8_HC,n8,tai15_15_06.F.15_01,12,1272
n8_HC,n8,tai15_15_06.F.15_01,13,1275
n8_HC,n8,tai15_15_06.F.15_01,14,1273
n8_HC,n8,tai15_15_06.F.15_01,15,1255
n8_HC,n8,tai15_15_06.F.15_01,16,1262
n8_HC,n8,tai15_15_06.F.15_01,17,1263
n8_HC,n8,tai15_15_06.F.15_01,18,1283
n8_HC,n8,tai15_15_06.F.15_01,19,1282
n8_HC,n8,tai15_15_06.F.15_01,20,1255
n8_HC,n8,tai15_15_06.F.15_01,21,1265
n8_HC,n8,tai15_15_06.F.15_01,22,1272
n8_HC,n8,tai15_15_06.F.15_01,23,1289
n8_HC,n8,tai15_15_06.F.15_01,24,1272
n8_HC,n8,tai15_15_06.F.15_01,25,1273
n8_HC,n8,tai15_15_06.F.15_01,26,1270
n8_HC,n8,tai15_15_06.F.15_01,27,1274
n8_HC,n8,tai15_15_06.F.15_01,28,1265
n8_HC,n8,tai15_15_06.F.15_01,29,1268
n8_HC,n8,tai15_15_06.F.15_01,30,1270
n8_HC,n8,tai15_15_07.F.15_01,1,1253
n8_HC,n8,tai15_15_07.F.15_01,2,1255
n8_HC,n8,tai15_15_07.F.15_01,3,1254
n8_HC,n8,tai15_15_07.F.15_01,4,1251
n8_HC,n8,tai15_15_07.F.15_01,5,1255
n8_HC,n8,tai15_15_07.F.15_01,6,1259
n8_HC,n8,tai15_15_07.F.15_01,7,1255
n8_HC,n8,tai15_15_07.F.15_01,8,1249
n8_HC,n8,tai15_15_07.F.15_01,9,1240
n8_HC,n8,tai15_15_07.F.15_01,10,1249
n8_HC,n8,tai15_15_07.F.15_01,11,1254
n8_HC,n8,tai15_15_07.F.15_01,12,1256
n8_HC,n8,tai15_15_07.F.15_01,13,1266
n8_HC,n8,tai15_15_07.F.15_01,14,1251
n8_HC,n8,tai15_15_07.F.15_01,15,1259
n8_HC,n8,tai15_15_07.F.15_01,16,1259
n8_HC,n8,tai15_15_07.F.15_01,17,1258
n8_HC,n8,tai15_15_07.F.15_01,18,1259
n8_HC,n8,tai15_15_07.F.15_01,19,1248
n8_HC,n8,tai15_15_07.F.15_01,20,1253
n8_HC,n8,tai15_15_07.F.15_01,21,1254
n8_HC,n8,tai15_15_07.F.15_01,22,1246
n8_HC,n8,tai15_15_07.F.15_01,23,1249
n8_HC,n8,tai15_15_07.F.15_01,24,1253
n8_HC,n8,tai15_15_07.F.15_01,25,1253
n8_HC,n8,tai15_15_07.F.15_01,26,1261
n8_HC,n8,tai15_15_07.F.15_01,27,1253
n8_HC,n8,tai15_15_07.F.15_01,28,1253
n8_HC,n8,tai15_15_07.F.15_01,29,1258
n8_HC,n8,tai15_15_07.F.15_01,30,1255
n8_HC,n8,tai15_15_08.F.15_01,1,1229
n8_HC,n8,tai15_15_08.F.15_01,2,1248
n8_HC,n8,tai15_15_08.F.15_01,3,1229
n8_HC,n8,tai15_15_08.F.15_01,4,1222
n8_HC,n8,tai15_15_08.F.15_01,5,1230
n8_HC,n8,tai15_15_08.F.15_01,6,1249
n8_HC,n8,tai15_15_08.F.15_01,7,1257
n8_HC,n8,tai15_15_08.F.15_01,8,1251
n8_HC,n8,tai15_15_08.F.15_01,9,1227
n8_HC,n8,tai15_15_08.F.15_01,10,1257
n8_HC,n8,tai15_15_08.F.15_01,11,1266
n8_HC,n8,tai15_15_08.F.15_01,12,1254
n8_HC,n8,tai15_15_08.F.15_01,13,1257
n8_HC,n8,tai15_15_08.F.15_01,14,1269
n8_HC,n8,tai15_15_08.F.15_01,15,1229
n8_HC,n8,tai15_15_08.F.15_01,16,1237
n8_HC,n8,tai15_15_08.F.15_01,17,1272
n8_HC,n8,tai15_15_08.F.15_01,18,1246
n8_HC,n8,tai15_15_08.F.15_01,19,1257
n8_HC,n8,tai15_15_08.F.15_01,20,1252
n8_HC,n8,tai15_15_08.F.15_01,21,1230
n8_HC,n8,tai15_15_08.F.15_01,22,1268
n8_HC,n8,tai15_15_08.F.15_01,23,1244
n8_HC,n8,tai15_15_08.F.15_01,24,1218
n8_HC,n8,tai15_15_08.F.15_01,25,1268
n8_HC,n8,tai15_15_08.F.15_01,26,1218
n8_HC,n8,tai15_15_08.F.15_01,27,1252
n8_HC,n8,tai15_15_08.F.15_01,28,1257
n8_HC,n8,tai15_15_08.F.15_01,29,1247
n8_HC,n8,tai15_15_08.F.15_01,30,1244
n8_HC,n8,tai15_15_09.F.15_01,1,1305
n8_HC,n8,tai15_15_09.F.15_01,2,1353
n8_HC,n8,tai15_15_09.F.15_01,3,1340
n8_HC,n8,tai15_15_09.F.15_01,4,1320
n8_HC,n8,tai15_15_09.F.15_01,5,1319
n8_HC,n8,tai15_15_09.F.15_01,6,1342
n8_HC,n8,tai15_15_09.F.15_01,7,1339
n8_HC,n8,tai15_15_09.F.15_01,8,1305
n8_HC,n8,tai15_15_09.F.15_01,9,1320
n8_HC,n8,tai15_15_09.F.15_01,10,1344
n8_HC,n8,tai15_15_09.F.15_01,11,1305
n8_HC,n8,tai15_15_09.F.15_01,12,1305
n8_HC,n8,tai15_15_09.F.15_01,13,1317
n8_HC,n8,tai15_15_09.F.15_01,14,1326
n8_HC,n8,tai15_15_09.F.15_01,15,1305
n8_HC,n8,tai15_15_09.F.15_01,16,1320
n8_HC,n8,tai15_15_09.F.15_01,17,1324
n8_HC,n8,tai15_15_09.F.15_01,18,1332
n8_HC,n8,tai15_15_09.F.15_01,19,1350
n8_HC,n8,tai15_15_09.F.15_01,20,1333
n8_HC,n8,tai15_15_09.F.15_01,21,1318
n8_HC,n8,tai15_15_09.F.15_01,22,1305
n8_HC,n8,tai15_15_09.F.15_01,23,1339
n8_HC,n8,tai15_15_09.F.15_01,24,1341
n8_HC,n8,tai15_15_09.F.15_01,25,1305
n8_HC,n8,tai15_15_09.F.15_01,26,1305
n8_HC,n8,tai15_15_09.F.15_01,27,1305
n8_HC,n8,tai15_15_09.F.15_01,28,1320
n8_HC,n8,tai15_15_09.F.15_01,29,1332
n8_HC,n8,tai15_15_09.F.15_01,30,1345
n8_HC,n8,tai15_15_10.F.15_01,1,1282
n8_HC,n8,tai15_15_10.F.15_01,2,1302
n8_HC,n8,tai15_15_10.F.15_01,3,1285
n8_HC,n8,tai15_15_10.F.15_01,4,1243
n8_HC,n8,tai15_15_10.F.15_01,5,1292
n8_HC,n8,tai15_15_10.F.15_01,6,1270
n8_HC,n8,tai15_15_10.F.15_01,7,1282
n8_HC,n8,tai15_15_10.F.15_01,8,1310
n8_HC,n8,tai15_15_10.F.15_01,9,1286
n8_HC,n8,tai15_15_10.F.15_01,10,1296
n8_HC,n8,tai15_15_10.F.15_01,11,1293
n8_HC,n8,tai15_15_10.F.15_01,12,1285
n8_HC,n8,tai15_15_10.F.15_01,13,1288
n8_HC,n8,tai15_15_10.F.15_01,14,1307
n8_HC,n8,tai15_15_10.F.15_01,15,1281
n8_HC,n8,tai15_15_10.F.15_01,16,1310
n8_HC,n8,tai15_15_10.F.15_01,17,1302
n8_HC,n8,tai15_15_10.F.15_01,18,1284
n8_HC,n8,tai15_15_10.F.15_01,19,1293
n8_HC,n8,tai15_15_10.F.15_01,20,1287
n8_HC,n8,tai15_15_10.F.15_01,21,1265
n8_HC,n8,tai15_15_10.F.15_01,22,1291
n8_HC,n8,tai15_15_10.F.15_01,23,1289
n8_HC,n8,tai15_15_10.F.15_01,24,1283
n8_HC,n8,tai15_15_10.F.15_01,25,1264
n8_HC,n8,tai15_15_10.F.15_01,26,1261
n8_HC,n8,tai15_15_10.F.15_01,27,1292
n8_HC,n8,tai15_15_10.F.15_01,28,1283
n8_HC,n8,tai15_15_10.F.15_01,29,1269
n8_HC,n8,tai15_15_10.F.15_01,30,1302
n8_HC,n8,tai20_15_01.F.15_01,1,1458
n8_HC,n8,tai20_15_01.F.15_01,2,1455
n8_HC,n8,tai20_15_01.F.15_01,3,1420
n8_HC,n8,tai20_15_01.F.15_01,4,1410
n8_HC,n8,tai20_15_01.F.15_01,5,1433
n8_HC,n8,tai20_15_01.F.15_01,6,1431
n8_HC,n8,tai20_15_01.F.15_01,7,1437
n8_HC,n8,tai20_15_01.F.15_01,8,1441
n8_HC,n8,tai20_15_01.F.15_01,9,1484
n8_HC,n8,tai20_15_01.F.15_01,10,1390
n8_HC,n8,tai20_15_01.F.15_01,11,1476
n8_HC,n8,tai20_15_01.F.15_01,12,1443
n8_HC,n8,tai20_15_01.F.15_01,13,1417
n8_HC,n8,tai20_15_01.F.15_01,14,1433
n8_HC,n8,tai20_15_01.F.15_01,15,1440
n8_HC,n8,tai20_15_01.F.15_01,16,1422
n8_HC,n8,tai20_15_01.F.15_01,17,1435
n8_HC,n8,tai20_15_01.F.15_01,18,1420
n8_HC,n8,tai20_15_01.F.15_01,19,1431
n8_HC,n8,tai20_15_01.F.15_01,20,1391
n8_HC,n8,tai20_15_01.F.15_01,21,1456
n8_HC,n8,tai20_15_01.F.15_01,22,1428
n8_HC,n8,tai20_15_01.F.15_01,23,1468
n8_HC,n8,tai20_15_01.F.15_01,24,1435
n8_HC,n8,tai20_15_01.F.15_01,25,1430
n8_HC,n8,tai20_15_01.F.15_01,26,1424
n8_HC,n8,tai20_15_01.F.15_01,27,1446
n8_HC,n8,tai20_15_01.F.15_01,28,1428
n8_HC,n8,tai20_15_01.F.15_01,29,1424
n8_HC,n8,tai20_15_01.F.15_01,30,1414
n8_HC,n8,tai20_15_02.F.15_01,1,1410
n8_HC,n8,tai20_15_02.F.15_01,2,1408
n8_HC,n8,tai20_15_02.F.15_01,3,1432
n8_HC,n8,tai20_15_02.F.15_01,4,1451
n8_HC,n8,tai20_15_02.F.15_01,5,1437
n8_HC,n8,tai20_15_02.F.15_01,6,1433
n8_HC,n8,tai20_15_02.F.15_01,7,1413
n8_HC,n8,tai20_15_02.F.15_01,8,1403
n8_HC,n8,tai20_15_02.F.15_01,9,1406
n8_HC,n8,tai20_15_02.F.15_01,10,1424
n8_HC,n8,tai20_15_02.F.15_01,11,1429
n8_HC,n8,tai20_15_02.F.15_01,12,1390
n8_HC,n8,tai20_15_02.F.15_01,13,1438
n8_HC,n8,tai20_15_02.F.15_01,14,1458
n8_HC,n8,tai20_15_02.F.15_01,15,1452
n8_HC,n8,tai20_15_02.F.15_01,16,1429
n8_HC,n8,tai20_15_02.F.15_01,17,1423
n8_HC,n8,tai20_15_02.F.15_01,18,1438
n8_HC,n8,tai20_15_02.F.15_01,19,1428
n8_HC,n8,tai20_15_02.F.15_01,20,1417
n8_HC,n8,tai20_15_02.F.15_01,21,1432
n8_HC,n8,tai20_15_02.F.15_01,22,1418
n8_HC,n8,tai20_15_02.F.15_01,23,1424
n8_HC,n8,tai20_15_02.F.15_01,24,1448
n8_HC,n8,tai20_15_02.F.15_01,25,1389
n8_HC,n8,tai20_15_02.F.15_01,26,1423
n8_HC,n8,tai20_15_02.F.15_01,27,1432
n8_HC,n8,tai20_15_02.F.15_01,28,1434
n8_HC,n8,tai20_15_02.F.15_01,29,1429
n8_HC,n8,tai20_15_02.F.15_01,30,1426
n8_HC,n8,tai20_15_03.F.15_01,1,1445
n8_HC,n8,tai20_15_03.F.15_01,2,1436
n8_HC,n8,tai20_15_03.F.15_01,3,1403
n8_HC,n8,tai20_15_03.F.15_01,4,1439
n8_HC,n8,tai20_15_03.F.15_01,5,1389
n8_HC,n8,tai20_15_03.F.15_01,6,1416
n8_HC,n8,tai20_15_03.F.15_01,7,1391
n8_HC,n8,tai20_15_03.F.15_01,8,1401
n8_HC,n8,tai20_15_03.F.15_01,9,1420
n8_HC,n8,tai20_15_03.F.15_01,10,1431
n8_HC,n8,tai20_15_03.F.15_01,11,1423
n8_HC,n8,tai20_15_03.F.15_01,12,1412
n8_HC,n8,tai20_15_03.F.15_01,13,1446
n8_HC,n8,tai20_15_03.F.15_01,14,1405
n8_HC,n8,tai20_15_03.F.15_01,15,1427
n8_HC,n8,tai20_15_03.F.15_01,16,1423
n8_HC,n8,tai20_15_03.F.15_01,17,1430
n8_HC,n8,tai20_15_03.F.15_01,18,1413
n8_HC,n8,tai20_15_03.F.15_01,19,1429
n8_HC,n8,tai20_15_03.F.15_01,20,1443
n8_HC,n8,tai20_15_03.F.15_01,21,1432
n8_HC,n8,tai20_15_03.F.15_01,22,1428
n8_HC,n8,tai20_15_03.F.15_01,23,1428
n8_HC,n8,tai20_15_03.F.15_01,24,1417
n8_HC,n8,tai20_15_03.F.15_01,25,1413
n8_HC,n8,tai20_15_03.F.15_01,26,1409
n8_HC,n8,tai20_15_03.F.15_01,27,1433
n8_HC,n8,tai20_15_03.F.15_01,28,1443
n8_HC,n8,tai20_15_03.F.15_01,29,1439
n8_HC,n8,tai20_15_03.F.15_01,30,1420
n8_HC,n8,tai20_15_04.F.15_01,1,1386
n8_HC,n8,tai20_15_04.F.15_01,2,1395
n8_HC,n8,tai20_15_04.F.15_01,3,1381
n8_HC,n8,tai20_15_04.F.15_01,4,1369
n8_HC,n8,tai20_15_04.F.15_01,5,1390
n8_HC,n8,tai20_15_04.F.15_01,6,1378
n8_HC,n8,tai20_15_04.F.15_01,7,1397
n8_HC,n8,tai20_15_04.F.15_01,8,1370
n8_HC,n8,tai20_15_04.F.15_01,9,1365
n8_HC,n8,tai20_15_04.F.15_01,10,1366
n8_HC,n8,tai20_15_04.F.15_01,11,1401
n8_HC,n8,tai20_15_04.F.15_01,12,1365
n8_HC,n8,tai20_15_04.F.15_01,13,1380
n8_HC,n8,tai20_15_04.F.15_01,14,1395
n8_HC,n8,tai20_15_04.F.15_01,15,1372
n8_HC,n8,tai20_15_04.F.15_01,16,1393
n8_HC,n8,tai20_15_04.F.15_01,17,1385
n8_HC,n8,tai20_15_04.F.15_01,18,1370
n8_HC,n8,tai20_15_04.F.15_01,19,1395
n8_HC,n8,tai20_15_04.F.15_01,20,1390
n8_HC,n8,tai20_15_04.F.15_01,21,1365
n8_HC,n8,tai20_15_04.F.15_01,22,1390
n8_HC,n8,tai20_15_04.F.15_01,23,1410
n8_HC,n8,tai20_15_04.F.15_01,24,1385
n8_HC,n8,tai20_15_04.F.15_01,25,1365
n8_HC,n8,tai20_15_04.F.15_01,26,1390
n8_HC,n8,tai20_15_04.F.15_01,27,1388
n8_HC,n8,tai20_15_04.F.15_01,28,1371
n8_HC,n8,tai20_15_04.F.15_01,29,1369
n8_HC,n8,tai20_15_04.F.15_01,30,1373
n8_HC,n8,tai20_15_05.F.15_01,1,1411
n8_HC,n8,tai20_15_05.F.15_01,2,1395
n8_HC,n8,tai20_15_05.F.15_01,3,1398
n8_HC,n8,tai20_15_05.F.15_01,4,1417
n8_HC,n8,tai20_15_05.F.15_01,5,1403
n8_HC,n8,tai20_15_05.F.15_01,6,1399
n8_HC,n8,tai20_15_05.F.15_01,7,1399
n8_HC,n8,tai20_15_05.F.15_01,8,1411
n8_HC,n8,tai20_15_05.F.15_01,9,1409
n8_HC,n8,tai20_15_05.F.15_01,10,1389
n8_HC,n8,tai20_15_05.F.15_01,11,1411
n8_HC,n8,tai20_15_05.F.15_01,12,1387
n8_HC,n8,tai20_15_05.F.15_01,13,1418
n8_HC,n8,tai20_15_05.F.15_01,14,1399
n8_HC,n8,tai20_15_05.F.15_01,15,1417
n8_HC,n8,tai20_15_05.F.15_01,16,1394
n8_HC,n8,tai20_15_05.F.15_01,17,1387
n8_HC,n8,tai20_15_05.F.15_01,18,1387
n8_HC,n8,tai20_15_05.F.15_01,19,1387
n8_HC,n8,tai20_15_05.F.15_01,20,1398
n8_HC,n8,tai20_15_05.F.15_01,21,1408
n8_HC,n8,tai20_15_05.F.15_01,22,1398
n8_HC,n8,tai20_15_05.F.15_01,23,1389
n8_HC,n8,tai20_15_05.F.15_01,24,1402
n8_HC,n8,tai20_15_05.F.15_01,25,1402
n8_HC,n8,tai20_15_05.F.15_01,26,1423
n8_HC,n8,tai20_15_05.F.15_01,27,1389
n8_HC,n8,tai20_15_05.F.15_01,28,1411
n8_HC,n8,tai20_15_05.F.15_01,29,1404
n8_HC,n8,tai20_15_05.F.15_01,30,1388
n8_HC,n8,tai20_15_06.F.15_01,1,1441
n8_HC,n8,tai20_15_06.F.15_01,2,1401
n8_HC,n8,tai20_15_06.F.15_01,3,1408
n8_HC,n8,tai20_15_06.F.15_01,4,1418
n8_HC,n8,tai20_15_06.F.15_01,5,1431
n8_HC,n8,tai20_15_06.F.15_01,6,1427
n8_HC,n8,tai20_15_06.F.15_01,7,1448
n8_HC,n8,tai20_15_06.F.15_01,8,1444
n8_HC,n8,tai20_15_06.F.15_01,9,1450
n8_HC,n8,tai20_15_06.F.15_01,10,1433
n8_HC,n8,tai20_15_06.F.15_01,11,1452
n8_HC,n8,tai20_15_06.F.15_01,12,1408
n8_HC,n8,tai20_15_06.F.15_01,13,1448
n8_HC,n8,tai20_15_06.F.15_01,14,1439
n8_HC,n8,tai20_15_06.F.15_01,15,1437
n8_HC,n8,tai20_15_06.F.15_01,16,1438
n8_HC,n8,tai20_15_06.F.15_01,17,1402
n8_HC,n8,tai20_15_06.F.15_01,18,1441
n8_HC,n8,tai20_15_06.F.15_01,19,1428
n8_HC,n8,tai20_15_06.F.15_01,20,1434
n8_HC,n8,tai20_15_06.F.15_01,21,1405
n8_HC,n8,tai20_15_06.F.15_01,22,1412
n8_HC,n8,tai20_15_06.F.15_01,23,1450
n8_HC,n8,tai20_15_06.F.15_01,24,1450
n8_HC,n8,tai20_15_06.F.15_01,25,1424
n8_HC,n8,tai20_15_06.F.15_01,26,1397
n8_HC,n8,tai20_15_06.F.15_01,27,1438
n8_HC,n8,tai20_15_06.F.15_01,28,1448
n8_HC,n8,tai20_15_06.F.15_01,29,1444
n8_HC,n8,tai20_15_06.F.15_01,30,1434
n8_HC,n8,tai20_15_07.F.15_01,1,1518
n8_HC,n8,tai20_15_07.F.15_01,2,1541
n8_HC,n8,tai20_15_07.F.15_01,3,1518
n8_HC,n8,tai20_15_07.F.15_01,4,1537
n8_HC,n8,tai20_15_07.F.15_01,5,1541
n8_HC,n8,tai20_15_07.F.15_01,6,1559
n8_HC,n8,tai20_15_07.F.15_01,7,1535
n8_HC,n8,tai20_15_07.F.15_01,8,1508
n8_HC,n8,tai20_15_07.F.15_01,9,1520
n8_HC,n8,tai20_15_07.F.15_01,10,1583
n8_HC,n8,tai20_15_07.F.15_01,11,1535
n8_HC,n8,tai20_15_07.F.15_01,12,1547
n8_HC,n8,tai20_15_07.F.15_01,13,1542
n8_HC,n8,tai20_15_07.F.15_01,14,1534
n8_HC,n8,tai20_15_07.F.15_01,15,1504
n8_HC,n8,tai20_15_07.F.15_01,16,1498
n8_HC,n8,tai20_15_07.F.15_01,17,1559
n8_HC,n8,tai20_15_07.F.15_01,18,1535
n8_HC,n8,tai20_15_07.F.15_01,19,1544
n8_HC,n8,tai20_15_07.F.15_01,20,1549
n8_HC,n8,tai20_15_07.F.15_01,21,1494
n8_HC,n8,tai20_15_07.F.15_01,22,1531
n8_HC,n8,tai20_15_07.F.15_01,23,1544
n8_HC,n8,tai20_15_07.F.15_01,24,1518
n8_HC,n8,tai20_15_07.F.15_01,25,1537
n8_HC,n8,tai20_15_07.F.15_01,26,1518
n8_HC,n8,tai20_15_07.F.15_01,27,1533
n8_HC,n8,tai20_15_07.F.15_01,28,1498
n8_HC,n8,tai20_15_07.F.15_01,29,1541
n8_HC,n8,tai20_15_07.F.15_01,30,1547
n8_HC,n8,tai20_15_08.F.15_01,1,1498
n8_HC,n8,tai20_15_08.F.15_01,2,1474
n8_HC,n8,tai20_15_08.F.15_01,3,1506
n8_HC,n8,tai20_15_08.F.15_01,4,1509
n8_HC,n8,tai20_15_08.F.15_01,5,1519
n8_HC,n8,tai20_15_08.F.15_01,6,1522
n8_HC,n8,tai20_15_08.F.15_01,7,1471
n8_HC,n8,tai20_15_08.F.15_01,8,1457
n8_HC,n8,tai20_15_08.F.15_01,9,1479
n8_HC,n8,tai20_15_08.F.15_01,10,1494
n8_HC,n8,tai20_15_08.F.15_01,11,1486
n8_HC,n8,tai20_15_08.F.15_01,12,1471
n8_HC,n8,tai20_15_08.F.15_01,13,1522
n8_HC,n8,tai20_15_08.F.15_01,14,1514
n8_HC,n8,tai20_15_08.F.15_01,15,1498
n8_HC,n8,tai20_15_08.F.15_01,16,1481
n8_HC,n8,tai20_15_08.F.15_01,17,1485
n8_HC,n8,tai20_15_08.F.15_01,18,1487
n8_HC,n8,tai20_15_08.F.15_01,19,1476
n8_HC,n8,tai20_15_08.F.15_01,20,1494
n8_HC,n8,tai20_15_08.F.15_01,21,1495
n8_HC,n8,tai20_15_08.F.15_01,22,1453
n8_HC,n8,tai20_15_08.F.15_01,23,1487
n8_HC,n8,tai20_15_08.F.15_01,24,1488
n8_HC,n8,tai20_15_08.F.15_01,25,1544
n8_HC,n8,tai20_15_08.F.15_01,26,1463
n8_HC,n8,tai20_15_08.F.15_01,27,1480
n8_HC,n8,tai20_15_08.F.15_01,28,1490
n8_HC,n8,tai20_15_08.F.15_01,29,1469
n8_HC,n8,tai20_15_08.F.15_01,30,1498
n8_HC,n8,tai20_15_09.F.15_01,1,1441
n8_HC,n8,tai20_15_09.F.15_01,2,1408
n8_HC,n8,tai20_15_09.F.15_01,3,1429
n8_HC,n8,tai20_15_09.F.15_01,4,1396
n8_HC,n8,tai20_15_09.F.15_01,5,1413
n8_HC,n8,tai20_15_09.F.15_01,6,1414
n8_HC,n8,tai20_15_09.F.15_01,7,1432
n8_HC,n8,tai20_15_09.F.15_01,8,1441
n8_HC,n8,tai20_15_09.F.15_01,9,1416
n8_HC,n8,tai20_15_09.F.15_01,10,1436
n8_HC,n8,tai20_15_09.F.15_01,11,1403
n8_HC,n8,tai20_15_09.F.15_01,12,1425
n8_HC,n8,tai20_15_09.F.15_01,13,1406
n8_HC,n8,tai20_15_09.F.15_01,14,1422
n8_HC,n8,tai20_15_09.F.15_01,15,1425
n8_HC,n8,tai20_15_09.F.15_01,16,1415
n8_HC,n8,tai20_15_09.F.15_01,17,1432
n8_HC,n8,tai20_15_09.F.15_01,18,1422
n8_HC,n8,tai20_15_09.F.15_01,19,1427
n8_HC,n8,tai20_15_09.F.15_01,20,1459
n8_HC,n8,tai20_15_09.F.15_01,21,1435
n8_HC,n8,tai20_15_09.F.15_01,22,1450
n8_HC,n8,tai20_15_09.F.15_01,23,1430
n8_HC,n8,tai20_15_09.F.15_01,24,1441
n8_HC,n8,tai20_15_09.F.15_01,25,1407
n8_HC,n8,tai20_15_09.F.15_01,26,1430
n8_HC,n8,tai20_15_09.F.15_01,27,1453
n8_HC,n8,tai20_15_09.F.15_01,28,1411
n8_HC,n8,tai20_15_09.F.15_01,29,1417
n8_HC,n8,tai20_15_09.F.15_01,30,1398
n8_HC,n8,tai20_15_10.F.15_01,1,1418
n8_HC,n8,tai20_15_10.F.15_01,2,1415
n8_HC,n8,tai20_15_10.F.15_01,3,1392
n8_HC,n8,tai20_15_10.F.15_01,4,1403
n8_HC,n8,tai20_15_10.F.15_01,5,1431
n8_HC,n8,tai20_15_10.F.15_01,6,1420
n8_HC,n8,tai20_15_10.F.15_01,7,1416
n8_HC,n8,tai20_15_10.F.15_01,8,1410
n8_HC,n8,tai20_15_10.F.15_01,9,1400
n8_HC,n8,tai20_15_10.F.15_01,10,1430
n8_HC,n8,tai20_15_10.F.15_01,11,1397
n8_HC,n8,tai20_15_10.F.15_01,12,1434
n8_HC,n8,tai20_15_10.F.15_01,13,1426
n8_HC,n8,tai20_15_10.F.15_01,14,1419
n8_HC,n8,tai20_15_10.F.15_01,15,1433
n8_HC,n8,tai20_15_10.F.15_01,16,1427
n8_HC,n8,tai20_15_10.F.15_01,17,1413
n8_HC,n8,tai20_15_10.F.15_01,18,1427
n8_HC,n8,tai20_15_10.F.15_01,19,1411
n8_HC,n8,tai20_15_10.F.15_01,20,1388
n8_HC,n8,tai20_15_10.F.15_01,21,1420
n8_HC,n8,tai20_15_10.F.15_01,22,1413
n8_HC,n8,tai20_15_10.F.15_01,23,1423
n8_HC,n8,tai20_15_10.F.15_01,24,1421
n8_HC,n8,tai20_15_10.F.15_01,25,1423
n8_HC,n8,tai20_15_10.F.15_01,26,1436
n8_HC,n8,tai20_15_10.F.15_01,27,1418
n8_HC,n8,tai20_15_10.F.15_01,28,1406
n8_HC,n8,tai20_15_10.F.15_01,29,1445
n8_HC,n8,tai20_15_10.F.15_01,30,1395
n8_HC,n8,tai20_20_01.F.15_01,1,1723
n8_HC,n8,tai20_20_01.F.15_01,2,1728
n8_HC,n8,tai20_20_01.F.15_01,3,1708
n8_HC,n8,tai20_20_01.F.15_01,4,1715
n8_HC,n8,tai20_20_01.F.15_01,5,1720
n8_HC,n8,tai20_20_01.F.15_01,6,1749
n8_HC,n8,tai20_20_01.F.15_01,7,1702
n8_HC,n8,tai20_20_01.F.15_01,8,1723
n8_HC,n8,tai20_20_01.F.15_01,9,1721
n8_HC,n8,tai20_20_01.F.15_01,10,1687
n8_HC,n8,tai20_20_01.F.15_01,11,1709
n8_HC,n8,tai20_20_01.F.15_01,12,1763
n8_HC,n8,tai20_20_01.F.15_01,13,1707
n8_HC,n8,tai20_20_01.F.15_01,14,1733
n8_HC,n8,tai20_20_01.F.15_01,15,1735
n8_HC,n8,tai20_20_01.F.15_01,16,1693
n8_HC,n8,tai20_20_01.F.15_01,17,1713
n8_HC,n8,tai20_20_01.F.15_01,18,1724
n8_HC,n8,tai20_20_01.F.15_01,19,1721
n8_HC,n8,tai20_20_01.F.15_01,20,1716
n8_HC,n8,tai20_20_01.F.15_01,21,1724
n8_HC,n8,tai20_20_01.F.15_01,22,1733
n8_HC,n8,tai20_20_01.F.15_01,23,1727
n8_HC,n8,tai20_20_01.F.15_01,24,1719
n8_HC,n8,tai20_20_01.F.15_01,25,1763
n8_HC,n8,tai20_20_01.F.15_01,26,1720
n8_HC,n8,tai20_20_01.F.15_01,27,1757
n8_HC,n8,tai20_20_01.F.15_01,28,1709
n8_HC,n8,tai20_20_01.F.15_01,29,1732
n8_HC,n8,tai20_20_01.F.15_01,30,1749
n8_HC,n8,tai20_20_02.F.15_01,1,1696
n8_HC,n8,tai20_20_02.F.15_01,2,1691
n8_HC,n8,tai20_20_02.F.15_01,3,1707
n8_HC,n8,tai20_20_02.F.15_01,4,1656
n8_HC,n8,tai20_20_02.F.15_01,5,1690
n8_HC,n8,tai20_20_02.F.15_01,6,1664
n8_HC,n8,tai20_20_02.F.15_01,7,1678
n8_HC,n8,tai20_20_02.F.15_01,8,1677
n8_HC,n8,tai20_20_02.F.15_01,9,1658
n8_HC,n8,tai20_20_02.F.15_01,10,1699
n8_HC,n8,tai20_20_02.F.15_01,11,1678
n8_HC,n8,tai20_20_02.F.15_01,12,1676
n8_HC,n8,tai20_20_02.F.15_01,13,1685
n8_HC,n8,tai20_20_02.F.15_01,14,1666
n8_HC,n8,tai20_20_02.F.15_01,15,1670
n8_HC,n8,tai20_20_02.F.15_01,16,1660
n8_HC,n8,tai20_20_02.F.15_01,17,1665
n8_HC,n8,tai20_20_02.F.15_01,18,1667
n8_HC,n8,tai20_20_02.F.15_01,19,1677
n8_HC,n8,tai20_20_02.F.15_01,20,1696
n8_HC,n8,tai20_20_02.F.15_01,21,1673
n8_HC,n8,tai20_20_02.F.15_01,22,1658
n8_HC,n8,tai20_20_02.F.15_01,23,1678
n8_HC,n8,tai20_20_02.F.15_01,24,1652
n8_HC,n8,tai20_20_02.F.15_01,25,1678
n8_HC,n8,tai20_20_02.F.15_01,26,1636
n8_HC,n8,tai20_20_02.F.15_01,27,1655
n8_HC,n8,tai20_20_02.F.15_01,28,1692
n8_HC,n8,tai20_20_02.F.15_01,29,1673
n8_HC,n8,tai20_20_02.F.15_01,30,1677
n8_HC,n8,tai20_20_03.F.15_01,1,1672
n8_HC,n8,tai20_20_03.F.15_01,2,1599
n8_HC,n8,tai20_20_03.F.15_01,3,1631
n8_HC,n8,tai20_20_03.F.15_01,4,1629
n8_HC,n8,tai20_20_03.F.15_01,5,1665
n8_HC,n8,tai20_20_03.F.15_01,6,1645
n8_HC,n8,tai20_20_03.F.15_01,7,1662
n8_HC,n8,tai20_20_03.F.15_01,8,1662
n8_HC,n8,tai20_20_03.F.15_01,9,1649
n8_HC,n8,tai20_20_03.F.15_01,10,1669
n8_HC,n8,tai20_20_03.F.15_01,11,1632
n8_HC,n8,tai20_20_03.F.15_01,12,1619
n8_HC,n8,tai20_20_03.F.15_01,13,1628
n8_HC,n8,tai20_20_03.F.15_01,14,1661
n8_HC,n8,tai20_20_03.F.15_01,15,1617
n8_HC,n8,tai20_20_03.F.15_01,16,1659
n8_HC,n8,tai20_20_03.F.15_01,17,1652
n8_HC,n8,tai20_20_03.F.15_01,18,1626
n8_HC,n8,tai20_20_03.F.15_01,19,1610
n8_HC,n8,tai20_20_03.F.15_01,20,1638
n8_HC,n8,tai20_20_03.F.15_01,21,1635
n8_HC,n8,tai20_20_03.F.15_01,22,1672
n8_HC,n8,tai20_20_03.F.15_01,23,1670
n8_HC,n8,tai20_20_03.F.15_01,24,1644
n8_HC,n8,tai20_20_03.F.15_01,25,1688
n8_HC,n8,tai20_20_03.F.15_01,26,1611
n8_HC,n8,tai20_20_03.F.15_01,27,1649
n8_HC,n8,tai20_20_03.F.15_01,28,1643
n8_HC,n8,tai20_20_03.F.15_01,29,1673
n8_HC,n8,tai20_20_03.F.15_01,30,1645
n8_HC,n8,tai20_20_04.F.15_01,1,1742
n8_HC,n8,tai20_20_04.F.15_01,2,1729
n8_HC,n8,tai20_20_04.F.15_01,3,1718
n8_HC,n8,tai20_20_04.F.15_01,4,1733
n8_HC,n8,tai20_20_04.F.15_01,5,1727
n8_HC,n8,tai20_20_04.F.15_01,6,1761
n8_HC,n8,tai20_20_04.F.15_01,7,1738
n8_HC,n8,tai20_20_04.F.15_01,8,1712
n8_HC,n8,tai20_20_04.F.15_01,9,1723
n8_HC,n8,tai20_20_04.F.15_01,10,1727
n8_HC,n8,tai20_20_04.F.15_01,11,1752
n8_HC,n8,tai20_20_04.F.15_01,12,1710
n8_HC,n8,tai20_20_04.F.15_01,13,1718
n8_HC,n8,tai20_20_04.F.15_01,14,1752
n8_HC,n8,tai20_20_04.F.15_01,15,1746
n8_HC,n8,tai20_20_04.F.15_01,16,1726
n8_HC,n8,tai20_20_04.F.15_01,17,1755
n8_HC,n8,tai20_20_04.F.15_01,18,1745
n8_HC,n8,tai20_20_04.F.15_01,19,1718
n8_HC,n8,tai20_20_04.F.15_01,20,1749
n8_HC,n8,tai20_20_04.F.15_01,21,1734
n8_HC,n8,tai20_20_04.F.15_01,22,1791
n8_HC,n8,tai20_20_04.F.15_01,23,1749
n8_HC,n8,tai20_20_04.F.15_01,24,1774
n8_HC,n8,tai20_20_04.F.15_01,25,1765
n8_HC,n8,tai20_20_04.F.15_01,26,1765
n8_HC,n8,tai20_20_04.F.15_01,27,1764
n8_HC,n8,tai20_20_04.F.15_01,28,1735
n8_HC,n8,tai20_20_04.F.15_01,29,1720
n8_HC,n8,tai20_20_04.F.15_01,30,1789
n8_HC,n8,tai20_20_05.F.15_01,1,1720
n8_HC,n8,tai20_20_05.F.15_01,2,1697
n8_HC,n8,tai20_20_05.F.15_01,3,1666
n8_HC,n8,tai20_20_05.F.15_01,4,1684
n8_HC,n8,tai20_20_05.F.15_01,5,1726
n8_HC,n8,tai20_20_05.F.15_01,6,1682
n8_HC,n8,tai20_20_05.F.15_01,7,1671
n8_HC,n8,tai20_20_05.F.15_01,8,1665
n8_HC,n8,tai20_20_05.F.15_01,9,1670
n8_HC,n8,tai20_20_05.F.15_01,10,1668
n8_HC,n8,tai20_20_05.F.15_01,11,1667
n8_HC,n8,tai20_20_05.F.15_01,12,1660
n8_HC,n8,tai20_20_05.F.15_01,13,1666
n8_HC,n8,tai20_20_05.F.15_01,14,1667
n8_HC,n8,tai20_20_05.F.15_01,15,1674
n8_HC,n8,tai20_20_05.F.15_01,16,1703
n8_HC,n8,tai20_20_05.F.15_01,17,1681
n8_HC,n8,tai20_20_05.F.15_01,18,1663
n8_HC,n8,tai20_20_05.F.15_01,19,1692
n8_HC,n8,tai20_20_05.F.15_01,20,1683
n8_HC,n8,tai20_20_05.F.15_01,21,1671
n8_HC,n8,tai20_20_05.F.15_01,22,1702
n8_HC,n8,tai20_20_05.F.15_01,23,1660
n8_HC,n8,tai20_20_05.F.15_01,24,1692
n8_HC,n8,tai20_20_05.F.15_01,25,1719
n8_HC,n8,tai20_20_05.F.15_01,26,1687
n8_HC,n8,tai20_20_05.F.15_01,27,1673
n8_HC,n8,tai20_20_05.F.15_01,28,1712
n8_HC,n8,tai20_20_05.F.15_01,29,1695
n8_HC,n8,tai20_20_05.F.15_01,30,1685
n8_HC,n8,tai20_20_06.F.15_01,1,1751
n8_HC,n8,tai20_20_06.F.15_01,2,1731
n8_HC,n8,tai20_20_06.F.15_01,3,1707
n8_HC,n8,tai20_20_06.F.15_01,4,1717
n8_HC,n8,tai20_20_06.F.15_01,5,1743
n8_HC,n8,tai20_20_06.F.15_01,6,1741
n8_HC,n8,tai20_20_06.F.15_01,7,1725
n8_HC,n8,tai20_20_06.F.15_01,8,1726
n8_HC,n8,tai20_20_06.F.15_01,9,1722
n8_HC,n8,tai20_20_06.F.15_01,10,1722
n8_HC,n8,tai20_20_06.F.15_01,11,1701
n8_HC,n8,tai20_20_06.F.15_01,12,1727
n8_HC,n8,tai20_20_06.F.15_01,13,1718
n8_HC,n8,tai20_20_06.F.15_01,14,1734
n8_HC,n8,tai20_20_06.F.15_01,15,1740
n8_HC,n8,tai20_20_06.F.15_01,16,1717
n8_HC,n8,tai20_20_06.F.15_01,17,1727
n8_HC,n8,tai20_20_06.F.15_01,18,1735
n8_HC,n8,tai20_20_06.F.15_01,19,1736
n8_HC,n8,tai20_20_06.F.15_01,20,1717
n8_HC,n8,tai20_20_06.F.15_01,21,1726
n8_HC,n8,tai20_20_06.F.15_01,22,1726
n8_HC,n8,tai20_20_06.F.15_01,23,1749
n8_HC,n8,tai20_20_06.F.15_01,24,1727
n8_HC,n8,tai20_20_06.F.15_01,25,1721
n8_HC,n8,tai20_20_06.F.15_01,26,1772
n8_HC,n8,tai20_20_06.F.15_01,27,1750
n8_HC,n8,tai20_20_06.F.15_01,28,1724
n8_HC,n8,tai20_20_06.F.15_01,29,1741
n8_HC,n8,tai20_20_06.F.15_01,30,1723
n8_HC,n8,tai20_20_07.F.15_01,1,1782
n8_HC,n8,tai20_20_07.F.15_01,2,1727
n8_HC,n8,tai20_20_07.F.15_01,3,1747
n8_HC,n8,tai20_20_07.F.15_01,4,1750
n8_HC,n8,tai20_20_07.F.15_01,5,1761
n8_HC,n8,tai20_20_07.F.15_01,6,1759
n8_HC,n8,tai20_20_07.F.15_01,7,1773
n8_HC,n8,tai20_20_07.F.15_01,8,1772
n8_HC,n8,tai20_20_07.F.15_01,9,1764
n8_HC,n8,tai20_20_07.F.15_01,10,1745
n8_HC,n8,tai20_20_07.F.15_01,11,1762
n8_HC,n8,tai20_20_07.F.15_01,12,1736
n8_HC,n8,tai20_20_07.F.15_01,13,1745
n8_HC,n8,tai20_20_07.F.15_01,14,1747
n8_HC,n8,tai20_20_07.F.15_01,15,1730
n8_HC,n8,tai20_20_07.F.15_01,16,1754
n8_HC,n8,tai20_20_07.F.15_01,17,1757
n8_HC,n8,tai20_20_07.F.15_01,18,1730
n8_HC,n8,tai20_20_07.F.15_01,19,1729
n8_HC,n8,tai20_20_07.F.15_01,20,1751
n8_HC,n8,tai20_20_07.F.15_01,21,1807
n8_HC,n8,tai20_20_07.F.15_01,22,1745
n8_HC,n8,tai20_20_07.F.15_01,23,1748
n8_HC,n8,tai20_20_07.F.15_01,24,1767
n8_HC,n8,tai20_20_07.F.15_01,25,1774
n8_HC,n8,tai20_20_07.F.15_01,26,1749
n8_HC,n8,tai20_20_07.F.15_01,27,1747
n8_HC,n8,tai20_20_07.F.15_01,28,1768
n8_HC,n8,tai20_20_07.F.15_01,29,1755
n8_HC,n8,tai20_20_07.F.15_01,30,1777
n8_HC,n8,tai20_20_08.F.15_01,1,1701
n8_HC,n8,tai20_20_08.F.15_01,2,1656
n8_HC,n8,tai20_20_08.F.15_01,3,1698
n8_HC,n8,tai20_20_08.F.15_01,4,1661
n8_HC,n8,tai20_20_08.F.15_01,5,1675
n8_HC,n8,tai20_20_08.F.15_01,6,1681
n8_HC,n8,tai20_20_08.F.15_01,7,1700
n8_HC,n8,tai20_20_08.F.15_01,8,1685
n8_HC,n8,tai20_20_08.F.15_01,9,1676
n8_HC,n8,tai20_20_08.F.15_01,10,1676
n8_HC,n8,tai20_20_08.F.15_01,11,1675
n8_HC,n8,tai20_20_08.F.15_01,12,1690
n8_HC,n8,tai20_20_08.F.15_01,13,1711
n8_HC,n8,tai20_20_08.F.15_01,14,1692
n8_HC,n8,tai20_20_08.F.15_01,15,1669
n8_HC,n8,tai20_20_08.F.15_01,16,1660
n8_HC,n8,tai20_20_08.F.15_01,17,1665
n8_HC,n8,tai20_20_08.F.15_01,18,1691
n8_HC,n8,tai20_20_08.F.15_01,19,1661
n8_HC,n8,tai20_20_08.F.15_01,20,1665
n8_HC,n8,tai20_20_08.F.15_01,21,1687
n8_HC,n8,tai20_20_08.F.15_01,22,1682
n8_HC,n8,tai20_20_08.F.15_01,23,1704
n8_HC,n8,tai20_20_08.F.15_01,24,1682
n8_HC,n8,tai20_20_08.F.15_01,25,1676
n8_HC,n8,tai20_20_08.F.15_01,26,1667
n8_HC,n8,tai20_20_08.F.15_01,27,1692
n8_HC,n8,tai20_20_08.F.15_01,28,1684
n8_HC,n8,tai20_20_08.F.15_01,29,1690
n8_HC,n8,tai20_20_08.F.15_01,30,1703
n8_HC,n8,tai20_20_09.F.15_01,1,1680
n8_HC,n8,tai20_20_09.F.15_01,2,1712
n8_HC,n8,tai20_20_09.F.15_01,3,1677
n8_HC,n8,tai20_20_09.F.15_01,4,1696
n8_HC,n8,tai20_20_09.F.15_01,5,1697
n8_HC,n8,tai20_20_09.F.15_01,6,1682
n8_HC,n8,tai20_20_09.F.15_01,7,1672
n8_HC,n8,tai20_20_09.F.15_01,8,1668
n8_HC,n8,tai20_20_09.F.15_01,9,1666
n8_HC,n8,tai20_20_09.F.15_01,10,1662
n8_HC,n8,tai20_20_09.F.15_01,11,1671
n8_HC,n8,tai20_20_09.F.15_01,12,1655
n8_HC,n8,tai20_20_09.F.15_01,13,1696
n8_HC,n8,tai20_20_09.F.15_01,14,1715
n8_HC,n8,tai20_20_09.F.15_01,15,1700
n8_HC,n8,tai20_20_09.F.15_01,16,1692
n8_HC,n8,tai20_20_09.F.15_01,17,1690
n8_HC,n8,tai20_20_09.F.15_01,18,1696
n8_HC,n8,tai20_20_09.F.15_01,19,1675
n8_HC,n8,tai20_20_09.F.15_01,20,1698
n8_HC,n8,tai20_20_09.F.15_01,21,1672
n8_HC,n8,tai20_20_09.F.15_01,22,1699
n8_HC,n8,tai20_20_09.F.15_01,23,1685
n8_HC,n8,tai20_20_09.F.15_01,24,1676
n8_HC,n8,tai20_20_09.F.15_01,25,1677
n8_HC,n8,tai20_20_09.F.15_01,26,1711
n8_HC,n8,tai20_20_09.F.15_01,27,1685
n8_HC,n8,tai20_20_09.F.15_01,28,1662
n8_HC,n8,tai20_20_09.F.15_01,29,1658
n8_HC,n8,tai20_20_09.F.15_01,30,1687
n8_HC,n8,tai20_20_10.F.15_01,1,1649
n8_HC,n8,tai20_20_10.F.15_01,2,1653
n8_HC,n8,tai20_20_10.F.15_01,3,1664
n8_HC,n8,tai20_20_10.F.15_01,4,1654
n8_HC,n8,tai20_20_10.F.15_01,5,1662
n8_HC,n8,tai20_20_10.F.15_01,6,1657
n8_HC,n8,tai20_20_10.F.15_01,7,1659
n8_HC,n8,tai20_20_10.F.15_01,8,1684
n8_HC,n8,tai20_20_10.F.15_01,9,1653
n8_HC,n8,tai20_20_10.F.15_01,10,1676
n8_HC,n8,tai20_20_10.F.15_01,11,1662
n8_HC,n8,tai20_20_10.F.15_01,12,1631
n8_HC,n8,tai20_20_10.F.15_01,13,1669
n8_HC,n8,tai20_20_10.F.15_01,14,1670
n8_HC,n8,tai20_20_10.F.15_01,15,1667
n8_HC,n8,tai20_20_10.F.15_01,16,1688
n8_HC,n8,tai20_20_10.F.15_01,17,1665
n8_HC,n8,tai20_20_10.F.15_01,18,1656
n8_HC,n8,tai20_20_10.F.15_01,19,1657
n8_HC,n8,tai20_20_10.F.15_01,20,1696
n8_HC,n8,tai20_20_10.F.15_01,21,1652
n8_HC,n8,tai20_20_10.F.15_01,22,1641
n8_HC,n8,tai20_20_10.F.15_01,23,1675
n8_HC,n8,tai20_20_10.F.15_01,24,1632
n8_HC,n8,tai20_20_10.F.15_01,25,1635
n8_HC,n8,tai20_20_10.F.15_01,26,1672
n8_HC,n8,tai20_20_10.F.15_01,27,1662
n8_HC,n8,tai20_20_10.F.15_01,28,1708
n8_HC,n8,tai20_20_10.F.15_01,29,1665
n8_HC,n8,tai20_20_10.F.15_01,30,1683
n8_HC,n8,tai30_15_01.F.15_01,1,1904
n8_HC,n8,tai30_15_01.F.15_01,2,1867
n8_HC,n8,tai30_15_01.F.15_01,3,1879
n8_HC,n8,tai30_15_01.F.15_01,4,1843
n8_HC,n8,tai30_15_01.F.15_01,5,1857
n8_HC,n8,tai30_15_01.F.15_01,6,1895
n8_HC,n8,tai30_15_01.F.15_01,7,1863
n8_HC,n8,tai30_15_01.F.15_01,8,1863
n8_HC,n8,tai30_15_01.F.15_01,9,1854
n8_HC,n8,tai30_15_01.F.15_01,10,1845
n8_HC,n8,tai30_15_01.F.15_01,11,1869
n8_HC,n8,tai30_15_01.F.15_01,12,1850
n8_HC,n8,tai30_15_01.F.15_01,13,1853
n8_HC,n8,tai30_15_01.F.15_01,14,1880
n8_HC,n8,tai30_15_01.F.15_01,15,1867
n8_HC,n8,tai30_15_01.F.15_01,16,1856
n8_HC,n8,tai30_15_01.F.15_01,17,1831
n8_HC,n8,tai30_15_01.F.15_01,18,1867
n8_HC,n8,tai30_15_01.F.15_01,19,1843
n8_HC,n8,tai30_15_01.F.15_01,20,1874
n8_HC,n8,tai30_15_01.F.15_01,21,1864
n8_HC,n8,tai30_15_01.F.15_01,22,1880
n8_HC,n8,tai30_15_01.F.15_01,23,1864
n8_HC,n8,tai30_15_01.F.15_01,24,1838
n8_HC,n8,tai30_15_01.F.15_01,25,1867
n8_HC,n8,tai30_15_01.F.15_01,26,1876
n8_HC,n8,tai30_15_01.F.15_01,27,1860
n8_HC,n8,tai30_15_01.F.15_01,28,1862
n8_HC,n8,tai30_15_01.F.15_01,29,1858
n8_HC,n8,tai30_15_01.F.15_01,30,1895
n8_HC,n8,tai30_15_02.F.15_01,1,1915
n8_HC,n8,tai30_15_02.F.15_01,2,1965
n8_HC,n8,tai30_15_02.F.15_01,3,1944
n8_HC,n8,tai30_15_02.F.15_01,4,1938
n8_HC,n8,tai30_15_02.F.15_01,5,1946
n8_HC,n8,tai30_15_02.F.15_01,6,1986
n8_HC,n8,tai30_15_02.F.15_01,7,1931
n8_HC,n8,tai30_15_02.F.15_01,8,1929
n8_HC,n8,tai30_15_02.F.15_01,9,1929
n8_HC,n8,tai30_15_02.F.15_01,10,1914
n8_HC,n8,tai30_15_02.F.15_01,11,1935
n8_HC,n8,tai30_15_02.F.15_01,12,2023
n8_HC,n8,tai30_15_02.F.15_01,13,1933
n8_HC,n8,tai30_15_02.F.15_01,14,1965
n8_HC,n8,tai30_15_02.F.15_01,15,1931
n8_HC,n8,tai30_15_02.F.15_01,16,2016
n8_HC,n8,tai30_15_02.F.15_01,17,1948
n8_HC,n8,tai30_15_02.F.15_01,18,1957
n8_HC,n8,tai30_15_02.F.15_01,19,1930
n8_HC,n8,tai30_15_02.F.15_01,20,1976
n8_HC,n8,tai30_15_02.F.15_01,21,1950
n8_HC,n8,tai30_15_02.F.15_01,22,1912
n8_HC,n8,tai30_15_02.F.15_01,23,1967
n8_HC,n8,tai30_15_02.F.15_01,24,1940
n8_HC,n8,tai30_15_02.F.15_01,25,1904
n8_HC,n8,tai30_15_02.F.15_01,26,1965
n8_HC,n8,tai30_15_02.F.15_01,27,1946
n8_HC,n8,tai30_15_02.F.15_01,28,1920
n8_HC,n8,tai30_15_02.F.15_01,29,1944
n8_HC,n8,tai30_15_02.F.15_01,30,1971
n8_HC,n8,tai30_15_03.F.15_01,1,1949
n8_HC,n8,tai30_15_03.F.15_01,2,1924
n8_HC,n8,tai30_15_03.F.15_01,3,1925
n8_HC,n8,tai30_15_03.F.15_01,4,1949
n8_HC,n8,tai30_15_03.F.15_01,5,1943
n8_HC,n8,tai30_15_03.F.15_01,6,1966
n8_HC,n8,tai30_15_03.F.15_01,7,1901
n8_HC,n8,tai30_15_03.F.15_01,8,1915
n8_HC,n8,tai30_15_03.F.15_01,9,1947
n8_HC,n8,tai30_15_03.F.15_01,10,1943
n8_HC,n8,tai30_15_03.F.15_01,11,1915
n8_HC,n8,tai30_15_03.F.15_01,12,1946
n8_HC,n8,tai30_15_03.F.15_01,13,1937
n8_HC,n8,tai30_15_03.F.15_01,14,1918
n8_HC,n8,tai30_15_03.F.15_01,15,1922
n8_HC,n8,tai30_15_03.F.15_01,16,1905
n8_HC,n8,tai30_15_03.F.15_01,17,1953
n8_HC,n8,tai30_15_03.F.15_01,18,1937
n8_HC,n8,tai30_15_03.F.15_01,19,1989
n8_HC,n8,tai30_15_03.F.15_01,20,1918
n8_HC,n8,tai30_15_03.F.15_01,21,1968
n8_HC,n8,tai30_15_03.F.15_01,22,1916
n8_HC,n8,tai30_15_03.F.15_01,23,1920
n8_HC,n8,tai30_15_03.F.15_01,24,1937
n8_HC,n8,tai30_15_03.F.15_01,25,1901
n8_HC,n8,tai30_15_03.F.15_01,26,1945
n8_HC,n8,tai30_15_03.F.15_01,27,1881
n8_HC,n8,tai30_15_03.F.15_01,28,1930
n8_HC,n8,tai30_15_03.F.15_01,29,1926
n8_HC,n8,tai30_15_03.F.15_01,30,1919
n8_HC,n8,tai30_15_04.F.15_01,1,1982
n8_HC,n8,tai30_15_04.F.15_01,2,1979
n8_HC,n8,tai30_15_04.F.15_01,3,2003
n8_HC,n8,tai30_15_04.F.15_01,4,1963
n8_HC,n8,tai30_15_04.F.15_01,5,1946
n8_HC,n8,tai30_15_04.F.15_01,6,1954
n8_HC,n8,tai30_15_04.F.15_01,7,1945
n8_HC,n8,tai30_15_04.F.15_01,8,1938
n8_HC,n8,tai30_15_04.F.15_01,9,1946
n8_HC,n8,tai30_15_04.F.15_01,10,1979
n8_HC,n8,tai30_15_04.F.15_01,11,1943
n8_HC,n8,tai30_15_04.F.15_01,12,1957
n8_HC,n8,tai30_15_04.F.15_01,13,1950
n8_HC,n8,tai30_15_04.F.15_01,14,1961
n8_HC,n8,tai30_15_04.F.15_01,15,2028
n8_HC,n8,tai30_15_04.F.15_01,16,1938
n8_HC,n8,tai30_15_04.F.15_01,17,2017
n8_HC,n8,tai30_15_04.F.15_01,18,1958
n8_HC,n8,tai30_15_04.F.15_01,19,1953
n8_HC,n8,tai30_15_04.F.15_01,20,1933
n8_HC,n8,tai30_15_04.F.15_01,21,1960
n8_HC,n8,tai30_15_04.F.15_01,22,1994
n8_HC,n8,tai30_15_04.F.15_01,23,1945
n8_HC,n8,tai30_15_04.F.15_01,24,1939
n8_HC,n8,tai30_15_04.F.15_01,25,1959
n8_HC,n8,tai30_15_04.F.15_01,26,1946
n8_HC,n8,tai30_15_04.F.15_01,27,1975
n8_HC,n8,tai30_15_04.F.15_01,28,1961
n8_HC,n8,tai30_15_04.F.15_01,29,1972
n8_HC,n8,tai30_15_04.F.15_01,30,1965
n8_HC,n8,tai30_15_05.F.15_01,1,2024
n8_HC,n8,tai30_15_05.F.15_01,2,2055
n8_HC,n8,tai30_15_05.F.15_01,3,2082
n8_HC,n8,tai30_15_05.F.15_01,4,2046
n8_HC,n8,tai30_15_05.F.15_01,5,2071
n8_HC,n8,tai30_15_05.F.15_01,6,2029
n8_HC,n8,tai30_15_05.F.15_01,7,2065
n8_HC,n8,tai30_15_05.F.15_01,8,2082
n8_HC,n8,tai30_15_05.F.15_01,9,2049
n8_HC,n8,tai30_15_05.F.15_01,10,2072
n8_HC,n8,tai30_15_05.F.15_01,11,2046
n8_HC,n8,tai30_15_05.F.15_01,12,2015
n8_HC,n8,tai30_15_05.F.15_01,13,2017
n8_HC,n8,tai30_15_05.F.15_01,14,2049
n8_HC,n8,tai30_15_05.F.15_01,15,2063
n8_HC,n8,tai30_15_05.F.15_01,16,2058
n8_HC,n8,tai30_15_05.F.15_01,17,2049
n8_HC,n8,tai30_15_05.F.15_01,18,2062
n8_HC,n8,tai30_15_05.F.15_01,19,2048
n8_HC,n8,tai30_15_05.F.15_01,20,2039
n8_HC,n8,tai30_15_05.F.15_01,21,2040
n8_HC,n8,tai30_15_05.F.15_01,22,2029
n8_HC,n8,tai30_15_05.F.15_01,23,2047
n8_HC,n8,tai30_15_05.F.15_01,24,2038
n8_HC,n8,tai30_15_05.F.15_01,25,2076
n8_HC,n8,tai30_15_05.F.15_01,26,2060
n8_HC,n8,tai30_15_05.F.15_01,27,2007
n8_HC,n8,tai30_15_05.F.15_01,28,2046
n8_HC,n8,tai30_15_05.F.15_01,29,2057
n8_HC,n8,tai30_15_05.F.15_01,30,2078
n8_HC,n8,tai30_15_06.F.15_01,1,1939
n8_HC,n8,tai30_15_06.F.15_01,2,1957
n8_HC,n8,tai30_15_06.F.15_01,3,1915
n8_HC,n8,tai30_15_06.F.15_01,4,1956
n8_HC,n8,tai30_15_06.F.15_01,5,1923
n8_HC,n8,tai30_15_06.F.15_01,6,1911
n8_HC,n8,tai30_15_06.F.15_01,7,1942
n8_HC,n8,tai30_15_06.F.15_01,8,1929
n8_HC,n8,tai30_15_06.F.15_01,9,1945
n8_HC,n8,tai30_15_06.F.15_01,10,1958
n8_HC,n8,tai30_15_06.F.15_01,11,1895
n8_HC,n8,tai30_15_06.F.15_01,12,1956
n8_HC,n8,tai30_15_06.F.15_01,13,1963
n8_HC,n8,tai30_15_06.F.15_01,14,1938
n8_HC,n8,tai30_15_06.F.15_01,15,1920
n8_HC,n8,tai30_15_06.F.15_01,16,1939
n8_HC,n8,tai30_15_06.F.15_01,17,1927
n8_HC,n8,tai30_15_06.F.15_01,18,1909
n8_HC,n8,tai30_15_06.F.15_01,19,1944
n8_HC,n8,tai30_15_06.F.15_01,20,1955
n8_HC,n8,tai30_15_06.F.15_01,21,1913
n8_HC,n8,tai30_15_06.F.15_01,22,1957
n8_HC,n8,tai30_15_06.F.15_01,23,1922
n8_HC,n8,tai30_15_06.F.15_01,24,1951
n8_HC,n8,tai30_15_06.F.15_01,25,1889
n8_HC,n8,tai30_15_06.F.15_01,26,1966
n8_HC,n8,tai30_15_06.F.15_01,27,1955
n8_HC,n8,tai30_15_06.F.15_01,28,1979
n8_HC,n8,tai30_15_06.F.15_01,29,1946
n8_HC,n8,tai30_15_06.F.15_01,30,1955
n8_HC,n8,tai30_15_07.F.15_01,1,1896
n8_HC,n8,tai30_15_07.F.15_01,2,1882
n8_HC,n8,tai30_15_07.F.15_01,3,1898
n8_HC,n8,tai30_15_07.F.15_01,4,1889
n8_HC,n8,tai30_15_07.F.15_01,5,1900
n8_HC,n8,tai30_15_07.F.15_01,6,1912
n8_HC,n8,tai30_15_07.F.15_01,7,1880
n8_HC,n8,tai30_15_07.F.15_01,8,1908
n8_HC,n8,tai30_15_07.F.15_01,9,1861
n8_HC,n8,tai30_15_07.F.15_01,10,1883
n8_HC,n8,tai30_15_07.F.15_01,11,1908
n8_HC,n8,tai30_15_07.F.15_01,12,1893
n8_HC,n8,tai30_15_07.F.15_01,13,1909
n8_HC,n8,tai30_15_07.F.15_01,14,1912
n8_HC,n8,tai30_15_07.F.15_01,15,1931
n8_HC,n8,tai30_15_07.F.15_01,16,1903
n8_HC,n8,tai30_15_07.F.15_01,17,1881
n8_HC,n8,tai30_15_07.F.15_01,18,1949
n8_HC,n8,tai30_15_07.F.15_01,19,1893
n8_HC,n8,tai30_15_07.F.15_01,20,1872
n8_HC,n8,tai30_15_07.F.15_01,21,1905
n8_HC,n8,tai30_15_07.F.15_01,22,1946
n8_HC,n8,tai30_15_07.F.15_01,23,1894
n8_HC,n8,tai30_15_07.F.15_01,24,1908
n8_HC,n8,tai30_15_07.F.15_01,25,1899
n8_HC,n8,tai30_15_07.F.15_01,26,1909
n8_HC,n8,tai30_15_07.F.15_01,27,1900
n8_HC,n8,tai30_15_07.F.15_01,28,1885
n8_HC,n8,tai30_15_07.F.15_01,29,1866
n8_HC,n8,tai30_15_07.F.15_01,30,1879
n8_HC,n8,tai30_15_08.F.15_01,1,1810
n8_HC,n8,tai30_15_08.F.15_01,2,1823
n8_HC,n8,tai30_15_08.F.15_01,3,1760
n8_HC,n8,tai30_15_08.F.15_01,4,1781
n8_HC,n8,tai30_15_08.F.15_01,5,1815
n8_HC,n8,tai30_15_08.F.15_01,6,1782
n8_HC,n8,tai30_15_08.F.15_01,7,1779
n8_HC,n8,tai30_15_08.F.15_01,8,1783
n8_HC,n8,tai30_15_08.F.15_01,9,1784
n8_HC,n8,tai30_15_08.F.15_01,10,1821
n8_HC,n8,tai30_15_08.F.15_01,11,1801
n8_HC,n8,tai30_15_08.F.15_01,12,1835
n8_HC,n8,tai30_15_08.F.15_01,13,1782
n8_HC,n8,tai30_15_08.F.15_01,14,1827
n8_HC,n8,tai30_15_08.F.15_01,15,1817
n8_HC,n8,tai30_15_08.F.15_01,16,1796
n8_HC,n8,tai30_15_08.F.15_01,17,1801
n8_HC,n8,tai30_15_08.F.15_01,18,1791
n8_HC,n8,tai30_15_08.F.15_01,19,1794
n8_HC,n8,tai30_15_08.F.15_01,20,1827
n8_HC,n8,tai30_15_08.F.15_01,21,1839
n8_HC,n8,tai30_15_08.F.15_01,22,1784
n8_HC,n8,tai30_15_08.F.15_01,23,1818
n8_HC,n8,tai30_15_08.F.15_01,24,1798
n8_HC,n8,tai30_15_08.F.15_01,25,1785
n8_HC,n8,tai30_15_08.F.15_01,26,1826
n8_HC,n8,tai30_15_08.F.15_01,27,1813
n8_HC,n8,tai30_15_08.F.15_01,28,1766
n8_HC,n8,tai30_15_08.F.15_01,29,1798
n8_HC,n8,tai30_15_08.F.15_01,30,1796
n8_HC,n8,tai30_15_09.F.15_01,1,1891
n8_HC,n8,tai30_15_09.F.15_01,2,1903
n8_HC,n8,tai30_15_09.F.15_01,3,1903
n8_HC,n8,tai30_15_09.F.15_01,4,1848
n8_HC,n8,tai30_15_09.F.15_01,5,1937
n8_HC,n8,tai30_15_09.F.15_01,6,1899
n8_HC,n8,tai30_15_09.F.15_01,7,1885
n8_HC,n8,tai30_15_09.F.15_01,8,1892
n8_HC,n8,tai30_15_09.F.15_01,9,1898
n8_HC,n8,tai30_15_09.F.15_01,10,1929
n8_HC,n8,tai30_15_09.F.15_01,11,1898
n8_HC,n8,tai30_15_09.F.15_01,12,1894
n8_HC,n8,tai30_15_09.F.15_01,13,1949
n8_HC,n8,tai30_15_09.F.15_01,14,1878
n8_HC,n8,tai30_15_09.F.15_01,15,1912
n8_HC,n8,tai30_15_09.F.15_01,16,1918
n8_HC,n8,tai30_15_09.F.15_01,17,1885
n8_HC,n8,tai30_15_09.F.15_01,18,1872
n8_HC,n8,tai30_15_09.F.15_01,19,1871
n8_HC,n8,tai30_15_09.F.15_01,20,1880
n8_HC,n8,tai30_15_09.F.15_01,21,1899
n8_HC,n8,tai30_15_09.F.15_01,22,1863
n8_HC,n8,tai30_15_09.F.15_01,23,1893
n8_HC,n8,tai30_15_09.F.15_01,24,1914
n8_HC,n8,tai30_15_09.F.15_01,25,1880
n8_HC,n8,tai30_15_09.F.15_01,26,1863
n8_HC,n8,tai30_15_09.F.15_01,27,1899
n8_HC,n8,tai30_15_09.F.15_01,28,1889
n8_HC,n8,tai30_15_09.F.15_01,29,1929
n8_HC,n8,tai30_15_09.F.15_01,30,1880
n8_HC,n8,tai30_15_10.F.15_01,1,1837
n8_HC,n8,tai30_15_10.F.15_01,2,1827
n8_HC,n8,tai30_15_10.F.15_01,3,1802
n8_HC,n8,tai30_15_10.F.15_01,4,1801
n8_HC,n8,tai30_15_10.F.15_01,5,1842
n8_HC,n8,tai30_15_10.F.15_01,6,1763
n8_HC,n8,tai30_15_10.F.15_01,7,1823
n8_HC,n8,tai30_15_10.F.15_01,8,1845
n8_HC,n8,tai30_15_10.F.15_01,9,1835
n8_HC,n8,tai30_15_10.F.15_01,10,1790
n8_HC,n8,tai30_15_10.F.15_01,11,1837
n8_HC,n8,tai30_15_10.F.15_01,12,1883
n8_HC,n8,tai30_15_10.F.15_01,13,1815
n8_HC,n8,tai30_15_10.F.15_01,14,1804
n8_HC,n8,tai30_15_10.F.15_01,15,1784
n8_HC,n8,tai30_15_10.F.15_01,16,1844
n8_HC,n8,tai30_15_10.F.15_01,17,1809
n8_HC,n8,tai30_15_10.F.15_01,18,1801
n8_HC,n8,tai30_15_10.F.15_01,19,1808
n8_HC,n8,tai30_15_10.F.15_01,20,1812
n8_HC,n8,tai30_15_10.F.15_01,21,1816
n8_HC,n8,tai30_15_10.F.15_01,22,1830
n8_HC,n8,tai30_15_10.F.15_01,23,1799
n8_HC,n8,tai30_15_10.F.15_01,24,1795
n8_HC,n8,tai30_15_10.F.15_01,25,1810
n8_HC,n8,tai30_15_10.F.15_01,26,1818
n8_HC,n8,tai30_15_10.F.15_01,27,1856
n8_HC,n8,tai30_15_10.F.15_01,28,1812
n8_HC,n8,tai30_15_10.F.15_01,29,1830
n8_HC,n8,tai30_15_10.F.15_01,30,1843
n8_HC,n8,tai30_20_01.F.15_01,1,2218
n8_HC,n8,tai30_20_01.F.15_01,2,2216
n8_HC,n8,tai30_20_01.F.15_01,3,2231
n8_HC,n8,tai30_20_01.F.15_01,4,2200
n8_HC,n8,tai30_20_01.F.15_01,5,2162
n8_HC,n8,tai30_20_01.F.15_01,6,2237
n8_HC,n8,tai30_20_01.F.15_01,7,2189
n8_HC,n8,tai30_20_01.F.15_01,8,2195
n8_HC,n8,tai30_20_01.F.15_01,9,2227
n8_HC,n8,tai30_20_01.F.15_01,10,2192
n8_HC,n8,tai30_20_01.F.15_01,11,2248
n8_HC,n8,tai30_20_01.F.15_01,12,2185
n8_HC,n8,tai30_20_01.F.15_01,13,2213
n8_HC,n8,tai30_20_01.F.15_01,14,2184
n8_HC,n8,tai30_20_01.F.15_01,15,2197
n8_HC,n8,tai30_20_01.F.15_01,16,2207
n8_HC,n8,tai30_20_01.F.15_01,17,2191
n8_HC,n8,tai30_20_01.F.15_01,18,2195
n8_HC,n8,tai30_20_01.F.15_01,19,2208
n8_HC,n8,tai30_20_01.F.15_01,20,2239
n8_HC,n8,tai30_20_01.F.15_01,21,2235
n8_HC,n8,tai30_20_01.F.15_01,22,2170
n8_HC,n8,tai30_20_01.F.15_01,23,2220
n8_HC,n8,tai30_20_01.F.15_01,24,2207
n8_HC,n8,tai30_20_01.F.15_01,25,2274
n8_HC,n8,tai30_20_01.F.15_01,26,2218
n8_HC,n8,tai30_20_01.F.15_01,27,2212
n8_HC,n8,tai30_20_01.F.15_01,28,2215
n8_HC,n8,tai30_20_01.F.15_01,29,2192
n8_HC,n8,tai30_20_01.F.15_01,30,2275
n8_HC,n8,tai30_20_02.F.15_01,1,2158
n8_HC,n8,tai30_20_02.F.15_01,2,2099
n8_HC,n8,tai30_20_02.F.15_01,3,2131
n8_HC,n8,tai30_20_02.F.15_01,4,2122
n8_HC,n8,tai30_20_02.F.15_01,5,2140
n8_HC,n8,tai30_20_02.F.15_01,6,2136
n8_HC,n8,tai30_20_02.F.15_01,7,2152
n8_HC,n8,tai30_20_02.F.15_01,8,2207
n8_HC,n8,tai30_20_02.F.15_01,9,2089
n8_HC,n8,tai30_20_02.F.15_01,10,2147
n8_HC,n8,tai30_20_02.F.15_01,11,2154
n8_HC,n8,tai30_20_02.F.15_01,12,2148
n8_HC,n8,tai30_20_02.F.15_01,13,2052
n8_HC,n8,tai30_20_02.F.15_01,14,2175
n8_HC,n8,tai30_20_02.F.15_01,15,2138
n8_HC,n8,tai30_20_02.F.15_01,16,2122
n8_HC,n8,tai30_20_02.F.15_01,17,2128
n8_HC,n8,tai30_20_02.F.15_01,18,2088
n8_HC,n8,tai30_20_02.F.15_01,19,2142
n8_HC,n8,tai30_20_02.F.15_01,20,2130
n8_HC,n8,tai30_20_02.F.15_01,21,2084
n8_HC,n8,tai30_20_02.F.15_01,22,2135
n8_HC,n8,tai30_20_02.F.15_01,23,2113
n8_HC,n8,tai30_20_02.F.15_01,24,2149
n8_HC,n8,tai30_20_02.F.15_01,25,2153
n8_HC,n8,tai30_20_02.F.15_01,26,2154
n8_HC,n8,tai30_20_02.F.15_01,27,2168
n8_HC,n8,tai30_20_02.F.15_01,28,2137
n8_HC,n8,tai30_20_02.F.15_01,29,2144
n8_HC,n8,tai30_20_02.F.15_01,30,2151
n8_HC,n8,tai30_20_03.F.15_01,1,2026
n8_HC,n8,tai30_20_03.F.15_01,2,2073
n8_HC,n8,tai30_20_03.F.15_01,3,2046
n8_HC,n8,tai30_20_03.F.15_01,4,2069
n8_HC,n8,tai30_20_03.F.15_01,5,2119
n8_HC,n8,tai30_20_03.F.15_01,6,2064
n8_HC,n8,tai30_20_03.F.15_01,7,2077
n8_HC,n8,tai30_20_03.F.15_01,8,2028
n8_HC,n8,tai30_20_03.F.15_01,9,2035
n8_HC,n8,tai30_20_03.F.15_01,10,2031
n8_HC,n8,tai30_20_03.F.15_01,11,2072
n8_HC,n8,tai30_20_03.F.15_01,12,2031
n8_HC,n8,tai30_20_03.F.15_01,13,2058
n8_HC,n8,tai30_20_03.F.15_01,14,2026
n8_HC,n8,tai30_20_03.F.15_01,15,2070
n8_HC,n8,tai30_20_03.F.15_01,16,2094
n8_HC,n8,tai30_20_03.F.15_01,17,2104
n8_HC,n8,tai30_20_03.F.15_01,18,2041
n8_HC,n8,tai30_20_03.F.15_01,19,2050
n8_HC,n8,tai30_20_03.F.15_01,20,2093
n8_HC,n8,tai30_20_03.F.15_01,21,2079
n8_HC,n8,tai30_20_03.F.15_01,22,2036
n8_HC,n8,tai30_20_03.F.15_01,23,2045
n8_HC,n8,tai30_20_03.F.15_01,24,2073
n8_HC,n8,tai30_20_03.F.15_01,25,2092
n8_HC,n8,tai30_20_03.F.15_01,26,2109
n8_HC,n8,tai30_20_03.F.15_01,27,2076
n8_HC,n8,tai30_20_03.F.15_01,28,2076
n8_HC,n8,tai30_20_03.F.15_01,29,2072
n8_HC,n8,tai30_20_03.F.15_01,30,2081
n8_HC,n8,tai30_20_04.F.15_01,1,2165
n8_HC,n8,tai30_20_04.F.15_01,2,2159
n8_HC,n8,tai30_20_04.F.15_01,3,2142
n8_HC,n8,tai30_20_04.F.15_01,4,2155
n8_HC,n8,tai30_20_04.F.15_01,5,2103
n8_HC,n8,tai30_20_04.F.15_01,6,2133
n8_HC,n8,tai30_20_04.F.15_01,7,2176
n8_HC,n8,tai30_20_04.F.15_01,8,2165
n8_HC,n8,tai30_20_04.F.15_01,9,2137
n8_HC,n8,tai30_20_04.F.15_01,10,2131
n8_HC,n8,tai30_20_04.F.15_01,11,2153
n8_HC,n8,tai30_20_04.F.15_01,12,2134
n8_HC,n8,tai30_20_04.F.15_01,13,2140
n8_HC,n8,tai30_20_04.F.15_01,14,2175
n8_HC,n8,tai30_20_04.F.15_01,15,2147
n8_HC,n8,tai30_20_04.F.15_01,16,2174
n8_HC,n8,tai30_20_04.F.15_01,17,2101
n8_HC,n8,tai30_20_04.F.15_01,18,2166
n8_HC,n8,tai30_20_04.F.15_01,19,2142
n8_HC,n8,tai30_20_04.F.15_01,20,2188
n8_HC,n8,tai30_20_04.F.15_01,21,2143
n8_HC,n8,tai30_20_04.F.15_01,22,2145
n8_HC,n8,tai30_20_04.F.15_01,23,2174
n8_HC,n8,tai30_20_04.F.15_01,24,2156
n8_HC,n8,tai30_20_04.F.15_01,25,2098
n8_HC,n8,tai30_20_04.F.15_01,26,2144
n8_HC,n8,tai30_20_04.F.15_01,27,2128
n8_HC,n8,tai30_20_04.F.15_01,28,2155
n8_HC,n8,tai30_20_04.F.15_01,29,2125
n8_HC,n8,tai30_20_04.F.15_01,30,2136
n8_HC,n8,tai30_20_05.F.15_01,1,2158
n8_HC,n8,tai30_20_05.F.15_01,2,2164
n8_HC,n8,tai30_20_05.F.15_01,3,2136
n8_HC,n8,tai30_20_05.F.15_01,4,2107
n8_HC,n8,tai30_20_05.F.15_01,5,2165
n8_HC,n8,tai30_20_05.F.15_01,6,2146
n8_HC,n8,tai30_20_05.F.15_01,7,2203
n8_HC,n8,tai30_20_05.F.15_01,8,2166
n8_HC,n8,tai30_20_05.F.15_01,9,2117
n8_HC,n8,tai30_20_05.F.15_01,10,2104
n8_HC,n8,tai30_20_05.F.15_01,11,2151
n8_HC,n8,tai30_20_05.F.15_01,12,2166
n8_HC,n8,tai30_20_05.F.15_01,13,2145
n8_HC,n8,tai30_20_05.F.15_01,14,2113
n8_HC,n8,tai30_20_05.F.15_01,15,2174
n8_HC,n8,tai30_20_05.F.15_01,16,2144
n8_HC,n8,tai30_20_05.F.15_01,17,2160
n8_HC,n8,tai30_20_05.F.15_01,18,2187
n8_HC,n8,tai30_20_05.F.15_01,19,2130
n8_HC,n8,tai30_20_05.F.15_01,20,2185
n8_HC,n8,tai30_20_05.F.15_01,21,2158
n8_HC,n8,tai30_20_05.F.15_01,22,2111
n8_HC,n8,tai30_20_05.F.15_01,23,2147
n8_HC,n8,tai30_20_05.F.15_01,24,2121
n8_HC,n8,tai30_20_05.F.15_01,25,2122
n8_HC,n8,tai30_20_05.F.15_01,26,2134
n8_HC,n8,tai30_20_05.F.15_01,27,2164
n8_HC,n8,tai30_20_05.F.15_01,28,2120
n8_HC,n8,tai30_20_05.F.15_01,29,2133
n8_HC,n8,tai30_20_05.F.15_01,30,2129
n8_HC,n8,tai30_20_06.F.15_01,1,2257
n8_HC,n8,tai30_20_06.F.15_01,2,2212
n8_HC,n8,tai30_20_06.F.15_01,3,2164
n8_HC,n8,tai30_20_06.F.15_01,4,2252
n8_HC,n8,tai30_20_06.F.15_01,5,2248
n8_HC,n8,tai30_20_06.F.15_01,6,2215
n8_HC,n8,tai30_20_06.F.15_01,7,2194
n8_HC,n8,tai30_20_06.F.15_01,8,2207
n8_HC,n8,tai30_20_06.F.15_01,9,2212
n8_HC,n8,tai30_20_06.F.15_01,10,2196
n8_HC,n8,tai30_20_06.F.15_01,11,2221
n8_HC,n8,tai30_20_06.F.15_01,12,2247
n8_HC,n8,tai30_20_06.F.15_01,13,2247
n8_HC,n8,tai30_20_06.F.15_01,14,2189
n8_HC,n8,tai30_20_06.F.15_01,15,2235
n8_HC,n8,tai30_20_06.F.15_01,16,2186
n8_HC,n8,tai30_20_06.F.15_01,17,2231
n8_HC,n8,tai30_20_06.F.15_01,18,2209
n8_HC,n8,tai30_20_06.F.15_01,19,2235
n8_HC,n8,tai30_20_06.F.15_01,20,2242
n8_HC,n8,tai30_20_06.F.15_01,21,2234
n8_HC,n8,tai30_20_06.F.15_01,22,2212
n8_HC,n8,tai30_20_06.F.15_01,23,2193
n8_HC,n8,tai30_20_06.F.15_01,24,2258
n8_HC,n8,tai30_20_06.F.15_01,25,2229
n8_HC,n8,tai30_20_06.F.15_01,26,2238
n8_HC,n8,tai30_20_06.F.15_01,27,2251
n8_HC,n8,tai30_20_06.F.15_01,28,2180
n8_HC,n8,tai30_20_06.F.15_01,29,2244
n8_HC,n8,tai30_20_06.F.15_01,30,2238
n8_HC,n8,tai30_20_07.F.15_01,1,2063
n8_HC,n8,tai30_20_07.F.15_01,2,2111
n8_HC,n8,tai30_20_07.F.15_01,3,2092
n8_HC,n8,tai30_20_07.F.15_01,4,2082
n8_HC,n8,tai30_20_07.F.15_01,5,2109
n8_HC,n8,tai30_20_07.F.15_01,6,2088
n8_HC,n8,tai30_20_07.F.15_01,7,2057
n8_HC,n8,tai30_20_07.F.15_01,8,2100
n8_HC,n8,tai30_20_07.F.15_01,9,2102
n8_HC,n8,tai30_20_07.F.15_01,10,2100
n8_HC,n8,tai30_20_07.F.15_01,11,2112
n8_HC,n8,tai30_20_07.F.15_01,12,2123
n8_HC,n8,tai30_20_07.F.15_01,13,2101
n8_HC,n8,tai30_20_07.F.15_01,14,2097
n8_HC,n8,tai30_20_07.F.15_01,15,2120
n8_HC,n8,tai30_20_07.F.15_01,16,2086
n8_HC,n8,tai30_20_07.F.15_01,17,2126
n8_HC,n8,tai30_20_07.F.15_01,18,2142
n8_HC,n8,tai30_20_07.F.15_01,19,2155
n8_HC,n8,tai30_20_07.F.15_01,20,2109
n8_HC,n8,tai30_20_07.F.15_01,21,2150
n8_HC,n8,tai30_20_07.F.15_01,22,2100
n8_HC,n8,tai30_20_07.F.15_01,23,2075
n8_HC,n8,tai30_20_07.F.15_01,24,2067
n8_HC,n8,tai30_20_07.F.15_01,25,2099
n8_HC,n8,tai30_20_07.F.15_01,26,2069
n8_HC,n8,tai30_20_07.F.15_01,27,2063
n8_HC,n8,tai30_20_07.F.15_01,28,2087
n8_HC,n8,tai30_20_07.F.15_01,29,2128
n8_HC,n8,tai30_20_07.F.15_01,30,2154
n8_HC,n8,tai30_20_08.F.15_01,1,2112
n8_HC,n8,tai30_20_08.F.15_01,2,2112
n8_HC,n8,tai30_20_08.F.15_01,3,2119
n8_HC,n8,tai30_20_08.F.15_01,4,2124
n8_HC,n8,tai30_20_08.F.15_01,5,2162
n8_HC,n8,tai30_20_08.F.15_01,6,2087
n8_HC,n8,tai30_20_08.F.15_01,7,2149
n8_HC,n8,tai30_20_08.F.15_01,8,2105
n8_HC,n8,tai30_20_08.F.15_01,9,2163
n8_HC,n8,tai30_20_08.F.15_01,10,2091
n8_HC,n8,tai30_20_08.F.15_01,11,2128
n8_HC,n8,tai30_20_08.F.15_01,12,2107
n8_HC,n8,tai30_20_08.F.15_01,13,2150
n8_HC,n8,tai30_20_08.F.15_01,14,2101
n8_HC,n8,tai30_20_08.F.15_01,15,2154
n8_HC,n8,tai30_20_08.F.15_01,16,2092
n8_HC,n8,tai30_20_08.F.15_01,17,2132
n8_HC,n8,tai30_20_08.F.15_01,18,2151
n8_HC,n8,tai30_20_08.F.15_01,19,2085
n8_HC,n8,tai30_20_08.F.15_01,20,2107
n8_HC,n8,tai30_20_08.F.15_01,21,2121
n8_HC,n8,tai30_20_08.F.15_01,22,2106
n8_HC,n8,tai30_20_08.F.15_01,23,2124
n8_HC,n8,tai30_20_08.F.15_01,24,2157
n8_HC,n8,tai30_20_08.F.15_01,25,2101
n8_HC,n8,tai30_20_08.F.15_01,26,2175
n8_HC,n8,tai30_20_08.F.15_01,27,2140
n8_HC,n8,tai30_20_08.F.15_01,28,2113
n8_HC,n8,tai30_20_08.F.15_01,29,2105
n8_HC,n8,tai30_20_08.F.15_01,30,2103
n8_HC,n8,tai30_20_09.F.15_01,1,2144
n8_HC,n8,tai30_20_09.F.15_01,2,2105
n8_HC,n8,tai30_20_09.F.15_01,3,2118
n8_HC,n8,tai30_20_09.F.15_01,4,2111
n8_HC,n8,tai30_20_09.F.15_01,5,2195
n8_HC,n8,tai30_20_09.F.15_01,6,2150
n8_HC,n8,tai30_20_09.F.15_01,7,2104
n8_HC,n8,tai30_20_09.F.15_01,8,2104
n8_HC,n8,tai30_20_09.F.15_01,9,2138
n8_HC,n8,tai30_20_09.F.15_01,10,2125
n8_HC,n8,tai30_20_09.F.15_01,11,2162
n8_HC,n8,tai30_20_09.F.15_01,12,2165
n8_HC,n8,tai30_20_09.F.15_01,13,2133
n8_HC,n8,tai30_20_09.F.15_01,14,2173
n8_HC,n8,tai30_20_09.F.15_01,15,2145
n8_HC,n8,tai30_20_09.F.15_01,16,2153
n8_HC,n8,tai30_20_09.F.15_01,17,2172
n8_HC,n8,tai30_20_09.F.15_01,18,2133
n8_HC,n8,tai30_20_09.F.15_01,19,2178
n8_HC,n8,tai30_20_09.F.15_01,20,2141
n8_HC,n8,tai30_20_09.F.15_01,21,2110
n8_HC,n8,tai30_20_09.F.15_01,22,2105
n8_HC,n8,tai30_20_09.F.15_01,23,2116
n8_HC,n8,tai30_20_09.F.15_01,24,2122
n8_HC,n8,tai30_20_09.F.15_01,25,2133
n8_HC,n8,tai30_20_09.F.15_01,26,2126
n8_HC,n8,tai30_20_09.F.15_01,27,2126
n8_HC,n8,tai30_20_09.F.15_01,28,2117
n8_HC,n8,tai30_20_09.F.15_01,29,2105
n8_HC,n8,tai30_20_09.F.15_01,30,2126
n8_HC,n8,tai30_20_10.F.15_01,1,2072
n8_HC,n8,tai30_20_10.F.15_01,2,2138
n8_HC,n8,tai30_20_10.F.15_01,3,2113
n8_HC,n8,tai30_20_10.F.15_01,4,2186
n8_HC,n8,tai30_20_10.F.15_01,5,2077
n8_HC,n8,tai30_20_10.F.15_01,6,2136
n8_HC,n8,tai30_20_10.F.15_01,7,2167
n8_HC,n8,tai30_20_10.F.15_01,8,2178
n8_HC,n8,tai30_20_10.F.15_01,9,2123
n8_HC,n8,tai30_20_10.F.15_01,10,2105
n8_HC,n8,tai30_20_10.F.15_01,11,2107
n8_HC,n8,tai30_20_10.F.15_01,12,2106
n8_HC,n8,tai30_20_10.F.15_01,13,2145
n8_HC,n8,tai30_20_10.F.15_01,14,2133
n8_HC,n8,tai30_20_10.F.15_01,15,2134
n8_HC,n8,tai30_20_10.F.15_01,16,2181
n8_HC,n8,tai30_20_10.F.15_01,17,2118
n8_HC,n8,tai30_20_10.F.15_01,18,2147
n8_HC,n8,tai30_20_10.F.15_01,19,2102
n8_HC,n8,tai30_20_10.F.15_01,20,2104
n8_HC,n8,tai30_20_10.F.15_01,21,2159
n8_HC,n8,tai30_20_10.F.15_01,22,2189
n8_HC,n8,tai30_20_10.F.15_01,23,2117
n8_HC,n8,tai30_20_10.F.15_01,24,2121
n8_HC,n8,tai30_20_10.F.15_01,25,2155
n8_HC,n8,tai30_20_10.F.15_01,26,2165
n8_HC,n8,tai30_20_10.F.15_01,27,2108
n8_HC,n8,tai30_20_10.F.15_01,28,2135
n8_HC,n8,tai30_20_10.F.15_01,29,2126
n8_HC,n8,tai30_20_10.F.15_01,30,2116
n8_HC,n8,tai50_15_01.F.15_01,1,2886
n8_HC,n8,tai50_15_01.F.15_01,2,2887
n8_HC,n8,tai50_15_01.F.15_01,3,2907
n8_HC,n8,tai50_15_01.F.15_01,4,2874
n8_HC,n8,tai50_15_01.F.15_01,5,2869
n8_HC,n8,tai50_15_01.F.15_01,6,2807
n8_HC,n8,tai50_15_01.F.15_01,7,2864
n8_HC,n8,tai50_15_01.F.15_01,8,2830
n8_HC,n8,tai50_15_01.F.15_01,9,2843
n8_HC,n8,tai50_15_01.F.15_01,10,2883
n8_HC,n8,tai50_15_01.F.15_01,11,2921
n8_HC,n8,tai50_15_01.F.15_01,12,2865
n8_HC,n8,tai50_15_01.F.15_01,13,2873
n8_HC,n8,tai50_15_01.F.15_01,14,2897
n8_HC,n8,tai50_15_01.F.15_01,15,2813
n8_HC,n8,tai50_15_01.F.15_01,16,2873
n8_HC,n8,tai50_15_01.F.15_01,17,2878
n8_HC,n8,tai50_15_01.F.15_01,18,2897
n8_HC,n8,tai50_15_01.F.15_01,19,2984
n8_HC,n8,tai50_15_01.F.15_01,20,2884
n8_HC,n8,tai50_15_01.F.15_01,21,2942
n8_HC,n8,tai50_15_01.F.15_01,22,2813
n8_HC,n8,tai50_15_01.F.15_01,23,2895
n8_HC,n8,tai50_15_01.F.15_01,24,2860
n8_HC,n8,tai50_15_01.F.15_01,25,2863
n8_HC,n8,tai50_15_01.F.15_01,26,2869
n8_HC,n8,tai50_15_01.F.15_01,27,2820
n8_HC,n8,tai50_15_01.F.15_01,28,2843
n8_HC,n8,tai50_15_01.F.15_01,29,2904
n8_HC,n8,tai50_15_01.F.15_01,30,2860
n8_HC,n8,tai50_15_02.F.15_01,1,2953
n8_HC,n8,tai50_15_02.F.15_01,2,2829
n8_HC,n8,tai50_15_02.F.15_01,3,2809
n8_HC,n8,tai50_15_02.F.15_01,4,2877
n8_HC,n8,tai50_15_02.F.15_01,5,2862
n8_HC,n8,tai50_15_02.F.15_01,6,2861
n8_HC,n8,tai50_15_02.F.15_01,7,2844
n8_HC,n8,tai50_15_02.F.15_01,8,2824
n8_HC,n8,tai50_15_02.F.15_01,9,2892
n8_HC,n8,tai50_15_02.F.15_01,10,2843
n8_HC,n8,tai50_15_02.F.15_01,11,2868
n8_HC,n8,tai50_15_02.F.15_01,12,2846
n8_HC,n8,tai50_15_02.F.15_01,13,2844
n8_HC,n8,tai50_15_02.F.15_01,14,2863
n8_HC,n8,tai50_15_02.F.15_01,15,2841
n8_HC,n8,tai50_15_02.F.15_01,16,2852
n8_HC,n8,tai50_15_02.F.15_01,17,2843
n8_HC,n8,tai50_15_02.F.15_01,18,2862
n8_HC,n8,tai50_15_02.F.15_01,19,2830
n8_HC,n8,tai50_15_02.F.15_01,20,2905
n8_HC,n8,tai50_15_02.F.15_01,21,2858
n8_HC,n8,tai50_15_02.F.15_01,22,2834
n8_HC,n8,tai50_15_02.F.15_01,23,2815
n8_HC,n8,tai50_15_02.F.15_01,24,2839
n8_HC,n8,tai50_15_02.F.15_01,25,2889
n8_HC,n8,tai50_15_02.F.15_01,26,2817
n8_HC,n8,tai50_15_02.F.15_01,27,2893
n8_HC,n8,tai50_15_02.F.15_01,28,2874
n8_HC,n8,tai50_15_02.F.15_01,29,2799
n8_HC,n8,tai50_15_02.F.15_01,30,2856
n8_HC,n8,tai50_15_03.F.15_01,1,2833
n8_HC,n8,tai50_15_03.F.15_01,2,2752
n8_HC,n8,tai50_15_03.F.15_01,3,2794
n8_HC,n8,tai50_15_03.F.15_01,4,2767
n8_HC,n8,tai50_15_03.F.15_01,5,2840
n8_HC,n8,tai50_15_03.F.15_01,6,2760
n8_HC,n8,tai50_15_03.F.15_01,7,2847
n8_HC,n8,tai50_15_03.F.15_01,8,2803
n8_HC,n8,tai50_15_03.F.15_01,9,2812
n8_HC,n8,tai50_15_03.F.15_01,10,2760
n8_HC,n8,tai50_15_03.F.15_01,11,2807
n8_HC,n8,tai50_15_03.F.15_01,12,2753
n8_HC,n8,tai50_15_03.F.15_01,13,2819
n8_HC,n8,tai50_15_03.F.15_01,14,2806
n8_HC,n8,tai50_15_03.F.15_01,15,2789
n8_HC,n8,tai50_15_03.F.15_01,16,2793
n8_HC,n8,tai50_15_03.F.15_01,17,2792
n8_HC,n8,tai50_15_03.F.15_01,18,2794
n8_HC,n8,tai50_15_03.F.15_01,19,2777
n8_HC,n8,tai50_15_03.F.15_01,20,2815
n8_HC,n8,tai50_15_03.F.15_01,21,2748
n8_HC,n8,tai50_15_03.F.15_01,22,2796
n8_HC,n8,tai50_15_03.F.15_01,23,2760
n8_HC,n8,tai50_15_03.F.15_01,24,2750
n8_HC,n8,tai50_15_03.F.15_01,25,2817
n8_HC,n8,tai50_15_03.F.15_01,26,2785
n8_HC,n8,tai50_15_03.F.15_01,27,2768
n8_HC,n8,tai50_15_03.F.15_01,28,2778
n8_HC,n8,tai50_15_03.F.15_01,29,2786
n8_HC,n8,tai50_15_03.F.15_01,30,2842
n8_HC,n8,tai50_15_04.F.15_01,1,2839
n8_HC,n8,tai50_15_04.F.15_01,2,2881
n8_HC,n8,tai50_15_04.F.15_01,3,2854
n8_HC,n8,tai50_15_04.F.15_01,4,2854
n8_HC,n8,tai50_15_04.F.15_01,5,2897
n8_HC,n8,tai50_15_04.F.15_01,6,2854
n8_HC,n8,tai50_15_04.F.15_01,7,2839
n8_HC,n8,tai50_15_04.F.15_01,8,2862
n8_HC,n8,tai50_15_04.F.15_01,9,2854
n8_HC,n8,tai50_15_04.F.15_01,10,2875
n8_HC,n8,tai50_15_04.F.15_01,11,2861
n8_HC,n8,tai50_15_04.F.15_01,12,2877
n8_HC,n8,tai50_15_04.F.15_01,13,2854
n8_HC,n8,tai50_15_04.F.15_01,14,2880
n8_HC,n8,tai50_15_04.F.15_01,15,2876
n8_HC,n8,tai50_15_04.F.15_01,16,2896
n8_HC,n8,tai50_15_04.F.15_01,17,2871
n8_HC,n8,tai50_15_04.F.15_01,18,2895
n8_HC,n8,tai50_15_04.F.15_01,19,2884
n8_HC,n8,tai50_15_04.F.15_01,20,2875
n8_HC,n8,tai50_15_04.F.15_01,21,2883
n8_HC,n8,tai50_15_04.F.15_01,22,2873
n8_HC,n8,tai50_15_04.F.15_01,23,2860
n8_HC,n8,tai50_15_04.F.15_01,24,2860
n8_HC,n8,tai50_15_04.F.15_01,25,2860
n8_HC,n8,tai50_15_04.F.15_01,26,2854
n8_HC,n8,tai50_15_04.F.15_01,27,2888
n8_HC,n8,tai50_15_04.F.15_01,28,2854
n8_HC,n8,tai50_15_04.F.15_01,29,2858
n8_HC,n8,tai50_15_04.F.15_01,30,2869
n8_HC,n8,tai50_15_05.F.15_01,1,2864
n8_HC,n8,tai50_15_05.F.15_01,2,2819
n8_HC,n8,tai50_15_05.F.15_01,3,2767
n8_HC,n8,tai50_15_05.F.15_01,4,2842
n8_HC,n8,tai50_15_05.F.15_01,5,2823
n8_HC,n8,tai50_15_05.F.15_01,6,2848
n8_HC,n8,tai50_15_05.F.15_01,7,2858
n8_HC,n8,tai50_15_05.F.15_01,8,2831
n8_HC,n8,tai50_15_05.F.15_01,9,2831
n8_HC,n8,tai50_15_05.F.15_01,10,2806
n8_HC,n8,tai50_15_05.F.15_01,11,2865
n8_HC,n8,tai50_15_05.F.15_01,12,2837
n8_HC,n8,tai50_15_05.F.15_01,13,2804
n8_HC,n8,tai50_15_05.F.15_01,14,2857
n8_HC,n8,tai50_15_05.F.15_01,15,2771
n8_HC,n8,tai50_15_05.F.15_01,16,2851
n8_HC,n8,tai50_15_05.F.15_01,17,2845
n8_HC,n8,tai50_15_05.F.15_01,18,2844
n8_HC,n8,tai50_15_05.F.15_01,19,2814
n8_HC,n8,tai50_15_05.F.15_01,20,2821
n8_HC,n8,tai50_15_05.F.15_01,21,2774
n8_HC,n8,tai50_15_05.F.15_01,22,2820
n8_HC,n8,tai50_15_05.F.15_01,23,2758
n8_HC,n8,tai50_15_05.F.15_01,24,2860
n8_HC,n8,tai50_15_05.F.15_01,25,2820
n8_HC,n8,tai50_15_05.F.15_01,26,2866
n8_HC,n8,tai50_15_05.F.15_01,27,2851
n8_HC,n8,tai50_15_05.F.15_01,28,2819
n8_HC,n8,tai50_15_05.F.15_01,29,2786
n8_HC,n8,tai50_15_05.F.15_01,30,2848
n8_HC,n8,tai50_15_06.F.15_01,1,2849
n8_HC,n8,tai50_15_06.F.15_01,2,2831
n8_HC,n8,tai50_15_06.F.15_01,3,2838
n8_HC,n8,tai50_15_06.F.15_01,4,2870
n8_HC,n8,tai50_15_06.F.15_01,5,2807
n8_HC,n8,tai50_15_06.F.15_01,6,2851
n8_HC,n8,tai50_15_06.F.15_01,7,2833
n8_HC,n8,tai50_15_06.F.15_01,8,2879
n8_HC,n8,tai50_15_06.F.15_01,9,2859
n8_HC,n8,tai50_15_06.F.15_01,10,2852
n8_HC,n8,tai50_15_06.F.15_01,11,2900
n8_HC,n8,tai50_15_06.F.15_01,12,2897
n8_HC,n8,tai50_15_06.F.15_01,13,2878
n8_HC,n8,tai50_15_06.F.15_01,14,2811
n8_HC,n8,tai50_15_06.F.15_01,15,2799
n8_HC,n8,tai50_15_06.F.15_01,16,2838
n8_HC,n8,tai50_15_06.F.15_01,17,2849
n8_HC,n8,tai50_15_06.F.15_01,18,2841
n8_HC,n8,tai50_15_06.F.15_01,19,2814
n8_HC,n8,tai50_15_06.F.15_01,20,2929
n8_HC,n8,tai50_15_06.F.15_01,21,2841
n8_HC,n8,tai50_15_06.F.15_01,22,2852
n8_HC,n8,tai50_15_06.F.15_01,23,2889
n8_HC,n8,tai50_15_06.F.15_01,24,2840
n8_HC,n8,tai50_15_06.F.15_01,25,2862
n8_HC,n8,tai50_15_06.F.15_01,26,2859
n8_HC,n8,tai50_15_06.F.15_01,27,2833
n8_HC,n8,tai50_15_06.F.15_01,28,2975
n8_HC,n8,tai50_15_06.F.15_01,29,2891
n8_HC,n8,tai50_15_06.F.15_01,30,2882
n8_HC,n8,tai50_15_07.F.15_01,1,2973
n8_HC,n8,tai50_15_07.F.15_01,2,2969
n8_HC,n8,tai50_15_07.F.15_01,3,2995
n8_HC,n8,tai50_15_07.F.15_01,4,2943
n8_HC,n8,tai50_15_07.F.15_01,5,3007
n8_HC,n8,tai50_15_07.F.15_01,6,3007
n8_HC,n8,tai50_15_07.F.15_01,7,3014
n8_HC,n8,tai50_15_07.F.15_01,8,3049
n8_HC,n8,tai50_15_07.F.15_01,9,3008
n8_HC,n8,tai50_15_07.F.15_01,10,3020
n8_HC,n8,tai50_15_07.F.15_01,11,2963
n8_HC,n8,tai50_15_07.F.15_01,12,3064
n8_HC,n8,tai50_15_07.F.15_01,13,3056
n8_HC,n8,tai50_15_07.F.15_01,14,3019
n8_HC,n8,tai50_15_07.F.15_01,15,2960
n8_HC,n8,tai50_15_07.F.15_01,16,3002
n8_HC,n8,tai50_15_07.F.15_01,17,2995
n8_HC,n8,tai50_15_07.F.15_01,18,2955
n8_HC,n8,tai50_15_07.F.15_01,19,2989
n8_HC,n8,tai50_15_07.F.15_01,20,3038
n8_HC,n8,tai50_15_07.F.15_01,21,2949
n8_HC,n8,tai50_15_07.F.15_01,22,2962
n8_HC,n8,tai50_15_07.F.15_01,23,2965
n8_HC,n8,tai50_15_07.F.15_01,24,3005
n8_HC,n8,tai50_15_07.F.15_01,25,2994
n8_HC,n8,tai50_15_07.F.15_01,26,2957
n8_HC,n8,tai50_15_07.F.15_01,27,3055
n8_HC,n8,tai50_15_07.F.15_01,28,3014
n8_HC,n8,tai50_15_07.F.15_01,29,2995
n8_HC,n8,tai50_15_07.F.15_01,30,3021
n8_HC,n8,tai50_15_08.F.15_01,1,2946
n8_HC,n8,tai50_15_08.F.15_01,2,2939
n8_HC,n8,tai50_15_08.F.15_01,3,2916
n8_HC,n8,tai50_15_08.F.15_01,4,2918
n8_HC,n8,tai50_15_08.F.15_01,5,2955
n8_HC,n8,tai50_15_08.F.15_01,6,2970
n8_HC,n8,tai50_15_08.F.15_01,7,2947
n8_HC,n8,tai50_15_08.F.15_01,8,2968
n8_HC,n8,tai50_15_08.F.15_01,9,2983
n8_HC,n8,tai50_15_08.F.15_01,10,2927
n8_HC,n8,tai50_15_08.F.15_01,11,2966
n8_HC,n8,tai50_15_08.F.15_01,12,2982
n8_HC,n8,tai50_15_08.F.15_01,13,2965
n8_HC,n8,tai50_15_08.F.15_01,14,2935
n8_HC,n8,tai50_15_08.F.15_01,15,2979
n8_HC,n8,tai50_15_08.F.15_01,16,2912
n8_HC,n8,tai50_15_08.F.15_01,17,2885
n8_HC,n8,tai50_15_08.F.15_01,18,2961
n8_HC,n8,tai50_15_08.F.15_01,19,2948
n8_HC,n8,tai50_15_08.F.15_01,20,2936
n8_HC,n8,tai50_15_08.F.15_01,21,2938
n8_HC,n8,tai50_15_08.F.15_01,22,2929
n8_HC,n8,tai50_15_08.F.15_01,23,3042
n8_HC,n8,tai50_15_08.F.15_01,24,2937
n8_HC,n8,tai50_15_08.F.15_01,25,2917
n8_HC,n8,tai50_15_08.F.15_01,26,2910
n8_HC,n8,tai50_15_08.F.15_01,27,3011
n8_HC,n8,tai50_15_08.F.15_01,28,2936
n8_HC,n8,tai50_15_08.F.15_01,29,2918
n8_HC,n8,tai50_15_08.F.15_01,30,2909
n8_HC,n8,tai50_15_09.F.15_01,1,2764
n8_HC,n8,tai50_15_09.F.15_01,2,2782
n8_HC,n8,tai50_15_09.F.15_01,3,2751
n8_HC,n8,tai50_15_09.F.15_01,4,2794
n8_HC,n8,tai50_15_09.F.15_01,5,2791
n8_HC,n8,tai50_15_09.F.15_01,6,2785
n8_HC,n8,tai50_15_09.F.15_01,7,2796
n8_HC,n8,tai50_15_09.F.15_01,8,2797
n8_HC,n8,tai50_15_09.F.15_01,9,2795
n8_HC,n8,tai50_15_09.F.15_01,10,2753
n8_HC,n8,tai50_15_09.F.15_01,11,2743
n8_HC,n8,tai50_15_09.F.15_01,12,2829
n8_HC,n8,tai50_15_09.F.15_01,13,2782
n8_HC,n8,tai50_15_09.F.15_01,14,2783
n8_HC,n8,tai50_15_09.F.15_01,15,2765
n8_HC,n8,tai50_15_09.F.15_01,16,2795
n8_HC,n8,tai50_15_09.F.15_01,17,2793
n8_HC,n8,tai50_15_09.F.15_01,18,2750
n8_HC,n8,tai50_15_09.F.15_01,19,2775
n8_HC,n8,tai50_15_09.F.15_01,20,2777
n8_HC,n8,tai50_15_09.F.15_01,21,2794
n8_HC,n8,tai50_15_09.F.15_01,22,2730
n8_HC,n8,tai50_15_09.F.15_01,23,2841
n8_HC,n8,tai50_15_09.F.15_01,24,2781
n8_HC,n8,tai50_15_09.F.15_01,25,2783
n8_HC,n8,tai50_15_09.F.15_01,26,2812
n8_HC,n8,tai50_15_09.F.15_01,27,2760
n8_HC,n8,tai50_15_09.F.15_01,28,2797
n8_HC,n8,tai50_15_09.F.15_01,29,2808
n8_HC,n8,tai50_15_09.F.15_01,30,2854
n8_HC,n8,tai50_15_10.F.15_01,1,2839
n8_HC,n8,tai50_15_10.F.15_01,2,2824
n8_HC,n8,tai50_15_10.F.15_01,3,2826
n8_HC,n8,tai50_15_10.F.15_01,4,2815
n8_HC,n8,tai50_15_10.F.15_01,5,2805
n8_HC,n8,tai50_15_10.F.15_01,6,2806
n8_HC,n8,tai50_15_10.F.15_01,7,2802
n8_HC,n8,tai50_15_10.F.15_01,8,2811
n8_HC,n8,tai50_15_10.F.15_01,9,2807
n8_HC,n8,tai50_15_10.F.15_01,10,2826
n8_HC,n8,tai50_15_10.F.15_01,11,2827
n8_HC,n8,tai50_15_10.F.15_01,12,2849
n8_HC,n8,tai50_15_10.F.15_01,13,2806
n8_HC,n8,tai50_15_10.F.15_01,14,2818
n8_HC,n8,tai50_15_10.F.15_01,15,2827
n8_HC,n8,tai50_15_10.F.15_01,16,2827
n8_HC,n8,tai50_15_10.F.15_01,17,2866
n8_HC,n8,tai50_15_10.F.15_01,18,2851
n8_HC,n8,tai50_15_10.F.15_01,19,2810
n8_HC,n8,tai50_15_10.F.15_01,20,2804
n8_HC,n8,tai50_15_10.F.15_01,21,2884
n8_HC,n8,tai50_15_10.F.15_01,22,2806
n8_HC,n8,tai50_15_10.F.15_01,23,2862
n8_HC,n8,tai50_15_10.F.15_01,24,2857
n8_HC,n8,tai50_15_10.F.15_01,25,2788
n8_HC,n8,tai50_15_10.F.15_01,26,2837
n8_HC,n8,tai50_15_10.F.15_01,27,2826
n8_HC,n8,tai50_15_10.F.15_01,28,2816
n8_HC,n8,tai50_15_10.F.15_01,29,2859
n8_HC,n8,tai50_15_10.F.15_01,30,2870
n8_HC,n8,tai50_20_01.F.15_01,1,3080
n8_HC,n8,tai50_20_01.F.15_01,2,3112
n8_HC,n8,tai50_20_01.F.15_01,3,3050
n8_HC,n8,tai50_20_01.F.15_01,4,3061
n8_HC,n8,tai50_20_01.F.15_01,5,3111
n8_HC,n8,tai50_20_01.F.15_01,6,3069
n8_HC,n8,tai50_20_01.F.15_01,7,3048
n8_HC,n8,tai50_20_01.F.15_01,8,3055
n8_HC,n8,tai50_20_01.F.15_01,9,3135
n8_HC,n8,tai50_20_01.F.15_01,10,3005
n8_HC,n8,tai50_20_01.F.15_01,11,3025
n8_HC,n8,tai50_20_01.F.15_01,12,3084
n8_HC,n8,tai50_20_01.F.15_01,13,3137
n8_HC,n8,tai50_20_01.F.15_01,14,3087
n8_HC,n8,tai50_20_01.F.15_01,15,3039
n8_HC,n8,tai50_20_01.F.15_01,16,3059
n8_HC,n8,tai50_20_01.F.15_01,17,3085
n8_HC,n8,tai50_20_01.F.15_01,18,3109
n8_HC,n8,tai50_20_01.F.15_01,19,3083
n8_HC,n8,tai50_20_01.F.15_01,20,3163
n8_HC,n8,tai50_20_01.F.15_01,21,3028
n8_HC,n8,tai50_20_01.F.15_01,22,3073
n8_HC,n8,tai50_20_01.F.15_01,23,3037
n8_HC,n8,tai50_20_01.F.15_01,24,3082
n8_HC,n8,tai50_20_01.F.15_01,25,3055
n8_HC,n8,tai50_20_01.F.15_01,26,3102
n8_HC,n8,tai50_20_01.F.15_01,27,3048
n8_HC,n8,tai50_20_01.F.15_01,28,3126
n8_HC,n8,tai50_20_01.F.15_01,29,3083
n8_HC,n8,tai50_20_01.F.15_01,30,3033
n8_HC,n8,tai50_20_02.F.15_01,1,3113
n8_HC,n8,tai50_20_02.F.15_01,2,3065
n8_HC,n8,tai50_20_02.F.15_01,3,3100
n8_HC,n8,tai50_20_02.F.15_01,4,3101
n8_HC,n8,tai50_20_02.F.15_01,5,3149
n8_HC,n8,tai50_20_02.F.15_01,6,3176
n8_HC,n8,tai50_20_02.F.15_01,7,3133
n8_HC,n8,tai50_20_02.F.15_01,8,3166
n8_HC,n8,tai50_20_02.F.15_01,9,3084
n8_HC,n8,tai50_20_02.F.15_01,10,3203
n8_HC,n8,tai50_20_02.F.15_01,11,3103
n8_HC,n8,tai50_20_02.F.15_01,12,3164
n8_HC,n8,tai50_20_02.F.15_01,13,3136
n8_HC,n8,tai50_20_02.F.15_01,14,3086
n8_HC,n8,tai50_20_02.F.15_01,15,3134
n8_HC,n8,tai50_20_02.F.15_01,16,3109
n8_HC,n8,tai50_20_02.F.15_01,17,3121
n8_HC,n8,tai50_20_02.F.15_01,18,3169
n8_HC,n8,tai50_20_02.F.15_01,19,3101
n8_HC,n8,tai50_20_02.F.15_01,20,3146
n8_HC,n8,tai50_20_02.F.15_01,21,3132
n8_HC,n8,tai50_20_02.F.15_01,22,3143
n8_HC,n8,tai50_20_02.F.15_01,23,3171
n8_HC,n8,tai50_20_02.F.15_01,24,3102
n8_HC,n8,tai50_20_02.F.15_01,25,3132
n8_HC,n8,tai50_20_02.F.15_01,26,3148
n8_HC,n8,tai50_20_02.F.15_01,27,3164
n8_HC,n8,tai50_20_02.F.15_01,28,3122
n8_HC,n8,tai50_20_02.F.15_01,29,3115
n8_HC,n8,tai50_20_02.F.15_01,30,3171
n8_HC,n8,tai50_20_03.F.15_01,1,2966
n8_HC,n8,tai50_20_03.F.15_01,2,2954
n8_HC,n8,tai50_20_03.F.15_01,3,2905
n8_HC,n8,tai50_20_03.F.15_01,4,2966
n8_HC,n8,tai50_20_03.F.15_01,5,2965
n8_HC,n8,tai50_20_03.F.15_01,6,2969
n8_HC,n8,tai50_20_03.F.15_01,7,2931
n8_HC,n8,tai50_20_03.F.15_01,8,2937
n8_HC,n8,tai50_20_03.F.15_01,9,2924
n8_HC,n8,tai50_20_03.F.15_01,10,2903
n8_HC,n8,tai50_20_03.F.15_01,11,2979
n8_HC,n8,tai50_20_03.F.15_01,12,2919
n8_HC,n8,tai50_20_03.F.15_01,13,2967
n8_HC,n8,tai50_20_03.F.15_01,14,2919
n8_HC,n8,tai50_20_03.F.15_01,15,2970
n8_HC,n8,tai50_20_03.F.15_01,16,3009
n8_HC,n8,tai50_20_03.F.15_01,17,2935
n8_HC,n8,tai50_20_03.F.15_01,18,2946
n8_HC,n8,tai50_20_03.F.15_01,19,2971
n8_HC,n8,tai50_20_03.F.15_01,20,2918
n8_HC,n8,tai50_20_03.F.15_01,21,2952
n8_HC,n8,tai50_20_03.F.15_01,22,2976
n8_HC,n8,tai50_20_03.F.15_01,23,2988
n8_HC,n8,tai50_20_03.F.15_01,24,2934
n8_HC,n8,tai50_20_03.F.15_01,25,2959
n8_HC,n8,tai50_20_03.F.15_01,26,2944
n8_HC,n8,tai50_20_03.F.15_01,27,2905
n8_HC,n8,tai50_20_03.F.15_01,28,2931
n8_HC,n8,tai50_20_03.F.15_01,29,2945
n8_HC,n8,tai50_20_03.F.15_01,30,2969
n8_HC,n8,tai50_20_04.F.15_01,1,2895
n8_HC,n8,tai50_20_04.F.15_01,2,2904
n8_HC,n8,tai50_20_04.F.15_01,3,2810
n8_HC,n8,tai50_20_04.F.15_01,4,2867
n8_HC,n8,tai50_20_04.F.15_01,5,2897
n8_HC,n8,tai50_20_04.F.15_01,6,2917
n8_HC,n8,tai50_20_04.F.15_01,7,2864
n8_HC,n8,tai50_20_04.F.15_01,8,2894
n8_HC,n8,tai50_20_04.F.15_01,9,2844
n8_HC,n8,tai50_20_04.F.15_01,10,2799
n8_HC,n8,tai50_20_04.F.15_01,11,2866
n8_HC,n8,tai50_20_04.F.15_01,12,2877
n8_HC,n8,tai50_20_04.F.15_01,13,2881
n8_HC,n8,tai50_20_04.F.15_01,14,2895
n8_HC,n8,tai50_20_04.F.15_01,15,2929
n8_HC,n8,tai50_20_04.F.15_01,16,2859
n8_HC,n8,tai50_20_04.F.15_01,17,2878
n8_HC,n8,tai50_20_04.F.15_01,18,2810
n8_HC,n8,tai50_20_04.F.15_01,19,2876
n8_HC,n8,tai50_20_04.F.15_01,20,2846
n8_HC,n8,tai50_20_04.F.15_01,21,2883
n8_HC,n8,tai50_20_04.F.15_01,22,2897
n8_HC,n8,tai50_20_04.F.15_01,23,2875
n8_HC,n8,tai50_20_04.F.15_01,24,2852
n8_HC,n8,tai50_20_04.F.15_01,25,2871
n8_HC,n8,tai50_20_04.F.15_01,26,2891
n8_HC,n8,tai50_20_04.F.15_01,27,2885
n8_HC,n8,tai50_20_04.F.15_01,28,2845
n8_HC,n8,tai50_20_04.F.15_01,29,2876
n8_HC,n8,tai50_20_04.F.15_01,30,2847
n8_HC,n8,tai50_20_05.F.15_01,1,2896
n8_HC,n8,tai50_20_05.F.15_01,2,2998
n8_HC,n8,tai50_20_05.F.15_01,3,2935
n8_HC,n8,tai50_20_05.F.15_01,4,2884
n8_HC,n8,tai50_20_05.F.15_01,5,2916
n8_HC,n8,tai50_20_05.F.15_01,6,2939
n8_HC,n8,tai50_20_05.F.15_01,7,2900
n8_HC,n8,tai50_20_05.F.15_01,8,2906
n8_HC,n8,tai50_20_05.F.15_01,9,2951
n8_HC,n8,tai50_20_05.F.15_01,10,2892
n8_HC,n8,tai50_20_05.F.15_01,11,2948
n8_HC,n8,tai50_20_05.F.15_01,12,2943
n8_HC,n8,tai50_20_05.F.15_01,13,2911
n8_HC,n8,tai50_20_05.F.15_01,14,2895
n8_HC,n8,tai50_20_05.F.15_01,15,2935
n8_HC,n8,tai50_20_05.F.15_01,16,2928
n8_HC,n8,tai50_20_05.F.15_01,17,2949
n8_HC,n8,tai50_20_05.F.15_01,18,2903
n8_HC,n8,tai50_20_05.F.15_01,19,2950
n8_HC,n8,tai50_20_05.F.15_01,20,2914
n8_HC,n8,tai50_20_05.F.15_01,21,2941
n8_HC,n8,tai50_20_05.F.15_01,22,2898
n8_HC,n8,tai50_20_05.F.15_01,23,2956
n8_HC,n8,tai50_20_05.F.15_01,24,2914
n8_HC,n8,tai50_20_05.F.15_01,25,2926
n8_HC,n8,tai50_20_05.F.15_01,26,2914
n8_HC,n8,tai50_20_05.F.15_01,27,2946
n8_HC,n8,tai50_20_05.F.15_01,28,2920
n8_HC,n8,tai50_20_05.F.15_01,29,2969
n8_HC,n8,tai50_20_05.F.15_01,30,2895
n8_HC,n8,tai50_20_06.F.15_01,1,3118
n8_HC,n8,tai50_20_06.F.15_01,2,3060
n8_HC,n8,tai50_20_06.F.15_01,3,3094
n8_HC,n8,tai50_20_06.F.15_01,4,2997
n8_HC,n8,tai50_20_06.F.15_01,5,3002
n8_HC,n8,tai50_20_06.F.15_01,6,2991
n8_HC,n8,tai50_20_06.F.15_01,7,3081
n8_HC,n8,tai50_20_06.F.15_01,8,3062
n8_HC,n8,tai50_20_06.F.15_01,9,3016
n8_HC,n8,tai50_20_06.F.15_01,10,3011
n8_HC,n8,tai50_20_06.F.15_01,11,3038
n8_HC,n8,tai50_20_06.F.15_01,12,3037
n8_HC,n8,tai50_20_06.F.15_01,13,3056
n8_HC,n8,tai50_20_06.F.15_01,14,3008
n8_HC,n8,tai50_20_06.F.15_01,15,2985
n8_HC,n8,tai50_20_06.F.15_01,16,3021
n8_HC,n8,tai50_20_06.F.15_01,17,3018
n8_HC,n8,tai50_20_06.F.15_01,18,2985
n8_HC,n8,tai50_20_06.F.15_01,19,3000
n8_HC,n8,tai50_20_06.F.15_01,20,3048
n8_HC,n8,tai50_20_06.F.15_01,21,3023
n8_HC,n8,tai50_20_06.F.15_01,22,3035
n8_HC,n8,tai50_20_06.F.15_01,23,3050
n8_HC,n8,tai50_20_06.F.15_01,24,3064
n8_HC,n8,tai50_20_06.F.15_01,25,3018
n8_HC,n8,tai50_20_06.F.15_01,26,3011
n8_HC,n8,tai50_20_06.F.15_01,27,3013
n8_HC,n8,tai50_20_06.F.15_01,28,3065
n8_HC,n8,tai50_20_06.F.15_01,29,3014
n8_HC,n8,tai50_20_06.F.15_01,30,2999
n8_HC,n8,tai50_20_07.F.15_01,1,3039
n8_HC,n8,tai50_20_07.F.15_01,2,3088
n8_HC,n8,tai50_20_07.F.15_01,3,2997
n8_HC,n8,tai50_20_07.F.15_01,4,3041
n8_HC,n8,tai50_20_07.F.15_01,5,3002
n8_HC,n8,tai50_20_07.F.15_01,6,2980
n8_HC,n8,tai50_20_07.F.15_01,7,3014
n8_HC,n8,tai50_20_07.F.15_01,8,3022
n8_HC,n8,tai50_20_07.F.15_01,9,3107
n8_HC,n8,tai50_20_07.F.15_01,10,3008
n8_HC,n8,tai50_20_07.F.15_01,11,2976
n8_HC,n8,tai50_20_07.F.15_01,12,3040
n8_HC,n8,tai50_20_07.F.15_01,13,3022
n8_HC,n8,tai50_20_07.F.15_01,14,3035
n8_HC,n8,tai50_20_07.F.15_01,15,3009
n8_HC,n8,tai50_20_07.F.15_01,16,3035
n8_HC,n8,tai50_20_07.F.15_01,17,3149
n8_HC,n8,tai50_20_07.F.15_01,18,2997
n8_HC,n8,tai50_20_07.F.15_01,19,2981
n8_HC,n8,tai50_20_07.F.15_01,20,2997
n8_HC,n8,tai50_20_07.F.15_01,21,3053
n8_HC,n8,tai50_20_07.F.15_01,22,3057
n8_HC,n8,tai50_20_07.F.15_01,23,3013
n8_HC,n8,tai50_20_07.F.15_01,24,2978
n8_HC,n8,tai50_20_07.F.15_01,25,3048
n8_HC,n8,tai50_20_07.F.15_01,26,2997
n8_HC,n8,tai50_20_07.F.15_01,27,3072
n8_HC,n8,tai50_20_07.F.15_01,28,3064
n8_HC,n8,tai50_20_07.F.15_01,29,3038
n8_HC,n8,tai50_20_07.F.15_01,30,3031
n8_HC,n8,tai50_20_08.F.15_01,1,2937
n8_HC,n8,tai50_20_08.F.15_01,2,2935
n8_HC,n8,tai50_20_08.F.15_01,3,2947
n8_HC,n8,tai50_20_08.F.15_01,4,2975
n8_HC,n8,tai50_20_08.F.15_01,5,2911
n8_HC,n8,tai50_20_08.F.15_01,6,2962
n8_HC,n8,tai50_20_08.F.15_01,7,2953
n8_HC,n8,tai50_20_08.F.15_01,8,3007
n8_HC,n8,tai50_20_08.F.15_01,9,2905
n8_HC,n8,tai50_20_08.F.15_01,10,2932
n8_HC,n8,tai50_20_08.F.15_01,11,2913
n8_HC,n8,tai50_20_08.F.15_01,12,2924
n8_HC,n8,tai50_20_08.F.15_01,13,2996
n8_HC,n8,tai50_20_08.F.15_01,14,2939
n8_HC,n8,tai50_20_08.F.15_01,15,2958
n8_HC,n8,tai50_20_08.F.15_01,16,2904
n8_HC,n8,tai50_20_08.F.15_01,17,2937
n8_HC,n8,tai50_20_08.F.15_01,18,2926
n8_HC,n8,tai50_20_08.F.15_01,19,2919
n8_HC,n8,tai50_20_08.F.15_01,20,2934
n8_HC,n8,tai50_20_08.F.15_01,21,2923
n8_HC,n8,tai50_20_08.F.15_01,22,3009
n8_HC,n8,tai50_20_08.F.15_01,23,3008
n8_HC,n8,tai50_20_08.F.15_01,24,2982
n8_HC,n8,tai50_20_08.F.15_01,25,2893
n8_HC,n8,tai50_20_08.F.15_01,26,2944
n8_HC,n8,tai50_20_08.F.15_01,27,2922
n8_HC,n8,tai50_20_08.F.15_01,28,2873
n8_HC,n8,tai50_20_08.F.15_01,29,3003
n8_HC,n8,tai50_20_08.F.15_01,30,2933
n8_HC,n8,tai50_20_09.F.15_01,1,3222
n8_HC,n8,tai50_20_09.F.15_01,2,3252
n8_HC,n8,tai50_20_09.F.15_01,3,3187
n8_HC,n8,tai50_20_09.F.15_01,4,3191
n8_HC,n8,tai50_20_09.F.15_01,5,3246
n8_HC,n8,tai50_20_09.F.15_01,6,3244
n8_HC,n8,tai50_20_09.F.15_01,7,3223
n8_HC,n8,tai50_20_09.F.15_01,8,3230
n8_HC,n8,tai50_20_09.F.15_01,9,3245
n8_HC,n8,tai50_20_09.F.15_01,10,3267
n8_HC,n8,tai50_20_09.F.15_01,11,3211
n8_HC,n8,tai50_20_09.F.15_01,12,3206
n8_HC,n8,tai50_20_09.F.15_01,13,3289
n8_HC,n8,tai50_20_09.F.15_01,14,3234
n8_HC,n8,tai50_20_09.F.15_01,15,3185
n8_HC,n8,tai50_20_09.F.15_01,16,3250
n8_HC,n8,tai50_20_09.F.15_01,17,3202
n8_HC,n8,tai50_20_09.F.15_01,18,3220
n8_HC,n8,tai50_20_09.F.15_01,19,3250
n8_HC,n8,tai50_20_09.F.15_01,20,3194
n8_HC,n8,tai50_20_09.F.15_01,21,3225
n8_HC,n8,tai50_20_09.F.15_01,22,3198
n8_HC,n8,tai50_20_09.F.15_01,23,3205
n8_HC,n8,tai50_20_09.F.15_01,24,3218
n8_HC,n8,tai50_20_09.F.15_01,25,3257
n8_HC,n8,tai50_20_09.F.15_01,26,3287
n8_HC,n8,tai50_20_09.F.15_01,27,3246
n8_HC,n8,tai50_20_09.F.15_01,28,3277
n8_HC,n8,tai50_20_09.F.15_01,29,3230
n8_HC,n8,tai50_20_09.F.15_01,30,3230
n8_HC,n8,tai50_20_10.F.15_01,1,3253
n8_HC,n8,tai50_20_10.F.15_01,2,3243
n8_HC,n8,tai50_20_10.F.15_01,3,3219
n8_HC,n8,tai50_20_10.F.15_01,4,3257
n8_HC,n8,tai50_20_10.F.15_01,5,3184
n8_HC,n8,tai50_20_10.F.15_01,6,3194
n8_HC,n8,tai50_20_10.F.15_01,7,3194
n8_HC,n8,tai50_20_10.F.15_01,8,3231
n8_HC,n8,tai50_20_10.F.15_01,9,3219
n8_HC,n8,tai50_20_10.F.15_01,10,3217
n8_HC,n8,tai50_20_10.F.15_01,11,3257
n8_HC,n8,tai50_20_10.F.15_01,12,3211
n8_HC,n8,tai50_20_10.F.15_01,13,3255
n8_HC,n8,tai50_20_10.F.15_01,14,3202
n8_HC,n8,tai50_20_10.F.15_01,15,3240
n8_HC,n8,tai50_20_10.F.15_01,16,3209
n8_HC,n8,tai50_20_10.F.15_01,17,3192
n8_HC,n8,tai50_20_10.F.15_01,18,3229
n8_HC,n8,tai50_20_10.F.15_01,19,3211
n8_HC,n8,tai50_20_10.F.15_01,20,3256
n8_HC,n8,tai50_20_10.F.15_01,21,3236
n8_HC,n8,tai50_20_10.F.15_01,22,3195
n8_HC,n8,tai50_20_10.F.15_01,23,3244
n8_HC,n8,tai50_20_10.F.15_01,24,3203
n8_HC,n8,tai50_20_10.F.15_01,25,3189
n8_HC,n8,tai50_20_10.F.15_01,26,3258
n8_HC,n8,tai50_20_10.F.15_01,27,3225
n8_HC,n8,tai50_20_10.F.15_01,28,3234
n8_HC,n8,tai50_20_10.F.15_01,29,3225
n8_HC,n8,tai50_20_10.F.15_01,30,3216
